id,inn,half,scoreA,scoreB,ball,strk,out,b1,b2,b3,b1Idx,b2Idx,b3Idx,pCnt,pSec,pName,pHand,pType,pPow,spdK,zoneX,zoneY,startX,startY,targetX,targetY,zDist,pitchAngle,pOver,pSide,pUnder,call,balk,sH,sV,gyro,plx,plz,bSwing,bIdx,bPos,bZone,bName,bHCm,batLen,batCen,batType,bFps,bOS,bVR,hSec,rotS,rotL,shS,lgS,prepS,batSpd,ev,ldeg,sdeg,hPos,buntGrip,handDist,angVeloX,angVeloY,angVeloZ,PPosX,PPosY,PThrSpd,CName,CPosX,CPosY,CThrSpd,1BName,1BPosX,1BPosY,1BThrSpd,2BName,2BPosX,2BPosY,2BThrSpd,3BName,3BPosX,3BPosY,3BThrSpd,SSName,SSPosX,SSPosY,SSThrSpd,LFName,LFPosX,LFPosY,LFThrSpd,CFName,CFPosX,CFPosY,CFThrSpd,RFName,RFPosX,RFPosY,RFThrSpd,ltSec,lx,lz,cSec,cPos,cPlr,cx,cz,1BSafe,tag,cpSec,sb2Sec,sb3Sec,sbhSec,ass,result
1,1,1,0,0,0,0,0,0,0,0,255,255,255,0,1790.245,"P0TA0",R,3,59,93,-1.42,0.091,0.229,1.796,-0.086,1.676,-36.641,61.725,92,8,0,0,0,-274.999,0,-4.497,0,0,0,0,3,R,"Yaksok~",173.3,80,0.332,0,56,W,Y,0,0,0,0,0,0,0,0,0,0,0,0,0,0,0,0,-0.07,-37.893,0,"あおいぬ",-0.093,-17.58,0,"ʚEveɞ",-21.072,-47.556,0,"白霜らいふ",-13.373,-63.663,0,"인생최패망자",19.241,-48.982,0,"sano jpn",9.672,-63.268,0,"Ѕeyeon",43.289,-98.975,0,"IbikiKai_JP",-1.51,-119.958,0,"NABIMan",-56.023,-105.833,0,0,0,0,0,0,"",0,0,0,0,1791.687,,,,0,0
2,1,1,0,0,0,1,0,0,0,0,255,255,255,1,1807.073,"P0TA0",R,27,82,133,-0.2,-0.103,0.178,1.725,-0.183,1.418,-36.641,38.256,90,10,0,0,0,62.038,-115.778,-3.497,0,0,0,0,3,R,"Yaksok~",173.3,80,0.332,0,62,W,Y,0,0,0,0,0,0,0,0,0,0,0,0,0,0,0,0,-0.249,-37.728,0,"あおいぬ",-0.065,-17.56,0,"ʚEveɞ",-21.015,-47.644,0,"白霜らいふ",-13.335,-63.76,0,"인생최패망자",19.104,-48.827,0,"sano jpn",10.546,-63.957,0,"Ѕeyeon",42.479,-98.688,0,"IbikiKai_JP",-1.48,-120.009,0,"NABIMan",-54.1,-105.737,0,0,0,0,0,0,"",0,0,0,0,1808.254,,,,0,0
3,1,1,0,0,0,2,0,0,0,0,255,255,255,2,1821.965,"P0TA0",R,3,60,93,-2.931,-0.424,0.141,1.665,-0.457,1.386,-36.641,46.981,92,8,0,1,0,-357.247,0,-3.078,0,0,0,0,3,R,"Yaksok~",173.3,80,0.332,0,57,W,Y,0,0,0,0,0,0,0,0,0,0,0,0,0,0,0,0,-0.248,-37.776,0,"あおいぬ",-0.44,-17.842,0,"ʚEveɞ",-20.975,-47.654,0,"白霜らいふ",-13.616,-63.757,0,"인생최패망자",18.971,-48.687,0,"sano jpn",10.22,-64.911,0,"Ѕeyeon",42.28,-99.129,0,"IbikiKai_JP",-1.742,-120.036,0,"NABIMan",-53.778,-105.611,0,0,0,0,0,0,"",0,0,0,0,1823.537,,,,0,0
4,1,1,0,0,1,2,0,0,0,0,255,255,255,3,1837.82,"P0TA0",R,3,64,107,-1.693,-1.818,0.271,1.628,0.056,0.804,-36.641,50.624,97,3,0,4,0,-415.892,158.242,-17.874,-0.477,-18.44,1,0,3,R,"Yaksok~",173.3,80,0.332,0,57,W,Y,0,0,0,0,0,0,0,0,0,0,0,0,0,0,0,0,-0.229,-37.659,0,"あおいぬ",0.771,-19.712,0,"ʚEveɞ",-21.037,-47.522,0,"白霜らいふ",-14.593,-63.223,0,"인생최패망자",19.435,-48.683,0,"sano jpn",5.211,-65.857,0,"Ѕeyeon",41.84,-99.569,0,"IbikiKai_JP",-1.569,-119.96,0,"NABIMan",-52.588,-104.145,0,0,0,0,0,0,"",0,0,1,1,1839.104,,,,0,0
5,1,1,0,0,0,0,1,0,0,0,255,255,255,4,1867.015,"P0TA0",R,13,62,105,-1.362,-0.522,0.27,1.716,-0.07,1.633,-36.641,45.027,93,7,0,0,0,-372.687,312.348,-36.728,0,0,0,1,8,R,"SUGUN",181.4,82.092,0.496,0,57,W,Y,0,0,0,0,0,0,0,0,0,0,0,0,0,0,0,0,-0.182,-37.808,0,"あおいぬ",-0.175,-17.695,0,"ʚEveɞ",-21.246,-47.343,0,"白霜らいふ",-15.19,-63.126,0,"인생최패망자",20.618,-51.93,0,"sano jpn",8.042,-64.655,0,"Ѕeyeon",41.6,-101.174,0,"IbikiKai_JP",-2.901,-121.248,0,"NABIMan",-53.454,-103.753,0,0,0,0,0,0,"",0,0,0,0,1868.604,,,,0,0
6,1,1,0,0,0,1,1,0,0,0,255,255,255,5,1881.498,"P0TA0",R,3,58,103,-4.416,-1.365,0.056,1.603,-1.109,1.09,-36.641,33.44,96,4,0,1,0,-401.412,191.239,-18.323,0,0,0,1,8,R,"SUGUN",181.4,82.092,0.496,0,57,W,Y,0,0,0,0,0,0,0,0,0,0,0,0,0,0,0,0,-0.289,-37.699,0,"あおいぬ",-0.47,-17.869,0,"ʚEveɞ",-21.395,-47.394,0,"白霜らいふ",-15.078,-63.171,0,"인생최패망자",21.09,-51.494,0,"sano jpn",9.199,-65.739,0,"Ѕeyeon",41.888,-101.226,0,"IbikiKai_JP",-2.471,-121.41,0,"NABIMan",-54.047,-104.454,0,0,0,0,0,0,"",0,0,0,0,1882.937,,,,0,0
7,1,1,0,0,1,1,1,0,0,0,255,255,255,6,1897.353,"P0TA0",R,13,59,90,-2.457,-2.305,0.192,1.432,-0.355,0.891,-36.641,34.24,100,0,0,4,0,-293.329,348.524,-48.362,0,0,1,1,8,R,"SUGUN",181.4,82.092,0.496,0,57,W,Y,0,0,0,0,0,0,0,0,0,0,0,0,0,0,0,0,-0.378,-37.506,0,"あおいぬ",-0.323,-17.999,0,"ʚEveɞ",-21.281,-47.393,0,"白霜らいふ",-15.137,-63.169,0,"인생최패망자",21.135,-51.524,0,"sano jpn",7.636,-65.208,0,"Ѕeyeon",41.908,-101.23,0,"IbikiKai_JP",-2.495,-121.372,0,"NABIMan",-55.843,-105.655,0,0,0,0,0,0,"",0,0,0,0,1898.92,,,,0,0
8,1,1,0,0,1,2,1,0,0,0,255,255,255,7,1914.058,"P0TA0",R,13,58,101,-3.922,-2.091,-0.006,1.478,-0.958,0.911,-36.641,15.484,60,40,0,1,0,-342.734,332.665,-39.814,0,0,0,1,8,R,"SUGUN",181.4,82.092,0.496,0,57,W,Y,0,0,0,0,0,0,0,0,0,0,0,0,0,0,0,0,-0.36,-37.806,0,"あおいぬ",-0.514,-17.784,0,"ʚEveɞ",-21.32,-47.436,0,"白霜らいふ",-15.054,-63.195,0,"인생최패망자",21.125,-51.528,0,"sano jpn",6.179,-66.259,0,"Ѕeyeon",42.083,-101.663,0,"IbikiKai_JP",-2.672,-121.268,0,"NABIMan",-55.514,-105.472,0,0,0,0,0,0,"",0,0,0,0,1915.587,,,,0,0
9,1,1,0,0,2,2,1,0,0,0,255,255,255,8,1929.668,"P0TA0",R,27,82,133,-0.786,0.268,0.154,1.56,-0.213,1.191,-36.641,27.156,92,8,0,2,0,56.16,-135.378,-6.738,0,0,1,1,8,R,"SUGUN",181.4,82.092,0.496,3,57,W,Y,1930.744,255,25,102,26,0,145,112,16.491,4.095,0.13,0,0.21,537.834,234.115,-116.227,-0.428,-37.627,0,"あおいぬ",-0.169,-17.859,0,"ʚEveɞ",-21.256,-47.462,0,"白霜らいふ",-15.105,-63.146,0,"인생최패망자",20.962,-51.283,0,"sano jpn",9.31,-65.391,77,"Ѕeyeon",42.011,-101.231,0,"IbikiKai_JP",-2.549,-121.364,90,"NABIMan",-54.849,-105.129,0,0,0,0,1935.987,7,"IbikiKai_JP",-11.658,-120.303,0,0,,,,,152,1
10,1,1,0,0,0,0,2,0,0,0,255,255,255,9,1960.49,"P0TA0",R,26,84,137,1.169,0.429,0.277,1.786,0.341,1.717,-36.641,48.233,93,7,0,0,0,130.984,-175.813,-2.033,0,0,1,2,4,R,"Penguin_iDOL",190,80,0.404,0,57,W,Y,0,0,0,0,0,0,0,0,0,0,0,0,0,0,0,0,-0.17,-37.553,0,"あおいぬ",0,-17.617,0,"ʚEveɞ",-21.033,-47.404,0,"白霜らいふ",-12.939,-64.838,0,"인생최패망자",20.999,-50.99,0,"sano jpn",10.52,-65.685,0,"Ѕeyeon",40.386,-102.745,0,"IbikiKai_JP",-1.878,-119.8,0,"NABIMan",-55.984,-102.77,0,0,0,0,0,0,"",0,0,0,0,1961.854,,,,0,0
11,1,1,0,0,0,1,2,0,0,0,255,255,255,10,1976.129,"P0TA0",R,26,85,138,0.868,0.81,0.222,1.854,0.189,1.973,-36.641,56.051,92,8,0,2,0,131.539,-157.534,-2.082,0,0,1,2,4,R,"Penguin_iDOL",190,80,0.404,3,57,W,Y,1977.172,140,100,88,69,47,141,100,34.241,42.637,-0.22,0,0.202,60.68,520.838,-291.626,-0.448,-37.44,0,"あおいぬ",0.019,-17.728,0,"ʚEveɞ",-21.026,-47.355,0,"白霜らいふ",-12.866,-64.837,0,"인생최패망자",20.841,-50.788,0,"sano jpn",8.838,-65.125,0,"Ѕeyeon",40.885,-101.881,0,"IbikiKai_JP",-1.002,-120.171,0,"NABIMan",-54.851,-103.16,0,1982.12,-64.477,-75.732,0,0,"",0,0,0,0,,,,,8,3
12,1,1,0,0,0,2,2,0,0,0,255,255,255,11,1999.595,"P0TA0",R,13,60,91,-3.398,-1.99,0.049,1.635,-0.753,0.961,-36.641,24.545,98,2,0,4,0,-302.818,340.606,-22.877,-0.716,-19.415,1,2,4,R,"Penguin_iDOL",190,80,0.404,0,68,W,Y,0,0,0,0,0,0,0,0,0,0,0,0,0,0,0,0,0.006,-37.958,0,"あおいぬ",-0.07,-19.617,0,"ʚEveɞ",-21.51,-45.945,0,"白霜らいふ",-14.474,-62.609,0,"인생최패망자",20.438,-48.674,0,"sano jpn",5.181,-64.606,0,"Ѕeyeon",41.308,-102.868,0,"IbikiKai_JP",-8.482,-120.822,0,"NABIMan",-56.325,-101.194,0,0,0,0,0,0,"",0,0,0,4,2001.154,,,,0,0
13,1,0,0,0,0,0,0,0,0,0,255,255,255,0,2133.296,"Kr_Luna",L,27,83,135,0.145,1.053,-0.157,1.978,0.199,2.149,-36.808,53.953,85,12,3,1,0,-102.37,-121.764,0,0,0,0,0,8,R,"NABIMan",190,83.228,0.48,0,56,W,Y,0,0,0,0,0,0,0,0,0,0,0,0,0,0,0,0,0.248,-37.877,0,"가앤슬_",-0.005,-17.484,0,"HANA_ARASHI",-20.089,-46.377,0,"Yaksok~",-15.288,-63.955,0,"Penguin_iDOL",22.231,-51.869,0,"CVPileMaki",15.334,-63.398,0,"-KYU-",43.021,-96.984,0,"k@ster",-0.023,-114.948,0,"SUGUN",-46.154,-91.953,0,0,0,0,0,0,"",0,0,0,0,2134.87,,,,0,0
14,1,0,0,0,1,0,0,0,0,0,255,255,255,1,2149.657,"Kr_Luna",L,26,89,140,1.917,0.437,-0.005,1.861,0.907,1.709,-36.808,35.507,92,8,0,2,0,-50.832,-189.549,0,0,0,1,0,8,R,"NABIMan",190,83.228,0.48,3,56,W,Y,2150.621,164,124,122,132,95,145,108,-30,-11.326,0.03,0,0.288,326.887,172.445,170.76,0.172,-37.724,0,"가앤슬_",0.171,-17.725,0,"HANA_ARASHI",-20.376,-45.98,91,"Yaksok~",-14.609,-63.82,0,"Penguin_iDOL",22.234,-51.687,0,"CVPileMaki",14.818,-63.558,92,"-KYU-",43.908,-96.189,0,"k@ster",-0.049,-114.881,0,"SUGUN",-46.254,-91.87,0,2150.754,0.848,-22.053,2152.837,5,"CVPileMaki",8.284,-59.375,0,0,,,,,56,2
15,1,0,0,0,0,0,1,0,0,0,255,255,255,2,2175.82,"Kr_Luna",L,27,90,140,-0.784,0.333,-0.255,1.863,-0.254,1.715,-36.808,36.31,90,8,3,2,0,-64.776,-107.55,0,0,0,1,1,2,L,"ʚEveɞ",190,94.836,0.499,3,56,W,Y,2176.862,162,39,53,36,11,132,116,28.933,-45.571,0.23,0,0.334,51.267,-388.956,113.93,0.037,-37.679,0,"가앤슬_",-0.053,-17.741,0,"HANA_ARASHI",-19.818,-45.114,0,"Yaksok~",-12.702,-64.797,0,"Penguin_iDOL",22.964,-52.96,0,"CVPileMaki",15.156,-63.33,0,"-KYU-",44.486,-92.95,0,"k@ster",1.907,-109.497,0,"SUGUN",-42.188,-96.145,0,2181.737,79.538,-85.656,0,0,"",0,0,0,0,,,,,16,3
16,1,0,0,0,0,1,1,0,0,0,255,255,255,3,2203.411,"Kr_Luna",L,10,75,116,-1.115,-1.306,-0.302,1.809,-0.477,1.281,-36.808,26.828,98,2,0,2,0,0,400,0,0,0,1,1,2,L,"ʚEveɞ",190,94.836,0.499,3,72,W,Y,2204.422,227,74,65,51,15,138,130,-30,38.585,0.56,0,0.449,-495.091,-252.456,226.165,0.088,-37.502,0,"가앤슬_",-0.285,-17.512,0,"HANA_ARASHI",-19.38,-48.012,86,"Yaksok~",-13.992,-67.635,0,"Penguin_iDOL",23.007,-51.166,0,"CVPileMaki",16.149,-62.762,0,"-KYU-",47.601,-97.655,0,"k@ster",0.221,-112.956,0,"SUGUN",-42.116,-96.482,0,2204.553,-1.027,-22.361,2205.854,2,"HANA_ARASHI",-18.407,-44.218,0,0,,,,,24,2
17,1,0,0,0,0,0,2,0,0,0,255,255,255,4,2227.451,"Kr_Luna",L,27,90,140,1.889,0.667,-0.009,1.907,0.89,1.909,-36.808,40.017,90,8,1,2,0,-54.217,-125.309,0,0,0,1,2,4,R,"인생최패망자",190,82.685,0.351,3,56,W,Y,2228.529,255,149,177,122,62,145,100,90.995,-88.73,-0.35,0,0.438,303.611,-337.93,197.193,0.201,-37.864,0,"가앤슬_",0.231,-17.699,0,"HANA_ARASHI",-19.242,-47.453,0,"Yaksok~",-16.692,-65.766,0,"Penguin_iDOL",22.801,-52.37,0,"CVPileMaki",14.189,-63.619,0,"-KYU-",44.915,-98.102,0,"k@ster",1.082,-117.702,0,"SUGUN",-39.629,-102.338,0,0,0,0,0,0,"",0,0,0,0,,,,,16,3
18,1,0,0,0,0,1,2,0,0,0,255,255,255,5,2249.678,"Kr_Luna",L,14,77,114,1.624,0.419,0.004,2.016,1.414,2.262,-36.808,40.917,94,6,0,1,0,-390.434,312.348,0,0,0,0,2,4,R,"인생최패망자",190,82.685,0.351,0,56,W,Y,0,0,0,0,0,0,0,0,0,0,0,0,0,0,0,0,0.142,-37.908,0,"가앤슬_",0.059,-17.522,0,"HANA_ARASHI",-19.793,-47.431,0,"Yaksok~",-15.965,-64.882,0,"Penguin_iDOL",22.939,-52.377,0,"CVPileMaki",15.229,-63.447,0,"-KYU-",46.155,-96.662,0,"k@ster",-0.306,-118.563,0,"SUGUN",-43.852,-100.761,0,0,0,0,0,0,"",0,0,0,0,2251.487,,,,0,0
19,1,0,0,0,1,1,2,0,0,0,255,255,255,6,2268.883,"Kr_Luna",L,26,96,140,-0.664,-1.1,-0.236,1.645,-0.169,0.75,-36.808,19.165,61,37,2,4,0,-81.179,-181.059,0,0,0,1,2,4,R,"인생최패망자",190,82.685,0.351,0,56,W,Y,0,0,0,0,0,0,0,0,0,0,0,0,0,0,0,0,0.25,-38.04,0,"가앤슬_",-0.232,-17.433,0,"HANA_ARASHI",-19.32,-45.866,0,"Yaksok~",-14.837,-64.066,0,"Penguin_iDOL",23.793,-51.494,0,"CVPileMaki",14.497,-63.387,0,"-KYU-",46.132,-96.702,0,"k@ster",-0.332,-118.573,0,"SUGUN",-43.976,-100.788,0,0,0,0,0,0,"",0,0,0,0,2270.537,,,,0,0
20,1,0,0,0,1,2,2,0,0,0,255,255,255,7,2286.961,"Kr_Luna",L,14,61,91,-3.204,-0.964,-0.314,1.914,-0.609,1.551,-36.808,52.599,97,3,0,4,0,-322.996,312.348,0,0,0,1,2,4,R,"인생최패망자",190,82.685,0.351,0,57,W,Y,0,0,0,0,0,0,0,0,0,0,0,0,0,0,0,0,0.084,-38.289,0,"가앤슬_",-0.869,-17.674,0,"HANA_ARASHI",-20.494,-43.767,0,"Yaksok~",-15.234,-64.463,0,"Penguin_iDOL",23.718,-51.681,0,"CVPileMaki",10.556,-62.815,0,"-KYU-",46.156,-96.667,0,"k@ster",-0.292,-118.477,0,"SUGUN",-45.282,-98.797,0,0,0,0,0,0,"",0,0,0,0,2288.904,,,,0,0
21,2,1,0,0,0,0,0,0,0,0,255,255,255,12,2337.768,"P0TA0",R,27,74,125,1.853,2.953,0.242,2.092,0.648,3.329,-36.641,77.606,85,15,0,1,0,111.634,-131.384,4.462,0,0,0,3,2,R,"HANA_ARASHI",190,90,0.25,0,56,W,Y,0,0,0,0,0,0,0,0,0,0,0,0,0,0,0,0,-0.292,-37.499,0,"あおいぬ",0.08,-17.899,0,"ʚEveɞ",-21.468,-48.004,0,"白霜らいふ",-13.636,-64.136,0,"인생최패망자",20.022,-49.727,0,"sano jpn",11.297,-64.837,0,"Ѕeyeon",42.26,-98.05,0,"IbikiKai_JP",2.484,-124.671,0,"NABIMan",-54.446,-102.346,0,0,0,0,0,0,"",0,0,0,0,2339.104,,,,0,0
22,2,1,0,0,1,0,0,0,0,0,255,255,255,13,2352.444,"P0TA0",R,27,75,126,1.957,2.237,0.268,1.996,0.696,2.909,-36.641,70.404,86,14,0,1,0,95.274,-101.795,6.895,0,0,0,3,2,R,"HANA_ARASHI",190,90,0.25,0,56,W,Y,0,0,0,0,0,0,0,0,0,0,0,0,0,0,0,0,-0.307,-37.737,0,"あおいぬ",0.171,-17.838,0,"ʚEveɞ",-21.405,-48.002,0,"白霜らいふ",-13.629,-64.125,0,"인생최패망자",19.846,-49.448,0,"sano jpn",11.282,-64.564,0,"Ѕeyeon",42.284,-98.097,0,"IbikiKai_JP",0.821,-122.661,0,"NABIMan",-52.105,-103.09,0,0,0,0,0,0,"",0,0,0,0,2353.754,,,,0,0
23,2,1,0,0,2,0,0,0,0,0,255,255,255,14,2367.307,"P0TA0",R,26,86,140,2.287,-0.192,0.334,1.793,0.711,1.729,-36.641,57.062,94,6,0,2,0,144.886,-179.322,-2.441,0,0,1,3,2,R,"HANA_ARASHI",190,90,0.25,3,56,W,Y,2368.259,156,81,126,61,34,145,89,34.533,5.602,-0.86,0,0.648,554.467,106.94,-75.167,-0.259,-37.341,0,"あおいぬ",0.142,-17.803,0,"ʚEveɞ",-21.39,-47.993,0,"白霜らいふ",-13.235,-64.241,82,"인생최패망자",19.762,-49.333,0,"sano jpn",11.039,-64.677,0,"Ѕeyeon",42.28,-98.091,0,"IbikiKai_JP",0.819,-122.622,47,"NABIMan",-52.158,-102.609,0,2373.47,-8.223,-92.108,2374.587,7,"IbikiKai_JP",-8.995,-97.543,1,0,,,,,168,2
24,2,1,0,0,0,0,0,1,0,0,2,255,255,15,2413.593,"P0TA0",R,32,50,107,3.107,-0.09,0.438,1.756,1.008,1.547,-36.641,65.909,95,5,0,1,0,170.491,-11.384,-35.186,0,0,0,4,0,L,"Kr_Luna",190,95.256,0.499,0,57,W,Y,0,0,0,0,0,0,0,0,0,0,0,0,0,0,0,0,-0.273,-37.808,0,"あおいぬ",1.02,-19.455,0,"ʚEveɞ",-19.292,-41.949,0,"白霜らいふ",-8.518,-61.227,0,"인생최패망자",18.266,-45.689,0,"sano jpn",11.112,-63.773,0,"Ѕeyeon",48.905,-94.414,0,"IbikiKai_JP",5.993,-120.502,0,"NABIMan",-46.777,-100.718,0,0,0,0,0,0,"",0,0,0,0,2414.854,,,,0,0
25,2,1,0,0,1,0,0,1,0,0,2,255,255,16,2429.869,"P0TA0",R,26,78,128,-1.699,0.575,0.033,1.834,-0.877,1.815,-36.641,41.632,93,7,0,2,0,96.099,-159.18,2.038,0,0,1,4,0,L,"Kr_Luna",190,95.256,0.499,3,57,W,Y,2430.682,142,98,101,91,38,145,91,-82.214,72.858,-0.77,0,0.134,39.582,-396.454,444.431,-0.469,-37.674,0,"あおいぬ",-0.225,-17.776,0,"ʚEveɞ",-18.408,-44.256,0,"白霜らいふ",-8.193,-61.261,0,"인생최패망자",17.784,-45.151,0,"sano jpn",11.029,-63.756,0,"Ѕeyeon",48.918,-94.452,0,"IbikiKai_JP",6.066,-119.691,0,"NABIMan",-46.906,-101.89,0,2430.837,-0.807,-20.254,0,0,"",0,0,0,0,,,,,8,3
26,2,1,0,0,1,1,0,1,0,0,2,255,255,17,2453.868,"P0TA0",R,4,64,113,-3.669,-0.374,0.033,1.773,-1.239,1.403,-36.641,50.959,96,4,0,1,0,-200.43,23.534,-0.155,0,0,0,4,0,L,"Kr_Luna",190,95.256,0.499,0,57,W,Y,0,0,0,0,0,0,0,0,0,0,0,0,0,0,0,0,-0.259,-37.862,0,"あおいぬ",-0.441,-18.17,0,"ʚEveɞ",-18.823,-44.137,0,"白霜らいふ",-7.014,-61.182,0,"인생최패망자",17.342,-44.973,0,"sano jpn",11.088,-64.092,0,"Ѕeyeon",50.975,-94.962,0,"IbikiKai_JP",-1.317,-122.475,0,"NABIMan",-47.637,-102.042,0,0,0,0,0,0,"",0,0,0,0,2455.087,,,,0,0
27,2,1,0,0,2,1,0,1,0,0,2,255,255,18,2470.519,"P0TA0",R,10,72,114,-1.541,-1.974,0.056,1.457,-0.672,0.875,-36.641,28.398,100,0,0,1,0,0,400,-12.99,0,0,0,4,0,L,"Kr_Luna",190,95.256,0.499,0,57,W,Y,0,0,0,0,0,0,0,0,0,0,0,0,0,0,0,0,-0.351,-37.926,0,"あおいぬ",-0.229,-18.023,0,"ʚEveɞ",-19.188,-43.868,0,"白霜らいふ",-7.946,-61.937,0,"인생최패망자",17.3,-44.881,0,"sano jpn",11.115,-61.411,0,"Ѕeyeon",50.986,-95.003,0,"IbikiKai_JP",-1.171,-121.443,0,"NABIMan",-46.931,-104.86,0,0,0,0,0,0,"",0,0,0,0,2471.687,,,,0,0
28,2,1,0,0,3,1,0,1,0,0,2,255,255,19,2488.224,"P0TA0",R,27,82,134,-0.871,1.593,0.087,1.944,-0.574,2.477,-36.641,60.909,91,9,0,1,0,132.449,-140.692,11.778,0,0,0,4,0,L,"Kr_Luna",190,95.256,0.499,0,91,W,Y,0,0,0,0,0,0,0,0,0,0,0,0,0,0,0,0,-0.281,-37.589,0,"あおいぬ",-0.018,-17.756,0,"ʚEveɞ",-19.807,-43.581,0,"白霜らいふ",-7.969,-62.37,0,"인생최패망자",17.345,-44.883,0,"sano jpn",11.081,-63.589,0,"Ѕeyeon",51.103,-94.861,0,"IbikiKai_JP",6.103,-123.958,0,"NABIMan",-45.562,-103.34,0,0,0,0,0,0,"",0,0,0,0,2489.354,2497.624,,,0,5
29,2,1,0,0,0,0,0,1,1,0,0,2,255,20,2514.497,"P0TA0",R,33,78,129,0.92,1.715,0.207,1.918,0.212,2.429,-36.641,67.677,92,8,0,2,0,139.722,-133.536,4.205,0,0,0,5,5,R,"CVPileMaki",172.2,94,0.397,3,57,W,Y,2515.621,172,57,121,71,46,145,126,112.734,-26.869,0.57,0,0.222,307.828,366.906,-135.309,-0.479,-37.576,0,"あおいぬ",0.078,-17.862,0,"ʚEveɞ",-18.113,-44.484,0,"白霜らいふ",-11.48,-61.809,0,"인생최패망자",16.903,-44.913,0,"sano jpn",9.25,-61.084,0,"Ѕeyeon",44.536,-100.195,0,"IbikiKai_JP",-1.384,-119.583,0,"NABIMan",-50.683,-97.1,0,0,0,0,0,0,"",0,0,0,0,,2519.049,,,8,3
30,2,1,0,0,0,1,0,1,1,0,0,2,255,21,2533.146,"P0TA0",R,22,61,110,-1.618,-1.373,0.171,1.702,-0.413,1.101,-36.641,54.701,100,0,0,2,0,-159.787,193.504,-5.789,0,0,1,5,5,R,"CVPileMaki",172.2,94,0.397,3,57,W,Y,2534.246,251,152,158,146,75,145,87,96.628,-85.476,0.97,0,0.329,75.808,-402.782,-51.468,-0.419,-37.48,0,"あおいぬ",-0.388,-18.177,0,"ʚEveɞ",-19.07,-43.765,0,"白霜らいふ",-11.935,-62.268,0,"인생최패망자",17.905,-46.261,0,"sano jpn",8.528,-61.135,0,"Ѕeyeon",44.099,-100.481,0,"IbikiKai_JP",-0.466,-119.574,0,"NABIMan",-52.189,-100.206,0,0,0,0,0,0,"",0,0,0,0,,2537.462,,,8,3
31,2,1,0,0,0,2,0,1,1,0,0,2,255,22,2555.209,"P0TA0",R,27,85,138,1.482,-0.17,0.326,1.626,0.587,1.4,-36.641,43.243,96,4,0,4,0,35.315,-103.324,-12.619,0,0,1,5,5,R,"CVPileMaki",172.2,94,0.397,0,57,W,Y,0,0,0,0,0,0,0,0,0,0,0,0,0,0,0,0,-0.343,-37.733,0,"あおいぬ",0.607,-19.123,0,"ʚEveɞ",-19.051,-43.927,0,"白霜らいふ",-12.793,-60.759,0,"인생최패망자",17.419,-45.056,0,"sano jpn",5.895,-62.366,0,"Ѕeyeon",43.657,-100.599,0,"IbikiKai_JP",-1.394,-120.476,0,"NABIMan",-53.938,-97.874,0,0,0,0,0,0,"",0,0,0,32,2556.637,2557.997,,,0,0
32,2,1,0,0,0,0,1,1,1,0,0,2,255,23,2578.026,"P0TA0",R,13,83,121,-1.177,-0.544,0.247,1.658,0.019,1.593,-36.641,39.88,97,3,0,0,0,-390.434,312.348,-21.635,0,0,1,6,6,R,"-KYU-",180.7,83,0.433,0,57,W,Y,0,0,0,0,0,0,0,0,0,0,0,0,0,0,0,0,-0.226,-37.757,0,"あおいぬ",-0.282,-17.919,0,"ʚEveɞ",-19.454,-43.877,0,"白霜らいふ",-13.263,-60.851,0,"인생최패망자",17.385,-44.805,0,"sano jpn",2.086,-61.475,0,"Ѕeyeon",43.672,-100.616,0,"IbikiKai_JP",-4.406,-121.901,0,"NABIMan",-54.761,-99.752,0,0,0,0,0,0,"",0,0,0,0,2579.47,2580.194,,,0,0
33,2,1,0,0,0,1,1,1,1,0,0,2,255,24,2595.125,"P0TA0",R,13,63,105,-4.593,-2.402,0.015,1.564,-1.319,0.702,-36.641,43.526,96,4,0,4,0,-340.811,350.032,-22.612,-0.884,-20.056,1,6,6,R,"-KYU-",180.7,83,0.433,0,57,W,Y,0,0,0,0,0,0,0,0,0,0,0,0,0,0,0,0,-0.458,-37.577,0,"あおいぬ",-0.851,-18.194,0,"ʚEveɞ",-20.112,-43.414,0,"白霜らいふ",-13.59,-61.268,0,"인생최패망자",18.545,-43.515,0,"sano jpn",0.422,-60.733,0,"Ѕeyeon",43.699,-100.679,0,"IbikiKai_JP",-6.959,-124.647,0,"NABIMan",-53.42,-100.401,0,0,0,0,0,0,"",0,0,0,0,2596.72,2597.775,,,0,0
34,2,1,0,0,0,2,1,1,1,0,0,2,255,25,2611.452,"P0TA0",R,5,53,92,-3.179,-1.385,-0.016,1.556,-1.089,0.822,-36.641,48.361,100,0,0,2,0,-126.764,10.358,-16.366,0,0,0,6,6,R,"-KYU-",180.7,83,0.433,3,57,W,Y,2612.721,207,211,91,106,103,145,102,98.493,-77.405,0.92,0,0.527,184.594,-108.156,94.426,-0.632,-37.743,0,"あおいぬ",-0.728,-18.085,0,"ʚEveɞ",-19.115,-45.76,0,"白霜らいふ",-13.912,-61.079,0,"인생최패망자",17.014,-46.167,0,"sano jpn",3.352,-61.703,0,"Ѕeyeon",43.668,-100.635,0,"IbikiKai_JP",-6.861,-124.692,0,"NABIMan",-52.772,-100.476,0,0,0,0,0,0,"",0,0,0,0,,2616.463,,,8,3
35,2,1,0,0,0,2,1,1,1,0,0,2,255,26,2629.245,"P0TA0",R,27,78,128,-3.331,1.171,-0.088,1.895,-1.649,2.145,-36.641,56.935,93,7,0,4,0,130.708,-149.678,10.25,0,0,1,6,6,R,"-KYU-",180.7,83,0.433,0,50,W,Y,0,0,0,0,0,0,0,0,0,0,0,0,0,0,0,0,-0.307,-38.052,0,"あおいぬ",0.619,-19.145,0,"ʚEveɞ",-19.394,-44.877,0,"白霜らいふ",-14.442,-61.266,0,"인생최패망자",17.467,-44.549,0,"sano jpn",3.197,-60.307,0,"Ѕeyeon",42.616,-100.794,0,"IbikiKai_JP",-3.891,-123.219,0,"NABIMan",-56.601,-102.335,0,0,0,0,0,0,"",0,0,0,64,2630.704,2631.705,,,0,0
36,2,1,0,0,0,0,2,1,1,0,0,2,255,27,2652.869,"P0TA0",R,27,74,125,1.206,2.375,0.227,1.973,0.38,2.704,-36.641,73.04,92,8,0,1,0,101.543,-115.447,2.318,0,0,0,7,7,R,"k@ster",160,95.017,0.646,0,57,W,Y,0,0,0,0,0,0,0,0,0,0,0,0,0,0,0,0,-0.41,-37.775,0,"あおいぬ",-0.045,-17.733,0,"ʚEveɞ",-19.646,-44.437,0,"白霜らいふ",-12.915,-62.341,0,"인생최패망자",18.342,-44.547,0,"sano jpn",6.116,-62.239,0,"Ѕeyeon",39.222,-95.454,0,"IbikiKai_JP",-4.701,-115.991,0,"NABIMan",-49.995,-93.816,0,0,0,0,0,0,"",0,0,0,0,2654.07,2655.113,,,0,0
37,2,1,0,0,1,0,2,1,1,0,0,2,255,28,2668.701,"P0TA0",R,4,63,112,-1.203,0.977,0.202,1.906,-0.207,2.11,-36.641,65.219,97,3,0,2,0,-178.07,0,-1.67,0,0,1,7,7,R,"k@ster",160,95.017,0.646,3,57,W,Y,2669.738,162,88,59,64,38,137,118,30.152,-17.727,0.34,0,0.191,393.135,260.995,334.639,-0.468,-37.391,0,"あおいぬ",-0.134,-17.836,0,"ʚEveɞ",-18.534,-46.348,0,"白霜らいふ",-12.943,-62.765,0,"인생최패망자",17.089,-46.514,0,"sano jpn",9.339,-63.194,0,"Ѕeyeon",39.179,-95.389,0,"IbikiKai_JP",-4.731,-116.045,89,"NABIMan",-54.297,-89.776,0,2675.42,25.183,-124.828,2677.987,7,"IbikiKai_JP",22.283,-129.311,1,0,,2674.198,2675.753,2680.828,136,2
38,2,1,1,0,0,0,2,0,1,1,255,7,0,29,2727.217,"P0TA0",R,3,58,104,-4.087,-1.079,0.085,1.637,-1.142,1.008,-36.641,39.469,92,8,0,1,0,-372.768,52.724,-14.457,0,0,0,8,1,R,"가앤슬_",190,87,0.2,0,57,W,Y,0,0,0,0,0,0,0,0,0,0,0,0,0,0,0,0,-0.072,-37.823,0,"あおいぬ",-0.444,-17.812,0,"ʚEveɞ",-20.713,-47.629,0,"白霜らいふ",-13.48,-62.176,0,"인생최패망자",17.591,-43.106,0,"sano jpn",3.157,-63.807,0,"Ѕeyeon",40.064,-100.311,0,"IbikiKai_JP",-2.062,-123.319,0,"NABIMan",-55.276,-101.201,0,0,0,0,0,0,"",0,0,0,0,2728.854,2730.155,2729.708,,0,0
39,2,1,1,0,1,0,2,0,1,1,255,7,0,30,2743.751,"P0TA0",R,26,87,140,-0.844,0.303,0.105,1.787,-0.548,1.643,-36.641,50.545,92,8,0,2,0,129.64,-174.958,1.87,0,0,1,8,1,R,"가앤슬_",190,87,0.2,3,57,W,Y,2744.817,185,53,87,76,32,145,130,25.339,-3.568,0.52,0,0.316,64.772,554.002,67.247,-0.344,-37.311,0,"あおいぬ",-0.159,-17.779,0,"ʚEveɞ",-20.555,-47.668,0,"白霜らいふ",-12.89,-63.456,0,"인생최패망자",16.117,-45.125,0,"sano jpn",6.53,-64.343,0,"Ѕeyeon",39.387,-100.735,0,"IbikiKai_JP",-2.082,-123.299,0,"NABIMan",-54.815,-101.672,0,2749.937,-9.136,-134.247,2750.004,7,"IbikiKai_JP",-8.256,-129.932,0,0,,,2750.039,2749.33,144,1
40,2,0,1,0,0,0,0,0,0,0,255,255,255,8,2804.455,"Kr_Luna",L,26,88,140,2.878,-0.005,0.032,1.758,1.387,1.44,-36.808,28.699,93,5,2,1,0,-95.083,-178.533,0,0,0,0,3,0,R,"P0TA0",189.5,96.215,0.525,0,57,W,Y,0,0,0,0,0,0,0,0,0,0,0,0,0,0,0,0,0.225,-37.907,0,"가앤슬_",0.189,-17.644,0,"HANA_ARASHI",-19.978,-47.884,0,"Yaksok~",-17.143,-65.933,0,"Penguin_iDOL",20.641,-51.715,0,"CVPileMaki",7.919,-66.672,0,"-KYU-",44.762,-93.191,0,"k@ster",0.079,-115.675,0,"SUGUN",-49.918,-94.744,0,0,0,0,0,0,"",0,0,0,0,2805.87,,,,0,0
41,2,0,1,0,1,0,0,0,0,0,255,255,255,9,2822.096,"Kr_Luna",L,27,95,140,2.954,-0.03,0.096,1.767,1.376,1.464,-36.808,24.986,92,7,1,1,0,-65.849,-134.247,0,0,0,0,3,0,R,"P0TA0",189.5,96.215,0.525,0,57,W,Y,0,0,0,0,0,0,0,0,0,0,0,0,0,0,0,0,0.191,-38.122,0,"가앤슬_",0.161,-17.741,0,"HANA_ARASHI",-21.276,-48.258,0,"Yaksok~",-16.762,-66.201,0,"Penguin_iDOL",18.244,-58.315,0,"CVPileMaki",2.697,-67.927,0,"-KYU-",42.412,-97.58,0,"k@ster",-0.158,-116.181,0,"SUGUN",-50.002,-94.648,0,0,0,0,0,0,"",0,0,0,0,2823.537,,,,0,0
42,2,0,1,0,2,0,0,0,0,0,255,255,255,10,2838.862,"Kr_Luna",L,27,90,140,1.623,0.871,-0.023,1.932,0.824,2.013,-36.808,38.656,89,11,1,2,0,-83.59,-148.695,0,0,0,0,3,0,R,"P0TA0",189.5,96.215,0.525,3,57,W,Y,2839.79,248,44,111,65,13,145,89,-19.091,40.278,-0.86,0,0.176,-21.88,228.712,-108.558,0.102,-37.778,0,"가앤슬_",0.225,-17.707,0,"HANA_ARASHI",-21.466,-48.229,87,"Yaksok~",-16.781,-65.73,0,"Penguin_iDOL",18.365,-58.201,0,"CVPileMaki",2.513,-67.95,0,"-KYU-",42.417,-97.576,0,"k@ster",-0.18,-116.3,0,"SUGUN",-50.011,-94.938,0,2839.97,-2.806,-22.443,2841.57,2,"HANA_ARASHI",-19.701,-42.364,0,0,,,,,24,2
43,2,0,1,0,0,0,1,0,0,0,255,255,255,11,2864.12,"Kr_Luna",L,26,85,137,0.641,2.026,-0.108,2.03,0.428,2.457,-36.808,52.692,84,14,2,1,0,-116.027,-183.015,0,0,0,0,4,5,R,"sano jpn",160,92.118,0.561,0,57,W,Y,0,0,0,0,0,0,0,0,0,0,0,0,0,0,0,0,0.101,-37.906,0,"가앤슬_",0.085,-17.467,0,"HANA_ARASHI",-20.212,-47.684,0,"Yaksok~",-14.491,-61.647,0,"Penguin_iDOL",15.392,-59.355,0,"CVPileMaki",2.852,-65.761,0,"-KYU-",40.038,-93.706,0,"k@ster",-0.678,-104.069,0,"SUGUN",-45.119,-91.215,0,0,0,0,0,0,"",0,0,0,0,2865.787,,,,0,0
44,2,0,1,0,1,0,1,0,0,0,255,255,255,12,2880.824,"Kr_Luna",L,28,83,134,0.785,1.597,-0.109,2.003,0.425,2.354,-36.808,50.058,87,10,3,2,0,-54.159,-64.583,0,0,0,1,4,5,R,"sano jpn",160,92.118,0.561,3,57,W,Y,2881.958,171,33,121,49,9,145,110,33.538,4.099,0.21,0,0.22,154.074,523.645,-37.936,0.118,-37.802,0,"가앤슬_",0.095,-17.698,0,"HANA_ARASHI",-19.431,-46.209,0,"Yaksok~",-14.054,-60.967,0,"Penguin_iDOL",19.689,-57.179,0,"CVPileMaki",2.756,-63.721,85,"-KYU-",41.035,-93.46,0,"k@ster",-0.502,-105.391,72,"SUGUN",-45.098,-91.006,0,2887.32,-18.195,-110.99,2887.554,7,"k@ster",-17.487,-108.856,0,0,,,,,176,1
45,2,0,1,0,0,0,2,0,0,0,255,255,255,13,2913.767,"Kr_Luna",L,26,89,140,0.906,0.507,-0.097,1.844,0.48,1.735,-36.808,37.611,91,8,2,0,0,-67.441,-158.039,0,0,0,0,5,3,R,"白霜らいふ",175.2,80,0.653,0,57,W,Y,0,0,0,0,0,0,0,0,0,0,0,0,0,0,0,0,0.228,-37.914,0,"가앤슬_",-0.012,-17.481,0,"HANA_ARASHI",-20.906,-48.006,0,"Yaksok~",-15.571,-63.622,0,"Penguin_iDOL",23.145,-53.002,0,"CVPileMaki",13.2,-64.236,0,"-KYU-",43.613,-95.697,0,"k@ster",-0.042,-107.618,0,"SUGUN",-45.318,-90.977,0,0,0,0,0,0,"",0,0,0,0,2915.42,,,,0,0
46,2,0,1,0,0,1,2,0,0,0,255,255,255,14,2931.562,"Kr_Luna",L,14,78,115,-1.886,-0.853,-0.226,1.888,-0.119,1.528,-36.808,46.814,96,4,0,1,0,-388.905,314.25,0,0,0,0,5,3,R,"白霜らいふ",175.2,80,0.653,0,57,W,Y,0,0,0,0,0,0,0,0,0,0,0,0,0,0,0,0,0.291,-37.902,0,"가앤슬_",-0.455,-17.544,0,"HANA_ARASHI",-21.985,-48.266,0,"Yaksok~",-15.294,-63.883,0,"Penguin_iDOL",23.709,-53.095,0,"CVPileMaki",11.802,-65.246,0,"-KYU-",44.454,-96.473,0,"k@ster",0.016,-107.523,0,"SUGUN",-45.161,-91.01,0,0,0,0,0,0,"",0,0,0,0,2933.37,,,,0,0
47,2,0,1,0,1,1,2,0,0,0,255,255,255,15,2946.844,"Kr_Luna",L,27,85,138,0.649,2.235,-0.096,1.954,0.484,2.129,-36.808,49.059,91,6,3,2,0,-75.021,-124.74,0,0,0,1,5,3,R,"白霜らいふ",175.2,80,0.653,3,57,W,Y,2947.966,255,132,94,96,47,145,84,25.313,3.153,-0.86,0,0.461,549.387,-58.104,76.301,0.147,-37.806,0,"가앤슬_",0.101,-17.641,0,"HANA_ARASHI",-20.876,-47.405,0,"Yaksok~",-14.844,-63.403,0,"Penguin_iDOL",23.829,-53.048,0,"CVPileMaki",13.431,-64.909,0,"-KYU-",42.154,-95.522,0,"k@ster",-0.02,-107.58,90,"SUGUN",-41.156,-88.295,0,2953.154,-3.419,-95.013,2953.304,7,"k@ster",-3.338,-92.443,0,0,,,,,136,1
48,3,1,1,0,0,0,0,0,0,0,255,255,255,31,2998.586,"P0TA0",R,26,87,140,-2.111,-0.703,0.007,1.594,-1.044,1.024,-36.641,31.272,95,5,0,1,0,90.406,-180.133,-3.816,0,0,0,0,3,R,"Yaksok~",173.3,80,0.332,0,57,W,Y,0,0,0,0,0,0,0,0,0,0,0,0,0,0,0,0,-0.449,-37.59,0,"あおいぬ",-0.176,-17.613,0,"ʚEveɞ",-21.517,-48.029,0,"白霜らいふ",-12.722,-64.392,0,"인생최패망자",19.757,-49.725,0,"sano jpn",5.362,-66.226,0,"Ѕeyeon",42.231,-101.318,0,"IbikiKai_JP",-4.45,-118.706,0,"NABIMan",-54.516,-101.504,0,0,0,0,0,0,"",0,0,0,0,2999.787,,,,0,0
49,3,1,1,0,0,1,0,0,0,0,255,255,255,32,3034.188,"P0TA0",R,13,67,108,-3.345,-0.574,0.088,1.728,-0.728,1.743,-36.641,49.013,93,7,0,1,0,-383.336,312.348,-19.978,0,0,0,0,3,R,"Yaksok~",173.3,80,0.332,0,57,W,Y,0,0,0,0,0,0,0,0,0,0,0,0,0,0,0,0,-0.454,-37.614,0,"あおいぬ",-0.11,-17.677,0,"ʚEveɞ",-21.502,-48.437,0,"白霜らいふ",-12.963,-64.386,0,"인생최패망자",19.67,-49.592,0,"sano jpn",6.164,-66.608,0,"Ѕeyeon",43.12,-101.385,0,"IbikiKai_JP",-2.26,-117.592,0,"NABIMan",-53.724,-103.253,0,0,0,0,0,0,"",0,0,0,0,3035.47,,,,0,0
50,3,1,1,0,1,1,0,0,0,0,255,255,255,33,3050.465,"P0TA0",R,32,57,112,1.623,0.187,0.323,1.745,0.273,1.654,-36.641,60.047,90,10,0,2,0,231.395,-48.917,-39.167,0,0,1,0,3,R,"Yaksok~",173.3,80,0.332,3,57,W,Y,3051.433,162,160,112,95,72,145,85,27.373,10.635,-0.8,0,0.217,274.636,7.342,9.543,-0.513,-37.358,119,"あおいぬ",0.051,-17.819,0,"ʚEveɞ",-21.632,-48.574,93,"白霜らいふ",-12.931,-64.37,0,"인생최패망자",19.536,-49.441,0,"sano jpn",9.685,-63.282,85,"Ѕeyeon",43.138,-101.418,0,"IbikiKai_JP",-2.145,-117.596,102,"NABIMan",-54.738,-104.738,0,3056.454,-13.53,-92.171,3057.354,7,"IbikiKai_JP",-14.429,-96.889,1,0,,,,,154,2
51,3,1,1,0,0,0,0,1,0,0,3,255,255,34,3093.923,"P0TA0",R,26,77,128,-2.89,-0.755,-0.079,1.503,-1.296,0.995,-36.641,14.655,97,3,0,1,0,25.601,-155.93,-4.598,0,0,0,1,8,R,"SUGUN",181.4,82.092,0.496,0,57,W,Y,0,0,0,0,0,0,0,0,0,0,0,0,0,0,0,0,1.765,-37.75,0,"あおいぬ",-0.719,-19.605,0,"ʚEveɞ",-19.591,-43.11,0,"白霜らいふ",-12.601,-64.811,0,"인생최패망자",16.997,-43.722,0,"sano jpn",2.675,-60.86,0,"Ѕeyeon",41.751,-100.785,0,"IbikiKai_JP",-0.344,-112.104,0,"NABIMan",-56.43,-101.157,0,0,0,0,0,0,"",0,0,0,0,3095.337,,,,0,0
52,3,1,1,0,1,0,0,1,0,0,3,255,255,35,3121.571,"P0TA0",R,26,83,135,-2.077,-0.704,0.007,1.565,-1.035,0.992,-36.641,29.417,93,7,0,2,0,90.151,-200,-3.481,0,0,1,1,8,R,"SUGUN",181.4,82.092,0.496,3,57,W,Y,3122.492,214,70,108,70,11,145,110,26.278,-18.838,0.88,0,0.254,46.262,548.484,-171.828,-0.664,-37.344,0,"あおいぬ",-0.24,-18.214,0,"ʚEveɞ",-19.396,-42.112,0,"白霜らいふ",-11.028,-60.234,0,"인생최패망자",14.737,-44.495,71,"sano jpn",6.083,-62.323,0,"Ѕeyeon",41.99,-100.774,0,"IbikiKai_JP",-0.56,-118.184,0,"NABIMan",-55.45,-101.9,0,3127.287,18.799,-111.581,3128.637,7,"IbikiKai_JP",20.568,-121.066,1,0,,3127.927,3132.733,,140,2
53,3,1,1,0,0,0,0,0,1,1,255,8,3,36,3157.684,"P0TA0",R,1,87,140,-0.025,-1.146,0.232,1.462,0.151,0.892,-36.641,35.986,98,2,0,2,0,-1.322,3.861,-5.54,0,0,1,2,4,R,"Penguin_iDOL",190,80,0.404,3,57,W,Y,3158.742,199,128,127,71,51,145,124,25.096,30.45,0.73,0,0.451,96.62,539.981,-213.614,-0.55,-37.344,0,"あおいぬ",-0.047,-17.943,120,"ʚEveɞ",-20.925,-47.075,120,"白霜らいふ",-11.498,-60.414,0,"인생최패망자",15.829,-42.341,0,"sano jpn",9.406,-57.463,0,"Ѕeyeon",39.516,-101.346,0,"IbikiKai_JP",-0.009,-118.931,0,"NABIMan",-52.218,-100.825,102,0,0,0,3163.77,8,"NABIMan",-62.684,-103.421,0,0,3170.087,3166.26,3162.068,3168.915,267,1
54,3,1,2,0,0,0,1,0,1,0,255,8,255,37,3195.474,"P0TA0",R,32,60,115,1.212,-0.142,0.286,1.735,0.108,1.422,-36.641,59.139,91,9,0,2,0,232.338,-91.873,-31.163,0,0,1,3,2,R,"HANA_ARASHI",190,90,0.25,3,57,W,Y,3196.513,161,100,101,135,64,145,130,25.582,7.194,0.32,0,0.575,66.955,369.507,456.742,-0.045,-37.29,0,"あおいぬ",0.03,-17.943,0,"ʚEveɞ",-20.745,-47.299,0,"白霜らいふ",-14.092,-62.991,67,"인생최패망자",16.233,-44.876,0,"sano jpn",4.4,-62.796,0,"Ѕeyeon",39.469,-100.854,0,"IbikiKai_JP",1.517,-125.014,93,"NABIMan",-53.791,-102.816,0,3201.404,-26.305,-131.268,3203.47,7,"IbikiKai_JP",-20.662,-123.942,1,0,,3207.034,3202.485,3207.45,168,2
55,3,1,3,0,0,0,1,0,1,0,255,2,255,38,3360.54,"P0TA0",R,26,82,133,-1.364,0.164,0.062,1.749,-0.77,1.57,-36.641,43.716,93,7,0,2,0,118.78,-150.339,2.763,0,0,1,4,0,L,"Kr_Luna",190,95.256,0.499,3,56,W,Y,3361.306,169,94,106,54,18,145,89,2.187,-18.498,-0.88,0,0.109,413.719,-340.029,174.671,-0.605,-37.437,0,"あおいぬ",-0.172,-17.802,0,"ʚEveɞ",-21.248,-47.401,109,"白霜らいふ",-10.325,-62.505,0,"인생최패망자",17.114,-43.773,69,"sano jpn",7.784,-59.693,95,"Ѕeyeon",50.765,-96.771,0,"IbikiKai_JP",5.463,-125.196,0,"NABIMan",-46.917,-104.891,0,3362.52,8.596,-44.98,3363.42,5,"sano jpn",12.36,-55.155,0,0,,,3366.133,,30,2
56,3,1,3,0,0,0,2,0,0,1,255,255,2,39,3389.809,"P0TA0",R,13,67,108,-1.869,-2.646,0.192,1.542,-0.189,0.502,-36.641,46.612,97,3,0,1,0,-332.801,367.564,-22.933,-0.33,-20.712,0,5,5,R,"CVPileMaki",172.2,94,0.397,0,56,W,Y,0,0,0,0,0,0,0,0,0,0,0,0,0,0,0,0,-0.017,-37.715,0,"あおいぬ",-0.209,-17.946,0,"ʚEveɞ",-21.472,-46.97,0,"白霜らいふ",-10.634,-62.622,0,"인생최패망자",15.158,-43.368,0,"sano jpn",6.035,-60.598,0,"Ѕeyeon",41.789,-101.313,0,"IbikiKai_JP",-1.73,-116.745,0,"NABIMan",-49.286,-99.602,0,0,0,0,0,0,"",0,0,0,0,3391.303,,3392.426,,0,0
57,3,1,3,0,0,1,2,0,0,1,255,255,2,40,3407.488,"P0TA0",R,3,60,106,-1.619,-1.514,0.075,1.589,-0.966,0.869,-36.641,42.645,94,6,0,2,0,-362.912,39.231,-15.268,0,0,0,5,5,R,"CVPileMaki",172.2,94,0.397,3,56,W,Y,3408.684,167,104,105,149,103,145,96,27.426,23.95,0.93,0,0.293,119.087,104.939,199.312,-0.389,-37.326,0,"あおいぬ",-0.81,-18.166,0,"ʚEveɞ",-21.178,-47.355,0,"白霜らいふ",-11.332,-62.987,0,"인생최패망자",15.779,-45.14,0,"sano jpn",6.299,-63.73,0,"Ѕeyeon",41.804,-101.377,0,"IbikiKai_JP",-1.634,-116.755,0,"NABIMan",-50.08,-99.16,98,3413.57,-37.49,-94.825,3413.854,8,"NABIMan",-36.011,-91.896,0,0,,,,3413.407,17,1
58,3,0,3,0,0,0,0,0,0,0,255,255,255,16,3464.883,"Kr_Luna",L,27,86,140,0.212,1.082,-0.159,1.985,0.193,2.08,-36.808,47.374,88,10,2,0,0,-78.496,-126.67,0,0,0,1,6,6,R,"Ѕeyeon",171.3,85,0.35,0,56,W,Y,0,0,0,0,0,0,0,0,0,0,0,0,0,0,0,0,0.144,-38.031,0,"가앤슬_",0.097,-17.569,0,"HANA_ARASHI",-19.726,-45.845,0,"Yaksok~",-14.779,-63.901,0,"Penguin_iDOL",21.744,-52.42,0,"CVPileMaki",13.657,-62.898,0,"-KYU-",41.073,-94.107,0,"k@ster",-0.486,-106.87,0,"SUGUN",-46.379,-90.996,0,0,0,0,0,0,"",0,0,0,0,3466.404,,,,0,0
59,3,0,3,0,0,1,0,0,0,0,255,255,255,17,3485.288,"Kr_Luna",L,14,71,110,-2.639,-0.895,-0.286,1.896,-0.4,1.554,-36.808,48.978,98,2,0,4,0,-390.434,312.348,0,0,0,1,6,6,R,"Ѕeyeon",171.3,85,0.35,0,56,W,Y,0,0,0,0,0,0,0,0,0,0,0,0,0,0,0,0,0.195,-38.281,0,"가앤슬_",-0.393,-17.638,0,"HANA_ARASHI",-20.16,-46.628,0,"Yaksok~",-14.84,-64.052,0,"Penguin_iDOL",21.854,-52.391,0,"CVPileMaki",7.977,-63.163,0,"-KYU-",41.22,-94.555,0,"k@ster",-0.496,-106.92,0,"SUGUN",-46.239,-91,0,0,0,0,0,0,"",0,0,0,0,3486.954,,,,0,0
60,3,0,3,0,0,2,0,0,0,0,255,255,255,18,3500.73,"Kr_Luna",L,27,88,140,1.417,0.181,-0.076,2.016,0.575,2.348,-36.808,45.081,91,7,2,2,0,-76.335,-121.51,0,0,0,1,6,6,R,"Ѕeyeon",171.3,85,0.35,3,56,W,Y,3501.68,167,28,74,39,20,137,103,27.604,4.871,0.08,0,0.419,430.271,93.367,-208.617,0.109,-37.838,0,"가앤슬_",0.114,-18.017,0,"HANA_ARASHI",-20.079,-46.857,0,"Yaksok~",-14.828,-64.038,0,"Penguin_iDOL",21.926,-52.465,0,"CVPileMaki",12.985,-62.919,0,"-KYU-",40.866,-94.702,0,"k@ster",-0.487,-107.017,85,"SUGUN",-46.143,-90.925,0,3506.803,-8.425,-108.974,3506.954,7,"k@ster",-8.102,-106.341,0,0,,,,,176,1
61,3,0,3,0,0,0,1,0,0,0,255,255,255,19,3532.002,"Kr_Luna",L,28,94,140,-0.916,0.579,-0.275,1.866,-0.348,1.816,-36.808,38.483,89,9,2,0,0,-34.993,-88.572,0,0,0,0,7,7,L,"IbikiKai_JP",166.1,85.479,0.4,0,56,W,Y,0,0,0,0,0,0,0,0,0,0,0,0,0,0,0,0,0.044,-37.752,0,"가앤슬_",-0.046,-17.582,0,"HANA_ARASHI",-20.616,-48.468,0,"Yaksok~",-13.543,-64.891,0,"Penguin_iDOL",20.753,-48.862,0,"CVPileMaki",14.891,-63.606,0,"-KYU-",41.739,-91.059,0,"k@ster",0.093,-98.962,0,"SUGUN",-41.42,-94.108,0,0,0,0,0,0,"",0,0,0,0,3533.687,,,,0,0
62,3,0,3,0,0,1,1,0,0,0,255,255,255,20,3549.27,"Kr_Luna",L,13,76,114,1.421,-0.68,-0.285,1.962,0.07,1.793,-36.808,43.199,92,8,0,2,0,306.841,394.777,0,0,0,1,7,7,L,"IbikiKai_JP",166.1,85.479,0.4,3,56,W,Y,3550.44,255,154,43,55,51,132,72,-11.652,-60.55,1,0,0.632,63.358,501.526,55.024,0.115,-37.914,0,"가앤슬_",0.507,-17.875,0,"HANA_ARASHI",-20.29,-48.064,0,"Yaksok~",-12.724,-64.189,0,"Penguin_iDOL",20.77,-48.77,0,"CVPileMaki",14.922,-63.515,0,"-KYU-",41.653,-91.232,0,"k@ster",0.092,-99.034,0,"SUGUN",-42.111,-94.563,0,3550.737,4.244,-22.42,0,0,"",0,0,0,0,,,,,16,3
63,3,0,3,0,0,2,1,0,0,0,255,255,255,21,3570.336,"Kr_Luna",L,27,90,140,-1.417,1.08,-0.312,1.942,-0.522,2.074,-36.808,47.259,88,9,3,2,0,-61.423,-105.047,0,0,0,1,7,7,L,"IbikiKai_JP",166.1,85.479,0.4,3,36,W,Y,3571.411,206,54,47,56,28,135,102,-30,-9.989,0.9,0,0.251,-334.958,-95.209,-56.193,0.157,-37.871,88,"가앤슬_",-0.113,-17.833,0,"HANA_ARASHI",-20.655,-46.923,90,"Yaksok~",-13.074,-64.51,0,"Penguin_iDOL",20.857,-47.603,0,"CVPileMaki",16.582,-62.63,0,"-KYU-",42.724,-90.86,0,"k@ster",1.208,-101.393,0,"SUGUN",-40.822,-95.943,0,3571.604,0.038,-20.107,3572.687,0,"Kr_Luna",2.958,-36.577,0,128,,,,,24,2
64,3,0,3,0,0,0,2,0,0,0,255,255,255,22,3595.822,"Kr_Luna",L,27,82,133,0.626,0.933,-0.119,1.957,0.378,2.071,-36.808,55.556,85,11,4,2,0,-78.687,-122.09,0,0,0,0,8,1,R,"あおいぬ",190,90.486,0.43,3,56,W,Y,3596.958,132,56,88,52,27,138,109,25.116,40.888,0.07,0,0.324,-14.947,424.193,-288.194,0.276,-37.733,0,"가앤슬_",0.095,-17.79,0,"HANA_ARASHI",-21.336,-48.35,0,"Yaksok~",-14.949,-63.779,0,"Penguin_iDOL",21.812,-50.671,0,"CVPileMaki",13.698,-64.212,0,"-KYU-",41.298,-98.236,0,"k@ster",-0.614,-109.67,0,"SUGUN",-47.114,-92.729,0,3601.837,-70.848,-88.235,0,0,"",0,0,0,0,,,,,16,3
65,3,0,3,0,0,1,2,0,0,0,255,255,255,23,3620.88,"Kr_Luna",L,26,89,140,1.378,0.394,-0.046,1.842,0.716,1.695,-36.808,40.085,93,5,2,2,0,-82.041,-174.065,0,0,0,1,8,1,R,"あおいぬ",190,90.486,0.43,3,54,W,Y,3621.965,149,21,48,46,12,132,124,27.982,41.072,0.33,0,0.278,305.018,273.041,-438.649,0.272,-37.695,0,"가앤슬_",0.299,-17.756,0,"HANA_ARASHI",-21.847,-47.824,0,"Yaksok~",-16.209,-63.109,0,"Penguin_iDOL",16.019,-60.413,0,"CVPileMaki",1.97,-67.959,0,"-KYU-",37.826,-98.008,0,"k@ster",-4.644,-113.253,0,"SUGUN",-47.188,-91.993,0,3627.32,-79.914,-102.04,0,0,"",0,0,0,0,,3632.378,3637.672,,16,4
66,3,0,3,1,0,0,2,0,0,0,255,255,255,24,3663.744,"Kr_Luna",L,27,86,139,-1.516,0.081,-0.312,1.89,-0.519,1.542,-36.808,45.72,93,7,0,2,0,-93.302,-120.177,0,0,0,1,0,8,R,"NABIMan",190,83.228,0.48,3,56,W,Y,3664.704,255,114,54,150,58,137,98,26.014,47.957,0.92,0,0.291,243.509,-187.909,174.707,0.069,-37.857,0,"가앤슬_",-0.409,-17.769,0,"HANA_ARASHI",-20.803,-46.887,0,"Yaksok~",-15.698,-63.295,0,"Penguin_iDOL",22.312,-52.562,0,"CVPileMaki",13.834,-64.217,0,"-KYU-",42.112,-98.69,0,"k@ster",-0.295,-116.609,0,"SUGUN",-47.122,-92.556,0,3668.587,-55.591,-73.192,0,0,"",0,0,0,0,,,,,16,3
67,3,0,3,1,0,1,2,0,0,0,255,255,255,25,3688.305,"Kr_Luna",L,28,84,136,-2.855,0.346,-0.396,1.974,-1.132,1.74,-36.808,49.566,88,10,2,2,0,-68.949,-78.975,0,0,0,1,0,8,R,"NABIMan",190,83.228,0.48,3,28,W,Y,3689.298,255,105,37,113,36,123,123,28.263,45.273,0.51,0,0.411,543.856,-136.27,158.828,-0.03,-38.028,0,"가앤슬_",-0.584,-17.682,0,"HANA_ARASHI",-20.844,-47.801,0,"Yaksok~",-10.289,-66.057,0,"Penguin_iDOL",18.641,-54.909,0,"CVPileMaki",13.903,-64.151,0,"-KYU-",41.901,-96.596,0,"k@ster",-2.274,-113.153,0,"SUGUN",-45.701,-92.312,0,3695.77,-75.626,-89.378,0,0,"",0,0,0,0,,3701.78,3706.953,,16,4
68,3,0,3,2,0,0,2,0,0,0,255,255,255,26,3731.05,"Kr_Luna",L,26,88,140,-0.36,1.692,-0.204,1.992,-0.018,2.522,-36.808,44.343,88,9,3,4,0,-95.529,-163.045,0,0,0,1,1,2,L,"ʚEveɞ",190,94.836,0.499,0,69,W,Y,0,0,0,0,0,0,0,0,0,0,0,0,0,0,0,0,0.139,-37.919,0,"가앤슬_",-0.03,-17.93,0,"HANA_ARASHI",-20.362,-47.824,0,"Yaksok~",-15.398,-65.082,0,"Penguin_iDOL",21.451,-50.573,0,"CVPileMaki",15.635,-63.051,0,"-KYU-",45.187,-96.956,0,"k@ster",0.245,-113.345,0,"SUGUN",-47.29,-95.408,0,0,0,0,0,0,"",0,0,0,0,3732.654,,,,0,0
69,3,0,3,2,0,1,2,0,0,0,255,255,255,27,3747.593,"Kr_Luna",L,11,78,109,1.559,-0.639,-0.16,1.873,0.434,1.544,-36.808,27.257,94,6,0,2,0,129.591,248.28,0,0,0,1,1,2,L,"ʚEveɞ",190,94.836,0.499,3,69,W,Y,3748.751,235,65,78,64,42,145,130,-5.68,15.088,0.31,0,0.508,-133.303,-182.641,67.594,0.2,-38.016,0,"가앤슬_",0.743,-17.866,0,"HANA_ARASHI",-20.035,-46.928,0,"Yaksok~",-15.852,-66.953,87,"Penguin_iDOL",21.427,-50.561,0,"CVPileMaki",15.664,-63.182,0,"-KYU-",45.568,-97.457,0,"k@ster",0.169,-113.275,0,"SUGUN",-47.216,-95.402,0,3748.97,-0.774,-27.516,3750.62,3,"Yaksok~",-10.819,-63.419,0,0,,,,,9,2
70,4,1,3,2,0,0,0,0,0,0,255,255,255,41,3794.183,"P0TA0",R,26,88,140,-3.43,-0.357,-0.092,1.655,-1.579,1.225,-36.641,30.847,93,7,0,1,0,63.293,-177.819,-6.817,0,0,0,6,6,R,"-KYU-",180.7,83,0.433,0,56,W,Y,0,0,0,0,0,0,0,0,0,0,0,0,0,0,0,0,-0.353,-37.702,0,"あおいぬ",-0.514,-17.843,0,"ʚEveɞ",-21.299,-48.352,0,"白霜らいふ",-13.421,-63.096,0,"인생최패망자",18.893,-49.336,0,"sano jpn",8.018,-65.487,0,"Ѕeyeon",39.486,-100.257,0,"IbikiKai_JP",-1.428,-118.761,0,"NABIMan",-48.704,-96.748,0,0,0,0,0,0,"",0,0,0,0,3795.587,,,,0,0
71,4,1,3,2,1,0,0,0,0,0,255,255,255,42,3806.546,"P0TA0",R,13,60,92,-2.75,-1.722,0.077,1.608,-0.544,1.142,-36.641,48.312,100,0,0,4,0,-276.435,306.579,-22.987,0,0,1,6,6,R,"-KYU-",180.7,83,0.433,0,56,W,Y,0,0,0,0,0,0,0,0,0,0,0,0,0,0,0,0,-0.273,-37.536,0,"あおいぬ",-0.201,-17.998,0,"ʚEveɞ",-21.236,-47.914,0,"白霜らいふ",-13.618,-63.072,0,"인생최패망자",18.944,-49.419,0,"sano jpn",11.077,-65.276,0,"Ѕeyeon",39.514,-100.303,0,"IbikiKai_JP",-2.338,-120.258,0,"NABIMan",-50.174,-99.62,0,0,0,0,0,0,"",0,0,0,0,3808.254,,,,0,0
72,4,1,3,2,1,1,0,0,0,0,255,255,255,43,3819.097,"P0TA0",R,26,83,134,-1.13,0.923,0.095,1.85,-0.637,1.991,-36.641,50.256,91,9,0,2,0,98.495,-165.196,-13.713,0,0,1,6,6,R,"-KYU-",180.7,83,0.433,3,56,W,Y,3820.187,255,154,103,89,55,145,86,15.131,16.528,0.99,0,0.534,28.616,-157.802,20.74,-0.569,-37.594,0,"あおいぬ",-0.24,-17.753,0,"ʚEveɞ",-21.112,-47.905,0,"白霜らいふ",-13.592,-63.258,85,"인생최패망자",18.782,-49.243,0,"sano jpn",9.895,-65.945,0,"Ѕeyeon",39.515,-100.302,0,"IbikiKai_JP",-2.336,-120.22,0,"NABIMan",-49.656,-100.013,0,3823.037,-14.192,-70.42,3823.12,3,"白霜らいふ",-13.206,-66.406,0,0,,,,,40,1
73,4,1,3,2,0,0,1,0,0,0,255,255,255,44,3841.841,"P0TA0",R,3,52,87,0.198,0.274,0.358,1.834,0.885,1.767,-36.641,74.916,96,4,0,0,0,-311.271,0,-29.624,0,0,0,7,7,R,"k@ster",160,95.017,0.646,0,56,W,Y,0,0,0,0,0,0,0,0,0,0,0,0,0,0,0,0,-0.412,-37.516,0,"あおいぬ",-0.154,-18.034,0,"ʚEveɞ",-21.09,-47.325,0,"白霜らいふ",-12.649,-61.861,0,"인생최패망자",15.675,-46.721,0,"sano jpn",7.103,-62.298,0,"Ѕeyeon",36.723,-102.676,0,"IbikiKai_JP",-1.881,-116.624,0,"NABIMan",-45.169,-91.558,0,0,0,0,0,0,"",0,0,0,0,3843.37,,,,0,0
74,4,1,3,2,0,1,1,0,0,0,255,255,255,45,3855.998,"P0TA0",R,26,78,128,-3.597,-1.428,-0.127,1.437,-1.521,0.655,-36.641,17.982,59,41,0,1,0,-28.251,-160.307,-10.231,0,0,0,7,7,R,"k@ster",160,95.017,0.646,0,56,W,Y,0,0,0,0,0,0,0,0,0,0,0,0,0,0,0,0,-0.294,-37.722,0,"あおいぬ",-0.673,-18.04,0,"ʚEveɞ",-21.126,-47.261,0,"白霜らいふ",-13.324,-63.006,0,"인생최패망자",14.868,-44.895,0,"sano jpn",7.731,-62.043,0,"Ѕeyeon",36.744,-102.71,0,"IbikiKai_JP",-1.817,-116.609,0,"NABIMan",-46.409,-92.933,0,0,0,0,0,0,"",0,0,0,0,3857.187,,,,0,0
75,4,1,3,2,1,1,1,0,0,0,255,255,255,46,3870.064,"P0TA0",R,3,64,108,-4.11,-0.292,0.043,1.763,-1.008,1.531,-36.641,57.252,97,3,0,4,0,-410.743,51.886,-13.908,0,0,1,7,7,R,"k@ster",160,95.017,0.646,0,56,W,Y,0,0,0,0,0,0,0,0,0,0,0,0,0,0,0,0,-0.32,-37.703,0,"あおいぬ",-0.492,-17.749,0,"ʚEveɞ",-21.283,-47.604,0,"白霜らいふ",-12.936,-62.074,0,"인생최패망자",14.805,-44.834,0,"sano jpn",3.632,-61.354,0,"Ѕeyeon",36.833,-103.001,0,"IbikiKai_JP",-1.104,-116.672,0,"NABIMan",-47.351,-94.392,0,0,0,0,0,0,"",0,0,0,0,3871.37,,,,0,0
76,4,1,3,2,1,2,1,0,0,0,255,255,255,47,3885.07,"P0TA0",R,27,77,128,-2.015,1.651,0.008,1.911,-1.045,2.328,-36.641,65.414,94,6,0,2,0,108.775,-112.792,5.267,0,0,1,7,7,R,"k@ster",160,95.017,0.646,3,56,W,Y,3886.046,102,70,76,51,22,134,116,25.674,18.134,0.34,0,0.096,529.036,227.814,-160.655,-0.582,-37.601,0,"あおいぬ",-0.455,-17.959,0,"ʚEveɞ",-21.289,-47.572,0,"白霜らいふ",-12.815,-62.167,0,"인생최패망자",14.716,-44.749,0,"sano jpn",6.388,-63.833,61,"Ѕeyeon",36.844,-103.105,0,"IbikiKai_JP",-0.885,-116.583,0,"NABIMan",-47.037,-93.926,115,3891.387,-38.349,-118.392,3893.637,8,"NABIMan",-38.782,-120.503,1,0,,3895.569,,3889.053,25,2
77,4,1,3,2,0,0,1,0,1,0,255,7,255,48,3916.756,"P0TA0",R,26,74,126,1.587,-0.378,0.336,1.636,0.541,1.219,-36.641,46.566,95,5,0,1,0,90.184,-151.141,-9.053,0,0,0,8,1,R,"가앤슬_",190,87,0.2,0,56,W,Y,0,0,0,0,0,0,0,0,0,0,0,0,0,0,0,0,-0.164,-37.685,0,"あおいぬ",0.09,-17.759,0,"ʚEveɞ",-20.662,-46.931,0,"白霜らいふ",-12.018,-62.586,0,"인생최패망자",16.981,-43.464,0,"sano jpn",3.52,-60.948,0,"Ѕeyeon",35.334,-101.145,0,"IbikiKai_JP",-1.457,-121.108,0,"NABIMan",-53.223,-108.299,0,0,0,0,0,0,"",0,0,0,0,3918.187,3919.095,,,0,0
78,4,1,3,2,1,0,1,0,1,0,255,7,255,49,3931.573,"P0TA0",R,3,59,102,0.519,-0.246,0.482,1.707,1.155,1.51,-36.641,65.445,94,6,0,0,0,-461.059,27.109,-49.973,0,0,0,8,1,R,"가앤슬_",190,87,0.2,0,56,W,Y,0,0,0,0,0,0,0,0,0,0,0,0,0,0,0,0,-0.344,-37.756,114,"あおいぬ",-0.104,-17.66,0,"ʚEveɞ",-20.623,-46.956,0,"白霜らいふ",-12.047,-61.995,0,"인생최패망자",17.1,-42.875,0,"sano jpn",3.407,-60.763,0,"Ѕeyeon",37.91,-103.033,0,"IbikiKai_JP",-0.108,-125.996,0,"NABIMan",-54.804,-106.229,0,0,0,0,0,0,"",0,0,0,128,3933.12,3934.093,3948.781,,0,0
79,4,1,3,2,1,1,2,0,0,0,255,255,255,50,3962.688,"P0TA0",R,26,79,129,1.951,-0.066,0.372,1.699,0.735,1.399,-36.641,47.778,94,6,0,2,0,68.932,-171.899,-10.817,0,0,1,8,1,R,"가앤슬_",190,87,0.2,3,56,W,Y,3963.808,57,35,80,65,39,83,67,47.786,49.896,-0.07,0,0.317,51.838,354.811,-362.438,-0.288,-37.367,0,"あおいぬ",0.158,-17.878,0,"ʚEveɞ",-21.058,-47.814,0,"白霜らいふ",-13.122,-64.022,0,"인생최패망자",18.038,-47.605,0,"sano jpn",7.968,-64.602,0,"Ѕeyeon",37.957,-103.444,0,"IbikiKai_JP",-0.29,-124.216,0,"NABIMan",-53.444,-107.508,0,3968.904,-41.475,-50.394,0,0,"",0,0,0,0,,,,,8,3
80,4,1,3,2,1,2,2,0,0,0,255,255,255,51,4006.868,"P0TA0",R,13,59,90,-4.309,-1.349,-0.076,1.663,-1.161,1.431,-36.641,35.379,97,3,0,1,0,-282.731,361.371,-28.899,0,0,0,8,1,R,"가앤슬_",190,87,0.2,0,71,W,Y,0,0,0,0,0,0,0,0,0,0,0,0,0,0,0,0,-0.19,-37.755,0,"あおいぬ",-0.733,-18.073,0,"ʚEveɞ",-21.792,-49.625,0,"白霜らいふ",-13.278,-63.049,0,"인생최패망자",18.443,-46.87,0,"sano jpn",6.285,-66.052,0,"Ѕeyeon",39.134,-100.196,0,"IbikiKai_JP",-1.811,-125.336,0,"NABIMan",-51.678,-99.76,0,0,0,0,0,0,"",0,0,0,0,4008.504,,,,0,0
81,4,1,3,2,2,2,2,0,0,0,255,255,255,52,4020.967,"P0TA0",R,26,80,131,2.175,0.34,0.317,1.768,0.738,1.631,-36.641,55.452,93,7,0,2,0,135.071,-200,-6.18,0,0,1,8,1,R,"가앤슬_",190,87,0.2,3,71,W,Y,4022.32,145,62,88,72,47,143,130,7.987,-4.457,0.58,0,0.557,243.301,18.098,-45.511,-0.373,-37.281,119,"あおいぬ",0.095,-17.867,0,"ʚEveɞ",-21.549,-49.671,0,"白霜らいふ",-14.018,-63.309,0,"인생최패망자",17.042,-47.624,0,"sano jpn",7.664,-66.313,77,"Ѕeyeon",40.963,-102.856,0,"IbikiKai_JP",-1.805,-125.331,0,"NABIMan",-52.07,-100.424,0,4025.22,6.662,-101.231,4026.27,7,"IbikiKai_JP",7.948,-114.039,1,256,,,,,154,2
82,4,0,3,2,0,0,0,0,0,0,255,255,255,28,4102.255,"Kr_Luna",L,27,60,114,-1.706,4.029,-0.101,2.252,-0.594,3.999,-36.808,90.525,76,19,5,1,0,-80.56,-132.062,0,0,0,0,2,4,R,"인생최패망자",190,80,0.351,0,56,W,Y,0,0,0,0,0,0,0,0,0,0,0,0,0,0,0,0,0.251,-38.321,0,"가앤슬_",-0.346,-17.998,0,"HANA_ARASHI",-20.359,-47.588,0,"Yaksok~",-15.132,-64.229,0,"Penguin_iDOL",21.458,-50.591,0,"CVPileMaki",14.672,-64.055,0,"-KYU-",42.723,-96.906,0,"k@ster",-0.894,-117.15,0,"SUGUN",-38.643,-98.23,0,0,0,0,0,0,"",0,0,0,0,4104.004,,,,0,0
83,4,0,3,2,1,0,0,0,0,0,255,255,255,29,4122.595,"Kr_Luna",L,27,87,140,1.023,1.624,-0.085,2.043,0.533,2.507,-36.808,46.789,90,7,3,4,0,-60.717,-127.978,0,0,0,1,2,4,R,"인생최패망자",190,80,0.351,0,56,W,Y,0,0,0,0,0,0,0,0,0,0,0,0,0,0,0,0,0.156,-38.062,0,"가앤슬_",0.084,-17.972,0,"HANA_ARASHI",-21.517,-49.186,0,"Yaksok~",-15.459,-65.05,0,"Penguin_iDOL",21.751,-50.613,0,"CVPileMaki",14.773,-63.986,0,"-KYU-",44.416,-98.502,0,"k@ster",-0.875,-117.182,0,"SUGUN",-38.521,-97.926,0,0,0,0,0,0,"",0,0,0,0,4124.237,,,,0,0
84,4,0,3,2,1,1,0,0,0,0,255,255,255,30,4141.508,"Kr_Luna",L,14,85,124,-2.551,-1.451,-0.301,1.735,-0.468,1.041,-36.808,38.217,96,4,0,1,0,-390.434,312.348,0,0,0,0,2,4,R,"인생최패망자",190,80,0.351,0,56,W,Y,0,0,0,0,0,0,0,0,0,0,0,0,0,0,0,0,0.318,-38.231,0,"가앤슬_",-0.544,-17.602,0,"HANA_ARASHI",-20.952,-48.082,0,"Yaksok~",-15.04,-64.267,0,"Penguin_iDOL",21.682,-50.864,0,"CVPileMaki",15.17,-63.699,0,"-KYU-",44.642,-98.287,0,"k@ster",-0.859,-117.105,0,"SUGUN",-38.51,-97.819,0,0,0,0,0,0,"",0,0,0,0,4143.271,,,,0,0
85,4,0,3,2,2,1,0,0,0,0,255,255,255,31,4158.875,"Kr_Luna",L,27,90,140,2.562,0.147,-0.004,1.796,1.158,1.566,-36.808,28.1,90,9,1,2,0,-29.596,-146.103,0,0,0,1,2,4,R,"인생최패망자",190,80,0.351,3,56,W,Y,4160.002,255,183,206,130,80,145,89,30.727,42.776,-0.86,0,0.387,211.904,-557.891,62.087,0.245,-38.083,0,"가앤슬_",0.299,-17.803,0,"HANA_ARASHI",-21.653,-48.303,0,"Yaksok~",-16.066,-66.388,0,"Penguin_iDOL",21.614,-50.813,0,"CVPileMaki",13.942,-63.923,0,"-KYU-",44.645,-98.251,0,"k@ster",-0.884,-117.227,0,"SUGUN",-38.547,-97.736,87,4164.604,-43.785,-81.155,4164.954,8,"SUGUN",-43.285,-80.245,0,0,,,,,18,1
86,4,0,3,2,0,0,1,0,0,0,255,255,255,32,4188.448,"Kr_Luna",L,28,83,135,-2.986,0.312,-0.386,1.971,-1.239,1.715,-36.808,58.427,90,9,2,1,0,-34.645,-80.449,0,0,0,0,3,0,R,"P0TA0",189.5,96.215,0.525,0,57,W,Y,0,0,0,0,0,0,0,0,0,0,0,0,0,0,0,0,0.321,-37.976,0,"가앤슬_",-0.297,-17.536,0,"HANA_ARASHI",-21.303,-49.016,0,"Yaksok~",-16.258,-65.193,0,"Penguin_iDOL",16.751,-59.113,0,"CVPileMaki",2.881,-68.036,0,"-KYU-",41.729,-96.652,0,"k@ster",-5.672,-115.634,0,"SUGUN",-45.113,-90.756,0,0,0,0,0,0,"",0,0,0,0,4189.97,,,,0,0
87,4,0,3,2,1,0,1,0,0,0,255,255,255,33,4204.437,"Kr_Luna",L,26,91,140,-0.439,-0.381,-0.229,1.779,-0.133,1.183,-36.808,35.899,89,7,4,0,0,-37.188,-200,0,0,0,0,3,0,R,"P0TA0",189.5,96.215,0.525,0,57,W,Y,0,0,0,0,0,0,0,0,0,0,0,0,0,0,0,0,0.26,-38.045,0,"가앤슬_",-0.02,-17.557,0,"HANA_ARASHI",-21.402,-48.773,0,"Yaksok~",-15.737,-64.973,0,"Penguin_iDOL",15.948,-57.644,0,"CVPileMaki",2.251,-68.028,0,"-KYU-",41.736,-96.662,0,"k@ster",-5.108,-116.297,0,"SUGUN",-44.465,-90.277,0,0,0,0,0,0,"",0,0,0,0,4205.92,,,,0,0
88,4,0,3,2,1,1,1,0,0,0,255,255,255,34,4220.205,"Kr_Luna",L,26,88,140,0.764,0.836,-0.11,1.921,0.419,1.972,-36.808,43.929,89,9,1,2,0,-59.685,-170.435,0,0,0,1,3,0,R,"P0TA0",189.5,96.215,0.525,3,57,W,Y,4221.178,255,12,94,47,10,145,102,-1.478,37.76,-0.25,0,0.083,149.123,413.94,134.873,0.205,-37.773,0,"가앤슬_",0.296,-17.608,0,"HANA_ARASHI",-21.949,-48.724,86,"Yaksok~",-15.444,-64.256,0,"Penguin_iDOL",17.534,-56.991,0,"CVPileMaki",2.073,-67.99,0,"-KYU-",41.695,-96.701,0,"k@ster",-5.156,-116.513,0,"SUGUN",-44.51,-90.095,0,4221.82,-11.102,-32.94,4222.854,2,"HANA_ARASHI",-20.499,-43.464,0,0,,,,,24,2
89,4,0,3,2,0,0,2,0,0,0,255,255,255,35,4243.598,"Kr_Luna",L,26,84,136,0.335,1.486,-0.131,1.963,0.321,2.193,-36.808,53.059,87,10,3,2,0,-118.862,-160.976,0,0,0,0,4,5,R,"sano jpn",160,92.118,0.561,3,57,W,Y,4244.672,105,27,0,0,0,4,39,-67.375,66.232,0.21,0.81,0.314,35.526,-398.37,-281.47,-0.256,-37.42,119,"가앤슬_",0.103,-17.659,0,"HANA_ARASHI",-21.173,-48.502,90,"Yaksok~",-14.715,-62.122,0,"Penguin_iDOL",16.125,-59.695,0,"CVPileMaki",3.395,-65.201,0,"-KYU-",40.82,-97.343,0,"k@ster",-2.861,-102.79,0,"SUGUN",-44.982,-89.402,0,4244.82,-0.96,-19.862,4248.954,0,"Kr_Luna",-9.424,-27.37,0,0,,,,,24,2
90,4,0,3,2,0,1,2,0,0,0,255,255,255,36,4270.764,"Kr_Luna",L,26,80,130,1.414,0.728,-0.036,1.858,0.761,1.789,-36.808,41.539,88,9,3,2,0,-94.295,-155.901,0,0,0,1,4,5,R,"sano jpn",160,92.118,0.561,3,57,W,Y,4271.888,123,89,98,55,30,137,86,106.684,-63.221,-0.21,0,0.198,459.125,364.556,79.434,0.173,-37.897,0,"가앤슬_",0.23,-17.684,0,"HANA_ARASHI",-19.421,-43.921,0,"Yaksok~",-16.45,-62.333,0,"Penguin_iDOL",15.022,-55.513,0,"CVPileMaki",2.945,-66.564,0,"-KYU-",40.756,-96.123,0,"k@ster",0.119,-104.371,0,"SUGUN",-47.036,-89.693,0,0,0,0,0,0,"",0,0,0,0,,,,,16,3
91,4,0,3,2,0,2,2,0,0,0,255,255,255,37,4293.066,"Kr_Luna",L,10,76,116,1.779,-2.731,-0.169,1.745,0.609,0.965,-36.808,31.758,97,3,0,3,0,0,400,0,0.049,-19.804,0,4,5,R,"sano jpn",160,92.118,0.561,0,57,W,Y,0,0,0,0,0,0,0,0,0,0,0,0,0,0,0,0,0.148,-37.75,0,"가앤슬_",-0.25,-17.79,0,"HANA_ARASHI",-19.602,-46.046,0,"Yaksok~",-14.064,-58.952,0,"Penguin_iDOL",20.447,-55.406,0,"CVPileMaki",8.434,-63.339,0,"-KYU-",42.712,-94.105,0,"k@ster",-0.219,-104.017,0,"SUGUN",-34.137,-81.762,0,0,0,0,0,0,"",0,0,0,0,4298.187,,,,0,6
92,4,0,3,2,0,0,2,1,0,0,15,255,255,38,4331.81,"Kr_Luna",L,26,90,140,1.598,-0.045,-0.033,1.756,0.779,1.418,-36.808,29.821,91,9,0,2,0,-58.337,-156.638,0,0,0,1,5,3,R,"白霜らいふ",175.2,80,0.653,3,57,W,Y,4332.925,255,103,94,105,54,145,86,34.289,-44.6,-0.79,0,0.562,292.282,357.803,168.931,0.303,-37.961,0,"가앤슬_",0.195,-18.059,0,"HANA_ARASHI",-19.399,-44.369,0,"Yaksok~",-16.513,-62.896,0,"Penguin_iDOL",20.132,-54.347,0,"CVPileMaki",6.383,-65.133,0,"-KYU-",41.537,-94.36,120,"k@ster",-0.169,-109.681,0,"SUGUN",-43.27,-90.166,0,4337.987,48.907,-77.782,4338.137,6,"-KYU-",47.308,-75.587,0,0,,4337.897,,,72,1
93,5,1,3,2,0,0,0,0,0,0,255,255,255,53,4390.793,"P0TA0",R,27,82,133,-0.177,1.388,0.116,1.879,-0.237,2.245,-36.641,59.723,92,8,0,2,0,107.23,-144.444,7.131,0,0,1,0,3,R,"Yaksok~",173.3,80,0.332,3,56,W,Y,4391.753,86,170,94,76,33,129,116,25.079,30.2,0.3,0,0.165,258.338,363.778,102.173,-0.439,-37.611,0,"あおいぬ",-0.087,-17.722,0,"ʚEveɞ",-21.409,-48.331,0,"白霜らいふ",-11.871,-64.701,0,"인생최패망자",17.367,-47.046,0,"sano jpn",10.07,-65.629,81,"Ѕeyeon",43.564,-100.281,0,"IbikiKai_JP",-0.941,-119.902,0,"NABIMan",-52.164,-102.091,99,4396.537,-59.043,-102.927,4396.854,8,"NABIMan",-57.007,-100.435,0,0,,,,,25,1
94,5,1,3,2,0,0,1,0,0,0,255,255,255,54,4418.191,"P0TA0",R,32,56,112,0.762,0.161,0.203,1.802,-0.021,1.646,-36.641,77.571,91,9,0,0,0,191.307,-50.065,-17.642,0,0,0,1,8,R,"SUGUN",181.4,82.092,0.496,0,56,W,Y,0,0,0,0,0,0,0,0,0,0,0,0,0,0,0,0,-0.401,-37.607,0,"あおいぬ",-0.006,-17.584,0,"ʚEveɞ",-21.194,-48.054,0,"白霜らいふ",-14.326,-63.351,0,"인생최패망자",16.8,-46.354,0,"sano jpn",5.243,-65.541,0,"Ѕeyeon",43.541,-101.411,0,"IbikiKai_JP",-4.046,-124.066,0,"NABIMan",-51.936,-101.299,0,0,0,0,0,0,"",0,0,0,0,4419.637,,,,0,0
95,5,1,3,2,0,1,1,0,0,0,255,255,255,55,4434.588,"P0TA0",R,3,54,104,-2.12,-0.758,0.12,1.677,-0.425,1.163,-36.641,67.606,94,6,0,1,0,-251.04,0,-2.356,0,0,0,1,8,R,"SUGUN",181.4,82.092,0.496,0,56,W,Y,0,0,0,0,0,0,0,0,0,0,0,0,0,0,0,0,-0.447,-37.618,0,"あおいぬ",-0.24,-17.68,0,"ʚEveɞ",-21.167,-47.996,0,"白霜らいふ",-14.401,-63.524,0,"인생최패망자",16.828,-46.368,0,"sano jpn",7.284,-66.292,0,"Ѕeyeon",45.659,-100.271,0,"IbikiKai_JP",-4.525,-123.013,0,"NABIMan",-52.28,-101.424,0,0,0,0,0,0,"",0,0,0,0,4436.187,,,,0,0
96,5,1,3,2,1,1,1,0,0,0,255,255,255,56,4450.448,"P0TA0",R,10,57,91,-0.987,-2.587,0.231,1.451,-0.205,0.703,-36.641,36.613,100,0,0,1,0,-94.547,400,-29.593,-0.175,-20.662,0,1,8,R,"SUGUN",181.4,82.092,0.496,0,56,W,Y,0,0,0,0,0,0,0,0,0,0,0,0,0,0,0,0,-0.19,-37.951,0,"あおいぬ",0.036,-17.555,0,"ʚEveɞ",-21.161,-48.038,0,"白霜らいふ",-14.395,-63.895,0,"인생최패망자",16.776,-46.33,0,"sano jpn",3.188,-65.32,0,"Ѕeyeon",45.682,-100.306,0,"IbikiKai_JP",-3.406,-123.298,0,"NABIMan",-51.835,-101.771,0,0,0,0,0,0,"",0,0,0,0,4451.987,,,,0,0
97,5,1,3,2,2,1,1,0,0,0,255,255,255,57,4465.762,"P0TA0",R,13,66,107,-2.944,-0.879,0.157,1.692,-0.475,1.445,-36.641,57.478,93,7,0,4,0,-420.771,250.769,-10.304,0,0,1,1,8,R,"SUGUN",181.4,82.092,0.496,0,56,W,Y,0,0,0,0,0,0,0,0,0,0,0,0,0,0,0,0,-0.144,-37.584,0,"あおいぬ",-0.211,-17.649,0,"ʚEveɞ",-21.12,-48.001,0,"白霜らいふ",-14.455,-64.079,0,"인생최패망자",16.947,-46.485,0,"sano jpn",5.428,-65.489,0,"Ѕeyeon",45.663,-100.26,0,"IbikiKai_JP",-2.032,-124.255,0,"NABIMan",-52.314,-101.683,0,0,0,0,0,0,"",0,0,0,0,4467.204,,,,0,0
98,5,1,3,2,2,2,1,0,0,0,255,255,255,58,4481.771,"P0TA0",R,13,70,110,-4.095,-1.138,0.091,1.696,-1.057,1.359,-36.641,55.816,96,4,0,1,0,-390.434,312.348,-19.897,0,0,0,1,8,R,"SUGUN",181.4,82.092,0.496,0,56,W,Y,0,0,0,0,0,0,0,0,0,0,0,0,0,0,0,0,-0.274,-37.717,0,"あおいぬ",-0.25,-17.609,0,"ʚEveɞ",-21.132,-47.92,0,"白霜らいふ",-14.707,-63.853,0,"인생최패망자",16.937,-46.485,0,"sano jpn",3.935,-66.498,0,"Ѕeyeon",45.905,-100.985,0,"IbikiKai_JP",-1.596,-124.131,0,"NABIMan",-52.089,-102.06,0,0,0,0,0,0,"",0,0,0,0,4483.287,,,,0,0
99,5,1,3,2,3,2,1,0,0,0,255,255,255,59,4497.179,"P0TA0",R,33,54,110,-0.566,-0.882,0.133,1.675,-0.461,0.986,-36.641,61.282,96,4,0,2,0,113.019,-81.577,-12.514,0,0,1,1,8,R,"SUGUN",181.4,82.092,0.496,3,56,W,Y,4498.256,255,96,145,64,39,145,104,7.787,9.235,0.02,0,0.359,192.335,489.324,143.536,-0.391,-37.602,0,"あおいぬ",-0.169,-17.795,0,"ʚEveɞ",-21.109,-47.917,0,"白霜らいふ",-13.971,-63.776,88,"인생최패망자",16.946,-46.489,0,"sano jpn",7.456,-65.423,0,"Ѕeyeon",45.963,-101.17,0,"IbikiKai_JP",-3.696,-124.676,0,"NABIMan",-51.63,-101.729,0,0,0,0,4500.371,3,"白霜らいふ",-9.333,-63.451,0,0,,,,,62,1
100,5,1,3,2,0,0,2,0,0,0,255,255,255,60,4628.996,"P0TA0",R,3,66,109,-1.916,-1.495,0.233,1.556,-0.082,0.766,-36.641,52.119,93,7,0,4,0,-404.645,66.871,-5.356,0,0,1,2,4,R,"Penguin_iDOL",190,80,0.404,0,56,W,Y,0,0,0,0,0,0,0,0,0,0,0,0,0,0,0,0,0.077,-37.683,0,"あおいぬ",-0.076,-17.599,0,"ʚEveɞ",-21.407,-47.095,0,"白霜らいふ",-13.431,-64.007,0,"인생최패망자",18.615,-46.97,0,"sano jpn",4.596,-66.151,0,"Ѕeyeon",43.492,-102.769,0,"IbikiKai_JP",-5.66,-125.089,0,"NABIMan",-52.113,-108.361,0,0,0,0,0,0,"",0,0,0,0,4630.437,,,,0,0
101,5,1,3,2,0,1,2,0,0,0,255,255,255,61,4646.419,"P0TA0",R,3,58,103,-5.438,1.433,-0.035,1.941,-1.514,2.686,-36.641,74.286,88,12,0,1,0,-419.688,113.137,4.859,0,0,0,2,4,R,"Penguin_iDOL",190,80,0.404,0,56,W,Y,0,0,0,0,0,0,0,0,0,0,0,0,0,0,0,0,-0.324,-37.926,0,"あおいぬ",-1.064,-18.527,0,"ʚEveɞ",-21.516,-47.292,0,"白霜らいふ",-12.823,-64.205,0,"인생최패망자",18.377,-47.517,0,"sano jpn",6.244,-66.427,0,"Ѕeyeon",43.519,-102.819,0,"IbikiKai_JP",-5.714,-125.568,0,"NABIMan",-53.307,-108.283,0,0,0,0,0,0,"",0,0,0,0,4647.987,,,,0,0
102,5,1,3,2,1,1,2,0,0,0,255,255,255,62,4663.249,"P0TA0",R,32,73,124,3.253,1.149,0.328,1.866,1.005,2.237,-36.641,70.948,89,11,0,4,0,172.581,-160.117,5.14,-0.616,-21.084,1,2,4,R,"Penguin_iDOL",190,80,0.404,0,56,W,Y,0,0,0,0,0,0,0,0,0,0,0,0,0,0,0,0,-0.13,-37.378,0,"あおいぬ",0.816,-18.353,0,"ʚEveɞ",-21.52,-47.22,0,"白霜らいふ",-12.617,-64.334,0,"인생최패망자",18.391,-47.526,0,"sano jpn",6.763,-66.382,0,"Ѕeyeon",43.514,-102.809,0,"IbikiKai_JP",-5.806,-125.541,0,"NABIMan",-54.137,-106.738,0,0,0,0,0,0,"",0,0,0,0,4666.97,,,,0,0
103,5,1,3,2,1,2,2,0,0,0,255,255,255,63,4686.475,"P0TA0",R,10,56,90,0.114,-2.48,0.25,1.437,0.053,0.636,-36.641,38.895,100,0,0,1,0,-4.785,400,-22.317,0.021,-20.52,0,2,4,R,"Penguin_iDOL",190,80,0.404,0,56,W,Y,0,0,0,0,0,0,0,0,0,0,0,0,0,0,0,0,-0.409,-37.621,0,"あおいぬ",-0.059,-17.768,0,"ʚEveɞ",-21.645,-47.584,0,"白霜らいふ",-12.889,-64.307,0,"인생최패망자",18.222,-47.418,0,"sano jpn",1.268,-63.304,0,"Ѕeyeon",43.524,-102.827,0,"IbikiKai_JP",-5.231,-122.497,0,"NABIMan",-53.711,-107.075,0,0,0,0,0,0,"",0,0,0,0,4688.104,,,,0,0
104,5,1,3,2,2,2,2,0,0,0,255,255,255,64,4702.785,"P0TA0",R,27,65,118,-0.219,3.383,0.072,2.122,-0.318,3.59,-36.641,85.765,82,17,1,1,0,130.038,-138.889,10.859,0,0,0,2,4,R,"Penguin_iDOL",190,80,0.404,0,56,W,Y,0,0,0,0,0,0,0,0,0,0,0,0,0,0,0,0,-0.468,-37.496,0,"あおいぬ",-0.139,-18.192,0,"ʚEveɞ",-21.528,-47.582,0,"白霜らいふ",-12.674,-64.467,0,"인생최패망자",18.38,-47.524,0,"sano jpn",6.022,-66.37,0,"Ѕeyeon",43.494,-102.799,0,"IbikiKai_JP",-4.963,-122.436,0,"NABIMan",-54.203,-107.549,0,0,0,0,0,0,"",0,0,0,0,4704.204,,,,0,0
105,5,1,3,2,3,2,2,0,0,0,255,255,255,65,4718.337,"P0TA0",R,3,50,98,1.04,0.33,0.346,1.806,1.224,1.834,-36.641,85.991,92,8,0,0,0,-361.512,0,-12.892,0,0,0,2,4,R,"Penguin_iDOL",190,80,0.404,0,56,W,Y,0,0,0,0,0,0,0,0,0,0,0,0,0,0,0,0,-0.292,-37.605,0,"あおいぬ",0.018,-17.685,0,"ʚEveɞ",-21.553,-47.591,0,"白霜らいふ",-12.657,-64.017,0,"인생최패망자",18.387,-47.537,0,"sano jpn",10.992,-65.352,0,"Ѕeyeon",43.504,-102.822,0,"IbikiKai_JP",-5.312,-124.923,0,"NABIMan",-53.725,-107.863,0,0,0,0,0,0,"",0,0,0,4,4719.854,,,,0,0
106,5,0,3,2,0,0,0,0,0,0,255,255,255,39,4771.303,"Kr_Luna",L,27,85,137,2.273,0.905,0.034,1.915,1.088,1.983,-36.808,42.969,93,7,0,4,0,-68.548,-118.886,0,0,0,1,6,6,R,"Ѕeyeon",171.3,85,0.35,0,56,W,Y,0,0,0,0,0,0,0,0,0,0,0,0,0,0,0,0,0.202,-38.137,0,"가앤슬_",0.172,-17.656,0,"HANA_ARASHI",-21.205,-48.776,0,"Yaksok~",-15.676,-62.56,0,"Penguin_iDOL",21.037,-53.199,0,"CVPileMaki",11.81,-62.62,0,"-KYU-",39.125,-91.124,0,"k@ster",-1.003,-103.468,0,"SUGUN",-40.442,-85.756,0,0,0,0,0,0,"",0,0,0,0,4772.937,,,,0,0
107,5,0,3,2,0,1,0,0,0,0,255,255,255,40,4789.17,"Kr_Luna",L,27,85,137,1.267,0.721,-0.06,1.839,0.652,1.892,-36.808,31.787,92,6,2,2,0,-68.279,-108.718,0,0,0,1,6,6,R,"Ѕeyeon",171.3,85,0.35,3,56,W,Y,4790.152,127,71,90,54,21,138,80,55.284,-46.869,-0.81,0,0.451,399.728,-154.955,129.661,0.149,-37.811,0,"가앤슬_",0.131,-18.001,0,"HANA_ARASHI",-21.009,-48.193,0,"Yaksok~",-15.786,-63.202,0,"Penguin_iDOL",21.099,-53.197,0,"CVPileMaki",12.614,-63.063,0,"-KYU-",39.126,-91.141,0,"k@ster",-0.931,-103.398,0,"SUGUN",-40.313,-85.815,0,4795.404,42.803,-56.381,0,0,"",0,0,0,0,,,,,16,3
108,5,0,3,2,0,2,0,0,0,0,255,255,255,41,4817.508,"Kr_Luna",L,27,80,131,-0.368,2.373,-0.141,2.128,-0.032,2.773,-36.808,59.142,86,12,2,2,0,-81.642,-149.97,0,0,0,1,6,6,R,"Ѕeyeon",171.3,85,0.35,3,56,W,Y,4818.524,189,85,72,45,20,138,126,106.195,62.738,0.42,0,0.554,357.563,70.868,220.31,0.073,-37.707,0,"가앤슬_",-0.04,-17.99,0,"HANA_ARASHI",-20.973,-47.68,0,"Yaksok~",-14.836,-63.978,0,"Penguin_iDOL",22.823,-51.478,0,"CVPileMaki",13.135,-62.813,0,"-KYU-",44.736,-94.391,0,"k@ster",-0.19,-103.931,0,"SUGUN",-40.97,-87.378,0,0,0,0,0,0,"",0,0,0,0,,,,,16,3
109,5,0,3,2,0,2,0,0,0,0,255,255,255,42,4834.817,"Kr_Luna",L,26,87,140,1.384,0.821,-0.041,1.886,0.738,1.888,-36.808,35.048,91,8,1,0,0,-95.989,-172.105,0,0,0,1,6,6,R,"Ѕeyeon",171.3,85,0.35,0,56,W,Y,0,0,0,0,0,0,0,0,0,0,0,0,0,0,0,0,0.166,-37.822,0,"가앤슬_",0.132,-17.578,0,"HANA_ARASHI",-20.527,-47.605,0,"Yaksok~",-15.053,-64.16,0,"Penguin_iDOL",22.801,-51.639,0,"CVPileMaki",13.168,-63.568,0,"-KYU-",41.158,-93.882,0,"k@ster",2.683,-105.053,0,"SUGUN",-45.13,-90.724,0,0,0,0,0,0,"",0,0,0,0,4836.404,,,,0,0
110,5,0,3,2,0,0,1,0,0,0,255,255,255,43,4857.381,"Kr_Luna",L,27,87,140,-1.102,1.223,-0.276,1.954,-0.354,2.148,-36.808,47.36,89,7,3,2,0,-84.699,-109.629,0,0,0,1,7,7,L,"IbikiKai_JP",166.1,85.479,0.4,3,56,W,Y,4858.495,141,54,48,44,24,130,85,55.078,-55.303,-0.15,0,0.228,-140.128,-392.636,431.511,0.09,-37.688,0,"가앤슬_",-0.072,-17.849,0,"HANA_ARASHI",-19.014,-47.145,0,"Yaksok~",-9.073,-65.492,0,"Penguin_iDOL",22.316,-52.148,0,"CVPileMaki",15.833,-63.124,0,"-KYU-",38.853,-94.392,0,"k@ster",-0.228,-99.877,0,"SUGUN",-40.556,-87.608,0,4863.72,55.062,-52.892,0,0,"",0,0,0,0,,,,,16,3
111,5,0,3,2,0,1,1,0,0,0,255,255,255,44,4881.048,"Kr_Luna",L,27,85,137,-0.955,1.118,-0.266,1.936,-0.309,2.082,-36.808,40.274,90,6,3,2,0,-69.484,-115.428,0,0,0,1,7,7,L,"IbikiKai_JP",166.1,85.479,0.4,3,36,W,Y,4882.251,153,76,49,50,36,133,125,-30,-11.441,0.55,0,0.263,-489.241,-86.802,-79.687,0.192,-37.788,0,"가앤슬_",-0.054,-17.822,0,"HANA_ARASHI",-19.618,-46.185,84,"Yaksok~",-10.399,-65.48,0,"Penguin_iDOL",22.633,-50.36,0,"CVPileMaki",16.035,-62.915,105,"-KYU-",40.912,-92.797,0,"k@ster",1.054,-100.682,0,"SUGUN",-39.424,-87.214,0,4882.354,0.201,-20.181,4884.387,5,"CVPileMaki",8.747,-62.24,0,0,,,,,56,2
112,5,0,3,2,0,0,2,0,0,0,255,255,255,45,4910.923,"Kr_Luna",L,26,85,138,0.978,2.055,-0.082,2.107,0.547,2.728,-36.808,53.64,88,10,2,1,0,-83.408,-181.526,0,0,0,0,8,1,R,"あおいぬ",190,90.486,0.43,0,56,W,Y,0,0,0,0,0,0,0,0,0,0,0,0,0,0,0,0,0.2,-38.045,0,"가앤슬_",0.104,-17.78,0,"HANA_ARASHI",-20.795,-47.02,0,"Yaksok~",-17.134,-65.241,0,"Penguin_iDOL",16.478,-60.365,0,"CVPileMaki",2.413,-67.911,0,"-KYU-",37.441,-99.397,0,"k@ster",-5.367,-118.132,0,"SUGUN",-49.469,-92.764,0,0,0,0,0,0,"",0,0,0,0,4912.587,,,,0,0
113,5,0,3,2,1,0,2,0,0,0,255,255,255,46,4928.519,"Kr_Luna",L,26,93,140,1.509,-0.786,-0.037,1.708,0.757,0.954,-36.808,30.388,91,6,3,1,0,-70.46,-172.634,0,0,0,0,8,1,R,"あおいぬ",190,90.486,0.43,0,56,W,Y,0,0,0,0,0,0,0,0,0,0,0,0,0,0,0,0,0.181,-37.984,0,"가앤슬_",0.199,-17.72,0,"HANA_ARASHI",-20.283,-47.001,0,"Yaksok~",-16.927,-65.968,0,"Penguin_iDOL",18.552,-58.791,0,"CVPileMaki",4.165,-67.201,0,"-KYU-",40.256,-96.944,0,"k@ster",-5.363,-118.032,0,"SUGUN",-47.928,-92.2,0,0,0,0,0,0,"",0,0,0,0,4930.204,,,,0,0
114,5,0,3,2,2,0,2,0,0,0,255,255,255,47,4946.385,"Kr_Luna",L,27,87,140,0.998,0.987,-0.081,1.963,0.552,2.105,-36.808,49.651,90,7,3,2,0,-82.365,-130.209,0,0,0,0,8,1,R,"あおいぬ",190,90.486,0.43,3,56,W,Y,4947.526,135,30,76,50,12,138,128,30.826,33.639,0.66,0,0.38,79.801,486.014,-131.491,0.168,-37.769,0,"가앤슬_",0.238,-17.914,0,"HANA_ARASHI",-19.587,-47.015,0,"Yaksok~",-17.115,-65.881,0,"Penguin_iDOL",18.426,-58.829,0,"CVPileMaki",2.492,-67.725,0,"-KYU-",40,-97.165,0,"k@ster",-4.527,-118.139,0,"SUGUN",-47.905,-92.221,0,4952.837,-73.587,-106.367,0,0,"",0,0,0,0,,4958.159,4963.411,4960.137,24,4
115,5,0,3,3,0,0,2,0,0,0,255,255,255,48,5053.634,"Kr_Luna",L,10,76,117,1.384,-1.682,-0.07,1.734,0.604,1.038,-36.808,31.758,91,9,0,1,0,0,400,0,0,0,0,0,8,R,"NABIMan",190,83.228,0.48,0,27,W,Y,0,0,0,0,0,0,0,0,0,0,0,0,0,0,0,0,0.352,-37.836,0,"가앤슬_",0.127,-17.723,0,"HANA_ARASHI",-20.684,-47.593,0,"Yaksok~",-15.243,-64.014,0,"Penguin_iDOL",23.321,-52.076,0,"CVPileMaki",14.16,-64.027,0,"-KYU-",43.411,-98.207,0,"k@ster",-0.394,-117.324,0,"SUGUN",-48.243,-91.521,0,0,0,0,0,0,"",0,0,0,0,5055.271,,,,0,0
116,5,0,3,3,1,0,2,0,0,0,255,255,255,49,5073.968,"Kr_Luna",L,26,86,139,2.314,0.098,-0.019,1.833,1.04,1.693,-36.808,37.189,90,7,3,2,0,-89.896,-178.769,0,0,0,1,0,8,R,"NABIMan",190,83.228,0.48,3,27,W,Y,5074.933,180,107,124,144,35,145,122,102.371,-56.624,0.22,0,0.389,400.145,146.305,161.844,0.21,-37.8,0,"가앤슬_",0.371,-17.848,0,"HANA_ARASHI",-20.803,-48.041,0,"Yaksok~",-15.494,-64.801,0,"Penguin_iDOL",23.16,-52.061,0,"CVPileMaki",14.134,-64.091,0,"-KYU-",43.387,-98.213,0,"k@ster",-0.39,-117.334,0,"SUGUN",-48.222,-91.513,0,0,0,0,0,0,"",0,0,0,0,,,,,16,3
117,5,0,3,3,1,1,2,0,0,0,255,255,255,50,5096.196,"Kr_Luna",L,27,85,138,1.677,1.341,-0.025,1.981,0.815,2.33,-36.808,38.678,88,9,3,2,0,-58.44,-126.782,0,0,0,1,0,8,R,"NABIMan",190,83.228,0.48,3,27,W,Y,5097.104,255,89,36,104,89,120,75,13.666,-39.607,-0.8,0,0.285,352.34,54.676,-209.578,0.212,-37.864,0,"가앤슬_",0.286,-18.008,0,"HANA_ARASHI",-20.862,-47.254,0,"Yaksok~",-16.293,-66.015,0,"Penguin_iDOL",22.653,-52.596,0,"CVPileMaki",14.387,-64.049,0,"-KYU-",43.752,-99.619,0,"k@ster",-0.308,-118.664,0,"SUGUN",-48.653,-92.351,0,0,0,0,5099.437,4,"Penguin_iDOL",21.436,-46.01,0,0,,,,,12,1
118,6,1,3,3,0,0,0,0,0,0,255,255,255,66,5142.448,"P0TA0",R,13,56,100,-2.683,-2.303,0.167,1.572,-0.469,0.689,-36.641,51.822,98,2,0,4,0,-332.712,340.671,-14.824,0,0,1,3,2,R,"HANA_ARASHI",190,90,0.25,0,56,W,Y,0,0,0,0,0,0,0,0,0,0,0,0,0,0,0,0,-0.372,-37.888,0,"あおいぬ",-0.333,-17.849,0,"ʚEveɞ",-21.301,-48.307,0,"白霜らいふ",-11.1,-64.199,0,"인생최패망자",17.559,-46.276,0,"sano jpn",5.73,-64.75,0,"Ѕeyeon",41.991,-101.603,0,"IbikiKai_JP",-3.409,-125.537,0,"NABIMan",-47.631,-97.65,0,0,0,0,0,0,"",0,0,0,0,5144.071,,,,0,0
119,6,1,3,3,0,1,0,0,0,0,255,255,255,67,5155.943,"P0TA0",R,26,75,126,-4.482,-0.785,-0.224,1.48,-1.972,0.952,-36.641,12.108,97,3,0,1,0,16.178,-167.839,-1.157,0,0,0,3,2,R,"HANA_ARASHI",190,90,0.25,0,56,W,Y,0,0,0,0,0,0,0,0,0,0,0,0,0,0,0,0,-0.107,-37.906,0,"あおいぬ",-0.769,-17.894,0,"ʚEveɞ",-21.291,-48.344,0,"白霜らいふ",-12.073,-63.844,0,"인생최패망자",17.335,-46.441,0,"sano jpn",9.645,-64.033,0,"Ѕeyeon",42.697,-100.836,0,"IbikiKai_JP",-3.781,-125.203,0,"NABIMan",-48.621,-100.48,0,0,0,0,0,0,"",0,0,0,0,5157.271,,,,0,0
120,6,1,3,3,1,1,0,0,0,0,255,255,255,68,5167.861,"P0TA0",R,3,50,101,-4.777,-1.254,0.016,1.681,-1.498,0.859,-36.641,53.82,94,6,0,4,0,-280.053,16.272,-14.294,0,0,1,3,2,R,"HANA_ARASHI",190,90,0.25,0,56,W,Y,0,0,0,0,0,0,0,0,0,0,0,0,0,0,0,0,-0.094,-37.883,0,"あおいぬ",-0.462,-17.778,0,"ʚEveɞ",-21.261,-48.294,0,"白霜らいふ",-12.18,-63.866,0,"인생최패망자",17.151,-46.641,0,"sano jpn",6.805,-63.819,0,"Ѕeyeon",42.696,-100.88,0,"IbikiKai_JP",-4.506,-124.682,0,"NABIMan",-54.511,-101.853,0,0,0,0,0,0,"",0,0,0,0,5169.387,,,,0,0
121,6,1,3,3,1,2,0,0,0,0,255,255,255,69,5181.857,"P0TA0",R,13,56,102,-1.108,-2.196,0.274,1.572,0.175,0.613,-36.641,52.244,100,0,0,4,0,-323.681,254.426,-16.093,-0.254,-19.664,1,3,2,R,"HANA_ARASHI",190,90,0.25,0,56,W,Y,0,0,0,0,0,0,0,0,0,0,0,0,0,0,0,0,0.072,-37.822,0,"あおいぬ",0.854,-19.538,0,"ʚEveɞ",-21.498,-47.555,0,"白霜らいふ",-13.067,-63.396,0,"인생최패망자",17.707,-46.118,0,"sano jpn",5.878,-65.492,0,"Ѕeyeon",42.692,-100.857,0,"IbikiKai_JP",-4.309,-124.687,0,"NABIMan",-54.713,-106.483,0,0,0,0,0,0,"",0,0,0,8,5183.354,,,,0,0
122,6,1,3,3,0,0,1,0,0,0,255,255,255,70,5204.875,"P0TA0",R,26,82,133,-2.486,-0.27,-0.031,1.659,-1.194,1.263,-36.641,26.271,95,5,0,1,0,76.336,-189.844,-2.58,0,0,0,4,0,L,"Kr_Luna",190,95.256,0.499,0,56,W,Y,0,0,0,0,0,0,0,0,0,0,0,0,0,0,0,0,-0.216,-37.863,0,"あおいぬ",-0.229,-17.832,0,"ʚEveɞ",-21.576,-48.235,0,"白霜らいふ",-10.947,-64.422,0,"인생최패망자",17.429,-44.68,0,"sano jpn",11.187,-65.1,0,"Ѕeyeon",50.384,-96.517,0,"IbikiKai_JP",4.634,-126.779,0,"NABIMan",-45.553,-110.662,0,0,0,0,0,0,"",0,0,0,0,5206.037,,,,0,0
123,6,1,3,3,1,0,1,0,0,0,255,255,255,71,5217.592,"P0TA0",R,32,67,120,0.008,2.222,0.112,1.98,-0.264,2.866,-36.641,69.083,89,11,0,1,0,159.165,-133.464,15.065,0,0,0,4,0,L,"Kr_Luna",190,95.256,0.499,0,56,W,Y,0,0,0,0,0,0,0,0,0,0,0,0,0,0,0,0,-0.003,-37.6,0,"あおいぬ",-0.17,-17.887,0,"ʚEveɞ",-21.605,-48.301,0,"白霜らいふ",-11.331,-64.637,0,"인생최패망자",17.502,-44.569,0,"sano jpn",9.466,-63.272,0,"Ѕeyeon",50.413,-96.559,0,"IbikiKai_JP",6.971,-125.547,0,"NABIMan",-44.59,-110.965,0,0,0,0,0,0,"",0,0,0,0,5218.787,,,,0,0
124,6,1,3,3,2,0,1,0,0,0,255,255,255,72,5231.457,"P0TA0",R,10,55,102,-0.603,-2.529,0.225,1.294,-0.27,0.116,-36.641,27.317,70,30,0,1,0,0,400,-51.816,-0.081,-21.942,0,4,0,L,"Kr_Luna",190,95.256,0.499,0,56,W,Y,0,0,0,0,0,0,0,0,0,0,0,0,0,0,0,0,-0.018,-37.929,0,"あおいぬ",0.09,-17.768,0,"ʚEveɞ",-21.566,-48.258,0,"白霜らいふ",-11.338,-64.604,0,"인생최패망자",17.568,-44.655,0,"sano jpn",6.792,-64.21,0,"Ѕeyeon",50.382,-96.512,0,"IbikiKai_JP",3.491,-126.149,0,"NABIMan",-44.597,-110.979,0,0,0,0,0,0,"",0,0,0,0,5232.737,,,,0,0
125,6,1,3,3,3,0,1,0,0,0,255,255,255,73,5244.041,"P0TA0",R,27,81,132,-1.034,-0.086,0.08,1.723,-0.57,1.436,-36.641,40.171,95,5,0,2,0,79.275,-123.417,0.688,0,0,1,4,0,L,"Kr_Luna",190,95.256,0.499,3,56,W,Y,5244.866,243,93,167,99,48,145,130,98.352,53.244,0.57,0,0.157,-59.438,-181.107,-530.221,-0.388,-37.618,0,"あおいぬ",-0.138,-17.946,0,"ʚEveɞ",-21.635,-48.2,0,"白霜らいふ",-11.231,-64.758,0,"인생최패망자",17.434,-44.466,0,"sano jpn",12.585,-62.689,0,"Ѕeyeon",50.414,-96.559,0,"IbikiKai_JP",3.79,-126.094,0,"NABIMan",-44.667,-110.98,0,0,0,0,0,0,"",0,0,0,0,,,,,8,3
126,6,1,3,3,3,1,1,0,0,0,255,255,255,74,5259.313,"P0TA0",R,10,57,105,0.509,-2.347,0.29,1.502,0.213,0.573,-36.641,39.494,100,0,0,1,0,0,302.85,-23.569,0,0,0,4,0,L,"Kr_Luna",190,95.256,0.499,0,56,W,Y,0,0,0,0,0,0,0,0,0,0,0,0,0,0,0,0,0.062,-37.642,0,"あおいぬ",-0.041,-18.301,0,"ʚEveɞ",-21.64,-48.052,0,"白霜らいふ",-10.885,-64.134,0,"인생최패망자",17.568,-44.564,0,"sano jpn",8.934,-60.758,0,"Ѕeyeon",51.964,-96.37,0,"IbikiKai_JP",4.687,-124.412,0,"NABIMan",-42.841,-115.467,0,0,0,0,0,0,"",0,0,0,0,5260.687,,,5268.998,0,5
127,6,1,3,3,0,0,1,1,0,0,0,255,255,75,5283.891,"P0TA0",R,3,53,102,-1.407,-1.9,0.233,1.552,-0.028,0.607,-36.641,46.732,97,3,0,1,0,-289.189,45.735,-11.472,-0.39,-18.435,0,5,5,R,"CVPileMaki",172.2,94,0.397,0,56,W,Y,0,0,0,0,0,0,0,0,0,0,0,0,0,0,0,0,0.038,-37.693,0,"あおいぬ",-0.09,-17.774,0,"ʚEveɞ",-19.506,-44.104,0,"白霜らいふ",-11.867,-62.224,0,"인생최패망자",14.951,-44.809,0,"sano jpn",2.242,-61.443,0,"Ѕeyeon",43.082,-100.084,0,"IbikiKai_JP",-4.334,-124.762,0,"NABIMan",-52.859,-104.663,0,0,0,0,0,0,"",0,0,0,0,5285.504,,,,0,0
128,6,1,3,3,1,0,1,1,0,0,0,255,255,76,5305.342,"P0TA0",R,32,56,111,1.631,-0.665,0.338,1.644,0.354,1.134,-36.641,56.053,97,3,0,1,0,188.289,-76.439,-42.801,0.544,-14.452,0,5,5,R,"CVPileMaki",172.2,94,0.397,0,56,W,Y,0,0,0,0,0,0,0,0,0,0,0,0,0,0,0,0,0.047,-37.497,0,"あおいぬ",0.35,-18.044,0,"ʚEveɞ",-19.698,-44.322,0,"白霜らいふ",-11.894,-62.618,0,"인생최패망자",16.088,-43.872,0,"sano jpn",3.877,-61.427,0,"Ѕeyeon",40.064,-98.776,0,"IbikiKai_JP",-3.353,-125.289,0,"NABIMan",-52.101,-105.861,0,0,0,0,0,0,"",0,0,0,0,5307.104,,,,0,0
129,6,1,3,3,2,0,1,1,0,0,0,255,255,77,5324.407,"P0TA0",R,3,55,101,-2.301,0.066,0.239,1.72,-0.196,1.658,-36.641,62.459,90,10,0,2,0,-391.352,0,-0.246,0,0,1,5,5,R,"CVPileMaki",172.2,94,0.397,3,56,W,Y,5325.642,255,120,129,143,124,145,81,-0.918,22.409,1,0,0.238,-33.69,-530.609,-191.104,-0.316,-37.681,0,"あおいぬ",-0.357,-17.915,0,"ʚEveɞ",-18.933,-46.39,0,"白霜らいふ",-11.993,-62.699,72,"인생최패망자",15.224,-45.056,104,"sano jpn",5.787,-61.035,0,"Ѕeyeon",40.795,-98.694,0,"IbikiKai_JP",-1.677,-126.609,0,"NABIMan",-53.071,-107.009,0,5326.221,-4.611,-29.242,5328.137,3,"白霜らいふ",-12.784,-54.822,1,0,,5329.803,5335.974,,44,2
130,6,1,3,3,0,0,1,0,1,1,255,5,0,78,5368.346,"P0TA0",R,3,57,103,-3.921,-0.998,0.124,1.623,-0.922,1.025,-36.641,51.355,96,4,0,1,0,-389.249,0,-10.462,0,0,0,6,6,R,"-KYU-",180.7,83,0.433,0,56,W,Y,0,0,0,0,0,0,0,0,0,0,0,0,0,0,0,0,-0.278,-37.71,0,"あおいぬ",-0.419,-17.996,0,"ʚEveɞ",-20.902,-47.42,0,"白霜らいふ",-11.527,-60.8,0,"인생최패망자",16.888,-41.19,0,"sano jpn",4.598,-62.114,0,"Ѕeyeon",38.209,-102.157,0,"IbikiKai_JP",-0.505,-117.81,0,"NABIMan",-54.133,-101.88,0,0,0,0,0,0,"",0,0,0,0,5369.987,5370.887,5370.837,,0,0
131,6,1,3,3,1,0,1,0,1,1,255,5,0,79,5381.76,"P0TA0",R,33,67,120,3.912,2.869,0.345,1.954,1.516,3.212,-36.641,82.353,90,10,0,1,0,107.369,-98.563,10.91,0,0,0,6,6,R,"-KYU-",180.7,83,0.433,0,56,W,Y,0,0,0,0,0,0,0,0,0,0,0,0,0,0,0,0,-0.191,-37.504,0,"あおいぬ",1.302,-19.123,0,"ʚEveɞ",-20.921,-47.696,0,"白霜らいふ",-11.232,-59.714,0,"인생최패망자",17.307,-41.34,0,"sano jpn",5.696,-59.319,0,"Ѕeyeon",39.112,-102.344,0,"IbikiKai_JP",-1.409,-120.814,0,"NABIMan",-52.972,-102.898,0,0,0,0,0,0,"",0,0,0,0,5383.221,,5384.397,,0,0
132,6,1,3,3,2,0,1,0,1,1,255,5,0,80,5396.097,"P0TA0",R,3,60,104,0.337,-0.141,0.387,1.735,1.016,1.59,-36.641,70.236,92,8,0,2,0,-437.847,37.309,-22.224,0,0,1,6,6,R,"-KYU-",180.7,83,0.433,3,56,W,Y,5397.235,220,255,107,103,90,145,88,-30,57.37,0.98,0,0.78,88.493,-321.619,-115.913,-0.322,-37.76,0,"あおいぬ",-0.126,-17.996,0,"ʚEveɞ",-20.854,-47.608,0,"白霜らいふ",-11.981,-62.296,0,"인생최패망자",15.04,-43.414,0,"sano jpn",9.052,-58.739,0,"Ѕeyeon",39.119,-102.36,0,"IbikiKai_JP",0.33,-123.098,0,"NABIMan",-52.121,-102.124,0,5397.471,-2.217,-22.003,0,0,"",0,0,0,0,,5402.224,5401.063,,8,3
133,6,1,3,3,2,1,1,0,1,1,255,5,0,81,5414.712,"P0TA0",R,26,80,130,2.356,0.918,0.334,1.837,0.8,1.965,-36.641,61.491,94,6,0,2,0,144.968,-183.439,-0.896,0,0,1,6,6,R,"-KYU-",180.7,83,0.433,3,49,W,Y,5415.83,217,50,79,82,0,145,99,32.446,-5.727,-0.24,0,0.64,-313.732,257.354,-407.269,-0.284,-37.266,0,"あおいぬ",0.158,-18.055,0,"ʚEveɞ",-21.359,-48.267,107,"白霜らいふ",-14.12,-64.962,105,"인생최패망자",15.393,-43.557,0,"sano jpn",8.01,-58.245,0,"Ѕeyeon",38.201,-100.502,0,"IbikiKai_JP",-2.009,-119.694,102,"NABIMan",-51.097,-102.409,0,5420.387,5.082,-96.322,5421.021,7,"IbikiKai_JP",5.018,-99.249,1,32,5425.721,5418.015,5418.561,5425.751,430,2
134,6,1,4,3,0,0,2,1,0,0,6,255,255,82,5529.803,"P0TA0",R,26,79,129,0.883,0.012,0.26,1.631,0.277,1.44,-36.641,39.053,98,2,0,2,0,76.082,-184.98,-8.214,0,0,1,7,7,R,"mungjungh",190,90.235,0.401,3,57,W,Y,5530.883,255,121,77,57,14,143,115,5.542,3.233,0.15,0,0.475,-60.288,50.154,50.803,-0.462,-37.206,0,"あおいぬ",0.017,-17.859,0,"ʚEveɞ",-19.134,-45.597,0,"白霜らいふ",-13.181,-62.986,0,"인생최패망자",17.639,-46.742,0,"sano jpn",9.555,-65.056,0,"Ѕeyeon",42.105,-103.882,0,"IbikiKai_JP",-7.3,-124.602,0,"NABIMan",-50.275,-101.132,0,0,0,0,5531.871,0,"P0TA0",-0.774,-36.39,0,0,5681.904,,,,447,1
135,6,0,4,3,0,0,0,0,0,0,255,255,255,51,6004.533,"Kr_Luna",L,14,77,115,-0.854,-0.034,-0.129,1.925,0.331,1.976,-36.808,43.431,95,5,0,2,0,-390.434,312.348,0,0,0,1,1,2,L,"ʚEveɞ",190,80,0.404,3,56,W,Y,6005.554,255,70,85,80,5,145,108,29.466,-23.312,0.04,0,0.407,101.483,-66.339,-11.871,0.275,-37.602,0,"mungjungh",-0.157,-17.899,0,"HANA_ARASHI",-20.197,-48.038,0,"Yaksok~",-15.732,-66.283,82,"Penguin_iDOL",19.057,-56.94,0,"CVPileMaki",2.72,-67.514,0,"가앤슬_",47.335,-110.79,93,"Yes_Man_",2.686,-125.032,0,"SUGUN",-47.703,-97.095,0,6010.537,37.532,-104.557,6010.871,6,"가앤슬_",36.107,-101.479,0,0,,,,,273,1
136,6,0,4,3,0,0,1,0,0,0,255,255,255,52,6037.296,"Kr_Luna",L,13,80,117,2.236,-0.748,-0.118,1.775,0.383,1.589,-36.808,19.917,95,5,0,2,0,338.553,367.943,0,0,0,1,2,4,R,"인생최패망자",190,80,0.351,3,77,W,Y,6038.441,235,156,170,113,53,145,105,-58.047,-54.82,-0.1,0,0.34,-362.982,-233.204,-381.521,0.682,-37.701,0,"mungjungh",0.058,-17.791,0,"HANA_ARASHI",-20.607,-48.085,0,"Yaksok~",-7.408,-70.26,0,"Penguin_iDOL",22.266,-54.14,0,"CVPileMaki",14.476,-64.024,0,"가앤슬_",48.341,-108.866,0,"Yes_Man_",13.653,-125.244,0,"SUGUN",-34.359,-95.898,0,6038.537,1.205,-20.952,0,0,"",0,0,0,0,,,,,16,3
137,6,0,4,3,0,1,1,0,0,0,255,255,255,53,6057.329,"Kr_Luna",L,14,67,108,-3.462,-0.488,-0.283,1.963,-0.754,1.729,-36.808,52.527,95,5,0,4,0,-383.336,312.348,0,0,0,1,2,4,R,"인생최패망자",190,80,0.351,0,56,W,Y,0,0,0,0,0,0,0,0,0,0,0,0,0,0,0,0,0.179,-38.159,0,"mungjungh",-0.297,-17.457,0,"HANA_ARASHI",-20.077,-46.515,0,"Yaksok~",-14.851,-66.493,0,"Penguin_iDOL",21.176,-51.396,0,"CVPileMaki",8.402,-64.31,0,"가앤슬_",48.556,-107.693,0,"Yes_Man_",7.764,-126.579,0,"SUGUN",-38.385,-99.987,0,0,0,0,0,0,"",0,0,0,0,6058.971,,,,0,0
138,6,0,4,3,0,2,1,0,0,0,255,255,255,54,6076.537,"Kr_Luna",L,27,86,140,2.08,0.629,0.01,1.994,0.978,1.879,-36.808,43.417,92,6,2,2,0,-51.884,-128.503,0,0,0,1,2,4,R,"인생최패망자",190,80,0.351,3,56,W,Y,6077.622,255,113,158,95,49,145,91,42.396,-37.052,-0.78,0,0.274,61.709,-423.397,49.346,0.284,-37.939,0,"mungjungh",-0.021,-17.596,0,"HANA_ARASHI",-21.551,-48.473,0,"Yaksok~",-15.268,-67.562,88,"Penguin_iDOL",21.751,-52.465,0,"CVPileMaki",15.002,-63.71,0,"가앤슬_",48.688,-107.609,114,"Yes_Man_",7.789,-126.534,0,"SUGUN",-38.485,-100.065,0,6082.67,48.806,-72.428,6085.587,6,"가앤슬_",59.097,-81.328,1,0,,6087.584,,,273,2
139,6,0,4,3,0,0,1,0,1,0,255,14,255,55,6113.995,"Kr_Luna",L,5,72,121,-0.973,1.714,-0.333,2.141,-0.594,2.678,-36.808,63.769,80,18,2,1,0,107.871,9.478,0,0,0,0,3,0,R,"P0TA0",189.5,96.215,0.525,0,39,W,Y,0,0,0,0,0,0,0,0,0,0,0,0,0,0,0,0,-0.121,-37.748,0,"mungjungh",-0.058,-17.27,0,"HANA_ARASHI",-20.604,-47.665,0,"Yaksok~",-15.072,-64.446,0,"Penguin_iDOL",20.31,-49.472,0,"CVPileMaki",1.76,-65.504,0,"가앤슬_",38.131,-117.074,0,"Yes_Man_",-21.238,-124.869,0,"SUGUN",-47.669,-89.695,0,0,0,0,0,0,"",0,0,0,0,6115.471,6116.765,,,0,0
140,6,0,4,3,1,0,1,0,1,0,255,14,255,56,6132.499,"Kr_Luna",L,14,66,107,-3.424,-0.411,-0.263,2.02,-0.788,1.827,-36.808,65.491,97,3,0,1,0,-353.572,343.335,0,0,0,0,3,0,R,"P0TA0",189.5,96.215,0.525,0,39,W,Y,0,0,0,0,0,0,0,0,0,0,0,0,0,0,0,0,0.296,-38.165,0,"mungjungh",-0.317,-17.175,0,"HANA_ARASHI",-20.887,-47.036,0,"Yaksok~",-16.088,-65.357,0,"Penguin_iDOL",20.579,-49.008,0,"CVPileMaki",1.471,-66.517,0,"가앤슬_",38.122,-117.066,0,"Yes_Man_",-21.209,-124.877,0,"SUGUN",-47.832,-89.482,0,0,0,0,0,0,"",0,0,0,0,6133.92,6135.13,,,0,0
141,6,0,4,3,2,0,1,0,1,0,255,14,255,57,6150.466,"Kr_Luna",L,14,71,111,-2.942,-0.687,-0.323,1.912,-0.572,1.616,-36.808,54.817,96,4,0,4,0,-373.31,332.625,0,0,0,1,3,0,R,"P0TA0",189.5,96.215,0.525,0,39,W,Y,0,0,0,0,0,0,0,0,0,0,0,0,0,0,0,0,0.22,-38.123,0,"mungjungh",-0.235,-17.23,0,"HANA_ARASHI",-20.731,-46.982,0,"Yaksok~",-15.356,-65.007,0,"Penguin_iDOL",21.417,-48.712,0,"CVPileMaki",0.732,-65.327,0,"가앤슬_",38.103,-117.105,0,"Yes_Man_",-21.27,-124.868,0,"SUGUN",-47.774,-89.449,0,0,0,0,0,0,"",0,0,0,0,6151.887,6153.437,,,0,0
142,6,0,4,3,2,1,1,0,1,0,255,14,255,58,6195.409,"Kr_Luna",L,13,77,114,2.109,-0.759,-0.146,1.766,0.249,1.561,-36.808,25.733,85,15,0,2,0,371.323,334.842,0,0,0,1,3,0,R,"P0TA0",189.5,96.215,0.525,3,39,W,Y,6196.393,225,117,102,88,48,145,104,34.828,-26.82,0.92,0,0.171,358.866,-360.891,290.525,0.182,-37.716,0,"mungjungh",0.032,-17.38,0,"HANA_ARASHI",-19.985,-46.776,0,"Yaksok~",-15.741,-66.454,79,"Penguin_iDOL",20.638,-47.771,0,"CVPileMaki",8.77,-64.639,0,"가앤슬_",34.001,-107.192,130,"Yes_Man_",-15.713,-122.247,0,"SUGUN",-47.239,-90.461,0,6201.854,46.377,-96.811,6202.188,6,"가앤슬_",44.297,-93.899,0,0,,6202.942,,,273,1
143,6,0,4,3,0,0,2,0,1,0,255,14,255,59,6227.679,"Kr_Luna",L,27,81,131,0.638,1.305,-0.167,1.954,0.393,2.143,-36.808,49.12,90,9,2,1,0,-72.64,-113.167,0,0,0,0,4,5,R,"sano jpn",160,92.118,0.561,0,56,W,Y,0,0,0,0,0,0,0,0,0,0,0,0,0,0,0,0,0.032,-38.029,0,"mungjungh",0.088,-17.263,0,"HANA_ARASHI",-18.58,-46.683,0,"Yaksok~",-15.695,-63.161,0,"Penguin_iDOL",20.333,-49.949,0,"CVPileMaki",1.458,-65.622,0,"가앤슬_",31.363,-100.465,0,"Yes_Man_",-15.695,-108.116,0,"SUGUN",-34.637,-81.393,0,0,0,0,0,0,"",0,0,0,0,6229.204,6230.517,,,0,0
144,6,0,4,3,1,0,2,0,1,0,255,14,255,60,6247.123,"Kr_Luna",L,13,80,117,1.51,-0.276,-0.199,1.895,0.002,1.918,-36.808,38.132,88,12,0,2,0,377.345,328.04,0,0,0,1,4,5,R,"sano jpn",160,92.118,0.561,3,56,W,Y,6248.287,79,94,148,86,43,128,82,-46.276,-35.095,-0.11,0.095,0.36,-386.787,-72.735,65.47,0.267,-37.583,0,"mungjungh",0.09,-17.279,0,"HANA_ARASHI",-18.887,-45.931,0,"Yaksok~",-15.586,-63.375,0,"Penguin_iDOL",20.78,-50.062,118,"CVPileMaki",4.335,-66.308,0,"가앤슬_",32.7,-101.254,0,"Yes_Man_",-13.916,-107.669,0,"SUGUN",-35.293,-82.267,0,6248.354,0.74,-20.103,6250.704,4,"Penguin_iDOL",17.278,-43.553,0,0,,,6252.388,,12,2
145,7,1,4,3,0,0,0,0,0,0,255,255,255,83,6417.167,"P0TA0",R,32,61,115,1.549,-0.181,0.337,1.61,0.267,1.494,-36.641,41.221,23,77,0,2,0,224.907,-5.251,-29.612,0,0,1,8,6,R,"가앤슬_",190,87,0.2,3,56,W,Y,6418.32,252,53,113,85,49,145,90,105.039,74.214,-0.83,0,0.577,47.377,493.121,93.073,0.095,-37.129,0,"あおいぬ",0.003,-17.898,0,"ʚEveɞ",-21.156,-48.015,0,"白霜らいふ",-12.492,-64.483,0,"인생최패망자",17.038,-46.556,0,"sano jpn",7.56,-66.172,0,"Ѕeyeon",43.753,-102.782,0,"IbikiKai_JP",-1.29,-120.058,0,"NABIMan",-48.431,-98.274,0,0,0,0,0,0,"",0,0,0,0,,,,,8,3
146,7,1,4,3,0,1,0,0,0,0,255,255,255,84,6433.021,"P0TA0",R,3,52,102,-1.781,-0.398,0.257,1.57,-0.256,1.38,-36.641,50.056,0,100,0,1,0,-257.18,0,-2.802,0,0,0,8,6,R,"가앤슬_",190,87,0.2,0,56,W,Y,0,0,0,0,0,0,0,0,0,0,0,0,0,0,0,0,-0.362,-37.289,0,"あおいぬ",-0.085,-17.746,0,"ʚEveɞ",-20.829,-47.887,0,"白霜らいふ",-12.678,-64.471,0,"인생최패망자",19.77,-49.352,0,"sano jpn",6.709,-65.415,0,"Ѕeyeon",46.888,-99.221,0,"IbikiKai_JP",-0.096,-119.422,0,"NABIMan",-52.737,-103.482,0,0,0,0,0,0,"",0,0,0,0,6434.737,,,,0,0
147,7,1,4,3,1,1,0,0,0,0,255,255,255,85,6446.691,"P0TA0",R,3,71,112,-2.687,-1.001,0.125,1.492,-0.348,0.99,-36.641,32.423,92,8,0,2,0,-455.212,0,-8.032,0,0,1,8,6,R,"가앤슬_",190,87,0.2,3,56,W,Y,6447.806,255,133,114,123,121,145,93,-15.347,60.191,0.97,0,0.866,204.4,-360.758,105.034,-0.095,-37.438,0,"あおいぬ",-0.33,-18.03,0,"ʚEveɞ",-20.903,-48.056,0,"白霜らいふ",-12.638,-64.502,0,"인생최패망자",19.426,-49.62,0,"sano jpn",8.82,-64.686,0,"Ѕeyeon",46.894,-99.243,0,"IbikiKai_JP",-0.248,-119.239,0,"NABIMan",-51.592,-103.321,0,6448.071,-3.896,-22.705,0,0,"",0,0,0,0,,,,,8,3
148,7,1,4,3,1,2,0,0,0,0,255,255,255,86,6462.819,"P0TA0",R,13,59,102,-4.135,-1.313,-0.016,1.564,-1.005,1.224,-36.641,26.146,74,26,0,2,0,-380.664,285.436,-23.992,0,0,1,8,6,R,"가앤슬_",190,87,0.2,3,56,W,Y,6464.004,206,116,142,154,72,145,93,15.901,51.512,0.97,0,0.876,48.364,-333.851,118.411,-0.421,-37.538,0,"あおいぬ",-0.687,-18.014,0,"ʚEveɞ",-21.047,-47.544,0,"白霜らいふ",-12.874,-64.943,0,"인생최패망자",19.563,-49.045,0,"sano jpn",9.223,-64.932,0,"Ѕeyeon",45.558,-100.348,0,"IbikiKai_JP",-2.272,-117.728,0,"NABIMan",-51.815,-102.641,0,6466.137,-34.984,-50.617,0,0,"",0,0,0,0,,,,,8,3
149,7,1,4,3,1,2,0,0,0,0,255,255,255,87,6478.82,"P0TA0",R,4,55,105,-2.202,-1.752,0.16,1.521,-0.506,0.691,-36.641,42.102,96,4,0,2,0,-231.619,121.691,-18.889,0,0,1,8,6,R,"가앤슬_",190,87,0.2,3,56,W,Y,6479.997,255,131,113,132,81,145,95,103.021,81.14,0.96,0,0.896,-124.461,161.944,-222.311,-0.304,-37.532,0,"あおいぬ",-0.625,-17.998,0,"ʚEveɞ",-21.043,-48.109,0,"白霜らいふ",-12.768,-64.143,0,"인생최패망자",19.017,-48.999,0,"sano jpn",10.201,-64.687,0,"Ѕeyeon",43.899,-98.799,0,"IbikiKai_JP",-3.393,-117.757,0,"NABIMan",-52.346,-102.009,0,6480.154,-0.27,-22.43,0,0,"",0,0,0,0,,,,,8,3
150,7,1,4,3,1,2,0,0,0,0,255,255,255,88,6497.322,"P0TA0",R,5,54,93,-2.294,-0.354,0.085,1.564,-0.702,1.416,-36.641,46.109,72,28,0,2,0,-130.121,0,3.744,0,0,1,8,6,R,"가앤슬_",190,87,0.2,3,56,W,Y,6498.541,233,89,117,136,74,145,130,-2.363,-37.14,0.57,0,0.684,166.177,512.894,69.929,-0.482,-37.314,0,"あおいぬ",-0.571,-18.176,0,"ʚEveɞ",-21.171,-48.287,87,"白霜らいふ",-12.322,-64.314,0,"인생최패망자",18.209,-47.821,120,"sano jpn",11.562,-64.511,0,"Ѕeyeon",44.342,-98.621,0,"IbikiKai_JP",-1.599,-114.822,0,"NABIMan",-52.775,-105.725,0,6499.121,9.788,-35.891,6499.92,4,"인생최패망자",15.843,-44.178,0,0,,,,,14,2
151,7,1,4,3,0,0,1,0,0,0,255,255,255,89,6521.695,"P0TA0",R,33,45,103,-1.796,-0.89,0.1,1.577,-1.027,1.043,-36.641,50.206,87,13,0,1,0,119.463,-49.833,-8.715,0,0,0,0,3,R,"Yaksok~",173.3,80,0.332,0,56,W,Y,0,0,0,0,0,0,0,0,0,0,0,0,0,0,0,0,-0.112,-37.528,0,"あおいぬ",-0.147,-17.802,0,"ʚEveɞ",-21.53,-47.865,0,"白霜らいふ",-12.695,-64.365,0,"인생최패망자",17.715,-47.918,0,"sano jpn",5.509,-63.458,0,"Ѕeyeon",41.394,-101.084,0,"IbikiKai_JP",-2.676,-112.24,0,"NABIMan",-52.949,-101.555,0,0,0,0,0,0,"",0,0,0,0,6523.054,,,,0,0
152,7,1,4,3,1,0,1,0,0,0,255,255,255,90,6535.411,"P0TA0",R,33,84,137,-1.619,-1.131,0.008,1.505,-0.895,0.973,-36.641,7.007,0,100,0,1,0,134.9,20.037,3.43,0,0,0,0,3,R,"Yaksok~",173.3,80,0.332,0,56,W,Y,0,0,0,0,0,0,0,0,0,0,0,0,0,0,0,0,-0.215,-37.446,0,"あおいぬ",-0.403,-17.867,0,"ʚEveɞ",-21.632,-47.945,0,"白霜らいふ",-12.881,-64.404,0,"인생최패망자",18.064,-48.671,0,"sano jpn",6.895,-63.922,0,"Ѕeyeon",41.405,-101.096,0,"IbikiKai_JP",-2.111,-112.311,0,"NABIMan",-53.148,-105.126,0,0,0,0,0,0,"",0,0,0,0,6536.67,,,,0,0
153,7,1,4,3,2,0,1,0,0,0,255,255,255,91,6549.068,"P0TA0",R,3,55,91,-0.901,-0.941,0.31,1.542,0.199,1.094,-36.641,54.106,87,13,0,2,0,-255.338,0,-2.599,0,0,1,0,3,R,"Yaksok~",173.3,80,0.332,3,56,W,Y,6550.148,255,152,96,110,65,145,107,26.395,27.138,0.86,0,0.385,145.314,266.816,380.627,-0.388,-37.604,0,"あおいぬ",-0.15,-17.897,0,"ʚEveɞ",-21.582,-48.07,0,"白霜らいふ",-12.196,-64.509,0,"인생최패망자",17.652,-48.202,0,"sano jpn",9.402,-64.519,84,"Ѕeyeon",41.757,-101.413,0,"IbikiKai_JP",-2.18,-112.293,0,"NABIMan",-53.337,-105.178,106,6554.938,-48.887,-99.368,6555.188,8,"NABIMan",-47.186,-96.876,0,0,,,,,25,1
154,7,1,4,3,0,0,2,0,0,0,255,255,255,92,6574.955,"P0TA0",R,3,61,106,-2.014,-0.75,0.259,1.54,-0.09,1.172,-36.641,48.431,0,100,0,4,0,-407.809,0,-3.045,0,0,1,1,8,R,"SUGUN",181.4,82.092,0.496,0,56,W,Y,0,0,0,0,0,0,0,0,0,0,0,0,0,0,0,0,-0.466,-37.407,0,"あおいぬ",-0.11,-17.543,0,"ʚEveɞ",-21.479,-47.908,0,"白霜らいふ",-12.326,-63.924,0,"인생최패망자",17.916,-47.224,0,"sano jpn",7.269,-66.018,0,"Ѕeyeon",42.311,-100.031,0,"IbikiKai_JP",0.619,-117.598,0,"NABIMan",-52.937,-104.999,0,0,0,0,0,0,"",0,0,0,0,6576.438,,,,0,0
155,7,1,4,3,0,1,2,0,0,0,255,255,255,93,6593.57,"P0TA0",R,3,65,108,-4.897,-0.683,0.059,1.574,-1.306,1.21,-36.641,28.586,12,88,0,1,0,-434.442,0,-11.081,0,0,0,1,8,R,"SUGUN",181.4,82.092,0.496,0,56,W,Y,0,0,0,0,0,0,0,0,0,0,0,0,0,0,0,0,-0.295,-37.814,0,"あおいぬ",-0.594,-17.732,0,"ʚEveɞ",-21.58,-48.049,0,"白霜らいふ",-12.323,-64.101,0,"인생최패망자",18.021,-46.457,0,"sano jpn",5.303,-65.937,0,"Ѕeyeon",42.305,-100.038,0,"IbikiKai_JP",0.497,-117.584,0,"NABIMan",-53.548,-106.032,0,0,0,0,0,0,"",0,0,0,0,6595.071,,,,0,0
156,7,1,4,3,1,1,2,0,0,0,255,255,255,94,6609.286,"P0TA0",R,22,54,105,-0.67,-2.539,0.256,1.446,0,0.363,-36.641,35.687,96,4,0,2,0,-151.303,191.492,-11.915,0,0,1,1,8,R,"SUGUN",181.4,82.092,0.496,3,56,W,Y,6610.348,255,181,100,95,63,145,106,5.993,-7.245,0.9,0,0.691,138.457,-424.583,-266.982,-0.359,-37.612,0,"あおいぬ",-0.125,-17.841,0,"ʚEveɞ",-21.505,-48.143,0,"白霜らいふ",-12.349,-64.618,0,"인생최패망자",18.135,-47.274,0,"sano jpn",7.801,-65.444,95,"Ѕeyeon",42.316,-100.059,0,"IbikiKai_JP",0.693,-117.646,0,"NABIMan",-53.676,-106.161,0,6611.954,6.608,-60.991,6612.221,5,"sano jpn",6.409,-59.988,0,0,,,,,18,2
157,7,0,4,3,0,0,0,0,0,0,255,255,255,61,6669.275,"Kr_Luna",L,28,86,140,1.251,0.687,-0.072,1.899,0.595,1.909,-36.808,42.973,88,10,2,0,0,-34.198,-84.364,0,0,0,0,5,3,R,"白霜らいふ",175.2,80,0.653,0,56,W,Y,0,0,0,0,0,0,0,0,0,0,0,0,0,0,0,0,0.066,-38.019,0,"mungjungh",0.029,-17.394,0,"HANA_ARASHI",-20.63,-48.684,0,"Yaksok~",-15.294,-63.799,0,"Penguin_iDOL",21.171,-49.82,0,"CVPileMaki",15.092,-63.605,0,"가앤슬_",43.64,-95.963,0,"Yes_Man_",-8.705,-108.496,0,"SUGUN",-45.849,-90.243,0,0,0,0,0,0,"",0,0,0,0,6670.737,,,,0,0
158,7,0,4,3,0,1,0,0,0,0,255,255,255,62,6683.901,"Kr_Luna",L,27,82,134,1.235,0.721,-0.07,1.891,0.606,1.879,-36.808,41.253,88,10,2,0,0,-44.688,-129.826,0,0,0,1,5,3,R,"白霜らいふ",175.2,80,0.653,0,56,W,Y,0,0,0,0,0,0,0,0,0,0,0,0,0,0,0,0,-0.01,-38.125,0,"mungjungh",0.059,-17.396,0,"HANA_ARASHI",-21.191,-49.113,0,"Yaksok~",-15.305,-63.807,0,"Penguin_iDOL",21.383,-49.7,0,"CVPileMaki",15.167,-63.854,0,"가앤슬_",43.595,-96.097,0,"Yes_Man_",-8.701,-109.195,0,"SUGUN",-45.928,-90.151,0,0,0,0,0,0,"",0,0,0,0,6685.404,,,,0,0
159,7,0,4,3,0,2,0,0,0,0,255,255,255,63,6702.918,"Kr_Luna",L,27,85,137,1.282,1.017,-0.063,1.913,0.637,1.958,-36.808,40.556,88,10,2,2,0,-59.385,-125.208,0,0,0,1,5,3,R,"白霜らいふ",175.2,80,0.653,3,56,W,Y,6704.087,255,72,100,56,41,145,86,9.376,0.452,-0.79,0,0.562,241.836,22.377,-68.837,0.215,-38.122,0,"mungjungh",0.09,-17.448,0,"HANA_ARASHI",-20.408,-47.9,0,"Yaksok~",-15.223,-63.892,0,"Penguin_iDOL",21.337,-49.735,0,"CVPileMaki",14.907,-63.818,0,"가앤슬_",44.205,-97.551,0,"Yes_Man_",-8.735,-109.164,0,"SUGUN",-46.056,-90.089,0,0,0,0,6705.271,0,"Kr_Luna",0.097,-36.835,0,0,,,,,16,1
160,7,0,4,3,0,0,1,0,0,0,255,255,255,64,6721.837,"Kr_Luna",L,27,85,138,-33.338,2.469,-0.044,1.764,0.725,1.428,-36.808,28.142,90,9,2,2,0,-52.489,-130.446,0,0,0,1,6,6,R,"Ѕeyeon",171.3,85,0.35,3,56,W,Y,6722.814,217,73,104,59,25,145,83,8.128,-31.894,-0.85,0,0.464,-2.051,-583.984,42.063,0.248,-37.724,0,"mungjungh",0.134,-17.466,0,"HANA_ARASHI",-19.663,-46.304,0,"Yaksok~",-14.842,-63.397,81,"Penguin_iDOL",17.923,-55.497,0,"CVPileMaki",2.629,-67.617,0,"가앤슬_",41.324,-97.401,111,"Yes_Man_",-9.898,-107.239,0,"SUGUN",-45.409,-89.493,0,6724.42,18.612,-46.157,6728.304,6,"가앤슬_",40.684,-75.776,1,0,,,,,273,2
161,7,0,4,3,1,0,1,1,0,0,16,255,255,65,6807.262,"Kr_Luna",L,10,78,118,-1.409,-2.887,-0.33,1.554,-0.604,0.273,-36.808,20.706,54,46,0,1,0,0,400,0,-0.264,-21.197,0,7,7,L,"ibqrqki",164.9,86.676,0.604,0,56,W,Y,0,0,0,0,0,0,0,0,0,0,0,0,0,0,0,0,-0.051,-37.972,0,"mungjungh",-0.088,-17.502,0,"HANA_ARASHI",-19.798,-44.565,0,"Yaksok~",-4.946,-59.262,0,"Penguin_iDOL",18.77,-47.513,0,"CVPileMaki",11.817,-62.087,0,"가앤슬_",42.845,-102.244,0,"Yes_Man_",-13.515,-118.028,0,"SUGUN",-41.171,-88.463,0,0,0,0,0,0,"",0,0,0,0,6808.887,6818.193,6824.269,,0,0
162,7,0,4,3,2,0,1,0,0,1,255,255,16,66,6847.224,"Kr_Luna",L,26,91,140,0.426,-1.363,-0.149,1.558,0.236,0.672,-36.808,17.826,63,37,0,1,0,-33.087,-173.446,0,0,0,0,7,7,L,"ibqrqki",164.9,86.676,0.604,0,32,W,Y,0,0,0,0,0,0,0,0,0,0,0,0,0,0,0,0,-0.137,-37.885,0,"mungjungh",-0.01,-17.496,0,"HANA_ARASHI",-19.807,-44.732,0,"Yaksok~",-3.483,-58.905,0,"Penguin_iDOL",20.791,-46.685,0,"CVPileMaki",14.235,-59.183,0,"가앤슬_",40.727,-103.148,0,"Yes_Man_",-5.462,-111.939,0,"SUGUN",-44.952,-91.916,0,0,0,0,0,0,"",0,0,0,0,6848.721,,6849.67,,0,0
163,7,0,4,3,3,0,1,0,0,1,255,255,16,67,6865.497,"Kr_Luna",L,26,88,140,-0.277,0.155,-0.218,1.775,-0.082,1.479,-36.808,31.269,92,8,0,0,0,-23.095,-190.743,0,0,0,0,7,7,L,"ibqrqki",164.9,86.676,0.604,0,32,W,Y,0,0,0,0,0,0,0,0,0,0,0,0,0,0,0,0,-0.124,-37.873,0,"mungjungh",-0.087,-17.422,0,"HANA_ARASHI",-19.173,-43.993,0,"Yaksok~",-3.053,-57.925,0,"Penguin_iDOL",20.778,-48.92,0,"CVPileMaki",14.198,-60.21,0,"가앤슬_",40.686,-103.178,0,"Yes_Man_",-4.573,-112.575,0,"SUGUN",-44.96,-91.833,0,0,0,0,0,0,"",0,0,0,0,6867.071,,6868.276,,0,0
164,7,0,4,3,3,1,1,0,0,1,255,255,16,68,6888.108,"Kr_Luna",L,14,69,109,-1.171,0.066,-0.147,1.942,0.247,2.109,-36.808,53.079,98,2,0,0,0,-392.12,305.627,0,0,0,0,7,7,L,"ibqrqki",164.9,86.676,0.604,0,32,W,Y,0,0,0,0,0,0,0,0,0,0,0,0,0,0,0,0,-0.153,-37.92,0,"mungjungh",-0.185,-17.608,0,"HANA_ARASHI",-19.012,-45.102,0,"Yaksok~",-1.644,-59.129,0,"Penguin_iDOL",21.293,-47.546,0,"CVPileMaki",14.262,-59.625,0,"가앤슬_",40.542,-103.305,0,"Yes_Man_",-2.987,-113.066,0,"SUGUN",-44.842,-91.926,0,0,0,0,0,0,"",0,0,0,0,6889.721,,6891.064,,0,0
165,7,0,4,3,3,2,1,0,0,1,255,255,16,69,6924.496,"Kr_Luna",L,26,85,138,-0.37,0.985,-0.207,1.903,-0.032,1.963,-36.808,40.994,91,7,2,2,0,-86.651,-155.458,0,0,0,1,7,7,L,"ibqrqki",164.9,86.676,0.604,3,31,W,Y,6925.576,170,21,42,14,4,81,62,27.304,18.115,-0.76,0,0.131,513.745,308.502,-29.883,0.097,-37.429,0,"mungjungh",-0.056,-17.404,0,"HANA_ARASHI",-19.444,-45.008,0,"Yaksok~",-6.729,-59.235,85,"Penguin_iDOL",21.259,-48.703,0,"CVPileMaki",14.145,-60.995,0,"가앤슬_",40.717,-103.217,0,"Yes_Man_",-2.959,-113.381,0,"SUGUN",-45.126,-92.024,0,6929.637,-16.992,-62.709,6929.737,3,"Yaksok~",-16.074,-60.654,0,0,,,6929.888,,17,1
166,7,0,4,3,0,0,2,0,0,1,255,255,16,70,6955.676,"Kr_Luna",L,10,77,117,1.135,0.574,-0.093,2.066,0.497,2.451,-36.808,48.422,93,7,0,0,0,0,400,0,0,0,0,8,1,R,"あおいぬ",190,90.486,0.43,0,56,W,Y,0,0,0,0,0,0,0,0,0,0,0,0,0,0,0,0,-0.053,-38.032,0,"mungjungh",0.1,-17.414,0,"HANA_ARASHI",-19.944,-47.628,0,"Yaksok~",-14.706,-64.234,0,"Penguin_iDOL",20.346,-47.646,0,"CVPileMaki",15.156,-63.48,0,"가앤슬_",42.941,-112.905,0,"Yes_Man_",-4.628,-113.297,0,"SUGUN",-48.722,-91.159,0,0,0,0,0,0,"",0,0,0,0,6957.237,,6959.068,,0,0
167,7,0,4,3,0,1,2,0,0,1,255,255,16,71,6973.872,"Kr_Luna",L,13,73,112,0.168,-1.517,-0.324,1.655,-0.575,1.121,-36.808,29.491,97,3,0,2,0,354.246,352.86,0,0,0,1,8,1,R,"あおいぬ",190,90.486,0.43,3,56,W,Y,6974.98,138,123,63,107,72,137,115,-30,-24.186,0.09,0,0.525,-432.186,344.566,-233.429,0.258,-37.95,0,"mungjungh",-0.039,-17.466,0,"HANA_ARASHI",-19.807,-47.52,0,"Yaksok~",-14.964,-67.097,0,"Penguin_iDOL",21.063,-48.51,0,"CVPileMaki",16.185,-62.926,0,"가앤슬_",42.838,-113.027,0,"Yes_Man_",2.586,-120.103,0,"SUGUN",-48.703,-91.196,0,6975.087,0.34,-21.349,6976.987,5,"CVPileMaki",16.063,-56.608,0,0,7039.204,,,6980.125,298,2
168,8,1,4,3,0,0,0,0,0,0,255,255,255,0,7126.603,"ʚEveɞ",R,26,79,129,4.451,4.025,0.405,2.526,1.867,3.952,-36.442,78.891,78,15,7,1,0,41.279,-181.289,-5.982,0,0,0,2,4,R,"Penguin_iDOL",190,80,0.404,0,56,W,Y,0,0,0,0,0,0,0,0,0,0,0,0,0,0,0,0,-0.007,-36.946,0,"あおいぬ",0.166,-17.779,0,"P0TA0",-20.211,-44.942,0,"白霜らいふ",-12.616,-64.889,0,"인생최패망자",18.425,-48.655,0,"ibqrqki",9.875,-65.507,0,"Ѕeyeon",41.419,-102.374,0,"sano jpn",-0.076,-113.707,0,"NABIMan",-49.571,-103.247,0,0,0,0,0,0,"",0,0,0,0,7128.004,,,,0,0
169,8,1,4,3,1,0,0,0,0,0,255,255,255,1,7140.824,"ʚEveɞ",R,26,94,140,-0.472,0.593,0.234,2.188,-0.287,1.789,-36.442,33.935,84,11,4,0,0,55.625,-200,-0.741,0,0,1,2,4,R,"Penguin_iDOL",190,80,0.404,0,56,W,Y,0,0,0,0,0,0,0,0,0,0,0,0,0,0,0,0,0.07,-37.118,0,"あおいぬ",-0.081,-17.519,0,"P0TA0",-20.501,-45.417,0,"白霜らいふ",-12.795,-64.232,0,"인생최패망자",18.408,-48.654,0,"ibqrqki",9.598,-65.481,0,"Ѕeyeon",41.435,-102.398,0,"sano jpn",-4.43,-116.301,0,"NABIMan",-51.6,-104.574,0,0,0,0,0,0,"",0,0,0,0,7142.371,,,,0,0
170,8,1,4,3,1,1,0,0,0,0,255,255,255,2,7155.341,"ʚEveɞ",R,13,84,123,-0.64,-0.482,0.3,2.208,0.233,1.692,-36.442,42.535,79,15,6,0,0,-331.773,374.068,-4.902,0,0,0,2,4,R,"Penguin_iDOL",190,80,0.404,0,56,W,Y,0,0,0,0,0,0,0,0,0,0,0,0,0,0,0,0,0.14,-37.433,0,"あおいぬ",-0.073,-17.497,0,"P0TA0",-20.502,-45.438,0,"白霜らいふ",-13.216,-64.107,0,"인생최패망자",18.413,-48.663,0,"ibqrqki",9.701,-65.514,0,"Ѕeyeon",41.438,-102.392,0,"sano jpn",-4.635,-116.352,0,"NABIMan",-50.902,-104.711,0,0,0,0,0,0,"",0,0,0,0,7157.371,,,,0,0
171,8,1,4,3,1,2,0,0,0,0,255,255,255,3,7167.979,"ʚEveɞ",R,0,87,139,0.472,0.089,0.299,2.145,0.197,1.659,-36.442,44.86,80,14,5,2,0,0,17.111,-2.222,0,0,1,2,4,R,"Penguin_iDOL",190,80,0.404,3,56,W,Y,7169.064,255,88,68,74,40,142,130,-9.643,27.536,0.35,0,0.252,-234.52,390.554,-97.635,-0.289,-36.57,0,"あおいぬ",0.001,-17.766,0,"P0TA0",-20.472,-45.438,0,"白霜らいふ",-13.181,-64.02,0,"인생최패망자",18.506,-48.824,0,"ibqrqki",9.505,-65.459,76,"Ѕeyeon",41.406,-102.347,0,"sano jpn",-4.482,-116.381,0,"NABIMan",-50.75,-104.809,86,7169.271,-2.463,-23.249,7173.021,8,"NABIMan",-35.855,-95.879,1,0,,,,,131,2
172,8,1,4,3,0,0,0,1,0,0,4,255,255,4,7192.626,"ʚEveɞ",R,26,86,140,0.782,-0.117,0.376,2.088,0.363,1.344,-36.442,28.813,85,15,0,0,0,-25.828,-200,2.426,0,0,0,3,2,R,"HANA_ARASHI",190,90,0.25,0,56,W,Y,0,0,0,0,0,0,0,0,0,0,0,0,0,0,0,0,0.216,-37.272,0,"あおいぬ",-0.053,-17.725,0,"P0TA0",-19.358,-41.513,0,"白霜らいふ",-12.456,-62.507,0,"인생최패망자",16.557,-46.432,0,"ibqrqki",4.117,-62.205,0,"Ѕeyeon",40.106,-102.204,0,"sano jpn",2.793,-119.474,0,"NABIMan",-54.16,-108.314,0,0,0,0,0,0,"",0,0,0,0,7193.987,,,,0,0
173,8,1,4,3,0,1,0,1,0,0,4,255,255,5,7205.843,"ʚEveɞ",R,28,90,140,-0.265,-0.107,0.271,2.081,-0.115,1.442,-36.442,30.226,82,17,1,2,0,-6.583,-93.003,1.295,0,0,0,3,2,R,"HANA_ARASHI",190,90,0.25,3,56,W,Y,7206.877,183,67,107,55,35,145,130,-30,36.099,0.39,0,0.575,-342.462,331.549,-190.387,-0.005,-36.503,120,"あおいぬ",-0.138,-17.866,0,"P0TA0",-18.634,-42.491,85,"白霜らいふ",-13.551,-63.051,0,"인생최패망자",16.409,-46.238,0,"ibqrqki",7.809,-63.215,0,"Ѕeyeon",40.452,-102.157,0,"sano jpn",2.877,-119.29,0,"NABIMan",-51.2,-107.892,0,7206.954,-1.03,-20.421,7208.204,2,"P0TA0",-16.656,-41.726,0,0,,,,,174,2
174,8,1,4,3,0,0,1,1,0,0,4,255,255,6,7619.175,"ʚEveɞ",R,14,75,114,0.31,-0.149,0.279,2.298,-0.481,1.92,-36.442,40.147,86,14,0,2,0,354.816,352.286,15.608,0,0,1,4,0,L,"Kr_Luna",190,95.256,0.499,3,56,W,Y,7620.151,154,126,120,69,27,145,108,26.144,-33.493,0.9,0,0.152,-150.774,330.39,-357.617,0.082,-36.777,0,"あおいぬ",-0.049,-17.924,0,"P0TA0",-18.367,-43.291,0,"白霜らいふ",-12.436,-65.131,0,"인생최패망자",16.523,-43.201,0,"ibqrqki",12.042,-62.491,67,"Ѕeyeon",48.982,-95.552,98,"sano jpn",14.724,-123.569,0,"NABIMan",-43.618,-114.388,0,7624.354,43.323,-95.207,7624.704,6,"Ѕeyeon",43.383,-95.339,1,0,,7626.292,,,194,2
175,8,1,4,3,0,0,1,1,1,0,0,4,255,7,7655.677,"ʚEveɞ",R,26,97,140,-0.27,-0.059,0.247,2.096,-0.141,1.354,-36.442,32.683,85,11,4,0,0,11.382,-200,2.32,0,0,0,5,5,R,"CVPileMaki",172.2,94,0.397,0,56,W,Y,0,0,0,0,0,0,0,0,0,0,0,0,0,0,0,0,0.005,-36.835,0,"あおいぬ",-0.058,-17.706,0,"P0TA0",-19.18,-42.644,0,"白霜らいふ",-9.401,-61.168,0,"인생최패망자",16.424,-43.368,0,"ibqrqki",6.068,-64.331,0,"Ѕeyeon",43.44,-103.109,0,"sano jpn",-6.927,-119.362,0,"NABIMan",-47.878,-106.739,0,0,0,0,0,0,"",0,0,0,0,7657.154,7658.292,,,0,0
176,8,1,4,3,0,1,1,1,1,0,0,4,255,8,7674.356,"ʚEveɞ",R,10,79,119,-0.843,-0.574,0.252,2.219,-0.374,1.753,-36.442,36.994,74,19,6,0,0,0,400,12.499,0,0,1,5,5,R,"CVPileMaki",172.2,94,0.397,0,56,W,Y,0,0,0,0,0,0,0,0,0,0,0,0,0,0,0,0,-0.072,-37.004,0,"あおいぬ",-0.173,-17.932,0,"P0TA0",-19.211,-42.626,0,"白霜らいふ",-9.591,-64.829,0,"인생최패망자",16.019,-43.719,0,"ibqrqki",6.471,-63.772,0,"Ѕeyeon",42.552,-101.647,0,"sano jpn",-6.807,-116.942,0,"NABIMan",-52.121,-108.34,0,0,0,0,0,0,"",0,0,0,0,7675.938,7677.195,,,0,0
177,8,1,4,3,0,2,1,1,1,0,0,4,255,9,7692.664,"ʚEveɞ",R,27,85,137,0.128,-1.374,0.312,1.994,0.048,0.683,-36.442,36.124,45,55,0,4,0,-1.742,-110.874,3.131,0,0,1,5,5,R,"CVPileMaki",172.2,94,0.397,0,56,W,Y,0,0,0,0,0,0,0,0,0,0,0,0,0,0,0,0,-0.031,-37.196,0,"あおいぬ",0.836,-19.242,0,"P0TA0",-19.377,-42.064,0,"白霜らいふ",-12.552,-64.095,0,"인생최패망자",17.013,-44.974,0,"ibqrqki",5.907,-64.066,0,"Ѕeyeon",42.566,-101.682,0,"sano jpn",-6.983,-116.906,0,"NABIMan",-51.847,-108.139,0,0,0,0,0,0,"",0,0,0,32,7694.137,7695.575,,,0,0
178,8,1,4,3,0,0,2,1,1,0,0,4,255,10,7714.475,"ʚEveɞ",R,0,59,100,1.025,-1.407,0.437,1.871,0.433,0.812,-36.442,46.003,30,70,0,1,0,0,0,2.051,0,0,0,6,7,R,"Yes_Man_",169.9,84.826,0.502,0,56,W,Y,0,0,0,0,0,0,0,0,0,0,0,0,0,0,0,0,-0.01,-37.181,0,"あおいぬ",0.019,-18.045,0,"P0TA0",-19.518,-41.655,0,"白霜らいふ",-11.841,-64.244,0,"인생최패망자",17.383,-43.881,0,"ibqrqki",6.148,-63.706,0,"Ѕeyeon",43.27,-101.474,0,"sano jpn",-10.311,-117.703,0,"NABIMan",-53.157,-105.233,0,0,0,0,0,0,"",0,0,0,0,7716.171,7717.179,,,0,0
179,8,1,4,3,0,1,2,1,1,0,0,4,255,11,7730.14,"ʚEveɞ",R,6,66,97,-0.69,0.763,0.027,2.264,-1.068,2.027,-36.442,30.582,90,10,0,0,0,356.042,0,21.451,0,0,0,6,7,R,"Yes_Man_",169.9,84.826,0.502,0,56,W,Y,0,0,0,0,0,0,0,0,0,0,0,0,0,0,0,0,-0.06,-37.15,0,"あおいぬ",-0.095,-17.77,0,"P0TA0",-19.618,-41.629,0,"白霜らいふ",-13.686,-63.401,0,"인생최패망자",16.673,-45.035,0,"ibqrqki",7.366,-64.859,0,"Ѕeyeon",42.744,-101.892,0,"sano jpn",-10.209,-117.667,0,"NABIMan",-52.662,-106.345,0,0,0,0,0,0,"",0,0,0,0,7731.804,7733.4,,,0,0
180,8,1,4,3,0,2,2,1,1,0,0,4,255,12,7746.345,"ʚEveɞ",R,26,93,140,-0.015,-1.203,0.264,1.957,-0.062,0.756,-36.442,36.427,53,47,0,4,0,35.393,-150.288,4.769,0,0,1,6,7,R,"Yes_Man_",169.9,84.826,0.502,0,56,W,Y,0,0,0,0,0,0,0,0,0,0,0,0,0,0,0,0,-0.051,-36.899,0,"あおいぬ",0.317,-18.86,0,"P0TA0",-19.585,-41.764,0,"白霜らいふ",-14.836,-61.628,0,"인생최패망자",17.573,-45.116,0,"ibqrqki",8.952,-64.627,0,"Ѕeyeon",42.747,-101.919,0,"sano jpn",-13.777,-117.834,0,"NABIMan",-54.152,-107.011,0,0,0,0,0,0,"",0,0,0,64,7747.804,7749.209,,,0,0
181,8,0,4,3,0,0,0,0,0,0,255,255,255,72,7815.556,"Kr_Luna",L,13,79,116,-0.54,0.812,-0.386,2.123,-0.835,2.559,-36.808,60.394,83,14,3,0,0,345.096,361.814,0,0,0,0,0,8,R,"NABIMan",190,83.228,0.48,0,56,W,Y,0,0,0,0,0,0,0,0,0,0,0,0,0,0,0,0,0.237,-37.843,0,"mungjungh",0.036,-17.512,0,"HANA_ARASHI",-20.398,-48.038,0,"Yaksok~",-14.821,-64.089,0,"Penguin_iDOL",21.321,-50.713,0,"CVPileMaki",15.376,-63.594,0,"가앤슬_",43.976,-112.588,0,"Yes_Man_",-16.464,-122.189,0,"SUGUN",-46.985,-91.587,0,0,0,0,0,0,"",0,0,0,0,7816.954,,,,0,0
182,8,0,4,3,0,1,0,0,0,0,255,255,255,73,7833.286,"Kr_Luna",L,10,82,122,-1.845,-0.465,-0.335,1.972,-0.794,1.765,-36.808,58.691,87,13,0,4,0,0,400,0,0,0,1,0,8,R,"NABIMan",190,83.228,0.48,0,56,W,Y,0,0,0,0,0,0,0,0,0,0,0,0,0,0,0,0,0.178,-38.209,0,"mungjungh",-0.198,-17.593,0,"HANA_ARASHI",-21.852,-47.785,0,"Yaksok~",-14.698,-64.169,0,"Penguin_iDOL",21.294,-50.74,0,"CVPileMaki",13.309,-64.714,0,"가앤슬_",43.884,-112.521,0,"Yes_Man_",-16.482,-122.163,0,"SUGUN",-47.042,-91.675,0,0,0,0,0,0,"",0,0,0,0,7834.804,,,,0,0
183,8,0,4,3,0,2,0,0,0,0,255,255,255,74,7850.463,"Kr_Luna",L,14,71,111,-3.025,-0.611,-0.24,1.939,-0.577,1.635,-36.808,53.347,92,8,0,2,0,-390.434,312.348,0,0,0,1,0,8,R,"NABIMan",190,83.228,0.48,3,56,W,Y,7851.554,255,208,84,170,108,145,111,7.226,8.303,0.88,0,0.189,181.031,-265.048,19.043,0.215,-37.948,0,"mungjungh",-0.342,-17.729,0,"HANA_ARASHI",-20.262,-47.243,0,"Yaksok~",-15.969,-66.804,0,"Penguin_iDOL",21.356,-50.764,0,"CVPileMaki",13.733,-63.907,74,"가앤슬_",43.971,-112.568,0,"Yes_Man_",-16.515,-122.157,95,"SUGUN",-47.155,-91.415,0,7853.788,-7.011,-77.433,7855.637,7,"Yes_Man_",-9.585,-105.382,1,0,,,,,112,2
184,8,0,4,3,0,0,0,1,0,0,18,255,255,75,7882.666,"Kr_Luna",L,14,85,124,-0.912,-0.377,-0.146,1.84,0.253,1.723,-36.808,38.756,98,2,0,2,0,-390.434,312.348,0,0,0,1,1,0,L,"ʚEveɞ",190,80,0.404,3,56,W,Y,7883.738,255,113,107,74,22,145,130,25.334,35.242,0.36,0,0.576,-31.031,-7.205,38.994,0.134,-37.635,0,"mungjungh",-0.095,-17.666,0,"HANA_ARASHI",-20.117,-46.473,0,"Yaksok~",-13.356,-59.693,0,"Penguin_iDOL",19.427,-51.131,0,"CVPileMaki",2.723,-67.649,0,"가앤슬_",44.575,-109.447,0,"Yes_Man_",-14.826,-117.111,0,"SUGUN",-42.308,-94.536,0,7890.637,-74.412,-126.966,0,0,"",0,0,0,0,,7890.562,7895.741,7901.066,16,4
185,8,0,4,5,0,0,0,0,0,0,255,255,255,76,7929.641,"Kr_Luna",L,13,91,126,2.082,-0.814,-0.127,1.765,0.339,1.478,-36.808,22.888,88,11,1,1,0,358.358,348.683,0,0,0,0,2,4,R,"인생최패망자",190,80,0.351,0,56,W,Y,0,0,0,0,0,0,0,0,0,0,0,0,0,0,0,0,0.022,-37.742,0,"mungjungh",0.017,-17.34,0,"HANA_ARASHI",-19.693,-45.343,0,"Yaksok~",-12.44,-64.163,0,"Penguin_iDOL",21.13,-49.69,0,"CVPileMaki",14.339,-63.863,0,"가앤슬_",45.975,-109.202,0,"Yes_Man_",7.19,-122.357,0,"SUGUN",-41.083,-100.19,0,0,0,0,0,0,"",0,0,0,0,7931.254,,,,0,0
186,8,0,4,5,1,0,0,0,0,0,255,255,255,77,7946.809,"Kr_Luna",L,10,72,114,0.665,-2.181,-0.034,2.171,0.79,2.411,-36.808,59.681,89,8,3,2,0,0,400,0,0,0,1,2,4,R,"인생최패망자",190,80,0.351,3,56,W,Y,7948.03,255,72,77,82,26,145,91,-17.228,-15.155,-0.79,0,0.332,-333.262,160.861,-36.274,0.421,-37.599,0,"mungjungh",0.063,-17.386,0,"HANA_ARASHI",-19.781,-45.873,69,"Yaksok~",-14.709,-63.992,0,"Penguin_iDOL",21.253,-49.714,0,"CVPileMaki",14.296,-63.832,104,"가앤슬_",45.996,-109.15,0,"Yes_Man_",8.329,-122.296,0,"SUGUN",-41.19,-100.311,0,7948.271,1.246,-23.358,7950.438,5,"CVPileMaki",9.063,-57.299,0,0,,,,,56,2
187,8,0,4,5,0,0,1,0,0,0,255,255,255,78,7975.44,"Kr_Luna",L,27,89,140,0.859,0.673,-0.092,1.901,0.504,1.911,-36.808,41.769,91,6,3,2,0,-91.28,-123.905,0,0,0,1,3,2,R,"P0TA0",189.5,96.215,0.525,3,38,W,Y,7976.407,255,43,112,70,14,145,126,11.399,38.872,0.26,0,0.118,234.561,255.824,118.873,0.184,-37.843,0,"mungjungh",0.052,-17.424,0,"HANA_ARASHI",-19.696,-46.433,0,"Yaksok~",-16.686,-65.758,0,"Penguin_iDOL",20.791,-50.165,0,"CVPileMaki",14.547,-63.734,87,"가앤슬_",38.732,-114.622,0,"Yes_Man_",-17.223,-123.561,0,"SUGUN",-45.828,-91.586,117,7979.304,-53.244,-79.28,7982.587,8,"SUGUN",-66.898,-92.535,1,8,,7987.109,,,50,2
188,8,0,4,5,0,0,2,0,0,0,255,255,255,79,8008.492,"Kr_Luna",L,13,84,123,1.048,-0.583,-0.264,1.883,-0.299,1.891,-36.808,32.23,89,11,0,4,0,364.012,342.776,0,-0.942,-20.672,1,4,7,R,"sano jpn",160,92.118,0.561,0,56,W,Y,0,0,0,0,0,0,0,0,0,0,0,0,0,0,0,0,-0.073,-37.659,0,"mungjungh",-0.153,-18.178,0,"HANA_ARASHI",-18.982,-45.553,0,"Yaksok~",-14.121,-60.647,0,"Penguin_iDOL",15.892,-57.061,0,"CVPileMaki",2.852,-67.652,0,"가앤슬_",39.858,-97.178,0,"Yes_Man_",-7.656,-104.362,0,"SUGUN",-44.103,-93.073,0,0,0,0,0,0,"",0,0,0,0,8012.337,,,,0,0
189,8,0,4,5,0,1,2,0,0,0,255,255,255,80,8031.579,"Kr_Luna",L,10,79,119,1.17,-2.419,-0.189,1.722,0.514,0.877,-36.808,32.298,93,7,0,2,0,0,400,0,0,0,1,4,7,R,"sano jpn",160,92.118,0.561,3,56,W,Y,8032.716,113,86,141,93,65,137,123,4.312,-14.663,0.61,0,0.202,104.63,225.861,121.239,0.138,-37.658,0,"mungjungh",0.086,-17.462,0,"HANA_ARASHI",-18.886,-45.506,76,"Yaksok~",-15.511,-63.278,0,"Penguin_iDOL",16.83,-53.349,0,"CVPileMaki",4.402,-67.23,102,"가앤슬_",40.919,-97.346,0,"Yes_Man_",-7.778,-104.525,0,"SUGUN",-36.699,-85.188,0,8034.104,9.866,-60.17,8034.737,5,"CVPileMaki",10.831,-65.027,1,0,,,,,56,2
190,8,0,4,5,0,0,2,1,0,0,17,255,255,81,8063.817,"Kr_Luna",L,13,77,115,1.156,-0.282,-0.236,1.882,-0.168,1.881,-36.808,41.229,88,12,0,2,0,378.336,326.897,0,0,0,1,5,3,R,"白霜らいふ",175.2,80,0.653,3,56,W,Y,8065.038,255,145,116,119,80,145,115,-11.552,-14.032,0.84,0,0.482,-227.776,172.971,-411.75,0.488,-37.439,0,"mungjungh",0.068,-17.431,0,"HANA_ARASHI",-19.736,-45.984,0,"Yaksok~",-14.651,-63.606,0,"Penguin_iDOL",20.41,-53.142,0,"CVPileMaki",10.612,-63.839,94,"가앤슬_",44.84,-102.595,0,"Yes_Man_",0.927,-107.495,0,"SUGUN",-45.79,-90.504,0,8065.221,1.187,-25.101,8066.854,5,"CVPileMaki",9.53,-58.444,0,0,,8069.753,,,42,2
191,9,1,4,5,0,0,0,0,0,0,255,255,255,13,8113.996,"ʚEveɞ",R,26,97,140,-1.171,0.041,0.186,2.082,-0.507,1.445,-36.442,28.216,85,12,4,0,0,-7.354,-200,3.438,0,0,1,7,1,R,"mungjungh",190,90.235,0.401,0,56,W,Y,0,0,0,0,0,0,0,0,0,0,0,0,0,0,0,0,-0.089,-37.073,0,"あおいぬ",-0.171,-17.562,0,"P0TA0",-20.132,-44.603,0,"白霜らいふ",-11.784,-64.809,0,"인생최패망자",21.178,-52.838,0,"ibqrqki",10.415,-65.304,0,"Ѕeyeon",42.126,-100.891,0,"sano jpn",-6.713,-115.559,0,"NABIMan",-49.511,-100.136,0,0,0,0,0,0,"",0,0,0,0,8115.438,,,,0,0
192,9,1,4,5,0,1,0,0,0,0,255,255,255,14,8125.993,"ʚEveɞ",R,26,81,132,-1.163,1.079,0.214,2.279,-0.376,2.084,-36.442,39.032,82,18,0,2,0,-95.767,-200,15.861,0,0,1,7,1,R,"mungjungh",190,90.235,0.401,3,56,W,Y,8127.102,255,42,63,22,7,134,88,92.549,-87.734,0.96,0,0.342,182.014,375.99,-58.059,0.048,-36.181,0,"あおいぬ",-0.197,-17.65,0,"P0TA0",-20.311,-44.712,0,"白霜らいふ",-12.013,-64.998,0,"인생최패망자",21.224,-52.904,0,"ibqrqki",10.215,-65.568,0,"Ѕeyeon",43.104,-100.679,0,"sano jpn",-8.667,-116.329,0,"NABIMan",-52.052,-103.715,0,0,0,0,0,0,"",0,0,0,0,,,,,2,3
193,9,1,4,5,0,2,0,0,0,0,255,255,255,15,8140.24,"ʚEveɞ",R,6,72,100,0.483,-0.059,-0.023,2.299,-0.747,1.564,-36.442,29.955,92,8,0,0,0,444.733,0,31.679,0,0,0,7,1,R,"mungjungh",190,90.235,0.401,0,56,W,Y,0,0,0,0,0,0,0,0,0,0,0,0,0,0,0,0,0.169,-37.311,0,"あおいぬ",0.194,-17.539,0,"P0TA0",-20.452,-45.106,0,"白霜らいふ",-13.203,-63.696,0,"인생최패망자",20.944,-51.226,0,"ibqrqki",8.4,-64.816,0,"Ѕeyeon",42.094,-100.68,0,"sano jpn",-5.961,-116.665,0,"NABIMan",-51.676,-106.904,0,0,0,0,0,0,"",0,0,0,0,8142.054,,,,0,0
194,9,1,4,5,0,0,1,0,0,0,255,255,255,16,8158.359,"ʚEveɞ",R,12,85,120,1.726,0.113,0.563,2.186,0.735,1.736,-36.442,55.308,75,17,8,2,0,0,72.364,-0.705,0,0,1,8,6,R,"가앤슬_",190,87,0.2,3,56,W,Y,8159.564,133,40,126,67,25,141,130,-30,43.119,0.6,0,0.406,240.137,-462.6,-11.695,0.034,-37.048,0,"あおいぬ",0.045,-17.748,0,"P0TA0",-20.768,-45.164,0,"白霜らいふ",-13.851,-64.068,0,"인생최패망자",19.778,-50.407,0,"ibqrqki",9.893,-66.064,0,"Ѕeyeon",42.099,-100.71,0,"sano jpn",-5.792,-118.174,0,"NABIMan",-51.595,-106.917,0,8159.737,-1.073,-20.501,8161.104,2,"P0TA0",-20.012,-40.913,0,0,,,,,10,2
195,9,1,4,5,0,0,2,0,0,0,255,255,255,17,8204.474,"ʚEveɞ",R,3,66,96,-1.915,0.042,0.373,2.167,0.102,1.631,-36.442,34.299,95,5,0,1,0,-416.51,0,-34.473,0,0,0,0,3,R,"Yaksok~",173.3,80,0.332,0,56,W,Y,0,0,0,0,0,0,0,0,0,0,0,0,0,0,0,0,0.086,-37.201,0,"あおいぬ",-0.353,-17.831,0,"P0TA0",-20.712,-45.158,0,"白霜らいふ",-13.388,-63.014,0,"인생최패망자",17.99,-49.004,0,"ibqrqki",8.813,-65.364,0,"Ѕeyeon",40.385,-99.978,0,"sano jpn",-5.172,-118.067,0,"NABIMan",-51.829,-103.737,0,0,0,0,0,0,"",0,0,0,0,8205.904,,,,0,0
196,9,1,4,5,1,0,2,0,0,0,255,255,255,18,8217.533,"ʚEveɞ",R,28,95,140,-0.806,-0.044,0.22,2.093,-0.351,1.464,-36.442,37.228,87,11,2,0,0,-5.806,-95.371,-0.329,0,0,1,0,3,R,"Yaksok~",173.3,80,0.332,0,56,W,Y,0,0,0,0,0,0,0,0,0,0,0,0,0,0,0,0,-0.037,-36.908,0,"あおいぬ",-0.147,-17.522,0,"P0TA0",-20.693,-45.165,0,"白霜らいふ",-14.411,-63.439,0,"인생최패망자",18.011,-49.05,0,"ibqrqki",9.173,-65.392,0,"Ѕeyeon",41.035,-99.569,0,"sano jpn",-6.88,-118.35,0,"NABIMan",-52.603,-104.953,0,0,0,0,0,0,"",0,0,0,0,8218.771,,,,0,0
197,9,1,4,5,1,1,2,0,0,0,255,255,255,19,8232.98,"ʚEveɞ",R,12,84,117,-2.82,-0.196,-0.035,2.214,-1.248,1.653,-36.442,27.425,85,15,0,1,0,12.205,148.367,22.619,0,0,0,0,3,R,"Yaksok~",173.3,80,0.332,0,56,W,Y,0,0,0,0,0,0,0,0,0,0,0,0,0,0,0,0,0.014,-37.009,0,"あおいぬ",-0.265,-17.619,0,"P0TA0",-20.783,-45.131,0,"白霜らいふ",-14.676,-63.537,0,"인생최패망자",17.741,-49.043,0,"ibqrqki",9.043,-65.302,0,"Ѕeyeon",41.044,-99.578,0,"sano jpn",-7.224,-118.348,0,"NABIMan",-52.592,-104.857,0,0,0,0,0,0,"",0,0,0,0,8234.32,,,,0,0
198,9,1,4,5,2,1,2,0,0,0,255,255,255,20,8247.188,"ʚEveɞ",R,6,73,101,0.345,-1.045,0.06,1.995,-0.729,1.294,-36.442,16.75,52,48,0,2,0,427.585,182.033,47.871,0,0,1,0,3,R,"Yaksok~",173.3,80,0.332,3,56,W,Y,8248.288,128,159,31,107,57,102,89,12.321,4.533,0.88,0,0.271,430.405,340.685,40.184,-0.325,-36.76,0,"あおいぬ",0.006,-17.822,0,"P0TA0",-21.078,-45.587,0,"白霜らいふ",-14.913,-63.507,95,"인생최패망자",17.812,-48.982,0,"ibqrqki",9.05,-65.33,0,"Ѕeyeon",41.052,-99.594,0,"sano jpn",-7.323,-117.551,71,"NABIMan",-52.05,-104.456,0,8251.32,-7.558,-79.064,8252.887,7,"sano jpn",-10.739,-95.653,1,0,,8327.844,,,186,2
199,9,1,4,5,0,0,2,0,1,0,255,3,255,21,8372.431,"ʚEveɞ",R,6,57,89,0.034,0.417,-0.038,2.241,-0.923,1.861,-36.442,26.779,92,8,0,0,0,404.546,0,16.971,0,0,0,1,8,R,"SUGUN",181.4,82.092,0.496,0,56,W,Y,0,0,0,0,0,0,0,0,0,0,0,0,0,0,0,0,0.012,-37.208,0,"あおいぬ",-0.029,-17.681,0,"P0TA0",-19.963,-45.511,0,"白霜らいふ",-14.089,-63.633,0,"인생최패망자",17.839,-43.516,0,"ibqrqki",6.5,-64.646,0,"Ѕeyeon",41.851,-104.387,0,"sano jpn",-6.856,-120.071,0,"NABIMan",-54.95,-105.133,0,0,0,0,0,0,"",0,0,0,0,8374.154,8375.468,,,0,0
200,9,1,4,5,0,1,2,0,1,0,255,3,255,22,8392.131,"ʚEveɞ",R,27,98,140,-1.703,-0.27,0.137,2.042,-0.738,1.301,-36.442,26.816,83,15,1,4,0,-6.702,-136.319,4.71,0,0,1,1,8,R,"SUGUN",181.4,82.092,0.496,0,56,W,Y,0,0,0,0,0,0,0,0,0,0,0,0,0,0,0,0,0.019,-37.277,0,"あおいぬ",-0.275,-17.736,0,"P0TA0",-20.346,-45.665,0,"白霜らいふ",-14.049,-63.653,0,"인생최패망자",17.002,-42.184,0,"ibqrqki",6.435,-65.149,0,"Ѕeyeon",41.851,-104.405,0,"sano jpn",-7.829,-120.411,0,"NABIMan",-54.237,-103.294,0,0,0,0,0,0,"",0,0,0,0,8393.454,8394.766,,,0,0
201,9,1,4,5,0,2,2,0,1,0,255,3,255,23,8532.175,"ʚEveɞ",R,27,88,140,0.893,-0.295,0.374,2.04,0.366,1.294,-36.442,29.32,77,20,3,2,0,8.413,-126.77,7.171,0,0,1,1,8,R,"SUGUN",181.4,82.092,0.496,3,56,W,Y,8533.185,185,54,83,69,11,145,128,-30,20.011,0.37,0,0.324,-111.175,-61.695,28.243,0.034,-36.831,0,"あおいぬ",0.099,-18.049,0,"P0TA0",-20.483,-46.145,0,"白霜らいふ",-12.875,-63.042,88,"인생최패망자",16.392,-45.498,0,"ibqrqki",8.937,-65.23,0,"Ѕeyeon",39.166,-99.572,0,"sano jpn",-6.16,-115.606,0,"NABIMan",-46.947,-96.148,0,8533.337,-0.332,-19.851,8535.354,3,"白霜らいふ",-13.873,-56.442,0,0,,,8537.158,,40,2
