id,type,inn,half,scoreA,scoreB,ball,strk,out,b1,b2,b3,b1Idx,b2Idx,b3Idx,pCnt,pSec,pName,pHand,pType,pPow,spdK,zoneX,zoneY,startX,startY,targetX,targetY,zDist,pitchAngle,pOver,pSide,pUnder,call,manual,sH,sV,gyro,plx,plz,bIdx,order1Name,order2Name,order3Name,order4Name,order5Name,order6Name,order7Name,order8Name,order9Name,bPos,bZone,bName,bHCm,batLen,batCen,batType,bFps,bOS,bVR,bSwing,hSec,rotS,rotL,shS,lgS,prepS,gripPen,batSpd,ev,ldeg,sdeg,launchPosX,launchPosY,launchPosZ,hPos,buntGrip,handDist,angVeloX,angVeloY,angVeloZ,ltSec,lx,lz,cSec,cPos,cx,cy,cz,1BSafe,tag,cpSec,bTo1Sec,bTo2Sec,bTo3Sec,bToHSec,r1To2Sec,r1To3Sec,r1ToHSec,r2To3Sec,r2ToHSec,r3ToHSec,r1LeaveSec,r2LeaveSec,r3LeaveSec,out1Sec,out1BatterIndex,out1PrevBase,out1Code,out1Ass,out2Sec,out2BatterIndex,out2PrevBase,out2Code,out2Ass,out3Sec,out3BatterIndex,out3PrevBase,out3Code,out3Ass,ball1Sec,ball1Pos,ball2Sec,ball2Pos,ball3Sec,ball3Pos,ballHSec,ballHPos,PitchPPosX,PitchPPosZ,PitchCPosX,PitchCPosZ,Pitch1BPosX,Pitch1BPosZ,Pitch2BPosX,Pitch2BPosZ,Pitch3BPosX,Pitch3BPosZ,PitchSSPosX,PitchSSPosZ,PitchLFPosX,PitchLFPosZ,PitchCFPosX,PitchCFPosZ,PitchRFPosX,PitchRFPosZ,PPosX,PPosY,PThrSpd,CName,CPosX,CPosY,CThrSpd,1BName,1BPosX,1BPosY,1BThrSpd,2BName,2BPosX,2BPosY,2BThrSpd,3BName,3BPosX,3BPosY,3BThrSpd,SSName,SSPosX,SSPosY,SSThrSpd,LFName,LFPosX,LFPosY,LFThrSpd,CFName,CFPosX,CFPosY,CFThrSpd,RFName,RFPosX,RFPosY,RFThrSpd,PGetSec,PGetX,PGetZ,CGetSec,CGetX,CGetZ,1BGetSec,1BGetX,1BGetZ,2BGetSec,2BGetX,2BGetZ,3BGetSec,3BGetX,3BGetZ,SSGetSec,SSGetX,SSGetZ,LFGetSec,LFGetX,LFGetZ,CFGetSec,CFGetX,CFGetZ,RFGetSec,RFGetX,RFGetZ,PThrSec,PThrX,PThrZ,CThrSec,CThrX,CThrZ,1BThrSec,1BThrX,1BThrZ,2BThrSec,2BThrX,2BThrZ,3BThrSec,3BThrX,3BThrZ,SSThrSec,SSThrX,SSThrZ,LFThrSec,LFThrX,LFThrZ,CFThrSec,CFThrX,CFThrZ,RFThrSec,RFThrX,RFThrZ,errPosDelta,result,swPreDeg,swTargetDeg,swApproachDeg,swCorr,swSource,swProximity,swVRawDeg,swVAdjustedDeg,swVMotionDeg,swVClosestDeg,swVYShrink,swGeometryDeg,balk,cPlr,sb2Sec,sb3Sec,sbhSec,ass,remarks
1,,1,1,0,0,0,0,0,0,0,0,255,255,255,0,1534.607,"HANA_ARASHI",R,26,88,140,-0.239,1.505,0.384,2.422,-0.096,2.258,-36.641,45.763,81,19,0,1,"",-17.569,-200,1.374,0,0,0,"shimenawa","쟈가리코","わだ、、","ByeolBam","Po_cari","Riyaj","encounter v","yumi2012","muyang_",5,L,"shimenawa",175.2,94.576,0.295,,115,W,Y,0,,,,,,,,,,,,,,,,,,,,,,,,,,,,,0,0,,,,,,,,,,,,,,,,,,,,,,,,,,,,,,,,,,,,,,0.083,-37.757,-0.015,-17.181,-21.253,-47.745,-11.988,-65.788,21.625,-49.262,13.031,-65.022,45.904,-95.161,0.695,-114.901,-43.565,-92.834,,,,"",,,,"",,,,"",,,,"",,,,"",,,,"",,,,"",,,,"",,,,,,,,,,,,,,,,,,,,,,,,,,,,,,,,,,,,,,,,,,,,,,,,,,,,,,,,,,"",0,,,,,,,,,,,,,0,"",,,,0,""
2,,1,1,0,0,1,0,0,0,0,0,255,255,255,1,1551.38,"HANA_ARASHI",R,10,83,124,-1.896,1.329,0.292,2.538,-0.833,2.822,-36.641,54.961,77,23,0,1,"",0,400,12.671,0,0,0,"=","=","=","=","=","=","=","=","=",5,L,"shimenawa",175.2,94.576,0.295,,92,W,Y,0,,,,,,,,,,,,,,,,,,,,,,,,,,,,,0,0,,,,,,,,,,,,,,,,,,,,,,,,,,,,,,,,,,,,,,0.085,-37.672,0.007,-17.175,-21.229,-47.873,-11.635,-65.89,22.391,-50.693,13.444,-64.706,46.063,-95.322,-0.62,-115.075,-43.61,-92.949,,,,"",,,,"",,,,"",,,,"",,,,"",,,,"",,,,"",,,,"",,,,,,,,,,,,,,,,,,,,,,,,,,,,,,,,,,,,,,,,,,,,,,,,,,,,,,,,,,"",0,,,,,,,,,,,,,0,"",,,,0,""
3,,1,1,0,0,2,0,0,0,0,0,255,255,255,2,1566.107,"HANA_ARASHI",R,26,88,140,0.711,0.79,0.48,2.304,0.353,1.845,-36.641,37.751,69,31,0,0,"",-42.657,-200,2.608,0,0,0,"=","=","=","=","=","=","=","=","=",5,L,"shimenawa",175.2,94.576,0.295,,92,W,Y,0,,,,,,,,,,,,,,,,,,,,,,,,,,,,,0,0,,,,,,,,,,,,,,,,,,,,,,,,,,,,,,,,,,,,,,0.089,-37.536,0.145,-17.068,-20.604,-48.963,-10.9,-66.067,22.283,-50.815,14.245,-64.34,46.037,-95.302,0.491,-116.287,-46.145,-94.115,,,,"",,,,"",,,,"",,,,"",,,,"",,,,"",,,,"",,,,"",,,,,,,,,,,,,,,,,,,,,,,,,,,,,,,,,,,,,,,,,,,,,,,,,,,,,,,,,,"",0,,,,,,,,,,,,,0,"",,,,0,""
4,,1,1,0,0,2,1,0,0,0,0,255,255,255,3,1580.472,"HANA_ARASHI",R,10,86,128,1.246,0.304,0.59,2.366,0.635,2.208,-36.641,57.606,87,13,0,2,"",-72.42,400,24.366,0,0,0,"=","=","=","=","=","=","=","=","=",5,L,"shimenawa",175.2,94.576,0.295,3,92,W,Y,1,1581.624,159,74,86,49,0,,142,114,-30,3.48,0.213,0.951,-19.839,0.85,0,0.373,-183.708,-300.16,249.21,1579.615,0.123,-21.371,1581.786,3,-2.314,1.238,-63.969,0,0,,1586.9,,,,,,,,,,,,,1586.196,0,,147,256,,,,,,,,,,,1585.586,2,,,,,,,0.061,-37.611,0.015,-17.058,-20.6,-48.953,-10.902,-66.074,22.541,-50.988,12.905,-65.056,46.721,-94.912,-0.291,-116.018,-46.514,-94.635,-0.05,-36.894,,"mungjungh",-0.006,-17.09,,"Kr_Luna",-20.509,-48.916,80,"Yaksok~",-10.897,-66.062,105,"Penguin_iDOL",22.242,-50.868,,"CVPileMaki",12.778,-65.056,,"-KYU-",46.723,-94.923,,"k@ster",-0.314,-116.013,,"SUGUN",-46.456,-94.639,,1589.336,1.527,-36.003,,,,1585.538,-18.242,-41.393,1583.801,-2.399,-64.849,,,,,,,,,,,,,,,,,,,,,,1588.106,-18.033,-39.984,1584.365,-5.734,-63.095,,,,,,,,,,,,,,,,"",2,,,,,,,,,,,,,0,"Yaksok~",,,,258,""
5,,1,1,0,0,0,0,1,0,0,0,255,255,255,4,1606.572,"HANA_ARASHI",R,26,96,140,0.143,-0.521,0.423,2.074,0.086,1.084,-36.641,21.497,87,13,0,0,"",-31.01,-200,6.564,0,0,1,"=","=","=","=","=","=","=","=","=",2,L,"쟈가리코",190,82,0.501,,91,W,Y,0,,,,,,,,,,,,,,,,,,,,,,,,,,,,,0,0,,,,,,,,,,,,,,,,,,,,,,,,,,,,,,,,,,,,,,0.137,-37.656,0.057,-17.13,-18.495,-48.734,-10.631,-66.178,21.908,-48.679,15.773,-63.134,47.667,-96.791,6.476,-120.463,-44.71,-95.719,,,,"",,,,"",,,,"",,,,"",,,,"",,,,"",,,,"",,,,"",,,,1610.671,-0.037,-37.556,,,,,,,,,,,,,,,,,,,,,,,,,,,,,,,,,,,,,,,,,,,,,,,,,,,,"",0,,,,,,,,,,,,,0,"",,,,0,""
6,,1,1,0,0,0,1,1,0,0,0,255,255,255,5,1621.909,"HANA_ARASHI",R,26,94,140,-1.732,-0.215,0.254,2.136,-0.697,1.284,-36.641,18.155,78,22,0,2,"",-48.215,-190.948,5.432,0,0,1,"=","=","=","=","=","=","=","=","=",2,L,"쟈가리코",190,82,0.501,3,91,W,Y,1,1623.027,131,69,82,51,11,,138,82,-30,37.556,-0.377,0.8,-18.961,1,0,0.52,-327.365,-25.996,-62.278,1621.092,-1.344,-20.217,1622.99,2,-18.368,0.14,-42.56,0,0,,1628.41,,,,,,,,,,,,,1626.446,1,,147,0,,,,,,,,,,,1625.862,2,,,,,,,0.005,-37.447,-0.064,-16.988,-19.505,-48.625,-10.676,-66.208,22.074,-48.688,13.72,-64.475,47.249,-96.945,6.481,-120.479,-44.664,-95.804,0.106,-37.04,,"mungjungh",-0.138,-17.062,,"Kr_Luna",-19.277,-48.584,79,"Yaksok~",-10.671,-66.196,,"Penguin_iDOL",21.737,-48.686,,"CVPileMaki",13.65,-64.454,,"-KYU-",47.225,-96.919,,"k@ster",6.477,-120.455,,"SUGUN",-44.78,-95.69,,1628.09,-6.196,-31.203,,,,1624.974,-18.999,-43.461,,,,,,,,,,,,,,,,,,,,,,,,,1627.132,-18.014,-39.482,,,,,,,,,,,,,,,,,,,"",2,,,,,,,,,,,,,0,"Kr_Luna",,,,2,""
7,,1,1,0,0,0,0,2,0,0,0,255,255,255,6,1643.959,"HANA_ARASHI",R,26,91,140,-0.873,0.324,0.348,2.076,-0.263,1.622,-36.641,20.824,91,9,0,0,"",-141.974,-200,36.126,0,0,2,"=","=","=","=","=","=","=","=","=",4,L,"わだ、、",190,85,0.5,,91,W,Y,1,,,,,,,,,,,,,,,,,,,,,,,,,,,,,0,0,,,,,,,,,,,,,,,,,,,,,,,,,,,,,,,,,,,,,,0.055,-37.589,-0.054,-17.26,-20.373,-47.946,-11.351,-65.959,22.433,-49.318,14.593,-63.913,46.229,-97.375,5.028,-121.938,-47.354,-92.725,,,,"",,,,"",,,,"",,,,"",,,,"",,,,"",,,,"",,,,"",,,,1648.233,-0.133,-37.614,,,,,,,,,,,,,,,,,,,,,,,,,,,,,,,,,,,,,,,,,,,,,,,,,,,,"",0,,,,,,,,,,,,,0,"",,,,0,""
8,,1,1,0,0,0,1,2,0,0,0,255,255,255,7,1657.639,"HANA_ARASHI",R,10,80,120,0.142,-1.985,0.415,1.989,0.051,0.808,-36.641,23.101,42,58,0,1,"",0,400,-8.509,-0.001,-19.296,2,"=","=","=","=","=","=","=","=","=",4,L,"わだ、、",190,85,0.5,,91,W,Y,0,,,,,,,,,,,,,,,,,,,,,,,,,,,,,0,0,,,,,,,,,,,,,,,,,,,,,,,,,,,,,,,,,,,,,,0.013,-37.566,-0.069,-17.239,-20.073,-48.323,-10.703,-66.224,22.726,-49.247,15.976,-63.07,46.847,-97.068,5.089,-121.899,-47.558,-92.598,,,,"",,,,"",,,,"",,,,"",,,,"",,,,"",,,,"",,,,"",,,,1661.934,-0.186,-37.633,,,,,,,,,,,,,,,,,,,,,,,,,,,,,,,,,,,,,,,,,,,,,,,,,,,,"",0,,,,,,,,,,,,,0,"",,,,0,""
9,,1,1,0,0,1,1,2,0,0,0,255,255,255,8,1671.013,"HANA_ARASHI",R,26,96,140,2.019,1.639,0.571,2.295,0.778,2.446,-36.641,47.695,75,25,0,1,"",61.752,-200,-2.265,0,0,2,"=","=","=","=","=","=","=","=","=",4,L,"わだ、、",190,85,0.5,,91,W,Y,0,,,,,,,,,,,,,,,,,,,,,,,,,,,,,0,0,,,,,,,,,,,,,,,,,,,,,,,,,,,,,,,,,,,,,,0.013,-37.738,-0.04,-17.146,-20.065,-48.283,-10.696,-66.216,22.673,-49.384,16.553,-62.601,46.633,-97.2,5.035,-121.942,-47.67,-92.463,,,,"",,,,"",,,,"",,,,"",,,,"",,,,"",,,,"",,,,"",,,,1674.921,-0.112,-37.516,,,,,,,,,,,,,,,,,,,,,,,,,,,,,,,,,,,,,,,,,,,,,,,,,,,,"",0,,,,,,,,,,,,,0,"",,,,0,""
10,,1,1,0,0,2,1,2,0,0,0,255,255,255,9,1684.684,"HANA_ARASHI",R,13,81,119,-0.115,-0.01,0.531,2.34,0.591,1.946,-36.641,47.234,68,32,0,2,"",-390.434,312.348,19.801,0,0,2,"=","=","=","=","=","=","=","=","=",4,L,"わだ、、",190,85,0.5,5,91,W,Y,1,1685.86,214,144,139,104,34,,145,116,27.134,-44.921,-0.055,0.945,-19.94,0.13,0,0.414,487.332,-213.044,221.869,1689.38,76.928,-89.218,,,,,,0,0,,,,,,,,,,,,,,,,,,,,,,,,,,,,,,,,,,,,,,0.037,-37.524,-0.06,-17.118,-20.108,-48.307,-12.27,-65.412,22.565,-49.317,13.862,-64.627,47.323,-97.525,4.941,-121.893,-47.494,-92.583,0.062,-37.001,,"mungjungh",-0.11,-17.119,,"Kr_Luna",-20.127,-48.015,,"Yaksok~",-12.942,-65.975,,"Penguin_iDOL",22.439,-49.294,,"CVPileMaki",7.804,-66.006,,"-KYU-",47.311,-97.514,,"k@ster",4.947,-121.901,,"SUGUN",-47.508,-92.514,,,,,,,,,,,,,,,,,,,,,,,,,,,,,,,,,,,,,,,,,,,,,,,,,,,,,,,,"",3,-41.313,-41.313,-17.041,0,1,0.605,61.496,45.986,-0.845,89.031,0.056,-50.032,0,"",,,,0,""
11,,1,1,0,0,2,2,2,0,0,0,255,255,255,10,1708.024,"HANA_ARASHI",R,26,100,140,-1.506,0.535,0.251,2.081,-0.713,1.755,-36.641,17.541,78,22,0,2,"",35.363,-200,0.552,0,0,2,"=","=","=","=","=","=","=","=","=",4,L,"わだ、、",190,85,0.5,5,90,W,Y,1,1709.101,255,90,125,98,33,,145,98,55.896,-6.514,-0.29,1.198,-20.061,-0.55,0,0.41,15.976,-7.796,-106.277,1713.224,7.952,-81.49,1713.401,3,7.842,1.962,-80.565,0,0,,1714.873,,,,,,,,,,,,,1715.457,2,,452,0,,,,,,,,,,,,,,,,,,,0.087,-37.709,-0.011,-16.982,-19.384,-48.876,-8.582,-67.051,23.696,-49.249,14.541,-63.997,50.375,-98.932,5.215,-122.973,-46.8,-94.783,0.036,-37.067,,"mungjungh",-0.115,-17.231,,"Kr_Luna",-19.33,-48.945,,"Yaksok~",-8.86,-68.598,99,"Penguin_iDOL",23.257,-49.374,,"CVPileMaki",14.55,-63.983,,"-KYU-",50.374,-98.934,,"k@ster",3.464,-123.048,,"SUGUN",-46.832,-94.683,,,,,,,,,,,1715.464,7.625,-80.788,,,,1715.44,7.799,-80.738,,,,,,,,,,,,,,,,,,,1717.096,5.433,-74.77,,,,,,,,,,,,,,,,"",1,-4.754,-4.754,2.061,0,1,0.54,69.142,55.896,-0.508,89.299,0.068,-19.848,0,"Yaksok~",,,,320,""
12,SIDE,1,1,0,0,0,0,2,0,0,0,255,255,255,,1718.299,,,,,,,,,,,,,,,,,,,,,,,,3,"=","=","=","=","=","=","=","=","=",,,,,,,,,,,,,,,,,,,,,,,,,,,,,,,,,,,,,,,0,0,,,,,,,,,,,,,,,,,,,,,,,,,,,,,,,,,,,,,,,,,,,,,,,,,,,,,,,,,,,,,,,,,,,,,,,,,,,,,,,,,,,,,,,,,,,,,,,,,,,,,,,,,,,,,,,,,,,,,,,,,,,,,,,,,,,,,,,,,,,,,,,,,"",0,,,,,,,,,,,,,0,"",,,,0,""
13,,1,0,0,0,0,0,0,0,0,0,255,255,255,0,1919.055,"DoYaGee",R,32,66,119,-0.731,-0.419,0.074,1.038,-0.585,1.441,-36.487,29.06,3,16,81,2,"",187.158,58.932,19.029,0,0,0,"SUGUN","Kr_Luna","Penguin_iDOL","가앤슬_","mungjungh","-KYU-","CVPileMaki","k@ster","Yaksok~",8,R,"SUGUN",179.9,82.092,0.496,3,87,W,Y,1,1920.328,255,144,100,107,13,,145,83,26.048,6.401,-0.15,1.021,-21.046,1,0,0.369,185.581,121.993,215.591,1922.861,-10.219,-89.433,1923.936,7,-11.977,0.71,-94.849,1,0,,1925.69,,,,,,,,,,,,,,,,,,,,,,,,,,,,,,,,,,,,0.02,-37.511,-0.024,-17.846,-22.036,-47.982,-16.754,-62.548,19.965,-46.649,13.904,-64.475,41.299,-88.218,-0.574,-112.508,-48.003,-89.873,0.278,-37.557,,"encounter v",-0.108,-17.898,,"쟈가리코",-21.522,-47.534,,"muyang_",-16.801,-62.298,,"わだ、、",19.127,-45.901,,"shimenawa",12.993,-64.719,74,"Po_cari",41.208,-88.093,,"ByeolBam",-0.403,-112.961,96,"yumi2012",-48.05,-89.855,,1932.026,-0.155,-38.943,,,,,,,,,,,,,1928.773,-0.29,-60.155,,,,1925.99,-12.309,-95.349,,,,,,,,,,,,,,,,,,,1930.915,-1.71,-56.381,,,,1927.333,-10.688,-85.77,,,,"",2,,,,,,,,,,,,,0,"ByeolBam",,,,9,""
14,,1,0,0,0,0,0,0,1,0,0,18,255,255,1,1950.173,"DoYaGee",R,3,74,115,-1.648,-0.429,0.193,1.012,-0.034,1.369,-36.487,25.52,3,11,86,1,"",-400.956,-0.061,8.463,0,0,1,"=","=","=","=","=","=","=","=","=",2,L,"Kr_Luna",190,95.218,0.504,,86,W,Y,0,,,,,,,,,,,,,,,,,,,,,,,,,,,,,0,0,,,,,,,,,,,,1992.712,,,,,,,,,,,,,,,,,,,,,,,,,,0.216,-37.649,-0.037,-17.862,-20.198,-42.207,-12.845,-58.087,19.067,-44.919,12.577,-64.303,40.043,-86.748,0.462,-109.796,-47.846,-91.634,,,,"",,,,"",,,,"",,,,"",,,,"",,,,"",,,,"",,,,"",,,,1955.308,-0.095,-36.898,,,,,,,,,,,,,,,,,,,,,,,,,,,,,,,,,,,,,,,,,,,,,,,,,,,,"",0,,,,,,,,,,,,,0,"",,,,0,""
15,,1,0,0,0,1,0,0,1,0,0,18,255,255,2,1994.145,"DoYaGee",R,5,75,124,0.821,-0.615,0.272,0.943,0.512,1.244,-36.487,33.071,5,15,79,0,"",-103.969,0,2.746,0,0,1,"=","=","=","=","=","=","=","=","=",2,L,"Kr_Luna",190,95.218,0.504,,83,W,Y,0,,,,,,,,,,,,,,,,,,,,,,,,,,,,,0,0,,,,,,,,,,,,2010.714,,,,,,,,,,,,,,,,,,,,,,,,,,0.239,-37.482,-0.02,-17.822,-19.916,-41.76,-10.734,-59.651,18.636,-44.919,12.308,-64.847,39.979,-86.049,0.126,-111.818,-47.514,-91.166,,,,"",,,,"",,,,"",,,,"",,,,"",,,,"",,,,"",,,,"",,,,1997.963,0.009,-36.791,,,,,,,,,,,,,,,,,,,,,,,,,,,,,,,,,,,,,,,,,,,,,,,,,,,,"",0,,,,,,,,,,,,,0,"",,,,0,""
16,,1,0,0,0,1,1,0,1,0,0,18,255,255,3,2014.393,"DoYaGee",R,3,70,112,-1.854,-0.671,0.259,0.992,0.277,1.303,-36.487,25.061,5,12,83,2,"",-441.319,1.943,18.069,0,0,1,"=","=","=","=","=","=","=","=","=",2,L,"Kr_Luna",190,95.218,0.504,3,83,W,Y,1,2015.3,157,107,143,75,32,,145,113,19.211,-23.686,-0.125,0.842,-20.247,0.12,0,0.079,-172.071,140.642,-274.342,2016.743,31.649,-97.478,2017.055,6,31.068,0.783,-95.931,0,0,,,,,,,,,,,,2029.569,,,2019.124,1,,455,0,,,,,,,,,,,,,,,,,,,0.263,-37.47,-0.037,-17.861,-20.319,-42.623,-10.568,-59.324,18.556,-44.625,12.987,-63.874,40.015,-86.029,-1.696,-113.13,-47.365,-91.174,0.012,-36.854,,"encounter v",-0.041,-17.925,,"쟈가리코",-20.379,-45.991,,"muyang_",-9.036,-59.822,68,"わだ、、",18.384,-44.179,,"shimenawa",11.99,-63.721,,"Po_cari",40.023,-86.042,112,"ByeolBam",-0.216,-112.927,,"yumi2012",-47.357,-91.18,,2029.312,0.291,-39.253,,,,,,,2023.688,2.786,-61.601,,,,,,,2019.136,31.713,-96.129,,,,,,,,,,,,,,,,2027.992,1.966,-57.195,,,,,,,2022.159,26.361,-87.563,,,,,,,"",1,,,,,,,,,,,,,0,"Po_cari",,,,272,""
17,,1,0,0,0,0,0,1,1,0,0,18,255,255,4,2069.166,"DoYaGee",R,33,75,126,0.067,0.183,0.171,1.134,-0.136,1.763,-36.487,9.587,5,48,47,2,"",146.642,27.291,31.337,0,0,2,"=","=","=","=","=","=","=","=","=",4,R,"Penguin_iDOL",190,80,0.3,5,85,W,Y,1,2070.302,147,62,111,67,41,,145,131,-30,71.223,0.015,1.057,-19.555,0.29,0,0.228,3.917,32.357,-69.784,2068.253,-1.634,-20.116,,,,,,0,0,,,,,,,,,,,,2090.745,,,,,,,,,,,,,,,,,,,,,,,,,,0.284,-37.651,-0.021,-17.641,-19.974,-42.503,-12.947,-59.409,18.912,-45.039,8.909,-64.571,42.828,-86.802,0.097,-109.886,-46.616,-91.851,0.104,-37.038,,"encounter v",-0.034,-17.684,,"쟈가리코",-20.033,-46.275,,"muyang_",-12.951,-59.405,,"わだ、、",18.891,-45.029,,"shimenawa",11.202,-65.01,,"Po_cari",42.818,-86.75,,"ByeolBam",0.071,-109.896,,"yumi2012",-46.619,-91.846,,,,,,,,,,,,,,,,,,,,,,,,,,,,,,,,,,,,,,,,,,,,,,,,,,,,,,,,"",3,82.281,67.68,25.136,0.763,1,0.879,-61.692,-46.228,-59.001,-77.936,0.043,101.811,0,"",,,,0,""
18,,1,0,0,0,0,1,1,1,0,0,18,255,255,5,2093.701,"DoYaGee",R,3,83,123,-2.358,-0.484,0.127,0.998,-0.338,1.324,-36.487,16.342,4,10,86,4,"",-442.636,0,21.354,0,0,2,"=","=","=","=","=","=","=","=","=",4,R,"Penguin_iDOL",190,80,0.3,,85,W,Y,1,,,,,,,,,,,,,,,,,,,,,,,,,,,,,0,0,,,,,,2118.107,,,,,,2112.826,,,,,,,,,,,,,,,,,,,,,,,,,,0.252,-37.408,-0.029,-17.7,-20.306,-41.809,-13.643,-59.258,19.842,-45.296,9.593,-63.804,40.289,-87.805,-0.228,-110.923,-47.85,-92.576,,,,"",,,,"",,,,"",,,,"",,,,"",,,,"",,,,"",,,,"",,,,,,,,,,,,,,,,,,,,,,,,,,,,,,,,,,,,,,,,,,,,,,,,,,,,,,,,,,"",0,,,,,,,,,,,,,0,"",2118.107,,,0,""
19,,1,0,0,0,0,2,1,0,1,0,255,18,255,6,2138.901,"DoYaGee",R,3,65,106,-1.21,-1.087,0.283,0.888,0.387,0.968,-36.487,30.955,3,8,89,4,"",-481.818,0,20.491,0,0,2,"=","=","=","=","=","=","=","=","=",4,R,"Penguin_iDOL",190,80,0.3,,85,W,Y,1,,,,,,,,,,,,,,,,,,,,,,,,,,,,,0,0,,,,,,,,,,,,,2162.928,,2141.759,2,,578,0,,,,,,,,,,,,,,,,,,,0.327,-37.571,-0.065,-17.779,-19.986,-46.649,-13.907,-60.314,18.512,-44.699,7.571,-63.657,37.26,-88.033,-0.391,-112.605,-49.131,-95.214,,,,"",,,,"",,,,"",,,,"",,,,"",,,,"",,,,"",,,,"",,,,,,,,,,,,,,,,,,,,,,,,,,,,,,,,,,,,,,,,,,,,,,,,,,,,,,,,,,"",0,,,,,,,,,,,,,0,"",2141.702,,,0,""
20,,1,0,0,0,0,0,2,0,1,0,255,18,255,7,2164.716,"DoYaGee",R,3,72,112,-2.316,0.298,0.121,1.153,-0.366,1.827,-36.487,12.679,2,11,87,2,"",-479.715,0,28.753,0,0,3,"=","=","=","=","=","=","=","=","=",9,R,"가앤슬_",190,90.016,0.2,3,84,W,Y,1,2165.976,255,73,119,106,65,,145,87,30.76,17.044,-0.468,1.114,-19.942,-1,0,0.611,230.437,-323.657,175.388,2168.724,-17.381,-89.093,2170.022,7,-18.638,0.807,-97.043,1,0,,2172.094,,,,,,,2170.459,2175.238,,,,,,,,,,,,,,,,,,,,,,,,,,,,0.219,-37.561,-0.112,-17.787,-22.59,-48.487,-15.945,-62.368,19.591,-46.301,6.237,-64.693,37.246,-87.995,0.202,-113.46,-49.174,-95.1,-0.026,-36.94,,"encounter v",-0.221,-17.83,,"쟈가리코",-22.283,-48.384,67,"muyang_",-15.981,-62.438,,"わだ、、",19.171,-46.418,,"shimenawa",11.304,-65.403,,"Po_cari",37.2,-87.851,,"ByeolBam",0.194,-113.443,,"yumi2012",-49.131,-95.109,,2180.427,-1.529,-38.764,,,,2175.62,-12.893,-38.397,,,,,,,,,,,,,2171.992,-18.211,-97.578,,,,,,,,,,2179.547,-13.504,-37.318,,,,,,,,,,,,,,,,,,,"",2,,,,,,,,,,,,,0,"ByeolBam",,2170.459,2175.238,10,""
21,,1,0,0,1,0,0,2,1,0,0,19,255,255,8,2199.977,"DoYaGee",R,32,71,123,-0.131,0.142,0.14,1.131,-0.277,1.753,-36.487,13.822,2,11,87,0,"",159.505,38.757,18.822,0,0,4,"=","=","=","=","=","=","=","=","=",1,R,"mungjungh",190,90.362,0.403,,84,W,Y,0,,,,,,,,,,,,,,,,,,,,,,,,,,,,,0,0,,,,,,,,,,,,2200.185,,,,,,,,,,,,,,,,,,,,,,,,,,0.133,-37.521,-0.033,-17.616,-19.999,-41.42,-15.553,-61.49,19.057,-45.433,8.754,-64.453,37.836,-87.105,0.173,-106.498,-47.377,-95.432,,,,"",,,,"",,,,"",,,,"",,,,"",,,,"",,,,"",,,,"",,,,2203.655,-0.098,-36.657,,,,,,,,,,,,,,,,,,,,,,,,,,,,,,,,,,,,,,,,,,,,,,,,,,,,"",0,,,,,,,,,,,,,0,"",,,,0,""
22,,1,0,0,1,0,1,2,1,0,0,19,255,255,9,2219.058,"DoYaGee",R,13,81,118,-4.286,-1.198,-0.061,0.974,-1.215,1.247,-36.487,20.659,6,4,89,1,"",-390.434,312.348,25.513,0,0,4,"=","=","=","=","=","=","=","=","=",1,R,"mungjungh",190,90.362,0.403,,84,W,Y,0,,,,,,,,,,,,,,,,,,,,,,,,,,,,,0,0,,,,,,,,,,,,2219.408,,,,,,,,,,,,,,,,,,,,,,,,,,0.159,-37.537,-0.029,-17.632,-19.891,-41.191,-15.474,-62.318,18.45,-44.434,7.616,-63.667,37.808,-87.146,-0.037,-106.067,-47.118,-95.418,,,,"",,,,"",,,,"",,,,"",,,,"",,,,"",,,,"",,,,"",,,,2223.272,0.071,-36.516,,,,,,,,,,,,,,,,,,,,,,,,,,,,,,,,,,,,,,,,,,,,,,,,,,,,"",0,,,,,,,,,,,,,0,"",,,,0,""
23,,1,0,0,1,1,1,2,1,0,0,19,255,255,10,2239.72,"DoYaGee",R,3,69,111,-0.85,-2.529,0.266,0.672,0.303,-0.34,-36.487,63.462,10,9,81,1,"",-418.385,0,-13.481,-0.029,-23.247,4,"=","=","=","=","=","=","=","=","=",1,R,"mungjungh",190,90.362,0.403,,84,W,Y,0,,,,,,,,,,,,,,,,,,,,,,,,,,,,,0,0,,,,,,,,,,,,2239.893,,,,,,,,,,,,,,,,,,,,,,,,,,0.158,-37.623,-0.045,-17.674,-19.683,-40.515,-15.648,-62.484,20.484,-46.949,6.569,-63.513,37.866,-87.098,0.04,-106.064,-47.224,-95.377,,,,"",,,,"",,,,"",,,,"",,,,"",,,,"",,,,"",,,,"",,,,2243.778,-0.114,-37.125,,,,,,,,,,,,,,,,,,,,,,,,,,,,,,,,,,,,,,,,,,,,,,,,,,,,"",0,,,,,,,,,,,,,0,"",,,,0,""
24,,1,0,0,1,2,1,2,1,0,0,19,255,255,11,2259.992,"DoYaGee",R,3,75,116,-3.046,0.174,0.067,1.128,-0.62,1.745,-36.487,14.61,2,9,89,4,"",-416.242,0,15.899,0,0,4,"=","=","=","=","=","=","=","=","=",1,R,"mungjungh",190,90.362,0.403,,84,W,Y,1,,,,,,,,,,,,,,,,,,,,,,,,,,,,,0,0,,,,,,,,,,,,2260.053,,,,,,,,,,,,,,,,,,,,,,,,,,0.14,-37.738,-0.035,-17.605,-20.021,-41.146,-15.687,-62.426,20.845,-46.603,8.093,-63.907,37.917,-87.051,0.511,-107.592,-47.951,-95.489,,,,"",,,,"",,,,"",,,,"",,,,"",,,,"",,,,"",,,,"",,,,2263.994,-0.026,-36.768,,,,,,,,,,,,,,,,,,,,,,,,,,,,,,,,,,,,,,,,,,,,,,,,,,,,"",0,,,,,,,,,,,,,0,"",,,,0,""
25,,1,0,0,1,2,2,2,1,0,0,19,255,255,12,2281.272,"DoYaGee",R,33,72,124,1.264,-0.179,0.267,1.069,0.312,1.555,-36.487,33.218,3,13,84,2,"",147.759,35.669,14.284,0,0,4,"=","=","=","=","=","=","=","=","=",1,R,"mungjungh",190,90.362,0.403,0,84,W,Y,1,2282.405,182,61,55,26,15,,130,90,5.929,23.461,0.233,0.956,-20.496,-0.58,0,0.228,-322.941,-280.335,126.267,2281.468,-9.857,-45.153,2282.561,3,-14.019,0.07,-55.94,1,0,,2288.14,,,,2287.635,,,,,,,,,,,,,,,,,,,,,,,,2290.149,2,,,,,,,0.081,-37.39,-0.089,-17.625,-19.758,-41.163,-16.475,-62.853,20.694,-46.976,8.996,-65.38,37.832,-87.11,0.42,-107.616,-47.829,-95.412,-0.179,-36.917,,"encounter v",-0.094,-17.64,,"쟈가리코",-21.266,-44.568,,"muyang_",-16.477,-62.842,88,"わだ、、",19.621,-46.782,,"shimenawa",11.611,-65.445,,"Po_cari",37.813,-87.046,,"ByeolBam",0.405,-107.625,,"yumi2012",-47.837,-95.408,,,,,,,,2286.377,-16.458,-46.442,2284.568,-14.967,-58.367,,,,,,,,,,,,,,,,,,,,,,,,,2285.627,-14.873,-54.803,,,,,,,,,,,,,,,,"",2,,,,,,,,,,,,,0,"muyang_",2287.635,,,258,""
26,,1,0,0,1,0,0,2,1,1,0,11,19,255,13,2336.546,"DoYaGee",R,3,67,111,1.157,-0.673,0.345,0.974,1.025,1.238,-36.487,48.384,3,14,83,0,"",-346.14,0,2.538,0,0,5,"=","=","=","=","=","=","=","=","=",6,R,"-KYU-",180.7,89.92,0.554,,82,W,Y,0,,,,,,,,,,,,,,,,,,,,,,,,,,,,,0,0,,,,,,,,,,,,,2348.711,,,,,,,,,,,,,,,,,,,,,,,,,0.162,-37.71,-0.059,-17.763,-21.031,-44.749,-16.541,-62.517,19.495,-45.785,9.298,-64.772,37.93,-84.587,0.103,-108.371,-48.851,-93.456,,,,"",,,,"",,,,"",,,,"",,,,"",,,,"",,,,"",,,,"",,,,2340.47,-0.022,-36.793,,,,,,,,,,,,,,,,,,,,,,,,,,,,,,,,,,,,,,,,,,,,,,,,,,,,"",0,,,,,,,,,,,,,0,"",2339.527,,,0,""
27,,1,0,0,1,0,1,2,1,1,0,11,19,255,14,2355.199,"DoYaGee",R,13,76,114,-1.257,-2.631,0.228,0.762,0.128,0.504,-36.487,44.919,9,14,77,1,"",-390.434,312.348,17.161,-0.24,-20.288,5,"=","=","=","=","=","=","=","=","=",6,R,"-KYU-",180.7,89.92,0.554,,82,W,Y,0,,,,,,,,,,,,,,,,,,,,,,,,,,,,,0,0,,,,,,,,,,,,2355.256,2368.886,,,,,,,,,,,,,,,,,,,,,,,,,0.164,-37.507,-0.058,-17.771,-21.425,-43.09,-16.697,-62.418,20.244,-46.048,6.465,-63.904,37.533,-85.973,-0.035,-109.101,-48.746,-93.467,,,,"",,,,"",,,,"",,,,"",,,,"",,,,"",,,,"",,,,"",,,,2359.257,-0.132,-36.568,,,,,,,,,,,,,,,,,,,,,,,,,,,,,,,,,,,,,,,,,,,,,,,,,,,,"",0,,,,,,,,,,,,,0,"",2358.15,,,0,""
28,,1,0,0,1,1,1,2,1,1,0,11,19,255,15,2375.81,"DoYaGee",R,3,77,116,-3.028,-0.269,0.08,1.047,-0.559,1.473,-36.487,16.823,7,7,86,1,"",-447.823,0,25.011,0,0,5,"=","=","=","=","=","=","=","=","=",6,R,"-KYU-",180.7,89.92,0.554,,82,W,Y,0,,,,,,,,,,,,,,,,,,,,,,,,,,,,,0,0,,,,,,,,,,,,2375.845,2393.298,,,,,,,,,,,,,,,,,,,,,,,,,0.125,-37.511,-0.047,-17.775,-20.051,-41.634,-15.88,-62.715,19.906,-45.336,7.583,-64.15,37.667,-86.124,0.02,-108.866,-48.818,-93.371,,,,"",,,,"",,,,"",,,,"",,,,"",,,,"",,,,"",,,,"",,,,2379.5,-0.011,-36.941,,,,,,,,,,,,,,,,,,,,,,,,,,,,,,,,,,,,,,,,,,,,,,,,,,,,"",0,,,,,,,,,,,,,0,"",2379.309,,,0,""
29,,1,0,0,1,2,1,2,1,1,0,11,19,255,16,2395.569,"DoYaGee",R,5,63,114,0.12,-0.451,0.263,1.015,0.293,1.366,-36.487,31.089,3,11,86,0,"",-143.201,0,17.114,0,0,5,"=","=","=","=","=","=","=","=","=",6,R,"-KYU-",180.7,89.92,0.554,,82,W,Y,1,,,,,,,,,,,,,,,,,,,,,,,,,,,,,0,0,,,,,,,,,,,,2396.676,2411.244,,,,,,,,,,,,,,,,,,,,,,,,,0.161,-37.629,-0.066,-17.77,-20.381,-43.112,-16.215,-62.975,19.559,-45.697,5.617,-63.65,37.612,-86.109,0.025,-108.853,-48.85,-93.328,,,,"",,,,"",,,,"",,,,"",,,,"",,,,"",,,,"",,,,"",,,,2399.485,-0.062,-36.478,,,,,,,,,,,,,,,,,,,,,,,,,,,,,,,,,,,,,,,,,,,,,,,,,,,,"",0,,,,,,,,,,,,,0,"",2399.228,,,0,""
30,,1,0,0,1,2,2,2,1,1,0,11,19,255,17,2414.696,"DoYaGee",R,33,64,118,-0.295,1.192,0.123,1.3,-0.36,2.334,-36.487,6.958,0,53,47,1,"",136.853,-5.016,28.532,0,0,5,"=","=","=","=","=","=","=","=","=",6,R,"-KYU-",180.7,89.92,0.554,,82,W,Y,0,,,,,,,,,,,,,,,,,,,,,,,,,,,,,0,0,,,,,,,,,,,,2415.41,2432.515,,,,,,,,,,,,,,,,,,,,,,,,,0.157,-37.601,-0.069,-17.77,-19.939,-40.975,-16.355,-62.662,20.351,-45.782,6.308,-64.041,37.617,-86.152,0.434,-109.652,-48.836,-93.346,,,,"",,,,"",,,,"",,,,"",,,,"",,,,"",,,,"",,,,"",,,,2419.52,-0.195,-36.908,,,,,,,,,,,,,,,,,,,,,,,,,,,,,,,,,,,,,,,,,,,,,,,,,,,,"",0,,,,,,,,,,,,,0,"",2418.304,,,0,""
31,,1,0,0,1,3,2,2,1,1,0,11,19,255,18,2435.216,"DoYaGee",R,4,59,109,-0.362,-0.652,0.252,0.982,0.242,1.253,-36.487,33.147,6,5,89,0,"",-220.947,0,9.296,0,0,5,"=","=","=","=","=","=","=","=","=",6,R,"-KYU-",180.7,89.92,0.554,,82,W,Y,1,,,,,,,,,,,,,,,,,,,,,,,,,,,,,0,0,,,,,,,,,,,,,,,2437.971,5,,578,0,,,,,,,,,,,,,,,,,,,0.145,-37.628,-0.059,-17.775,-20.378,-42.403,-16.658,-62.699,20.345,-46.611,9.223,-65.492,37.663,-86.116,0.589,-109.485,-48.798,-93.327,,,,"",,,,"",,,,"",,,,"",,,,"",,,,"",,,,"",,,,"",,,,,,,,,,,,,,,,,,,,,,,,,,,,,,,,,,,,,,,,,,,,,,,,,,,,,,,,,,"",0,,,,,,,,,,,,,0,"",,,,0,""
32,SIDE,1,0,0,1,0,0,2,1,1,0,11,19,255,,2439.367,,,,,,,,,,,,,,,,,,,,,,,,6,"=","=","=","=","=","=","=","=","=",,,,,,,,,,,,,,,,,,,,,,,,,,,,,,,,,,,,,,,0,0,,,,,,,,,,,,,,,,,,,,,,,,,,,,,,,,,,,,,,,,,,,,,,,,,,,,,,,,,,,,,,,,,,,,,,,,,,,,,,,,,,,,,,,,,,,,,,,,,,,,,,,,,,,,,,,,,,,,,,,,,,,,,,,,,,,,,,,,,,,,,,,,,"",0,,,,,,,,,,,,,0,"",,,,0,""
33,,2,1,0,1,0,0,0,0,0,0,255,255,255,11,2482.983,"HANA_ARASHI",R,10,92,128,0.421,-0.642,0.441,2.237,0.171,1.607,-36.691,33.724,85,15,0,0,"",0,400,8.201,0,0,3,"shimenawa","쟈가리코","わだ、、","ByeolBam","Po_cari","Riyaj","encounter v","yumi2012","muyang_",7,R,"ByeolBam",175.3,88,0.5,,81,W,Y,0,,,,,,,,,,,,,,,,,,,,,,,,,,,,,0,0,,,,,,,,,,,,,,,,,,,,,,,,,,,,,,,,,,,,,,0.049,-37.717,0.09,-16.956,-19.135,-46.466,-13.691,-64.188,22.031,-50.856,4.425,-67.484,45.097,-95.534,-0.737,-114.6,-45.992,-92.137,,,,"",,,,"",,,,"",,,,"",,,,"",,,,"",,,,"",,,,"",,,,,,,,,,,,,,,,,,,,,,,,,,,,,,,,,,,,,,,,,,,,,,,,,,,,,,,,,,"",0,,,,,,,,,,,,,0,"",,,,0,""
34,,2,1,0,1,0,1,0,0,0,0,255,255,255,12,2496.31,"HANA_ARASHI",R,26,82,133,1.611,2.404,0.541,2.369,0.634,2.773,-36.691,47.252,78,22,0,1,"",34.614,-200,-5.871,0,0,3,"=","=","=","=","=","=","=","=","=",7,R,"ByeolBam",175.3,88,0.5,,81,W,Y,0,,,,,,,,,,,,,,,,,,,,,,,,,,,,,0,0,,,,,,,,,,,,,,,,,,,,,,,,,,,,,,,,,,,,,,0.085,-37.579,0.049,-16.891,-19.125,-47.294,-13.55,-65.145,21.514,-51.35,11.39,-65.483,44.497,-97.321,-0.712,-114.642,-46.335,-92.997,,,,"",,,,"",,,,"",,,,"",,,,"",,,,"",,,,"",,,,"",,,,,,,,,,,,,,,,,,,,,,,,,,,,,,,,,,,,,,,,,,,,,,,,,,,,,,,,,,"",0,,,,,,,,,,,,,0,"",,,,0,""
35,,2,1,0,1,1,1,0,0,0,0,255,255,255,13,2508.7,"HANA_ARASHI",R,13,74,113,-3.741,-1.333,0.299,2.141,-0.954,1.271,-36.691,24.363,87,13,0,4,"",-375.875,329.724,17.108,-0.943,-17.967,3,"=","=","=","=","=","=","=","=","=",7,R,"ByeolBam",175.3,88,0.5,,81,W,Y,1,,,,,,,,,,,,,,,,,,,,,,,,,,,,,0,0,,,,,,,,,,,,,,,,,,,,,,,,,,,,,,,,,,,,,,0.026,-37.605,-0.592,-17.02,-19.527,-47.664,-13.809,-65.045,22.482,-50.825,4.094,-67.788,44.157,-97.337,-0.607,-114.743,-46.3,-93.076,,,,"",,,,"",,,,"",,,,"",,,,"",,,,"",,,,"",,,,"",,,,,,,,,,,,,,,,,,,,,,,,,,,,,,,,,,,,,,,,,,,,,,,,,,,,,,,,,,"",0,,,,,,,,,,,,,0,"",,,,0,""
36,,2,1,0,1,1,2,0,0,0,0,255,255,255,14,2522.541,"HANA_ARASHI",R,26,76,127,3.402,2.654,0.682,2.407,1.292,2.906,-36.691,61.729,56,44,0,1,"",109.243,-200,8.517,0,0,3,"=","=","=","=","=","=","=","=","=",7,R,"ByeolBam",175.3,88,0.5,,70,W,Y,0,,,,,,,,,,,,,,,,,,,,,,,,,,,,,0,0,,,,,,,,,,,,,,,,,,,,,,,,,,,,,,,,,,,,,,0.08,-37.579,0,-17.015,-19.629,-47.657,-12.982,-65.127,22.725,-50.787,10.955,-65.701,44.132,-97.107,-0.669,-114.765,-46.164,-93.206,,,,"",,,,"",,,,"",,,,"",,,,"",,,,"",,,,"",,,,"",,,,,,,,,,,,,,,,,,,,,,,,,,,,,,,,,,,,,,,,,,,,,,,,,,,,,,,,,,"",0,,,,,,,,,,,,,0,"",,,,0,""
37,,2,1,0,1,2,2,0,0,0,0,255,255,255,15,2538.159,"HANA_ARASHI",R,10,83,124,-1.077,-1.483,0.302,2.121,-0.477,1.201,-36.691,25.954,88,12,0,4,"",0,400,7.82,-0.269,-18.168,3,"=","=","=","=","=","=","=","=","=",7,R,"ByeolBam",175.3,88,0.5,,70,W,Y,1,,,,,,,,,,,,,,,,,,,,,,,,,,,,,0,0,,,,,,,,,,,,,,,2544.288,3,,147,16,,,,,,,,,,,,,,,,,2541.368,1,-0.006,-37.45,-0.014,-17.035,-19.576,-47.631,-8.482,-67.016,22.5,-51.179,14.436,-64.007,44.635,-97.134,-0.677,-114.737,-46.241,-93.09,,,,"",,,,"",,,,"",,,,"",,,,"",,,,"",,,,"",,,,"",,,,,,,,,,,,,,,,,,,,,,,,,,,,,,,,,,,,,,,,,,,,,,,,,,,,,,,,,,"",0,,,,,,,,,,,,,0,"",,,,0,""
38,,2,1,0,1,0,0,1,0,0,0,255,255,255,16,2558.337,"HANA_ARASHI",R,26,82,134,0.953,1.324,0.508,2.388,0.483,2.139,-36.691,44.74,78,22,0,1,"",-66.516,-200,-1.559,0,0,4,"=","=","=","=","=","=","=","=","=",6,R,"Po_cari",175,85,0.45,,80,W,Y,0,,,,,,,,,,,,,,,,,,,,,,,,,,,,,0,0,,,,,,,,,,,,,,,,,,,,,,,,,,,,,,,,,,,,,,0.135,-37.541,0.038,-17.051,-19.747,-46.797,-13.305,-65.259,22.521,-51.42,11.705,-65.514,42.372,-95.664,-0.315,-115.007,-46.328,-93.002,,,,"",,,,"",,,,"",,,,"",,,,"",,,,"",,,,"",,,,"",,,,,,,,,,,,,,,,,,,,,,,,,,,,,,,,,,,,,,,,,,,,,,,,,,,,,,,,,,"",0,,,,,,,,,,,,,0,"",,,,0,""
39,,2,1,0,1,1,0,1,0,0,0,255,255,255,17,2571.108,"HANA_ARASHI",R,26,96,140,0.812,0.198,0.486,2.206,0.381,1.5,-36.691,32.836,87,13,0,2,"",-30.635,-200,-1.477,0,0,4,"=","=","=","=","=","=","=","=","=",6,R,"Po_cari",175,85,0.45,5,80,W,Y,1,2572.212,209,76,94,31,15,,143,129,-30,63.178,0.128,0.913,-19.457,0.34,0,0.245,-327.992,40.052,136.135,2570.107,-1.182,-20.118,,,,,,0,0,,,,,,,,,,,,,,,,,,,,,,,,,,,,,,,,,,,,,,0.114,-37.508,0.069,-17.113,-19.752,-46.898,-13.3,-65.19,22.566,-51.385,11.847,-65.355,42.523,-95.429,-0.266,-115.028,-46.163,-93.33,0.189,-37.051,,"mungjungh",0.053,-17.144,,"Kr_Luna",-19.739,-46.86,,"Yaksok~",-14.013,-66.631,,"Penguin_iDOL",22.549,-51.373,,"CVPileMaki",11.654,-65.399,,"-KYU-",42.419,-95.613,,"k@ster",-0.34,-114.978,,"SUGUN",-46.34,-93.148,,,,,,,,,,,,,,,,,,,,,,,,,,,,,,,,,,,,,,,,,,,,,,,,,,,,,,,,"",3,66.174,62.893,18.893,0.519,0,1,-51.502,-51.502,-78.813,-51.502,0,79.171,0,"",,,,0,""
40,,2,1,0,1,1,1,1,0,0,0,255,255,255,18,2587.095,"HANA_ARASHI",R,10,85,127,-0.028,-1.734,0.399,2.077,-0.023,1.046,-36.691,22.01,87,13,0,1,"",0,400,2.794,-0.049,-18.697,4,"=","=","=","=","=","=","=","=","=",6,R,"Po_cari",175,85,0.45,,49,W,Y,0,,,,,,,,,,,,,,,,,,,,,,,,,,,,,0,0,,,,,,,,,,,,,,,,,,,,,,,,,,,,,,,,,,,,,,0.09,-37.445,0.019,-17.113,-19.868,-46.567,-12.781,-65.311,22.535,-51.603,5.008,-67.497,42.455,-95.292,0.35,-114.109,-45.455,-93.821,,,,"",,,,"",,,,"",,,,"",,,,"",,,,"",,,,"",,,,"",,,,,,,,,,,,,,,,,,,,,,,,,,,,,,,,,,,,,,,,,,,,,,,,,,,,,,,,,,"",0,,,,,,,,,,,,,0,"",,,,0,""
41,,2,1,0,1,2,1,1,0,0,0,255,255,255,19,2600.05,"HANA_ARASHI",R,26,93,140,-0.157,1.272,0.376,2.382,-0.129,2.12,-36.691,45.013,78,22,0,1,"",35.588,-200,-0.647,0,0,4,"=","=","=","=","=","=","=","=","=",6,R,"Po_cari",175,85,0.45,,49,W,Y,0,,,,,,,,,,,,,,,,,,,,,,,,,,,,,0,0,,,,,,,,,,,,,,,,,,,,,,,,,,,,,,,,,,,,,,-0.009,-37.512,-0.107,-17.022,-19.669,-46.543,-12.926,-65.45,22.605,-51.27,11.555,-65.386,42.327,-95.329,0.287,-114.128,-45.498,-93.815,,,,"",,,,"",,,,"",,,,"",,,,"",,,,"",,,,"",,,,"",,,,,,,,,,,,,,,,,,,,,,,,,,,,,,,,,,,,,,,,,,,,,,,,,,,,,,,,,,"",0,,,,,,,,,,,,,0,"",,,,0,""
42,,2,1,0,1,3,1,1,0,0,0,255,255,255,20,2609.925,"HANA_ARASHI",R,26,100,140,-0.264,-0.123,0.385,2.154,-0.087,1.315,-36.691,23.251,84,16,0,0,"",-29.559,-200,7.299,0,0,4,"=","=","=","=","=","=","=","=","=",6,R,"Po_cari",175,85,0.45,,49,W,Y,0,,,,,,,,,,,,,,,,,,,,,,,,,,,,,0,0,,,,,,,,,,,,,,,,,,,,,,,,,,,,,,,,,,,,,,0.067,-37.523,0.039,-17.143,-19.907,-47.376,-12.528,-65.283,22.568,-51.29,11.474,-65.701,42.322,-95.7,0.32,-114.317,-45.572,-93.741,,,,"",,,,"",,,,"",,,,"",,,,"",,,,"",,,,"",,,,"",,,,,,,,,,,,,,,,,,,,,,,,,,,,,,,,,,,,,,,,,,,,,,,,,,,,,,,,,,"",0,,,,,,,,,,,,,0,"",,,,0,""
43,,2,1,0,1,3,2,1,0,0,0,255,255,255,21,2628.134,"HANA_ARASHI",R,13,85,125,0.553,-0.111,0.523,2.346,0.553,1.99,-36.691,45.234,66,34,0,0,"",-205.696,400,17.152,0,0,4,"=","=","=","=","=","=","=","=","=",6,R,"Po_cari",175,85,0.45,,49,W,Y,0,,,,,,,,,,,,,,,,,,,,,,,,,,,,,0,16,,,,,,,,,,,,,,,2630.9,4,,578,0,,,,,,,,,,,,,,,,,,,0.097,-37.598,0.005,-17.114,-19.853,-47.531,-8.163,-66.944,22.481,-51.158,11.325,-65.566,43.056,-96.228,0.15,-114.388,-45.396,-93.866,,,,"",,,,"",,,,"",,,,"",,,,"",,,,"",,,,"",,,,"",,,,,,,,,,,,,,,,,,,,,,,,,,,,,,,,,,,,,,,,,,,,,,,,,,,,,,,,,,"",0,,,,,,,,,,,,,0,"",,,,0,""
44,,2,1,0,1,0,0,2,0,0,0,255,255,255,22,2647.538,"HANA_ARASHI",R,10,87,128,1.121,1.601,0.521,2.553,0.473,2.957,-36.691,60.98,90,10,0,1,"",0,400,11.944,0,0,5,"=","=","=","=","=","=","=","=","=",9,R,"Riyaj",190,80,0.2,,79,W,Y,0,,,,,,,,,,,,,,,,,,,,,,,,,,,,,0,0,,,,,,,,,,,,,,,,,,,,,,,,,,,,,,,,,,,,,,0.04,-37.478,-0.041,-17.189,-20.008,-47.539,-8.477,-66.884,22.443,-51.255,10.822,-65.106,43.405,-98.897,-5.609,-120.788,-45.54,-93.752,,,,"",,,,"",,,,"",,,,"",,,,"",,,,"",,,,"",,,,"",,,,,,,,,,,,,,,,,,,,,,,,,,,,,,,,,,,,,,,,,,,,,,,,,,,,,,,,,,"",0,,,,,,,,,,,,,0,"",,,,0,""
45,,2,1,0,1,1,0,2,0,0,0,255,255,255,23,2659.207,"HANA_ARASHI",R,13,86,126,-2.607,-1.554,0.27,1.931,-0.624,1.03,-36.691,9.938,47,53,0,4,"",-329.372,376.184,13.118,-1.236,-18.073,5,"=","=","=","=","=","=","=","=","=",9,R,"Riyaj",190,80,0.2,,79,W,Y,1,,,,,,,,,,,,,,,,,,,,,,,,,,,,,0,0,,,,,,,,,,,,,,,,,,,,,,,,,,,,,,,,,,,,,,0.043,-37.587,-0.065,-17.202,-19.875,-47.799,-12.701,-65.445,22.795,-51.088,10.938,-65.851,42.986,-98.86,-5.431,-120.44,-45.61,-93.756,,,,"",,,,"",,,,"",,,,"",,,,"",,,,"",,,,"",,,,"",,,,,,,,,,,,,,,,,,,,,,,,,,,,,,,,,,,,,,,,,,,,,,,,,,,,,,,,,,"",0,,,,,,,,,,,,,0,"",,,,0,""
46,,2,1,0,1,1,1,2,0,0,0,255,255,255,24,2674.035,"HANA_ARASHI",R,27,95,140,0.485,-0.502,0.451,2.045,0.218,1.146,-36.691,25.127,91,9,0,2,"",-15.21,-143.342,-0.23,0,0,5,"=","=","=","=","=","=","=","=","=",9,R,"Riyaj",190,80,0.2,5,79,W,Y,1,2674.921,255,69,111,96,30,,145,95,-62.822,-51.445,0.09,0.829,-20.43,-0.72,0,0.444,-558.729,20.822,-217.689,2672.888,0.481,-20.741,,,,,,0,0,,,,,,,,,,,,,,,,,,,,,,,,,,,,,,,,,,,,,,0.088,-37.563,0.066,-17.223,-19.873,-47.777,-12.454,-65.274,22.633,-51.362,11.014,-65.854,43.27,-98.643,-5.384,-120.416,-45.594,-93.778,0.152,-37.049,,"mungjungh",0.028,-17.257,,"Kr_Luna",-19.745,-47.705,,"Yaksok~",-12.659,-67.893,,"Penguin_iDOL",22.569,-51.281,,"CVPileMaki",10.808,-65.804,,"-KYU-",43.243,-98.671,,"k@ster",-5.491,-120.419,,"SUGUN",-45.387,-93.843,,,,,,,,,,,,,,,,,,,,,,,,,,,,,,,,,,,,,,,,,,,,,,,,,,,,,,,,"",3,-50.119,-46.347,-3.646,0,0,1,-62.822,-62.822,-59.736,-62.822,0,-77.313,0,"",,,,0,""
47,,2,1,0,1,1,2,2,0,0,0,255,255,255,25,2691.184,"HANA_ARASHI",R,10,76,116,-2.13,-1.342,0.354,2.122,-0.701,1.24,-36.691,24.342,68,32,0,4,"",-134.613,400,22.241,-0.545,-17.984,5,"=","=","=","=","=","=","=","=","=",9,R,"Riyaj",190,80,0.2,,79,W,Y,1,,,,,,,,,,,,,,,,,,,,,,,,,,,,,0,32,,,,,,,,,,,,,,,2694.861,5,,274,0,,,,,,,,,,,,,,,,,2694.582,1,0.028,-37.607,-0.034,-17.117,-17.79,-44.331,-12.088,-65.58,22.286,-51.874,10.11,-64.715,42.315,-97.405,-0.413,-120.28,-46.955,-94.766,,,,"",,,,"",,,,"",,,,"",,,,"",,,,"",,,,"",,,,"",,,,,,,,,,,,,,,,,,,,,,,,,,,,,,,,,,,,,,,,,,,,,,,,,,,,,,,,,,"",0,,,,,,,,,,,,,0,"",,,,0,""
48,SIDE,2,1,0,1,0,0,2,0,0,0,255,255,255,,2696.329,,,,,,,,,,,,,,,,,,,,,,,,6,"=","=","=","=","=","=","=","=","=",,,,,,,,,,,,,,,,,,,,,,,,,,,,,,,,,,,,,,,0,0,,,,,,,,,,,,,,,,,,,,,,,,,,,,,,,,,,,,,,,,,,,,,,,,,,,,,,,,,,,,,,,,,,,,,,,,,,,,,,,,,,,,,,,,,,,,,,,,,,,,,,,,,,,,,,,,,,,,,,,,,,,,,,,,,,,,,,,,,,,,,,,,,"",0,,,,,,,,,,,,,0,"",,,,0,""
49,,2,0,0,1,0,0,0,0,0,0,255,255,255,19,2749.346,"DoYaGee",R,32,75,126,1.001,-0.423,0.232,1.01,0.15,1.329,-36.487,33.759,6,9,85,2,"",213.122,-50.959,19.871,0,0,6,"SUGUN","Kr_Luna","Penguin_iDOL","가앤슬_","mungjungh","-KYU-","CVPileMaki","k@ster","Yaksok~",5,R,"CVPileMaki",170,94,0.397,3,78,W,Y,1,2750.433,222,108,128,114,73,,145,80,96.621,-75.125,0.189,0.77,-20.098,-1,0,0.22,322.599,-311.655,142.937,,,,,,,,,0,0,,,,,,,,,,,,,,,,,,,,,,,,,,,,,,,,,,,,,,0.062,-37.677,-0.008,-17.663,-21.671,-47.157,-16.99,-62.553,19.326,-46.287,13.26,-64.696,37.862,-88.353,0.542,-110.372,-46.608,-91.397,0.197,-37.205,,"encounter v",-0.004,-17.667,,"쟈가리코",-21.58,-47.634,,"muyang_",-17.021,-62.527,,"わだ、、",19.124,-46.268,,"shimenawa",12.753,-64.818,,"Po_cari",37.888,-88.325,,"ByeolBam",0.33,-110.3,,"yumi2012",-46.598,-91.408,,,,,,,,,,,,,,,,,,,,,,,,,,,,,,,,,,,,,,,,,,,,,,,,,,,,,,,,"",3,,,,,,,,,,,,,0,"",,,,0,""
50,,2,0,0,1,0,1,0,0,0,0,255,255,255,20,2771.905,"DoYaGee",R,32,76,127,1.531,-0.511,0.264,1.008,0.298,1.322,-36.487,28.064,6,12,82,1,"",241.819,-12.705,27.01,0,0,6,"=","=","=","=","=","=","=","=","=",5,R,"CVPileMaki",170,94,0.397,,78,W,Y,0,,,,,,,,,,,,,,,,,,,,,,,,,,,,,0,0,,,,,,,,,,,,,,,,,,,,,,,,,,,,,,,,,,,,,,0.154,-37.448,-0.032,-17.66,-22.164,-46.797,-16.804,-62.641,19.29,-45.959,13.038,-64.347,39.018,-87.752,-0.013,-110.196,-46.455,-89.782,,,,"",,,,"",,,,"",,,,"",,,,"",,,,"",,,,"",,,,"",,,,,,,,,,,,,,,,,,,,,,,,,,,,,,,,,,,,,,,,,,,,,,,,,,,,,,,,,,"",0,,,,,,,,,,,,,0,"",,,,0,""
51,,2,0,0,1,1,1,0,0,0,0,255,255,255,21,2791.622,"DoYaGee",R,3,77,115,-3.521,0.499,0.051,1.171,-0.692,1.91,-36.487,10.644,5,10,86,1,"",-500,0,45.323,0,0,6,"=","=","=","=","=","=","=","=","=",5,R,"CVPileMaki",170,94,0.397,,78,W,Y,0,,,,,,,,,,,,,,,,,,,,,,,,,,,,,0,0,,,,,,,,,,,,,,,,,,,,,,,,,,,,,,,,,,,,,,0.143,-37.603,-0.037,-17.656,-22.677,-47.01,-16.994,-62.685,20.038,-46.397,12.622,-65.209,39.092,-87.652,0.071,-110.187,-46.496,-89.675,,,,"",,,,"",,,,"",,,,"",,,,"",,,,"",,,,"",,,,"",,,,,,,,,,,,,,,,,,,,,,,,,,,,,,,,,,,,,,,,,,,,,,,,,,,,,,,,,,"",0,,,,,,,,,,,,,0,"",,,,0,""
52,,2,0,0,1,2,1,0,0,0,0,255,255,255,22,2808.108,"DoYaGee",R,32,76,127,1.541,-0.228,0.268,1.06,0.314,1.509,-36.487,25.688,8,59,33,2,"",230.743,13.394,15.706,0,0,6,"=","=","=","=","=","=","=","=","=",5,R,"CVPileMaki",170,94,0.397,0,78,W,Y,1,2809.212,191,33,98,76,37,,145,85,18.327,-21.619,0.301,0.807,-19.619,-1,0,0.174,299.026,-491.588,-34.926,2810.618,27.936,-74.511,2811.124,6,28.729,0.281,-75.809,1,0,,2814.653,,,,,,,,,,,,,,,,,,,,,,,,,,,,,,,,,,,,0.14,-37.567,-0.025,-17.665,-22.468,-47.427,-16.804,-62.688,19.769,-46.553,12.592,-65.19,39.079,-87.7,0.065,-110.144,-46.56,-89.69,-0.007,-37.112,,"encounter v",-0.045,-17.649,,"쟈가리코",-21.693,-47.636,,"muyang_",-16.802,-62.687,69,"わだ、、",19.389,-46.313,,"shimenawa",12.358,-65.123,,"Po_cari",39.009,-87.601,111,"ByeolBam",0.096,-110.172,,"yumi2012",-46.411,-89.642,,2820.115,0.038,-38.736,,,,,,,2815.832,0.769,-59.37,,,,,,,2813.308,29.658,-77.376,,,,,,,,,,,,,,,,2818.762,-1.094,-56.674,,,,,,,2814.619,22.807,-73.056,,,,,,,"",2,,,,,,,,,,,,,0,"Po_cari",,,,272,""
53,,2,0,0,1,0,0,0,1,0,0,15,255,255,23,2838.482,"DoYaGee",R,32,73,124,0.261,-0.107,0.173,1.083,-0.126,1.592,-36.487,13.03,2,6,92,2,"",183.211,32.794,22.693,0,0,7,"=","=","=","=","=","=","=","=","=",7,R,"k@ster",168.4,80,0.248,0,77,W,Y,1,2839.421,200,87,49,30,20,,130,84,-65.856,-24.081,0.052,0.843,-19.81,-0.56,0,0.145,-435.328,-187.746,220.954,2837.263,0.24,-20.227,2841.62,4,16.016,0.058,-29.471,0,0,,,,,2846.073,,,,,,,2838.563,,,,,,,,,,,,,,,,,,,,,,,,,,0.246,-37.6,-0.029,-17.82,-20.311,-42.709,-12.56,-60.073,17.761,-43.953,10.974,-65.377,38.213,-86.692,0.303,-111.968,-43.527,-92.236,0.162,-36.934,,"encounter v",-0.094,-17.815,,"쟈가리코",-20.339,-46.79,,"muyang_",-13.353,-59.5,,"わだ、、",16.981,-44.199,68,"shimenawa",11.615,-65.214,,"Po_cari",38.151,-86.665,,"ByeolBam",0.194,-111.134,,"yumi2012",-43.524,-92.226,,2846.812,0.157,-37.64,,,,,,,,,,2843.736,16.305,-30.079,,,,,,,,,,,,,,,,,,,,,,,,,2845.628,14.538,-30.266,,,,,,,,,,,,,"",3,,,,,,,,,,,,,0,"わだ、、",,,,4,""
54,,2,0,0,1,0,1,0,1,0,0,15,255,255,24,2863.097,"DoYaGee",R,33,66,119,1.772,-0.408,0.288,1.013,0.536,1.442,-36.487,38.938,3,15,82,1,"",138.446,34.705,5.418,0,0,7,"=","=","=","=","=","=","=","=","=",7,R,"k@ster",168.4,80,0.248,,80,W,Y,0,,,,,,,,,,,,,,,,,,,,,,,,,,,,,0,0,,,,,,,,,,,,2863.241,,,,,,,,,,,,,,,,,,,,,,,,,,0.218,-37.652,-0.047,-17.844,-20.411,-42.905,-12.812,-58.193,18.177,-43.617,8.258,-65.566,36.694,-85.821,0.206,-110.465,-45.32,-91.648,,,,"",,,,"",,,,"",,,,"",,,,"",,,,"",,,,"",,,,"",,,,2867.026,0.13,-36.962,,,,,,,,,,,,,,,,,,,,,,,,,,,,,,,,,,,,,,,,,,,,,,,,,,,,"",0,,,,,,,,,,,,,0,"",,,,0,""
55,,2,0,0,1,1,1,0,1,0,0,15,255,255,25,2882.795,"DoYaGee",R,32,77,127,-0.718,1.103,0.123,1.089,-0.358,1.613,-36.487,10.568,4,10,87,2,"",171.751,54.472,21.848,0,0,7,"=","=","=","=","=","=","=","=","=",7,R,"k@ster",168.4,80,0.248,0,80,W,Y,1,2883.728,182,176,60,54,25,,137,86,-21.382,-3.113,-0.039,0.853,-20.15,-0.68,0,0.231,-120.845,-45.116,11.084,2881.615,0.068,-22.12,2884.203,5,1.649,0.056,-59.243,0,0,,2888.967,,,,2887.692,,,,,,,,,2887.559,6,1,166,0,2888.994,7,,147,1,,,,,,,,2886.949,5,,,,,0.286,-37.648,-0.026,-17.871,-20.383,-42.404,-12.882,-58.551,17.494,-43.615,10.453,-64.735,36.647,-85.862,0.148,-111.816,-45.405,-91.573,0.123,-36.943,,"encounter v",-0.12,-17.887,,"쟈가리코",-20.8,-45.901,75,"muyang_",-12.871,-58.522,,"わだ、、",17.212,-43.669,,"shimenawa",11.574,-64.83,107,"Po_cari",36.685,-85.813,,"ByeolBam",0.147,-111.804,,"yumi2012",-45.36,-91.603,,2892.765,-1.021,-38.743,,,,2888.363,-18.31,-41.024,,,,,,,2886.431,1.944,-60.288,,,,,,,,,,,,,,,,2891.693,-17.179,-40.232,,,,,,,2887.306,-1.828,-57.145,,,,,,,,,,"",2,,,,,,,,,,,,,0,"shimenawa",2887.692,,,3,""
56,,2,0,0,1,0,0,2,0,0,0,255,255,255,26,2912.98,"DoYaGee",R,33,88,140,-0.315,-0.907,0.137,0.967,-0.291,1.181,-36.487,21.796,6,5,89,0,"",129.432,80.711,8.956,0,0,8,"=","=","=","=","=","=","=","=","=",3,R,"Yaksok~",172.8,86.559,0.332,,77,W,Y,0,,,,,,,,,,,,,,,,,,,,,,,,,,,,,0,0,,,,,,,,,,,,,,,,,,,,,,,,,,,,,,,,,,,,,,0.187,-37.503,-0.096,-17.88,-23.052,-48.766,-16.921,-62.799,19.034,-46.324,11.639,-65.3,41.356,-84.805,0.351,-108.758,-46.676,-92.868,,,,"",,,,"",,,,"",,,,"",,,,"",,,,"",,,,"",,,,"",,,,2916.315,-0.016,-36.612,,,,,,,,,,,,,,,,,,,,,,,,,,,,,,,,,,,,,,,,,,,,,,,,,,,,"",0,,,,,,,,,,,,,0,"",,,,0,""
57,,2,0,0,1,0,1,2,0,0,0,255,255,255,27,2931.821,"DoYaGee",R,3,74,115,-1.739,-0.99,0.189,0.935,-0.051,1.068,-36.487,34.92,10,12,78,1,"",-413.705,0,6.133,0,0,8,"=","=","=","=","=","=","=","=","=",3,R,"Yaksok~",172.8,86.559,0.332,,77,W,Y,0,,,,,,,,,,,,,,,,,,,,,,,,,,,,,0,0,,,,,,,,,,,,,,,,,,,,,,,,,,,,,,,,,,,,,,0.085,-37.4,-0.134,-17.869,-22.576,-47.692,-16.775,-62.488,19.107,-45.79,12.19,-65.028,41.129,-84.915,0.007,-109.127,-46.697,-92.841,,,,"",,,,"",,,,"",,,,"",,,,"",,,,"",,,,"",,,,"",,,,2936.625,0.053,-36.601,,,,,,,,,,,,,,,,,,,,,,,,,,,,,,,,,,,,,,,,,,,,,,,,,,,,"",0,,,,,,,,,,,,,0,"",,,,0,""
58,,2,0,0,1,1,1,2,0,0,0,255,255,255,28,2952.349,"DoYaGee",R,3,75,116,-2.495,-0.006,0.112,1.092,-0.41,1.626,-36.487,16.149,5,12,84,2,"",-399.376,0,26.095,0,0,8,"=","=","=","=","=","=","=","=","=",3,R,"Yaksok~",172.8,86.559,0.332,5,77,W,Y,1,2953.431,255,197,101,69,21,,145,83,26.786,51.767,-0.523,0.89,-19.676,1,0,0.26,476.954,-184.909,64.713,2956.055,-55.358,-64.695,,,,,,0,0,,,,,,,,,,,,,,,,,,,,,,,,,,,,,,,,,,,,,,0.102,-37.248,-0.066,-17.884,-22.584,-47.279,-16.51,-62.426,19.239,-45.957,12.912,-65.176,41.024,-84.976,0.524,-110.129,-46.661,-92.972,-0.135,-36.978,,"encounter v",-0.243,-17.879,,"쟈가리코",-22.156,-47.313,,"muyang_",-16.543,-62.429,,"わだ、、",18.05,-44.997,,"shimenawa",12.452,-65.207,,"Po_cari",40.852,-84.867,,"ByeolBam",0.521,-110.129,,"yumi2012",-46.664,-92.97,,,,,,,,,,,,,,,,,,,,,,,,,,,,,,,,,,,,,,,,,,,,,,,,,,,,,,,,"",3,128.359,56.501,13.317,1,1,0.932,57.36,41.285,-4.63,-1.241,0.063,167.322,0,"",,,,0,""
59,,2,0,0,1,1,2,2,0,0,0,255,255,255,29,2977.297,"DoYaGee",R,32,84,136,1.092,-0.996,0.253,0.951,0.248,1.122,-36.487,29.305,9,12,79,2,"",158.43,61.091,11.583,0,0,8,"=","=","=","=","=","=","=","=","=",3,R,"Yaksok~",172.8,86.559,0.332,5,76,W,Y,1,2978.251,158,113,72,13,0,,127,90,-17.203,-46.733,0.211,0.559,-19.406,-0.03,0,0.103,147.875,197.091,-528.48,2976.153,1.358,-20.49,,,,,,0,0,,,,,,,,,,,,,,,,,,,,,,,,,,,,,,,,,,,,,,0.105,-37.298,-0.021,-17.862,-23.339,-47.824,-16.9,-62.752,18.539,-45.156,12.692,-65.201,39.277,-84.27,0.169,-108.36,-44.558,-93.822,-0.206,-36.738,,"encounter v",-0.011,-17.875,,"쟈가리코",-22.757,-48.002,,"muyang_",-16.903,-62.737,,"わだ、、",18.129,-44.779,,"shimenawa",12.653,-65.076,,"Po_cari",39.331,-84.131,,"ByeolBam",0.165,-108.361,,"yumi2012",-44.614,-93.743,,,,,,,,,,,,,,,,,,,,,,,,,,,,,,,,,,,,,,,,,,,,,,,,,,,,,,,,"",3,-104.788,-47.109,-11.948,1,2,0.263,-26.705,-17.203,-9.027,-27.122,0.012,147.846,0,"",,,,0,""
60,,2,0,0,1,1,2,2,0,0,0,255,255,255,30,3001.18,"DoYaGee",R,33,75,126,1.48,0.189,0.298,1.136,0.458,1.781,-36.487,28.321,6,17,77,4,"",116.291,44.194,12.115,0,0,8,"=","=","=","=","=","=","=","=","=",3,R,"Yaksok~",172.8,86.559,0.332,,76,W,Y,1,,,,,,,,,,,,,,,,,,,,,,,,,,,,,0,0,,,,,,,,,,,,,,,3003.679,8,,578,0,,,,,,,,,,,,,,,,,,,0.122,-37.6,-0.042,-17.851,-23.545,-48.507,-16.425,-62.801,19.487,-45.352,13.169,-64.674,40.627,-85.145,0.147,-108.284,-43.824,-93.75,,,,"",,,,"",,,,"",,,,"",,,,"",,,,"",,,,"",,,,"",,,,,,,,,,,,,,,,,,,,,,,,,,,,,,,,,,,,,,,,,,,,,,,,,,,,,,,,,,"",0,,,,,,,,,,,,,0,"",,,,0,""
61,SIDE,2,0,0,1,0,0,2,0,0,0,255,255,255,,3005.64,,,,,,,,,,,,,,,,,,,,,,,,0,"=","=","=","=","=","=","=","=","=",,,,,,,,,,,,,,,,,,,,,,,,,,,,,,,,,,,,,,,0,0,,,,,,,,,,,,,,,,,,,,,,,,,,,,,,,,,,,,,,,,,,,,,,,,,,,,,,,,,,,,,,,,,,,,,,,,,,,,,,,,,,,,,,,,,,,,,,,,,,,,,,,,,,,,,,,,,,,,,,,,,,,,,,,,,,,,,,,,,,,,,,,,,"",0,,,,,,,,,,,,,0,"",,,,0,""
62,,3,1,0,1,0,0,0,0,0,0,255,255,255,26,3045.503,"HANA_ARASHI",R,13,67,108,0.143,0.228,0.533,2.375,0.601,2.059,-36.691,49.601,76,24,0,2,"",-382.452,313.47,31.531,0,0,6,"shimenawa","쟈가리코","わだ、、","ByeolBam","Po_cari","Riyaj","encounter v","yumi2012","muyang_",1,L,"encounter v",190,85.067,0.46,0,76,W,Y,1,3046.516,255,81,69,83,29,,143,91,11.19,0.705,-0.007,1.036,-19.978,-1,0,0.316,497.528,-286.727,-62.843,3047.37,1.745,-80.242,3049.24,7,3.348,0.056,-99.559,1,0,,3052.26,,,,,,,,,,,,,,,,,,,,,,,,,,,,,,3057.17,5,,,,,0.055,-37.559,-0.013,-17.282,-18.998,-46.518,-8.794,-66.361,23.37,-50.025,12.762,-65.062,45.429,-97.395,6.167,-120.347,-47.109,-92.615,0.064,-37.065,,"mungjungh",-0.045,-17.289,,"Kr_Luna",-18.955,-46.766,,"Yaksok~",-9.41,-68.469,,"Penguin_iDOL",23.3,-50.226,,"CVPileMaki",12.192,-64.688,80,"-KYU-",45.387,-97.43,,"k@ster",6.166,-120.352,85,"SUGUN",-47.1,-92.618,,3059.808,-2.334,-42.15,,,,,,,,,,,,,3056.606,-0.06,-60.284,,,,3051.453,3.439,-100.285,,,,,,,,,,,,,,,,,,,3058.728,0.379,-57.492,,,,3055.1,0.805,-88.002,,,,"",2,,,,,,,,,,,,,0,"k@ster",,,,192,""
63,,3,1,0,1,0,0,0,1,0,0,1,255,255,27,3072.304,"HANA_ARASHI",R,0,33,94,-3.369,-2.747,0.351,1.716,-1.479,-0.481,-36.691,51.537,0,100,0,1,"",0,0,45.187,-0.518,-22.178,7,"=","=","=","=","=","=","=","=","=",8,R,"yumi2012",173.9,85,0.5,,76,W,Y,0,,,,,,,,,,,,,,,,,,,,,,,,,,,,,0,0,,,,,,,,,,,,,,,,,,,,,,,,,,,,,,,,,,,,,,0.107,-37.501,0.132,-17.427,-19.839,-42.975,-11.603,-60.497,22.211,-50.545,4.481,-65.821,40.858,-96.12,-0.603,-111.317,-39.016,-82.775,,,,"",,,,"",,,,"",,,,"",,,,"",,,,"",,,,"",,,,"",,,,3077.287,-0.121,-37.716,,,,,,,,,,,,,,,,,,,,,,,,,,,,,,,,,,,,,,,,,,,,,,,,,,,,"",0,,,,,,,,,,,,,0,"",,,,0,""
64,,3,1,0,1,1,0,0,1,0,0,1,255,255,28,3121.663,"HANA_ARASHI",R,26,86,139,0.859,-0.259,0.492,2.131,0.407,1.232,-36.691,29.285,90,10,0,0,"",-35.213,-200,-0.134,0,0,7,"=","=","=","=","=","=","=","=","=",8,R,"yumi2012",173.9,85,0.5,,76,W,Y,1,,,,,,,,,,,,,,,,,,,,,,,,,,,,,0,0,,,,,,,,,,,,3121.72,,,,,,,,,,,,,,,,,,,,,,,,,,0.086,-37.436,0.038,-17.138,-19.805,-43.078,-11.507,-61.235,22.05,-50.728,4.895,-66.527,41.344,-93.612,-0.491,-111.425,-40.07,-84.174,,,,"",,,,"",,,,"",,,,"",,,,"",,,,"",,,,"",,,,"",,,,3125.848,-0.176,-37.278,,,,,,,,,,,,,,,,,,,,,,,,,,,,,,,,,,,,,,,,,,,,,,,,,,,,"",0,,,,,,,,,,,,,1,"",,,,0,""
65,,3,1,0,1,1,1,0,1,0,0,1,255,255,29,3225.709,"HANA_ARASHI",R,13,75,115,-1.263,-1.028,0.352,2.215,-0.243,1.531,-36.691,27.606,85,15,0,2,"",-179.003,400,18.87,0,0,7,"=","=","=","=","=","=","=","=","=",8,R,"yumi2012",173.9,85,0.5,3,75,W,Y,1,3226.885,246,143,91,70,34,,145,81,-15.175,45,-0.228,0.626,-20.552,1,0,0.514,85.058,192.946,179.505,3224.797,-2.178,-22.497,,,,,,0,0,,,,,3231.514,,,,,,,3226.055,,,,,,,,,,,,,,,,,,,,,,,,,,0.104,-37.716,-0.057,-17.216,-19.443,-44.455,-8.073,-62.835,21.205,-50.468,5.482,-66.738,41.675,-96.091,-0.353,-112.62,-37.597,-84.337,0.023,-37.091,,"mungjungh",-0.152,-17.285,,"Kr_Luna",-18.596,-46.165,,"Yaksok~",-10.586,-62.265,,"Penguin_iDOL",21.168,-50.486,,"CVPileMaki",4.195,-66.891,,"-KYU-",41.501,-96.274,,"k@ster",-0.347,-112.622,,"SUGUN",-36.597,-83.149,,,,,,,,,,,,,,,,,,,,,,,,,,,,,,,,,,,,,,,,,,,,,,,,,,,,,,,,"",3,,,,,,,,,,,,,0,"",,,,0,""
66,,3,1,0,1,1,2,0,1,0,0,1,255,255,30,3246.596,"HANA_ARASHI",R,26,88,140,0.159,-0.92,0.423,2.035,0.088,0.894,-36.691,16.297,44,56,0,2,"",-23.514,-158.254,4.29,0,0,7,"=","=","=","=","=","=","=","=","=",8,R,"yumi2012",173.9,85,0.5,3,74,W,Y,1,3247.661,230,49,45,36,6,,130,73,-30,21.725,-0.004,0.487,-19.506,1,0,0.342,-573.984,120.296,76.275,3245.466,-0.296,-20.237,3248.126,3,-12.182,0.058,-51.823,1,64,,3253.204,,,,3251.944,,,,,,,,,3252.279,6,1,278,256,,,,,,,,,,,,,3251.998,5,,,,,0.15,-37.848,0.076,-16.9,-19.87,-43.834,-10.967,-61.852,21.996,-49.605,6.497,-66.522,41.727,-96.038,0.051,-110.185,-43.318,-90.89,0.204,-36.99,,"mungjungh",0.077,-16.986,,"Kr_Luna",-19.154,-46.505,,"Yaksok~",-12.172,-62.486,92,"Penguin_iDOL",21.695,-49.088,,"CVPileMaki",6.657,-66.611,85,"-KYU-",41.728,-96.035,,"k@ster",0.009,-110.197,,"SUGUN",-43.302,-90.79,,3259.38,-4.951,-33.275,,,,,,,3250.328,-12.49,-52.878,,,,3251.632,-0.912,-58.636,,,,,,,,,,,,,,,,,,,3251.173,-6.591,-55.272,,,,3258.306,-6.895,-49.307,,,,,,,,,,"",2,,,,,,,,,,,,,0,"Yaksok~",3251.944,,,320,""
67,,3,1,0,1,0,0,1,1,0,0,8,255,255,31,3273.855,"HANA_ARASHI",R,26,94,140,1.02,1.318,0.485,2.38,0.376,2.121,-36.691,44.913,79,21,0,1,"",45.977,-200,21.017,0,0,8,"=","=","=","=","=","=","=","=","=",3,R,"muyang_",171.3,80,0.498,,74,W,Y,0,,,,,,,,,,,,,,,,,,,,,,,,,,,,,0,0,,,,,,,,,,,,3276.054,,,,,,,,,,,,,,,,,,,,,,,,,,0.124,-37.799,0.015,-17.221,-19.624,-43.131,-11.387,-60.551,20.626,-48.415,8.406,-65.604,43.706,-96.741,-0.993,-111.537,-45.359,-92.665,,,,"",,,,"",,,,"",,,,"",,,,"",,,,"",,,,"",,,,"",,,,3277.768,-0.089,-37.432,,,,,,,,,,,,,,,,,,,,,,,,,,,,,,,,,,,,,,,,,,,,,,,,,,,,"",0,,,,,,,,,,,,,0,"",,,,0,""
68,,3,1,0,1,1,0,1,1,0,0,8,255,255,32,3287.52,"HANA_ARASHI",R,13,80,117,-0.87,-0.28,0.444,2.325,0.185,1.925,-36.691,42.389,86,14,0,2,"",-331.265,374.518,34.519,0,0,8,"=","=","=","=","=","=","=","=","=",3,R,"muyang_",171.3,80,0.498,3,74,W,Y,1,3288.555,179,175,95,84,34,,145,80,-30,59.328,-0.151,0.857,-20.6,1,0,0.26,-117.976,356.384,215.011,3286.428,-2.371,-21.907,,,,,,0,0,,,,,,,,,,,,,,,,,,,,,,,,,,,,,,,,,,,,,,-0.003,-37.609,0.006,-17.177,-20.035,-41.775,-11.724,-60.905,21.851,-48.705,7.612,-66.639,42.096,-97.534,-0.503,-113.341,-45.065,-93.226,-0.042,-37.014,,"mungjungh",-0.033,-17.23,,"Kr_Luna",-19.289,-44.782,,"Yaksok~",-12.058,-61.005,,"Penguin_iDOL",21.635,-48.667,,"CVPileMaki",7.323,-66.576,,"-KYU-",42.073,-97.52,,"k@ster",-0.398,-113.803,,"SUGUN",-45.058,-93.088,,,,,,,,,,,,,,,,,,,,,,,,,,,,,,,,,,,,,,,,,,,,,,,,,,,,,,,,"",3,,,,,,,,,,,,,0,"",,,,0,""
69,,3,1,0,1,1,1,1,1,0,0,8,255,255,33,3304.363,"HANA_ARASHI",R,13,83,108,-2.282,-1.322,0.254,2.162,-0.466,1.443,-36.691,20.037,81,19,0,2,"",-277.482,400,18.26,0,0,8,"=","=","=","=","=","=","=","=","=",3,R,"muyang_",171.3,80,0.498,5,74,W,Y,1,3305.376,255,144,163,94,48,,145,83,-30,-50.264,-0.416,0.586,-20.924,1,0,0.309,-38.015,-79.117,581.616,3303.218,0.284,-21.504,3305.457,4,24.388,0.173,-41.748,0,0,,,,,3310.367,,,,,,,3305.152,,,,,,,,,,,,,,,,,,,,,,,,,,0.032,-37.719,0.014,-17.169,-20.016,-42.526,-10.705,-63.019,22.679,-47.748,9.233,-65.698,43.922,-94.856,-0.458,-114.777,-45.787,-92.27,-0.015,-37.092,,"mungjungh",-0.047,-17.185,,"Kr_Luna",-18.272,-46.102,,"Yaksok~",-8.396,-64.86,,"Penguin_iDOL",22.658,-48.063,77,"CVPileMaki",9.82,-65.366,,"-KYU-",43.92,-94.846,,"k@ster",-0.518,-114.806,,"SUGUN",-45.678,-92.272,,3312.478,-1.317,-34.741,,,,,,,,,,3307.664,24.449,-42.041,,,,,,,,,,,,,,,,,,,,,,,,,3310.95,21.555,-40.934,,,,,,,,,,,,,"",3,-46.913,-46.019,-10.014,0,2,0.334,-44.092,-30.202,-13.901,-43.979,0.031,-145.261,0,"Penguin_iDOL",,,,4,""
70,,3,1,0,1,1,2,1,1,0,0,8,255,255,34,3326.05,"HANA_ARASHI",R,13,81,106,-1.389,-1.091,0.543,2.182,0.121,1.49,-36.691,44.303,81,19,0,4,"BH-",-366.084,325.081,28.748,0,0,8,"=","=","=","=","=","=","=","=","=",3,R,"muyang_",171.3,80,0.498,,74,W,Y,1,,,,,,,,,,,,,,,,,,,,,,,,,,,,,0,0,,,,,,,,,,,,,,,3328.742,8,,578,0,,,,,,,,,,,,,,,,,,,0.031,-37.623,-0.135,-17.002,-19.625,-43.499,-12.764,-61.196,22.824,-50.428,9.164,-65.972,43.7,-95.883,-0.184,-113.738,-44.895,-91.777,,,,"",,,,"",,,,"",,,,"",,,,"",,,,"",,,,"",,,,"",,,,3331.043,-0.003,-37.55,,,,,,,,,,,,,,,,,,,,,,,,,,,,,,,,,,,,,,,,,,,,,,,,,,,,"",0,,,,,,,,,,,,,0,"",,,,0,""
71,,3,1,0,1,0,0,2,1,0,0,8,255,255,35,3349.205,"HANA_ARASHI",R,37,96,140,0.698,0.36,0.451,2.311,0.22,1.867,-36.691,42.022,83,17,0,2,"",54.545,86.215,-38.999,0,0,0,"=","=","=","=","=","=","=","=","=",5,L,"shimenawa",175.2,94.576,0.295,0,74,W,Y,1,3350.313,133,65,88,30,0,,138,131,34.971,-24.843,0.119,0.978,-19.72,0.61,0,0.327,535.337,-197.206,96.648,3354.464,57.77,-127.779,,,,,,0,0,,3355.48,3359.853,3364.809,3369.594,3354.719,3359.941,3365.133,,,,3349.317,,,,,,,,,,,,,,,,,,,,,,,,,,0.024,-37.731,0.112,-17.161,-20.001,-42.728,-7.889,-66.907,22.777,-50.58,14.599,-63.847,44.305,-95.168,0.379,-115.208,-47.099,-92.537,0.148,-37.002,,"mungjungh",0.097,-17.193,,"Kr_Luna",-18.325,-46.373,,"Yaksok~",-8.27,-68.399,,"Penguin_iDOL",22.921,-50.378,,"CVPileMaki",14.511,-63.838,,"-KYU-",44.284,-95.266,,"k@ster",0.39,-115.211,,"SUGUN",-46.995,-92.294,,,,,,,,,,,,,,,,,,,,,,,,,,,,,,,,,,,,,,,,,,,,,,,,,,,,,,,,"",4,,,,,,,,,,,,,0,"",3354.719,3359.941,3365.133,0,""
72,,3,1,2,1,0,0,2,0,0,0,255,255,255,36,3410.542,"HANA_ARASHI",R,26,78,129,-1.017,1.022,0.33,2.184,-0.343,2.04,-36.691,24.41,92,8,0,2,"",-72.501,-200,9.618,0,0,1,"=","=","=","=","=","=","=","=","=",2,L,"쟈가리코",190,82,0.501,3,72,W,Y,1,3411.621,218,72,79,65,16,,145,115,28.068,-41.213,-0.182,1.378,-19.679,0.15,0,0.467,471.754,-182.206,308.595,3414.574,72.165,-95.866,3415.805,6,68.018,0.07,-93.114,1,0,,3417.335,3421.738,,,,,,,,,,,,,,,,,,,,,,,,,,,,,3422.885,3,,,,,0.133,-37.602,-0.086,-17.083,-18.762,-47.304,-8.345,-66.858,23.729,-51.843,15.52,-63.213,44.773,-96.498,3.809,-120.654,-45.211,-93.767,0.167,-37.057,,"mungjungh",-0.151,-17.114,,"Kr_Luna",-18.506,-47.45,,"Yaksok~",-9.296,-68.156,89,"Penguin_iDOL",23.582,-51.795,,"CVPileMaki",15.249,-63.17,,"-KYU-",44.732,-96.325,120,"k@ster",3.796,-120.654,,"SUGUN",-45.07,-93.857,,3428.009,-0.727,-38.852,,,,,,,3422.347,1.056,-59.626,,,,,,,3418.084,67.495,-93.015,,,,,,,,,,,,,,,,3426.894,0.102,-57.62,,,,,,,3419.714,58.652,-90.098,,,,,,,"",2,,,,,,,,,,,,,0,"-KYU-",3421.738,,,288,""
73,,3,1,2,1,0,0,2,0,1,0,255,2,255,37,3443.125,"HANA_ARASHI",R,13,69,109,-1.061,-0.574,0.463,2.07,0.274,1.67,-36.691,26.208,86,14,0,0,"",-386.885,312.348,27.593,-0.625,-16.469,2,"=","=","=","=","=","=","=","=","=",4,L,"わだ、、",190,85,0.5,,73,W,Y,0,,,,,,,,,,,,,,,,,,,,,,,,,,,,,0,0,,,,,,,,,,,,,3456.401,,,,,,,,,,,,,,,,,,,,,,,,,0.142,-37.658,0.008,-17.28,-18.825,-47.367,-13.545,-64.531,23.074,-49.356,14.865,-63.774,48.982,-98.339,5.697,-122.255,-45.599,-93.645,,,,"",,,,"",,,,"",,,,"",,,,"",,,,"",,,,"",,,,"",,,,3447.55,-0.178,-37.549,,,,,,,,,,,,,,,,,,,,,,,,,,,,,,,,,,,,,,,,,,,,,,,,,,,,"",0,,,,,,,,,,,,,0,"",3446.378,,,0,""
74,,3,1,2,1,0,1,2,0,1,0,255,2,255,38,3457.241,"HANA_ARASHI",R,14,75,102,2.333,-1.742,0.529,1.981,0.387,1.074,-36.691,25.378,53,47,0,1,"",297.494,383.497,14.535,0.474,-18.93,2,"=","=","=","=","=","=","=","=","=",4,L,"わだ、、",190,85,0.5,,73,W,Y,0,,,,,,,,,,,,,,,,,,,,,,,,,,,,,0,0,,,,,,,,,,,,,3472.231,,,,,,,,,,,,,,,,,,,,,,,,,0.132,-37.684,0.079,-17.157,-18.677,-47.678,-11.36,-65.896,23.616,-49.378,17.007,-61.755,49.529,-98.331,5.708,-122.252,-45.919,-94.348,,,,"",,,,"",,,,"",,,,"",,,,"",,,,"",,,,"",,,,"",,,,3461.717,-0.257,-37.616,,,,,,,,,,,,,,,,,,,,,,,,,,,,,,,,,,,,,,,,,,,,,,,,,,,,"",0,,,,,,,,,,,,,0,"",3460.714,,,0,""
75,,3,1,2,1,1,1,2,0,1,0,255,2,255,39,3473.784,"HANA_ARASHI",R,10,78,118,0.427,-0.472,0.441,2.285,0.173,1.768,-36.691,39.782,91,9,0,2,"",0.391,400,-9.289,0,0,2,"=","=","=","=","=","=","=","=","=",4,L,"わだ、、",190,85,0.5,5,73,W,Y,1,3474.892,255,146,161,105,38,,145,121,106.107,11.565,0.076,0.822,-20.32,0.78,0,0.473,375.271,-193.324,-330.089,,,,,,,,,0,0,,,,,,,,,,,,,3486.663,,,,,,,,,,,,,,,,,,,,,,,,,0.101,-37.701,-0.008,-17.14,-18.905,-47.104,-8.923,-66.12,23.74,-49.166,16.99,-61.782,49.465,-98.361,5.622,-122.241,-46.079,-94.05,0.189,-37.057,,"mungjungh",0,-17.169,,"Kr_Luna",-18.289,-48.856,,"Yaksok~",-11.726,-65.702,,"Penguin_iDOL",23.392,-49.459,,"CVPileMaki",17.042,-61.693,,"-KYU-",49.476,-98.369,,"k@ster",5.626,-122.223,,"SUGUN",-45.986,-94.079,,,,,,,,,,,,,,,,,,,,,,,,,,,,,,,,,,,,,,,,,,,,,,,,,,,,,,,,"",3,12.844,12.844,-2.523,0,0,1,73.893,73.893,47.667,73.893,0,15.918,0,"",3478.893,,,0,""
76,,3,1,2,1,1,2,2,0,1,0,255,2,255,40,3493.068,"HANA_ARASHI",R,26,99,140,-1.6,0.422,0.24,2.059,-0.763,1.683,-36.691,15.929,47,53,0,4,"",41.725,-200,-0.82,-0.559,-18.06,2,"=","=","=","=","=","=","=","=","=",4,L,"わだ、、",190,85,0.5,,73,W,Y,1,,,,,,,,,,,,,,,,,,,,,,,,,,,,,0,4,,,,,,,,,,,,,,,3496.352,2,,274,0,,,,,,,,,,,,,,,,,3496.279,1,0.053,-37.548,-0.004,-17.173,-19.458,-47.826,-0.039,-63.935,23.204,-47.04,16.568,-62.163,48.078,-99.135,6.416,-123.22,-46.211,-94.167,,,,"",,,,"",,,,"",,,,"",,,,"",,,,"",,,,"",,,,"",,,,,,,,,,,,,,,,,,,,,,,,,,,,,,,,,,,,,,,,,,,,,,,,,,,,,,,,,,"",0,,,,,,,,,,,,,0,"",,,,0,""
77,SIDE,3,1,2,1,0,0,2,0,1,0,255,2,255,,3498.424,,,,,,,,,,,,,,,,,,,,,,,,3,"=","=","=","=","=","=","=","=","=",,,,,,,,,,,,,,,,,,,,,,,,,,,,,,,,,,,,,,,0,0,,,,,,,,,,,,,,,,,,,,,,,,,,,,,,,,,,,,,,,,,,,,,,,,,,,,,,,,,,,,,,,,,,,,,,,,,,,,,,,,,,,,,,,,,,,,,,,,,,,,,,,,,,,,,,,,,,,,,,,,,,,,,,,,,,,,,,,,,,,,,,,,,"",0,,,,,,,,,,,,,0,"",,,,0,""
78,,3,0,2,1,0,0,0,0,0,0,255,255,255,31,3548.028,"DoYaGee",R,3,72,113,-1.39,-0.446,0.231,1.018,0.145,1.372,-36.487,27.952,5,8,86,0,"",-430.314,0,18.737,0,0,0,"SUGUN","Kr_Luna","Penguin_iDOL","가앤슬_","mungjungh","-KYU-","CVPileMaki","k@ster","Yaksok~",8,R,"SUGUN",179.9,82.092,0.496,,73,W,Y,0,,,,,,,,,,,,,,,,,,,,,,,,,,,,,0,0,,,,,,,,,,,,,,,,,,,,,,,,,,,,,,,,,,,,,,0.151,-37.556,-0.015,-17.857,-22.118,-48.02,-16.704,-62.53,19.731,-45.276,13.394,-64.957,38.045,-87.461,0.05,-113.559,-43.441,-92.268,,,,"",,,,"",,,,"",,,,"",,,,"",,,,"",,,,"",,,,"",,,,,,,,,,,,,,,,,,,,,,,,,,,,,,,,,,,,,,,,,,,,,,,,,,,,,,,,,,"",0,,,,,,,,,,,,,0,"",,,,0,""
79,,3,0,2,1,0,1,0,0,0,0,255,255,255,32,3565.234,"DoYaGee",R,32,75,126,-0.387,-0.078,0.098,1.065,-0.476,1.533,-36.487,17.608,4,59,37,0,"",203.295,-45.561,34.818,0,0,0,"=","=","=","=","=","=","=","=","=",8,R,"SUGUN",179.9,82.092,0.496,,73,W,Y,0,,,,,,,,,,,,,,,,,,,,,,,,,,,,,0,0,,,,,,,,,,,,,,,,,,,,,,,,,,,,,,,,,,,,,,0.046,-37.559,-0.01,-17.869,-22.112,-47.478,-16.814,-62.561,19.228,-45.126,12.521,-65.166,38.135,-87.47,0.039,-112.133,-43.51,-92.268,,,,"",,,,"",,,,"",,,,"",,,,"",,,,"",,,,"",,,,"",,,,,,,,,,,,,,,,,,,,,,,,,,,,,,,,,,,,,,,,,,,,,,,,,,,,,,,,,,"",0,,,,,,,,,,,,,0,"",,,,0,""
80,,3,0,2,1,0,2,0,0,0,0,255,255,255,33,3584.422,"DoYaGee",R,3,90,130,-2.021,0.454,0.118,1.17,-0.383,1.895,-36.487,8.143,2,51,47,4,"",-341.308,0,18.027,0,0,0,"=","=","=","=","=","=","=","=","=",8,R,"SUGUN",179.9,82.092,0.496,,73,W,Y,1,,,,,,,,,,,,,,,,,,,,,,,,,,,,,0,0,,,,,,,,,,,,,,,3587.191,0,,578,0,,,,,,,,,,,,,,,,,,,0.19,-37.676,-0.257,-17.856,-21.999,-47.823,-16.939,-62.714,19.242,-44.682,12.857,-65.183,38.11,-87.454,-0.926,-109.368,-43.459,-92.129,,,,"",,,,"",,,,"",,,,"",,,,"",,,,"",,,,"",,,,"",,,,,,,,,,,,,,,,,,,,,,,,,,,,,,,,,,,,,,,,,,,,,,,,,,,,,,,,,,"",0,,,,,,,,,,,,,0,"",,,,0,""
81,,3,0,2,1,0,0,1,0,0,0,255,255,255,34,3607.655,"DoYaGee",R,3,77,119,-1.772,-0.421,0.145,1.012,-0.256,1.369,-36.487,23.617,5,11,84,2,"",-315.841,0,11.703,0,0,1,"=","=","=","=","=","=","=","=","=",2,L,"Kr_Luna",190,95.218,0.504,0,72,W,Y,1,3608.642,155,56,64,33,12,,135,126,-30,-24.307,-0.375,0.822,-19.594,0.22,0,0.09,9.881,-6.489,16.371,3606.378,0.219,-20.91,3608.228,5,17.505,2.097,-59.173,0,0,,3614.122,,,,,,,,,,,,,3613.445,1,,147,1,,,,,,,,,,,,,,,,,,,0.118,-37.397,-0.098,-17.691,-21.998,-48.576,-16.235,-63.108,20.932,-47.056,13.85,-64.744,39.381,-88.317,2.316,-111.34,-44.836,-93.314,-0.127,-36.872,,"encounter v",-0.158,-17.8,,"쟈가리코",-21.805,-48.533,78,"muyang_",-16.23,-63.084,,"わだ、、",20.708,-46.789,,"shimenawa",13.903,-64.185,107,"Po_cari",39.376,-88.282,,"ByeolBam",2.315,-111.344,,"yumi2012",-44.51,-93.01,,3616.362,-0.862,-38.96,,,,3612.845,-17.966,-39.99,,,,,,,3610.581,17.815,-59.817,,,,,,,,,,,,,,,,3615.312,-17.442,-40.11,,,,,,,3611.186,15.593,-57.571,,,,,,,,,,"",2,,,,,,,,,,,,,0,"shimenawa",,,,3,""
82,,3,0,2,1,0,0,2,0,0,0,255,255,255,35,3637.079,"DoYaGee",R,3,73,112,-1.984,-0.407,0.205,1.017,0.022,1.386,-36.487,32.623,4,12,84,4,"",-500,0,23.203,0,0,2,"=","=","=","=","=","=","=","=","=",4,R,"Penguin_iDOL",190,80,0.3,,72,W,Y,1,,,,,,,,,,,,,,,,,,,,,,,,,,,,,0,0,,,,,,,,,,,,,,,,,,,,,,,,,,,,,,,,,,,,,,0.211,-37.701,-0.211,-17.784,-22.511,-47.99,-15.999,-62.897,20.564,-45.964,14.218,-64.565,38.957,-86.512,-0.434,-106.267,-42.768,-91.74,,,,"",,,,"",,,,"",,,,"",,,,"",,,,"",,,,"",,,,"",,,,3642.036,0.244,-37.239,,,,,,,,,,,,,,,,,,,,,,,,,,,,,,,,,,,,,,,,,,,,,,,,,,,,"",0,,,,,,,,,,,,,0,"",,,,0,""
83,,3,0,2,1,0,1,2,0,0,0,255,255,255,36,3656.854,"DoYaGee",R,3,86,127,-7.275,0.903,-0.103,1.194,-2.522,2.198,-36.487,6.571,5,47,48,1,"",-430.109,0,33.44,0,0,2,"=","=","=","=","=","=","=","=","=",4,R,"Penguin_iDOL",190,80,0.3,,72,W,Y,0,,,,,,,,,,,,,,,,,,,,,,,,,,,,,0,0,,,,,,,,,,,,,,,,,,,,,,,,,,,,,,,,,,,,,,0.136,-37.409,-0.037,-17.767,-22.304,-48.124,-16.641,-62.743,20.546,-45.824,12.672,-65.473,38.91,-86.558,-0.455,-105.416,-42.648,-91.746,,,,"",,,,"",,,,"",,,,"",,,,"",,,,"",,,,"",,,,"",,,,3662.211,-0.083,-36.313,,,,,,,,,,,,,,,,,,,,,,,,,,,,,,,,,,,,,,,,,,,,,,,,,,,,"",0,,,,,,,,,,,,,0,"",,,,0,""
84,,3,0,2,1,1,1,2,0,0,0,255,255,255,37,3678.013,"DoYaGee",R,4,68,116,0.685,-0.721,0.275,0.942,0.614,1.184,-36.487,45.942,5,16,79,0,"",-191.181,0,2.169,0,0,2,"=","=","=","=","=","=","=","=","=",4,R,"Penguin_iDOL",190,80,0.3,,72,W,Y,1,,,,,,,,,,,,,,,,,,,,,,,,,,,,,0,0,,,,,,,,,,,,,,,,,,,,,,,,,,,,,,,,,,,,,,0.061,-37.632,-0.058,-17.852,-21.851,-48.46,-16.814,-62.511,20.302,-46.259,13.241,-65.059,38.984,-86.519,-0.077,-105.432,-42.943,-91.76,,,,"",,,,"",,,,"",,,,"",,,,"",,,,"",,,,"",,,,"",,,,3681.616,-0.065,-36.756,,,,,,,,,,,,,,,,,,,,,,,,,,,,,,,,,,,,,,,,,,,,,,,,,,,,"",0,,,,,,,,,,,,,0,"",,,,0,""
85,,3,0,2,1,1,2,2,0,0,0,255,255,255,38,3697.092,"DoYaGee",R,3,75,114,-1.746,-0.894,0.222,0.923,0.102,1.079,-36.487,38.693,7,10,83,4,"",-500,0,15.594,0,0,2,"=","=","=","=","=","=","=","=","=",4,R,"Penguin_iDOL",190,80,0.3,,72,W,Y,1,,,,,,,,,,,,,,,,,,,,,,,,,,,,,0,0,,,,,,,,,,,,,,,3699.727,2,,578,0,,,,,,,,,,,,,,,,,,,0.112,-37.632,-0.047,-17.822,-22.439,-48.243,-16.825,-62.268,21.041,-46.729,13.006,-64.828,39.022,-86.461,-0.41,-105.206,-42.795,-91.726,,,,"",,,,"",,,,"",,,,"",,,,"",,,,"",,,,"",,,,"",,,,,,,,,,,,,,,,,,,,,,,,,,,,,,,,,,,,,,,,,,,,,,,,,,,,,,,,,,"",0,,,,,,,,,,,,,0,"",,,,0,""
86,SIDE,3,0,2,1,0,0,2,0,0,0,255,255,255,,3702.672,,,,,,,,,,,,,,,,,,,,,,,,3,"=","=","=","=","=","=","=","=","=",,,,,,,,,,,,,,,,,,,,,,,,,,,,,,,,,,,,,,,0,0,,,,,,,,,,,,,,,,,,,,,,,,,,,,,,,,,,,,,,,,,,,,,,,,,,,,,,,,,,,,,,,,,,,,,,,,,,,,,,,,,,,,,,,,,,,,,,,,,,,,,,,,,,,,,,,,,,,,,,,,,,,,,,,,,,,,,,,,,,,,,,,,,"",0,,,,,,,,,,,,,0,"",,,,0,""
87,,4,1,2,1,0,0,0,0,0,0,255,255,255,41,3743.58,"HANA_ARASHI",R,26,87,140,0.246,0.678,0.424,2.27,0.095,1.779,-36.691,34.013,91,9,0,2,"",-0.815,-200,18.623,0,0,3,"shimenawa","쟈가리코","わだ、、","ByeolBam","Po_cari","Riyaj","encounter v","yumi2012","muyang_",7,R,"ByeolBam",175.3,90,0.5,5,68,W,Y,1,3744.503,255,80,161,83,26,,145,92,5.882,-28.653,-0.051,1.185,-20.475,-0.62,0,0.222,279.165,455.108,23.021,3743.997,17.278,-55.853,3746.586,6,31.34,0.059,-83.204,1,0,,3750.156,,,,,,,,,,,,,,,,,,,,,,,,,,,,,,,,,,,,0.103,-37.657,0.031,-17.22,-21.001,-47.186,-13.414,-64.903,22.381,-49.71,10.994,-65.724,42.348,-96.706,-2.16,-103.946,-47.412,-93.418,-0.029,-36.923,,"mungjungh",0.025,-17.273,,"Kr_Luna",-20.602,-47.501,,"Yaksok~",-14.072,-65.351,85,"Penguin_iDOL",22.213,-49.884,,"CVPileMaki",10.626,-65.839,,"-KYU-",42.198,-96.418,120,"k@ster",-2.474,-103.601,,"SUGUN",-47.238,-93.65,,3754.627,-0.277,-38.848,,,,,,,3751.067,0.84,-59.829,,,,,,,3748.904,31.559,-83.819,,,,,,,,,,,,,,,,3753.462,-0.788,-58.01,,,,,,,3749.655,27.745,-80.623,,,,,,,"",2,-27.315,-27.315,10.269,0,0,1,5.882,5.882,6.707,5.882,0,-53.61,0,"-KYU-",,,,288,""
88,,4,1,2,1,0,0,0,1,0,0,7,255,255,42,3767.005,"HANA_ARASHI",R,26,90,140,-0.244,0.577,0.458,2.045,0.251,0.989,-36.691,27.359,48,52,0,2,"BH-",-35.143,-200,2.471,0,0,4,"=","=","=","=","=","=","=","=","=",6,R,"Po_cari",175,85,0.45,0,71,W,Y,1,3768.024,255,123,88,88,32,,145,101,-28.437,-13.236,0.086,0.691,-20.164,-0.27,0,0.324,-256.857,75.802,-102.804,3765.734,0.357,-21.319,3767.907,5,8.899,0.204,-57.759,1,0,,3773.565,,,,3772.186,,,,,,,,,3772.126,3,1,164,64,,,,,,,,,,,3773.567,2,,,,,,,0.076,-37.496,0.047,-17.215,-19.571,-43.913,-11.197,-61.589,21.905,-50.466,11.631,-65.523,43.055,-97.244,-2.631,-105.463,-47.663,-92.712,0.187,-37.015,,"mungjungh",0.024,-17.26,,"Kr_Luna",-18.224,-46.499,67,"Yaksok~",-11.56,-61.521,105,"Penguin_iDOL",21.988,-50.38,,"CVPileMaki",10.523,-65.396,81,"-KYU-",43.056,-97.219,,"k@ster",-2.61,-105.444,,"SUGUN",-47.522,-92.824,,3779.931,-0.188,-33.017,,,,3773.418,-18.835,-41.846,3771.495,-0.135,-58.599,,,,3770.184,8.86,-58.663,,,,,,,,,,,,,,,,3778.566,-18.356,-39.541,3772.388,-5.199,-57.108,,,,3770.911,6.613,-58.045,,,,,,,,,,"",2,,,,,,,,,,,,,0,"CVPileMaki",3772.186,,,322,""
89,,4,1,2,1,0,0,1,1,0,0,6,255,255,43,3797.418,"HANA_ARASHI",R,13,73,112,0.068,-0.585,0.559,2.128,0.72,1.635,-36.691,46.697,67,33,0,2,"S+|BH-",-388.437,314.828,45.082,0,0,5,"=","=","=","=","=","=","=","=","=",9,R,"Riyaj",190,80,0.2,5,71,W,Y,1,3798.394,206,206,112,121,28,,145,131,-30,6.892,0.053,0.875,-20.896,0.64,0,0.422,-566.945,-171.862,-95.065,3796.062,-0.155,-22.622,3798.19,3,-6.49,2.582,-61.051,1,0,,3804.577,,,,3808.124,,,,,,3798.127,,,3805.916,4,1,164,4,,,,,,,,,,,,,3805.31,3,,,,,0.004,-37.594,-0.091,-17.126,-20.141,-43.237,-10.961,-61.765,21.987,-50.258,5.66,-67.038,43.802,-97.175,-1.393,-120.945,-46.595,-92.547,0.13,-36.946,,"mungjungh",-0.65,-16.912,,"Kr_Luna",-19.19,-45.017,73,"Yaksok~",-11.193,-61.904,105,"Penguin_iDOL",21.96,-50.261,103,"CVPileMaki",4.783,-66.96,,"-KYU-",43.798,-97.167,,"k@ster",-0.922,-120.991,,"SUGUN",-46.499,-92.626,,3812.559,-3.05,-37.45,,,,3807.111,-18.038,-40.683,3800.503,-6.929,-61.991,3803.13,16.277,-48.576,,,,,,,,,,,,,,,,,,,3811.525,-17.585,-40.165,3806.038,-2.818,-56.833,3804.169,11.224,-50.562,,,,,,,,,,,,,"",2,11.172,11.172,6.047,0,2,0.183,-89.528,-89.259,-10.556,-85.172,0.072,12.447,0,"Yaksok~",3808.124,,,262,""
90,,4,1,2,1,0,1,2,1,0,0,9,255,255,44,3864.723,"HANA_ARASHI",R,10,79,119,-0.594,-2.529,0.347,1.728,-0.268,0.342,-36.691,18.69,58,42,0,1,"",0,400,5.264,-0.097,-20.895,6,"=","=","=","=","=","=","=","=","=",1,L,"encounter v",190,85.067,0.46,,71,W,Y,0,,,,,,,,,,,,,,,,,,,,,,,,,,,,,0,0,,,,,,,,,,,,3865.172,,,,,,,,,,,,,,,,,,,,,,,,,,0.036,-37.37,-0.02,-17.109,-19.594,-42.473,-7.992,-66.691,23.714,-50.926,15.48,-62.708,46.567,-97.331,2.182,-120.235,-47.279,-92.412,,,,"",,,,"",,,,"",,,,"",,,,"",,,,"",,,,"",,,,"",,,,3869.051,-0.231,-37.316,,,,,,,,,,,,,,,,,,,,,,,,,,,,,,,,,,,,,,,,,,,,,,,,,,,,"",0,,,,,,,,,,,,,0,"",,,,0,""
91,,4,1,2,1,1,1,2,1,0,0,9,255,255,45,3879.904,"HANA_ARASHI",R,14,78,104,3.224,-2.496,0.647,1.698,0.753,0.461,-36.691,41.383,29,71,0,1,"",316.096,371.782,10.852,0.589,-20.759,6,"=","=","=","=","=","=","=","=","=",1,L,"encounter v",190,85.067,0.46,,71,W,Y,0,,,,,,,,,,,,,,,,,,,,,,,,,,,,,0,0,,,,,,,,,,,,,,,,,,,,,,,,,,,,,,,,,,,,,,0.079,-37.706,-0.034,-17.114,-19.399,-42.393,-10.023,-64.464,23.711,-50.916,15.283,-62.758,46.676,-97.092,2.137,-120.213,-47.054,-92.475,,,,"",,,,"",,,,"",,,,"",,,,"",,,,"",,,,"",,,,"",,,,3884.372,-0.228,-37.724,,,,,,,,,,,,,,,,,,,,,,,,,,,,,,,,,,,,,,,,,,,,,,,,,,,,"",0,,,,,,,,,,,,,0,"",,,,0,""
92,,4,1,2,1,2,1,2,1,0,0,9,255,255,46,3896.946,"HANA_ARASHI",R,10,78,118,-0.504,0.348,0.355,2.307,-0.229,2.285,-36.691,37.472,100,0,0,2,"",0,400,20.534,0,0,6,"=","=","=","=","=","=","=","=","=",1,L,"encounter v",190,85.067,0.46,3,71,W,Y,1,3897.989,255,70,105,70,28,,145,130,-30,-44.303,-0.007,1.01,-19.843,0.54,0,0.426,146.98,153.455,-0.535,3895.797,1.585,-21.477,3897.287,4,25.351,1.778,-45.941,0,0,,3903.581,,,,3903.286,,,,,,3897.402,,,3902.831,6,,147,4,,,,,,,,,,,,,,,,,,,0.057,-37.692,-0.027,-17.132,-19.456,-42.011,-12.738,-64.933,23.776,-51.071,13.726,-64.106,46.696,-97.078,1.768,-119.995,-47.175,-92.405,0.029,-37.062,,"mungjungh",-0.094,-17.119,,"Kr_Luna",-17.527,-45.922,,"Yaksok~",-12.843,-66.499,,"Penguin_iDOL",23.588,-51.111,120,"CVPileMaki",7.012,-66.274,,"-KYU-",46.685,-97.088,,"k@ster",1.71,-120.01,,"SUGUN",-47.177,-92.458,,,,,,,,3902.214,-18.184,-40.261,,,,3899.641,25.418,-46.649,,,,,,,,,,,,,,,,,,,,,,,,,3900.677,20.61,-46.35,,,,,,,,,,,,,"",2,,,,,,,,,,,,,0,"Penguin_iDOL",3903.286,,,6,""
93,SIDE,4,1,2,1,0,0,2,1,0,0,9,255,255,,3904.166,,,,,,,,,,,,,,,,,,,,,,,,7,"=","=","=","=","=","=","=","=","=",,,,,,,,,,,,,,,,,,,,,,,,,,,,,,,,,,,,,,,0,0,,,,,,,,,,,,,,,,,,,,,,,,,,,,,,,,,,,,,,,,,,,,,,,,,,,,,,,,,,,,,,,,,,,,,,,,,,,,,,,,,,,,,,,,,,,,,,,,,,,,,,,,,,,,,,,,,,,,,,,,,,,,,,,,,,,,,,,,,,,,,,,,,"",0,,,,,,,,,,,,,0,"",,,,0,""
94,,4,0,2,1,0,0,0,0,0,0,255,255,255,39,3996.178,"DoYaGee",R,3,73,115,0.341,-0.36,0.323,0.999,0.767,1.413,-36.487,41.761,8,13,79,2,"",-365.274,0,4.432,0,0,3,"SUGUN","Kr_Luna","Penguin_iDOL","가앤슬_","mungjungh","-KYU-","CVPileMaki","k@ster","Yaksok~",9,R,"가앤슬_",190,90.016,0.2,3,70,W,Y,1,3997.443,74,24,158,91,48,,121,112,15.261,37.236,0.049,0.871,-20.138,0.7,0,0.525,258.213,-1.489,-30.99,3998.503,-49.33,-84.918,3998.628,8,-45.82,1.858,-80.297,0,0,,,,,,,,,,,,,,,4000.971,3,,457,0,,,,,,,,,,,,,,,,,,,0.082,-37.665,-0.034,-17.826,-23.77,-50.186,-17.016,-62.579,19.888,-46.199,13.306,-65.374,39.413,-87.575,0.012,-106.345,-43.997,-92.801,-0.091,-37.209,,"encounter v",-0.093,-17.964,,"쟈가리코",-23.552,-50.025,,"muyang_",-16.989,-62.539,,"わだ、、",19.514,-45.917,,"shimenawa",12.404,-64.904,,"Po_cari",39.382,-87.567,,"ByeolBam",-0.166,-105.842,,"yumi2012",-44.002,-92.79,105,4006.76,-0.46,-38.149,,,,,,,,,,,,,,,,,,,,,,4000.982,-46.511,-80.869,,,,,,,,,,,,,,,,,,,,,,,,,4004.903,-28.901,-66.024,"",1,,,,,,,,,,,,,0,"yumi2012",,,,128,""
95,,4,0,2,1,0,0,1,0,0,0,255,255,255,40,4026.454,"DoYaGee",R,3,67,109,-0.29,-0.112,0.305,1.047,0.71,1.575,-36.487,47.647,5,10,84,2,"",-458.295,0,5.109,0,0,4,"=","=","=","=","=","=","=","=","=",1,R,"mungjungh",190,90.362,0.403,5,70,W,Y,1,4027.624,138,92,109,50,24,,141,130,26.296,32.257,-0.082,0.958,-20.006,0.61,0,0.434,452.297,393.733,20.037,4030.772,-74.916,-114.897,,,,,,0,0,,4033.59,4038.299,4043.521,4048.578,,,,,,,,,,,,,,,,,,,,,,,,,,,,,,,,,0.058,-37.513,-0.043,-17.787,-23.571,-50.11,-17.224,-62.629,20.273,-46.42,13.871,-64.546,39.535,-86.205,-0.03,-112.166,-42.671,-92.362,-0.138,-37.12,,"encounter v",-0.079,-17.825,,"쟈가리코",-23.474,-49.756,,"muyang_",-17.009,-62.527,,"わだ、、",19.338,-46.325,,"shimenawa",13.266,-64.755,,"Po_cari",39.493,-86.158,,"ByeolBam",-0.282,-112.066,,"yumi2012",-42.668,-92.355,,,,,,,,,,,,,,,,,,,,,,,,,,,,,,,,,,,,,,,,,,,,,,,,,,,,,,,,"",4,27.446,27.446,14.989,0,2,0.191,78.838,36.48,-1.52,85.31,0.046,31.063,0,"",4038.299,4043.521,,0,""
96,,4,0,2,2,0,0,1,0,0,0,255,255,255,41,4070.865,"DoYaGee",R,32,70,122,1.528,-0.607,0.265,0.996,0.304,1.301,-36.487,43.422,7,9,84,2,"",222.534,33.371,11.7,0,0,5,"=","=","=","=","=","=","=","=","=",6,R,"-KYU-",180.7,89.92,0.554,5,69,W,Y,1,4071.998,255,192,117,70,0,,145,86,-34.812,37.613,0.29,0.744,-20.098,-1,0,0.476,-444.3,220.963,188.732,4069.651,-0.306,-20.869,4071.666,2,-17.674,0.694,-43.286,0,0,,,,,,,,,,,,,,,4075.584,5,,147,0,,,,,,,,,,,4075.002,2,,,,,,,0.121,-37.545,-0.013,-17.9,-23.296,-49.037,-16.83,-62.583,20.602,-46.586,12.458,-65.085,35.118,-88.206,0.071,-109.375,-46.176,-92.739,-0.159,-36.966,,"encounter v",-0.01,-17.931,,"쟈가리코",-22.76,-48.618,72,"muyang_",-16.824,-62.595,,"わだ、、",19.521,-46.44,,"shimenawa",12.202,-65.058,,"Po_cari",35.11,-88.225,,"ByeolBam",-0.056,-109.791,,"yumi2012",-46.174,-92.733,,4077.562,-0.717,-37.618,,,,4074.081,-18.16,-43.96,,,,,,,,,,,,,,,,,,,,,,,,,4076.416,-17.96,-39.437,,,,,,,,,,,,,,,,,,,"",2,36.737,36.737,15.595,0,1,0.837,-45.789,-34.812,-4.01,-86.999,0.028,31.095,0,"쟈가리코",,,,2,""
97,,4,0,2,2,0,0,2,0,0,0,255,255,255,42,4099.181,"DoYaGee",R,32,78,129,0.128,-0.072,0.146,1.084,-0.252,1.596,-36.487,15.279,2,8,89,2,"",207.426,13.91,23.608,0,0,6,"=","=","=","=","=","=","=","=","=",5,R,"CVPileMaki",170,94,0.397,3,69,W,Y,1,4100.354,171,64,100,81,41,,145,98,-50.133,56.208,-0.025,0.838,-19.563,-0.05,0,0.188,256.4,465.677,-254.247,4098.028,-0.995,-20.21,,,,,,0,0,,,,,,,,,,,,,,,,,,,,,,,,,,,,,,,,,,,,,,0.208,-37.439,-0.043,-17.853,-23.903,-49.98,-17.015,-62.504,19.59,-45.147,12.257,-65.207,37.807,-86.935,0.248,-109.08,-45.297,-90.487,0.431,-36.734,,"encounter v",-0.187,-17.904,,"쟈가리코",-23.566,-49.847,,"muyang_",-16.995,-62.478,,"わだ、、",18.03,-44.346,,"shimenawa",11.612,-64.679,,"Po_cari",37.678,-86.85,,"ByeolBam",0.259,-109.071,,"yumi2012",-45.192,-90.486,,,,,,,,,,,,,,,,,,,,,,,,,,,,,,,,,,,,,,,,,,,,,,,,,,,,,,,,"",3,,,,,,,,,,,,,0,"",,,,0,""
98,,4,0,2,2,0,1,2,0,0,0,255,255,255,43,4118.657,"DoYaGee",R,32,90,140,0.43,-0.674,0.189,0.987,-0.053,1.244,-36.487,20.146,8,7,84,2,"",175.81,-3.286,20.344,0,0,6,"=","=","=","=","=","=","=","=","=",5,R,"CVPileMaki",170,94,0.397,3,69,W,Y,1,4119.76,255,87,123,130,60,,145,80,24.864,-4.837,0.083,0.68,-19.785,-1,0,0.309,272.036,-282.686,104.978,,,,4121.739,5,8.077,3.214,-79.665,0,0,,,,,,,,,,,,,,,4124.109,6,,454,0,,,,,,,,,,,,,,,,,,,0.168,-37.484,-0.015,-17.889,-23.418,-49.116,-16.822,-62.608,19.188,-44.835,12.216,-63.85,38.907,-86.203,0.165,-109.215,-45.569,-92.767,0.083,-36.992,,"encounter v",-0.097,-18.023,,"쟈가리코",-23.191,-48.801,,"muyang_",-16.757,-62.454,,"わだ、、",18.273,-44.779,,"shimenawa",11.997,-63.665,90,"Po_cari",39.038,-86.28,,"ByeolBam",-0.003,-109.323,,"yumi2012",-45.558,-92.768,,,,,,,,,,,,,,,,,4124.119,8.156,-80.161,,,,,,,,,,,,,,,,,,,,,,,,,4125.659,5.607,-78.088,,,,,,,,,,"",1,,,,,,,,,,,,,0,"shimenawa",,,,1,""
99,SIDE,4,0,2,2,0,0,2,0,0,0,255,255,255,,4126.434,,,,,,,,,,,,,,,,,,,,,,,,7,"=","=","=","=","=","=","=","=","=",,,,,,,,,,,,,,,,,,,,,,,,,,,,,,,,,,,,,,,0,0,,,,,,,,,,,,,,,,,,,,,,,,,,,,,,,,,,,,,,,,,,,,,,,,,,,,,,,,,,,,,,,,,,,,,,,,,,,,,,,,,,,,,,,,,,,,,,,,,,,,,,,,,,,,,,,,,,,,,,,,,,,,,,,,,,,,,,,,,,,,,,,,,"",0,,,,,,,,,,,,,0,"",,,,0,""
100,,5,1,2,2,0,0,0,0,0,0,255,255,255,47,4181.145,"HANA_ARASHI",R,13,71,99,-1.259,-1.153,0.476,2.175,0.221,1.477,-36.741,40.237,74,26,0,4,"",-351.391,312.348,24.691,-0.472,-18.028,7,"shimenawa","쟈가리코","わだ、、","ByeolBam","Po_cari","Riyaj","encounter v","yumi2012","muyang_",8,R,"yumi2012",173.9,85,0.5,,69,W,Y,1,,,,,,,,,,,,,,,,,,,,,,,,,,,,,0,0,,,,,,,,,,,,,,,,,,,,,,,,,,,,,,,,,,,,,,-0.01,-37.577,0.014,-17.077,-17.555,-44.807,-13.319,-65.18,23.68,-49.7,4.023,-66.928,41.733,-96.93,-0.02,-111.716,-44.462,-93.803,,,,"",,,,"",,,,"",,,,"",,,,"",,,,"",,,,"",,,,"",,,,,,,,,,,,,,,,,,,,,,,,,,,,,,,,,,,,,,,,,,,,,,,,,,,,,,,,,,"",0,,,,,,,,,,,,,0,"",,,,0,""
101,,5,1,2,2,0,1,0,0,0,0,255,255,255,48,4194.648,"HANA_ARASHI",R,13,82,120,-3.333,-1.543,0.332,2.092,-0.801,1.095,-36.741,27.096,74,26,0,4,"",-390.434,312.348,29.434,-0.849,-18.36,7,"=","=","=","=","=","=","=","=","=",8,R,"yumi2012",173.9,85,0.5,,69,W,Y,1,,,,,,,,,,,,,,,,,,,,,,,,,,,,,0,0,,,,,,,,,,,,,,,,,,,,,,,,,,,,,,,,,,,,,,0.026,-37.544,-0.01,-17.073,-18.136,-45.286,-12.93,-65.563,23.542,-49.757,3.288,-67.413,42.206,-97.502,0.05,-111.668,-45.646,-91.677,,,,"",,,,"",,,,"",,,,"",,,,"",,,,"",,,,"",,,,"",,,,,,,,,,,,,,,,,,,,,,,,,,,,,,,,,,,,,,,,,,,,,,,,,,,,,,,,,,"",0,,,,,,,,,,,,,0,"",,,,0,""
102,,5,1,2,2,0,2,0,0,0,0,255,255,255,49,4208.411,"HANA_ARASHI",R,13,82,120,-3.575,-1.323,0.309,2.128,-0.906,1.221,-36.741,27.83,73,27,0,1,"",-390.434,312.348,34.474,-0.949,-18.028,7,"=","=","=","=","=","=","=","=","=",8,R,"yumi2012",173.9,85,0.5,,69,W,Y,0,,,,,,,,,,,,,,,,,,,,,,,,,,,,,0,0,,,,,,,,,,,,,,,,,,,,,,,,,,,,,,,,,,,,,,0.068,-37.617,-0.075,-17.013,-18.204,-45.378,-12.092,-65.392,23.284,-50.274,3.336,-67.366,42.238,-97.498,0.054,-111.676,-45.869,-91.641,,,,"",,,,"",,,,"",,,,"",,,,"",,,,"",,,,"",,,,"",,,,,,,,,,,,,,,,,,,,,,,,,,,,,,,,,,,,,,,,,,,,,,,,,,,,,,,,,,"",0,,,,,,,,,,,,,0,"",,,,0,""
103,,5,1,2,2,0,0,1,0,0,0,255,255,255,50,4280.282,"HANA_ARASHI",R,26,88,140,0.321,0.665,0.442,2.277,0.176,1.751,-36.741,35.599,89,11,0,2,"",-36.357,-200,7.709,0,0,8,"=","=","=","=","=","=","=","=","=",3,R,"muyang_",171.3,80,0.498,5,68,W,Y,0,4281.267,174,224,102,68,19,,145,93,32.139,-41.946,0.049,1.089,-20.025,-0.46,0,0.119,385.346,259.05,71.333,4283.949,48.772,-79.188,4284.232,6,47.841,1.534,-77.899,0,0,,4286.576,,,,,,,,,,,,,4286.604,8,,455,0,,,,,,,,,,,,,,,,,,,0.112,-37.557,-0.029,-16.97,-19.296,-47.573,-10.714,-66.266,22.895,-51.603,13.323,-63.42,41.652,-97.836,-0.149,-109.305,-45.768,-91.687,0.151,-37.087,,"mungjungh",-0.025,-17.002,,"Kr_Luna",-19.217,-47.514,86,"Yaksok~",-6.916,-67.278,,"Penguin_iDOL",22.904,-51.483,,"CVPileMaki",10.664,-63.903,,"-KYU-",41.797,-97.787,98,"k@ster",-0.154,-109.322,,"SUGUN",-45.41,-91.281,,,,,,,,4291.22,-18.994,-39.61,,,,,,,,,,4286.616,47.986,-78.502,,,,,,,,,,,,,4292.287,-18.01,-40.307,,,,,,,,,,4287.51,43.377,-74.553,,,,,,,"",1,-40.488,-38.377,3.174,0,0,1,32.139,32.139,61.463,32.139,0,-80.378,0,"-KYU-",,,,34,""
104,,5,1,2,2,0,0,2,0,0,0,255,255,255,0,4471.802,"si_ho",R,27,78,128,-1.31,-1.885,0.098,1.288,-0.476,0.383,-36.372,17.333,52,48,0,1,"",-70.386,-129.958,30.428,-0.327,-17.625,0,"=","=","=","=","=","=","=","=","=",5,L,"shimenawa",175.2,94.576,0.295,,68,W,Y,0,,,,,,,,,,,,,,,,,,,,,,,,,,,,,0,0,,,,,,,,,,,,,,,,,,,,,,,,,,,,,,,,,,,,,,0.124,-37.681,0.047,-17.186,-18.657,-45.104,-7.428,-65.919,23.269,-50.174,13.263,-64.642,43.548,-95.086,4.016,-114.191,-40.686,-94.999,,,,"",,,,"",,,,"",,,,"",,,,"",,,,"",,,,"",,,,"",,,,,,,,,,,,,,,,,,,,,,,,,,,,,,,,,,,,,,,,,,,,,,,,,,,,,,,,,,"",0,,,,,,,,,,,,,0,"",,,,0,""
105,,5,1,2,2,1,0,2,0,0,0,255,255,255,1,4487.86,"si_ho",R,13,76,104,-0.595,-0.926,0.239,1.658,0.121,1.673,-36.372,6.606,51,49,0,0,"",-200.155,400,-12.038,0,0,0,"=","=","=","=","=","=","=","=","=",5,L,"shimenawa",175.2,94.576,0.295,,68,W,Y,0,,,,,,,,,,,,,,,,,,,,,,,,,,,,,0,0,,,,,,,,,,,,,,,,,,,,,,,,,,,,,,,,,,,,,,0.173,-37.528,0.001,-17.211,-18.593,-45.963,-9.503,-66.532,23.247,-50.188,8.348,-66.341,43.038,-96.206,4.014,-114.26,-40.935,-95.13,,,,"",,,,"",,,,"",,,,"",,,,"",,,,"",,,,"",,,,"",,,,,,,,,,,,,,,,,,,,,,,,,,,,,,,,,,,,,,,,,,,,,,,,,,,,,,,,,,"",0,,,,,,,,,,,,,0,"",,,,0,""
106,,5,1,2,2,1,1,2,0,0,0,255,255,255,2,4501.525,"si_ho",R,6,78,110,2.182,-0.364,0.35,1.628,0.489,1.4,-36.372,14.252,49,51,0,1,"",251.042,0,19.716,0,0,0,"=","=","=","=","=","=","=","=","=",5,L,"shimenawa",175.2,94.576,0.295,,68,W,Y,0,,,,,,,,,,,,,,,,,,,,,,,,,,,,,0,0,,,,,,,,,,,,,,,,,,,,,,,,,,,,,,,,,,,,,,0.19,-37.731,0.036,-17.2,-18.619,-45.929,-3.668,-67.344,23.344,-50.128,16.273,-62.732,42.949,-96.414,5.567,-114.833,-40.906,-95.3,,,,"",,,,"",,,,"",,,,"",,,,"",,,,"",,,,"",,,,"",,,,,,,,,,,,,,,,,,,,,,,,,,,,,,,,,,,,,,,,,,,,,,,,,,,,,,,,,,"",0,,,,,,,,,,,,,0,"",,,,0,""
107,,5,1,2,2,2,1,2,0,0,0,255,255,255,3,4514.829,"si_ho",R,6,79,107,2.412,-0.648,0.273,1.55,0.3,1.242,-36.372,9.995,55,45,0,1,"",398.735,0,20.417,0,0,0,"=","=","=","=","=","=","=","=","=",5,L,"shimenawa",175.2,94.576,0.295,,104,W,Y,0,,,,,,,,,,,,,,,,,,,,,,,,,,,,,0,0,,,,,,,,,,,,,,,,,,,,,,,,,,,,,,,,,,,,,,0.178,-37.823,0.066,-17.223,-18.703,-45.97,-3.46,-67.302,23.156,-50.473,14.934,-63.157,45.655,-95.218,-0.141,-111.883,-40.911,-95.035,,,,"",,,,"",,,,"",,,,"",,,,"",,,,"",,,,"",,,,"",,,,,,,,,,,,,,,,,,,,,,,,,,,,,,,,,,,,,,,,,,,,,,,,,,,,,,,,,,"",0,,,,,,,,,,,,,0,"",,,,0,""
108,,5,1,2,2,3,1,2,0,0,0,255,255,255,4,4530.052,"si_ho",R,27,90,140,-0.513,-0.078,0.137,1.595,-0.295,1.46,-36.372,5.902,55,45,0,2,"",50.593,-107.863,15.418,0,0,0,"=","=","=","=","=","=","=","=","=",5,L,"shimenawa",175.2,94.576,0.295,5,104,W,Y,1,4531.116,98,93,85,50,15,,133,95,31.751,2.098,-0.102,0.876,-19.8,-0.03,0,0.326,436.714,-327.467,242.761,4533.847,1.364,-98.729,4533.999,7,1.146,2.077,-96.529,0,0,,4536.405,,,,,,,,,,,,,4536.404,0,,456,0,,,,,,,,,,,,,,,,,,,0.244,-37.805,-0.002,-17.202,-19.371,-46.512,-8.531,-67.043,23.276,-50.456,10.957,-65.235,46.756,-95.957,-0.149,-111.917,-42.211,-94.24,0.041,-36.795,,"mungjungh",-0.147,-17.335,,"Kr_Luna",-18.784,-47.948,,"Yaksok~",-8.223,-69.171,,"Penguin_iDOL",23.275,-50.456,,"CVPileMaki",10.904,-65.283,,"-KYU-",46.762,-95.911,,"k@ster",-0.139,-111.908,,"SUGUN",-42.049,-94.329,,,,,,,,,,,,,,,,,,,,,,,4536.415,1.077,-97.184,,,,,,,,,,,,,,,,,,,,,,,,,,,,,,,"",1,2.747,2.747,5.994,0,2,0.179,44.231,31.751,25.024,43.666,0.038,-56.903,0,"k@ster",,,,128,""
109,SIDE,5,1,2,2,0,0,2,0,0,0,255,255,255,,4537.49,,,,,,,,,,,,,,,,,,,,,,,,1,"=","=","=","=","=","=","=","=","=",,,,,,,,,,,,,,,,,,,,,,,,,,,,,,,,,,,,,,,0,0,,,,,,,,,,,,,,,,,,,,,,,,,,,,,,,,,,,,,,,,,,,,,,,,,,,,,,,,,,,,,,,,,,,,,,,,,,,,,,,,,,,,,,,,,,,,,,,,,,,,,,,,,,,,,,,,,,,,,,,,,,,,,,,,,,,,,,,,,,,,,,,,,"",0,,,,,,,,,,,,,0,"",,,,0,""
110,,5,0,2,2,0,0,0,0,0,0,255,255,255,44,4585.409,"DoYaGee",R,33,75,126,1.052,-0.384,0.25,1.04,0.232,1.436,-36.487,24.995,4,16,80,0,"",143.054,24.871,10.115,0,0,7,"SUGUN","Kr_Luna","Penguin_iDOL","가앤슬_","mungjungh","-KYU-","CVPileMaki","k@ster","Yaksok~",7,R,"k@ster",168.4,80,0.248,,67,W,Y,1,,,,,,,,,,,,,,,,,,,,,,,,,,,,,0,0,,,,,,,,,,,,,,,,,,,,,,,,,,,,,,,,,,,,,,0.204,-37.423,-0.021,-17.852,-22.715,-48.616,-16.526,-61.803,18.638,-45.254,12.396,-65.04,38.949,-87.945,-0.167,-107.741,-44.295,-91.965,,,,"",,,,"",,,,"",,,,"",,,,"",,,,"",,,,"",,,,"",,,,,,,,,,,,,,,,,,,,,,,,,,,,,,,,,,,,,,,,,,,,,,,,,,,,,,,,,,"",0,,,,,,,,,,,,,0,"",,,,0,""
111,,5,0,2,2,0,1,0,0,0,0,255,255,255,45,4604.183,"DoYaGee",R,32,85,138,0.371,-0.199,0.161,1.045,-0.181,1.454,-36.487,24.074,8,10,82,2,"",250,-61.867,21.775,0,0,7,"=","=","=","=","=","=","=","=","=",7,R,"k@ster",168.4,80,0.248,5,67,W,Y,1,4605.126,169,179,69,57,16,,138,79,-55.431,35.454,0.073,0.835,-20.132,-0.99,0,0.283,-429.23,-52.725,45.391,4602.722,-0.247,-20.579,4604.718,0,-5.505,2.798,-35.732,0,0,,4610.397,,,,,,,,,,,,,4609.884,7,,147,0,,,,,,,,,,,,,,,,,,,0.057,-37.462,-0.006,-17.851,-22.704,-48.619,-16.283,-62.221,18.69,-44.954,13.112,-64.132,38.806,-88.152,0.369,-109.279,-43.597,-91.833,0.104,-37.072,105,"encounter v",-0.018,-17.855,,"쟈가리코",-22.573,-48.426,67,"muyang_",-16.138,-61.994,,"わだ、、",18.403,-44.418,,"shimenawa",12.616,-64.359,,"Po_cari",38.965,-88.028,,"ByeolBam",0.365,-109.284,,"yumi2012",-43.597,-91.837,,4607.127,-5.236,-36.411,,,,4609.278,-18.941,-39.594,,,,,,,,,,,,,,,,,,,4608.696,-11.052,-36.969,,,,4612.231,-17.926,-39.753,,,,,,,,,,,,,,,,,,,"",2,34.816,34.816,-0.066,0,1,0.678,-62.91,-55.431,-2.497,-74.495,0.03,175.033,0,"DoYaGee",,,,2,""
112,,5,0,2,2,0,0,1,0,0,0,255,255,255,46,4633.702,"DoYaGee",R,32,91,140,1.369,-0.483,0.264,1.007,0.299,1.322,-36.487,23.632,9,11,81,2,"",250,-31.232,19.976,0,0,8,"=","=","=","=","=","=","=","=","=",3,R,"Yaksok~",172.8,86.559,0.332,5,51,W,Y,1,4634.549,206,79,103,41,0,,145,126,-30,52.005,0.263,0.747,-19.698,0.25,0,0.181,221.687,79.833,-401.873,4632.114,-0.676,-20.432,,,,,,0,0,,,,,,,,,,,,,,,,,,,,,,,,,,,,,,,,,,,,,,0.165,-37.557,-0.038,-17.95,-23.586,-51.51,-16.477,-61.852,18.338,-44.412,12.813,-64.438,40.796,-86.079,-0.358,-107.736,-46.319,-94.229,-0.067,-36.814,,"encounter v",-0.042,-17.958,,"쟈가리코",-23.608,-51.132,,"muyang_",-16.444,-61.595,,"わだ、、",17.916,-43.712,,"shimenawa",13.197,-64.371,,"Po_cari",40.752,-86.148,,"ByeolBam",-0.883,-107.746,,"yumi2012",-46.302,-94.223,,,,,,,,,,,,,,,,,,,,,,,,,,,,,,,,,,,,,,,,,,,,,,,,,,,,,,,,"",3,58.852,44.917,5.281,0.535,0,1,-40.896,-40.896,-44.279,-40.896,0,119.491,0,"",,,,0,""
113,,5,0,2,2,0,1,1,0,0,0,255,255,255,47,4654.473,"DoYaGee",R,32,74,125,1.788,-0.618,0.293,0.975,0.43,1.209,-36.487,49.295,8,26,66,2,"",220.227,-57.664,11.385,0,0,8,"=","=","=","=","=","=","=","=","=",3,R,"Yaksok~",172.8,86.559,0.332,5,51,W,Y,1,4655.394,166,109,80,31,0,,137,79,-32.393,-22.39,0.34,0.693,-19.854,-1,0,0.195,-326.302,-51.109,131.486,4652.951,0.718,-20.768,4655.007,4,10.51,0.24,-44.443,0,0,,,,,,,,,,,,,,,4659.851,8,,147,4,,,,,,,,,,,,,,,,,,,0.055,-37.482,-0.021,-17.973,-21.609,-47.068,-16.858,-62.435,19.048,-44.045,13.574,-64.458,38.563,-86.693,0.147,-108.421,-45.938,-95.16,-0.28,-36.762,,"encounter v",-0.02,-17.982,,"쟈가리코",-21.497,-46.902,85,"muyang_",-16.882,-62.43,,"わだ、、",17.582,-43.782,109,"shimenawa",13.525,-64.514,,"Po_cari",38.676,-86.542,,"ByeolBam",0.151,-108.417,,"yumi2012",-45.93,-95.155,,4662.716,-0.229,-38.787,,,,4659.264,-17.792,-39.558,,,,4657.392,11.263,-45.002,,,,,,,,,,,,,,,,,,,4661.716,-17.046,-40.048,,,,4658.082,7.631,-44.081,,,,,,,,,,,,,"",2,-23.494,-23.494,5.908,0,0,1,-32.393,-32.393,-46.883,-32.393,0,-34.541,0,"わだ、、",,,,6,""
114,,5,0,2,2,0,0,2,0,0,0,255,255,255,48,4680.542,"DoYaGee",R,32,83,135,-0.461,0.004,0.089,1.083,-0.516,1.596,-36.487,16.757,7,60,32,2,"",229.19,-36.658,29.214,0,0,0,"=","=","=","=","=","=","=","=","=",8,R,"SUGUN",179.9,82.092,0.496,0,67,W,Y,1,4681.549,165,49,46,39,6,,129,79,16.65,63.492,-0.072,0.932,-19.392,1,0,0.189,153.898,183.973,-499.234,4681.178,-34.149,-35.634,,,,,,0,0,,,,,4687.567,,,,,,,,,,,,,,,,,,,,,,,,,,,,,,,,,0.095,-37.333,-0.036,-17.823,-22.702,-48.421,-15.781,-62.396,18.835,-45.16,13.246,-64.674,40.576,-86.775,-0.122,-108.8,-43.741,-93.288,-0.612,-36.512,,"encounter v",-0.166,-17.885,,"쟈가리코",-22.409,-47.906,,"muyang_",-15.82,-62.111,,"わだ、、",18.507,-44.769,,"shimenawa",13.209,-64.21,,"Po_cari",40.479,-86.773,,"ByeolBam",-0.156,-108.814,,"yumi2012",-43.764,-93.289,,,,,,,,,,,,,,,,,,,,,,,,,,,,,,,,,,,,,,,,,,,,,,,,,,,,,,,,"",3,,,,,,,,,,,,,0,"",,,,0,""
115,,5,0,2,2,0,1,2,0,0,0,255,255,255,49,4700.675,"DoYaGee",R,32,81,132,0.957,2.007,0.236,1.046,0.168,1.468,-36.487,28.379,5,11,84,2,"",250,-8.107,20.123,0,0,0,"=","=","=","=","=","=","=","=","=",8,R,"SUGUN",179.9,82.092,0.496,0,54,W,Y,1,4701.676,213,56,89,40,4,,144,88,96.394,38.707,0.217,1.101,-20.173,-1,0,0.26,543.44,34.829,30.781,4705.688,8.909,-2.665,,,,,,0,0,,,,,,,,,,,,,,,,,,,,,,,,,,,,,,,,,,,,,,0.087,-37.505,-0.02,-17.821,-22.684,-47.876,-16.877,-62.823,19.813,-46.148,13.633,-64.43,40.561,-84.929,-0.954,-110.066,-44.367,-91.848,0.023,-37.416,,"encounter v",-0.018,-17.863,,"쟈가리코",-22.101,-47.757,,"muyang_",-16.871,-62.728,,"わだ、、",19.494,-45.784,,"shimenawa",12.943,-64.523,,"Po_cari",40.465,-84.913,,"ByeolBam",-0.341,-109.978,,"yumi2012",-44.392,-92.251,,,,,,,,,,,,,,,,,,,,,,,,,,,,,,,,,,,,,,,,,,,,,,,,,,,,,,,,"",3,,,,,,,,,,,,,0,"",,,,0,""
116,,5,0,2,2,0,2,2,0,0,0,255,255,255,50,4731.432,"DoYaGee",R,32,91,140,-0.616,-0.504,0.076,0.994,-0.577,1.292,-36.487,13.936,8,5,87,0,"",250,-42.763,43.162,0,0,0,"=","=","=","=","=","=","=","=","=",8,R,"SUGUN",179.9,82.092,0.496,,55,W,Y,0,,,,,,,,,,,,,,,,,,,,,,,,,,,,,0,0,,,,,,,,,,,,,,,4734.127,0,,578,0,,,,,,,,,,,,,,,,,,,0.174,-37.26,-0.025,-17.74,-21.612,-47.013,-16.877,-62.464,19.536,-45.595,13.943,-64.52,39.518,-86.582,0.179,-111.82,-43.581,-95.288,,,,"",,,,"",,,,"",,,,"",,,,"",,,,"",,,,"",,,,"",,,,,,,,,,,,,,,,,,,,,,,,,,,,,,,,,,,,,,,,,,,,,,,,,,,,,,,,,,"",0,,,,,,,,,,,,,0,"",,,,0,""
117,SIDE,5,0,2,2,0,0,2,0,0,0,255,255,255,,4736.25,,,,,,,,,,,,,,,,,,,,,,,,1,"=","=","=","=","=","=","=","=","=",,,,,,,,,,,,,,,,,,,,,,,,,,,,,,,,,,,,,,,0,0,,,,,,,,,,,,,,,,,,,,,,,,,,,,,,,,,,,,,,,,,,,,,,,,,,,,,,,,,,,,,,,,,,,,,,,,,,,,,,,,,,,,,,,,,,,,,,,,,,,,,,,,,,,,,,,,,,,,,,,,,,,,,,,,,,,,,,,,,,,,,,,,,"",0,,,,,,,,,,,,,0,"",,,,0,""
118,,6,1,2,2,0,0,0,0,0,0,255,255,255,5,4779.965,"si_ho",R,0,80,117,-0.628,-0.102,0.212,1.647,-0.278,1.545,-36.372,11.214,45,55,0,0,"",-1.534,0,-4.513,0,0,1,"shimenawa","쟈가리코","わだ、、","ByeolBam","Po_cari","Riyaj","encounter v","yumi2012","muyang_",2,L,"쟈가리코",190,82,0.501,,66,W,Y,0,,,,,,,,,,,,,,,,,,,,,,,,,,,,,0,0,,,,,,,,,,,,,,,,,,,,,,,,,,,,,,,,,,,,,,0.167,-37.68,-0.064,-17.166,-18.541,-47.232,-12.808,-65.251,23.397,-50.58,3.868,-67.305,48.446,-98.369,5.442,-122.998,-47.346,-93.839,,,,"",,,,"",,,,"",,,,"",,,,"",,,,"",,,,"",,,,"",,,,,,,,,,,,,,,,,,,,,,,,,,,,,,,,,,,,,,,,,,,,,,,,,,,,,,,,,,"",0,,,,,,,,,,,,,0,"",,,,0,""
119,,6,1,2,2,0,1,0,0,0,0,255,255,255,6,4795.77,"si_ho",R,14,78,104,3.092,-1.272,0.402,1.583,0.603,1.262,-36.372,25.255,38,62,0,1,"",369.234,312.221,27.527,0.763,-17.75,1,"=","=","=","=","=","=","=","=","=",2,L,"쟈가리코",190,82,0.501,,66,W,Y,0,,,,,,,,,,,,,,,,,,,,,,,,,,,,,0,0,,,,,,,,,,,,,,,,,,,,,,,,,,,,,,,,,,,,,,0.159,-37.784,0.041,-17.076,-18.574,-47.364,-5.688,-67.343,23.724,-50.597,16.24,-62.326,47.875,-98.302,5.455,-122.99,-47.413,-93.713,,,,"",,,,"",,,,"",,,,"",,,,"",,,,"",,,,"",,,,"",,,,,,,,,,,,,,,,,,,,,,,,,,,,,,,,,,,,,,,,,,,,,,,,,,,,,,,,,,"",0,,,,,,,,,,,,,0,"",,,,0,""
120,,6,1,2,2,1,1,0,0,0,0,255,255,255,7,4811.769,"si_ho",R,26,91,140,0.507,1.166,0.291,1.85,0.056,2.198,-36.372,33.694,82,18,0,2,"",118.468,-167.139,5.595,0,0,1,"=","=","=","=","=","=","=","=","=",2,L,"쟈가리코",190,82,0.501,3,66,W,Y,1,4812.884,208,131,75,54,9,,141,122,26.505,-39.44,0.142,1.466,-19.794,0.73,0,0.46,470.158,-260.898,266.24,4815.649,77.202,-103.004,,,,,,0,0,,4818.452,4823.031,4828.146,4833.504,,,,,,,,,,,,,,,,,,,,,,,,,,,,,,,,,0.095,-37.72,0.012,-17.041,-18.526,-47.291,-7.577,-67.185,23.548,-50.566,11.312,-65.407,47.421,-99.523,5.791,-122.942,-47.262,-93.891,0.067,-36.869,,"mungjungh",-0.129,-17.091,,"Kr_Luna",-18.497,-47.338,,"Yaksok~",-7.89,-69.318,,"Penguin_iDOL",23.418,-50.663,,"CVPileMaki",11.461,-65.165,,"-KYU-",47.424,-99.514,,"k@ster",5.793,-122.939,,"SUGUN",-47.403,-93.698,,,,,,,,,,,,,,,,,,,,,,,,,,,,,,,,,,,,,,,,,,,,,,,,,,,,,,,,"",4,,,,,,,,,,,,,0,"",4823.031,4828.146,,0,""
121,,6,1,3,2,0,0,0,0,0,0,255,255,255,8,4854.043,"si_ho",R,27,82,133,-0.833,-0.306,0.257,1.701,-0.478,1.314,-36.372,14.992,86,14,0,2,"",76.698,-107.807,4.716,0,0,2,"=","=","=","=","=","=","=","=","=",4,L,"わだ、、",190,85,0.5,3,66,W,Y,1,4855.152,255,137,117,144,54,,145,101,53.866,-18.644,-0.16,0.881,-20.127,-0.31,0,0.585,380.747,71.059,-117.229,4858.999,22.344,-83.814,4859.13,5,21.919,2.764,-82.401,0,0,,4861.067,,,,,,,,,,,,,4861.606,2,,454,0,,,,,,,,,,,,,,,,,,,0.168,-37.643,0.034,-17.073,-19.083,-47.04,-10.908,-65.976,23.25,-50.912,4.62,-67.227,48.106,-101.629,5.037,-122.788,-47.612,-93.014,0.298,-36.971,,"mungjungh",-0.127,-17.132,,"Kr_Luna",-18.537,-47.347,,"Yaksok~",-11.488,-67.949,,"Penguin_iDOL",23.212,-50.934,,"CVPileMaki",4.527,-67.218,103,"-KYU-",47.946,-101.815,,"k@ster",5.051,-122.806,,"SUGUN",-47.477,-93.034,,4865.941,0.69,-38.432,,,,,,,,,,,,,4861.618,21.697,-82.333,,,,,,,,,,,,,,,,,,,,,,,,,4863.886,19.332,-76.693,,,,,,,,,,"",1,,,,,,,,,,,,,0,"CVPileMaki",,,,64,""
122,,6,1,3,2,0,0,1,0,0,0,255,255,255,10,4881.269,"si_ho",R,6,72,101,-3.306,-0.513,-0.058,1.634,-2.215,1.321,-36.372,8.05,45,55,0,1,"",390.927,0,21.508,0,0,3,"=","=","=","=","=","=","=","=","=",7,R,"ByeolBam",175.3,88,0.5,,66,W,Y,0,,,,,,,,,,,,,,,,,,,,,,,,,,,,,0,0,,,,,,,,,,,,,,,,,,,,,,,,,,,,,,,,,,,,,,0.08,-37.592,-0.048,-17.148,-19.315,-48.335,-13.125,-65.124,23.522,-50.596,3.325,-67.742,40.581,-97.23,-1.369,-116.069,-46.005,-92.536,,,,"",,,,"",,,,"",,,,"",,,,"",,,,"",,,,"",,,,"",,,,4885.243,-0.096,-37.33,,,,,,,,,,,,,,,,,,,,,,,,,,,,,,,,,,,,,,,,,,,,,,,,,,,,"",0,,,,,,,,,,,,,0,"",,,,0,""
123,,6,1,3,2,1,0,1,0,0,0,255,255,255,10,4904.961,"si_ho",R,13,71,99,0.592,0.11,0.572,1.838,0.968,2.211,-36.372,30.26,92,8,0,0,"",-342.435,324.396,-25.719,0,0,3,"=","=","=","=","=","=","=","=","=",7,R,"ByeolBam",175.3,88,0.5,,66,W,Y,0,,,,,,,,,,,,,,,,,,,,,,,,,,,,,0,0,,,,,,,,,,,,,,,,,,,,,,,,,,,,,,,,,,,,,,0.24,-37.664,-0.06,-17.123,-20.263,-46.742,-12.757,-65.352,23.322,-50.651,3.906,-67.137,40.802,-97.335,0.277,-116.35,-46.127,-92.424,,,,"",,,,"",,,,"",,,,"",,,,"",,,,"",,,,"",,,,"",,,,4908.939,0.066,-37.252,,,,,,,,,,,,,,,,,,,,,,,,,,,,,,,,,,,,,,,,,,,,,,,,,,,,"",0,,,,,,,,,,,,,0,"",,,,0,""
124,,6,1,3,2,1,1,1,0,0,0,255,255,255,11,4920.719,"si_ho",R,26,83,135,0.119,0.942,0.253,1.651,0.181,2.009,-36.372,7.68,54,46,0,0,"",-101.262,-150.194,23.647,0,0,3,"=","=","=","=","=","=","=","=","=",7,R,"ByeolBam",175.3,88,0.5,,66,W,Y,1,,,,,,,,,,,,,,,,,,,,,,,,,,,,,0,0,,,,,,,,,,,,,,,,,,,,,,,,,,,,,,,,,,,,,,0.198,-37.706,-0.035,-17.023,-19.57,-47.367,-12.754,-65.299,23.559,-50.498,12.262,-65.274,40.85,-97.353,-0.177,-116.065,-46.097,-92.422,,,,"",,,,"",,,,"",,,,"",,,,"",,,,"",,,,"",,,,"",,,,4925.565,-0.055,-37.177,,,,,,,,,,,,,,,,,,,,,,,,,,,,,,,,,,,,,,,,,,,,,,,,,,,,"",0,,,,,,,,,,,,,0,"",,,,0,""
125,,6,1,3,2,1,2,1,0,0,0,255,255,255,12,4937.363,"si_ho",R,10,86,112,1.352,-1.71,0.445,1.668,0.576,1.149,-36.372,27.979,45,55,0,2,"BA-",0,400,-2.755,0,0,3,"=","=","=","=","=","=","=","=","=",7,R,"ByeolBam",175.3,88,0.5,5,66,W,Y,1,4938.449,155,167,50,75,61,,134,88,25.228,23.345,0.262,0.535,-21.421,1,0,0.329,-144.864,253.32,295.198,4939.868,-29.951,-81.082,4940.23,8,-29.434,0.829,-80.147,0,0,,4943.893,,,,,,,,,,,,,4942.694,3,,457,0,,,,,,,,,,,,,,,,,,,0.15,-37.661,0.026,-16.99,-19.114,-46.673,-10.355,-66.074,23.499,-50.743,15.101,-63.769,41.168,-97.659,-0.247,-116.11,-45.828,-92.726,0.218,-37.103,,"mungjungh",0,-17.088,,"Kr_Luna",-18.52,-44.681,,"Yaksok~",-9.144,-66.443,,"Penguin_iDOL",23.323,-50.579,,"CVPileMaki",14.749,-63.562,,"-KYU-",41.145,-97.65,,"k@ster",-0.322,-113.478,,"SUGUN",-45.118,-92.439,81,4948.177,0.042,-38.54,,,,,,,,,,,,,,,,,,,,,,4942.705,-30.04,-81.179,,,,,,,,,,,,,,,,,,,,,,,,,4946.014,-19.919,-68.63,"",1,24.047,24.047,-13.591,0,0,1,27.342,27.342,1.867,27.342,0,60.545,0,"SUGUN",,,,1,""
126,,6,1,3,2,0,0,2,0,0,0,255,255,255,13,5008.774,"si_ho",R,13,78,104,-0.988,-0.647,0.215,1.612,0.047,1.557,-36.372,7.577,48,52,0,2,"",-369.138,312.348,-39.008,0,0,4,"=","=","=","=","ddil_ddil69","=","=","=","=",6,R,"ddil_ddil69",175.8,89.899,0.501,5,65,W,Y,1,5010.033,195,57,129,34,12,,145,109,11.963,22.973,-0.209,0.681,-20.07,0.87,0,0.546,16.839,115.26,21.359,5010.447,-28.466,-83.355,5011.489,8,-32.953,0.323,-92.627,1,0,,5015.526,,,,,,,,,,,,,,,,,,,,,,,,,,,,,,,,,,,,0.194,-37.684,-0.041,-17.187,-20.34,-47.69,-12.311,-65.327,21.756,-51.975,4.438,-67.253,46.872,-98.146,-3.245,-116.523,-47.618,-93.157,0.116,-37.084,,"mungjungh",-0.215,-17.272,,"Kr_Luna",-20.193,-47.894,,"Yaksok~",-13.867,-66.599,,"Penguin_iDOL",21.751,-51.996,,"CVPileMaki",3.717,-67.54,,"-KYU-",46.494,-98.273,,"k@ster",-5.455,-116.257,,"SUGUN",-47.575,-93.105,77,5069.164,0.668,-37.794,,,,,,,,,,,,,,,,,,,,,,5013.941,-33.441,-93.225,,,,,,,,,,,,,,,,,,,,,,,,,5017.516,-24.754,-76.684,"",2,32.764,32.764,22.051,0,0,1,11.963,11.963,15.785,11.963,0,25.868,1,"SUGUN",,,,1,""
127,,6,1,3,2,0,0,2,1,0,0,6,255,255,14,5095.135,"si_ho",R,13,69,97,0.507,0.265,0.549,1.899,0.932,2.259,-36.372,33.329,86,14,0,2,"",-344.292,312.348,-23.467,0,0,5,"=","=","=","=","=","=","=","=","=",9,R,"Riyaj",190,80,0.2,5,65,W,Y,1,5096.164,67,110,76,81,65,,115,81,25.739,-15.499,0.092,1.119,-20.41,0.99,0,0.466,361.907,286.327,-353.846,5098.366,15.422,-85.868,5100.287,6,14.283,0.06,-96.855,1,0,,5102.272,,,,5103.381,,,,,,5097.31,,,,,,,,,,,,,,,,,,,,5105.78,3,,,,,0.209,-37.57,0.004,-17.24,-19.716,-41.641,-12.943,-65.216,24.066,-51.97,5.879,-67.218,42.347,-97.556,-3.988,-119.648,-45.766,-93.052,0.262,-36.936,,"mungjungh",-0.012,-17.255,,"Kr_Luna",-18.714,-45.545,,"Yaksok~",-13.778,-67.122,87,"Penguin_iDOL",23.985,-52.018,,"CVPileMaki",5.251,-67.214,,"-KYU-",42.351,-97.551,120,"k@ster",-3.988,-119.625,,"SUGUN",-45.667,-93.125,,5107.999,0.284,-38.89,,,,,,,5105.191,0.076,-59.742,,,,,,,5102.839,15.148,-97.103,,,,,,,,,,,,,,,,5106.96,-0.427,-56.118,,,,,,,5103.777,11.844,-92.433,,,,,,,"",2,-11.96,-11.96,-15.651,0,2,0.33,87.168,32.84,-5.16,89.025,0.06,96.07,0,"-KYU-",5103.381,,,288,""
128,,6,1,3,2,0,0,2,1,1,0,9,6,255,15,5140.774,"si_ho",R,6,73,101,1.98,0.245,0.161,1.753,-0.015,1.78,-36.372,13.936,85,15,0,4,"",441.892,0,19.036,0,0,6,"=","=","=","=","=","=","=","=","=",1,L,"encounter v",190,85.067,0.46,,39,W,Y,1,,,,,,,,,,,,,,,,,,,,,,,,,,,,,0,0,,,,,,,,,,,,5141.822,,,,,,,,,,,,,,,,,,,,,,,,,,0.138,-37.628,-0.046,-17.092,-20.118,-43.338,-4.415,-67.351,22.612,-48.736,18.136,-61.411,43.229,-96.766,2.18,-119.761,-46.23,-93.102,,,,"",,,,"",,,,"",,,,"",,,,"",,,,"",,,,"",,,,"",,,,5145.447,0.047,-37.181,,,,,,,,,,,,,,,,,,,,,,,,,,,,,,,,,,,,,,,,,,,,,,,,,,,,"",0,,,,,,,,,,,,,0,"",5144.051,,,0,""
129,,6,1,3,2,0,1,2,1,1,0,9,6,255,16,5156.158,"si_ho",R,27,84,136,1.214,0.874,0.382,1.819,0.377,2.048,-36.372,34.526,88,12,0,0,"",102.894,-121.95,-1.347,0,0,6,"=","=","=","=","=","=","=","=","=",1,L,"encounter v",190,85.067,0.46,,39,W,Y,1,,,,,,,,,,,,,,,,,,,,,,,,,,,,,0,0,,,,,,,,,,,,5156.515,5156.495,,,,,,,,,,,,,,,,,,,5172.342,3,,,,,0.169,-37.699,-0.032,-17.011,-20.273,-44.083,-5.112,-67.754,22.717,-48.537,15.466,-63.251,44.299,-97.093,1.708,-119.56,-46.532,-92.835,,,120,"",,,,"",,,,"",,,,"",,,,"",,,,"",,,,"",,,,"",,,,5160.835,0.134,-37.186,,,,,,,,,,,,,,,,,,,,,,,,,5171.1,-0.722,-42.872,,,,,,,,,,,,,,,,,,,,,,,,,"",0,,,,,,,,,,,,,0,"",5158.811,,,0,""
130,,6,1,3,2,0,2,2,1,1,0,9,6,255,17,5190.963,"si_ho",R,10,84,111,4.067,-1.607,0.577,1.598,1.144,1.349,-36.372,27.335,47,53,0,2,"",0,400,8.762,0,0,6,"=","=","=","=","=","=","=","=","=",1,L,"encounter v",190,85.067,0.46,3,39,W,Y,1,5191.979,229,176,92,126,66,,145,87,-14.117,-49.235,0.496,0.622,-20.915,1,0,0.542,-148.86,-575.02,-65.186,5189.607,2.889,-22.954,,,,,,0,0,,,,,,,,,,,,5207.049,5210.197,,,,,,,,,,,,,,,,,,,,,,,,,0.296,-37.715,0.067,-16.896,-19.549,-43.15,-3.362,-67.711,20.86,-47.242,15.988,-62.803,44.244,-96.958,1.294,-120.169,-46.433,-92.828,0.212,-37.009,,"mungjungh",0.253,-16.939,,"Kr_Luna",-17.852,-46.981,,"Yaksok~",-3.419,-69.565,,"Penguin_iDOL",20.703,-47.191,,"CVPileMaki",16.306,-62.5,,"-KYU-",44.243,-96.944,,"k@ster",1.29,-120.175,,"SUGUN",-46.262,-92.998,,,,,,,,,,,,,,,,,,,,,,,,,,,,,,,,,,,,,,,,,,,,,,,,,,,,,,,,"",3,,,,,,,,,,,,,0,"",5197.93,,,0,""
131,,6,1,3,2,0,2,2,1,1,0,9,6,255,18,5214.02,"si_ho",R,27,85,137,-1.285,1.21,0.119,1.821,-0.532,2.243,-36.372,14.842,86,14,0,2,"",-23.614,-145.268,14.257,0,0,6,"=","=","=","=","=","=","=","=","=",1,L,"encounter v",190,85.067,0.46,3,39,W,Y,1,5215.008,132,73,95,48,21,,138,116,13.785,-36.885,-0.263,1.435,-19.371,0.77,0,0.369,242.464,-16.396,507.984,,,,5216.551,6,52.554,2.148,-89.911,0,0,,5220.638,,,,5219.334,,,5220.008,,,,,,5219.014,6,,455,0,,,,,,,,,,,,,,,,,,,0.155,-37.67,-0.105,-16.814,-19.63,-43.012,-4.939,-67.835,22.906,-49.402,16.027,-63.008,45.867,-96.696,1.026,-120.311,-47.003,-92.55,0.1,-36.976,,"mungjungh",-0.177,-16.834,,"Kr_Luna",-18.223,-46.855,,"Yaksok~",-5.357,-70.824,,"Penguin_iDOL",22.597,-49.424,,"CVPileMaki",15.922,-63.055,,"-KYU-",45.868,-96.684,120,"k@ster",1.024,-120.317,,"SUGUN",-47,-92.434,,,,,,,,,,,,,,,,,,,,5219.025,52.954,-90.653,,,,,,,,,,,,,,,,,,,,,,,,,5219.943,49.862,-86.94,,,,,,,"",1,,,,,,,,,,,,,0,"-KYU-",5219.334,5220.008,,32,""
132,SIDE,6,1,3,2,0,0,2,1,1,0,9,6,255,,5221.147,,,,,,,,,,,,,,,,,,,,,,,,7,"=","=","=","=","=","=","=","=","=",,,,,,,,,,,,,,,,,,,,,,,,,,,,,,,,,,,,,,,0,0,,,,,,,,,,,,,,,,,,,,,,,,,,,,,,,,,,,,,,,,,,,,,,,,,,,,,,,,,,,,,,,,,,,,,,,,,,,,,,,,,,,,,,,,,,,,,,,,,,,,,,,,,,,,,,,,,,,,,,,,,,,,,,,,,,,,,,,,,,,,,,,,,"",0,,,,,,,,,,,,,0,"",,,,0,""
133,,6,0,3,2,0,0,0,0,0,0,255,255,255,51,5268.96,"DoYaGee",R,6,46,93,4.217,-0.27,0.387,1.05,0.87,1.492,-36.487,37.05,0,100,0,1,"",422.727,0,-1.428,0,0,1,"SUGUN","Kr_Luna","Penguin_iDOL","가앤슬_","mungjungh","-KYU-","CVPileMaki","k@ster","Yaksok~",2,L,"Kr_Luna",190,95.218,0.504,,65,W,Y,0,,,,,,,,,,,,,,,,,,,,,,,,,,,,,0,0,,,,,,,,,,,,,,,,,,,,,,,,,,,,,,,,,,,,,,0.107,-37.32,0.027,-17.883,-22.478,-48.402,-16.61,-62.619,20.554,-47.039,12.845,-65.38,45.601,-98.435,0.553,-111.311,-44.965,-94.125,,,,"",,,,"",,,,"",,,,"",,,,"",,,,"",,,,"",,,,"",,,,,,,,,,,,,,,,,,,,,,,,,,,,,,,,,,,,,,,,,,,,,,,,,,,,,,,,,,"",0,,,,,,,,,,,,,0,"",,,,0,""
134,,6,0,3,2,1,0,0,0,0,0,255,255,255,52,5286.569,"DoYaGee",R,3,80,120,-0.587,-0.514,0.284,0.994,0.389,1.309,-36.487,27.09,8,10,82,2,"",-400.936,0,7.965,0,0,1,"=","=","=","=","=","=","=","=","=",2,L,"Kr_Luna",190,95.218,0.504,3,65,W,Y,1,5287.411,164,139,161,87,27,,145,111,94.678,83.945,-0.107,0.826,-20.451,0.07,0,0.121,119.409,-509.039,-131.388,,,,,,,,,0,0,,,,,,,,,,,,,,,,,,,,,,,,,,,,,,,,,,,,,,0.175,-37.614,-0.051,-17.796,-21.712,-46.81,-16.768,-62.572,20.707,-47.071,12.599,-65.35,44.646,-99.562,1.24,-111.315,-44.955,-94.158,0.42,-37.024,,"encounter v",-0.12,-17.864,,"쟈가리코",-21.424,-46.813,,"muyang_",-16.7,-62.463,,"わだ、、",20.728,-46.617,,"shimenawa",13.489,-66.419,,"ddil_ddil69",44.321,-99.475,,"ByeolBam",1.551,-111.133,,"yumi2012",-44.952,-94.023,,,,,,,,,,,,,,,,,,,,,,,,,,,,,,,,,,,,,,,,,,,,,,,,,,,,,,,,"",3,,,,,,,,,,,,,0,"",,,,0,""
135,,6,0,3,2,1,1,0,0,0,0,255,255,255,53,5307.817,"DoYaGee",R,3,69,99,-2.192,0.024,0.159,1.107,-0.127,1.67,-36.487,29.888,5,16,79,2,"",-397.121,0,10.188,0,0,1,"=","=","=","=","=","=","=","=","=",2,L,"Kr_Luna",190,95.218,0.504,3,65,W,Y,0,5308.766,99,70,79,57,37,,133,94,-10.417,-38.639,-0.393,0.988,-19.9,-0.26,0,0.097,-119.997,-141.648,-570.558,5306.443,3.06,-24.208,5307.897,4,19.975,0.057,-42.839,0,0,,,,,,,,,,,,,,,5313.093,1,,147,4,,,,,,,,,,,,,,,,,,,0.047,-37.479,-0.107,-17.788,-21.039,-46.835,-16.543,-62.894,21.85,-48.218,12.275,-65.289,48.752,-99.988,0.92,-113.405,-44.866,-93.356,-0.183,-37.033,,"encounter v",-0.168,-17.907,,"쟈가리코",-20.92,-46.882,79,"muyang_",-16.585,-62.842,,"わだ、、",21.744,-47.762,120,"shimenawa",13.478,-65.42,,"ddil_ddil69",49.118,-100.681,,"ByeolBam",3.116,-114.216,,"yumi2012",-44.86,-93.354,,5315.733,-0.601,-38.568,,,,5312.48,-18.099,-39.291,,,,5310.516,20.598,-43.806,,,,,,,,,,,,,,,,,,,5314.667,-17.621,-39.615,,,,5311.013,17.208,-43.226,,,,,,,,,,,,,"",2,,,,,,,,,,,,,0,"わだ、、",,,,6,""
136,,6,0,3,2,0,0,1,0,0,0,255,255,255,54,5334.401,"DoYaGee",R,32,83,135,1.86,-0.487,0.306,0.994,0.492,1.31,-36.487,31.313,8,14,78,2,"",226.506,-18.848,27.365,0,0,2,"=","=","=","=","=","=","=","=","=",4,R,"Penguin_iDOL",190,80,0.3,5,64,W,Y,1,5335.519,221,66,110,77,37,,145,91,12.326,10.877,0.359,0.812,-19.79,-0.88,0,0.369,-244.587,-120.034,408.914,5335.068,-7.721,-64.82,5335.622,3,-8.033,0.191,-66.016,0,0,,5341.479,,,,,,,,,,,,,5341.559,2,,147,256,,,,,,,,,,,,,,,,,,,0.057,-37.484,-0.024,-17.778,-24.816,-50.914,-16.71,-62.583,20.354,-47.478,12.641,-65.326,43.836,-97.94,-2.534,-109.946,-45.05,-90.334,-0.164,-36.819,,"encounter v",-0.01,-17.801,,"쟈가리코",-24.244,-50.519,70,"muyang_",-16.667,-62.646,91,"わだ、、",19.996,-46.529,,"shimenawa",12.92,-65.158,,"ddil_ddil69",43.373,-97.681,,"ByeolBam",-2.532,-109.952,,"yumi2012",-45.054,-90.331,,5345.586,-2.077,-38.347,,,,5340.992,-19.597,-40.434,5338.1,-8.545,-66.028,,,,,,,,,,,,,,,,,,,,,,5344.472,-17.896,-39.478,5339.568,-12.362,-64.625,,,,,,,,,,,,,,,,"",2,9.661,9.661,2.862,0,2,0.365,19.724,12.326,-2.067,18.727,0.012,-171.314,0,"muyang_",,,,258,""
137,,6,0,3,2,0,0,2,0,0,0,255,255,255,55,5365.013,"DoYaGee",R,32,89,140,-0.898,-0.755,0.046,0.93,-0.715,1.102,-36.487,22.832,5,7,88,0,"",250,-69.303,29.467,0,0,3,"=","=","=","=","=","=","=","=","=",9,R,"가앤슬_",190,90.016,0.2,,64,W,Y,0,,,,,,,,,,,,,,,,,,,,,,,,,,,,,0,0,,,,,,,,,,,,,,,,,,,,,,,,,,,,,,,,,,,,,,0.074,-37.553,-0.045,-17.822,-23.361,-48.955,-16.717,-62.637,19.879,-45.945,12.823,-65.165,43.557,-98.412,-1.492,-110.097,-45.535,-93.489,,,,"",,,,"",,,,"",,,,"",,,,"",,,,"",,,,"",,,,"",,,,5368.788,-0.086,-36.852,,,,,,,,,,,,,,,,,,,,,,,,,,,,,,,,,,,,,,,,,,,,,,,,,,,,"",0,,,,,,,,,,,,,0,"",,,,0,""
138,,6,0,3,2,0,1,2,0,0,0,255,255,255,56,5382.803,"DoYaGee",R,32,66,119,1.217,-0.32,0.249,1.032,0.229,1.434,-36.487,34.064,6,14,80,2,"",179.311,2.979,21.803,0,0,3,"=","=","=","=","=","=","=","=","=",9,R,"가앤슬_",190,90.016,0.2,3,64,W,Y,1,5384.022,76,40,112,61,40,,120,84,5.311,28.304,0.094,0.885,-19.89,-0.29,0,0.401,155.893,329.567,-271.277,5382.866,-14.17,-44.862,5383.438,2,-15.889,0.144,-48,0,0,,5389.901,,,,,,,,,,,,,5388.643,3,,147,0,,,,,,,,,,,5388.078,2,,,,,,,0.088,-37.404,-0.027,-17.767,-23.296,-48.935,-16.633,-62.317,20.659,-46.599,14.088,-64.631,43.566,-98.532,0.051,-111.349,-45.451,-94.049,0.241,-37.414,,"encounter v",-0.013,-17.809,,"쟈가리코",-22.681,-48.921,66,"muyang_",-16.586,-62.205,,"わだ、、",20.162,-46.766,,"shimenawa",12.687,-66.785,,"ddil_ddil69",43.474,-98.467,,"ByeolBam",0.053,-111.352,,"yumi2012",-45.447,-94.051,,,,,,,,5386.019,-16.468,-48.246,,,,,,,,,,,,,,,,,,,,,,,,,5390.371,-18.223,-39.65,,,,,,,,,,,,,,,,,,,"",2,,,,,,,,,,,,,0,"쟈가리코",,,,2,""
139,SIDE,6,0,3,2,0,0,2,0,0,0,255,255,255,,5390.693,,,,,,,,,,,,,,,,,,,,,,,,4,"=","=","=","=","=","=","=","=","=",,,,,,,,,,,,,,,,,,,,,,,,,,,,,,,,,,,,,,,0,0,,,,,,,,,,,,,,,,,,,,,,,,,,,,,,,,,,,,,,,,,,,,,,,,,,,,,,,,,,,,,,,,,,,,,,,,,,,,,,,,,,,,,,,,,,,,,,,,,,,,,,,,,,,,,,,,,,,,,,,,,,,,,,,,,,,,,,,,,,,,,,,,,"",0,,,,,,,,,,,,,0,"",,,,0,""
140,,7,1,3,2,0,0,0,0,0,0,255,255,255,19,5436.876,"si_ho",R,27,85,138,1.034,-0.685,0.319,1.507,0.405,1.091,-36.372,16.379,41,59,0,0,"",27.023,-125.664,6.872,0,0,7,"shimenawa","쟈가리코","わだ、、","ByeolBam","ddil_ddil69","Riyaj","encounter v","yumi2012","muyang_",8,R,"yumi2012",173.9,85,0.5,,64,W,Y,1,,,,,,,,,,,,,,,,,,,,,,,,,,,,,0,0,,,,,,,,,,,,,,,,,,,,,,,,,,,,,,,,,,,,,,0.151,-37.659,0.041,-17.129,-20.152,-47.757,-11.52,-65.664,22.565,-50.145,11.971,-65.317,45.043,-99.976,-0.303,-113.029,-47.6,-94.255,,,,"",,,,"",,,,"",,,,"",,,,"",,,,"",,,,"",,,,"",,,,,,,,,,,,,,,,,,,,,,,,,,,,,,,,,,,,,,,,,,,,,,,,,,,,,,,,,,"",0,,,,,,,,,,,,,0,"",,,,0,""
141,,7,1,3,2,0,1,0,0,0,0,255,255,255,20,5452.767,"si_ho",R,27,91,140,1.888,0.289,0.411,1.653,0.705,1.672,-36.372,23.948,48,52,0,2,"",80.019,-102.959,1.956,0,0,7,"=","=","=","=","=","=","=","=","=",8,R,"yumi2012",173.9,85,0.5,3,64,W,Y,1,5453.871,167,22,58,37,20,,135,90,-83.348,-54.109,0.354,0.957,-19.601,-0.21,0,0.391,-276.367,57.591,-352.973,5451.318,0.497,-19.705,5457.52,4,14.508,0.059,-29.914,0,0,,,,,,,,,,,,,,,,,,,,,,,,,,,,,,,,,,,,,,0.241,-37.787,0.013,-17.091,-20.198,-47.86,-11.614,-65.656,22.528,-50.335,15.481,-63.108,45.39,-99.739,-0.43,-111.719,-45.488,-92.814,0.24,-37.026,,"mungjungh",0.053,-17.139,,"Kr_Luna",-20.003,-47.85,,"Yaksok~",-12.144,-67.473,,"Penguin_iDOL",22.398,-50.236,,"CVPileMaki",14.988,-63.255,,"-KYU-",45.204,-99.805,,"k@ster",-0.434,-111.664,,"SUGUN",-45.482,-92.748,,,,,,,,,,,,,,5460.154,14.499,-30.082,,,,,,,,,,,,,,,,,,,,,,,,,,,,,,,,,,,,,,,,"",3,,,,,,,,,,,,,0,"Penguin_iDOL",,,,4,""
142,,7,1,3,2,0,2,0,0,0,0,255,255,255,21,5475.903,"si_ho",R,3,87,113,-3.452,-0.551,0.199,1.664,-0.828,1.333,-36.372,13.03,45,55,0,4,"",-393.915,33.836,-2.376,0,0,7,"=","=","=","=","=","=","=","=","=",8,R,"yumi2012",173.9,85,0.5,,64,W,Y,1,,,,,,,,,,,,,,,,,,,,,,,,,,,,,0,0,,,,,,,,,,,,,,,5478.746,7,,578,0,,,,,,,,,,,,,,,,,,,0.144,-37.695,-0.065,-17.13,-20.813,-45.979,-10.468,-66.071,21.009,-48.545,10.225,-65.032,39.87,-97.773,-0.378,-114.196,-47.262,-92.815,,,,"",,,,"",,,,"",,,,"",,,,"",,,,"",,,,"",,,,"",,,,,,,,,,,,,,,,,,,,,,,,,,,,,,,,,,,,,,,,,,,,,,,,,,,,,,,,,,"",0,,,,,,,,,,,,,0,"",,,,0,""
143,,7,1,3,2,0,0,1,0,0,0,255,255,255,22,5500.427,"si_ho",R,14,62,92,1.214,-1.103,0.147,1.683,-0.197,1.541,-36.372,9.544,52,48,0,1,"",326.545,312.348,9.91,0.362,-17.674,8,"=","=","=","=","=","=","=","=","=",3,R,"muyang_",171.3,80,0.498,,64,W,Y,0,,,,,,,,,,,,,,,,,,,,,,,,,,,,,0,0,,,,,,,,,,,,,,,,,,,,,,,,,,,,,,,,,,,,,,0.185,-37.883,0.08,-16.94,-18.647,-47.048,-7.6,-66.231,20.825,-48.702,16.279,-63.856,41.784,-97,-0.484,-114.182,-45.412,-90.869,,,,"",,,,"",,,,"",,,,"",,,,"",,,,"",,,,"",,,,"",,,,,,,,,,,,,,,,,,,,,,,,,,,,,,,,,,,,,,,,,,,,,,,,,,,,,,,,,,"",0,,,,,,,,,,,,,0,"",,,,0,""
144,,7,1,3,2,1,0,1,0,0,0,255,255,255,23,5515.294,"si_ho",R,13,83,107,-2.438,-1.36,0.276,1.658,-0.434,1.36,-36.372,12.354,49,51,0,4,"",-340.86,356.662,-9.664,-1.566,-17.894,8,"=","=","=","=","=","=","=","=","=",3,R,"muyang_",171.3,80,0.498,,64,W,Y,1,,,,,,,,,,,,,,,,,,,,,,,,,,,,,0,0,,,,,,,,,,,,,,,,,,,,,,,,,,,,,,,,,,,,,,0.101,-37.413,0.033,-16.938,-19.516,-47.298,-12.974,-65.208,20.815,-49.105,3.766,-67.09,41.696,-97.073,-0.348,-114.174,-45.249,-90.983,,,,"",,,,"",,,,"",,,,"",,,,"",,,,"",,,,"",,,,"",,,,,,,,,,,,,,,,,,,,,,,,,,,,,,,,,,,,,,,,,,,,,,,,,,,,,,,,,,"",0,,,,,,,,,,,,,0,"",,,,0,""
145,,7,1,3,2,1,1,1,0,0,0,255,255,255,25,5545.925,"si_ho",R,13,73,100,1.744,1.121,0.688,2.028,1.461,2.744,-36.372,50.695,83,17,0,1,"",-354.94,312.348,-12.68,0,0,8,"=","=","=","=","=","=","=","=","=",3,R,"muyang_",171.3,80,0.498,,64,W,Y,0,,,,,,,,,,,,,,,,,,,,,,,,,,,,,0,0,,,,,,,,,,,,,,,,,,,,,,,,,,,,,,,,,,,,,,0.178,-37.531,0.046,-17.148,-19.839,-45.949,-12.038,-65.348,21.133,-49.169,11.887,-65.266,44.833,-98.452,-0.341,-114.181,-45.496,-90.88,,,,"",,,,"",,,,"",,,,"",,,,"",,,,"",,,,"",,,,"",,,,,,,,,,,,,,,,,,,,,,,,,,,,,,,,,,,,,,,,,,,,,,,,,,,,,,,,,,"",0,,,,,,,,,,,,,0,"",,,,0,""
146,,7,1,3,2,2,1,1,0,0,0,255,255,255,25,5562.874,"si_ho",R,13,66,95,-1.988,-1.394,0.239,1.658,-0.104,1.394,-36.372,11.408,44,56,0,4,"",-337.193,312.348,-44.872,0,0,8,"=","=","=","=","=","=","=","=","=",3,R,"muyang_",171.3,80,0.498,,64,W,Y,1,,,,,,,,,,,,,,,,,,,,,,,,,,,,,0,0,,,,,,,,,,,,,,,,,,,,,,,,,,,,,,,,,,,,,,0.144,-37.662,0.044,-17.104,-19.249,-47.351,-13.994,-64.751,21.354,-49.411,4.134,-67.618,42.011,-95.839,-4.141,-114.131,-45.237,-90.899,,,,"",,,,"",,,,"",,,,"",,,,"",,,,"",,,,"",,,,"",,,,,,,,,,,,,,,,,,,,,,,,,,,,,,,,,,,,,,,,,,,,,,,,,,,,,,,,,,"",0,,,,,,,,,,,,,0,"",,,,0,""
147,,7,1,3,2,2,2,1,0,0,0,255,255,255,26,5577.736,"si_ho",R,27,83,135,-0.02,-0.483,0.218,1.519,0.082,1.192,-36.372,6.645,43,57,0,0,"",-70.528,-138.338,18.305,0,0,8,"=","=","=","=","=","=","=","=","=",3,R,"muyang_",171.3,80,0.498,,64,W,Y,1,,,,,,,,,,,,,,,,,,,,,,,,,,,,,0,0,,,,,,,,,,,,,,,5580.376,8,,578,0,,,,,,,,,,,,,,,,,,,0.211,-37.788,0.017,-17.106,-18.683,-45.368,-13.224,-65.143,21.661,-50.899,11.774,-65.341,42.085,-95.873,0.247,-115.082,-45.598,-91.233,,,,"",,,,"",,,,"",,,,"",,,,"",,,,"",,,,"",,,,"",,,,,,,,,,,,,,,,,,,,,,,,,,,,,,,,,,,,,,,,,,,,,,,,,,,,,,,,,,"",0,,,,,,,,,,,,,0,"",,,,0,""
148,,7,1,3,2,0,0,2,0,0,0,255,255,255,27,5605.874,"si_ho",R,28,72,124,-2.744,-1.047,-0.004,1.473,-0.95,1.043,-36.372,3.222,42,58,0,3,"",-44.604,-59.924,18.902,0.466,-20.061,0,"=","=","=","=","=","=","=","=","=",5,L,"shimenawa",175.2,94.576,0.295,,64,W,Y,0,,,,,,,,,,,,,,,,,,,,,,,,,,,,,0,0,,5617.954,,,,,,,,,,,,,,,,,,,,,,,,,,,,,,,,,,,,-0.017,-37.541,-0.003,-17.133,-19.527,-46.984,-6.446,-67.006,23.398,-51.611,14.951,-63.7,45.412,-97.157,5.717,-115.172,-45.655,-91.237,,,,"",,,,"",,,,"",,,,"",,,,"",,,,"",,,,"",,,,"",,,,,,,,,,,,,,,,,,,,,,,,,,,,,,,,,,,,,,,,,,,,,,,,,,,,,,,,,,"",6,,,,,,,,,,,,,0,"",,,,0,""
149,,7,1,3,2,0,0,2,1,1,0,5,255,255,0,5818.568,"Penguin_iDOL",R,29,83,135,-1.497,1.305,0.079,1.958,-0.36,2.245,-36.493,42.613,87,13,0,2,"",-210.093,-200,12.788,0,0,2,"=","=","=","=","=","=","=","=","=",4,L,"わだ、、",190,85,0.5,5,63,W,Y,1,5819.672,73,113,136,54,15,,120,91,91.995,-32.829,-0.309,1.477,-19.592,0.01,0,0.332,-57.186,16.985,597.027,5823.699,-10.066,-17.164,5823.851,1,-9.989,3.156,-17.224,0,0,,,,,,,5824.229,,,,,,,,5826.44,2,,450,0,,,,,,,,,,,,,,,,,,,-0.102,-37.718,0.027,-17.103,-20.328,-44.364,-7.559,-66.735,19.81,-47.323,14.099,-63.642,48.843,-100.486,0.802,-121.679,-44.614,-92.13,-0.448,-37.201,,"mungjungh",-0.148,-17.218,130,"Kr_Luna",-19.048,-46.796,,"Yaksok~",-7.988,-68.863,,"si_ho",19.842,-47.279,,"CVPileMaki",14.386,-63.552,,"-KYU-",48.808,-100.44,,"k@ster",0.803,-121.674,,"SUGUN",-44.584,-92.057,,,,,5826.453,-10.095,-17.117,,,,,,,,,,,,,,,,,,,,,,,,,5827.766,-9.264,-18.879,,,,,,,,,,,,,,,,,,,,,,"",1,-30.707,-30.707,5.535,0,0,1,88.005,88.005,1.378,88.005,0,-152.483,0,"mungjungh",5825.334,5824.229,,16,""
150,SIDE,7,1,3,2,0,0,2,1,1,0,5,2,255,,5828.046,,,,,,,,,,,,,,,,,,,,,,,,3,"=","=","=","=","=","=","=","=","=",,,,,,,,,,,,,,,,,,,,,,,,,,,,,,,,,,,,,,,0,0,,,,,,,,,,,,,,,,,,,,,,,,,,,,,,,,,,,,,,,,,,,,,,,,,,,,,,,,,,,,,,,,,,,,,,,,,,,,,,,,,,,,,,,,,,,,,,,,,,,,,,,,,,,,,,,,,,,,,,,,,,,,,,,,,,,,,,,,,,,,,,,,,"",0,,,,,,,,,,,,,0,"",,,,0,""
151,,7,0,3,2,0,0,0,0,0,0,255,255,255,57,5879.685,"DoYaGee",R,32,92,140,-0.017,-0.49,0.13,0.999,-0.326,1.326,-36.487,19.732,9,7,84,2,"",250,-0.468,37.108,0,0,4,"SUGUN","Kr_Luna","si_ho","가앤슬_","mungjungh","-KYU-","CVPileMaki","k@ster","Yaksok~",1,R,"mungjungh",190,90.362,0.403,5,53,W,Y,1,5880.708,195,47,95,36,11,,145,131,25.744,17.372,0.009,0.812,-19.816,0.35,0,0.424,381.314,432.262,-102.205,5883.672,-47.91,-131.833,,,,,,0,0,,5886.713,5891.259,5896.38,5901.406,,,,,,,,,,,,,,,,,,,,,,,,,,,,,,,,,0.122,-37.358,-0.023,-17.773,-23.38,-49.381,-16.593,-62.645,20.286,-47.45,12.026,-65.653,43.531,-98.709,-1.646,-109.753,-45.863,-94.292,-0.078,-36.778,,"encounter v",-0.057,-17.828,,"쟈가리코",-23.277,-49.263,,"muyang_",-16.589,-62.342,,"わだ、、",20.182,-47.011,,"shimenawa",12.602,-65.281,,"ddil_ddil69",43.534,-98.654,,"ByeolBam",-1.832,-110.324,,"yumi2012",-45.871,-94.295,,,,,,,,,,,,,,,,,,,,,,,,,,,,,,,,,,,,,,,,,,,,,,,,,,,,,,,,"",4,16.668,16.668,3.436,0,1,0.585,48.012,31.989,-0.205,88.91,0.039,29.431,0,"",5891.259,5896.38,,0,""
152,,7,0,3,3,0,0,0,0,0,0,255,255,255,58,5923.445,"DoYaGee",R,32,78,128,-0.472,-0.637,0.103,0.985,-0.451,1.264,-36.487,20.931,9,5,86,0,"",161.535,15.566,7.649,0,0,5,"=","=","=","=","=","=","=","=","=",6,R,"-KYU-",180.7,89.92,0.554,,63,W,Y,0,,,,,,,,,,,,,,,,,,,,,,,,,,,,,0,0,,,,,,,,,,,,,,,,,,,,,,,,,,,,,,,,,,,,,,0.084,-37.167,-0.012,-17.718,-23.081,-49.057,-16.697,-62.673,20.782,-47.464,13.07,-65.608,45.024,-100.045,-0.134,-111.321,-45.745,-93.334,,,,"",,,,"",,,,"",,,,"",,,,"",,,,"",,,,"",,,,"",,,,,,,,,,,,,,,,,,,,,,,,,,,,,,,,,,,,,,,,,,,,,,,,,,,,,,,,,,"",0,,,,,,,,,,,,,0,"",,,,0,""
153,,7,0,3,3,0,1,0,0,0,0,255,255,255,59,5963.299,"DoYaGee",R,3,87,126,-1.941,-0.141,0.178,1.067,-0.104,1.541,-36.487,20.808,3,13,84,2,"",-500,0,36.953,0,0,5,"=","=","=","=","=","=","=","=","=",6,R,"-KYU-",180.7,89.92,0.554,5,44,W,Y,1,5964.436,255,87,108,91,46,,145,111,13.384,55.305,-0.427,0.893,-19.739,0.89,0,0.41,167.839,203.861,-36.801,5965.201,-69.194,-63.7,,,,,,0,0,,,,,,,,,,,,,,,,,,,,,,,,,,,,,,,,,,,,,,0.154,-37.566,-0.335,-17.692,-23.412,-49.183,-17.148,-62.596,19.919,-47.057,12.305,-65.25,44.979,-100.497,-0.167,-109.867,-45.869,-93.109,0.059,-36.509,,"encounter v",-0.364,-17.691,,"쟈가리코",-22.726,-49.193,,"muyang_",-16.913,-62.633,,"わだ、、",19.746,-47.05,,"shimenawa",12.691,-65.114,,"ddil_ddil69",44.968,-100.457,,"ByeolBam",-0.632,-109.874,,"yumi2012",-45.731,-93.213,,,,,,,,,,,,,,,,,,,,,,,,,,,,,,,,,,,,,,,,,,,,,,,,,,,,,,,,"",3,61.833,58.721,17.379,0.453,1,0.779,22.923,13.384,47.532,27.888,0.024,84.694,0,"",,,,0,""
154,,7,0,3,3,0,2,0,0,0,0,255,255,255,60,5986.145,"DoYaGee",R,32,69,121,1.087,-0.272,0.231,1.057,0.143,1.507,-36.487,26.595,3,10,87,2,"",201.092,37.642,18.474,0,0,5,"=","=","=","=","=","=","=","=","=",6,R,"-KYU-",180.7,89.92,0.554,5,44,W,Y,1,5987.322,175,120,132,29,0,,145,107,-30,69.776,0.212,0.843,-19.738,0.04,0,0.495,-83.595,30.931,151.335,5984.708,-1.052,-20.203,,,,,,0,0,,,,,,,,,,,,,,,,,,,,,,,,,,,,,,,,,,,,,,0.125,-37.308,-0.028,-17.758,-23.808,-49.621,-16.695,-62.05,21.348,-47.066,14.19,-64.674,44.569,-100.222,0.217,-111.226,-45.623,-94.273,-0.065,-37.523,,"encounter v",-0.025,-17.766,,"쟈가리코",-23.302,-49.39,,"muyang_",-16.589,-61.839,,"わだ、、",19.299,-46.498,,"shimenawa",13.156,-64.985,,"ddil_ddil69",44.636,-100.22,,"ByeolBam",0.233,-111.112,,"yumi2012",-45.626,-94.271,,,,,,,,,,,,,,,,,,,,,,,,,,,,,,,,,,,,,,,,,,,,,,,,,,,,,,,,"",3,85.269,65.248,25.368,0.808,0,1,-35.059,-35.059,-46.634,-35.059,0,123.274,0,"",,,,0,""
155,,7,0,3,3,0,2,0,0,0,0,255,255,255,61,6006.975,"DoYaGee",R,3,72,113,-0.004,-1.758,0.365,0.861,0.775,0.587,-36.487,60.039,10,15,75,2,"",-447.577,0,-7.15,0,0,5,"=","=","=","=","=","=","=","=","=",6,R,"-KYU-",180.7,89.92,0.554,3,44,W,Y,1,6008.136,212,167,107,83,68,,145,83,-30,37.829,0.027,0.397,-20.906,1,0,0.468,169.96,509.241,244.888,6005.459,-0.406,-21.461,6007.589,2,-21.013,0.083,-41.057,0,0,,,,,,,,,,,,,,,6011.76,5,,147,0,,,,,,,,,,,6011.225,2,,,,,,,0.166,-37.533,-0.048,-17.805,-23.24,-48.279,-16.886,-62.866,20.269,-46.24,13.778,-64.685,44.463,-99.329,0.285,-111.258,-45.525,-94.106,0.031,-36.898,,"encounter v",-0.081,-17.877,,"쟈가리코",-22.753,-48.567,66,"muyang_",-16.916,-62.836,,"わだ、、",18.887,-46.049,,"shimenawa",13.395,-64.716,,"ddil_ddil69",44.419,-99.311,,"ByeolBam",-3.144,-111.24,,"yumi2012",-45.546,-94.115,,6014.082,-1.316,-38.32,,,,6010.318,-21.479,-41.76,,,,,,,,,,,,,,,,,,,,,,,,,6012.924,-17.792,-39.795,,,,,,,,,,,,,,,,,,,"",2,,,,,,,,,,,,,0,"쟈가리코",,,,2,""
156,,7,0,3,3,0,0,1,0,0,0,255,255,255,62,6034.995,"DoYaGee",R,32,83,134,1.731,-0.591,0.299,1.004,0.459,1.306,-36.487,29.335,9,9,82,2,"",204.515,13.31,20.901,0,0,6,"=","=","=","=","=","=","=","=","=",5,R,"CVPileMaki",170,94,0.397,3,62,W,Y,1,6036.085,227,66,121,97,54,,145,116,0.215,21.215,0.029,0.43,-19.713,0.8,0,0.28,319.502,-49.708,-17.713,6033.953,-5.726,-34.603,6035.31,3,-14.814,0.059,-57.118,0,0,,,,,,,,,,,,,,,6041.047,6,,147,256,,,,,,,,,,,,,,,,,,,0.086,-37.409,-0.006,-17.797,-22.355,-47.128,-16.998,-62.444,19.214,-46.778,13.489,-64.911,43.216,-97.767,-0.203,-111.886,-45.288,-93.397,0.179,-36.788,,"encounter v",0.006,-17.807,,"쟈가리코",-21.942,-47.821,77,"muyang_",-15.326,-63.091,85,"わだ、、",18.97,-45.769,,"shimenawa",13.136,-65.001,,"ddil_ddil69",43.224,-97.857,,"ByeolBam",-0.089,-111.399,,"yumi2012",-45.3,-93.388,,6043.901,-0.534,-37.705,,,,6040.486,-18.661,-40.064,6037.907,-15.411,-58.763,,,,,,,,,,,,,,,,,,,,,,6042.832,-17.776,-39.631,6039.468,-15.641,-54.788,,,,,,,,,,,,,,,,"",2,,,,,,,,,,,,,0,"muyang_",,,,258,""
157,,7,0,3,3,0,0,2,0,0,0,255,255,255,63,6059.746,"DoYaGee",R,33,61,115,3.017,-1.288,0.348,0.936,1.096,0.95,-36.487,63.802,7,20,73,2,"",121.001,27.091,0.954,0,0,7,"=","=","=","=","=","=","=","=","=",7,R,"k@ster",168.4,80,0.248,5,62,W,Y,1,6060.72,237,198,54,80,38,,137,127,-30,-62.188,0.543,0.562,-21.103,0.64,0,0.47,-156.474,-196.718,-519.311,6058.053,1.447,-21.579,,,,,,0,0,,,,,,,,,,,,,,,,,,,,,,,,,,,,,,,,,,,,,,0.154,-37.337,-0.04,-17.781,-21.961,-47.341,-15.915,-60.487,18.454,-45.083,12.994,-64.681,45.65,-99.863,-0.647,-111.92,-45.953,-93.459,-0.207,-36.778,,"encounter v",-0.005,-17.803,,"쟈가리코",-21.543,-47.813,,"muyang_",-15.914,-60.463,,"わだ、、",17.386,-44.749,,"shimenawa",12.787,-64.5,,"ddil_ddil69",45.527,-99.799,,"ByeolBam",-0.646,-111.923,,"yumi2012",-45.957,-93.474,,,,,,,,,,,,,,,,,,,,,,,,,,,,,,,,,,,,,,,,,,,,,,,,,,,,,,,,"",3,-66.003,-60.96,-25.949,0.517,2,0.251,-84.254,-80.787,-12.79,-81.949,0.055,-135.007,0,"",,,,0,""
158,,7,0,3,3,0,1,2,0,0,0,255,255,255,64,6079.784,"DoYaGee",R,32,76,127,-0.545,-0.389,0.178,1.03,-0.102,1.399,-36.487,19.407,4,12,85,2,"",219.903,-9.91,18.927,0,0,7,"=","=","=","=","=","=","=","=","=",7,R,"k@ster",168.4,80,0.248,0,80,W,Y,1,6080.729,255,139,79,51,20,,142,83,3.986,-40.337,0.104,0.777,-20.105,-1,0,0.236,101.196,-422.608,132.263,6079.016,14.408,-36.094,6079.653,,19.7,0.06,-41.908,0,0,,,,,,,,,,,,,,,6084.726,7,,147,4,,,,,,,,,,,,,,,,,,,0.157,-37.209,-0.048,-17.771,-22.094,-47.706,-15.036,-62.023,18.295,-44.562,13.392,-65.09,45.763,-100.729,-0.306,-111.466,-45.022,-95.143,0.089,-36.87,,"encounter v",-0.049,-17.805,,"쟈가리코",-21.822,-47.722,,"muyang_",-15.032,-62.022,,"わだ、、",18.113,-43.732,120,"shimenawa",13.217,-65.086,,"ddil_ddil69",45.648,-100.629,,"ByeolBam",-0.307,-111.455,,"yumi2012",-45.016,-95.125,,,,,,,,6084.168,-17.928,-39.827,,,,6082.29,17.641,-39.994,,,,,,,,,,,,,,,,,,,,,,,,,6082.807,14.104,-39.991,,,,,,,,,,,,,"",2,,,,,,,,,,,,,0,"_이누_",,,,6,""
159,SIDE,7,0,3,3,0,0,2,0,0,0,255,255,255,,6085.506,,,,,,,,,,,,,,,,,,,,,,,,8,"=","=","=","=","=","=","=","=","=",,,,,,,,,,,,,,,,,,,,,,,,,,,,,,,,,,,,,,,0,0,,,,,,,,,,,,,,,,,,,,,,,,,,,,,,,,,,,,,,,,,,,,,,,,,,,,,,,,,,,,,,,,,,,,,,,,,,,,,,,,,,,,,,,,,,,,,,,,,,,,,,,,,,,,,,,,,,,,,,,,,,,,,,,,,,,,,,,,,,,,,,,,,"",0,,,,,,,,,,,,,0,"",,,,0,""
160,,8,1,3,3,0,0,0,0,0,0,255,255,255,1,6131.34,"Penguin_iDOL",R,29,83,119,-2.17,0.804,-0.018,1.837,-0.532,1.845,-36.493,27.391,92,8,0,1,"",-250,-200,18.409,0,0,3,"shimenawa","쟈가리코","わだ、、","ByeolBam","ddil_ddil69","Riyaj","encounter v","yumi2012","muyang_",7,R,"ByeolBam",175.3,88,0.5,,62,W,Y,0,,,,,,,,,,,,,,,,,,,,,,,,,,,,,0,0,,,,,,,,,,,,,,,,,,,,,,,,,,,,,,,,,,,,,,-0.029,-38.034,-0.062,-17.345,-20.533,-47.171,-11.124,-65.858,19.95,-48.415,10.799,-65.463,43.196,-97.414,-0.524,-113.685,-45.382,-92.21,,,,"",,,,"",,,,"",,,,"",,,,"",,,,"",,,,"",,,,"",,,,,,,,,,,,,,,,,,,,,,,,,,,,,,,,,,,,,,,,,,,,,,,,,,,,,,,,,,"",0,,,,,,,,,,,,,0,"",,,,0,""
161,,8,1,3,3,1,0,0,0,0,0,255,255,255,2,6149.674,"Penguin_iDOL",R,13,75,113,-1.187,0.004,0.292,1.851,0.13,2.055,-36.493,40.525,96,4,0,2,"",-371.482,334.666,8.45,0,0,3,"=","=","=","=","=","=","=","=","=",7,R,"ByeolBam",175.3,88,0.5,5,62,W,Y,1,6150.591,235,137,73,58,31,,141,82,101.187,-58.808,-0.16,1.06,-21.404,1,0,0.345,65.811,329.844,237.236,6153.993,-17.188,-10.469,,,,,,0,0,,,,,,,,,,,,,,,,,,,,,,,,,,,,,,,,,,,,,,0.024,-38.065,-0.046,-17.369,-20.496,-47.326,-14.103,-64.107,19.891,-48.513,3.143,-67.391,43.237,-97.42,-0.359,-113.327,-45.422,-91.898,-0.355,-36.72,,"mungjungh",-0.09,-17.375,,"Kr_Luna",-20.183,-47.909,,"Yaksok~",-14.295,-65.957,,"si_ho",19.893,-48.526,,"CVPileMaki",3.019,-67.453,,"-KYU-",43.233,-97.339,,"k@ster",-0.346,-113.339,,"SUGUN",-45.264,-92.094,,,,,,,,,,,,,,,,,,,,,,,,,,,,,,,,,,,,,,,,,,,,,,,,,,,,,,,,"",3,-62.285,-49.315,-9.678,0.522,0,1,78.813,78.813,0.714,78.813,0,169.293,0,"",,,,0,""
162,,8,1,3,3,1,1,0,0,0,0,255,255,255,3,6175.943,"Penguin_iDOL",R,14,79,105,-1.255,-1.312,-0.222,1.817,-1.267,1.312,-36.493,22.091,91,9,0,1,"",372.687,312.348,22.363,-0.106,-17.833,3,"=","=","=","=","=","=","=","=","=",7,R,"ByeolBam",175.3,88,0.5,,62,W,Y,0,,,,,,,,,,,,,,,,,,,,,,,,,,,,,0,0,,,,,,,,,,,,,,,,,,,,,,,,,,,,,,,,,,,,,,-0.13,-37.848,-0.073,-17.048,-18.999,-46.097,-10.601,-65.985,19.792,-48.531,10.866,-65.623,42.557,-97.499,-0.399,-113.607,-44.319,-90.142,,,,"",,,,"",,,,"",,,,"",,,,"",,,,"",,,,"",,,,"",,,,,,,,,,,,,,,,,,,,,,,,,,,,,,,,,,,,,,,,,,,,,,,,,,,,,,,,,,"",0,,,,,,,,,,,,,0,"",,,,0,""
163,,8,1,3,3,2,1,0,0,0,0,255,255,255,4,6197.031,"Penguin_iDOL",R,3,69,97,1.76,0.543,0.712,1.903,1.66,2.153,-36.493,50.339,100,0,0,1,"",-425.084,132.756,8.144,0,0,3,"=","=","=","=","=","=","=","=","=",7,R,"ByeolBam",175.3,88,0.5,,62,W,Y,0,,,,,,,,,,,,,,,,,,,,,,,,,,,,,0,0,,,,,,,,,,,,,,,,,,,,,,,,,,,,,,,,,,,,,,0.165,-38.04,0.115,-16.894,-18.911,-46.057,-10.457,-66.104,19.805,-48.529,11.262,-65.536,42.143,-97.046,-0.368,-113.642,-44.952,-90.324,,,,"",,,,"",,,,"",,,,"",,,,"",,,,"",,,,"",,,,"",,,,,,,,,,,,,,,,,,,,,,,,,,,,,,,,,,,,,,,,,,,,,,,,,,,,,,,,,,"",0,,,,,,,,,,,,,0,"",,,,0,""
164,,8,1,3,3,3,1,0,0,0,0,255,255,255,5,6216.25,"Penguin_iDOL",R,26,74,126,1.682,1.447,0.316,1.919,0.929,2.226,-36.493,46.336,83,17,0,4,"",-134.891,-200,10.01,0,0,3,"=","=","=","=","=","=","=","=","=",7,R,"ByeolBam",175.3,88,0.5,,68,W,Y,1,,,,,,,,,,,,,,,,,,,,,,,,,,,,,0,0,,,,,,,,,,,,,,,,,,,,,,,,,,,,,,,,,,,,,,0.06,-38.086,0.087,-16.973,-19.067,-46.173,-12.695,-65.656,19.589,-48.491,11.09,-65.767,44.265,-95.722,-0.399,-113.622,-46.071,-92.966,,,,"",,,,"",,,,"",,,,"",,,,"",,,,"",,,,"",,,,"",,,,,,,,,,,,,,,,,,,,,,,,,,,,,,,,,,,,,,,,,,,,,,,,,,,,,,,,,,"",0,,,,,,,,,,,,,0,"",,,,0,""
165,,8,1,3,3,3,2,0,0,0,0,255,255,255,6,6234.749,"Penguin_iDOL",R,26,92,140,-0.092,0.759,0.178,1.932,0.133,1.847,-36.493,47.141,88,12,0,2,"",-133.585,-200,18.583,0,0,3,"=","=","=","=","=","=","=","=","=",7,R,"ByeolBam",175.3,88,0.5,5,68,W,Y,1,6235.579,229,80,119,73,33,,145,87,-13.92,61.356,-0.026,1.166,-20.083,-0.84,0,0.234,516.099,-6.775,-305.934,6233.118,-3.774,-22.135,,,,,,0,0,,,,,,,,,,,,,,,,,,,,,,,,,,,,,,,,,,,,,,0.032,-38.219,0.023,-17.015,-18.938,-46.186,-11.776,-65.681,19.594,-48.511,10.046,-66.178,43.434,-97.998,-0.434,-113.662,-46.064,-92.976,-0.502,-37.142,,"mungjungh",-0.013,-17.105,,"Kr_Luna",-19.125,-46.519,,"Yaksok~",-12.286,-67.537,,"si_ho",19.601,-48.499,,"CVPileMaki",10.115,-66.149,,"-KYU-",43.417,-97.935,,"k@ster",-0.435,-113.659,,"SUGUN",-46.018,-92.924,,,,,,,,,,,,,,,,,,,,,,,,,,,,,,,,,,,,,,,,,,,,,,,,,,,,,,,,"",3,91.138,62.546,22.91,1,0,1,-13.92,-13.92,-31.302,-13.92,0,128.995,0,"",,,,0,""
166,,8,1,3,3,3,2,0,0,0,0,255,255,255,7,6254.265,"Penguin_iDOL",R,14,82,107,-1.99,0.455,-0.233,2.044,-1.577,2.317,-36.493,46.585,87,13,0,1,"",379.786,312.348,17.741,0,0,3,"=","=","=","=","=","=","=","=","=",7,R,"ByeolBam",175.3,88,0.5,,68,W,Y,0,,,,,,,,,,,,,,,,,,,,,,,,,,,,,0,0,,6262.987,,,,,,,,,,,,,,,,,,,,,,,,,,,,,,,,,,,,-0.088,-38.149,-0.06,-16.989,-18.742,-46.958,-13.136,-65.252,20.026,-48.338,9.917,-66.035,43.947,-96.852,-0.157,-117.321,-45.637,-92.201,,,,"",,,,"",,,,"",,,,"",,,,"",,,,"",,,,"",,,,"",,,,,,,,,,,,,,,,,,,,,,,,,,,,,,,,,,,,,,,,,,,,,,,,,,,,,,,,,,"",5,,,,,,,,,,,,,0,"",,,,0,""
167,,8,1,3,3,0,0,0,1,0,0,7,255,255,8,6280.561,"Penguin_iDOL",R,10,82,109,1.872,-0.463,0.481,1.88,0.801,1.901,-36.493,43.297,71,29,0,2,"",0,400,15.987,0,0,4,"=","=","=","=","=","=","=","=","=",6,R,"ddil_ddil69",175.8,89.899,0.501,0,62,W,Y,1,6281.721,255,126,94,107,36,,145,87,14.993,-18.338,0.348,0.822,-20.629,-1,0,0.602,-551.543,-31.473,-201.384,6281.174,13.642,-60.194,6284.084,6,24.393,0.056,-91.417,1,0,,6287.182,,,,6287.206,,,,,,,,,,,,,,,,,,,,,,,,,,6290.17,3,,,,,0.129,-37.952,0.004,-16.964,-20.284,-43.429,-9.206,-61.862,19.725,-48.594,3.457,-65.914,43.959,-97.363,-0.062,-111.399,-45.451,-92.349,0.052,-37.213,,"mungjungh",0.044,-17.025,,"Kr_Luna",-17.968,-46.911,,"Yaksok~",-9.189,-61.845,87,"si_ho",19.098,-47.667,,"CVPileMaki",3.932,-66.51,,"-KYU-",43.874,-97.282,107,"k@ster",-0.068,-111.378,,"SUGUN",-45.441,-92.367,,6292.579,0.112,-38.797,,,,,,,6289.435,-0.295,-59.641,,,,,,,6286.769,24.947,-91.969,,,,,,,,,,,,,,,,6291.43,-0.505,-57.398,,,,,,,6287.869,19.37,-88.049,,,,,,,"",2,,,,,,,,,,,,,0,"-KYU-",6287.206,,,288,""
168,,8,1,3,3,0,0,0,1,1,0,6,7,255,9,6309.433,"Penguin_iDOL",R,10,77,117,1.567,-0.169,0.39,1.851,0.671,1.974,-36.493,46.443,71,29,0,4,"",0,400,15.381,0,0,5,"=","=","=","=","=","=","=","=","=",9,R,"Riyaj",190,80,0.2,,62,W,Y,1,,,,,,,,,,,,,,,,,,,,,,,,,,,,,0,0,,,,,,,,,,,,,6316.723,,,,,,,,,,,,,,,,,,,,,,,,,0.04,-37.858,-0.059,-17.076,-19.388,-44.037,-8.11,-61.502,18.335,-46.873,13.78,-64.086,43.864,-96.583,-0.053,-119.875,-47.182,-92.601,,,,"",,,,"",,,,"",,,,"",,,,"",,,,"",,,,"",,,,"",,,,6313.616,-0.117,-37.476,,,,,,,,,,,,,,,,,,,,,,,,,,,,,,,,,,,,,,,,,,,,,,,,,,,,"",0,,,,,,,,,,,,,0,"",6311.979,,,0,""
169,,8,1,3,3,0,1,0,1,1,0,6,7,255,10,6326.93,"Penguin_iDOL",R,26,84,136,-2.556,1.438,-0.021,1.983,-0.877,2.329,-36.493,36.878,83,17,0,1,"",-170.414,-200,12.642,0,0,5,"=","=","=","=","=","=","=","=","=",9,R,"Riyaj",190,80,0.2,,62,W,Y,0,,,,,,,,,,,,,,,,,,,,,,,,,,,,,0,0,,,,,,,,,,,,6344.802,6336.671,,,,,,,,,,,,,,,,,,,,,,,,,-0.008,-37.963,-0.198,-16.987,-19.264,-44.828,-10.804,-61.833,18.294,-46.674,12.571,-65.049,44,-97.086,-0.097,-119.809,-47.036,-92.764,,,,"",,,,"",,,,"",,,,"",,,,"",,,,"",,,,"",,,,"",,,,6331.032,-0.078,-37.722,,,,,,,,,,,,,,,,,,,,,,,,,,,,,,,,,,,,,,,,,,,,,,,,,,,,"",0,,,,,,,,,,,,,0,"",6329.694,,,0,""
170,,8,1,3,3,1,1,0,1,1,0,6,7,255,11,6346.972,"Penguin_iDOL",R,14,80,117,0.706,-0.251,0.156,2.042,-0.292,1.856,-36.493,42.723,77,23,0,2,"",353.336,353.77,11.45,0,0,5,"=","=","=","=","=","=","=","=","=",9,R,"Riyaj",190,80,0.2,0,62,W,Y,1,6347.836,134,199,67,102,34,,138,88,31.317,-34.873,0.128,0.938,-20.526,-1,0,0.44,445.743,-319.89,192.015,,,,6350.37,6,45.627,2.642,-77.021,0,0,,6353.992,,,,,,,,,,6375.988,6370.629,,6353.01,5,,455,0,,,,,,,,,,,,,6357.452,3,,,,,0.007,-37.89,-0.142,-17.014,-19.447,-44.843,-5.5,-62.809,18.557,-46.597,15.328,-62.834,44.022,-97.042,-0.065,-119.806,-46.93,-92.772,0.218,-36.891,,"mungjungh",-0.136,-17.019,,"Kr_Luna",-18.648,-46.258,,"Yaksok~",-5.615,-63.519,86,"si_ho",18.592,-46.651,,"CVPileMaki",14.743,-63.161,,"-KYU-",44.023,-97.029,119,"k@ster",-0.065,-119.793,,"SUGUN",-46.906,-92.772,,6361.623,0.292,-38.857,,,,,,,6355.57,0.961,-59.865,,,,,,,6353.022,45.613,-77.716,,,,,,,,,,,,,,,,6360.466,-0.032,-57.352,,,,,,,6353.778,41.412,-75.63,,,,,,,"",1,,,,,,,,,,,,,0,"-KYU-",6355.104,,,288,""
171,,8,1,3,3,0,0,1,1,1,0,6,7,255,12,6380.578,"Penguin_iDOL",R,14,82,120,0.563,-1.036,0.118,1.862,-0.38,1.319,-36.493,25.509,86,14,0,1,"",379.513,325.53,26.08,0,0,6,"=","=","=","=","=","=","=","=","=",1,L,"encounter v",190,85.067,0.46,,39,W,Y,0,,,,,,,,,,,,,,,,,,,,,,,,,,,,,0,0,,,,,,,,,,,,6396.648,6391.029,,,,,,,,,,,,,,,,,,,,,,,,,0.103,-37.933,-0.033,-17.27,-19.447,-42.682,-4.509,-65.614,18.867,-46.383,17.396,-61.937,47.525,-98.475,1.137,-118.806,-46.522,-94.724,,,,"",,,,"",,,,"",,,,"",,,,"",,,,"",,,,"",,,,"",,,,6384.789,-0.115,-37.19,,,,,,,,,,,,,,,,,,,,,,,,,,,,,,,,,,,,,,,,,,,,,,,,,,,,"",0,,,,,,,,,,,,,0,"",6383.193,,,0,""
172,,8,1,3,3,1,0,1,1,1,0,6,7,255,13,6399.118,"Penguin_iDOL",R,29,89,140,-0.912,-0.165,0.122,1.657,-0.124,1.333,-36.493,28.802,84,16,0,2,"",-207.268,-200,20.313,0,0,6,"=","=","=","=","=","=","=","=","=",1,L,"encounter v",190,85.067,0.46,0,39,W,Y,1,6399.984,255,159,103,69,35,,145,133,-25.575,-27.142,-0.079,0.694,-19.659,0.62,0,0.345,69.263,-143.533,-510.371,6397.303,0.596,-20.976,6399.139,5,19.768,1.632,-58.379,0,64,,6405.608,,,,,,,6404.806,,,,,,6404.136,4,1,164,64,6405.714,6,,147,256,,,,,,,,,,,,,,-0.043,-37.821,-0.049,-17.251,-19.52,-41.693,-2.065,-65.373,18.789,-45.515,15.914,-62.946,47.172,-97.602,1.138,-118.79,-43.093,-94.193,-0.269,-37.206,,"mungjungh",-0.134,-17.33,,"Kr_Luna",-18.45,-44.272,66,"Yaksok~",-2.039,-66.424,105,"si_ho",18.806,-45.532,,"CVPileMaki",15.883,-62.933,92,"-KYU-",47.194,-97.594,,"k@ster",1.151,-118.773,,"SUGUN",-43.067,-94.185,,,,,,,,6405.04,-18.422,-40.59,6403.516,0.718,-58.759,,,,6401.786,19.96,-59.215,,,,,,,,,,,,,,,,6406.947,-18.143,-39.768,6404.04,-2.525,-55.819,,,,6402.614,15.704,-58.924,,,,,,,,,,"",2,,,,,,,,,,,,,0,"CVPileMaki",,6404.806,,322,""
173,SIDE,8,1,3,3,0,0,2,0,0,1,255,255,7,,6408.569,,,,,,,,,,,,,,,,,,,,,,,,7,"=","=","=","=","=","=","=","=","=",,,,,,,,,,,,,,,,,,,,,,,,,,,,,,,,,,,,,,,0,0,,,,,,,,,,,,,,,,,,,,,,,,,,,,,,,,,,,,,,,,,,,,,,,,,,,,,,,,,,,,,,,,,,,,,,,,,,,,,,,,,,,,,,,,,,,,,,,,,,,,,,,,,,,,,,,,,,,,,,,,,,,,,,,,,,,,,,,,,,,,,,,,,"",0,,,,,,,,,,,,,0,"",,,,0,""
174,,8,0,3,3,0,0,0,0,0,0,255,255,255,65,6464.161,"DoYaGee",R,3,71,111,-2.556,-0.201,0.146,1.063,-0.249,1.523,-36.487,23.104,3,8,89,2,"",-471.574,0,35.306,0,0,8,"SUGUN","Kr_Luna","si_ho","가앤슬_","mungjungh","-KYU-","CVPileMaki","k@ster","Yaksok~",3,R,"Yaksok~",172.8,86.559,0.332,3,61,W,Y,1,6465.167,174,150,116,81,32,,145,81,101.544,-82.164,-0.476,0.864,-20.404,1,0,0.166,247.78,356.389,399.102,,,,,,,,,0,0,,,,,,,,,,,,,,,,,,,,,,,,,,,,,,,,,,,,,,0.196,-37.362,-0.087,-17.786,-24.177,-50.559,-16.518,-62.247,18.721,-44.543,12.884,-64.253,45.388,-99.796,-0.749,-108.965,-43.561,-93.718,0.183,-36.91,,"encounter v",-0.194,-17.812,,"쟈가리코",-23.738,-50.272,,"muyang_",-16.496,-62.217,,"わだ、、",17.462,-44.091,,"shimenawa",12.499,-64.219,,"ddil_ddil69",45.312,-99.765,,"ByeolBam",-0.744,-109.047,,"yumi2012",-43.567,-93.724,,,,,,,,,,,,,,,,,,,,,,,,,,,,,,,,,,,,,,,,,,,,,,,,,,,,,,,,"",3,,,,,,,,,,,,,0,"",,,,0,""
175,,8,0,3,3,0,1,0,0,0,0,255,255,255,66,6485.088,"DoYaGee",R,3,72,113,-0.246,-1.151,0.305,0.875,0.65,0.98,-36.487,46.256,4,9,87,2,"",-435.585,0,7.317,0,0,8,"=","=","=","=","=","=","=","=","=",3,R,"Yaksok~",172.8,86.559,0.332,5,52,W,Y,1,6486.099,114,165,98,112,66,,137,79,-2.865,13.198,-0.065,0.546,-20.1,1,0,0.297,-1.123,-123.777,32.927,6483.609,-1.423,-25.952,6486.239,3,-10.051,0.059,-59.844,0,0,,6491.756,,,,,,,,,,,,,6491.833,8,,147,256,,,,,,,,,,,,,,,,,,,0.235,-37.563,-0.093,-17.807,-24.298,-49.93,-16.769,-62.849,17.918,-43.631,13.429,-64.487,43.21,-98.679,-0.756,-110.304,-43.785,-92.843,0.119,-36.84,,"encounter v",-0.12,-17.863,,"쟈가리코",-24.097,-49.788,80,"muyang_",-16.656,-62.659,87,"わだ、、",17.099,-43.794,,"shimenawa",12.419,-65.003,,"ddil_ddil69",43.202,-98.628,,"ByeolBam",-3.049,-110.776,,"yumi2012",-43.779,-92.844,,6494.917,-1.124,-39.395,,,,6491.178,-18.617,-41.006,6488.883,-10.696,-61.503,,,,,,,,,,,,,,,,,,,,,,6493.881,-17.446,-40.244,6490.032,-11.673,-58.017,,,,,,,,,,,,,,,,"",2,16.663,16.663,-7.086,0,1,0.567,-5.089,-2.865,-3.476,-43.941,0.006,144.652,0,"muyang_",,,,258,""
176,,8,0,3,3,0,0,1,0,0,0,255,255,255,67,6522.039,"DoYaGee",R,3,78,116,-1.264,-0.36,0.252,1.031,0.241,1.419,-36.487,22.176,2,10,88,2,"",-469.893,0,21.758,0,0,0,"=","=","=","=","=","=","=","=","=",8,R,"SUGUN",179.9,82.092,0.496,0,61,W,Y,1,6523.019,227,119,108,74,19,,145,88,0.755,34.245,-0.207,0.862,-20.803,1,0,0.385,-149.206,309.424,58.084,6520.972,-8.731,-32.971,6522.195,2,-17.668,0.055,-46.028,0,0,,,,,,,,,,,,,,,6526.952,0,,147,0,,,,,,,,,,,6526.348,2,,,,,,,0.231,-37.524,-0.01,-17.77,-23.7,-49.996,-16.971,-62.341,19.455,-45.716,12.246,-65.733,43.241,-99.273,-0.061,-111.245,-44.646,-94.589,0.119,-36.889,,"encounter v",-0.045,-17.83,,"쟈가리코",-22.895,-49.129,73,"muyang_",-16.842,-62.231,,"わだ、、",19.014,-45.679,,"shimenawa",12.164,-65.798,,"ddil_ddil69",43.145,-99.047,,"ByeolBam",-0.058,-111.243,,"yumi2012",-44.548,-94.62,,6529.06,-0.44,-37.864,,,,6524.878,-18.064,-46.423,,,,,,,,,,,,,,,,,,,,,,,,,6527.815,-18.004,-39.645,,,,,,,,,,,,,,,,,,,"",2,,,,,,,,,,,,,0,"쟈가리코",,,,2,""
177,,8,0,3,3,0,0,2,0,0,0,255,255,255,68,6549.015,"DoYaGee",R,32,75,126,-1.18,-0.07,0.029,1.078,-0.796,1.584,-36.487,21.324,3,14,83,0,"",184.079,-0.565,20.876,0,0,1,"=","=","=","=","=","=","=","=","=",2,L,"Kr_Luna",190,95.218,0.504,,61,W,Y,0,,,,,,,,,,,,,,,,,,,,,,,,,,,,,0,0,,,,,,,,,,,,,,,,,,,,,,,,,,,,,,,,,,,,,,0.002,-37.331,-0.061,-17.714,-23.681,-50.402,-15.564,-62.997,21.655,-47.461,13.837,-64.114,46.925,-98.86,4.352,-112.601,-45.675,-94.148,,,,"",,,,"",,,,"",,,,"",,,,"",,,,"",,,,"",,,,"",,,,6552.274,-0.098,-36.94,,,,,,,,,,,,,,,,,,,,,,,,,,,,,,,,,,,,,,,,,,,,,,,,,,,,"",0,,,,,,,,,,,,,0,"",,,,0,""
178,,8,0,3,3,0,1,2,0,0,0,255,255,255,69,6567.986,"DoYaGee",R,3,79,118,-1.714,-0.167,0.276,1.062,-0.093,1.529,-36.487,21.303,4,8,88,2,"BA-",-397.21,0,16.967,0,0,1,"=","=","=","=","=","=","=","=","=",2,L,"Kr_Luna",190,95.218,0.504,3,61,W,Y,1,6568.886,100,100,72,62,24,,133,93,-17.606,-43.045,-0.369,0.926,-19.705,-0.28,0,0.083,196.629,303.497,87.87,6565.772,2.053,-22.313,6570.701,4,13.299,0.059,-31.905,1,0,,6574.534,,,,,,,,,,,,,,,,,,,,,,,,,,,,,,,,,,,,0.25,-37.42,-0.12,-17.725,-23.473,-49.374,-16.087,-62.346,21.599,-47.203,14.175,-64.382,46.74,-98.987,3.559,-112.276,-45.534,-94.293,0.034,-36.926,,"encounter v",-0.17,-17.79,,"쟈가리코",-23.262,-49.319,,"muyang_",-15.835,-62.303,,"わだ、、",21.078,-47.26,61,"shimenawa",14.247,-64.688,,"ddil_ddil69",46.717,-98.96,,"ByeolBam",3.767,-111.734,,"yumi2012",-45.605,-94.229,,6580.189,1.05,-38.034,,,,,,,,,,6573.967,13.174,-32.387,,,,,,,,,,,,,,,,,,,,,,,,,6579.244,12.266,-37.316,,,,,,,,,,,,,"",2,,,,,,,,,,,,,0,"わだ、、",,,,4,""
179,,8,0,3,3,0,0,2,1,0,0,12,255,255,70,6599.288,"DoYaGee",R,32,74,125,-0.858,0.039,0.142,1.083,-0.715,1.599,-36.487,17.785,2,13,85,0,"",217.274,-55.843,11.833,0,0,2,"=","=","=","=","=","=","=","=","=",4,R,"si_ho",190,87.779,0.355,,61,W,Y,1,,,,,,,,,,,,,,,,,,,,,,,,,,,,,0,0,,,,,,,,,,,,,,,,,,,,,,,,,,,,,,,,,,,,,,0.14,-37.571,-0.048,-17.792,-20.801,-42.566,-16.09,-62.286,19.444,-46.201,11.077,-64.572,44.969,-98.45,-2.694,-111.957,-45.494,-93.757,,,,"",,,,"",,,,"",,,,"",,,,"",,,,"",,,,"",,,,"",,,,6603.142,-0.162,-37.069,,,,,,,,,,,,,,,,,,,,,,,,,,,,,,,,,,,,,,,,,,,,,,,,,,,,"",0,,,,,,,,,,,,,0,"",,,,0,""
180,,8,0,3,3,0,1,2,1,0,0,12,255,255,71,6618.2,"DoYaGee",R,4,65,113,0.072,-0.415,0.203,0.983,0.105,1.41,-36.487,39.102,3,12,85,2,"",-236.215,0,5.821,0,0,2,"=","=","=","=","=","=","=","=","=",4,R,"si_ho",190,87.779,0.355,3,61,W,Y,1,6619.415,202,56,100,87,45,,145,98,11.158,37.383,-0.226,0.888,-20.358,-0.46,0,0.678,264.933,483.223,-7.196,,,,6617.703,2,-19.66,2.973,-43.917,0,0,,,,,,,,,,,,6618.207,,,6621.021,2,,451,0,6623.409,1,1,659,0,,,,,,6623.409,2,,,,,,,0.14,-37.676,-0.057,-17.801,-20.406,-42.184,-16.301,-62.3,20.622,-46.478,11.784,-64.981,45,-98.686,-1.559,-110.614,-45.497,-93.802,0.042,-36.986,,"encounter v",-0.315,-17.877,,"쟈가리코",-20.349,-45.038,74,"muyang_",-16.275,-62.179,,"わだ、、",20.34,-46.459,,"shimenawa",12.406,-64.829,,"ddil_ddil69",44.897,-98.578,,"ByeolBam",-1.093,-112.078,,"yumi2012",-45.499,-93.805,,,,,,,,6621.032,-19.986,-44.63,,,,,,,,,,,,,,,,,,,,,,,,,6624.68,-17.878,-39.494,,,,,,,,,,,,,,,,,,,"",1,,,,,,,,,,,,,0,"쟈가리코",,,,2,""
181,SIDE,8,0,3,3,0,0,2,0,0,0,255,255,255,,6625.778,,,,,,,,,,,,,,,,,,,,,,,,3,"=","=","=","=","=","=","=","=","=",,,,,,,,,,,,,,,,,,,,,,,,,,,,,,,,,,,,,,,0,0,,,,,,,,,,,,,,,,,,,,,,,,,,,,,,,,,,,,,,,,,,,,,,,,,,,,,,,,,,,,,,,,,,,,,,,,,,,,,,,,,,,,,,,,,,,,,,,,,,,,,,,,,,,,,,,,,,,,,,,,,,,,,,,,,,,,,,,,,,,,,,,,,"",0,,,,,,,,,,,,,0,"",,,,0,""
182,,9,1,3,3,0,0,0,0,0,0,255,255,255,14,6710.1,"Penguin_iDOL",R,26,90,140,1.812,-0.778,0.369,1.553,1.031,0.965,-36.493,29.597,92,8,0,4,"",-188.159,-200,19.664,0,0,7,"shimenawa","쟈가리코","わだ、、","ByeolBam","ddil_ddil69","Riyaj","encounter v","yumi2012","muyang_",8,R,"yumi2012",173.9,85,0.5,,61,W,Y,1,,,,,,,,,,,,,,,,,,,,,,,,,,,,,0,0,,,,,,,,,,,,,,,,,,,,,,,,,,,,,,,,,,,,,,0.078,-38.072,0.068,-17.18,-19.73,-46.672,-13.425,-64.422,18.985,-47.968,11.277,-65.547,43.515,-96.071,0.073,-111.28,-45.614,-93.215,,,,"",,,,"",,,,"",,,,"",,,,"",,,,"",,,,"",,,,"",,,,,,,,,,,,,,,,,,,,,,,,,,,,,,,,,,,,,,,,,,,,,,,,,,,,,,,,,,"",0,,,,,,,,,,,,,0,"",,,,0,""
183,,9,1,3,3,0,1,0,0,0,0,255,255,255,15,6727.81,"Penguin_iDOL",R,13,61,93,-2.962,-2.505,-0.002,1.585,-0.811,0.818,-36.493,7.016,0,100,0,1,"",-210.929,360.82,2.384,-0.571,-20.033,7,"=","=","=","=","=","=","=","=","=",8,R,"yumi2012",173.9,85,0.5,,61,W,Y,0,,,,,,,,,,,,,,,,,,,,,,,,,,,,,0,0,,,,,,,,,,,,,,,,,,,,,,,,,,,,,,,,,,,,,,-0.051,-37.869,-0.031,-17.099,-18.913,-47.501,-13.976,-64.214,18.898,-48.032,8.58,-66.46,43.454,-96.115,0.097,-111.288,-45.026,-92.974,,,,"",,,,"",,,,"",,,,"",,,,"",,,,"",,,,"",,,,"",,,,,,,,,,,,,,,,,,,,,,,,,,,,,,,,,,,,,,,,,,,,,,,,,,,,,,,,,,"",0,,,,,,,,,,,,,0,"",,,,0,""
184,,9,1,3,3,1,1,0,0,0,0,255,255,255,16,6744.972,"Penguin_iDOL",R,10,84,126,0.721,0.227,0.336,1.918,0.304,2.181,-36.493,42.744,79,21,0,0,"",0,400,23.978,0,0,7,"=","=","=","=","=","=","=","=","=",8,R,"yumi2012",173.9,85,0.5,,61,W,Y,1,,,,,,,,,,,,,,,,,,,,,,,,,,,,,0,0,,,,,,,,,,,,,,,,,,,,,,,,,,,,,,,,,,,,,,0.066,-37.962,-0.001,-17.12,-19.19,-46.795,-8.058,-65.808,19.07,-47.867,12.891,-65.163,43.461,-95.605,0.061,-111.244,-43.542,-93.543,,,,"",,,,"",,,,"",,,,"",,,,"",,,,"",,,,"",,,,"",,,,,,,,,,,,,,,,,,,,,,,,,,,,,,,,,,,,,,,,,,,,,,,,,,,,,,,,,,"",0,,,,,,,,,,,,,0,"",,,,0,""
185,,9,1,3,3,1,2,0,0,0,0,255,255,255,17,6762.621,"Penguin_iDOL",R,13,69,97,-3.122,-2.518,0.027,1.534,-0.635,0.716,-36.493,14.92,0,100,0,1,"",-335.811,324.004,-10.418,-0.608,-20.026,7,"=","=","=","=","=","=","=","=","=",8,R,"yumi2012",173.9,85,0.5,,61,W,Y,0,,,,,,,,,,,,,,,,,,,,,,,,,,,,,0,0,,,,,,,,,,,,,,,,,,,,,,,,,,,,,,,,,,,,,,-0.02,-37.988,-0.015,-17.088,-19.309,-46.721,-10.13,-64.602,18.064,-50.296,9.329,-66.436,44.199,-95.652,0.012,-111.292,-43.436,-93.636,,,,"",,,,"",,,,"",,,,"",,,,"",,,,"",,,,"",,,,"",,,,,,,,,,,,,,,,,,,,,,,,,,,,,,,,,,,,,,,,,,,,,,,,,,,,,,,,,,"",0,,,,,,,,,,,,,0,"",,,,0,""
186,,9,1,3,3,2,2,0,0,0,0,255,255,255,18,6782.44,"Penguin_iDOL",R,26,93,140,0.147,-1.025,0.175,1.58,0.025,0.82,-36.493,15.952,49,51,0,0,"",26.744,-200,39.155,0,0,7,"=","=","=","=","=","=","=","=","=",8,R,"yumi2012",173.9,85,0.5,,61,W,Y,0,,,,,,,,,,,,,,,,,,,,,,,,,,,,,0,0,,,,,,,,,,,,,,,6785.159,7,,578,0,,,,,,,,,,,,,,,,,,,0.02,-37.766,-0.006,-17.06,-19.551,-47.973,-13.46,-64.373,18.884,-47.901,11.6,-65.371,43.715,-96.287,-0.109,-111.203,-43.576,-93.61,,,,"",,,,"",,,,"",,,,"",,,,"",,,,"",,,,"",,,,"",,,,,,,,,,,,,,,,,,,,,,,,,,,,,,,,,,,,,,,,,,,,,,,,,,,,,,,,,,"",0,,,,,,,,,,,,,0,"",,,,0,""
187,,9,1,3,3,0,0,1,0,0,0,255,255,255,19,6804.893,"Penguin_iDOL",R,14,81,106,-1.148,0.098,-0.185,1.97,-1.207,2.141,-36.493,35.014,87,13,0,0,"",369.985,320.289,13.61,0,0,8,"=","=","=","=","=","=","=","=","=",3,R,"muyang_",171.3,80,0.498,,60,W,Y,0,,,,,,,,,,,,,,,,,,,,,,,,,,,,,0,0,,,,,,,,,,,,,,,,,,,,,,,,,,,,,,,,,,,,,,-0.112,-37.881,-0.01,-17.062,-19.314,-47.54,-12.213,-64.656,18.92,-47.857,10.078,-65.372,44.89,-98.116,-0.102,-111.257,-43.456,-93.516,,,,"",,,,"",,,,"",,,,"",,,,"",,,,"",,,,"",,,,"",,,,,,,,,,,,,,,,,,,,,,,,,,,,,,,,,,,,,,,,,,,,,,,,,,,,,,,,,,"",0,,,,,,,,,,,,,0,"",,,,0,""
188,,9,1,3,3,0,1,1,0,0,0,255,255,255,20,6820.93,"Penguin_iDOL",R,29,88,123,-2.676,1.16,-0.088,1.905,-0.793,2.027,-36.493,33.313,87,13,0,1,"",-237.21,-200,22.97,0,0,8,"=","=","=","=","=","=","=","=","=",3,R,"muyang_",171.3,80,0.498,,60,W,Y,0,,,,,,,,,,,,,,,,,,,,,,,,,,,,,0,0,,,,,,,,,,,,,,,,,,,,,,,,,,,,,,,,,,,,,,0.008,-38.11,-0.058,-17.051,-19.887,-47.815,-12.959,-64.384,18.828,-48.674,12.374,-64.948,44.626,-97.828,-0.009,-111.227,-43.415,-93.528,,,,"",,,,"",,,,"",,,,"",,,,"",,,,"",,,,"",,,,"",,,,,,,,,,,,,,,,,,,,,,,,,,,,,,,,,,,,,,,,,,,,,,,,,,,,,,,,,,"",0,,,,,,,,,,,,,0,"",,,,0,""
189,,9,1,3,3,1,1,1,0,0,0,255,255,255,21,6837.792,"Penguin_iDOL",R,14,84,122,1.687,-0.479,0.203,2.012,0.151,1.735,-36.493,44.035,81,19,0,2,"",362.205,344.685,20.281,0,0,8,"=","=","=","=","=","=","=","=","=",3,R,"muyang_",171.3,80,0.498,5,60,W,Y,1,6838.747,224,170,111,64,40,,145,128,27.126,-51.617,0.306,0.796,-20.606,0.31,0,0.197,95.911,197.095,209.396,6840.899,88.155,-97.129,,,,,,0,0,,6843.968,,,6849.329,,,,,,,,,,,,,,,,,,,,,,,,,,,,,,,,,0.02,-37.958,-0.012,-17.024,-19.733,-47.957,-13.571,-64.082,19.353,-48.002,11.986,-65.509,44.631,-97.67,-0.048,-114.929,-43.647,-93.605,0.232,-36.902,,"mungjungh",-0.009,-17.066,,"Kr_Luna",-19.37,-48.192,,"crani",-13.562,-64.041,,"si_ho",19.362,-48.028,,"Yaksok~",12.492,-66.801,,"-KYU-",44.635,-97.668,,"k@ster",-0.043,-114.913,,"SUGUN",-43.429,-93.606,,,,,,,,,,,,,,,,,,,,,,,,,,,,,,,,,,,,,,,,,,,,,,,,,,,,,,,,"",3,-60.446,-46.536,-6.899,0.534,0,1,45.929,45.929,79.346,45.929,0,-124.389,0,"",,,,0,""
190,,9,1,3,3,1,2,1,0,0,0,255,255,255,22,6864.033,"Penguin_iDOL",R,13,76,103,-2.759,-1.783,0.104,1.744,-0.542,1.147,-36.493,20.247,97,3,0,4,"BO+",-333.105,351.35,5.853,-0.636,-18.777,8,"=","=","=","=","=","=","=","=","=",3,R,"muyang_",171.3,80,0.498,,33,W,Y,1,,,,,,,,,,,,,,,,,,,,,,,,,,,,,0,256,,,,,,,,,,,,,,,,,,,,,,,,,,,,,,,,,,,,,,-0.03,-37.885,-0.046,-17.048,-19.499,-47.861,-13.504,-64.607,18.491,-49.39,10.91,-66.187,47.526,-96.237,-0.029,-111.739,-45.843,-93.589,,,,"",,,,"",,,,"",,,,"",,,,"",,,,"",,,,"",,,,"",,,,,,,,,,,,,,,,,,,,,,,,,,,,,,,,,,,,,,,,,,,,,,,,,,,,,,,,,,"",0,,,,,,,,,,,,,0,"",,,,0,""
191,,9,1,3,3,0,0,2,0,0,0,255,255,255,23,6886.654,"Penguin_iDOL",R,10,81,122,0.924,-1.398,0.323,1.87,0.393,1.261,-36.493,44.607,71,29,0,1,"",0,400,23.57,0,0,0,"=","=","=","=","=","=","=","=","=",5,L,"shimenawa",175.2,94.576,0.295,,60,W,Y,0,,,,,,,,,,,,,,,,,,,,,,,,,,,,,0,0,,,,,,,,,,,,,,,,,,,,,,,,,,,,,,,,,,,,,,0.022,-37.925,-0.145,-17.166,-18.764,-47.654,-9.811,-65.651,20.128,-48.829,13.051,-65.225,45.576,-95.947,0.016,-113.653,-45.791,-93.565,,,,"",,,,"",,,,"",,,,"",,,,"",,,,"",,,,"",,,,"",,,,,,,,,,,,,,,,,,,,,,,,,,,,,,,,,,,,,,,,,,,,,,,,,,,,,,,,,,"",0,,,,,,,,,,,,,0,"",,,,0,""
192,,9,1,3,3,1,0,2,0,0,0,255,255,255,24,6904.239,"Penguin_iDOL",R,26,92,140,-0.361,-0.716,0.161,1.826,-0.176,0.989,-36.493,34.001,78,22,0,0,"",10.289,-200,29.922,0,0,0,"=","=","=","=","=","=","=","=","=",5,L,"shimenawa",175.2,94.576,0.295,,60,W,Y,0,,,,,,,,,,,,,,,,,,,,,,,,,,,,,0,0,,,,,,,,,,,,,,,,,,,,,,,,,,,,,,,,,,,,,,0.003,-37.802,-0.025,-17.115,-17.81,-46.791,-6.995,-65.014,20.869,-48.189,13.034,-65.066,45.333,-95.869,0.019,-113.641,-45.889,-93.471,,,,"",,,,"",,,,"",,,,"",,,,"",,,,"",,,,"",,,,"",,,,,,,,,,,,,,,,,,,,,,,,,,,,,,,,,,,,,,,,,,,,,,,,,,,,,,,,,,"",0,,,,,,,,,,,,,0,"",,,,0,""
193,,9,1,3,3,1,1,2,0,0,0,255,255,255,25,6921.947,"Penguin_iDOL",R,14,81,119,3.074,-0.653,0.333,1.965,0.734,1.643,-36.493,45.832,75,25,0,1,"",360.855,346.097,9.952,0.794,-16.342,0,"=","=","=","=","=","=","=","=","=",5,L,"shimenawa",175.2,94.576,0.295,,60,W,Y,0,,,,,,,,,,,,,,,,,,,,,,,,,,,,,0,0,,,,,,,,,,,,,,,,,,,,,,,,,,,,,,,,,,,,,,0.091,-38.085,-0.029,-17.107,-17.794,-47.359,-5.662,-65.602,21.171,-48.263,13.651,-64.617,47.639,-99.213,0.003,-113.636,-45.915,-93.517,,,,"",,,,"",,,,"",,,,"",,,,"",,,,"",,,,"",,,,"",,,,,,,,,,,,,,,,,,,,,,,,,,,,,,,,,,,,,,,,,,,,,,,,,,,,,,,,,,"",0,,,,,,,,,,,,,0,"",,,,0,""
194,,9,1,3,3,2,1,2,0,0,0,255,255,255,26,6938.205,"Penguin_iDOL",R,26,92,140,-0.889,-0.632,0.116,1.818,-0.2,1.039,-36.493,35.7,88,12,0,2,"",-149.3,-200,31.683,0,0,0,"=","=","=","=","=","=","=","=","=",5,L,"shimenawa",175.2,94.576,0.295,0,60,W,Y,1,6939.26,127,69,89,27,0,,137,92,-54.111,32.621,-0.188,0.674,-19.705,-0.49,0,0.366,-69.668,48.489,-18.907,6935.937,-0.472,-20.149,6938.308,2,-15.892,2.353,-44.215,0,0,,,,,,,,,,,,,,,6943.504,0,,147,0,,,,,,,,,,,6942.859,2,,,,,,,-0.033,-37.965,-0.064,-17.083,-18.071,-47.908,-5.553,-65.688,20.616,-48.495,13.015,-65.167,48.5,-99.998,-0.004,-113.675,-45.927,-93.523,-0.387,-36.839,,"mungjungh",-0.078,-17.13,,"Kr_Luna",-17.919,-48.041,85,"crani",-5.493,-65.666,,"si_ho",20.662,-48.498,,"Yaksok~",13.785,-66.932,,"-KYU-",48.498,-99.987,,"k@ster",0.072,-113.697,,"SUGUN",-45.834,-93.512,,,,,,,,6941.531,-16.303,-44.981,,,,,,,,,,,,,,,,,,,,,,,,,6944.003,-17.987,-39.524,,,,,,,,,,,,,,,,,,,"",2,,,,,,,,,,,,,0,"Kr_Luna",,,,2,""
195,SIDE,9,1,3,3,0,0,2,0,0,0,255,255,255,,6945.101,,,,,,,,,,,,,,,,,,,,,,,,1,"=","=","=","=","=","=","=","=","=",,,,,,,,,,,,,,,,,,,,,,,,,,,,,,,,,,,,,,,0,0,,,,,,,,,,,,,,,,,,,,,,,,,,,,,,,,,,,,,,,,,,,,,,,,,,,,,,,,,,,,,,,,,,,,,,,,,,,,,,,,,,,,,,,,,,,,,,,,,,,,,,,,,,,,,,,,,,,,,,,,,,,,,,,,,,,,,,,,,,,,,,,,,"",0,,,,,,,,,,,,,0,"",,,,0,""
196,,9,0,3,3,0,0,0,0,0,0,255,255,255,72,6996.646,"DoYaGee",R,4,78,124,-0.48,-0.305,0.208,1.033,0.037,1.437,-36.487,24.275,2,11,88,2,"",-161.568,0,7.513,0,0,3,"SUGUN","Kr_Luna","si_ho","가앤슬_","mungjungh","-KYU-","crani","k@ster","Yaksok~",9,R,"가앤슬_",190,90.016,0.2,3,60,W,Y,1,6997.836,210,47,133,105,67,,145,87,43.589,37.025,-0.105,0.884,-19.917,-1,0,0.619,325.2,-184.452,42.192,6999.581,-39.1,-74.251,6999.924,8,-38.573,1.129,-73.426,0,0,,7003.761,,,,,,,,,,,,,7003.188,3,,457,0,,,,,,,,,,,,,,,,,,,0.27,-37.497,-0.043,-17.604,-23.127,-49.114,-16.958,-62.377,19.202,-46.284,12.784,-65.456,47.613,-98.977,-0.987,-109.789,-44.684,-94.053,0.318,-37.363,,"encounter v",-0.211,-17.687,,"쟈가리코",-22.586,-49.281,,"muyang_",-16.969,-62.39,,"わだ、、",19.563,-46.564,,"shimenawa",13.173,-65.093,,"ddil_ddil69",47.629,-98.917,,"ByeolBam",-1.62,-110.444,,"yumi2012",-44.662,-94.07,95,7008.061,-0.093,-38.139,,,,,,,,,,,,,,,,,,,,,,7003.199,-39.283,-74.322,,,,,,,,,,,,,,,,,,,,,,,,,7006.22,-27.82,-61.525,"",1,,,,,,,,,,,,,0,"yumi2012",,,,128,""
197,,9,0,3,3,0,0,1,0,0,0,255,255,255,73,7028.805,"DoYaGee",R,3,73,112,-3.784,-0.034,0.027,1.09,-0.804,1.62,-36.487,18.865,6,6,88,4,"",-471.268,0,25.515,0,0,4,"=","=","=","=","=","=","=","=","=",1,R,"mungjungh",190,90.362,0.403,,60,W,Y,1,,,,,,,,,,,,,,,,,,,,,,,,,,,,,0,0,,,,,,,,,,,,,,,,,,,,,,,,,,,,,,,,,,,,,,0.016,-37.699,-0.053,-17.71,-24.941,-50.916,-16.806,-62.718,21.221,-46.342,13.695,-64.403,42.339,-97.198,-1.287,-111.085,-45.133,-95.275,,,,"",,,,"",,,,"",,,,"",,,,"",,,,"",,,,"",,,,"",,,,7032.452,-0.19,-36.742,,,,,,,,,,,,,,,,,,,,,,,,,,,,,,,,,,,,,,,,,,,,,,,,,,,,"",0,,,,,,,,,,,,,0,"",,,,0,""
198,,9,0,3,3,0,1,1,0,0,0,255,255,255,74,7047.683,"DoYaGee",R,3,74,113,-0.58,-1.921,0.342,0.807,0.59,0.434,-36.487,53.387,9,13,78,1,"",-484.639,0,-0.853,-0.34,-17.557,4,"=","=","=","=","=","=","=","=","=",1,R,"mungjungh",190,90.362,0.403,,60,W,Y,0,,,,,,,,,,,,,,,,,,,,,,,,,,,,,0,0,,,,,,,,,,,,,,,,,,,,,,,,,,,,,,,,,,,,,,0.158,-37.61,-0.044,-17.736,-21.83,-47.49,-16.853,-62.753,20.23,-46.303,13.775,-64.778,42.465,-97.674,-4.357,-113.808,-46.372,-96.303,,,,"",,,,"",,,,"",,,,"",,,,"",,,,"",,,,"",,,,"",,,,7051.613,-0.094,-36.976,,,,,,,,,,,,,,,,,,,,,,,,,,,,,,,,,,,,,,,,,,,,,,,,,,,,"",0,,,,,,,,,,,,,0,"",,,,0,""
199,,9,0,3,3,1,1,1,0,0,0,255,255,255,75,7067.173,"DoYaGee",R,3,75,118,-1.201,-0.129,0.196,1.069,-0.018,1.552,-36.487,22.107,5,9,86,2,"",-307.57,0,12.044,0,0,4,"=","=","=","=","=","=","=","=","=",1,R,"mungjungh",190,90.362,0.403,5,60,W,Y,1,7068.261,154,111,118,74,32,,145,131,32.985,9.888,-0.24,0.957,-20.099,0.59,0,0.371,357.272,307.568,164.825,7071.068,-31.413,-135.59,,,,,,0,0,,7075.4,7080.526,7085.629,7090.779,,,,,,,,,,,,,,,,,,,,,,,,,,,,,,,,,0.133,-37.767,-0.142,-17.709,-21.766,-47.448,-16.859,-62.754,20.019,-46.121,13.406,-64.706,42.969,-98.899,-0.126,-116.67,-46.316,-96.338,-0.001,-36.855,,"encounter v",-0.189,-17.741,,"쟈가리코",-21.622,-47.323,,"muyang_",-16.855,-62.72,,"わだ、、",19.515,-46.36,,"shimenawa",14.26,-64.286,,"ddil_ddil69",42.994,-98.825,,"ByeolBam",0.243,-117.081,,"yumi2012",-46.273,-96.312,,,,,,,,,,,,,,,,,,,,,,,,,,,,,,,,,,,,,,,,,,,,,,,,,,,,,,,,"",4,12.69,12.69,9.178,0,0,1,61.53,61.53,49.402,61.53,0,11.946,0,"",7080.526,7085.629,7089.216,0,""
200,END,10,1,3,4,0,0,0,0,0,0,255,255,255,,7135.556,,,,,,,,,,,,,,,,,,,,,,,,,,,,,,,,,,,,,,,,,,,,,,,,,,,,,,,,,,,,,,,,,,,,,,,,,,,,,,,,,,,,,,,,,,,,,,,,,,,,,,,,,,,,,,,,,,,,,,,,,,,,,,,,,,,,,,,,,,,,,,,,,,,,,,,,,,,,,,,,,,,,,,,,,,,,,,,,,,,,,,,,,,,,,,,,,,,,,,,,,,,,,,,,,,,,,,,,,,,,,,,,,,,,,,,,,,,,,,,"{""schemaVersion"":16,""gameTimeZeroUtc"":""2026-08-15T12:10:42.070Z"",""exportedAtUtc"":""2026-08-15T14:09:37.626Z"",""teamNameA"":""KW"",""teamNameB"":""MSS""}"
