id,type,inn,half,scoreA,scoreB,ball,strk,out,b1,b2,b3,b1Idx,b2Idx,b3Idx,pCnt,pSec,pName,pHand,pType,pPow,spdK,zoneX,zoneY,startX,startY,targetX,targetY,zDist,pitchAngle,pOver,pSide,pUnder,call,manual,sH,sV,gyro,plx,plz,bIdx,order1Name,order2Name,order3Name,order4Name,order5Name,order6Name,order7Name,order8Name,order9Name,bPos,bZone,bName,bHCm,batLen,batCen,batType,bFps,bOS,bVR,bSwing,hSec,rotS,rotL,shS,lgS,prepS,gripPen,batSpd,ev,ldeg,sdeg,launchPosX,launchPosY,launchPosZ,hPos,buntGrip,handDist,angVeloX,angVeloY,angVeloZ,ltSec,lx,lz,cSec,cPos,cx,cy,cz,1BSafe,tag,cpSec,bTo1Sec,bTo2Sec,bTo3Sec,bToHSec,r1To2Sec,r1To3Sec,r1ToHSec,r2To3Sec,r2ToHSec,r3ToHSec,r1LeaveSec,r2LeaveSec,r3LeaveSec,out1Sec,out1BatterIndex,out1PrevBase,out1Code,out1Ass,out2Sec,out2BatterIndex,out2PrevBase,out2Code,out2Ass,out3Sec,out3BatterIndex,out3PrevBase,out3Code,out3Ass,ball1Sec,ball1Pos,ball2Sec,ball2Pos,ball3Sec,ball3Pos,ballHSec,ballHPos,PitchPPosX,PitchPPosZ,PitchCPosX,PitchCPosZ,Pitch1BPosX,Pitch1BPosZ,Pitch2BPosX,Pitch2BPosZ,Pitch3BPosX,Pitch3BPosZ,PitchSSPosX,PitchSSPosZ,PitchLFPosX,PitchLFPosZ,PitchCFPosX,PitchCFPosZ,PitchRFPosX,PitchRFPosZ,PPosX,PPosY,PThrSpd,CName,CPosX,CPosY,CThrSpd,1BName,1BPosX,1BPosY,1BThrSpd,2BName,2BPosX,2BPosY,2BThrSpd,3BName,3BPosX,3BPosY,3BThrSpd,SSName,SSPosX,SSPosY,SSThrSpd,LFName,LFPosX,LFPosY,LFThrSpd,CFName,CFPosX,CFPosY,CFThrSpd,RFName,RFPosX,RFPosY,RFThrSpd,PGetSec,PGetX,PGetZ,CGetSec,CGetX,CGetZ,1BGetSec,1BGetX,1BGetZ,2BGetSec,2BGetX,2BGetZ,3BGetSec,3BGetX,3BGetZ,SSGetSec,SSGetX,SSGetZ,LFGetSec,LFGetX,LFGetZ,CFGetSec,CFGetX,CFGetZ,RFGetSec,RFGetX,RFGetZ,PThrSec,PThrX,PThrZ,CThrSec,CThrX,CThrZ,1BThrSec,1BThrX,1BThrZ,2BThrSec,2BThrX,2BThrZ,3BThrSec,3BThrX,3BThrZ,SSThrSec,SSThrX,SSThrZ,LFThrSec,LFThrX,LFThrZ,CFThrSec,CFThrX,CFThrZ,RFThrSec,RFThrX,RFThrZ,errPosDelta,result,swPreDeg,swTargetDeg,swApproachDeg,swCorr,swSource,swProximity,swVRawDeg,swVAdjustedDeg,swVMotionDeg,swVClosestDeg,swVYShrink,swGeometryDeg,balk,cPlr,sb2Sec,sb3Sec,sbhSec,ass,remarks
1,,1,1,0,0,0,0,0,0,0,0,255,255,255,0,1891.296,"あくせる",R,27,83,135,1.163,-0.08,0.334,1.481,0.376,1.433,-36.443,24.059,0,100,0,0,"",86.038,-148.721,10.287,0,0,0,"-라후이-","Ainy4／あいにゃ","Slaris","Kenomo","Floră","ディシジョン","즉석카레","낑깡__","아침땅_",0,R,"-라후이-",190,85.586,0.496,,88,W,Y,0,,,,,,,,,,,,,,,,,,,,,,,,,,,,,0,0,,,,,,,,,,,,,,,,,,,,,,,,,,,,,,,,,,,,,,0.005,-37.302,0.032,-17.193,-22.382,-51.621,-13.432,-60.788,21.455,-51.986,10.663,-64.305,43.478,-91.12,-1.298,-117.497,-50.501,-95.175,,,,"",,,,"",,,,"",,,,"",,,,"",,,,"",,,,"",,,,"",,,,,,,,,,,,,,,,,,,,,,,,,,,,,,,,,,,,,,,,,,,,,,,,,,,,,,,,,,"",0,,,,,,,,,,,,,0,"",,,,0,""
2,,1,1,0,0,0,1,0,0,0,0,255,255,255,1,1908.097,"あくせる",R,13,83,107,-2.468,-1.263,0.136,1.363,-0.364,1.251,-36.443,20.015,40,60,0,1,"",-379.786,312.348,-16.273,0,0,0,"=","=","=","=","=","=","=","=","=",0,R,"-라후이-",190,85.586,0.496,,88,W,Y,0,,,,,,,,,,,,,,,,,,,,,,,,,,,,,0,0,,,,,,,,,,,,,,,,,,,,,,,,,,,,,,,,,,,,,,-0.01,-37.499,-0.039,-17.178,-22.311,-51.297,-13.224,-60.955,21.581,-51.525,11.122,-64.379,42.769,-91.15,-1.468,-117.419,-51.104,-95.097,,,,"",,,,"",,,,"",,,,"",,,,"",,,,"",,,,"",,,,"",,,,,,,,,,,,,,,,,,,,,,,,,,,,,,,,,,,,,,,,,,,,,,,,,,,,,,,,,,"",0,,,,,,,,,,,,,0,"",,,,0,""
3,,1,1,0,0,1,1,0,0,0,0,255,255,255,2,1924.129,"あくせる",R,27,90,140,2.451,0.283,0.445,1.556,0.892,1.677,-36.443,22.555,0,100,0,4,"",122.166,-134.574,20.498,0,0,0,"=","=","=","=","=","=","=","=","=",0,R,"-라후이-",190,85.586,0.496,,88,W,Y,1,,,,,,,,,,,,,,,,,,,,,,,,,,,,,0,0,,,,,,,,,,,,,,,,,,,,,,,,,,,,,,,,,,,,,,0.097,-37.362,0.019,-17.284,-22.343,-51.327,-13.339,-60.906,21.609,-51.501,11.177,-64.437,42.783,-91.209,-1.324,-117.472,-51.054,-95.081,,,,"",,,,"",,,,"",,,,"",,,,"",,,,"",,,,"",,,,"",,,,,,,,,,,,,,,,,,,,,,,,,,,,,,,,,,,,,,,,,,,,,,,,,,,,,,,,,,"",0,,,,,,,,,,,,,0,"",,,,0,""
4,,1,1,0,0,1,2,0,0,0,0,255,255,255,3,1942.38,"あくせる",R,10,94,128,1.252,-1.189,0.368,1.433,0.534,1.278,-36.443,21.02,53,47,0,2,"",0,400,25.013,0,0,0,"=","=","=","=","=","=","=","=","=",0,R,"-라후이-",190,85.586,0.496,3,88,W,Y,1,1943.25,135,126,174,63,59,,141,130,-30,-39.062,0.225,0.479,-19.715,0.56,0,0.227,2.537,-511.952,224.673,1942.243,0.917,-20.564,1946.224,6,51.793,0.056,-77.678,1,0,,1949.326,,,,,,,,,,,,,,,,,,,,,,,,,,,,,,,,,,,,-0.004,-38.179,0.013,-17.23,-22.276,-50.938,-12.626,-61.23,21.319,-51.836,10.974,-64.46,45.17,-93.033,-2.402,-115.731,-54.179,-95.808,-0.041,-36.641,,"kneesohime",0.047,-17.334,,"にゃんこ65K",-22.027,-50.901,,"vovopo 보보포",-12.59,-61.233,85,"Parottey",21.252,-51.502,,"CoalCat",10.953,-64.5,,"Roscosmos",44.789,-92.851,113,"「yune」",-2.395,-115.727,,"Espressο",-52.827,-94.226,,1954.17,-0.059,-38.927,,,,,,,1950.293,0.634,-59.7,,,,,,,1947.249,53.03,-78.906,,,,,,,,,,,,,,,,1953.139,-3.169,-55.549,,,,,,,1948.266,45.964,-76.811,,,,,,,"",2,,,,,,,,,,,,,0,"Roscosmos",,,,384,""
5,,1,1,0,0,0,0,0,1,0,0,0,255,255,4,1972.724,"あくせる",R,26,83,135,-2.231,-0.373,0.035,1.466,-1.017,1.382,-36.443,13.045,0,100,0,3,"",107.365,-150.887,18.608,0,0,1,"=","=","=","=","=","=","=","=","=",1,L,"Ainy4／あいにゃ",189.2,85,0.512,,76,W,Y,0,,,,,,,,,,,,,,,,,,,,,,,,,,,,,0,0,,,,,,,,,,,,,,,,,,,,,,,,,,,,,,,,,,,,,,-0.049,-37.324,0.081,-17.359,-20.056,-41.193,-10.872,-60.453,22.696,-47.912,12.524,-63.479,46.265,-87.042,5.512,-114.087,-44.493,-100.374,,,,"",,,,"",,,,"",,,,"",,,,"",,,,"",,,,"",,,,"",,,,1998.706,0.284,-38.136,,,,,,,,,,,,,,,,,,,,,,,,,,,,,,,,,,,,,,,,,,,,,,,,,,,,"",6,,,,,,,,,,,,,0,"",,,,0,""
6,,1,1,0,0,0,0,0,1,1,0,1,0,255,5,2003.993,"あくせる",R,26,82,133,1.324,0.792,0.358,1.647,0.484,1.969,-36.443,23.289,0,100,0,0,"",66.593,-156.551,14.014,0,0,2,"=","=","=","=","=","=","=","=","=",4,R,"Slaris",190,85.704,0.452,,76,W,Y,0,,,,,,,,,,,,,,,,,,,,,,,,,,,,,0,0,,,,,,,,,,,,,2017.576,,,,,,,,,,,,,,,,,,,,,,,,,0.031,-37.336,0.022,-17.243,-20.866,-47.04,-13.789,-60.54,19.618,-46.516,8.634,-62.321,41.605,-89.96,-5.317,-112.96,-50.521,-98.221,,,,"",,,,"",,,,"",,,,"",,,,"",,,,"",,,,"",,,,"",,,,2008.674,-0.04,-36.995,,,,,,,,,,,,,,,,,,,,,,,,,,,,,,,,,,,,,,,,,,,,,,,,,,,,"",0,,,,,,,,,,,,,0,"",2007.505,,,0,""
7,,1,1,0,0,0,1,0,1,1,0,1,0,255,6,2023.589,"あくせる",R,10,93,128,-0.12,-0.952,0.226,1.368,-0.127,1.066,-36.443,18.452,11,89,0,2,"",0,400,6.299,0,0,2,"=","=","=","=","=","=","=","=","=",4,R,"Slaris",190,85.704,0.452,3,76,W,Y,1,2024.468,165,79,144,98,53,,145,130,-23.746,3.639,-0.064,0.335,-20.632,0.45,0,0.15,-577.535,-106.34,92.786,2023.382,-0.11,-21.364,2027.394,7,-6.821,0.055,-99.8,1,0,,2030.158,,,,2029.304,,,2029.611,,,2023.73,,,,,,,,,,,,,,,,,,,,,,,,,,0.013,-37.235,0.021,-17.562,-20.689,-46.672,-13.798,-60.548,20.195,-45.719,7.745,-62.125,41.179,-89.342,-6.852,-112.17,-50.484,-98.248,0.005,-36.79,,"kneesohime",-0.067,-17.675,,"にゃんこ65K",-20.544,-46.741,,"vovopo 보보포",-13.551,-59.798,,"Parottey",20.141,-45.708,,"CoalCat",8.704,-62.204,102,"Roscosmos",41.05,-89.7,,"「yune」",-7.162,-112.15,113,"Espressο",-50.495,-98.241,,2033.089,0.704,-37.411,,,,,,,,,,,,,2031.244,-0.107,-60.155,,,,2028.38,-6.798,-101.369,,,,,,,,,,,,,,,,,,,2032.191,0.524,-54.183,,,,2029.643,-6.06,-93.672,,,,"",2,,,,,,,,,,,,,0,"「yune」",2029.304,2029.611,,96,""
8,,1,1,0,0,0,0,0,1,1,1,4,1,0,7,2105.482,"あくせる",R,27,86,140,1.807,0.02,0.397,1.512,0.667,1.526,-36.443,24.002,0,100,0,1,"",93.714,-105.665,10.791,0,0,3,"=","=","=","=","=","=","=","=","=",8,R,"Kenomo",179.7,80,0.449,,89,W,Y,0,,,,,,,,,,,,,,,,,,,,,,,,,,,,,0,0,,,,,,,,,,,,2119.784,,2126.611,,,,,,,,,,,,,,,,,,,,,,,,0.059,-37.279,0.096,-17.058,-19.659,-47.37,-9.995,-56.355,20.112,-45.964,8.133,-55.565,43.606,-85.404,-13.318,-111.182,-47.412,-93.606,,,,"",,,,"",,,,"",,,,"",,,,"",,,,"",,,,"",,,,"",,,,2110.264,-0.099,-37.135,,,,,,,,,,,,,,,,,,,,,,,,,,,,,,,,,,,,,,,,,,,,,,,,,,,,"",0,,,,,,,,,,,,,0,"",2107.988,2107.545,,0,""
9,,1,1,0,0,1,0,0,1,1,1,4,1,0,8,2126.668,"あくせる",R,13,76,114,-0.031,-0.85,0.393,1.507,0.65,1.511,-36.443,25.945,23,77,0,0,"",-390.434,312.348,-23.219,0,0,3,"=","=","=","=","=","=","=","=","=",8,R,"Kenomo",179.7,80,0.449,,89,W,Y,0,,,,,,,,,,,,,,,,,,,,,,,,,,,,,0,0,,,,,,,,,,,,2140.872,2126.719,,,,,,,,,,,,,,,,,,,,,,,,,0.104,-37.501,0.083,-17.002,-19.578,-47.095,-9.989,-56.355,20.471,-46.576,8.134,-55.58,43.607,-85.414,-12.746,-110.707,-48.779,-95.202,,,,"",,,,"",,,,"",,,,"",,,,"",,,,"",,,,"",,,,"",,,,2131.619,-0.078,-36.971,,,,,,,,,,,,,,,,,,,,,,,,,,,,,,,,,,,,,,,,,,,,,,,,,,,,"",0,,,,,,,,,,,,,0,"",2129.441,2129.231,,0,""
10,,1,1,0,0,1,1,0,1,1,1,4,1,0,9,2146.884,"あくせる",R,11,91,134,-1.845,-1.692,0.08,1.303,-0.806,0.811,-36.443,17.245,40,60,0,2,"",0,197.687,14.548,0,0,3,"=","=","=","=","=","=","=","=","=",8,R,"Kenomo",179.7,80,0.449,3,89,W,Y,1,2147.951,178,54,67,74,0,,140,95,-26.547,-4.848,-0.351,0.354,-20.077,0.96,0,0.202,-187.368,-126.897,-18.656,2146.873,-0.3,-20.666,2147.873,0,0.937,1.367,-35.169,0,0,,2153.378,,,,2152.154,,,2152.707,,2153.74,,,2147.295,2151.499,0,3,194,0,2152.909,3,,147,4,,,,,,,,,,,,2150.916,1,-0.034,-37.306,-0.002,-17.114,-19.759,-46.83,-9.998,-56.364,20.441,-45.94,8.124,-55.62,41.348,-90.84,-11.938,-110.507,-48.891,-95.211,-0.062,-36.724,119,"kneesohime",-0.116,-17.384,130,"にゃんこ65K",-19.92,-46.688,81,"vovopo 보보포",-9.961,-56.267,,"Parottey",20.172,-45.8,,"CoalCat",8.115,-55.567,,"Roscosmos",41.338,-90.813,,"「yune」",-11.947,-110.498,,"Espressο",-48.818,-95.198,,2148.982,1.053,-35.625,2150.513,0.236,-20.803,2152.404,-18.874,-39.001,,,,,,,,,,,,,,,,,,,2149.836,0.908,-34.256,2151.509,-2.283,-23.304,2158.351,-17.356,-40.346,,,,,,,,,,,,,,,,,,,"",2,,,,,,,,,,,,,0,"あくせる",2152.154,2152.707,2153.74,6,""
11,,1,1,0,0,0,0,2,0,1,1,255,4,1,10,2180.612,"あくせる",R,13,77,115,-2.801,-0.888,0.109,1.47,-0.671,1.397,-36.443,19.984,0,100,0,1,"",-377.953,327.34,-18.12,0,0,4,"=","=","=","=","=","=","=","=","=",2,R,"Floră",190,85,0.404,,74,W,Y,0,,,,,,,,,,,,,,,,,,,,,,,,,,,,,0,0,,,,,,,,,,,,,2192.031,,,,,,,,,,,,,,,,,,,,,,,,,-0.038,-37.431,-0.068,-17.12,-21.464,-48.983,-12.347,-59.814,19.615,-43.729,10.256,-63.171,39.991,-88.158,-13.949,-112.818,-53.462,-95.677,,,,"",,,,"",,,,"",,,,"",,,,"",,,,"",,,,"",,,,"",,,,2185.455,-0.492,-37.15,,,,,,,,,,,,,,,,,,,,,,,,,,,,,,,,,,,,,,,,,,,,,,,,,,,,"",0,,,,,,,,,,,,,0,"",2183.475,2183.47,,0,""
12,,1,1,0,0,1,0,2,0,1,1,255,4,1,11,2196.917,"あくせる",R,26,94,140,-1.116,-0.742,0.107,1.346,-0.681,0.995,-36.443,20.67,0,100,0,0,"",143.499,-184.395,14.995,0,0,4,"=","=","=","=","=","=","=","=","=",2,R,"Floră",190,85,0.404,,74,W,Y,0,,,,,,,,,,,,,,,,,,,,,,,,,,,,,0,0,,,,,,,,,,,,,2210.539,2196.97,,,,,,,,,,,,,,,,,,,,,,,,-0.004,-37.408,0.014,-17.042,-21.011,-49.326,-12.301,-59.839,18.921,-40.941,9.856,-62.736,41.358,-88.204,-6.588,-113.133,-58.913,-94.339,,,,"",,,,"",,,,"",,,,"",,,,"",,,,"",,,,"",,,,"",,,,2201.525,-0.392,-37.303,,,,,,,,,,,,,,,,,,,,,,,,,,,,,,,,,,,,,,,,,,,,,,,,,,,,"",0,,,,,,,,,,,,,0,"",2199.724,2199.453,,0,""
13,,1,1,0,0,1,1,2,0,1,1,255,4,1,12,2218.379,"あくせる",R,32,84,136,1.278,0.582,0.323,1.611,0.325,1.855,-36.443,18.122,0,100,0,0,"",161.731,-140.657,21.073,0,0,4,"=","=","=","=","=","=","=","=","=",2,R,"Floră",190,85,0.404,,74,W,Y,1,,,,,,,,,,,,,,,,,,,,,,,,,,,,,0,0,,,,,,,,,,,,,2231.215,2218.441,,,,,,,,,,,,,,,,,,,,,,,,0.086,-37.537,0.032,-17.065,-21.349,-48.922,-12.298,-59.873,19.317,-44.074,11.307,-62.05,41.027,-88.949,-6.538,-113.116,-57.743,-95.525,,,,"",,,,"",,,,"",,,,"",,,,"",,,,"",,,,"",,,,"",,,,2222.825,-0.215,-37.176,,,,,,,,,,,,,,,,,,,,,,,,,,,,,,,,,,,,,,,,,,,,,,,,,,,,"",0,,,,,,,,,,,,,0,"",2221.04,2220.492,,0,""
14,,1,1,0,0,1,2,2,0,1,1,255,4,1,13,2239.664,"あくせる",R,32,95,140,-0.594,-0.456,0.142,1.401,-0.517,1.175,-36.443,20.663,0,100,0,0,"",190.992,-183.436,14.033,0,0,4,"=","=","=","=","=","=","=","=","=",2,R,"Floră",190,85,0.404,,74,W,Y,0,,,,,,,,,,,,,,,,,,,,,,,,,,,,,0,0,,,,,,,,,,,,,2243.29,2239.67,2242.084,4,,578,0,,,,,,,,,,,,,,,,,,,-0.015,-37.425,-0.053,-17.179,-21.028,-48.984,-12.298,-59.862,19.173,-47.249,10.45,-62.324,41.512,-89.339,-6.367,-113.235,-57.653,-95.64,,,,"",,,,"",,,,"",,,,"",,,,"",,,,"",,,,"",,,,"",,,,,,,,,,,,,,,,,,,,,,,,,,,,,,,,,,,,,,,,,,,,,,,,,,,,,,,,,,"",0,,,,,,,,,,,,,0,"",2242.861,2241.841,,0,""
15,SIDE,1,1,0,0,0,0,2,0,1,1,255,4,1,,2243.88,,,,,,,,,,,,,,,,,,,,,,,,5,"=","=","=","=","=","=","=","=","=",,,,,,,,,,,,,,,,,,,,,,,,,,,,,,,,,,,,,,,0,0,,,,,,,,,,,,,,,,,,,,,,,,,,,,,,,,,,,,,,,,,,,,,,,,,,,,,,,,,,,,,,,,,,,,,,,,,,,,,,,,,,,,,,,,,,,,,,,,,,,,,,,,,,,,,,,,,,,,,,,,,,,,,,,,,,,,,,,,,,,,,,,,,"",0,,,,,,,,,,,,,0,"",,,,0,""
16,,1,0,0,0,0,0,0,0,0,0,255,255,255,0,2381.571,"-라후이-",R,13,71,110,0.295,-0.181,0.421,1.697,0.691,1.866,-36.439,17.863,100,0,0,0,"",-372.75,333.253,-2.33,0,0,0,"?fredo?","にゃんこ65K","kneesohime","Parottey","Espressο","CoalCat","「yune」","vovopo 보보포","Roscosmos",9,R,"?fredo?",190,83.536,0.353,,73,W,Y,0,,,,,,,,,,,,,,,,,,,,,,,,,,,,,0,0,,,,,,,,,,,,,,,,,,,,,,,,,,,,,,,,,,,,,,0.182,-37.502,-0.012,-17.234,-20.139,-46.193,-12.869,-65.228,20.572,-47.503,12.846,-64.535,42.187,-94.318,-0.48,-111.714,-50.124,-97.615,,,,"",,,,"",,,,"",,,,"",,,,"",,,,"",,,,"",,,,"",,,,,,,,,,,,,,,,,,,,,,,,,,,,,,,,,,,,,,,,,,,,,,,,,,,,,,,,,,"",0,,,,,,,,,,,,,0,"",,,,0,""
17,,1,0,0,0,0,1,0,0,0,0,255,255,255,1,2399.679,"-라후이-",R,13,66,107,-1.312,-0.211,0.333,1.811,-0.055,2.02,-36.439,30.399,100,0,0,2,"",-275.539,400,-9.568,0,0,0,"=","=","=","=","=","=","=","=","=",9,R,"?fredo?",190,83.536,0.353,0,73,W,Y,1,2400.917,255,102,90,87,56,,145,92,-27.281,8.45,-0.323,0.865,-20.357,-1,0,0.21,-516.78,260.948,137.567,2399.903,-0.555,-21.909,2402.34,3,-8.406,0.083,-62.643,0,0,,,,,,,,,,,,,,,2405.872,0,,147,128,,,,,,,,,,,,,,,,,,,0.001,-37.473,-0.036,-17.264,-19.962,-45.951,-12.944,-65.218,20.632,-47.576,12.365,-64.614,42.154,-94.414,-0.53,-111.758,-51.843,-98.989,0.052,-36.943,,"Ainy4／あいにゃ",-0.092,-17.386,,"Floră",-19.901,-45.912,85,"낑깡__",-13.478,-67.021,98,"Slaris",20.373,-47.433,,"즉석카레",12.71,-66.162,,"ディシジョン",42.137,-94.409,,"아침땅_",-0.632,-111.514,,"Kenomo",-53.123,-100.881,,2409.612,-1.726,-39.77,,,,2405.316,-18.844,-41.422,2403.505,-8.756,-64.164,,,,,,,,,,,,,,,,,,,,,,2408.64,-17.822,-39.168,2404.214,-9.972,-61.105,,,,,,,,,,,,,,,,"",2,,,,,,,,,,,,,0,"낑깡__",,,,145,""
18,,1,0,0,0,0,0,1,0,0,0,255,255,255,2,2609.351,"-라후이-",R,13,70,110,-0.242,-0.142,0.382,1.709,0.436,1.908,-36.439,13.816,53,47,0,2,"",-358.572,348.463,-4.239,0,0,1,"=","=","=","=","=","=","=","=","=",2,R,"にゃんこ65K",190,91.072,0.646,0,71,W,Y,1,2610.491,187,129,124,61,51,,145,133,26.233,47.559,-0.048,0.96,-20.372,0.31,0,0.505,265.345,-136.736,118.534,2614.134,-87.255,-103.517,,,,,,0,0,,,,,,,,,,,,,,,,,,,,,,,,,,,,,,,,,,,,,,0.197,-37.526,-0.054,-17.219,-16.661,-42.389,-12.974,-65.35,21.62,-49.682,9.01,-66.501,42.509,-99.208,-0.336,-115.725,-51.878,-99.065,0.136,-36.425,,"Ainy4／あいにゃ",-0.082,-17.315,,"Floră",-17.107,-42.663,,"낑깡__",-13.219,-66.137,,"Slaris",21.207,-49.647,,"즉석카레",9.213,-68.354,,"ディシジョン",42.511,-99.204,,"아침땅_",-0.414,-116.121,,"Kenomo",-51.067,-99.548,,,,,,,,,,,,,,,,,,,,,,,,,,,,,,,,,,,,,,,,,,,,,,,,,,,,,,,,"",3,,,,,,,,,,,,,0,"",,,,0,""
19,,1,0,0,0,0,1,1,0,0,0,255,255,255,3,2632.775,"-라후이-",R,26,69,121,2.255,0.565,0.517,1.815,0.699,1.76,-36.439,32.242,100,0,0,2,"",167.561,-200,8.548,0,0,1,"=","=","=","=","=","=","=","=","=",2,R,"にゃんこ65K",190,91.072,0.646,0,89,W,Y,0,2633.924,97,68,55,55,17,,129,90,-47.067,43.077,0.426,1.169,-19.381,-0.58,0,0.195,-178.211,-113.532,338.169,2632.8,-0.525,-20.401,2634.564,2,-16.297,2.18,-37.345,0,0,,,,,,,,,,,,,,,2637.164,1,,147,0,,,,,,,,,,,2636.646,2,,,,,,,0.194,-37.558,-0.032,-17.208,-16.851,-42.406,-13.154,-65.162,21.242,-49.061,10.239,-65.594,43.071,-97.695,-0.596,-115.453,-50.593,-99.519,0.362,-36.88,,"Ainy4／あいにゃ",0.048,-17.293,,"Floră",-16.928,-42.56,83,"낑깡__",-13.392,-65.956,,"Slaris",20.915,-49.446,,"즉석카레",11.272,-66.395,,"ディシジョン",43.085,-97.713,,"아침땅_",-0.506,-115.395,,"Kenomo",-49.486,-99.736,,2640.126,-1.997,-38.953,,,,2635.672,-16.999,-38.034,,,,,,,,,,,,,,,,,,,,,,,,,2639.12,-18.072,-39.111,,,,,,,,,,,,,,,,,,,"",2,,,,,,,,,,,,,0,"Floră",,,,17,""
20,,1,0,0,0,0,0,2,0,0,0,255,255,255,4,2656.993,"-라후이-",R,14,85,123,-0.305,-0.688,0.064,1.431,-0.625,1.499,-36.439,10.151,70,30,0,0,"",365.678,340.998,18.875,0,0,2,"=","=","=","=","=","=","=","=","=",1,R,"kneesohime",190,84.513,0.501,,71,W,Y,0,,,,,,,,,,,,,,,,,,,,,,,,,,,,,0,0,,,,,,,,,,,,,,,,,,,,,,,,,,,,,,,,,,,,,,-0.068,-37.471,-0.029,-17.22,-17.022,-42.591,-12.978,-65.192,20.876,-50.48,7.994,-67.143,43.713,-101.916,-0.542,-115.569,-53.273,-101.563,,,,"",,,,"",,,,"",,,,"",,,,"",,,,"",,,,"",,,,"",,,,2660.97,-0.306,-37.499,,,,,,,,,,,,,,,,,,,,,,,,,,,,,,,,,,,,,,,,,,,,,,,,,,,,"",0,,,,,,,,,,,,,0,"",,,,0,""
21,,1,0,0,0,0,1,2,0,0,0,255,255,255,5,2671.939,"-라후이-",R,13,62,105,-0.965,-0.201,0.376,1.791,0.23,1.967,-36.439,29.776,100,0,0,2,"",-343.044,347.629,-1.49,0,0,2,"=","=","=","=","=","=","=","=","=",1,R,"kneesohime",190,84.513,0.501,3,71,W,Y,1,2673.161,255,114,106,115,66,,145,87,-30,51.544,-0.148,1.003,-20.899,1,0,0.294,132.868,79.181,-468.395,2672.042,-2.168,-22.499,,,,,,0,0,,,,,,,,,,,,,,,,,,,,,,,,,,,,,,,,,,,,,,0.099,-37.661,-0.039,-17.209,-17.043,-42.614,-13.102,-65.215,21.048,-50.426,7.963,-66.289,43.362,-101.618,-0.784,-115.933,-53.356,-101.629,0.203,-37.14,,"Ainy4／あいにゃ",-0.126,-17.343,,"Floră",-17.113,-42.773,,"낑깡__",-13.526,-66.48,,"Slaris",20.758,-50.581,,"즉석카레",8.141,-67.558,,"ディシジョン",43.361,-101.62,,"아침땅_",-0.916,-115.9,,"Kenomo",-53.238,-101.479,,,,,,,,,,,,,,,,,,,,,,,,,,,,,,,,,,,,,,,,,,,,,,,,,,,,,,,,"",3,,,,,,,,,,,,,0,"",,,,0,""
22,,1,0,0,0,0,2,2,0,0,0,255,255,255,6,2690.139,"-라후이-",R,10,70,100,-0.999,-0.826,0.2,1.829,-0.44,1.683,-36.439,24.07,100,0,0,2,"",0,400,-0.127,0,0,2,"=","=","=","=","=","=","=","=","=",1,R,"kneesohime",190,84.513,0.501,3,86,W,Y,1,2691.368,255,176,187,108,68,,145,87,0.368,29.886,-0.169,0.812,-21.102,-1,0,0.443,187.804,-191.134,168.9,2690.8,-7.456,-34.021,2691.673,2,-12.188,0.059,-41.969,0,0,,,,,,,,,,,,,,,2695.007,2,,147,0,,,,,,,,,,,2694.487,2,,,,,,,0.073,-37.691,-0.051,-17.219,-16.616,-42.036,-13.001,-65.262,21.377,-49.951,9.123,-66.377,46.503,-100.427,-1.062,-115.991,-54.215,-100.802,0.088,-36.907,,"Ainy4／あいにゃ",-0.124,-17.342,,"Floră",-16.668,-42.111,,"낑깡__",-13.681,-66.307,,"Slaris",21.363,-49.897,,"즉석카레",9.411,-67.311,,"ディシジョン",45.961,-98.208,,"아침땅_",-1.283,-115.455,,"Kenomo",-52.386,-101.992,,,,,,,,2692.773,-12.712,-42.727,,,,,,,,,,,,,,,,,,,,,,,,,,,,,,,,,,,,,,,,,,,,,,"",2,,,,,,,,,,,,,0,"Floră",,,,16,""
23,SIDE,1,0,0,0,0,0,2,0,0,0,255,255,255,,2696.532,,,,,,,,,,,,,,,,,,,,,,,,3,"=","=","=","=","=","=","=","=","=",,,,,,,,,,,,,,,,,,,,,,,,,,,,,,,,,,,,,,,0,0,,,,,,,,,,,,,,,,,,,,,,,,,,,,,,,,,,,,,,,,,,,,,,,,,,,,,,,,,,,,,,,,,,,,,,,,,,,,,,,,,,,,,,,,,,,,,,,,,,,,,,,,,,,,,,,,,,,,,,,,,,,,,,,,,,,,,,,,,,,,,,,,,"",0,,,,,,,,,,,,,0,"",,,,0,""
24,,2,1,0,0,0,0,0,0,0,0,255,255,255,17,2776.805,"あくせる",R,26,86,140,1.271,0.656,0.338,1.605,0.395,1.844,-36.443,21.794,0,100,0,0,"",129.175,-174.073,15.515,0,0,5,"-라후이-","Ainy4／あいにゃ","Slaris","Kenomo","Floră","ディシジョン","즉석카레","낑깡__","아침땅_",6,R,"ディシジョン",180.2,92.087,0.582,,70,W,Y,0,,,,,,,,,,,,,,,,,,,,,,,,,,,,,0,0,,,,,,,,,,,,,,,,,,,,,,,,,,,,,,,,,,,,,,0.058,-37.535,0.036,-17.172,-21.999,-49.553,-12.867,-60.855,20.938,-49.637,12.772,-63.273,53.496,-98.038,-2.065,-116.723,-46.706,-95.833,,,,"",,,,"",,,,"",,,,"",,,,"",,,,"",,,,"",,,,"",,,,,,,,,,,,,,,,,,,,,,,,,,,,,,,,,,,,,,,,,,,,,,,,,,,,,,,,,,"",0,,,,,,,,,,,,,0,"",,,,0,""
25,,2,1,0,0,0,1,0,0,0,0,255,255,255,18,2795.847,"あくせる",R,26,90,140,2.546,0.653,0.453,1.604,0.928,1.843,-36.443,25.685,0,100,0,4,"",126.154,-173.982,18.574,0,0,5,"=","=","=","=","=","=","=","=","=",6,R,"ディシジョン",180.2,92.087,0.582,,70,W,Y,1,,,,,,,,,,,,,,,,,,,,,,,,,,,,,0,0,,,,,,,,,,,,,,,,,,,,,,,,,,,,,,,,,,,,,,0.075,-37.738,0.054,-17.142,-22.078,-50.066,-11.768,-61.051,20.7,-49.379,12.529,-63.251,50.512,-98.301,2.279,-116.95,-46.372,-93.489,,,,"",,,,"",,,,"",,,,"",,,,"",,,,"",,,,"",,,,"",,,,,,,,,,,,,,,,,,,,,,,,,,,,,,,,,,,,,,,,,,,,,,,,,,,,,,,,,,"",0,,,,,,,,,,,,,0,"",,,,0,""
26,,2,1,0,0,0,2,0,0,0,0,255,255,255,19,2814.448,"あくせる",R,27,78,128,2.145,0.377,0.44,1.57,0.867,1.723,-36.443,21.834,0,100,0,2,"",36.088,-109.748,14.467,0,0,5,"=","=","=","=","=","=","=","=","=",6,R,"ディシジョン",180.2,92.087,0.582,3,70,W,Y,1,2815.533,152,164,163,114,30,,145,83,60.26,-34.753,0.397,1.118,-20.799,-1,0.143,0.323,331.895,87.112,154.444,,,,2820.194,4,26.886,2.991,-59.843,0,0,,2821.4,,,,,,,,,,,,,2821.445,5,,453,0,,,,,,,,,,,,,,,,,,,0.117,-37.478,0.072,-17.135,-22.065,-49.985,-11.744,-61.065,20.722,-49.346,12.517,-63.358,43.562,-104.504,1.203,-117.897,-46.407,-93.412,0.119,-36.579,,"kneesohime",0.116,-17.214,,"にゃんこ65K",-21.948,-49.845,,"vovopo 보보포",-11.744,-61.064,,"Parottey",20.355,-49.018,85,"CoalCat",12.596,-63.241,,"Espressο",43.558,-104.519,,"「yune」",1.203,-117.905,,"Roscosmos",-46.413,-93.42,,2825.052,6.121,-41.779,,,,,,,,,,2821.457,27.175,-60.237,,,,,,,,,,,,,,,,,,,,,,,,,2823.825,23.053,-56.246,,,,,,,,,,,,,"",1,,,,,,,,,,,,,0,"Parottey",,,,8,""
27,,2,1,0,0,0,0,1,0,0,0,255,255,255,20,2844.464,"あくせる",R,27,86,140,3.79,-2.814,0.438,1.526,0.86,1.569,-36.443,25.738,0,100,0,2,"",89.191,-111.465,13.844,0,0,6,"=","=","=","=","=","=","=","=","=",5,R,"즉석카레",169.5,84.927,0.397,3,69,W,Y,1,2845.459,213,113,46,39,19,,133,73,-38.873,-11.835,0.439,0.829,-19.946,-1,0,0.32,-149.856,-536.364,193.266,2844.249,0.64,-20.89,2847.255,5,7.498,0.06,-53.02,0,0,,2850.723,,,,,,,,,,,,,2850.77,6,,147,32,,,,,,,,,,,,,,,,,,,0.095,-37.585,0.041,-17.103,-21.088,-48.759,-11.996,-61.027,20.995,-49.589,10.217,-62.33,42.372,-106.282,-7.792,-114.977,-46.461,-90.442,-0.177,-36.742,,"kneesohime",0.092,-17.171,,"にゃんこ65K",-20.962,-48.847,85,"vovopo 보보포",-11.99,-61.023,,"Parottey",20.67,-49.298,,"CoalCat",10.285,-62.293,107,"Espressο",42.363,-106.273,,"「yune」",-8.013,-114.641,,"Roscosmos",-46.464,-89.146,,2854.086,-1.543,-37.616,,,,2850.257,-18.112,-40.144,,,,,,,2848.454,7.639,-53.856,,,,,,,,,,,,,,,,2853.124,-17.788,-39.952,,,,,,,2849.026,4.905,-52.193,,,,,,,,,,"",2,,,,,,,,,,,,,0,"CoalCat",,,,34,""
28,,2,1,0,0,0,0,2,0,0,0,255,255,255,21,2873.029,"あくせる",R,27,93,140,0.026,-0.432,0.228,1.43,-0.121,1.234,-36.443,22.04,0,100,0,0,"",108.942,-134.831,13.604,0,0,7,"=","=","=","=","=","=","=","=","=",3,R,"낑깡__",175.3,80,0.402,,69,W,Y,1,,,,,,,,,,,,,,,,,,,,,,,,,,,,,0,0,,,,,,,,,,,,,,,,,,,,,,,,,,,,,,,,,,,,,,0,-37.519,-0.019,-17.099,-22.365,-48.693,-12.005,-61.147,19.948,-47.601,10.116,-61.399,40.287,-98.493,-7.775,-110.727,-45.353,-89.955,,,,"",,,,"",,,,"",,,,"",,,,"",,,,"",,,,"",,,,"",,,,2876.559,-0.127,-36.972,,,,,,,,,,,,,,,,,,,,,,,,,,,,,,,,,,,,,,,,,,,,,,,,,,,,"",0,,,,,,,,,,,,,0,"",,,,0,""
29,,2,1,0,0,0,1,2,0,0,0,255,255,255,22,2890.444,"あくせる",R,10,89,128,-0.362,-2.491,0.218,1.253,-0.164,0.616,-36.443,24.606,31,69,0,1,"",0,400,20.625,-0.077,-19.857,7,"=","=","=","=","=","=","=","=","=",3,R,"낑깡__",175.3,80,0.402,,69,W,Y,0,,,,,,,,,,,,,,,,,,,,,,,,,,,,,0,0,,,,,,,,,,,,,,,,,,,,,,,,,,,,,,,,,,,,,,0.026,-37.283,-0.007,-17.129,-22.163,-48.965,-12.21,-61.067,20.383,-47.813,10.074,-61.315,38.591,-100.735,-5.084,-112.561,-46.972,-90.027,,,,"",,,,"",,,,"",,,,"",,,,"",,,,"",,,,"",,,,"",,,,2894.198,-0.063,-37.268,,,,,,,,,,,,,,,,,,,,,,,,,,,,,,,,,,,,,,,,,,,,,,,,,,,,"",0,,,,,,,,,,,,,0,"",,,,0,""
30,,2,1,0,0,1,1,2,0,0,0,255,255,255,23,2907.887,"あくせる",R,13,77,115,0.322,-0.424,0.425,1.583,0.796,1.772,-36.443,26.904,32,68,0,0,"",-390.434,312.348,-24.549,0,0,7,"=","=","=","=","=","=","=","=","=",3,R,"낑깡__",175.3,80,0.402,,69,W,Y,1,,,,,,,,,,,,,,,,,,,,,,,,,,,,,0,0,,,,,,,,,,,,,,,,,,,,,,,,,,,,,,,,,,,,,,0.079,-37.641,0.066,-17.158,-21.969,-49.06,-12.217,-61.072,20.227,-47.721,11.302,-62.729,38.586,-100.71,-6.284,-114.704,-47.17,-90.491,,,,"",,,,"",,,,"",,,,"",,,,"",,,,"",,,,"",,,,"",,,,2911.906,-0.087,-37.387,,,,,,,,,,,,,,,,,,,,,,,,,,,,,,,,,,,,,,,,,,,,,,,,,,,,"",0,,,,,,,,,,,,,0,"",,,,0,""
31,,2,1,0,0,1,2,2,0,0,0,255,255,255,24,2925.585,"あくせる",R,28,80,131,2.1,0.328,0.433,1.566,0.835,1.712,-36.443,24.259,0,100,0,2,"",45.828,-83.686,10.066,0,0,7,"=","=","=","=","=","=","=","=","=",3,R,"낑깡__",175.3,80,0.402,0,69,W,Y,1,2926.459,255,103,80,66,25,,145,120,102.799,-72.874,0.311,1.054,-19.367,0.78,0,0.34,-119.697,527.513,-199.972,,,,,,,,,0,0,,,,,,,,,,,,,,,,,,,,,,,,,,,,,,,,,,,,,,0.083,-37.419,0.037,-17.175,-21.998,-49.245,-12.196,-61.084,20.187,-47.719,11.24,-62.724,38.58,-100.718,-7.351,-113.86,-46.828,-90.855,0.061,-36.55,,"kneesohime",0.074,-17.229,,"にゃんこ65K",-21.904,-49.159,,"vovopo 보보포",-12.192,-61.06,,"Parottey",20.184,-47.725,,"CoalCat",11.285,-62.637,,"Espressο",38.575,-100.713,,"「yune」",-7.24,-113.934,,"Roscosmos",-46.832,-90.863,,,,,,,,,,,,,,,,,,,,,,,,,,,,,,,,,,,,,,,,,,,,,,,,,,,,,,,,"",3,,,,,,,,,,,,,0,"",,,,0,""
32,,2,1,0,0,1,2,2,0,0,0,255,255,255,25,2948.122,"あくせる",R,13,80,117,-2.596,-1.64,0.148,1.382,-0.491,1.066,-36.443,16.938,32,68,0,1,"",-385.024,318.994,-4.59,0,0,7,"=","=","=","=","=","=","=","=","=",3,R,"낑깡__",175.3,80,0.402,,69,W,Y,0,,,,,,,,,,,,,,,,,,,,,,,,,,,,,0,0,,,,,,,,,,,,,,,,,,,,,,,,,,,,,,,,,,,,,,-0.041,-37.313,-0.021,-17.128,-21.917,-49.136,-12.951,-61.006,19.589,-48.095,9.838,-62.613,39.05,-105.122,-7.875,-116.868,-46.841,-90.585,,,,"",,,,"",,,,"",,,,"",,,,"",,,,"",,,,"",,,,"",,,,,,,,,,,,,,,,,,,,,,,,,,,,,,,,,,,,,,,,,,,,,,,,,,,,,,,,,,"",0,,,,,,,,,,,,,0,"",,,,0,""
33,,2,1,0,0,2,2,2,0,0,0,255,255,255,26,2968.413,"あくせる",R,13,75,113,-1.222,0.497,0.273,1.75,0.093,2.359,-36.443,30.519,46,54,0,0,"",-361.477,345.448,-4.996,0,0,7,"=","=","=","=","=","=","=","=","=",3,R,"낑깡__",175.3,80,0.402,,69,W,Y,0,,,,,,,,,,,,,,,,,,,,,,,,,,,,,0,0,,,,,,,,,,,,,,,2970.943,7,,578,0,,,,,,,,,,,,,,,,,,,0.009,-37.592,-0.051,-16.798,-21.769,-49.126,-12.976,-61.005,19.808,-48.303,9.881,-62.59,39.034,-105.124,-7.748,-116.834,-46.919,-90.516,,,,"",,,,"",,,,"",,,,"",,,,"",,,,"",,,,"",,,,"",,,,,,,,,,,,,,,,,,,,,,,,,,,,,,,,,,,,,,,,,,,,,,,,,,,,,,,,,,"",0,,,,,,,,,,,,,0,"",,,,0,""
34,SIDE,2,1,0,0,0,0,2,0,0,0,255,255,255,,2973.063,,,,,,,,,,,,,,,,,,,,,,,,8,"=","=","=","=","=","=","=","=","=",,,,,,,,,,,,,,,,,,,,,,,,,,,,,,,,,,,,,,,0,0,,,,,,,,,,,,,,,,,,,,,,,,,,,,,,,,,,,,,,,,,,,,,,,,,,,,,,,,,,,,,,,,,,,,,,,,,,,,,,,,,,,,,,,,,,,,,,,,,,,,,,,,,,,,,,,,,,,,,,,,,,,,,,,,,,,,,,,,,,,,,,,,,"",0,,,,,,,,,,,,,0,"",,,,0,""
35,,2,0,0,0,0,0,0,0,0,0,255,255,255,7,3017.845,"-라후이-",R,14,78,116,-1.189,-0.135,-0.039,1.676,-1.065,1.835,-36.439,11.577,100,0,0,0,"",390.434,312.348,21.484,0,0,3,"?fredo?","にゃんこ65K","kneesohime","Parottey","Espressο","CoalCat","「yune」","vovopo 보보포","Roscosmos",4,R,"Parottey",190,91.62,0.392,,68,W,Y,0,,,,,,,,,,,,,,,,,,,,,,,,,,,,,0,0,,,,,,,,,,,,,,,,,,,,,,,,,,,,,,,,,,,,,,0.013,-37.684,-0.033,-17.283,-17.303,-42.828,-13.106,-65.224,21.491,-49.955,11.417,-65.393,47.49,-97.934,-0.166,-115.555,-55.604,-102.333,,,,"",,,,"",,,,"",,,,"",,,,"",,,,"",,,,"",,,,"",,,,,,,,,,,,,,,,,,,,,,,,,,,,,,,,,,,,,,,,,,,,,,,,,,,,,,,,,,"",0,,,,,,,,,,,,,0,"",,,,0,""
36,,2,0,0,0,0,1,0,0,0,0,255,255,255,8,3036.274,"-라후이-",R,13,74,112,-2.987,-0.656,0.129,1.613,-0.669,1.639,-36.439,6.935,54,46,0,4,"",-358.879,348.146,-3.229,0,0,3,"=","=","=","=","=","=","=","=","=",4,R,"Parottey",190,91.62,0.392,,68,W,Y,1,,,,,,,,,,,,,,,,,,,,,,,,,,,,,0,0,,,,,,,,,,,,,,,,,,,,,,,,,,,,,,,,,,,,,,0.049,-37.545,-0.04,-17.298,-17.622,-43.187,-13.106,-65.157,21.605,-49.717,11.875,-64.747,45.069,-95.619,-0.161,-114.66,-53.511,-101.527,,,,"",,,,"",,,,"",,,,"",,,,"",,,,"",,,,"",,,,"",,,,,,,,,,,,,,,,,,,,,,,,,,,,,,,,,,,,,,,,,,,,,,,,,,,,,,,,,,"",0,,,,,,,,,,,,,0,"",,,,0,""
37,,2,0,0,0,0,2,0,0,0,0,255,255,255,9,3052.148,"-라후이-",R,10,65,97,-1.26,-0.752,0.17,1.873,-0.553,1.755,-36.439,28.269,100,0,0,0,"",0,400,-5.105,0,0,3,"=","=","=","=","=","=","=","=","=",4,R,"Parottey",190,91.62,0.392,,68,W,Y,1,,,,,,,,,,,,,,,,,,,,,,,,,,,,,0,0,,,,,,,,,,,,,,,3055.004,3,,578,0,,,,,,,,,,,,,,,,,,,0.018,-37.661,-0.064,-17.31,-16.908,-42.386,-13.033,-65.249,22.287,-49.769,12.066,-64.727,45.088,-95.646,-0.148,-114.133,-52.649,-102.027,,,,"",,,,"",,,,"",,,,"",,,,"",,,,"",,,,"",,,,"",,,,,,,,,,,,,,,,,,,,,,,,,,,,,,,,,,,,,,,,,,,,,,,,,,,,,,,,,,"",0,,,,,,,,,,,,,0,"",,,,0,""
38,,2,0,0,0,0,0,1,0,0,0,255,255,255,10,3075.964,"-라후이-",R,26,97,140,0.234,1.039,0.192,1.763,0.162,2.153,-36.439,18.029,88,10,2,2,"",-9.649,-184.808,15.76,0,0,4,"=","=","=","=","=","=","=","=","=",6,R,"Espressο",190,95.125,0.297,0,68,W,Y,1,3076.92,255,88,111,83,48,,145,96,105.844,63.015,0.137,1.527,-19.826,-0.77,0,0.064,391.117,-417.717,59.205,,,,,,,,,0,0,,,,,,,,,,,,,,,,,,,,,,,,,,,,,,,,,,,,,,0.029,-37.539,0.014,-17.314,-17.089,-42.559,-12.477,-65.236,22.324,-49.221,12.198,-65.115,47.635,-98.481,-0.652,-114.44,-53.894,-102.613,0.156,-36.771,,"Ainy4／あいにゃ",-0.026,-17.374,,"Floră",-17.171,-42.682,,"낑깡__",-12.623,-65.845,,"Slaris",22.161,-49.154,,"즉석카레",12.457,-66.253,,"ディシジョン",47.212,-98.664,,"아침땅_",-0.667,-114.692,,"Kenomo",-53.518,-102.832,,,,,,,,,,,,,,,,,,,,,,,,,,,,,,,,,,,,,,,,,,,,,,,,,,,,,,,,"",3,,,,,,,,,,,,,0,"",,,,0,""
39,,2,0,0,0,0,1,1,0,0,0,255,255,255,11,3095.559,"-라후이-",R,26,96,140,0.826,1.404,0.198,1.79,0.327,2.323,-36.439,22.426,89,9,2,4,"",20.477,-200,14.172,0,0,4,"=","=","=","=","=","=","=","=","=",6,R,"Espressο",190,95.125,0.297,,68,W,Y,1,,,,,,,,,,,,,,,,,,,,,,,,,,,,,0,0,,,,,,,,,,,,,,,,,,,,,,,,,,,,,,,,,,,,,,-0.021,-37.513,0.016,-17.34,-16.483,-41.908,-12.666,-65.235,22.038,-49.455,13.115,-64.771,49.146,-97.269,-0.738,-115.135,-51.356,-102.448,,,,"",,,,"",,,,"",,,,"",,,,"",,,,"",,,,"",,,,"",,,,,,,,,,,,,,,,,,,,,,,,,,,,,,,,,,,,,,,,,,,,,,,,,,,,,,,,,,"",0,,,,,,,,,,,,,0,"",,,,0,""
40,,2,0,0,0,0,2,1,0,0,0,255,255,255,12,3110.033,"-라후이-",R,10,86,112,-0.584,-0.5,0.142,1.762,-0.258,1.798,-36.439,22.202,85,15,0,2,"",0,400,23.493,0,0,4,"=","=","=","=","=","=","=","=","=",6,R,"Espressο",190,95.125,0.297,5,68,W,Y,1,3111.07,95,138,114,87,77,,135,118,-29.06,-25.78,-0.1,0.899,-20.962,0.83,0,0.169,-465.825,-135.809,-235.301,3109.818,0.551,-22.308,3113.891,6,35.053,0.056,-93.292,1,0,,3116.564,,,,,,,,,,,,,,,,,,,,,,,,,,,,,,,,,,,,0.02,-37.576,0.024,-17.293,-16.679,-42.17,-12.83,-65.222,22.076,-49.509,13.069,-64.565,48.722,-97.571,-0.071,-115.318,-51.267,-102.48,0.069,-36.804,,"Ainy4／あいにゃ",-0.083,-17.386,,"Floră",-16.737,-42.28,,"낑깡__",-13.07,-66.148,88,"Slaris",21.909,-49.406,,"즉석카레",13.494,-66.72,,"ディシジョン",48.719,-97.582,119,"아침땅_",-0.18,-115.132,,"Kenomo",-51.324,-102.399,,3121.325,0.011,-39.755,,,,,,,3118.02,0.409,-58.961,,,,,,,3115.082,35.33,-94.021,,,,,,,,,,,,,,,,3120.345,-0.388,-56.823,,,,,,,3116.062,32.571,-91.235,,,,,,,"",2,-24.883,-24.883,-4.868,0,1,0.661,-45.375,-29.68,-13.976,-82.579,0.046,-42.821,0,"ディシジョン",,,,161,""
41,,2,0,0,0,0,0,1,1,0,0,16,255,255,13,3139.974,"-라후이-",R,13,74,113,-0.292,-0.408,0.325,1.618,0.296,1.818,-36.439,11.887,70,30,0,0,"",-291.125,391.106,2.586,0,0,5,"=","=","=","=","=","=","=","=","=",5,R,"CoalCat",174.7,82.838,0.435,,68,W,Y,0,,,,,,,,,,,,,,,,,,,,,,,,,,,,,0,0,,,,,,,,,,,,,,,,,,,,,,,,,,,,,,,,,,,,,,0.123,-37.447,0.004,-17.336,-20.081,-41.502,-9.247,-58.091,20.325,-48.449,10.533,-61.54,45.552,-94.056,-1.348,-110.334,-47.258,-96.671,,,,"",,,,"",,,,"",,,,"",,,,"",,,,"",,,,"",,,,"",,,,3143.528,-0.263,-37.26,,,,,,,,,,,,,,,,,,,,,,,,,,,,,,,,,,,,,,,,,,,,,,,,,,,,"",0,,,,,,,,,,,,,0,"",,,,0,""
42,,2,0,0,0,0,1,1,1,0,0,16,255,255,14,3153.087,"-라후이-",R,13,65,107,0.21,-0.251,0.479,1.784,0.65,2.029,-36.439,27.377,100,0,0,2,"",-304.624,389.779,-3.841,0,0,5,"=","=","=","=","=","=","=","=","=",5,R,"CoalCat",174.7,82.838,0.435,0,68,W,Y,1,3154.273,235,149,68,105,80,,142,131,10.272,-24.094,0.098,1.006,-21.552,0.42,0,0.657,-37.184,-19.668,-22.082,3155.643,32.531,-93.481,3156.17,6,33.875,0.255,-96.436,1,0,,3159.724,,,,3159.607,,,,,,3153.442,,,,,,,,,,,,,,,,,,,,,,,,,,0.165,-37.564,0.018,-17.322,-20.123,-41.542,-9.911,-57.75,20.69,-48.112,9.228,-61.263,45.271,-94.289,-1.46,-110.158,-46.931,-97.681,-0.111,-36.665,,"Ainy4／あいにゃ",-0.018,-17.461,,"Floră",-16.986,-42.822,,"낑깡__",-9.968,-57.463,,"Slaris",20.484,-47.973,88,"즉석카레",9.538,-61.106,,"ディシジョン",45.259,-94.257,117,"아침땅_",-1.666,-109.636,,"Kenomo",-46.799,-97.433,,3165.584,0.539,-38.65,,,,,,,,,,3160.542,20.043,-45.762,,,,3157.423,34.416,-97.359,,,,,,,,,,,,,,,,,,,3164.556,17.797,-44.858,,,,3158.461,31.631,-93.75,,,,,,,"",2,,,,,,,,,,,,,0,"ディシジョン",3159.607,,,37,""
43,,2,0,0,0,0,0,1,1,1,0,15,16,255,15,3181.306,"-라후이-",R,26,94,140,1.201,0.369,0.288,1.664,0.51,1.668,-36.439,16.89,89,11,0,0,"",3.362,-159.112,14.787,0,0,6,"=","=","=","=","=","=","=","=","=",7,R,"「yune」",174.8,85,0.37,,32,W,Y,0,,,,,,,,,,,,,,,,,,,,,,,,,,,,,0,0,,,,,,,,,,,,3181.494,3193.62,,,,,,,,,,,,,,,,,,,,,,,,,0.12,-37.575,0.023,-17.322,-16.701,-42.275,-9.158,-58.373,20.303,-48.131,10.835,-62.536,43.015,-96.4,-0.518,-109.213,-47.173,-95.157,,,,"",,,,"",,,,"",,,,"",,,,"",,,,"",,,,"",,,,"",,,,3185.344,-0.149,-37.364,,,,,,,,,,,,,,,,,,,,,,,,,,,,,,,,,,,,,,,,,,,,,,,,,,,,"",0,,,,,,,,,,,,,0,"",3184.596,,,0,""
44,,2,0,0,0,0,1,1,1,1,0,15,16,255,16,3195.175,"-라후이-",R,26,99,140,1.003,0.204,0.224,1.557,0.434,1.553,-36.439,6,59,41,0,2,"",-3.446,-184.021,20.818,0,0,6,"=","=","=","=","=","=","=","=","=",7,R,"「yune」",174.8,85,0.37,3,32,W,Y,1,3196.253,183,64,74,49,23,,139,91,99.17,-79.819,0.157,0.98,-19.785,-0.33,0,0.222,387.212,407.697,-209.404,3200.546,-59.461,0.62,,,,,,0,0,,,,,,,,,,,,3195.246,3213.189,,,,,,,,,,,,,,,,,,,,,,,,,0.127,-37.633,0.029,-17.295,-16.927,-42.538,-9.118,-58.492,20.654,-47.485,10.015,-63.708,43.9,-94.974,-1.183,-109.449,-47.14,-95.443,-0.071,-36.521,,"Ainy4／あいにゃ",0.005,-17.366,,"Floră",-17.076,-42.774,,"낑깡__",-9.036,-58.388,,"Slaris",20.457,-47.474,,"즉석카레",10.951,-63.253,,"ディシジョン",43.789,-94.919,,"아침땅_",-1.246,-109.596,,"Kenomo",-47.076,-95.412,,,,,,,,,,,,,,,,,,,,,,,,,,,,,,,,,,,,,,,,,,,,,,,,,,,,,,,,"",3,,,,,,,,,,,,,1,"",3202.51,,,0,""
45,,2,0,0,0,0,2,1,0,1,1,255,15,16,17,3511.017,"-라후이-",R,10,69,100,-1.255,-1.406,0.145,1.608,-0.55,1.439,-36.439,9.91,70,30,0,4,"",0,400,-0.978,0,0,6,"=","=","=","=","=","=","=","=","=",7,R,"「yune」",174.8,85,0.37,,32,W,Y,1,,,,,,,,,,,,,,,,,,,,,,,,,,,,,0,0,,,,,,,,,,,,,3531.49,3534.514,3513.923,6,,578,0,,,,,,,,,,,,,,,,,,,-0.072,-37.268,-0.076,-17.218,-16.761,-42.445,-9.268,-57.179,19.392,-47.104,11.809,-64.944,46.409,-91.927,-0.758,-110.055,-47.292,-97.666,,,,"",,,,"",,,,"",,,,"",,,,"",,,,"",,,,"",,,,"",,,,,,,,,,,,,,,,,,,,,,,,,,,,,,,,,,,,,,,,,,,,,,,,,,,,,,,,,,"",0,,,,,,,,,,,,,0,"",3514.149,3514.138,,0,""
46,,2,0,0,0,0,0,2,0,1,1,255,15,16,18,3535.905,"-라후이-",R,27,93,140,-0.688,0.61,0.111,1.671,-0.254,1.795,-36.439,11.475,52,48,0,0,"",-43.433,-120.535,10.723,0,0,7,"=","=","=","=","=","=","=","=","=",3,L,"vovopo 보보포",160,80.084,0.55,,65,W,Y,0,,,,,,,,,,,,,,,,,,,,,,,,,,,,,0,0,,,,,,,,,,,,,3538.839,,,,,,,,,,,,,,,,,,,,,,,,,0.014,-37.465,-0.014,-17.216,-16.475,-42.214,-8.198,-60.947,20.045,-47.612,12.529,-64.373,42.606,-87.506,-1.026,-105.898,-42.877,-98.613,,,,"",,,,"",,,,"",,,,"",,,,"",,,,"",,,,"",,,,"",,,,,,,,,,,,,,,,,,,,,,,,,,,,,,,,,,,,,,,,,,,,,,,,,,,,,,,,,,"",0,,,,,,,,,,,,,0,"",3538.707,3538.666,,0,""
47,,2,0,0,0,0,1,2,0,1,1,255,15,16,19,3552.154,"-라후이-",R,26,92,140,-1.089,0.28,0.064,1.546,-0.381,1.555,-36.439,2.53,59,41,0,0,"",-74.337,-190.323,27.548,0,0,7,"=","=","=","=","=","=","=","=","=",3,L,"vovopo 보보포",160,80.084,0.55,,65,W,Y,0,,,,,,,,,,,,,,,,,,,,,,,,,,,,,0,0,,,,,,,,,,,,,,3552.373,,,,,,,,,,,,,,,,,,,,,,,,0.038,-37.5,-0.002,-17.296,-16.742,-42.576,-6.799,-62.437,19.561,-47.203,13.233,-61.651,42.476,-88,-1.137,-105.816,-41.268,-94.599,,,,"",,,,"",,,,"",,,,"",,,,"",,,,"",,,,"",,,,"",,,,,,,,,,,,,,,,,,,,,,,,,,,,,,,,,,,,,,,,,,,,,,,,,,,,,,,,,,"",0,,,,,,,,,,,,,0,"",3554.953,3554.862,,0,""
48,,2,0,0,0,0,2,2,0,1,1,255,15,16,20,3567.311,"-라후이-",R,27,94,140,-0.608,0.969,0.114,1.637,-0.219,1.967,-36.439,9.254,54,46,0,2,"",-37.255,-141.609,13.113,0,0,7,"=","=","=","=","=","=","=","=","=",3,L,"vovopo 보보포",160,80.084,0.55,5,65,W,Y,1,3568.299,255,164,169,74,15,,145,119,26.382,42.062,-0.112,1.121,-20.441,0.27,0,0.514,347.583,-11.117,-448.089,3574.988,-75.24,-106.259,,,,,,0,0,,3573.271,3577.921,3582.693,3587.567,,,,3572.867,3577.959,3573.435,,3567.366,,,,,,,,,,,,,,,,,,,,,,,,,0.019,-37.592,0.001,-17.252,-16.667,-42.271,-5.446,-62.024,19.956,-46.288,13.931,-62.481,44.721,-88.435,-0.734,-105.846,-41.769,-95.199,-0.031,-36.483,,"Ainy4／あいにゃ",-0.019,-17.307,,"Floră",-16.487,-42.193,,"낑깡__",-7.132,-63.806,,"Slaris",19.899,-46.041,,"즉석카레",14.393,-62.63,,"ディシジョン",44.639,-88.505,,"아침땅_",-0.579,-105.831,,"Kenomo",-41.834,-95.113,,,,,,,,,,,,,,,,,,,,,,,,,,,,,,,,,,,,,,,,,,,,,,,,,,,,,,,,"",4,42.981,42.981,14.414,0,2,0.429,83.891,40.101,2.101,82.525,0.074,65.39,0,"",3577.921,3572.867,3573.435,0,""
49,,2,0,0,3,0,0,2,0,0,0,255,255,255,21,3615.007,"-라후이-",R,13,72,112,-0.103,-0.467,0.411,1.761,0.518,1.706,-36.439,21.674,100,0,0,0,"",-381.671,322.997,-1.284,0,0,8,"=","=","=","=","=","=","=","=","=",8,R,"Roscosmos",175,96.351,0.374,,65,W,Y,1,,,,,,,,,,,,,,,,,,,,,,,,,,,,,0,0,,,,,,,,,,,,,,,,,,,,,,,,,,,,,,,,,,,,,,0.183,-37.741,-0.007,-17.258,-17.279,-42.724,-12.754,-65.251,20.75,-49.71,11.526,-65.267,41.47,-93.347,-0.607,-109.895,-52.467,-99.157,,,,"",,,,"",,,,"",,,,"",,,,"",,,,"",,,,"",,,,"",,,,,,,,,,,,,,,,,,,,,,,,,,,,,,,,,,,,,,,,,,,,,,,,,,,,,,,,,,"",0,,,,,,,,,,,,,0,"",,,,0,""
50,,2,0,0,3,0,1,2,0,0,0,255,255,255,22,3633.093,"-라후이-",R,13,68,109,0.766,0.01,0.492,1.809,0.835,2.176,-36.439,24.302,100,0,0,2,"",-281.046,400,-4.123,0,0,8,"=","=","=","=","=","=","=","=","=",8,R,"Roscosmos",175,96.351,0.374,5,47,W,Y,1,3634.022,123,49,109,86,62,,138,119,25.687,-41.061,0.144,0.949,-20.485,0.24,0,0.285,358.301,332.289,348.144,3638.322,62.202,-105.191,3639.655,6,57.267,0.137,-103.552,1,0,,3639.472,3643.767,,,,,,,,,,,,,,,,,,,,,,,,,,,,,,,,,,,0.191,-37.548,-0.007,-17.234,-17.217,-42.686,-12.978,-65.007,20.894,-49.075,11.5,-65.251,43.565,-96.832,-0.682,-107.256,-50.458,-99.128,0.381,-36.734,,"Ainy4／あいにゃ",-0.017,-17.346,,"Floră",-17.286,-42.814,,"낑깡__",-13.345,-65.832,88,"Slaris",20.867,-48.979,,"즉석카레",11.503,-65.135,,"ディシジョン",44.001,-97.651,106,"아침땅_",-0.687,-107.299,,"Kenomo",-50.452,-99.127,,3649.312,-6.724,-39.008,,,,,,,3645.404,0.814,-59.318,,,,,,,3640.834,56.871,-103.044,,,,,,,,,,,,,,,,3648.234,-2.949,-57.981,,,,,,,3642.289,51.591,-100.904,,,,,,,"",2,-38.604,-38.604,-14.69,0,2,0.38,87.107,29.996,-8.004,86.98,0.056,-61.51,0,"ディシジョン",3643.767,,,161,""
51,,2,0,0,3,0,0,2,0,1,0,255,18,255,23,3671.591,"-라후이-",R,14,79,116,2.097,-0.57,0.25,1.584,0.28,1.663,-36.439,6.486,67,33,0,2,"",367.066,339.503,32.728,0,0,0,"=","=","=","=","=","=","=","=","=",9,R,"?fredo?",190,83.536,0.353,3,65,W,Y,1,3672.746,255,144,45,122,59,,134,115,1.59,40.587,0.441,0.852,-20.963,0.11,0,0.299,-195.845,219.939,331.07,3672.152,-12.639,-35.938,3672.746,2,-16.452,0.142,-39.983,0,0,,,,,,,,,,,,,,,3675.529,0,,147,0,,,,,,,,,,,3674.925,2,,,,,,,0.129,-37.519,0.002,-17.243,-16.667,-42.292,-12.96,-65.405,20.514,-48.165,7.314,-66.921,46.358,-98.804,-0.422,-111.301,-51.717,-102.127,0.214,-36.778,,"Ainy4／あいにゃ",0.04,-17.405,,"Floră",-16.781,-42.411,85,"낑깡__",-13.416,-66.468,,"Slaris",20.332,-48.077,,"즉석카레",8.891,-68.419,,"ディシジョン",46.039,-99.167,,"아침땅_",-0.689,-110.773,,"Kenomo",-51.713,-102.124,,,,,,,,3674.015,-16.778,-40.552,,,,,,,,,,,,,,,,,,,,,,,,,3676.364,-17.958,-39.26,,,,,,,,,,,,,,,,,,,"",2,,,,,,,,,,,,,0,"Floră",,,,16,""
52,SIDE,2,0,0,3,0,0,2,0,1,0,255,18,255,,3677.105,,,,,,,,,,,,,,,,,,,,,,,,1,"=","=","=","=","=","=","=","=","=",,,,,,,,,,,,,,,,,,,,,,,,,,,,,,,,,,,,,,,0,0,,,,,,,,,,,,,,,,,,,,,,,,,,,,,,,,,,,,,,,,,,,,,,,,,,,,,,,,,,,,,,,,,,,,,,,,,,,,,,,,,,,,,,,,,,,,,,,,,,,,,,,,,,,,,,,,,,,,,,,,,,,,,,,,,,,,,,,,,,,,,,,,,"",0,,,,,,,,,,,,,0,"",,,,0,""
53,,3,1,0,3,0,0,0,0,0,0,255,255,255,27,3724.031,"あくせる",R,26,77,127,1.878,1.156,0.401,1.656,0.684,2.039,-36.443,39.821,29,71,0,2,"",104.264,-200,25.766,0,0,8,"-라후이-","Ainy4／あいにゃ","Slaris","Kenomo","Floră","ディシジョン","즉석카레","낑깡__","아침땅_",7,R,"아침땅_",169.9,86.571,0.5,3,65,W,Y,1,3725.072,170,85,54,33,18,,132,73,109.994,42.312,0.35,1.242,-19.945,-1,0,0.335,499.362,-223.17,-106.364,,,,,,,,,0,0,,,,,,,,,,,,,,,,,,,,,,,,,,,,,,,,,,,,,,-0.043,-37.315,0.005,-17.013,-21.946,-49.843,-13.045,-60.725,20.585,-48.404,10.571,-63.09,43.038,-98.935,-4.626,-114.635,-41.256,-85.735,-0.104,-36.904,,"kneesohime",0.018,-17.118,,"にゃんこ65K",-21.756,-49.846,,"vovopo 보보포",-13.044,-60.744,,"Parottey",20.225,-48.372,,"CoalCat",10.565,-63.081,,"Espressο",44.051,-101.582,,"「yune」",-4.681,-114.379,,"Roscosmos",-41.397,-85.246,,,,,,,,,,,,,,,,,,,,,,,,,,,,,,,,,,,,,,,,,,,,,,,,,,,,,,,,"",3,,,,,,,,,,,,,0,"",,,,0,""
54,,3,1,0,3,0,1,0,0,0,0,255,255,255,28,3746.018,"あくせる",R,10,81,121,1.051,-1.774,0.35,1.398,0.447,1.105,-36.443,21.198,37,63,0,1,"",0,400,22.678,0.173,-18.271,8,"=","=","=","=","=","=","=","=","=",7,R,"아침땅_",169.9,86.571,0.5,,36,W,Y,0,,,,,,,,,,,,,,,,,,,,,,,,,,,,,0,0,,,,,,,,,,,,,,,,,,,,,,,,,,,,,,,,,,,,,,0.117,-37.337,-0.009,-16.899,-21.087,-49.161,-13.035,-60.883,21.039,-48.06,12.42,-64,42.949,-103.295,-2.781,-113.576,-41.509,-89.482,,,,"",,,,"",,,,"",,,,"",,,,"",,,,"",,,,"",,,,"",,,,,,,,,,,,,,,,,,,,,,,,,,,,,,,,,,,,,,,,,,,,,,,,,,,,,,,,,,"",0,,,,,,,,,,,,,0,"",,,,0,""
55,,3,1,0,3,1,1,0,0,0,0,255,255,255,29,3765.351,"あくせる",R,27,84,136,-0.783,0.859,0.15,1.63,-0.48,1.947,-36.443,12.266,27,73,0,0,"",97.425,-139.788,8.901,0,0,8,"=","=","=","=","=","=","=","=","=",7,R,"아침땅_",169.9,86.571,0.5,,36,W,Y,0,,,,,,,,,,,,,,,,,,,,,,,,,,,,,0,0,,,,,,,,,,,,,,,,,,,,,,,,,,,,,,,,,,,,,,-0.013,-37.431,-0.014,-16.979,-21.246,-48.815,-13.081,-61.043,21.315,-47.826,11.306,-64.066,42.867,-103.318,-2.692,-113.56,-41.183,-89.599,,,,"",,,,"",,,,"",,,,"",,,,"",,,,"",,,,"",,,,"",,,,,,,,,,,,,,,,,,,,,,,,,,,,,,,,,,,,,,,,,,,,,,,,,,,,,,,,,,"",0,,,,,,,,,,,,,0,"",,,,0,""
56,,3,1,0,3,1,2,0,0,0,0,255,255,255,30,3783.048,"あくせる",R,13,83,121,-2.704,0.146,0.134,1.665,-0.556,2.072,-36.443,13.393,30,70,0,4,"",-390.434,312.348,-5.394,0,0,8,"=","=","=","=","=","=","=","=","=",7,R,"아침땅_",169.9,86.571,0.5,,36,W,Y,1,,,,,,,,,,,,,,,,,,,,,,,,,,,,,0,256,,,,,,,,,,,,,,,3785.536,8,,578,0,,,,,,,,,,,,,,,,,,,-0.03,-37.308,-0.031,-16.957,-21.209,-48.532,-13.073,-60.831,20.869,-48.309,10.485,-63.772,42.986,-103.227,-4.105,-113.71,-41.213,-89.601,,,,"",,,,"",,,,"",,,,"",,,,"",,,,"",,,,"",,,,"",,,,,,,,,,,,,,,,,,,,,,,,,,,,,,,,,,,,,,,,,,,,,,,,,,,,,,,,,,"",0,,,,,,,,,,,,,0,"",,,,0,""
57,,3,1,0,3,0,0,1,0,0,0,255,255,255,31,3804.878,"あくせる",R,13,77,114,0.707,-0.337,0.462,1.59,0.969,1.785,-36.443,24.568,53,47,0,0,"",-390.434,312.348,-14.548,0,0,0,"=","=","=","=","=","=","=","=","=",0,R,"-라후이-",190,85.586,0.496,,64,W,Y,0,,,,,,,,,,,,,,,,,,,,,,,,,,,,,0,0,,,,,,,,,,,,,,,,,,,,,,,,,,,,,,,,,,,,,,0.11,-37.418,0.056,-16.893,-22.409,-50.396,-12.957,-60.788,21.152,-48.672,11.09,-63.286,46.862,-106.568,-4.881,-114.033,-44.591,-92.951,,,,"",,,,"",,,,"",,,,"",,,,"",,,,"",,,,"",,,,"",,,,,,,,,,,,,,,,,,,,,,,,,,,,,,,,,,,,,,,,,,,,,,,,,,,,,,,,,,"",0,,,,,,,,,,,,,0,"",,,,0,""
58,,3,1,0,3,0,1,1,0,0,0,255,255,255,32,3821.394,"あくせる",R,13,84,123,-2.869,-1.306,0.112,1.394,-0.66,1.152,-36.443,15.457,37,63,0,1,"",-377.223,328.181,-7.661,0,0,0,"=","=","=","=","=","=","=","=","=",0,R,"-라후이-",190,85.586,0.496,,64,W,Y,0,,,,,,,,,,,,,,,,,,,,,,,,,,,,,0,0,,,,,,,,,,,,,,,,,,,,,,,,,,,,,,,,,,,,,,0.037,-37.525,-0.038,-16.934,-22.286,-50.345,-12.945,-60.892,20.917,-48.218,10.633,-62.726,46.778,-106.604,-5.574,-114.33,-44.951,-92.721,,,,"",,,,"",,,,"",,,,"",,,,"",,,,"",,,,"",,,,"",,,,,,,,,,,,,,,,,,,,,,,,,,,,,,,,,,,,,,,,,,,,,,,,,,,,,,,,,,"",0,,,,,,,,,,,,,0,"",,,,0,""
59,,3,1,0,3,1,1,1,0,0,0,255,255,255,33,3841.214,"あくせる",R,13,67,96,0.139,-0.021,0.48,1.794,0.729,2.149,-36.443,35.557,51,49,0,2,"",-314.156,347.018,-15.44,0,0,0,"=","=","=","=","=","=","=","=","=",0,R,"-라후이-",190,85.586,0.496,3,64,W,Y,1,3842.272,155,112,137,59,43,,145,121,110.447,-56.928,0.004,0.964,-20.092,0.21,0,0.133,490.859,193.804,-264.661,,,,,,,,,0,0,,,,,,,,,,,,,,,,,,,,,,,,,,,,,,,,,,,,,,0.069,-37.443,0.049,-16.731,-22.439,-50.445,-12.911,-60.864,20.482,-48.801,11.838,-61.889,45.724,-111.164,-5.231,-114.509,-45.711,-92.544,0.066,-37.206,,"kneesohime",0.024,-16.8,,"にゃんこ65K",-22.339,-50.333,,"vovopo 보보포",-12.905,-60.843,,"Parottey",20.617,-48.609,,"CoalCat",11.893,-61.813,,"Espressο",45.679,-111.15,,"「yune」",-5.232,-114.512,,"Roscosmos",-45.702,-92.557,,,,,,,,,,,,,,,,,,,,,,,,,,,,,,,,,,,,,,,,,,,,,,,,,,,,,,,,"",3,,,,,,,,,,,,,0,"",,,,0,""
60,,3,1,0,3,1,2,1,0,0,0,255,255,255,34,3861.024,"あくせる",R,33,85,137,2.009,-0.213,0.406,1.474,0.71,1.411,-36.443,31.531,0,100,0,1,"",111.578,-79.505,1.234,0,0,0,"=","=","=","=","=","=","=","=","=",0,R,"-라후이-",190,85.586,0.496,,64,W,Y,0,,,,,,,,,,,,,,,,,,,,,,,,,,,,,0,0,,,,,,,,,,,,,,,,,,,,,,,,,,,,,,,,,,,,,,-0.022,-37.271,0.055,-16.722,-22.25,-50.35,-12.994,-60.75,20.827,-48.308,9.883,-62.347,41.987,-113.1,-7.063,-115.248,-45.404,-92.227,,,,"",,,,"",,,,"",,,,"",,,,"",,,,"",,,,"",,,,"",,,,,,,,,,,,,,,,,,,,,,,,,,,,,,,,,,,,,,,,,,,,,,,,,,,,,,,,,,"",0,,,,,,,,,,,,,0,"",,,,0,""
61,,3,1,0,3,2,2,1,0,0,0,255,255,255,35,3880.474,"あくせる",R,13,68,108,-3.078,-1.272,0.096,1.444,-0.732,1.313,-36.443,16.146,27,73,0,1,"",-328.75,371.326,-10.212,-0.832,-17.185,0,"=","=","=","=","=","=","=","=","=",0,R,"-라후이-",190,85.586,0.496,,64,W,Y,0,,,,,,,,,,,,,,,,,,,,,,,,,,,,,0,0,,,,,,,,,,,,,,,,,,,,,,,,,,,,,,,,,,,,,,-0.045,-37.311,0.018,-16.684,-22.125,-50.093,-12.978,-60.699,20.179,-50.002,9.9,-62.431,44.886,-113.549,-6.773,-115.431,-45.682,-92.091,,,,"",,,,"",,,,"",,,,"",,,,"",,,,"",,,,"",,,,"",,,,,,,,,,,,,,,,,,,,,,,,,,,,,,,,,,,,,,,,,,,,,,,,,,,,,,,,,,"",0,,,,,,,,,,,,,0,"",,,,0,""
62,,3,1,0,3,3,2,1,0,0,0,255,255,255,36,3898.971,"あくせる",R,27,84,136,-0.01,-0.114,0.244,1.479,-0.043,1.428,-36.443,12.131,26,74,0,0,"",22.448,-131.44,19.922,0,0,0,"=","=","=","=","=","=","=","=","=",0,R,"-라후이-",190,85.586,0.496,,64,W,Y,1,,,,,,,,,,,,,,,,,,,,,,,,,,,,,0,0,,,,,,,,,,,,,,,3901.393,0,,578,0,,,,,,,,,,,,,,,,,,,0.103,-37.46,0.054,-16.688,-21.661,-49.122,-13.004,-60.799,21.052,-50.054,11.079,-61.907,54.419,-106.909,-6.88,-115.311,-45.726,-91.972,,,,"",,,,"",,,,"",,,,"",,,,"",,,,"",,,,"",,,,"",,,,,,,,,,,,,,,,,,,,,,,,,,,,,,,,,,,,,,,,,,,,,,,,,,,,,,,,,,"",0,,,,,,,,,,,,,0,"",,,,0,""
63,,3,1,0,3,0,0,2,0,0,0,255,255,255,37,3924.606,"あくせる",R,14,77,115,2.014,-1.358,0.301,1.396,0.219,1.155,-36.443,21.529,36,64,0,1,"",382.758,321.709,42.271,0.568,-17.685,1,"=","=","=","=","=","=","=","=","=",1,L,"Ainy4／あいにゃ",189.2,85,0.512,,64,W,Y,0,,,,,,,,,,,,,,,,,,,,,,,,,,,,,0,0,,,,,,,,,,,,,,,,,,,,,,,,,,,,,,,,,,,,,,0.02,-37.391,0.063,-16.693,-21.848,-49.954,-10.713,-60.318,21.877,-47.891,13.014,-63.518,56.52,-100.25,2.806,-118.73,-47.107,-95.172,,,,"",,,,"",,,,"",,,,"",,,,"",,,,"",,,,"",,,,"",,,,,,,,,,,,,,,,,,,,,,,,,,,,,,,,,,,,,,,,,,,,,,,,,,,,,,,,,,"",0,,,,,,,,,,,,,0,"",,,,0,""
64,,3,1,0,3,1,0,2,0,0,0,255,255,255,38,3941.721,"あくせる",R,28,90,140,-0.458,-0.767,0.212,1.372,-0.191,1.077,-36.443,16.557,0,100,0,2,"",31.211,-97.754,5.681,0,0,1,"=","=","=","=","=","=","=","=","=",1,L,"Ainy4／あいにゃ",189.2,85,0.512,3,64,W,Y,1,3942.742,255,57,69,99,10,,143,103,22.981,-37.619,0.024,0.816,-20.935,0.94,0,0.454,10.783,-540.448,-206.283,3945.043,53.794,-76.545,3946.437,6,63.652,0.31,-83.44,1,0,,3948.289,,,,,,,,,,,,,,,,,,,,,,,,,,,,,,3953.25,3,,,,,0.075,-37.459,0.052,-16.505,-21.587,-50.562,-10.731,-60.326,21.915,-47.747,13.058,-63.405,54.801,-100.747,3.559,-118.847,-45.86,-94.047,0.113,-36.622,,"kneesohime",-0.08,-16.66,,"にゃんこ65K",-21.676,-50.314,,"vovopo 보보포",-10.695,-60.183,79,"Parottey",21.94,-48.132,,"CoalCat",13.054,-63.354,,"Espressο",54.789,-100.753,109,"「yune」",3.674,-118.822,,"Roscosmos",-45.866,-94.03,,3958.689,-0.873,-38.91,,,,,,,3952.875,0.508,-59.932,,,,,,,3947.779,64.254,-83.994,,,,,,,,,,,,,,,,3957.587,-3.459,-55.826,,,,,,,3950.778,45.783,-78.269,,,,,,,"",2,,,,,,,,,,,,,0,"Espressο",,,,144,""
65,,3,1,0,3,0,0,2,1,0,0,1,255,255,39,3976.623,"あくせる",R,13,71,111,-0.297,-0.883,0.335,1.505,0.522,1.502,-36.443,32.806,22,78,0,2,"",-382.548,321.958,-21.384,0,0,2,"=","=","=","=","=","=","=","=","=",4,R,"Slaris",190,85.704,0.452,3,63,W,Y,1,3977.585,236,50,170,66,34,,145,117,30.769,26.522,-0.065,0.717,-20.513,0.17,0,0.242,104.455,586.271,-73.316,,,,3981.346,8,-54.365,3.723,-100.586,0,0,,3983.246,,,,3980.209,,,,,,,,,3982.651,2,,457,0,,,,,,,,,,,,,,,,,,,0.035,-37.427,-0.048,-17.152,-20.19,-43.013,-12.758,-61.043,21.042,-50.761,11.179,-63.811,44.145,-106.595,-7.904,-114.219,-45.302,-92.532,-0.043,-36.811,,"kneesohime",-0.119,-17.352,,"にゃんこ65K",-20.176,-42.949,,"vovopo 보보포",-12.84,-60.996,,"Parottey",21.019,-50.156,,"CoalCat",11.162,-63.741,,"Espressο",45.315,-105.973,,"「yune」",-7.906,-114.221,,"Roscosmos",-45.186,-93.001,,,,,,,,,,,,,,,,,,,,,,,,,,3982.661,-54.144,-100.637,,,,,,,,,,,,,,,,,,,,,,,,,,,,"",1,,,,,,,,,,,,,0,"Roscosmos",3980.209,,,256,""
66,SIDE,3,1,0,3,0,0,2,1,0,0,1,255,255,,3987.73,,,,,,,,,,,,,,,,,,,,,,,,3,"=","=","=","=","=","=","=","=","=",,,,,,,,,,,,,,,,,,,,,,,,,,,,,,,,,,,,,,,0,0,,,,,,,,,,,,,,,,,,,,,,,,,,,,,,,,,,,,,,,,,,,,,,,,,,,,,,,,,,,,,,,,,,,,,,,,,,,,,,,,,,,,,,,,,,,,,,,,,,,,,,,,,,,,,,,,,,,,,,,,,,,,,,,,,,,,,,,,,,,,,,,,,"",0,,,,,,,,,,,,,0,"",,,,0,""
67,,3,0,0,3,0,0,0,0,0,0,255,255,255,24,4029.356,"-라후이-",R,10,65,109,-1.101,0.014,0.267,1.846,-0.352,2.14,-36.439,33.084,100,0,0,0,"",-74.07,400,-2.715,0,0,1,"?fredo?","にゃんこ65K","kneesohime","Parottey","Espressο","CoalCat","「yune」","vovopo 보보포","Roscosmos",2,R,"にゃんこ65K",190,91.072,0.646,,90,W,Y,0,,,,,,,,,,,,,,,,,,,,,,,,,,,,,0,0,,,,,,,,,,,,,,,,,,,,,,,,,,,,,,,,,,,,,,-0.028,-37.756,0.01,-17.284,-16.957,-42.655,-13.196,-65.161,20.941,-50.528,10.413,-65.24,46.01,-100.493,-0.207,-113.147,-52.322,-98.442,,,,"",,,,"",,,,"",,,,"",,,,"",,,,"",,,,"",,,,"",,,,,,,,,,,,,,,,,,,,,,,,,,,,,,,,,,,,,,,,,,,,,,,,,,,,,,,,,,"",0,,,,,,,,,,,,,0,"",,,,0,""
68,,3,0,0,3,0,1,0,0,0,0,255,255,255,25,4045.863,"-라후이-",R,26,100,140,-1.6,-0.906,-0.046,1.272,-0.702,0.91,-36.439,7.08,52,48,0,1,"",5.072,-164.856,21.562,0,0,1,"=","=","=","=","=","=","=","=","=",2,R,"にゃんこ65K",190,91.072,0.646,,90,W,Y,0,,,,,,,,,,,,,,,,,,,,,,,,,,,,,0,0,,,,,,,,,,,,,,,,,,,,,,,,,,,,,,,,,,,,,,-0.01,-37.661,0.006,-17.272,-16.954,-42.559,-13.177,-65.255,21.517,-49.811,10.496,-65.903,45.908,-100.556,-0.246,-114.452,-52.785,-99.031,,,,"",,,,"",,,,"",,,,"",,,,"",,,,"",,,,"",,,,"",,,,,,,,,,,,,,,,,,,,,,,,,,,,,,,,,,,,,,,,,,,,,,,,,,,,,,,,,,"",0,,,,,,,,,,,,,0,"",,,,0,""
69,,3,0,0,3,1,1,0,0,0,0,255,255,255,26,4059.458,"-라후이-",R,10,89,128,-0.817,-0.87,0.159,1.694,-0.36,1.474,-36.439,28.658,91,9,0,2,"",0,400,15.594,0,0,1,"=","=","=","=","=","=","=","=","=",2,R,"にゃんこ65K",190,91.072,0.646,3,90,W,Y,1,4060.556,212,147,123,94,62,,145,87,-30,44.799,-0.144,0.736,-20.815,1,0,0.489,-24.443,-44.702,-216.762,4059.194,-1.29,-21.969,4060.643,2,-16.612,0.467,-37.389,0,0,,,,,,,,,,,,,,,4063.739,1,,147,0,,,,,,,,,,,4063.151,2,,,,,,,-0.008,-37.693,-0.008,-17.291,-16.899,-42.63,-13.25,-65.266,21.353,-49.909,10.663,-65.294,45.914,-100.5,-0.12,-114.449,-52.815,-99.026,-0.071,-36.876,,"Ainy4／あいにゃ",-0.086,-17.4,,"Floră",-16.962,-42.756,80,"낑깡__",-13.648,-65.979,,"Slaris",21.36,-49.827,,"즉석카레",10.847,-66.29,,"ディシジョン",45.899,-100.513,,"아침땅_",-0.311,-114.132,,"Kenomo",-52.705,-98.888,,4066.341,-1.221,-38.713,,,,4062.022,-17.506,-38.375,,,,,,,,,,,,,,,,,,,,,,,,,4065.283,-18.026,-39.42,,,,,,,,,,,,,,,,,,,"",2,,,,,,,,,,,,,0,"Floră",,,,17,""
70,,3,0,0,3,0,0,1,0,0,0,255,255,255,27,4079.213,"-라후이-",R,13,75,113,-1.701,-0.621,0.257,1.65,-0.137,1.667,-36.439,17.954,100,0,0,4,"",-348.842,358.203,-10.844,0,0,2,"=","=","=","=","=","=","=","=","=",1,R,"kneesohime",190,84.513,0.501,,63,W,Y,1,,,,,,,,,,,,,,,,,,,,,,,,,,,,,0,0,,,,,,,,,,,,,,,,,,,,,,,,,,,,,,,,,,,,,,0.038,-37.493,0.014,-17.278,-16.883,-42.47,-13.147,-65.193,22.171,-50.47,6.328,-66.913,45.725,-100.88,-0.476,-114.899,-52.848,-100.363,,,,"",,,,"",,,,"",,,,"",,,,"",,,,"",,,,"",,,,"",,,,4083.848,-0.345,-37.376,,,,,,,,,,,,,,,,,,,,,,,,,,,,,,,,,,,,,,,,,,,,,,,,,,,,"",0,,,,,,,,,,,,,0,"",,,,0,""
71,,3,0,0,3,0,1,1,0,0,0,255,255,255,28,4094.619,"-라후이-",R,13,78,115,-3.102,-0.768,0.038,1.529,-0.708,1.531,-36.439,5.817,57,43,0,2,"",-375.843,329.76,-3.77,0,0,2,"=","=","=","=","=","=","=","=","=",1,R,"kneesohime",190,84.513,0.501,3,63,W,Y,1,4095.804,255,90,141,122,91,,145,87,28.396,57.386,-0.526,0.819,-21.219,1,0,0.189,11.51,301.81,417.886,4097.067,-41.712,-45.68,,,,,,0,0,,,,,,,,,,,,,,,,,,,,,,,,,,,,,,,,,,,,,,-0.03,-37.597,-0.003,-17.281,-16.835,-42.455,-13.114,-65.259,22.107,-49.732,8.053,-66.002,45.329,-101.245,-0.287,-113.865,-53.025,-100.265,-0.049,-36.566,,"Ainy4／あいにゃ",-0.208,-17.504,,"Floră",-16.859,-42.52,,"낑깡__",-13.632,-66.461,,"Slaris",22.011,-49.689,,"즉석카레",8.163,-66.542,,"ディシジョン",45.333,-101.226,,"아침땅_",-0.591,-114.262,,"Kenomo",-53.02,-100.134,,,,,,,,,,,,,,,,,,,,,,,,,,,,,,,,,,,,,,,,,,,,,,,,,,,,,,,,"",3,,,,,,,,,,,,,0,"",,,,0,""
72,,3,0,0,3,0,2,1,0,0,0,255,255,255,29,4113.083,"-라후이-",R,26,74,125,1.193,0.754,0.345,1.72,0.295,1.89,-36.439,18.822,100,0,0,0,"",139.626,-200,0.208,0,0,2,"=","=","=","=","=","=","=","=","=",1,R,"kneesohime",190,84.513,0.501,,63,W,Y,1,,,,,,,,,,,,,,,,,,,,,,,,,,,,,0,0,,,,,,,,,,,,,,,4115.685,2,,578,0,,,,,,,,,,,,,,,,,,,0.161,-37.732,0.007,-17.306,-16.764,-42.304,-13.163,-65.237,21.516,-50.012,9.113,-66.091,46.739,-101.577,-0.585,-113.95,-49.074,-102.163,,,,"",,,,"",,,,"",,,,"",,,,"",,,,"",,,,"",,,,"",,,,,,,,,,,,,,,,,,,,,,,,,,,,,,,,,,,,,,,,,,,,,,,,,,,,,,,,,,"",0,,,,,,,,,,,,,0,"",,,,0,""
73,,3,0,0,3,0,0,2,0,0,0,255,255,255,30,4134.49,"-라후이-",R,14,76,114,-0.06,-0.94,0.002,1.774,-0.676,1.423,-36.439,18.918,100,0,0,2,"",373.725,332.159,26.954,0,0,3,"=","=","=","=","=","=","=","=","=",4,R,"Parottey",190,91.62,0.392,5,63,W,Y,1,4135.668,169,55,133,68,50,,145,108,1.792,4.531,-0.012,0.666,-20.458,-0.07,0,0.564,-262.644,-244.042,14.768,4134.843,-1.219,-38.035,4138.443,7,-5.609,0.055,-98.008,1,0,,4141.461,,,,,,,,,,,,,,,,,,,,,,,,,,,,,,,,,,,,0.004,-37.606,0.003,-17.295,-16.823,-42.446,-13.156,-65.185,21.227,-50.139,11.621,-65.914,45.564,-100.462,-0.274,-115.793,-50.221,-102.138,0.074,-36.735,,"Ainy4／あいにゃ",-0.005,-17.393,,"Floră",-16.849,-42.443,,"낑깡__",-13.691,-66.379,,"Slaris",21.297,-50.016,,"즉석카레",11.865,-66.956,69,"ディシジョン",45.209,-100.656,,"아침땅_",-0.333,-115.495,99,"Kenomo",-50.208,-102.079,,4146.161,-0.137,-40.756,,,,,,,,,,,,,4142.316,0.401,-60.168,,,,4139.723,-5.773,-99.402,,,,,,,,,,,,,,,,,,,4144.92,0.475,-58.15,,,,4140.615,-4.029,-94.606,,,,"",2,2.815,2.815,1.642,0,1,0.624,3.18,1.792,-0.116,2.982,0.004,2.056,0,"아침땅_",,,,321,""
74,,3,0,0,3,0,0,2,1,0,0,14,255,255,31,4164.421,"-라후이-",R,26,87,140,1.331,0.842,0.314,1.814,0.576,1.989,-36.439,21.15,86,14,0,0,"",-4.072,-172.824,13.42,0,0,4,"=","=","=","=","=","=","=","=","=",6,R,"Espressο",190,95.125,0.297,,63,W,Y,1,,,,,,,,,,,,,,,,,,,,,,,,,,,,,0,0,,,,,,,,,,,,4164.541,,,,,,,,,,,,,,,,,,,,,,,,,,0.144,-37.717,-0.014,-17.308,-19.394,-41.812,-12.991,-65.347,20.914,-48.783,10.896,-65.284,44.96,-99.138,-0.441,-114.467,-53.302,-101.323,,,,"",,,,"",,,,"",,,,"",,,,"",,,,"",,,,"",,,,"",,,,4168.175,-0.071,-37.489,,,,,,,,,,,,,,,,,,,,,,,,,,,,,,,,,,,,,,,,,,,,,,,,,,,,"",0,,,,,,,,,,,,,0,"",,,,0,""
75,,3,0,0,3,0,1,2,1,0,0,14,255,255,32,4181.026,"-라후이-",R,26,91,140,1.307,1.072,0.338,1.866,0.596,2.129,-36.439,27.971,89,10,2,4,"",-27.818,-176.052,13.047,0,0,4,"=","=","=","=","=","=","=","=","=",6,R,"Espressο",190,95.125,0.297,,63,W,Y,1,,,,,,,,,,,,,,,,,,,,,,,,,,,,,0,0,,,,,,,,,,,,4181.189,,,,,,,,,,,,,,,,,,,,,,,,,,0.182,-37.774,0.013,-17.288,-19.488,-41.481,-13.118,-65.3,20.863,-49.038,11.812,-65.075,44.953,-99.265,-0.415,-114.488,-53.239,-101.229,,,,"",,,,"",,,,"",,,,"",,,,"",,,,"",,,,"",,,,"",,,,4185.007,0.154,-37.589,,,,,,,,,,,,,,,,,,,,,,,,,,,,,,,,,,,,,,,,,,,,,,,,,,,,"",0,,,,,,,,,,,,,0,"",,,,0,""
76,,3,0,0,3,0,2,2,1,0,0,14,255,255,33,4297.373,"-라후이-",R,26,98,140,0.739,0.165,0.245,1.624,0.324,1.567,-36.439,9.155,57,43,0,0,"",-7.275,-173.06,17.959,0,0,4,"=","=","=","=","=","=","=","=","=",6,R,"Espressο",190,95.125,0.297,,62,W,Y,1,,,,,,,,,,,,,,,,,,,,,,,,,,,,,0,0,,,,,,,,,,,,4297.661,,,4299.792,4,,578,0,,,,,,,,,,,,,,,,,,,0.141,-37.67,-0.006,-17.312,-17.47,-42.666,-13.163,-65.184,20.879,-48.895,12.521,-64.409,44.471,-97.215,-0.377,-114.248,-53.758,-101.127,,,,"",,,,"",,,,"",,,,"",,,,"",,,,"",,,,"",,,,"",,,,,,,,,,,,,,,,,,,,,,,,,,,,,,,,,,,,,,,,,,,,,,,,,,,,,,,,,,"",0,,,,,,,,,,,,,0,"",,,,0,""
77,SIDE,3,0,0,3,0,0,2,1,0,0,14,255,255,,4302.377,,,,,,,,,,,,,,,,,,,,,,,,5,"=","=","=","=","=","=","=","=","=",,,,,,,,,,,,,,,,,,,,,,,,,,,,,,,,,,,,,,,0,0,,,,,,,,,,,,,,,,,,,,,,,,,,,,,,,,,,,,,,,,,,,,,,,,,,,,,,,,,,,,,,,,,,,,,,,,,,,,,,,,,,,,,,,,,,,,,,,,,,,,,,,,,,,,,,,,,,,,,,,,,,,,,,,,,,,,,,,,,,,,,,,,,"",0,,,,,,,,,,,,,0,"",,,,0,""
78,,4,1,0,3,0,0,0,0,0,0,255,255,255,40,4346.54,"あくせる",R,28,86,139,0.989,0.021,0.329,1.524,0.352,1.568,-36.443,16.783,0,100,0,2,"",51.456,-59.215,11.213,0,0,3,"-라후이-","Ainy4／あいにゃ","Slaris","Kenomo","Floră","ディシジョン","즉석카레","낑깡__","아침땅_",8,R,"Kenomo",179.7,80,0.449,0,89,W,Y,1,4347.56,184,25,93,29,0,,140,131,-30,-14.883,0.036,0.724,-19.774,0.44,0,0.113,-529.587,239.789,-95.947,4346.158,0.339,-20.919,4347.873,5,9.544,3.01,-55.746,0,0,,4353.083,,,,,,,,,,,,,4352.201,3,,147,32,,,,,,,,,,,,,,,,,,,0.104,-37.417,0.057,-17.135,-21.823,-49.813,-12.641,-61.001,20.826,-48.727,11.102,-61.852,44.691,-102.505,-9.518,-122.668,-45.49,-91.836,0.19,-36.785,,"kneesohime",0.105,-17.232,,"にゃんこ65K",-21.821,-49.793,85,"vovopo 보보포",-12.769,-60.918,,"Parottey",20.318,-48.157,,"CoalCat",11.165,-61.787,94,"Espressο",43.453,-102.388,,"「yune」",-9.513,-122.653,,"Roscosmos",-45.733,-91.528,,4355.393,-2.146,-37.328,,,,4351.71,-18.64,-39.837,,,,,,,4349.257,9.879,-57.37,,,,,,,,,,,,,,,,4354.423,-17.89,-40.039,,,,,,,4350.247,5.958,-53.533,,,,,,,,,,"",2,,,,,,,,,,,,,0,"CoalCat",,,,34,""
79,,4,1,0,3,0,0,1,0,0,0,255,255,255,41,4371.904,"あくせる",R,13,70,110,-2.21,-1.038,0.191,1.475,-0.293,1.413,-36.443,19.466,36,64,0,2,"",-366.498,340.116,-28.292,0,0,4,"=","=","=","=","=","=","=","=","=",2,R,"Floră",190,85,0.404,5,62,W,Y,1,4373.004,157,129,115,104,84,,145,115,25.859,-2.383,-0.438,0.578,-20.095,0.85,0,0.428,473.273,334.185,-3.434,,,,4377.012,7,-3.226,2.67,-120.352,0,0,,4378.878,,,,,,,,,,,,,4378.453,4,,456,0,,,,,,,,,,,,,,,,,,,0.009,-37.582,0,-17.114,-21.829,-49.329,-12.45,-60.903,19.265,-49.149,10.761,-63.366,45.338,-107.968,-6.134,-116.433,-45.05,-91.158,-0.006,-37.051,,"kneesohime",-0.322,-17.261,,"にゃんこ65K",-21.611,-49.322,,"vovopo 보보포",-12.433,-60.774,,"Parottey",18.953,-48.731,,"CoalCat",10.822,-63.314,78,"Espressο",45.383,-107.946,,"「yune」",-6.18,-116.374,85,"Roscosmos",-44.421,-88.175,,4386.744,-0.118,-39.029,,,,,,,,,,,,,4383.482,4.252,-59.246,,,,4378.47,-3.34,-121.234,,,,,,,,,,,,,,,,,,,4385.549,3.777,-57.297,,,,4380.064,-2.734,-116.066,,,,"",1,2.195,2.195,-0.155,0,2,0.215,85.983,35.106,-2.895,87.333,0.061,11.132,0,"「yune」",,,,96,""
80,,4,1,0,3,0,0,2,0,0,0,255,255,255,42,4404.091,"あくせる",R,10,78,118,0.393,-2.551,0.288,1.204,0.161,0.474,-36.443,32.586,35,65,0,1,"",0,400,31.301,0.075,-20.693,5,"=","=","=","=","=","=","=","=","=",6,R,"ディシジョン",180.2,92.087,0.582,,62,W,Y,0,,,,,,,,,,,,,,,,,,,,,,,,,,,,,0,0,,,,,,,,,,,,,,,,,,,,,,,,,,,,,,,,,,,,,,0.053,-37.438,0.047,-17.12,-21.227,-49.161,-13.295,-61.863,21.063,-50.107,11.663,-62.639,43.065,-113.486,-3.055,-116.812,-46.514,-93.326,,,,"",,,,"",,,,"",,,,"",,,,"",,,,"",,,,"",,,,"",,,,4408.017,-0.128,-37.098,,,,,,,,,,,,,,,,,,,,,,,,,,,,,,,,,,,,,,,,,,,,,,,,,,,,"",0,,,,,,,,,,,,,0,"",,,,0,""
81,,4,1,0,3,1,0,2,0,0,0,255,255,255,43,4423.902,"あくせる",R,27,92,140,1.336,0.509,0.349,1.591,0.444,1.796,-36.443,21.509,0,100,0,2,"",95.871,-129.428,12.035,0,0,5,"=","=","=","=","=","=","=","=","=",6,R,"ディシジョン",180.2,92.087,0.582,3,62,W,Y,1,4424.922,183,54,133,10,27,,143,88,-33.569,49.761,0.154,1.094,-19.653,-0.71,0.095,0.308,251.204,230.171,-493.88,4423.6,-1.666,-21.188,,,,,,0,0,,,,,,,,,,,,,,,,,,,,,,,,,,,,,,,,,,,,,,0.057,-37.457,0.063,-17.107,-21.274,-49.2,-13.485,-61.553,20.651,-49.905,12.146,-62.293,43.127,-113.434,-3.163,-115.821,-47.241,-93.433,-0.15,-36.339,,"kneesohime",0.086,-17.135,,"にゃんこ65K",-21.298,-49.173,,"vovopo 보보포",-13.267,-60.816,,"Parottey",20.438,-49.819,,"CoalCat",12.132,-62.278,,"Espressο",43.066,-113.465,,"「yune」",-3.182,-115.823,,"Roscosmos",-47.492,-93.352,,,,,,,,,,,,,,,,,,,,,,,,,,,,,,,,,,,,,,,,,,,,,,,,,,,,,,,,"",3,,,,,,,,,,,,,0,"",,,,0,""
82,,4,1,0,3,1,1,2,0,0,0,255,255,255,44,4445.518,"あくせる",R,13,74,113,0.9,-0.731,0.436,1.573,1.062,1.584,-36.443,30.913,34,66,0,2,"",-390.434,312.348,-17.433,0,0,5,"=","=","=","=","=","=","=","=","=",6,R,"ディシジョン",180.2,92.087,0.582,3,62,W,Y,1,4446.625,153,148,145,175,31,,145,83,105.399,-78.206,0.203,0.807,-21.208,1,0.188,0.362,38.262,565.175,-62.861,,,,,,,,,0,0,,,,,,,,,,,,,,,,,,,,,,,,,,,,,,,,,,,,,,0.126,-37.66,0.02,-17.195,-21.268,-49.052,-13.897,-61.424,20.865,-49.918,12.275,-64.153,43.115,-109.785,-3.635,-115.901,-46.223,-95.101,0.112,-36.954,,"kneesohime",0.013,-17.257,,"にゃんこ65K",-21.254,-48.997,,"vovopo 보보포",-13.765,-61.139,,"Parottey",20.697,-49.651,,"CoalCat",12.337,-64.019,,"Espressο",43.106,-109.786,,"「yune」",-3.388,-116.193,,"Roscosmos",-46.432,-94.933,,,,,,,,,,,,,,,,,,,,,,,,,,,,,,,,,,,,,,,,,,,,,,,,,,,,,,,,"",3,,,,,,,,,,,,,0,"",,,,0,""
83,,4,1,0,3,1,2,2,0,0,0,255,255,255,45,4465.865,"あくせる",R,13,70,98,-1.574,-1.467,0.223,1.479,-0.014,1.302,-36.443,31.64,25,75,0,1,"",-320.993,346.678,-9.563,-0.467,-18.027,5,"=","=","=","=","=","=","=","=","=",6,R,"ディシジョン",180.2,92.087,0.582,,62,W,Y,0,,,,,,,,,,,,,,,,,,,,,,,,,,,,,0,0,,,,,,,,,,,,,,,,,,,,,,,,,,,,,,,,,,,,,,-0.012,-37.665,0.019,-17.246,-22.014,-49.31,-13.679,-61.228,21.618,-49.585,12.173,-64.496,43.05,-110.234,-3.854,-117.347,-46.714,-95.017,,,,"",,,,"",,,,"",,,,"",,,,"",,,,"",,,,"",,,,"",,,,,,,,,,,,,,,,,,,,,,,,,,,,,,,,,,,,,,,,,,,,,,,,,,,,,,,,,,"",0,,,,,,,,,,,,,0,"",,,,0,""
84,,4,1,0,3,2,2,2,0,0,0,255,255,255,46,4482.349,"あくせる",R,26,95,140,1.03,0.406,0.321,1.566,0.314,1.712,-36.443,16.448,13,87,0,0,"",93.905,-155.483,18.942,0,0,5,"=","=","=","=","=","=","=","=","=",6,R,"ディシジョン",180.2,92.087,0.582,,62,W,Y,1,,,,,,,,,,,,,,,,,,,,,,,,,,,,,0,0,,,,,,,,,,,,,,,4484.901,5,,578,0,,,,,,,,,,,,,,,,,,,0.09,-37.41,0.009,-17.078,-21.95,-49.359,-13.722,-61.228,21.75,-50.067,13.284,-63.497,43.047,-110.178,-2.823,-117.947,-47.098,-94.182,,,,"",,,,"",,,,"",,,,"",,,,"",,,,"",,,,"",,,,"",,,,,,,,,,,,,,,,,,,,,,,,,,,,,,,,,,,,,,,,,,,,,,,,,,,,,,,,,,"",0,,,,,,,,,,,,,0,"",,,,0,""
85,SIDE,4,1,0,3,0,0,2,0,0,0,255,255,255,,4486.298,,,,,,,,,,,,,,,,,,,,,,,,6,"=","=","=","=","=","=","=","=","=",,,,,,,,,,,,,,,,,,,,,,,,,,,,,,,,,,,,,,,0,0,,,,,,,,,,,,,,,,,,,,,,,,,,,,,,,,,,,,,,,,,,,,,,,,,,,,,,,,,,,,,,,,,,,,,,,,,,,,,,,,,,,,,,,,,,,,,,,,,,,,,,,,,,,,,,,,,,,,,,,,,,,,,,,,,,,,,,,,,,,,,,,,,"",0,,,,,,,,,,,,,0,"",,,,0,""
86,,4,0,0,3,0,0,0,0,0,0,255,255,255,34,4528.521,"-라후이-",R,13,64,107,-1.679,-0.699,0.254,1.702,-0.331,1.785,-36.439,22.353,100,0,0,1,"",-216.984,400,-9.651,0,0,5,"?fredo?","にゃんこ65K","kneesohime","Parottey","Espressο","CoalCat","「yune」","vovopo 보보포","Roscosmos",5,R,"CoalCat",174.7,82.838,0.435,,61,W,Y,0,,,,,,,,,,,,,,,,,,,,,,,,,,,,,0,0,,,,,,,,,,,,,,,,,,,,,,,,,,,,,,,,,,,,,,0.039,-37.871,-0.028,-17.215,-16.657,-42.126,-13.158,-65.257,20.989,-49.242,10.849,-65.651,45.431,-97.815,-0.32,-110.751,-51.199,-98.41,,,,"",,,,"",,,,"",,,,"",,,,"",,,,"",,,,"",,,,"",,,,,,,,,,,,,,,,,,,,,,,,,,,,,,,,,,,,,,,,,,,,,,,,,,,,,,,,,,"",0,,,,,,,,,,,,,0,"",,,,0,""
87,,4,0,0,3,1,0,0,0,0,0,255,255,255,35,4542.251,"-라후이-",R,0,77,128,-0.959,-0.687,0.072,1.877,-0.42,1.185,-36.439,29.263,100,0,0,0,"",0,0,5.491,0,0,5,"=","=","=","=","=","=","=","=","=",5,R,"CoalCat",174.7,82.838,0.435,,61,W,Y,0,,,,,,,,,,,,,,,,,,,,,,,,,,,,,0,0,,,,,,,,,,,,,,,,,,,,,,,,,,,,,,,,,,,,,,-0.035,-37.56,-0.039,-17.216,-16.875,-42.399,-13.139,-65.196,20.763,-49.354,10.714,-65.506,43.016,-97.322,-0.574,-110.783,-47.104,-98.043,,,,"",,,,"",,,,"",,,,"",,,,"",,,,"",,,,"",,,,"",,,,,,,,,,,,,,,,,,,,,,,,,,,,,,,,,,,,,,,,,,,,,,,,,,,,,,,,,,"",0,,,,,,,,,,,,,0,"",,,,0,""
88,,4,0,0,3,1,1,0,0,0,0,255,255,255,36,4557.513,"-라후이-",R,10,74,115,-1.854,-0.99,0.166,1.635,-0.812,1.556,-36.439,14.937,54,46,0,2,"",0,400,-3.217,0,0,5,"=","=","=","=","=","=","=","=","=",5,R,"CoalCat",174.7,82.838,0.435,5,61,W,Y,1,4558.623,164,177,125,107,77,,145,94,31.62,-17.83,-0.321,0.708,-21.128,1,0,0.441,491.504,221.753,263.116,4562.285,19.778,-97.207,4564.891,6,20.805,0.059,-110.4,1,0,,4564.829,,,,,,,,,,,,,,,,,,,,,,,,,,,,,,4574.814,3,,,,,0.048,-37.824,-0.023,-17.194,-17.04,-42.581,-13.076,-65.242,20.805,-49.448,12.004,-65.199,42.97,-97.31,-0.525,-110.724,-47.122,-98.024,0.094,-36.578,,"Ainy4／あいにゃ",-0.122,-17.318,,"Floră",-16.796,-42.46,,"낑깡__",-13.731,-66.234,91,"Slaris",20.735,-49.237,,"즉석카레",11.817,-65.661,,"ディシジョン",42.988,-97.302,94,"아침땅_",-0.598,-110.564,,"Kenomo",-47.094,-97.975,,4575.937,-3.106,-41.272,,,,,,,4570.496,-0.009,-59.953,,,,,,,4566.418,20.917,-110.03,,,,,,,,,,,,,,,,4575.016,-0.756,-57.162,,,,,,,4567.847,18.907,-106.863,,,,,,,"",2,-16.007,-16.007,-4.211,0,1,0.443,72.804,61.193,-6.971,71.175,0.061,-27.994,0,"ディシジョン",,,,161,""
89,,4,0,0,3,0,0,0,1,0,0,15,255,255,37,4594.998,"-라후이-",R,26,91,140,1.219,0.776,0.32,1.733,0.564,1.864,-36.439,18.751,93,7,0,2,"",-32.377,-200,15.83,0,0,6,"=","=","=","=","=","=","=","=","=",7,R,"「yune」",174.8,85,0.37,3,61,W,Y,1,4596.069,244,46,106,53,20,,145,81,37.411,51.454,0.112,1.18,-20.159,-1,0,0.308,350.425,452.049,-54.142,4599.134,-57.158,-56.497,,,,,,0,0,,,,,,,,,,,,4619.644,,,,,,,,,,,,,,,,,,,,,,,,,,0.107,-37.765,-0.01,-17.218,-18.921,-41.774,-9.463,-58.386,20.818,-49.334,10.574,-62.858,40.515,-89.678,-1,-111.826,-43.513,-94.733,-0.089,-36.755,,"Ainy4／あいにゃ",0.034,-17.252,,"Floră",-16.712,-42.135,,"낑깡__",-9.513,-58.37,,"Slaris",19.45,-47.416,,"즉석카레",9.454,-62.368,,"ディシジョン",40.515,-89.69,,"아침땅_",-1.027,-112.45,,"Kenomo",-43.508,-94.728,,,,,,,,,,,,,,,,,,,,,,,,,,,,,,,,,,,,,,,,,,,,,,,,,,,,,,,,"",3,,,,,,,,,,,,,0,"",,,,0,""
90,,4,0,0,3,0,1,0,1,0,0,15,255,255,38,4619.833,"-라후이-",R,0,65,118,1.128,0.424,0.273,1.726,-0.24,1.857,-36.439,22.998,100,0,0,2,"",0,23.848,-0.09,0,0,6,"=","=","=","=","=","=","=","=","=",7,R,"「yune」",174.8,85,0.37,0,31,W,Y,1,4620.973,255,77,84,59,41,,145,86,2.91,33.726,-0.105,1.044,-20.153,-1,0,0.183,-137.29,496.335,148.197,4620.279,-11.525,-36.234,4620.861,2,-14.003,0.14,-39.517,0,32,,4626.641,,,,4625.939,,,,,,,,,4623.5,6,,147,0,4625.57,5,1,278,16,,,,,,4623.344,2,,,,,,,0.014,-37.604,-0.019,-17.216,-19.775,-41.072,-10.647,-59.397,20.512,-49.144,9.148,-62.095,41.489,-91.648,-0.911,-111.237,-47.495,-91.615,0.105,-37.047,,"Ainy4／あいにゃ",-0.094,-17.29,101,"Floră",-16.679,-42.188,120,"낑깡__",-10.697,-59.146,,"Slaris",20.399,-48.896,,"즉석카레",9.176,-62.071,75,"ディシジョン",41.498,-91.631,,"아침땅_",-1.07,-111.446,,"Kenomo",-47.499,-91.562,,4632.646,-4.389,-36.104,4629.738,-5.76,-18.637,4622.425,-14.357,-40.116,,,,,,,4624.847,-0.794,-58.521,,,,,,,,,,,,,4631.786,-3.26,-19.613,4623.876,-16.256,-41.963,,,,,,,4627.455,-4.864,-52.611,,,,,,,,,,"",2,,,,,,,,,,,,,0,"Floră",4625.939,,,83,""
91,,4,0,0,3,0,0,2,0,0,0,255,255,255,39,4648.216,"-라후이-",R,26,98,140,-0.966,0.64,0.018,1.599,-0.413,1.755,-36.439,10.011,50,50,0,0,"",-7.033,-179.809,22.001,0,0,7,"=","=","=","=","=","=","=","=","=",3,L,"vovopo 보보포",160,80.084,0.55,,61,W,Y,0,,,,,,,,,,,,,,,,,,,,,,,,,,,,,0,0,,,,,,,,,,,,,,,,,,,,,,,,,,,,,,,,,,,,,,-0.011,-37.702,0.044,-17.282,-16.85,-42.486,-8.332,-64.21,19.964,-47.849,10.721,-62.771,45.478,-93.653,-0.542,-106.795,-43.529,-90.856,,,,"",,,,"",,,,"",,,,"",,,,"",,,,"",,,,"",,,,"",,,,4652.183,0.099,-37.247,,,,,,,,,,,,,,,,,,,,,,,,,,,,,,,,,,,,,,,,,,,,,,,,,,,,"",0,,,,,,,,,,,,,0,"",,,,0,""
92,,4,0,0,3,0,1,2,0,0,0,255,255,255,40,4661.639,"-라후이-",R,26,95,140,-0.56,0.927,0.084,1.697,-0.272,1.883,-36.439,14.812,91,9,0,2,"",18.753,-200,15.412,0,0,7,"=","=","=","=","=","=","=","=","=",3,L,"vovopo 보보포",160,80.084,0.55,5,61,W,Y,1,4662.642,255,198,117,57,9,,145,122,25.795,33.898,-0.103,1.114,-20.507,0.45,0,0.541,327.421,-17.801,-487.271,4668.982,-62.46,-120.002,,,,,,0,0,,4667.56,4672.21,4676.915,4682.076,,,,,,,,,,,,,,,,,,,,,,,,,,,,,,,,,0.021,-37.871,0.017,-17.267,-16.873,-42.505,-8.141,-65.285,19.505,-47.147,11.106,-62.302,43.625,-89.858,-0.351,-107.112,-43.478,-90.809,-0.083,-36.713,,"Ainy4／あいにゃ",-0.043,-17.333,,"Floră",-16.98,-42.725,,"낑깡__",-7.728,-65.549,,"Slaris",19.48,-46.952,,"즉석카레",11.714,-62.057,,"ディシジョン",42.732,-89.67,,"아침땅_",-0.277,-106.933,,"Kenomo",-43.38,-90.662,,,,,,,,,,,,,,,,,,,,,,,,,,,,,,,,,,,,,,,,,,,,,,,,,,,,,,,,"",4,34.519,34.519,13.014,0,2,0.078,80.177,34.448,-3.552,83.583,0.071,77.959,0,"",4672.21,4676.915,,0,""
93,,4,0,0,4,0,0,2,0,0,0,255,255,255,41,4705.554,"-라후이-",R,14,80,118,-0.404,-0.187,0.015,1.434,-0.821,1.898,-36.439,3.267,56,44,0,2,"",390.434,312.348,25.7,0,0,8,"=","=","=","=","=","=","=","=","=",8,R,"Roscosmos",175,96.351,0.374,5,61,W,Y,1,4706.382,113,87,104,97,78,,137,93,-15.005,-47.326,-0.087,0.92,-20.856,0.97,0,0.322,-425.133,41.379,-330.823,4704.934,2.14,-22.909,4706.546,4,22.487,0.09,-43.54,0,0,,4711.823,,,,,,,,,,,,,4711.859,8,,147,4,,,,,,,,,,,,,,,,,,,0.013,-37.695,-0.048,-17.259,-16.859,-42.403,-12.85,-65.24,20.869,-48.253,10.979,-64.834,42.259,-95.894,-0.273,-109.516,-53.286,-96.346,-0.267,-36.525,,"Ainy4／あいにゃ",-0.064,-17.327,,"Floră",-16.895,-42.47,,"낑깡__",-13.082,-65.67,,"Slaris",20.767,-48.011,120,"즉석카레",10.993,-64.738,,"ディシジョン",42.168,-95.955,,"아침땅_",-0.346,-109.835,,"Kenomo",-52.968,-96.513,,,,,,,,4711.306,-18.041,-40.234,,,,4708.107,23.169,-44.563,,,,,,,,,,,,,,,,,,,,,,,,,4709.943,15.12,-44.005,,,,,,,,,,,,,"",2,-48.624,-48.624,-10.305,0,1,0.755,-27.009,-16.023,-21.632,-72.647,0.028,-68.66,0,"Slaris",,,,20,""
94,SIDE,4,0,0,4,0,0,2,0,0,0,255,255,255,,4713.559,,,,,,,,,,,,,,,,,,,,,,,,0,"=","=","=","=","=","=","=","=","=",,,,,,,,,,,,,,,,,,,,,,,,,,,,,,,,,,,,,,,0,0,,,,,,,,,,,,,,,,,,,,,,,,,,,,,,,,,,,,,,,,,,,,,,,,,,,,,,,,,,,,,,,,,,,,,,,,,,,,,,,,,,,,,,,,,,,,,,,,,,,,,,,,,,,,,,,,,,,,,,,,,,,,,,,,,,,,,,,,,,,,,,,,,"",0,,,,,,,,,,,,,0,"",,,,0,""
95,,5,1,0,4,0,0,0,0,0,0,255,255,255,47,4766.085,"あくせる",R,27,85,138,0.258,-0.522,0.243,1.42,-0.05,1.185,-36.443,23.438,0,100,0,0,"",114.181,-132.116,7.677,0,0,6,"-라후이-","Ainy4／あいにゃ","Slaris","Kenomo","Floră","ディシジョン","즉석카레","낑깡__","아침땅_",5,R,"즉석카레",169.5,84.927,0.397,,61,W,Y,0,,,,,,,,,,,,,,,,,,,,,,,,,,,,,0,0,,,,,,,,,,,,,,,,,,,,,,,,,,,,,,,,,,,,,,0.021,-37.606,-0.018,-17.117,-20.335,-48.702,-12.582,-61.166,21.175,-50.449,11.87,-63.918,41.833,-91.112,-1.581,-114.719,-42.417,-88.922,,,,"",,,,"",,,,"",,,,"",,,,"",,,,"",,,,"",,,,"",,,,,,,,,,,,,,,,,,,,,,,,,,,,,,,,,,,,,,,,,,,,,,,,,,,,,,,,,,"",0,,,,,,,,,,,,,0,"",,,,0,""
96,,5,1,0,4,0,1,0,0,0,0,255,255,255,48,4787.189,"あくせる",R,28,84,136,1.391,1.059,0.362,1.674,0.506,2.106,-36.443,21.876,0,100,0,0,"",64.457,-89.488,8.744,0,0,6,"=","=","=","=","=","=","=","=","=",5,R,"즉석카레",169.5,84.927,0.397,,61,W,Y,0,,,,,,,,,,,,,,,,,,,,,,,,,,,,,0,0,,,,,,,,,,,,,,,,,,,,,,,,,,,,,,,,,,,,,,0.044,-37.297,0.036,-17.044,-20.677,-48.958,-12.902,-61.018,20.871,-49.887,12.577,-63.268,34.751,-95.881,-1.574,-114.69,-42.25,-89.1,,,,"",,,,"",,,,"",,,,"",,,,"",,,,"",,,,"",,,,"",,,,,,,,,,,,,,,,,,,,,,,,,,,,,,,,,,,,,,,,,,,,,,,,,,,,,,,,,,"",0,,,,,,,,,,,,,0,"",,,,0,""
97,,5,1,0,4,0,2,0,0,0,0,255,255,255,49,4804.038,"あくせる",R,13,84,123,-2.862,-1.05,0.117,1.478,-0.637,1.397,-36.443,13.325,42,58,0,1,"",-390.434,312.348,-11.003,-0.866,-16.341,6,"=","=","=","=","=","=","=","=","=",5,R,"즉석카레",169.5,84.927,0.397,,61,W,Y,0,,,,,,,,,,,,,,,,,,,,,,,,,,,,,0,0,,,,,,,,,,,,,,,,,,,,,,,,,,,,,,,,,,,,,,-0.006,-37.358,-0.045,-17.064,-20.678,-49.194,-12.915,-61.039,20.443,-49.825,11.797,-63.473,34.848,-95.835,-1.399,-114.811,-42.298,-89.217,,,,"",,,,"",,,,"",,,,"",,,,"",,,,"",,,,"",,,,"",,,,,,,,,,,,,,,,,,,,,,,,,,,,,,,,,,,,,,,,,,,,,,,,,,,,,,,,,,"",0,,,,,,,,,,,,,0,"",,,,0,""
98,,5,1,0,4,1,2,0,0,0,0,255,255,255,50,4822.019,"あくせる",R,13,70,98,-1.505,-1.234,0.234,1.491,0.053,1.478,-36.443,31.784,18,82,0,4,"BH-",-339.024,324.333,-15.932,-0.5,-17.549,6,"=","=","=","=","=","=","=","=","=",5,R,"즉석카레",169.5,84.927,0.397,,61,W,Y,1,,,,,,,,,,,,,,,,,,,,,,,,,,,,,1,0,,4831.627,,,,,,,,,,,,,,,,,,,,,,,,,,,,,,,,,,,,-0.089,-37.365,-0.033,-17.109,-20.728,-48.584,-12.917,-60.98,20.611,-49.26,11.923,-63.451,34.82,-95.823,-1.767,-114.612,-42.266,-89.171,,,,"",,,,"",,,,"",,,,"",,,,"",,,,"",,,,"",,,,"",,,,,,,,,,,,,,,,,,,,,,,,,,,,,,,,,,,,,,,,,,,,,,,,,,,,,,,,,,"",0,,,,,,,,,,,,,0,"",,,,0,""
99,,5,1,0,4,0,0,1,0,0,0,255,255,255,51,4910.059,"あくせる",R,27,86,139,1.775,-0.437,0.389,1.431,0.63,1.239,-36.443,24.033,0,100,0,4,"",98.352,-125.504,18.586,0,0,7,"=","=","=","=","=","=","=","=","=",3,R,"낑깡__",175.3,80,0.402,,60,W,Y,1,,,,,,,,,,,,,,,,,,,,,,,,,,,,,0,0,,,,,,,,,,,,,,,,,,,,,,,,,,,,,,,,,,,,,,0.066,-37.287,0.018,-17.321,-21.904,-49.831,-12.395,-61.338,22.701,-50.217,12.548,-62.138,36.006,-94.193,-8.206,-112.624,-45.051,-91.167,,,,"",,,,"",,,,"",,,,"",,,,"",,,,"",,,,"",,,,"",,,,,,,,,,,,,,,,,,,,,,,,,,,,,,,,,,,,,,,,,,,,,,,,,,,,,,,,,,"",0,,,,,,,,,,,,,0,"",,,,0,""
100,,5,1,0,4,0,1,1,0,0,0,255,255,255,52,4929.475,"あくせる",R,13,68,97,-2.035,-1.345,0.182,1.455,-0.223,1.434,-36.443,23.355,22,78,0,1,"",-311.697,353.636,-10.92,-0.576,-17.802,7,"=","=","=","=","=","=","=","=","=",3,R,"낑깡__",175.3,80,0.402,,60,W,Y,0,,,,,,,,,,,,,,,,,,,,,,,,,,,,,0,0,,,,,,,,,,,,,,,,,,,,,,,,,,,,,,,,,,,,,,-0.081,-37.373,-0.12,-17.562,-22.16,-50.722,-12.485,-60.818,22.604,-50.48,11.155,-63.096,36.494,-98.409,-8.371,-112.589,-45.174,-91.04,,,,"",,,,"",,,,"",,,,"",,,,"",,,,"",,,,"",,,,"",,,,,,,,,,,,,,,,,,,,,,,,,,,,,,,,,,,,,,,,,,,,,,,,,,,,,,,,,,"",0,,,,,,,,,,,,,0,"",,,,0,""
101,,5,1,0,4,1,1,1,0,0,0,255,255,255,53,4946.248,"あくせる",R,27,78,128,0.61,0.318,0.301,1.548,0.22,1.65,-36.443,15.223,0,100,0,0,"",24.147,-138.113,10.368,0,0,7,"=","=","=","=","=","=","=","=","=",3,R,"낑깡__",175.3,80,0.402,,60,W,Y,1,,,,,,,,,,,,,,,,,,,,,,,,,,,,,0,0,,,,,,,,,,,,,,,,,,,,,,,,,,,,,,,,,,,,,,0.079,-37.388,0.051,-17.114,-22.107,-50.679,-12.189,-60.889,22.445,-49.866,11.876,-62.833,40.531,-101.141,-6.763,-113.552,-45.084,-91.213,,,,"",,,,"",,,,"",,,,"",,,,"",,,,"",,,,"",,,,"",,,,,,,,,,,,,,,,,,,,,,,,,,,,,,,,,,,,,,,,,,,,,,,,,,,,,,,,,,"",0,,,,,,,,,,,,,0,"",,,,0,""
102,,5,1,0,4,1,2,1,0,0,0,255,255,255,54,4966.232,"あくせる",R,13,84,123,-0.802,0.472,0.308,1.717,0.254,2.244,-36.443,32.072,20,80,0,0,"",-390.434,312.348,-5.987,0,0,7,"=","=","=","=","=","=","=","=","=",3,R,"낑깡__",175.3,80,0.402,,60,W,Y,1,,,,,,,,,,,,,,,,,,,,,,,,,,,,,0,0,,,,,,,,,,,,,,,4968.716,7,,578,0,,,,,,,,,,,,,,,,,,,0.009,-37.577,-0.084,-17.053,-22.087,-51.235,-12.754,-61.111,21.773,-51.439,11.38,-63.086,40.846,-100.681,-6.896,-113.502,-45.089,-91.195,,,,"",,,,"",,,,"",,,,"",,,,"",,,,"",,,,"",,,,"",,,,,,,,,,,,,,,,,,,,,,,,,,,,,,,,,,,,,,,,,,,,,,,,,,,,,,,,,,"",0,,,,,,,,,,,,,0,"",,,,0,""
103,,5,1,0,4,0,0,2,0,0,0,255,255,255,55,4990.766,"あくせる",R,27,98,140,1.03,-0.103,0.321,1.492,0.312,1.446,-36.443,15.028,0,100,0,0,"",95.194,-105.728,6.546,0,0,8,"=","=","=","=","=","=","=","=","=",7,R,"아침땅_",169.9,86.571,0.5,,60,W,Y,1,,,,,,,,,,,,,,,,,,,,,,,,,,,,,0,0,,,,,,,,,,,,,,,,,,,,,,,,,,,,,,,,,,,,,,0.125,-37.487,0.105,-16.927,-21.459,-49.526,-12.837,-61.288,22.005,-52.278,12.019,-62.899,41.005,-101.021,-6.42,-113.839,-44.94,-91.388,,,,"",,,,"",,,,"",,,,"",,,,"",,,,"",,,,"",,,,"",,,,,,,,,,,,,,,,,,,,,,,,,,,,,,,,,,,,,,,,,,,,,,,,,,,,,,,,,,"",0,,,,,,,,,,,,,0,"",,,,0,""
104,,5,1,0,4,0,1,2,0,0,0,255,255,255,56,5010.636,"あくせる",R,10,91,128,0.686,0.173,0.346,1.689,0.429,2.16,-36.443,18.868,42,58,0,0,"",-94.33,400,8.633,0,0,8,"=","=","=","=","=","=","=","=","=",7,R,"아침땅_",169.9,86.571,0.5,,36,W,Y,0,,,,,,,,,,,,,,,,,,,,,,,,,,,,,0,0,,,,,,,,,,,,,,,,,,,,,,,,,,,,,,,,,,,,,,0.089,-37.526,0.111,-16.939,-21.096,-49.398,-13.54,-60.891,22.216,-50.192,12.549,-62.519,41.067,-100.972,-6.286,-113.92,-44.434,-90.683,,,,"",,,,"",,,,"",,,,"",,,,"",,,,"",,,,"",,,,"",,,,,,,,,,,,,,,,,,,,,,,,,,,,,,,,,,,,,,,,,,,,,,,,,,,,,,,,,,"",0,,,,,,,,,,,,,0,"",,,,0,""
105,,5,1,0,4,0,2,2,0,0,0,255,255,255,57,5030.011,"あくせる",R,14,82,122,0.829,-1.493,0.272,1.438,0.086,1.253,-36.443,17.194,12,88,0,1,"",170.046,400,32.417,0,0,8,"=","=","=","=","=","=","=","=","=",7,R,"아침땅_",169.9,86.571,0.5,,36,W,Y,0,,,,,,,,,,,,,,,,,,,,,,,,,,,,,0,0,,,,,,,,,,,,,,,,,,,,,,,,,,,,,,,,,,,,,,0.084,-37.459,0.113,-16.927,-21.324,-49.692,-13.03,-61.106,22.12,-50.193,12.688,-62.086,41.004,-101,-6.764,-113.677,-44.293,-91.062,,,,"",,,,"",,,,"",,,,"",,,,"",,,,"",,,,"",,,,"",,,,,,,,,,,,,,,,,,,,,,,,,,,,,,,,,,,,,,,,,,,,,,,,,,,,,,,,,,"",0,,,,,,,,,,,,,0,"",,,,0,""
106,,5,1,0,4,1,2,2,0,0,0,255,255,255,58,5047.588,"あくせる",R,13,51,97,-10.937,-2.808,-0.157,1.317,-4.122,-0.457,-36.443,48.684,5,95,0,1,"",-343.928,312.864,-14.177,-1.608,-23.586,8,"=","=","=","=","=","=","=","=","=",7,R,"아침땅_",169.9,86.571,0.5,,36,W,Y,0,,,,,,,,,,,,,,,,,,,,,,,,,,,,,0,0,,,,,,,,,,,,,,,,,,,,,,,,,,,,,,,,,,,,,,0.02,-37.358,0.037,-17.065,-21.185,-49.322,-13.065,-61.105,22.214,-50.176,12.678,-62.167,43.349,-100.137,-6.351,-113.877,-44.329,-90.941,,,,"",,,,"",,,,"",,,,"",,,,"",,,,"",,,,"",,,,"",,,,,,,,,,,,,,,,,,,,,,,,,,,,,,,,,,,,,,,,,,,,,,,,,,,,,,,,,,"",0,,,,,,,,,,,,,0,"",,,,0,""
107,,5,1,0,4,2,2,2,0,0,0,255,255,255,59,5069.549,"あくせる",R,33,92,140,2.595,0.116,0.451,1.528,0.92,1.576,-36.443,25.725,0,100,0,1,"",148.199,-97.912,6.176,0,0,8,"=","=","=","=","=","=","=","=","=",7,R,"아침땅_",169.9,86.571,0.5,,36,W,Y,0,,,,,,,,,,,,,,,,,,,,,,,,,,,,,0,0,,,,,,,,,,,,,,,,,,,,,,,,,,,,,,,,,,,,,,0.088,-37.414,0.081,-17.001,-20.957,-48.768,-12.96,-61.093,21.19,-50.663,12.829,-62.027,43.127,-100.149,-6.462,-113.765,-44.342,-90.692,,,,"",,,,"",,,,"",,,,"",,,,"",,,,"",,,,"",,,,"",,,,,,,,,,,,,,,,,,,,,,,,,,,,,,,,,,,,,,,,,,,,,,,,,,,,,,,,,,"",0,,,,,,,,,,,,,0,"",,,,0,""
108,,5,1,0,4,3,2,2,0,0,0,255,255,255,60,5088.592,"あくせる",R,13,48,94,-8.834,-2.808,-0.042,1.356,-3.186,-0.211,-36.443,45.413,0,100,0,1,"",-333.644,312.348,-20.313,-1.341,-22.961,8,"=","=","=","=","=","=","=","=","=",7,R,"아침땅_",169.9,86.571,0.5,,36,W,Y,0,,,,,,,,,,,,,,,,,,,,,,,,,,,,,0,0,,5096.07,,,,,,,,,,,,,,,,,,,,,,,,,,,,,,,,,,,,0.091,-37.35,0.09,-16.93,-21.294,-48.835,-12.974,-61.14,21.658,-50.222,12.069,-61.893,43.034,-100.166,-9.687,-114.804,-45.813,-93.109,,,,"",,,,"",,,,"",,,,"",,,,"",,,,"",,,,"",,,,"",,,,,,,,,,,,,,,,,,,,,,,,,,,,,,,,,,,,,,,,,,,,,,,,,,,,,,,,,,"",5,,,,,,,,,,,,,0,"",,,,0,""
109,,5,1,0,4,0,0,2,1,0,0,7,255,255,61,5131.001,"あくせる",R,13,76,114,1.011,-0.407,0.491,1.575,1.106,1.736,-36.443,32.937,28,72,0,0,"",-394.019,307.813,-19.618,0,0,0,"=","=","=","=","=","=","=","=","=",0,R,"-라후이-",190,85.586,0.496,,60,W,Y,0,,,,,,,,,,,,,,,,,,,,,,,,,,,,,0,0,,,,,,5134.724,,,,,,,,,,,,,,,,,,,,,,,,,,,,,,5132.85,1,0.102,-37.459,0.026,-17.259,-19.772,-41.447,-12.76,-61.402,22.306,-50.424,12.29,-62.998,46.254,-106.51,-4.795,-115.94,-45.762,-93.362,,,,"",,,,"",,,,"",,,,"",,,,"",,,,"",,,,"",,,,"",,,,,,,,,,,,,,,,,,,,,,,,,,,,,,,,,,,,,,,,,,,,,,,,,,,,,,,,,,"",0,,,,,,,,,,,,,0,"",5134.724,,,0,""
110,,5,1,0,4,0,1,2,0,1,0,255,7,255,62,5162.172,"あくせる",R,10,85,127,1.419,-1.098,0.384,1.453,0.607,1.343,-36.443,22.759,30,70,0,4,"",0,400,6.689,0,0,0,"=","=","=","=","=","=","=","=","=",0,R,"-라후이-",190,85.586,0.496,,60,W,Y,1,,,,,,,,,,,,,,,,,,,,,,,,,,,,,0,0,,,,,,,,,,,,,5162.25,,,,,,,,,,,,,,,,,,,,,,,,,0.109,-37.367,0.045,-16.751,-22.226,-49.641,-12.727,-61.039,19.862,-47.201,9.004,-62.039,44.108,-106.063,-5.847,-113.184,-43.36,-91.99,,,,"",,,,"",,,,"",,,,"",,,,"",,,,"",,,,"",,,,"",,,,,,,,,,,,,,,,,,,,,,,,,,,,,,,,,,,,,,,,,,,,,,,,,,,,,,,,,,"",0,,,,,,,,,,,,,0,"",5164.706,,,0,""
111,,5,1,0,4,0,2,2,0,1,0,255,7,255,63,5186.421,"あくせる",R,33,95,140,1.93,0.215,0.398,1.556,0.674,1.677,-36.443,21.565,0,100,0,2,"",116.202,-83.746,6.562,0,0,0,"=","=","=","=","=","=","=","=","=",0,R,"-라후이-",190,85.586,0.496,0,60,W,Y,1,5187.159,140,75,52,37,24,,130,83,-50.951,-22.823,0.363,1.051,-19.435,-1,0,0.198,125.442,-300.502,425.19,5185.606,0.759,-20.369,5187.643,4,14.712,2.038,-40.736,0,0,,5192.989,,,,,,,5191.446,,,,,,5192.013,0,,147,8,,,,,,,,,,,,,,,,,,,0.111,-37.455,0.095,-16.929,-21.993,-49.29,-12.277,-61.206,19.173,-45.919,4.939,-60.553,45.698,-105.065,0.34,-109.042,-46.942,-94.929,0.204,-36.876,,"kneesohime",0.142,-17.287,,"にゃんこ65K",-21.901,-49.172,,"vovopo 보보포",-12.545,-60.944,,"Parottey",19.21,-46.815,105,"CoalCat",8.453,-60.869,,"Espressο",45.703,-105.068,,"「yune」",0.325,-109.046,,"Roscosmos",-47.558,-94.87,,,,,,,,5191.445,-18.59,-39.688,,,,5189.385,15.027,-41.144,,,,,,,,,,,,,,,,,,,,,,,,,5190.111,11.443,-40.819,,,,,,,,,,,,,"",2,,,,,,,,,,,,,0,"Parottey",,5191.446,,10,""
112,SIDE,5,1,0,4,0,0,2,0,0,1,255,255,7,,5193.493,,,,,,,,,,,,,,,,,,,,,,,,1,"=","=","=","=","=","=","=","=","=",,,,,,,,,,,,,,,,,,,,,,,,,,,,,,,,,,,,,,,0,0,,,,,,,,,,,,,,,,,,,,,,,,,,,,,,,,,,,,,,,,,,,,,,,,,,,,,,,,,,,,,,,,,,,,,,,,,,,,,,,,,,,,,,,,,,,,,,,,,,,,,,,,,,,,,,,,,,,,,,,,,,,,,,,,,,,,,,,,,,,,,,,,,"",0,,,,,,,,,,,,,0,"",,,,0,""
113,,5,0,0,4,0,0,0,0,0,0,255,255,255,42,5240.156,"-라후이-",R,10,84,113,-0.69,-0.587,0.102,1.661,-0.304,1.636,-36.439,10.721,53,47,0,2,"",0,316.362,24.696,0,0,0,"?fredo?","にゃんこ65K","kneesohime","Parottey","Espressο","CoalCat","「yune」","vovopo 보보포","Roscosmos",9,R,"?fredo?",190,83.536,0.353,3,59,W,Y,1,5241.286,255,162,128,125,83,,145,111,10.277,39.042,-0.109,0.952,-21.742,0.89,0,0.591,-102.968,261.771,510.106,,,,5240.861,2,-15.499,2.344,-40.106,0,0,,,,,5246.837,,,,,,,,,,5242.598,0,,451,0,,,,,,,,,,,,,,,,,,,0.052,-37.591,-0.007,-17.191,-17.267,-42.857,-13.128,-65.121,21.587,-49.559,11.764,-64.849,43.667,-99.76,-0.537,-108.04,-48.727,-95.632,0.034,-36.716,,"Ainy4／あいにゃ",-0.083,-17.288,,"Floră",-17.409,-43.055,86,"낑깡__",-13.779,-66.742,,"Slaris",21.412,-49.577,,"즉석카레",11.803,-65.537,,"ディシジョン",43.119,-99.323,,"아침땅_",-0.647,-107.301,,"Kenomo",-48.71,-95.566,,5246.125,-0.901,-39.376,,,,5242.608,-16.138,-41.001,,,,,,,,,,,,,,,,,,,,,,,,,5245.411,-12.166,-39.601,,,,,,,,,,,,,,,,,,,"",1,,,,,,,,,,,,,0,"Floră",,,5246.837,17,""
114,,5,0,0,4,0,0,1,0,0,0,255,255,255,43,5264.609,"-라후이-",R,13,73,101,-2.896,-1.216,0.087,1.511,-0.624,1.388,-36.439,3.858,55,45,0,1,"",-315.097,363.636,2.232,0,0,1,"=","=","=","=","=","=","=","=","=",2,R,"にゃんこ65K",190,91.072,0.646,,59,W,Y,0,,,,,,,,,,,,,,,,,,,,,,,,,,,,,0,0,,,,,,,,,,,,,,,,,,,,,,,,,,,,,,,,,,,,,,0.053,-37.448,-0.006,-17.189,-16.546,-42.097,-13.046,-65.166,21.658,-49.279,10.566,-65.635,43.459,-98.31,-0.488,-113.076,-50.826,-97.58,,,,"",,,,"",,,,"",,,,"",,,,"",,,,"",,,,"",,,,"",,,,5268.241,-0.101,-37.188,,,,,,,,,,,,,,,,,,,,,,,,,,,,,,,,,,,,,,,,,,,,,,,,,,,,"",0,,,,,,,,,,,,,0,"",,,,0,""
115,,5,0,0,4,1,0,1,0,0,0,255,255,255,44,5277.843,"-라후이-",R,13,64,94,-1.928,-0.914,0.429,1.883,-0.166,1.599,-36.439,37.11,100,0,0,4,"",-307.048,347.7,-4.842,-0.64,-17.368,1,"=","=","=","=","=","=","=","=","=",2,R,"にゃんこ65K",190,91.072,0.646,,59,W,Y,1,,,,,,,,,,,,,,,,,,,,,,,,,,,,,0,0,,,,,,,,,,,,,,,,,,,,,,,,,,,,,,,,,,,,,,0.082,-37.575,-0.005,-17.155,-16.747,-42.332,-13.002,-65.161,21.631,-49.252,10.395,-64.918,43.535,-98.455,-0.594,-113.016,-50.681,-97.458,,,,"",,,,"",,,,"",,,,"",,,,"",,,,"",,,,"",,,,"",,,,5282.546,-0.481,-37.132,,,,,,,,,,,,,,,,,,,,,,,,,,,,,,,,,,,,,,,,,,,,,,,,,,,,"",0,,,,,,,,,,,,,0,"",,,,0,""
116,,5,0,0,4,1,1,1,0,0,0,255,255,255,45,5294.016,"-라후이-",R,26,85,137,0.171,-0.328,0.157,1.569,-0.119,1.23,-36.439,2.261,48,52,0,0,"",145.489,-200,37.99,0,0,1,"=","=","=","=","=","=","=","=","=",2,R,"にゃんこ65K",190,91.072,0.646,,59,W,Y,1,,,,,,,,,,,,,,,,,,,,,,,,,,,,,0,0,,,,,,,,,,,,,,,,,,,,,,,,,,,,,,,,,,,,,,0.151,-37.541,0.01,-17.131,-16.89,-42.508,-13.076,-65.21,21.424,-49.307,11.523,-64.559,43.553,-98.495,-0.461,-113.283,-50.83,-97.605,,,,"",,,,"",,,,"",,,,"",,,,"",,,,"",,,,"",,,,"",,,,5297.767,-0.334,-37.434,,,,,,,,,,,,,,,,,,,,,,,,,,,,,,,,,,,,,,,,,,,,,,,,,,,,"",0,,,,,,,,,,,,,0,"",,,,0,""
117,,5,0,0,4,1,2,1,0,0,0,255,255,255,46,5309.237,"-라후이-",R,13,70,110,-2.107,-0.62,0.32,1.751,-0.286,1.677,-36.439,24.286,100,0,0,2,"",-353.187,353.919,-4.426,0,0,1,"=","=","=","=","=","=","=","=","=",2,R,"にゃんこ65K",190,91.072,0.646,5,59,W,Y,1,5310.44,162,91,136,72,45,,145,102,6.054,11.075,-0.428,0.718,-19.947,0.98,0,0.207,51.03,36.323,-1.972,5310.303,-8.281,-59.426,5310.806,3,-8.813,0.162,-61.983,0,0,,,,,,,,,,,,,,,5314.976,1,,147,128,,,,,,,,,,,,,,,,,,,0.053,-37.523,-0.012,-17.178,-16.76,-42.425,-13.054,-65.233,21.5,-49.424,10.822,-65.123,43.523,-98.452,-0.72,-114.343,-50.843,-97.56,0.024,-36.808,,"Ainy4／あいにゃ",-0.153,-17.3,,"Floră",-16.717,-42.4,88,"낑깡__",-13.27,-65.596,107,"Slaris",21.252,-49.396,,"즉석카레",10.705,-66.926,,"ディシジョン",43.12,-98.24,,"아침땅_",-1.181,-114.064,,"Kenomo",-50.782,-97.387,,5321.255,-0.546,-39.745,,,,5314.393,-18.725,-41.455,5312.509,-9.09,-63.757,,,,,,,,,,,,,,,,,,,,,,5320.309,-16.854,-38.445,5313.354,-10.88,-61.689,,,,,,,,,,,,,,,,"",2,15.351,15.351,8.365,0,1,0.628,6.054,6.054,6.642,7.029,0.008,13.5,0,"낑깡__",,,,145,""
118,,5,0,0,4,0,0,2,0,0,0,255,255,255,47,5334.17,"-라후이-",R,10,63,107,-1.584,-0.488,0.287,1.862,-0.698,1.837,-36.439,35.883,100,0,0,4,"",0,400,-11.66,0,0,2,"=","=","=","=","=","=","=","=","=",1,R,"kneesohime",190,84.513,0.501,,85,W,Y,1,,,,,,,,,,,,,,,,,,,,,,,,,,,,,0,0,,,,,,,,,,,,,,,,,,,,,,,,,,,,,,,,,,,,,,0.074,-37.57,0.016,-17.143,-16.692,-42.135,-13.052,-65.211,21.948,-50.561,10.284,-65.863,43.727,-99.506,-0.43,-114.558,-50.185,-98.973,,,,"",,,,"",,,,"",,,,"",,,,"",,,,"",,,,"",,,,"",,,,5338.043,-0.669,-37.546,,,,,,,,,,,,,,,,,,,,,,,,,,,,,,,,,,,,,,,,,,,,,,,,,,,,"",0,,,,,,,,,,,,,0,"",,,,0,""
119,,5,0,0,4,0,1,2,0,0,0,255,255,255,48,5348.054,"-라후이-",R,10,63,107,-0.026,-0.117,0.447,1.924,0.07,2.069,-36.439,44.347,100,0,0,2,"",-50.206,400,-4.481,0,0,2,"=","=","=","=","=","=","=","=","=",1,R,"kneesohime",190,84.513,0.501,3,85,W,Y,1,5349.303,255,93,143,87,55,,145,115,20.134,20.263,-0.139,1.114,-20.858,0.81,0,0.281,186.884,518.217,202.6,,,,5352.279,8,-45.203,2.282,-108.061,0,0,,,,,,,,,,,,,,,5354.034,2,,457,0,,,,,,,,,,,,,,,,,,,0.079,-37.614,-0.008,-17.168,-16.995,-42.534,-13.296,-65.268,21.688,-50.009,7.654,-66.346,43.968,-99.266,-0.42,-115.446,-51.015,-99.268,-0.082,-36.696,,"Ainy4／あいにゃ",-0.078,-17.263,,"Floră",-16.917,-42.459,,"낑깡__",-13.291,-65.265,,"Slaris",21.437,-49.942,,"즉석카레",7.856,-68.53,,"ディシジョン",43.982,-99.252,,"아침땅_",-0.512,-115.275,,"Kenomo",-50.937,-99.111,85,,,,,,,,,,,,,,,,,,,,,,,,,5354.043,-45.596,-108.585,,,,,,,,,,,,,,,,,,,,,,,,,5355.49,-44.446,-108.007,"",1,,,,,,,,,,,,,0,"Kenomo",,,,8,""
120,SIDE,5,0,0,4,0,0,2,0,0,0,255,255,255,,5357.028,,,,,,,,,,,,,,,,,,,,,,,,3,"=","=","=","=","=","=","=","=","=",,,,,,,,,,,,,,,,,,,,,,,,,,,,,,,,,,,,,,,0,0,,,,,,,,,,,,,,,,,,,,,,,,,,,,,,,,,,,,,,,,,,,,,,,,,,,,,,,,,,,,,,,,,,,,,,,,,,,,,,,,,,,,,,,,,,,,,,,,,,,,,,,,,,,,,,,,,,,,,,,,,,,,,,,,,,,,,,,,,,,,,,,,,"",0,,,,,,,,,,,,,0,"",,,,0,""
121,,6,1,0,4,0,0,0,0,0,0,255,255,255,64,5628.877,"あくせる",R,33,88,140,2.132,0.439,0.411,1.587,0.735,1.777,-36.443,21.905,0,100,0,2,"",136.324,-131.28,15.438,0,0,1,"-라후이-","Ainy4／あいにゃ","Slaris","Kenomo","Floră","ディシジョン","즉석카레","낑깡__","아침땅_",1,L,"Ainy4／あいにゃ",189.2,85,0.512,3,66,W,Y,1,5629.938,227,26,61,64,0,,138,82,18.583,-55.717,0.397,1.169,-20.137,1,0,0.432,314.167,-92.771,48.613,5630.558,37.884,-45.027,,,,,,0,0,,,,,,,,,,,,,,,,,,,,,,,,,,,,,,,,,,,,,,0.122,-37.465,0.021,-17.016,-20.788,-51.008,-9.79,-60.685,22.791,-49.161,13.644,-62.703,47.132,-104.743,2.562,-117.479,-43.231,-94.513,-0.057,-36.663,,"kneesohime",0.093,-17.135,,"にゃんこ65K",-20.768,-50.975,,"vovopo 보보포",-9.795,-60.704,,"Parottey",22.471,-48.566,,"CoalCat",13.648,-62.639,,"Espressο",47.53,-104.492,,"「yune」",2.598,-117.509,,"Roscosmos",-43.175,-94.53,,,,,,,,,,,,,,,,,,,,,,,,,,,,,,,,,,,,,,,,,,,,,,,,,,,,,,,,"",3,,,,,,,,,,,,,0,"",,,,0,""
122,,6,1,0,4,0,1,0,0,0,0,255,255,255,65,5650.247,"あくせる",R,26,83,135,1.359,-0.535,0.344,1.389,0.421,1.134,-36.443,21.677,0,100,0,0,"",114.873,-167.292,12.059,0,0,1,"=","=","=","=","=","=","=","=","=",1,L,"Ainy4／あいにゃ",189.2,85,0.512,,66,W,Y,0,,,,,,,,,,,,,,,,,,,,,,,,,,,,,0,0,,,,,,,,,,,,,,,,,,,,,,,,,,,,,,,,,,,,,,0.094,-37.514,0.021,-17.011,-20.236,-50.468,-10.064,-60.624,22.867,-48.494,14.673,-62.512,48.956,-105.948,4.65,-117.823,-39.315,-92.952,,,,"",,,,"",,,,"",,,,"",,,,"",,,,"",,,,"",,,,"",,,,,,,,,,,,,,,,,,,,,,,,,,,,,,,,,,,,,,,,,,,,,,,,,,,,,,,,,,"",0,,,,,,,,,,,,,0,"",,,,0,""
123,,6,1,0,4,0,2,0,0,0,0,255,255,255,66,5667.718,"あくせる",R,14,82,120,1.771,-0.704,0.313,1.54,0.279,1.625,-36.443,17.98,11,89,0,2,"",299.331,400,28.862,0,0,1,"=","=","=","=","=","=","=","=","=",1,L,"Ainy4／あいにゃ",189.2,85,0.512,3,66,W,Y,1,5668.826,245,61,94,71,30,,145,86,-16.122,-55.642,0.32,0.78,-20.669,1,0,0.511,58.202,-596.868,-18.997,5667.273,3.726,-22.961,,,,,,0,0,,,,,,,,,,,,,,,,,,,,,,,,,,,,,,,,,,,,,,0.046,-37.568,0.027,-17.014,-20.422,-50.609,-10.108,-60.697,21.769,-48.39,14.734,-62.599,48.742,-106.151,4.4,-118.005,-39.408,-93.023,0.196,-36.923,,"kneesohime",0.153,-17.272,,"にゃんこ65K",-20.355,-50.513,,"vovopo 보보포",-10.104,-60.7,,"Parottey",21.561,-48.219,,"CoalCat",14.762,-62.495,,"Espressο",48.465,-106.309,,"「yune」",4.407,-117.993,,"Roscosmos",-39.556,-92.91,,,,,,,,,,,,,,,,,,,,,,,,,,,,,,,,,,,,,,,,,,,,,,,,,,,,,,,,"",3,,,,,,,,,,,,,0,"",,,,0,""
124,,6,1,0,4,0,2,0,0,0,0,255,255,255,67,5686.633,"あくせる",R,10,84,126,1.891,-0.512,0.428,1.568,0.811,1.714,-36.443,20.785,11,89,0,2,"",0,400,21.505,0,0,1,"=","=","=","=","=","=","=","=","=",1,L,"Ainy4／あいにゃ",189.2,85,0.512,3,66,W,Y,1,5687.69,255,24,94,30,12,,142,129,-30,-40.117,0.347,0.761,-19.878,0.41,0,0.491,-413.096,-97.21,55.532,5685.964,1.364,-21.083,5687.279,4,20.493,2.084,-43.705,0,0,,5693.185,,,,,,,,,,,,,5691.975,1,,147,8,,,,,,,,,,,,,,,,,,,0.153,-37.701,0.08,-17.041,-20.972,-50.098,-10.43,-60.386,22.709,-48.079,16.011,-62.146,53.164,-102.614,3.779,-121.017,-38.547,-94.557,0.282,-36.909,,"kneesohime",0.57,-17.471,,"にゃんこ65K",-20.638,-50.398,85,"vovopo 보보포",-10.435,-60.381,,"Parottey",21.749,-47.806,110,"CoalCat",15.89,-62.005,,"Espressο",52.681,-102.113,,"「yune」",3.778,-120.995,,"Roscosmos",-38.461,-94.586,,5694.583,-0.798,-38.527,,,,5691.469,-18.879,-39.686,,,,5689.081,21.305,-44.631,,,,,,,,,,,,,,,,,,,5693.584,-17.883,-41.141,,,,5689.883,17.216,-44.443,,,,,,,,,,,,,"",2,,,,,,,,,,,,,0,"Parottey",,,,10,""
125,,6,1,0,4,0,0,1,0,0,0,255,255,255,68,5710.798,"あくせる",R,13,85,124,2.236,0.84,0.624,1.815,1.592,2.441,-36.443,48.094,89,11,0,1,"",-410.741,285.117,-0.39,0,0,2,"=","=","=","=","=","=","=","=","=",4,R,"Slaris",190,85.704,0.452,,58,W,Y,0,,,,,,,,,,,,,,,,,,,,,,,,,,,,,0,0,,,,,,,,,,,,,,,,,,,,,,,,,,,,,,,,,,,,,,0.072,-37.311,0.006,-16.881,-22.103,-50.729,-12.498,-61.316,21.958,-51.324,11.902,-62.787,48.118,-108.012,-6.16,-115.139,-46.474,-95.191,,,,"",,,,"",,,,"",,,,"",,,,"",,,,"",,,,"",,,,"",,,,5715.072,-0.015,-37.27,,,,,,,,,,,,,,,,,,,,,,,,,,,,,,,,,,,,,,,,,,,,,,,,,,,,"",0,,,,,,,,,,,,,0,"",,,,0,""
126,,6,1,0,4,1,0,1,0,0,0,255,255,255,69,5726.227,"あくせる",R,14,81,118,0.857,-0.943,0.205,1.479,-0.227,1.426,-36.443,12.802,27,73,0,0,"",358.69,348.342,29.317,0,0,2,"=","=","=","=","=","=","=","=","=",4,R,"Slaris",190,85.704,0.452,,58,W,Y,0,,,,,,,,,,,,,,,,,,,,,,,,,,,,,0,0,,,,,,,,,,,,,,,,,,,,,,,,,,,,,,,,,,,,,,0.074,-37.488,0.035,-17.017,-22.119,-50.682,-12.478,-61.311,21.958,-52.381,11.947,-62.787,48.093,-108.048,-5.734,-114.909,-46.321,-95.146,,,,"",,,,"",,,,"",,,,"",,,,"",,,,"",,,,"",,,,"",,,,5730.509,-0.036,-36.953,,,,,,,,,,,,,,,,,,,,,,,,,,,,,,,,,,,,,,,,,,,,,,,,,,,,"",0,,,,,,,,,,,,,0,"",,,,0,""
127,,6,1,0,4,1,1,1,0,0,0,255,255,255,70,5741.42,"あくせる",R,13,73,112,-2.205,-0.893,0.188,1.493,-0.302,1.473,-36.443,12.255,35,65,0,1,"",-374.573,331.203,-10.904,0,0,2,"=","=","=","=","=","=","=","=","=",4,R,"Slaris",190,85.704,0.452,,58,W,Y,0,,,,,,,,,,,,,,,,,,,,,,,,,,,,,0,0,,,,,,,,,,,,,,,,,,,,,,,,,,,,,,,,,,,,,,0.064,-37.618,-0.015,-17.021,-22.127,-50.709,-12.509,-61.296,22.219,-51.63,11.775,-62.798,48.07,-108.042,-5.033,-117.577,-47.158,-93.339,,,,"",,,,"",,,,"",,,,"",,,,"",,,,"",,,,"",,,,"",,,,5745.345,-0.16,-37.192,,,,,,,,,,,,,,,,,,,,,,,,,,,,,,,,,,,,,,,,,,,,,,,,,,,,"",0,,,,,,,,,,,,,0,"",,,,0,""
128,,6,1,0,4,2,1,1,0,0,0,255,255,255,71,5755.606,"あくせる",R,32,85,137,1.02,0.202,0.275,1.523,0.101,1.568,-36.443,19.447,29,71,0,2,"",250,-200,-24.598,0,0,2,"=","=","=","=","=","=","=","=","=",4,R,"Slaris",190,85.704,0.452,3,58,W,Y,1,5756.409,255,119,155,130,54,,145,107,93.51,-70.091,0.177,1.159,-21.174,-0.01,0,0.285,-52.483,359.658,354.07,5761.994,-27.287,-11.775,,,,,,0,0,,,,,,,,,,,,,,,,,,,,,,,,,,,,,,,,,,,,,,0.064,-37.639,-0.023,-16.978,-21.8,-50.065,-12.494,-61.337,22.958,-51.967,11.745,-62.856,48.16,-107.992,-5.028,-117.592,-46.823,-93.636,0.029,-36.774,,"kneesohime",-0.044,-17.059,,"にゃんこ65K",-21.699,-50.051,,"vovopo 보보포",-12.475,-61.205,,"Parottey",22.321,-51.769,,"CoalCat",11.807,-62.81,,"Espressο",47.962,-108.271,,"「yune」",-5.035,-117.588,,"Roscosmos",-46.792,-93.602,,,,,,,,,,,,,,,,,,,,,,,,,,,,,,,,,,,,,,,,,,,,,,,,,,,,,,,,"",3,,,,,,,,,,,,,0,"",,,,0,""
129,,6,1,0,4,2,2,1,0,0,0,255,255,255,72,5782.197,"あくせる",R,3,68,98,-0.801,-0.33,0.325,1.598,0.442,1.426,-36.443,59.259,41,59,0,2,"",-379.741,0,-11.808,0,0,2,"=","=","=","=","=","=","=","=","=",4,R,"Slaris",190,85.704,0.452,3,58,W,Y,1,5783.182,255,157,82,140,68,,145,87,-30,65.88,-0.067,1.01,-21.675,1,0,0.506,-63.836,181.508,-6.073,5781.582,-3.601,-23.247,,,,,,0,0,,,,,,,,,,,,,,,,,,,,,,,,,,,,,,,,,,,,,,-0.046,-37.586,-0.051,-17.226,-21.817,-50.368,-12.586,-61.04,23.148,-51.575,12.951,-62.348,46.511,-103.979,-7.593,-122.161,-44.758,-93.08,-0.056,-36.891,,"kneesohime",-0.195,-17.396,,"にゃんこ65K",-21.665,-50.253,,"vovopo 보보포",-12.578,-61.03,,"Parottey",22.722,-51.249,,"CoalCat",12.15,-62.559,,"Espressο",46.508,-103.986,,"「yune」",-7.62,-122.158,,"Roscosmos",-44.889,-92.808,,,,,,,,,,,,,,,,,,,,,,,,,,,,,,,,,,,,,,,,,,,,,,,,,,,,,,,,"",3,,,,,,,,,,,,,0,"",,,,0,""
130,,6,1,0,4,2,2,1,0,0,0,255,255,255,73,5798.296,"あくせる",R,27,84,136,0.037,0.3,0.242,1.566,-0.053,1.708,-36.443,14.45,0,100,0,0,"",44.946,-107.307,5.524,0,0,2,"=","=","=","=","=","=","=","=","=",4,R,"Slaris",190,85.704,0.452,,58,W,Y,1,,,,,,,,,,,,,,,,,,,,,,,,,,,,,0,0,,,,,,,,,,,,,,,5800.653,2,,578,0,,,,,,,,,,,,,,,,,,,0.004,-37.292,-0.017,-16.949,-21.737,-48.918,-12.736,-61.093,23.42,-51.912,13.153,-62.25,45.049,-104.757,-6.429,-122.993,-46.938,-94.022,,,,"",,,,"",,,,"",,,,"",,,,"",,,,"",,,,"",,,,"",,,,,,,,,,,,,,,,,,,,,,,,,,,,,,,,,,,,,,,,,,,,,,,,,,,,,,,,,,"",0,,,,,,,,,,,,,0,"",,,,0,""
131,,6,1,0,4,0,0,2,0,0,0,255,255,255,74,5822.745,"あくせる",R,28,90,140,1.543,0.722,0.373,1.639,0.554,1.962,-36.443,24.181,0,100,0,2,"",80.162,-83.325,9.065,0,0,3,"=","=","=","=","=","=","=","=","=",8,R,"Kenomo",179.7,80,0.449,0,58,W,Y,1,5823.743,91,60,76,42,7,,126,112,114.655,-5.603,0.155,1.287,-19.602,0.17,0,0.172,398.026,431.492,-104.593,,,,,,,,,0,0,,,,,,,,,,,,,,,,,,,,,,,,,,,,,,,,,,,,,,0.05,-37.58,0.012,-16.922,-21.402,-48.478,-12.696,-61.064,22.212,-50.406,12.115,-62.35,38.888,-99.474,-5,-119.903,-45.865,-92.02,-0.051,-36.728,,"kneesohime",0.054,-17.046,,"にゃんこ65K",-21.104,-48.273,,"vovopo 보보포",-12.763,-61.063,,"Parottey",21.49,-49.772,,"CoalCat",12.114,-62.339,,"Espressο",38.917,-99.918,,"「yune」",-4.919,-119.992,,"Roscosmos",-46.886,-91.907,,,,,,,,,,,,,,,,,,,,,,,,,,,,,,,,,,,,,,,,,,,,,,,,,,,,,,,,"",3,,,,,,,,,,,,,0,"",,,,0,""
132,,6,1,0,4,0,1,2,0,0,0,255,255,255,75,5844.512,"あくせる",R,34,75,126,1.507,-0.091,0.369,1.503,0.538,1.495,-36.443,19.243,0,100,0,2,"",70.451,-56.287,5.221,0,0,3,"=","=","=","=","=","=","=","=","=",8,R,"Kenomo",179.7,80,0.449,0,89,W,Y,1,5845.553,141,23,75,24,7,,135,93,-35.492,-0.538,0.279,0.897,-19.856,-0.44,0,0.193,-88.994,-38.659,26.735,5843.843,0.29,-21.022,5844.855,0,0.42,2.003,-34.451,0,0,,,,,,,,,,,,,,,5849.991,3,,147,0,,,,,,,,,,,,,,,,,,,0.122,-37.611,0.084,-17.014,-21.332,-48.256,-12.531,-61.004,21.644,-49.889,12.951,-62.62,47.951,-103.182,-5.46,-119.151,-46.023,-90.51,0.085,-36.885,98,"kneesohime",0.138,-17.13,,"にゃんこ65K",-21.317,-48.246,,"vovopo 보보포",-12.708,-60.911,,"Parottey",21.359,-49.552,,"CoalCat",13.034,-62.532,,"Espressο",47.89,-103.181,,"「yune」",-5.455,-119.154,,"Roscosmos",-45.769,-90.544,,5846.641,0.506,-34.989,,,,5849.482,-18.845,-39.456,,,,,,,,,,,,,,,,,,,5848.506,-0.809,-35.718,,,,,,,,,,,,,,,,,,,,,,,,,"",2,,,,,,,,,,,,,0,"あくせる",,,,2,""
133,SIDE,6,1,0,4,0,0,2,0,0,0,255,255,255,,5851.536,,,,,,,,,,,,,,,,,,,,,,,,4,"=","=","=","=","=","=","=","=","=",,,,,,,,,,,,,,,,,,,,,,,,,,,,,,,,,,,,,,,0,0,,,,,,,,,,,,,,,,,,,,,,,,,,,,,,,,,,,,,,,,,,,,,,,,,,,,,,,,,,,,,,,,,,,,,,,,,,,,,,,,,,,,,,,,,,,,,,,,,,,,,,,,,,,,,,,,,,,,,,,,,,,,,,,,,,,,,,,,,,,,,,,,,"",0,,,,,,,,,,,,,0,"",,,,0,""
134,,6,0,0,4,0,0,0,0,0,0,255,255,255,49,5893.695,"-라후이-",R,26,95,140,1.321,0.749,0.313,1.745,0.591,1.928,-36.439,17.826,88,10,2,0,"",-18.913,-179.284,15.048,0,0,3,"?fredo?","にゃんこ65K","kneesohime","Parottey","Espressο","CoalCat","「yune」","vovopo 보보포","Roscosmos",4,R,"Parottey",190,91.62,0.392,,58,W,Y,1,,,,,,,,,,,,,,,,,,,,,,,,,,,,,0,0,,,,,,,,,,,,,,,,,,,,,,,,,,,,,,,,,,,,,,0.145,-37.794,0.012,-17.252,-16.746,-42.264,-13.104,-65.237,21.945,-49.773,11.257,-65.321,45.156,-95.042,0.017,-111.927,-48.818,-98.624,,,,"",,,,"",,,,"",,,,"",,,,"",,,,"",,,,"",,,,"",,,,,,,,,,,,,,,,,,,,,,,,,,,,,,,,,,,,,,,,,,,,,,,,,,,,,,,,,,"",0,,,,,,,,,,,,,0,"",,,,0,""
135,,6,0,0,4,0,1,0,0,0,0,255,255,255,50,5912.165,"-라후이-",R,27,96,140,1.192,0.074,0.267,1.483,0.566,1.537,-36.439,9.168,51,49,0,0,"",-40.994,-147.488,14.411,0,0,3,"=","=","=","=","=","=","=","=","=",4,R,"Parottey",190,91.62,0.392,,58,W,Y,1,,,,,,,,,,,,,,,,,,,,,,,,,,,,,0,0,,,,,,,,,,,,,,,,,,,,,,,,,,,,,,,,,,,,,,0.107,-37.583,0,-17.244,-17.048,-42.597,-13.089,-65.289,21.396,-49.356,11.684,-65.367,43.84,-98.331,-0.408,-114.314,-48.484,-98.845,,,,"",,,,"",,,,"",,,,"",,,,"",,,,"",,,,"",,,,"",,,,,,,,,,,,,,,,,,,,,,,,,,,,,,,,,,,,,,,,,,,,,,,,,,,,,,,,,,"",0,,,,,,,,,,,,,0,"",,,,0,""
136,,6,0,0,4,0,2,0,0,0,0,255,255,255,51,5927.381,"-라후이-",R,13,74,101,0.427,-0.815,0.576,1.712,0.815,1.629,-36.439,31.791,100,0,0,0,"",-317.933,360.696,16.279,0,0,3,"=","=","=","=","=","=","=","=","=",4,R,"Parottey",190,91.62,0.392,,58,W,Y,1,,,,,,,,,,,,,,,,,,,,,,,,,,,,,0,0,,,,,,,,,,,,,,,5930.128,3,,578,0,,,,,,,,,,,,,,,,,,,0.198,-37.562,0.019,-17.247,-17.003,-42.554,-12.984,-65.139,21.334,-49.438,11.834,-64.856,43.79,-98.58,-0.662,-113.86,-48.917,-98.971,,,,"",,,,"",,,,"",,,,"",,,,"",,,,"",,,,"",,,,"",,,,,,,,,,,,,,,,,,,,,,,,,,,,,,,,,,,,,,,,,,,,,,,,,,,,,,,,,,"",0,,,,,,,,,,,,,0,"",,,,0,""
137,,6,0,0,4,0,0,1,0,0,0,255,255,255,52,5949.954,"-라후이-",R,10,75,116,-0.948,-0.663,0.068,1.852,-0.667,2.028,-36.439,28.088,100,0,0,2,"",0,400,8.481,0,0,4,"=","=","=","=","=","=","=","=","=",6,R,"Espressο",190,95.125,0.297,0,58,W,Y,1,5950.946,192,70,117,71,60,,145,116,28.355,17.469,-0.288,0.959,-20.191,0.89,0,0.277,272.415,89.982,-20.253,5954.297,-33.12,-117.162,5956.152,8,-35.797,0.173,-124.675,1,0,,5956.962,5961.349,,,,,,,,,,,,,,,,,,,,,,,,,,,,,5962.128,5,,,,,0.012,-37.654,0.012,-17.254,-16.962,-42.577,-12.876,-65.179,21.425,-49.397,12.204,-64.915,44.208,-100.119,-0.157,-114.558,-51.239,-98.677,0.072,-36.954,,"Ainy4／あいにゃ",-0.07,-17.34,,"Floră",-16.926,-42.497,,"낑깡__",-12.975,-65.467,,"Slaris",21.26,-49.256,,"즉석카레",13.088,-66.31,60,"ディシジョン",44.211,-100.105,,"아침땅_",-0.158,-114.403,,"Kenomo",-51.228,-98.627,114,5967.085,-0.982,-47.078,,,,,,,,,,,,,5961.85,-0.028,-60.685,,,,,,,5957.947,-35.545,-124.124,,,,,,,,,,,,,,,,5966.125,-0.657,-58.302,,,,,,,5958.942,-31.544,-120.527,"",2,,,,,,,,,,,,,0,"Kenomo",5961.349,,,73,""
138,,6,0,0,4,0,0,1,0,1,0,255,16,255,53,5985.561,"-라후이-",R,27,92,140,1.267,0.235,0.28,1.611,0.582,1.611,-36.439,11.676,51,49,0,0,"",-29.317,-138.627,12.844,0,0,5,"=","=","=","=","=","=","=","=","=",5,R,"CoalCat",174.7,82.838,0.435,,58,W,Y,0,,,,,,,,,,,,,,,,,,,,,,,,,,,,,0,0,,,,,,,,,,,,,6002.734,,,,,,,,,,,,,,,,,,,,,,,,,0.132,-37.622,0.018,-17.262,-17.022,-42.555,-10.48,-60.1,19.655,-46.962,9.788,-65.281,39.193,-98.045,-0.227,-108.977,-46.213,-100.264,,,,"",,,,"",,,,"",,,,"",,,,"",,,,"",,,,"",,,,"",,,,5989.304,-0.456,-37.324,,,,,,,,,,,,,,,,,,,,,,,,,,,,,,,,,,,,,,,,,,,,,,,,,,,,"",0,,,,,,,,,,,,,0,"",5988.467,,,0,""
139,,6,0,0,4,0,1,1,0,1,0,255,16,255,54,6002.787,"-라후이-",R,10,65,109,-1.887,-1.193,0.183,1.611,-0.827,1.485,-36.439,17.62,100,0,0,2,"",0,400,-7.621,0,0,5,"=","=","=","=","=","=","=","=","=",5,R,"CoalCat",174.7,82.838,0.435,5,58,W,Y,1,6003.959,206,130,130,91,63,,145,110,113.217,-28.316,-0.314,0.7,-21.484,0.87,0,0.437,248.746,108.516,104.355,6009.097,-24.905,28.844,,,,,,0,0,,,,,,,,,,,,,,,,,,,,,,,,,,,,,,,,,,,,,,0.001,-37.713,-0.002,-17.28,-16.95,-42.546,-10.423,-60.008,19.765,-47.094,9.909,-64.979,40.007,-98.861,-1.256,-109.105,-46.469,-99.999,0.007,-36.906,,"Ainy4／あいにゃ",-0.106,-17.391,,"Floră",-16.909,-42.549,,"낑깡__",-10.489,-59.804,,"Slaris",19.678,-47.115,,"즉석카레",10.527,-64.81,,"ディシジョン",40.483,-98.562,,"아침땅_",-1.038,-109.275,,"Kenomo",-46.393,-99.86,,,,,,,,,,,,,,,,,,,,,,,,,,,,,,,,,,,,,,,,,,,,,,,,,,,,,,,,"",3,-26.41,-26.41,0.573,0,0,1,66.783,66.783,66.309,66.783,0,-32.836,0,"",6009.299,,,0,""
140,,6,0,0,4,0,2,1,0,1,0,255,16,255,55,6024.965,"-라후이-",R,26,96,140,1.016,1.016,0.249,1.594,0.46,2.011,-36.439,10.258,51,49,0,2,"",-19.377,-200,24.055,0,0,5,"=","=","=","=","=","=","=","=","=",5,R,"CoalCat",174.7,82.838,0.435,5,36,W,Y,1,6026.013,75,59,91,54,35,,120,87,90.783,58.109,0.184,1.242,-19.814,0.04,0,0.338,166.472,27.375,-390.232,,,,6030.788,1,6.007,3.21,-17.133,0,32,,,,,,,,,,,,,6025.253,,6032.569,5,,450,0,,,,,,,,,,,,,,,,,,,0.158,-37.742,0.06,-17.236,-16.841,-42.348,-10.17,-59.351,20.729,-47.852,9.786,-66.047,41.309,-98.889,-0.614,-110.658,-46.658,-98.203,0.142,-36.883,,"Ainy4／あいにゃ",0.06,-17.276,129,"Floră",-16.839,-42.423,,"낑깡__",-10.114,-59.112,,"Slaris",20.576,-47.753,,"즉석카레",9.945,-66.28,,"ディシジョン",41.316,-98.888,,"아침땅_",-0.722,-110.346,,"Kenomo",-46.582,-98.068,,6038.6,-0.006,-36.866,6032.581,5.993,-17.07,,,,,,,,,,,,,,,,,,,,,,,,,6037.853,0.16,-19.867,,,,,,,,,,,,,,,,,,,,,,"",1,82.853,51.381,11.745,0.772,0,1,89.217,89.217,0.893,89.217,0,153.703,0,"Ainy4／あいにゃ",6032.414,,,3,""
141,,6,0,0,4,0,0,2,0,1,0,255,16,255,56,6053.398,"-라후이-",R,26,89,140,0.628,1.573,0.255,1.797,0.305,2.354,-36.439,20.336,88,10,2,2,"",-29.285,-169.82,16.871,0,0,6,"=","=","=","=","=","=","=","=","=",7,R,"「yune」",174.8,85,0.37,3,58,W,Y,1,6054.521,245,38,124,54,25,,145,81,90.508,-88.16,0.115,1.441,-20.299,-1,0,0.263,524.648,7.881,137.548,6058.661,-25.123,-14.333,,,,,,0,0,,,,,,,,,6059.617,,,,6053.824,,,,,,,,,,,,,,,,,,,,,,,,,0.109,-37.692,-0.044,-17.251,-16.684,-42.316,-12.723,-65.398,20.813,-47.047,8.901,-65.84,41.146,-94.717,-0.51,-106.456,-49.5,-99.01,0.215,-36.8,,"Ainy4／あいにゃ",0.006,-17.32,,"Floră",-16.703,-42.291,,"낑깡__",-12.956,-65.934,,"Slaris",20.59,-46.99,,"즉석카레",9.264,-65.496,,"ディシジョン",41.147,-94.705,,"아침땅_",-0.784,-106.426,,"Kenomo",-43.448,-94.877,,,,,,,,,,,,,,,,,,,,,,,,,,,,,,,,,,,,,,,,,,,,,,,,,,,,,,,,"",3,,,,,,,,,,,,,0,"",6065.36,6059.617,,0,""
142,,6,0,0,4,0,1,2,0,1,0,255,16,255,57,6082.591,"-라후이-",R,26,90,140,1.62,1.638,0.34,1.847,0.757,2.366,-36.439,23.931,84,13,3,2,"",-46.399,-194.74,16.09,0,0,6,"=","=","=","=","=","=","=","=","=",7,R,"「yune」",174.8,85,0.37,3,31,W,Y,1,6083.682,110,28,69,35,17,,135,115,3.788,43.012,0.295,1.437,-19.743,0.17,0,0.224,129.062,116.143,-322.58,,,,6083.152,2,-17.303,1.51,-38.408,0,0,,,,,,,,,,,,,,,6084.902,6,,451,0,,,,,,,,,,,6086.665,2,,,,,,,0.14,-37.657,-0.004,-17.202,-16.857,-42.334,-12.865,-65.067,20.435,-47.678,10.307,-65.854,41.798,-97.32,-0.905,-108.319,-45.286,-91.178,0.257,-36.673,,"Ainy4／あいにゃ",0.018,-17.253,,"Floră",-16.919,-42.457,,"낑깡__",-13.034,-65.542,,"Slaris",20.163,-47.581,,"즉석카레",10.415,-65.738,,"ディシジョン",41.796,-97.325,,"아침땅_",-1.054,-107.731,,"Kenomo",-45.169,-91.05,,,,,,,,6084.912,-17.926,-39.271,,,,,,,,,,,,,,,,,,,,,,,,,,,,,,,,,,,,,,,,,,,,,,"",1,,,,,,,,,,,,,0,"Floră",,,,16,""
143,SIDE,6,0,0,4,0,0,2,0,1,0,255,16,255,,6087.928,,,,,,,,,,,,,,,,,,,,,,,,7,"=","=","=","=","=","=","=","=","=",,,,,,,,,,,,,,,,,,,,,,,,,,,,,,,,,,,,,,,0,0,,,,,,,,,,,,,,,,,,,,,,,,,,,,,,,,,,,,,,,,,,,,,,,,,,,,,,,,,,,,,,,,,,,,,,,,,,,,,,,,,,,,,,,,,,,,,,,,,,,,,,,,,,,,,,,,,,,,,,,,,,,,,,,,,,,,,,,,,,,,,,,,,"",0,,,,,,,,,,,,,0,"",,,,0,""
144,,7,1,0,4,0,0,0,0,0,0,255,255,255,76,6140.39,"あくせる",R,27,82,134,1.73,0.636,0.387,1.62,0.62,1.885,-36.443,21.169,0,100,0,2,"",86.606,-143.552,13.843,0,0,4,"-라후이-","Ainy4／あいにゃ","Slaris","Kenomo","Floră","ディシジョン","즉석카레","낑깡__","아침땅_",2,R,"Floră",190,85,0.404,5,57,W,Y,1,6141.442,89,86,110,82,39,,133,117,-4.094,53.636,0.322,1.221,-19.501,0.12,0,0.489,55.153,-13.259,-108.112,6139.976,-9.599,-26.81,,,,,,0,0,,,,,,,,,,,,,,,,,,,,,,,,,,,,,,,,,,,,,,0.089,-37.701,0.089,-17.047,-21.941,-50.169,-12.472,-61.253,20.957,-49.109,11.106,-62.278,46.233,-105.006,-0.583,-121.359,-44.188,-94.205,-0.055,-36.769,,"kneesohime",0.138,-17.104,,"にゃんこ65K",-21.901,-50.124,,"vovopo 보보포",-12.465,-61.244,,"Parottey",20.255,-48.341,,"CoalCat",11.104,-62.211,,"Espressο",46.205,-105.004,,"「yune」",-0.589,-121.355,,"Roscosmos",-45.913,-96.038,,,,,,,,,,,,,,,,,,,,,,,,,,,,,,,,,,,,,,,,,,,,,,,,,,,,,,,,"",3,53.527,47.058,9.256,0,1,0.484,-7.261,-4.094,-10.096,-8.276,0.004,125.389,0,"",,,,0,""
145,,7,1,0,4,0,1,0,0,0,0,255,255,255,77,6159.001,"あくせる",R,10,86,129,1.029,-0.548,0.348,1.552,0.438,1.663,-36.443,19.698,45,55,0,2,"",0,383.711,6.605,0,0,4,"=","=","=","=","=","=","=","=","=",2,R,"Floră",190,85,0.404,0,89,W,Y,1,6160.064,208,85,102,99,56,,145,130,30.319,23.193,-0.052,0.658,-20.053,0.74,0,0.495,-30.548,504.911,-268.962,6163.733,-57.44,-121.286,,,,,,0,0,,6166.153,6170.753,6175.926,6181.223,,,,,,,,,,,,,,,,,,,,,,,,,,,,,,,,,0.076,-37.549,0.092,-17.026,-22.267,-48.989,-12.582,-61.382,20.431,-50.554,12.034,-62.458,45.371,-103.634,-4.789,-117.682,-46.59,-92.64,0.031,-36.679,,"kneesohime",0.096,-17.143,,"にゃんこ65K",-22.263,-48.963,,"vovopo 보보포",-12.574,-61.381,,"Parottey",20.533,-49.568,,"CoalCat",12.134,-62.378,,"Espressο",44.93,-103.565,,"「yune」",-4.794,-117.678,,"Roscosmos",-46.272,-92.584,,,,,,,,,,,,,,,,,,,,,,,,,,,,,,,,,,,,,,,,,,,,,,,,,,,,,,,,"",4,,,,,,,,,,,,,0,"",6170.753,6175.926,,0,""
146,,7,1,1,4,0,0,0,0,0,0,255,255,255,78,6206.875,"あくせる",R,28,88,140,0.025,0.241,0.253,1.564,-0.003,1.703,-36.443,14.875,31,69,0,0,"",4.214,-54.539,7.163,0,0,5,"=","=","=","=","=","=","=","=","=",6,R,"ディシジョン",180.2,92.087,0.582,,57,W,Y,0,,,,,,,,,,,,,,,,,,,,,,,,,,,,,0,0,,,,,,,,,,,,,,,,,,,,,,,,,,,,,,,,,,,,,,0.03,-37.288,0.147,-17.038,-22.082,-50.043,-12.73,-61.255,22.021,-50.467,12.525,-61.607,38.951,-110.992,-8.625,-124.356,-44.384,-93.397,,,,"",,,,"",,,,"",,,,"",,,,"",,,,"",,,,"",,,,"",,,,,,,,,,,,,,,,,,,,,,,,,,,,,,,,,,,,,,,,,,,,,,,,,,,,,,,,,,"",0,,,,,,,,,,,,,0,"",,,,0,""
147,,7,1,1,4,0,1,0,0,0,0,255,255,255,79,6223.94,"あくせる",R,10,85,127,1.318,-0.312,0.375,1.61,0.563,1.862,-36.443,20.841,51,49,0,2,"",0,400,6.89,0,0,5,"=","=","=","=","=","=","=","=","=",6,R,"ディシジョン",180.2,92.087,0.582,3,57,W,Y,1,6224.988,154,51,132,0,9,,137,91,-77.543,77.097,0.194,0.781,-19.859,-0.36,0.095,0.333,123.896,374.616,-370.869,6223.182,-0.502,-20.018,,,,,,0,0,,,,,,,,,,,,,,,,,,,,,,,,,,,,,,,,,,,,,,0.099,-37.579,0.128,-17.041,-22.24,-50.164,-12.75,-61.262,21.955,-50.89,12.276,-61.842,41.942,-109.117,-10.258,-123.034,-44.719,-93.545,0.07,-36.613,,"kneesohime",0.14,-17.181,,"にゃんこ65K",-22.115,-49.987,,"vovopo 보보포",-12.735,-61.241,,"Parottey",21.849,-50.237,,"CoalCat",12.255,-61.712,,"Espressο",42.105,-109.024,,"「yune」",-10.255,-123.031,,"Roscosmos",-44.717,-93.512,,,,,,,,,,,,,,,,,,,,,,,,,,,,,,,,,,,,,,,,,,,,,,,,,,,,,,,,"",3,,,,,,,,,,,,,0,"",,,,0,""
148,,7,1,1,4,0,2,0,0,0,0,255,255,255,80,6247.256,"あくせる",R,10,93,128,2.063,-1.302,0.45,1.437,0.912,1.272,-36.443,24.413,30,70,0,2,"",-17.811,400,7.322,0,0,5,"=","=","=","=","=","=","=","=","=",6,R,"ディシジョン",180.2,92.087,0.582,3,57,W,Y,1,6248.327,141,43,164,1,22,,140,102,-30,6.912,0.377,0.436,-19.715,0.04,0.095,0.287,-182.545,-152.434,339.092,6246.516,0.299,-20.367,6247.485,0,-1.544,1.797,-35.783,0,0,,6254.202,,,,,,,,,,,,,6252.845,5,,147,0,,,,,,,,,,,,,,,,,,,0.117,-37.436,0.086,-17.144,-21.722,-49.97,-12.479,-61.132,21.756,-50.546,12.331,-62.92,39.083,-109.625,-9.104,-122.208,-46.416,-94.52,0.237,-36.814,91,"kneesohime",0.129,-17.345,,"にゃんこ65K",-21.709,-49.944,85,"vovopo 보보포",-12.472,-61.127,,"Parottey",21.612,-50.42,,"CoalCat",12.352,-62.899,,"Espressο",39.111,-109.638,,"「yune」",-9.086,-122.188,,"Roscosmos",-46.413,-94.516,,6249.422,-1.327,-35.611,,,,6252.382,-18.75,-39.635,,,,,,,,,,,,,,,,,,,6251.491,-3.826,-35.589,,,,6254.871,-17.695,-39.98,,,,,,,,,,,,,,,,,,,"",2,,,,,,,,,,,,,0,"あくせる",,,,2,""
149,,7,1,1,4,0,0,1,0,0,0,255,255,255,81,6275.088,"あくせる",R,28,80,130,1.624,0.104,0.393,1.552,0.65,1.662,-36.443,30.245,0,100,0,2,"",6.686,-93.216,12.674,0,0,6,"=","=","=","=","=","=","=","=","=",5,R,"즉석카레",169.7,84.927,0.397,3,57,W,Y,1,6276.082,255,128,68,72,30,,142,78,-29.094,-10.208,0.317,0.881,-20.393,-1,0,0.183,-111.739,-49.017,-44.17,6274.303,0.579,-21.844,6276.928,5,6.775,0.058,-55.313,0,0,,6281.252,,,,,,,,,,,,,6281.184,6,,147,32,,,,,,,,,,,,,,,,,,,0.008,-37.473,0.05,-17.009,-21.491,-48.384,-12.602,-61.121,21.456,-51.292,10.097,-63.16,43.551,-105.174,-10.872,-117.974,-45.592,-92.569,0.17,-36.707,,"kneesohime",0.06,-17.059,,"にゃんこ65K",-21.166,-48.088,85,"vovopo 보보포",-12.597,-61.105,,"Parottey",21.173,-51.752,,"CoalCat",10.106,-63.182,107,"Espressο",42.47,-105.468,,"「yune」",-10.869,-117.983,,"Roscosmos",-45.523,-92.477,,6284.617,-1.025,-38.534,,,,6280.67,-17.936,-39.903,,,,,,,6278.777,6.746,-56.299,,,,,,,,,,,,,,,,6283.629,-17.505,-39.783,,,,,,,6279.406,4.171,-54.056,,,,,,,,,,"",2,,,,,,,,,,,,,0,"CoalCat",,,,34,""
150,,7,1,1,4,0,0,2,0,0,0,255,255,255,82,6301.041,"あくせる",R,10,83,123,-0.846,-1.498,0.174,1.423,-0.37,1.211,-36.443,19.881,39,61,0,4,"",-2.025,400,13.418,-0.216,-17.584,7,"=","=","=","=","=","=","=","=","=",3,R,"낑깡__",175.3,80,0.402,,57,W,Y,1,,,,,,,,,,,,,,,,,,,,,,,,,,,,,0,0,,,,,,,,,,,,,,,,,,,,,,,,,,,,,,,,,,,,,,-0.003,-37.576,-0.054,-16.946,-22.315,-49.431,-12.886,-61.554,20.374,-50.247,10.423,-62.316,37.542,-106.701,-9.256,-112.413,-44.605,-92.824,,,,"",,,,"",,,,"",,,,"",,,,"",,,,"",,,,"",,,,"",,,,6305.033,-0.107,-37.406,,,,,,,,,,,,,,,,,,,,,,,,,,,,,,,,,,,,,,,,,,,,,,,,,,,,"",0,,,,,,,,,,,,,0,"",,,,0,""
151,,7,1,1,4,0,1,2,0,0,0,255,255,255,83,6318.839,"あくせる",R,0,90,139,-0.342,-0.516,0.225,1.451,-0.135,1.308,-36.443,20.471,28,72,0,0,"",-15.778,0,5.302,0,0,7,"=","=","=","=","=","=","=","=","=",3,R,"낑깡__",175.3,80,0.402,,57,W,Y,1,,,,,,,,,,,,,,,,,,,,,,,,,,,,,0,0,,,,,,,,,,,,,,,,,,,,,,,,,,,,,,,,,,,,,,-0.027,-37.338,-0.045,-16.946,-22.206,-49.398,-12.847,-61.36,20.914,-50.939,10.519,-62.938,38.387,-105.821,-9.53,-112.154,-45.64,-92.088,,,,"",,,,"",,,,"",,,,"",,,,"",,,,"",,,,"",,,,"",,,,6322.781,-0.088,-37.04,,,,,,,,,,,,,,,,,,,,,,,,,,,,,,,,,,,,,,,,,,,,,,,,,,,,"",0,,,,,,,,,,,,,0,"",,,,0,""
152,,7,1,1,4,0,2,2,0,0,0,255,255,255,84,6337.392,"あくせる",R,13,77,103,-2.318,-1.613,0.135,1.371,-0.368,1.237,-36.443,18.513,27,73,0,1,"",-325.897,358.977,-11.075,-0.598,-18.136,7,"=","=","=","=","=","=","=","=","=",3,R,"낑깡__",175.3,80,0.402,,57,W,Y,0,,,,,,,,,,,,,,,,,,,,,,,,,,,,,0,0,,,,,,,,,,,,,,,,,,,,,,,,,,,,,,,,,,,,,,0.039,-37.485,-0.107,-16.928,-22.005,-49.421,-13.088,-62.208,21.274,-51.359,10.029,-63.009,38.405,-105.769,-9.256,-112.423,-45.46,-93.081,,,,"",,,,"",,,,"",,,,"",,,,"",,,,"",,,,"",,,,"",,,,6341.815,-0.388,-37.671,,,,,,,,,,,,,,,,,,,,,,,,,,,,,,,,,,,,,,,,,,,,,,,,,,,,"",0,,,,,,,,,,,,,0,"",,,,0,""
153,,7,1,1,4,1,2,2,0,0,0,255,255,255,85,6351.595,"あくせる",R,28,81,131,-0.66,0.313,0.182,1.565,-0.334,1.709,-36.443,9.76,0,100,0,0,"",28.005,-78.029,14.139,0,0,7,"=","=","=","=","=","=","=","=","=",3,R,"낑깡__",175.3,80,0.402,,57,W,Y,1,,,,,,,,,,,,,,,,,,,,,,,,,,,,,0,0,,,,,,,,,,,,,,,6353.954,7,,578,0,,,,,,,,,,,,,,,,,,,0.041,-37.396,0.02,-16.945,-22.171,-49.435,-12.9,-61.099,21.258,-50.825,11.766,-62.461,38.311,-105.837,-9.53,-112.192,-45.59,-93.397,,,,"",,,,"",,,,"",,,,"",,,,"",,,,"",,,,"",,,,"",,,,,,,,,,,,,,,,,,,,,,,,,,,,,,,,,,,,,,,,,,,,,,,,,,,,,,,,,,"",0,,,,,,,,,,,,,0,"",,,,0,""
154,SIDE,7,1,1,4,0,0,2,0,0,0,255,255,255,,6356.362,,,,,,,,,,,,,,,,,,,,,,,,8,"=","=","=","=","=","=","=","=","=",,,,,,,,,,,,,,,,,,,,,,,,,,,,,,,,,,,,,,,0,0,,,,,,,,,,,,,,,,,,,,,,,,,,,,,,,,,,,,,,,,,,,,,,,,,,,,,,,,,,,,,,,,,,,,,,,,,,,,,,,,,,,,,,,,,,,,,,,,,,,,,,,,,,,,,,,,,,,,,,,,,,,,,,,,,,,,,,,,,,,,,,,,,"",0,,,,,,,,,,,,,0,"",,,,0,""
155,,7,0,1,4,0,0,0,0,0,0,255,255,255,58,6401.569,"-라후이-",R,14,83,121,1.894,-1.139,0.242,1.564,0.207,1.414,-36.439,11.033,70,30,0,1,"",383.283,321.083,22.823,0,0,7,"?fredo?","にゃんこ65K","kneesohime","Parottey","Espressο","CoalCat","「yune」","vovopo 보보포","Roscosmos",3,L,"vovopo 보보포",160,80.084,0.55,,57,W,Y,0,,,,,,,,,,,,,,,,,,,,,,,,,,,,,0,0,,,,,,,,,,,,,,,,,,,,,,,,,,,,,,,,,,,,,,0.122,-37.681,-0.007,-17.216,-16.566,-42.143,-11.458,-65.938,20.999,-47.649,13.067,-64.252,43.106,-93.511,0.379,-105.74,-44.525,-97.102,,,,"",,,,"",,,,"",,,,"",,,,"",,,,"",,,,"",,,,"",,,,,,,,,,,,,,,,,,,,,,,,,,,,,,,,,,,,,,,,,,,,,,,,,,,,,,,,,,"",0,,,,,,,,,,,,,0,"",,,,0,""
156,,7,0,1,4,1,0,0,0,0,0,255,255,255,59,6413.966,"-라후이-",R,14,88,126,1.693,-0.176,0.186,1.763,0.179,1.92,-36.439,19.999,92,8,0,4,"",366.096,340.549,22.189,0,0,7,"=","=","=","=","=","=","=","=","=",3,L,"vovopo 보보포",160,80.084,0.55,,57,W,Y,1,,,,,,,,,,,,,,,,,,,,,,,,,,,,,0,0,,,,,,,,,,,,,,,,,,,,,,,,,,,,,,,,,,,,,,0.136,-37.648,0.003,-17.248,-16.788,-42.427,-9.321,-65.393,21.015,-47.673,13.77,-63.74,43.005,-93.629,0.148,-106.088,-44.706,-96.953,,,,"",,,,"",,,,"",,,,"",,,,"",,,,"",,,,"",,,,"",,,,,,,,,,,,,,,,,,,,,,,,,,,,,,,,,,,,,,,,,,,,,,,,,,,,,,,,,,"",0,,,,,,,,,,,,,0,"",,,,0,""
157,,7,0,1,4,1,1,0,0,0,0,255,255,255,60,6429.642,"-라후이-",R,14,69,110,1.599,-0.366,0.285,1.937,0.202,2.003,-36.439,35.931,100,0,0,1,"",268.829,400,6.612,0,0,7,"=","=","=","=","=","=","=","=","=",3,L,"vovopo 보보포",160,80.084,0.55,,57,W,Y,0,,,,,,,,,,,,,,,,,,,,,,,,,,,,,0,0,,,,,,,,,,,,,,,,,,,,,,,,,,,,,,,,,,,,,,0.126,-37.632,-0.014,-17.242,-17.008,-42.564,-10.495,-65.127,21.048,-47.601,12.649,-60.649,43.089,-93.717,0.066,-106.404,-44.679,-96.923,,,,"",,,,"",,,,"",,,,"",,,,"",,,,"",,,,"",,,,"",,,,,,,,,,,,,,,,,,,,,,,,,,,,,,,,,,,,,,,,,,,,,,,,,,,,,,,,,,"",0,,,,,,,,,,,,,0,"",,,,0,""
158,,7,0,1,4,2,1,0,0,0,0,255,255,255,61,6447.406,"-라후이-",R,14,73,112,2.389,-1.736,0.29,1.606,0.37,1.17,-36.439,11.505,54,46,0,4,"",374.592,331.181,14.94,0.544,-18.325,7,"=","=","=","=","=","=","=","=","=",3,L,"vovopo 보보포",160,80.084,0.55,,57,W,Y,1,,,,,,,,,,,,,,,,,,,,,,,,,,,,,0,0,,,,,,,,,,,,,,,,,,,,,,,,,,,,,,,,,,,,,,0.147,-37.731,-0.004,-17.228,-16.484,-42.023,-11.232,-64.595,21.156,-47.412,12.622,-60.567,43.574,-94.436,-0.036,-106.323,-44.662,-96.987,,,,"",,,,"",,,,"",,,,"",,,,"",,,,"",,,,"",,,,"",,,,,,,,,,,,,,,,,,,,,,,,,,,,,,,,,,,,,,,,,,,,,,,,,,,,,,,,,,"",0,,,,,,,,,,,,,0,"",,,,0,""
159,,7,0,1,4,2,2,0,0,0,0,255,255,255,62,6463.68,"-라후이-",R,10,82,123,1.408,-1.548,0.324,1.674,0.559,1.283,-36.439,21.18,89,11,0,1,"",28.604,400,30.313,0,0,7,"=","=","=","=","=","=","=","=","=",3,L,"vovopo 보보포",160,80.084,0.55,,57,W,Y,0,,,,,,,,,,,,,,,,,,,,,,,,,,,,,0,0,,,,,,,,,,,,,,,,,,,,,,,,,,,,,,,,,,,,,,0.163,-37.762,0.001,-17.228,-16.538,-42.216,-10.544,-65.4,21.099,-47.631,12.721,-60.607,43.575,-94.446,0.16,-105.393,-42.096,-95.565,,,,"",,,,"",,,,"",,,,"",,,,"",,,,"",,,,"",,,,"",,,,,,,,,,,,,,,,,,,,,,,,,,,,,,,,,,,,,,,,,,,,,,,,,,,,,,,,,,"",0,,,,,,,,,,,,,0,"",,,,0,""
160,,7,0,1,4,3,2,0,0,0,0,255,255,255,63,6482.543,"-라후이-",R,14,71,111,0.198,-1.283,0.186,1.671,-0.621,1.389,-36.439,10.177,70,30,0,1,"",390.434,312.348,23.916,0.155,-17.626,7,"=","=","=","=","=","=","=","=","=",3,L,"vovopo 보보포",160,80.084,0.55,,57,W,Y,0,,,,,,,,,,,,,,,,,,,,,,,,,,,,,0,0,,6491.456,,,,,,,,,,,,,,,,,,,,,,,,,,,,,,,,,,,,0.11,-37.711,-0.009,-17.226,-16.821,-42.56,-10.301,-66.28,21.024,-47.53,12.593,-61.082,43.58,-94.387,-0.188,-105.632,-42.789,-95.24,,,,"",,,,"",,,,"",,,,"",,,,"",,,,"",,,,"",,,,"",,,,,,,,,,,,,,,,,,,,,,,,,,,,,,,,,,,,,,,,,,,,,,,,,,,,,,,,,,"",5,,,,,,,,,,,,,0,"",,,,0,""
161,,7,0,1,4,0,0,0,1,0,0,13,255,255,64,6512.384,"-라후이-",R,13,72,112,-1.628,-1.38,0.223,1.615,-0.081,1.282,-36.439,3.039,46,54,0,1,"",-358.135,348.912,2.473,0,0,8,"=","=","=","=","=","=","=","=","=",8,R,"Roscosmos",175,96.351,0.374,,46,W,Y,0,,,,,,,,,,,,,,,,,,,,,,,,,,,,,0,0,,,,,,,,,,,,,,,,,,,,,,,,,,,,,,,,,,,,,,0.185,-37.768,0.001,-17.238,-19.786,-40.843,-9.383,-58.53,20.138,-48.23,9.649,-61.95,43.61,-94.215,-0.258,-107.869,-47.085,-94.184,,,,"",,,,"",,,,"",,,,"",,,,"",,,,"",,,,"",,,,"",,,,,,,,,,,,,,,,,,,,,,,,,,,,,,,,,,,,,,,,,,,,,,,,,,,,,,,,,,"",0,,,,,,,,,,,,,0,"",,,,0,""
162,,7,0,1,4,1,0,0,1,0,0,13,255,255,65,6530.075,"-라후이-",R,26,84,136,1.016,0.906,0.309,1.919,0.434,1.93,-36.439,31.465,85,15,0,0,"",-0.886,-195.697,13.077,0,0,8,"=","=","=","=","=","=","=","=","=",8,R,"Roscosmos",175,96.351,0.374,,46,W,Y,1,,,,,,,,,,,,,,,,,,,,,,,,,,,,,0,0,,,,,,,,,,,,6530.385,,,,,,,,,,,,,,,,,,,,,,,,,,0.168,-37.671,-0.02,-17.318,-19.754,-40.706,-10.442,-58.703,20.334,-48.008,7.614,-61.976,41.814,-97.776,-0.417,-107.028,-46.96,-94.347,,,,"",,,,"",,,,"",,,,"",,,,"",,,,"",,,,"",,,,"",,,,,,,,,,,,,,,,,,,,,,,,,,,,,,,,,,,,,,,,,,,,,,,,,,,,,,,,,,"",0,,,,,,,,,,,,,0,"",,,,0,""
163,,7,0,1,4,1,1,0,1,0,0,13,255,255,66,6545.946,"-라후이-",R,10,92,128,-1.022,-0.784,0.119,1.686,-0.299,1.412,-36.439,15.098,86,12,2,2,"",0,400,24.883,0,0,8,"=","=","=","=","=","=","=","=","=",8,R,"Roscosmos",175,96.351,0.374,5,46,W,Y,1,6546.799,121,79,71,86,63,,137,80,26.117,-56.659,-0.034,0.522,-20.932,1,0,0.43,-461.227,174.866,-280.691,6548.649,41.556,-52.3,,,,,,0,0,,,,,,,,,,,,6567.746,,,,,,,,,,,,,,,,,,,,,,,,,,0.017,-37.743,-0.024,-17.314,-19.7,-40.759,-10.477,-58.914,20.441,-47.65,7.193,-61.431,41.816,-97.749,-0.598,-110.619,-49.876,-96.11,-0.017,-36.636,,"Ainy4／あいにゃ",-0.073,-17.372,,"Floră",-17.335,-42.081,,"낑깡__",-10.469,-58.673,,"Slaris",20.115,-47.822,,"즉석카레",7.399,-61.244,,"ディシジョン",41.643,-97.881,,"아침땅_",-0.45,-110.653,,"Kenomo",-49.813,-96.029,,,,,,,,,,,,,,,,,,,,,,,,,,,,,,,,,,,,,,,,,,,,,,,,,,,,,,,,"",3,-55.837,-55.686,-11.686,0.363,0,1,31.925,31.925,64.421,31.925,0,-66.517,0,"",,,,0,""
164,,7,0,1,4,1,2,0,1,0,0,13,255,255,67,6568.753,"-라후이-",R,10,70,101,-1.102,-1.288,0.171,1.687,-0.484,1.495,-36.439,12.577,70,30,0,2,"",0,400,-0.538,0,0,8,"=","=","=","=","=","=","=","=","=",8,R,"Roscosmos",175,96.351,0.374,5,46,W,Y,1,6569.714,107,80,98,52,67,,136,118,-30,-23.524,-0.198,0.562,-20.666,0.79,0,0.411,-4.638,17.084,20.79,6567.806,0.149,-21.463,6571.746,6,30.152,0.059,-90.994,1,0,,6575.198,,,,6574.409,,,,,,,,,,,,,,,,,,,,,,,,,,,,,,,,0.06,-37.672,-0.034,-17.321,-19.859,-40.841,-9.887,-58.763,20.548,-48.887,7.967,-61.437,45.146,-97.253,-0.452,-109.553,-49.552,-91.931,0.036,-36.513,,"Ainy4／あいにゃ",-0.162,-17.45,,"Floră",-17.426,-42.891,,"낑깡__",-10.899,-58.806,86,"Slaris",20.626,-48.521,,"즉석카레",8.232,-61.258,,"ディシジョン",43.337,-98.37,103,"아침땅_",-0.596,-109.366,,"Kenomo",-49.405,-91.728,,6581.46,-0.116,-40.083,,,,,,,6576.635,0.983,-58.877,,,,,,,6573.648,30.566,-91.852,,,,,,,,,,,,,,,,6580.527,-0.572,-55.615,,,,,,,6574.708,28.649,-88.345,,,,,,,"",2,-22.177,-22.177,-21.115,0,2,0.439,-61.091,-45.56,-9.748,-61.017,0.048,109.838,0,"ディシジョン",6574.409,,,161,""
165,,7,0,1,4,0,0,0,1,1,0,18,13,255,68,6600.457,"-라후이-",R,26,69,122,0.652,-0.408,0.263,1.51,0.382,1.159,-36.439,3.769,58,42,0,2,"",-67.347,-200,30.323,0,0,0,"=","=","=","=","=","=","=","=","=",9,R,"?fredo?",190,83.536,0.353,3,56,W,Y,1,6601.525,255,179,73,101,45,,145,87,19.674,-8.553,0.126,0.888,-20.778,-1,0,0.267,247.211,-130.404,-75.805,6603.606,11.757,-86.731,6605.249,7,14.99,0.098,-97.718,1,0,,6607.777,,,,6607.685,,,6606.74,,,6600.476,,,,,,,,,,,,,,,,,,,,,,,,,,0.139,-37.572,0.041,-17.32,-20.541,-41.882,-8.823,-58.704,19.93,-46.657,8.434,-62.22,43.366,-98.235,-0.904,-109.982,-52.341,-99.033,0.095,-36.441,,"Ainy4／あいにゃ",0.03,-17.411,103,"Floră",-17.139,-42.748,,"낑깡__",-8.923,-58.611,107,"Slaris",19.674,-46.636,,"즉석카레",8.978,-62.043,,"ディシジョン",43.311,-98.406,,"아침땅_",-1.043,-109.967,85,"Kenomo",-50.352,-99.624,,6616.397,-1.04,-35.427,6612.412,0.749,-19.382,,,,6610.247,-1.19,-57.201,,,,,,,,,,6607.142,14.946,-98.868,,,,,,,6615.58,0.197,-19.92,,,,6610.921,-1.344,-53.44,,,,,,,,,,6607.95,13.196,-95.323,,,,"",2,,,,,,,,,,,,,0,"아침땅_",6607.685,6606.74,,387,""
166,,7,0,1,4,0,0,0,1,1,1,19,18,13,69,6637.68,"-라후이-",R,10,81,121,-0.968,-0.765,0.166,1.737,-0.426,1.555,-36.439,14.76,89,11,0,0,"",0,389.283,25.479,0,0,1,"=","=","=","=","=","=","=","=","=",2,R,"にゃんこ65K",190,91.072,0.646,,56,W,Y,1,,,,,,,,,,,,,,,,,,,,,,,,,,,,,0,0,,,,,,,,,,,,6637.814,6656.373,6637.825,,,,,,,,,,,,,,,,,,,,,,,,0.07,-37.582,0.012,-17.355,-16.473,-42.134,-8.687,-53.3,19.86,-46.835,9.608,-60.95,42.571,-96.106,-0.054,-113.267,-44.542,-91.522,,,,"",,,,"",,,,"",,,,"",,,,"",,,,"",,,,"",,,,"",,,,6641.689,-0.1,-37.274,,,,,,,,,,,,,,,,,,,,,,,,,,,,,,,,,,,,,,,,,,,,,,,,,,,,"",0,,,,,,,,,,,,,0,"",6639.849,6639.99,,0,""
167,,7,0,1,4,0,1,0,1,1,1,19,18,13,70,6656.545,"-라후이-",R,10,59,92,-0.427,-0.639,0.36,1.776,-0.196,1.871,-36.439,23.906,97,3,0,2,"",0,400,-1.188,0,0,1,"=","=","=","=","=","=","=","=","=",2,R,"にゃんこ65K",190,91.072,0.646,5,56,W,Y,1,6657.827,154,74,110,68,47,,145,116,28.935,-11.686,-0.086,0.734,-20.179,0.12,0,0.212,344.297,425.473,245.83,6661.364,9.851,-122.902,6661.57,7,9.798,2.886,-119.372,0,0,,,,,,,,,,,6668.431,6656.582,,6663.919,6663.461,1,,456,0,,,,,,,,,,,,,,,,,,,0.083,-37.53,0.003,-17.343,-16.561,-42.033,-8.631,-53.655,20.493,-46.978,8.257,-60.477,42.131,-96.595,-0.043,-112.975,-45.963,-94.684,0.161,-37.016,,"Ainy4／あいにゃ",-0.142,-17.453,,"Floră",-16.589,-42.09,,"낑깡__",-9.509,-53.716,87,"Slaris",20.204,-46.887,,"즉석카레",9.397,-60.47,,"ディシジョン",42.102,-96.613,,"아침땅_",-0.248,-112.564,90,"Kenomo",-46.021,-94.64,,6675.689,-0.701,-39.336,,,,,,,6667.724,-10.836,-59.779,,,,,,,,,,6663.475,9.737,-120.511,,,,,,,,,,,,,6674.693,-7.461,-55.003,,,,,,,,,,6664.364,8.876,-116.009,,,,"",1,-10.107,-10.107,6.626,0,2,0.42,65.177,50.971,-6.682,70.19,0.039,-59.012,0,"아침땅_",6663.838,6661.419,6668.431,385,""
168,,7,0,1,5,0,0,1,1,1,0,19,18,255,71,6689.748,"-라후이-",R,13,73,100,-1.683,-1.023,0.316,1.622,-0.132,1.537,-36.439,14.18,70,30,0,2,"",-296.204,379.261,-1.366,0,0,2,"=","=","=","=","=","=","=","=","=",1,R,"kneesohime",190,84.513,0.501,3,56,W,Y,1,6691.007,255,101,138,106,62,,145,128,26.395,32.22,-0.325,0.702,-20.736,0.7,0,0.332,36.407,315.778,487.507,,,,6693.394,,-62.901,1.842,-103.298,0,0,,,,,,,,,,,,6691.076,6689.838,,6695.385,2,,457,0,,,,,,,,,,,,,,,,,,,0.102,-37.53,-0.025,-17.317,-16.844,-42.254,-11.547,-58.698,20.076,-47.778,5.513,-63.986,42.462,-96.917,-0.342,-115.29,-51.493,-98.906,0.132,-36.522,,"Ainy4／あいにゃ",-0.185,-17.483,,"Floră",-16.86,-42.369,74,"낑깡__",-11.378,-58.592,,"Slaris",19.578,-47.428,,"즉석카레",7.116,-64.759,,"ディシジョン",42.143,-97.156,,"아침땅_",-0.495,-114.76,,"Kenomo",-51.614,-98.796,99,6705.925,-7.917,-31.521,,,,6700.25,-17.392,-42.34,,,,,,,,,,,,,,,,6695.395,-62.171,-102.573,,,,,,,6704.969,-19.049,-40.411,,,,,,,,,,,,,,,,6696.619,-60.309,-98.599,"",1,,,,,,,,,,,,,0,"장덕춘_",6696.404,,,25,""
169,,7,0,1,5,0,0,2,1,1,0,19,18,255,72,6722.127,"-라후이-",R,26,82,134,1.933,1.652,0.435,1.935,0.769,2.496,-36.439,44.496,79,17,4,4,"",42.274,-165.643,7.186,0,0,3,"=","=","=","=","=","=","=","=","=",4,R,"Parottey",190,91.62,0.392,,56,W,Y,1,,,,,,,,,,,,,,,,,,,,,,,,,,,,,0,0,,,,,,,,,,,,6723.568,,,,,,,,,,,,,,,,,,,,,,,,,,0.076,-37.533,-0.003,-17.292,-16.819,-42.266,-13.112,-65.167,20.438,-47.828,7.307,-64.345,44.023,-97.715,-0.27,-113.106,-50.286,-97.76,,,,"",,,,"",,,,"",,,,"",,,,"",,,,"",,,,"",,,,"",,,,6726.798,-0.062,-37.352,,,,,,,,,,,,,,,,,,,,,,,,,,,,,,,,,,,,,,,,,,,,,,,,,,,,"",0,,,,,,,,,,,,,1,"",6724.552,,,0,""
170,,7,0,1,5,0,1,2,0,1,1,255,19,18,73,6781.679,"-라후이-",R,26,92,140,1.424,0.433,0.343,1.694,0.636,1.729,-36.439,18.901,88,12,0,0,"",-19.656,-179.91,15.542,0,0,3,"=","=","=","=","=","=","=","=","=",4,R,"Parottey",190,91.62,0.392,,56,W,Y,1,,,,,,,,,,,,,,,,,,,,,,,,,,,,,0,0,,,,,,,,,,,,,,6781.999,,,,,,,,,,,,,,,,,,,,,,,,0.103,-37.358,0.019,-17.272,-16.654,-42.224,-13.014,-65.352,20.203,-47.389,9.312,-65.879,44.473,-97.708,-0.038,-112.082,-49.234,-98.898,,,,"",,,,"",,,,"",,,,"",,,,"",,,,"",,,,"",,,,"",,,,6785.739,-0.179,-37.378,,,,,,,,,,,,,,,,,,,,,,,,,,,,,,,,,,,,,,,,,,,,,,,,,,,,"",0,,,,,,,,,,,,,0,"",,6783.974,,0,""
171,,7,0,1,5,0,2,2,0,1,1,255,19,18,74,6798.825,"-라후이-",R,10,88,128,-0.978,-0.721,0.123,1.661,-0.429,1.563,-36.439,15.697,91,9,0,2,"",0,400,28.789,0,0,3,"=","=","=","=","=","=","=","=","=",4,R,"Parottey",190,91.62,0.392,5,56,W,Y,1,6800.065,189,57,139,57,41,,145,120,25.164,55.655,-0.203,0.591,-19.286,0.79,0,0.448,147.562,492.924,23.577,6802.939,-92.805,-66.986,,,,,,0,0,,,,,,,,,,,,,6799.836,6799.027,,,,,,,,,,,,,,,,,,,,,,,,-0.028,-37.349,0.003,-17.27,-16.846,-42.459,-12.929,-65.154,20.177,-47.528,8.578,-66.422,44.75,-98.787,-0.286,-115.077,-50.52,-99.072,0.091,-37.083,,"Ainy4／あいにゃ",-0.153,-17.464,,"Floră",-16.893,-42.527,,"낑깡__",-13.827,-66.421,,"Slaris",19.971,-47.625,,"즉석카레",8.708,-66.183,,"ディシジョン",44.881,-99.008,,"아침땅_",-0.373,-114.816,,"Kenomo",-50.437,-98.906,,,,,,,,,,,,,,,,,,,,,,,,,,,,,,,,,,,,,,,,,,,,,,,,,,,,,,,,"",3,63.484,50.558,10.845,0.521,1,0.643,41.628,26.531,-10.166,86.528,0.021,115.895,0,"",6806.634,6803.736,,0,""
172,,7,0,1,5,0,2,2,0,1,1,255,19,18,75,6820.251,"-라후이-",R,10,68,99,-1.12,-0.97,0.177,1.78,-0.493,1.597,-36.439,21.758,100,0,0,4,"",0,396.533,2.264,0,0,3,"=","=","=","=","=","=","=","=","=",4,R,"Parottey",190,91.62,0.392,,56,W,Y,1,,,,,,,,,,,,,,,,,,,,,,,,,,,,,0,0,,,,,,,,,,,,,,6820.742,6823.037,3,,578,0,,,,,,,,,,,,,,,,,,,0.05,-37.475,-0.002,-17.292,-16.68,-42.125,-13.064,-65.25,19.903,-46.725,8.894,-66.134,44.306,-97.367,-0.251,-115.298,-49.365,-97.66,,,,"",,,,"",,,,"",,,,"",,,,"",,,,"",,,,"",,,,"",,,,,,,,,,,,,,,,,,,,,,,,,,,,,,,,,,,,,,,,,,,,,,,,,,,,,,,,,,"",0,,,,,,,,,,,,,0,"",,,,0,""
173,SIDE,7,0,1,5,0,0,2,0,1,1,255,19,18,,6824.739,,,,,,,,,,,,,,,,,,,,,,,,4,"=","=","=","=","=","=","=","=","=",,,,,,,,,,,,,,,,,,,,,,,,,,,,,,,,,,,,,,,0,0,,,,,,,,,,,,,,,,,,,,,,,,,,,,,,,,,,,,,,,,,,,,,,,,,,,,,,,,,,,,,,,,,,,,,,,,,,,,,,,,,,,,,,,,,,,,,,,,,,,,,,,,,,,,,,,,,,,,,,,,,,,,,,,,,,,,,,,,,,,,,,,,,"",0,,,,,,,,,,,,,0,"",,,,0,""
174,,8,1,1,5,0,0,0,0,0,0,255,255,255,86,6971.922,"?fredo?",L,27,90,140,0.604,-0.475,-0.155,1.684,0.21,1.223,-36.594,3.681,51,49,0,0,"",42.564,-106.655,0,0,0,8,"-라후이-","Ainy4／あいにゃ","Slaris","Kenomo","Floră","ディシジョン","즉석카레","낑깡__","아침땅_",7,R,"아침땅_",169.9,86.571,0.5,,56,W,Y,0,,,,,,,,,,,,,,,,,,,,,,,,,,,,,0,0,,,,,,,,,,,,,,,,,,,,,,,,,,,,,,,,,,,,,,-0.048,-37.38,0.016,-17.433,-21.869,-50.084,-12.881,-60.902,22.179,-55.257,11.083,-63.531,44.039,-109.593,-6.089,-113.696,-43.65,-92.773,,,,"",,,,"",,,,"",,,,"",,,,"",,,,"",,,,"",,,,"",,,,,,,,,,,,,,,,,,,,,,,,,,,,,,,,,,,,,,,,,,,,,,,,,,,,,,,,,,"",0,,,,,,,,,,,,,0,"",,,,0,""
175,,8,1,1,5,0,1,0,0,0,0,255,255,255,1,6985.964,"?fredo?",L,28,91,140,0.316,1.177,-0.171,1.943,0.134,2.163,-36.594,19.977,83,10,7,2,"",6.972,-90.711,0,0,0,8,"=","=","=","=","=","=","=","=","=",7,R,"아침땅_",169.9,86.571,0.5,3,56,W,Y,1,6987.082,218,37,51,27,11,,129,75,23.933,38.43,-0.059,1.284,-19.995,-0.77,0,0.413,313.174,381.125,-327.961,6988.825,-37.993,-61.985,6990.303,8,-45.804,0.06,-69.575,1,0,,6992.167,,,,,,,,,,,,,,,,,,,,,,,,,,,,,,,,,,,,-0.119,-37.368,0.074,-17.459,-22.112,-50.108,-12.879,-61.252,22.311,-55.283,11.741,-63.377,43.545,-105.648,-5.939,-113.86,-42.452,-91.169,-0.253,-36.932,,"kneesohime",0.084,-17.491,,"にゃんこ65K",-22.067,-50.035,85,"vovopo 보보포",-12.863,-61.149,,"Espressο",22.253,-55.09,,"CoalCat",11.771,-63.236,,"あくせる",43.341,-105.358,,"「yune」",-5.95,-113.86,,"Roscosmos",-42.412,-90.414,103,7001.045,-0.386,-38.738,,,,6995.107,-20.489,-41.438,,,,,,,,,,,,,,,,6992.241,-46.561,-70.228,,,,,,,7000.026,-18.652,-40.722,,,,,,,,,,,,,,,,6993.657,-39.375,-65.313,"",2,,,,,,,,,,,,,0,"Roscosmos",,,,259,""
176,,8,1,1,5,0,0,0,1,0,0,7,255,255,2,7015.461,"?fredo?",L,13,77,115,0.965,-0.505,-0.248,1.818,-0.224,1.705,-36.594,18.576,66,25,10,2,"",370.164,336.123,0,0,0,0,"=","=","=","=","=","=","=","=","=",0,R,"-라후이-",190,85.586,0.496,0,56,W,Y,1,7016.457,96,159,152,119,62,,135,127,19.931,23.664,0.169,0.792,-20.615,0.7,0,0.237,-69.931,391.568,-164.887,7019.582,-52.154,-114.115,7020.818,8,-50.626,0.056,-109.342,1,1,,7022.537,,,,7023.407,,,,,,7016.365,,,7031.012,0,1,275,272,,,,,,,,,,,,,,,,,,,-0.125,-37.55,0.054,-17.128,-20.015,-40.591,-9.515,-57.859,23.345,-53.533,6.425,-60.02,46.168,-107.253,-8.294,-112.712,-43.929,-89.79,-0.004,-37.517,,"kneesohime",0.049,-17.27,,"にゃんこ65K",-19.641,-42.63,85,"vovopo 보보포",-10.952,-57.907,,"Espressο",22.522,-54.214,,"CoalCat",8.069,-60.188,,"あくせる",46.186,-107.217,,"「yune」",-8.295,-112.711,,"Roscosmos",-43.774,-89.747,113,7035.753,1.716,-39.692,,,,7030.519,-16.51,-41.745,,,,7028.14,16.964,-41.107,,,,,,,,,,7022.782,-50.287,-109.042,,,,,,,7034.801,-14.871,-42.862,,,,,,,,,,,,,,,,7024.057,-44.553,-105.451,"",2,,,,,,,,,,,,,0,"Roscosmos",7023.407,,,275,""
177,,8,1,1,5,0,0,1,0,1,0,255,7,255,3,7053.62,"?fredo?",L,26,86,140,0.197,0.627,-0.195,1.867,0.025,1.862,-36.594,17.102,91,9,0,0,"",49.13,-153.655,0,0,0,1,"=","=","=","=","=","=","=","=","=",1,L,"Ainy4／あいにゃ",189.2,85,0.512,,66,W,Y,0,,,,,,,,,,,,,,,,,,,,,,,,,,,,,0,0,,,,,,,,,,,,,7070.301,,,,,,,,,,,,,,,,,,,,,,,,,-0.08,-37.528,0.033,-16.915,-20.377,-47.042,-5.203,-62.168,23.35,-50.146,13.958,-61.787,49.574,-102.226,1.263,-113.995,-45.653,-92.567,,,,"",,,,"",,,,"",,,,"",,,,"",,,,"",,,,"",,,,"",,,,7059.591,-0.2,-37.914,,,,,,,,,,,,,,,,,,,,,,,,,,,,,,,,,,,,,,,,,,,,,,,,,,,,"",0,,,,,,,,,,,,,0,"",7057.069,,,0,""
178,,8,1,1,5,0,1,1,0,1,0,255,7,255,4,7071.497,"?fredo?",L,13,73,112,1.146,-0.463,-0.243,1.823,-0.199,1.719,-36.594,16.49,63,29,8,0,"",390.434,312.348,0,0,0,1,"=","=","=","=","=","=","=","=","=",1,L,"Ainy4／あいにゃ",189.2,85,0.512,,66,W,Y,0,,,,,,,,,,,,,,,,,,,,,,,,,,,,,0,0,,,,,,,,,,,,,7085.506,,,,,,,,,,,,,,,,,,,,,,,,,-0.167,-37.537,0.041,-17.199,-21.462,-48.911,-8.095,-61.204,23.367,-48.661,13.021,-60.468,48.286,-103.228,-0.555,-115.633,-46.101,-94.312,,,,"",,,,"",,,,"",,,,"",,,,"",,,,"",,,,"",,,,"",,,,7076.7,-0.243,-37.988,,,,,,,,,,,,,,,,,,,,,,,,,,,,,,,,,,,,,,,,,,,,,,,,,,,,"",0,,,,,,,,,,,,,0,"",7076.324,,,0,""
179,,8,1,1,5,0,2,1,0,1,0,255,7,255,5,7088.213,"?fredo?",L,26,87,140,2.347,0.054,0.009,1.745,0.973,1.466,-36.594,7.314,51,45,5,1,"",36.288,-200,0,0,0,1,"=","=","=","=","=","=","=","=","=",1,L,"Ainy4／あいにゃ",189.2,85,0.512,,66,W,Y,0,,,,,,,,,,,,,,,,,,,,,,,,,,,,,0,0,,,,,,,,,,,,,7100.478,,,,,,,,,,,,,,,,,,,,,,,,,-0.07,-37.63,0.073,-17.086,-21.891,-49.265,-5.309,-61.806,23.103,-48.628,13.771,-61.386,47.979,-103.046,-1.159,-117.112,-44.89,-93.811,,,,"",,,,"",,,,"",,,,"",,,,"",,,,"",,,,"",,,,"",,,,7093.324,-0.047,-38.017,,,,,,,,,,,,,,,,,,,,,,,,,,,,,,,,,,,,,,,,,,,,,,,,,,,,"",0,,,,,,,,,,,,,0,"",7091.279,,,0,""
180,,8,1,1,5,1,2,1,0,1,0,255,7,255,6,7104.128,"?fredo?",L,10,93,128,0.75,-1.164,-0.129,1.694,0.33,1.302,-36.594,6.852,64,36,0,2,"",0,400,0,0,0,1,"=","=","=","=","=","=","=","=","=",1,L,"Ainy4／あいにゃ",189.2,85,0.512,3,66,W,Y,1,7105.273,233,67,73,73,14,,145,129,-15.185,3.456,0.138,0.582,-20.468,0.71,0,0.453,19.081,-53.686,16.755,7103.291,0.023,-22.374,7107.261,7,-5.679,0.06,-111.083,1,0,,7110.712,,,,,,,7111.505,,,,7106.494,,,,,,,,,,,,,,,,,,,,,,,,,-0.134,-37.637,0.063,-17.03,-21.934,-49.193,-5.709,-62.167,22.815,-48.75,13.786,-61.412,48.313,-103.342,-0.041,-120.955,-45.972,-94.978,0.063,-37.459,,"kneesohime",0.111,-17.453,,"にゃんこ65K",-21.889,-49.134,,"vovopo 보보포",-9.23,-59.205,,"Espressο",22.894,-47.805,,"CoalCat",13.78,-61.278,81,"あくせる",48.284,-103.31,,"「yune」",-0.022,-120.685,91,"Roscosmos",-47.627,-96.207,,7117.397,0.253,-37.366,,,,,,,,,,,,,7112.975,-0.011,-60.478,,,,7109.306,-5.688,-112.242,,,,,,,,,,,,,,,,,,,7116.283,1.307,-54.563,,,,7110.568,-4.984,-105.648,,,,"",2,,,,,,,,,,,,,0,"「yune」",7104.977,7111.505,,97,""
181,,8,1,1,5,0,0,1,1,0,1,1,255,7,7,7132.974,"?fredo?",L,26,88,140,1.196,1.283,-0.166,1.999,0.475,2.247,-36.594,30.443,88,12,0,1,"",37.695,-184.869,0,0,0,2,"=","=","=","=","=","=","=","=","=",4,R,"Slaris",190,85.704,0.452,,56,W,Y,0,,,,,,,,,,,,,,,,,,,,,,,,,,,,,0,0,,,,,,,,,,,,7133.396,,7134.149,,,,,,,,,,,,,,,,,,,,,,,,-0.075,-37.5,0.037,-17.19,-20.387,-44.94,-13.03,-61.251,19.125,-40.177,8.379,-60.764,44.032,-105.715,-6.469,-113.287,-46.317,-94.014,,,,"",,,,"",,,,"",,,,"",,,,"",,,,"",,,,"",,,,"",,,,7138.432,-0.216,-37.911,,,,,,,,,,,,,,,,,,,,,,,,,,,,,,,,,,,,,,,,,,,,,,,,,,,,"",0,,,,,,,,,,,,,0,"",,7135.139,,0,""
182,,8,1,1,5,1,0,1,1,0,1,1,255,7,8,7148.104,"?fredo?",L,3,79,116,1.028,-0.21,-0.272,1.822,-0.334,1.717,-36.594,16.442,68,28,4,2,"",458.157,200.23,0,0,0,2,"=","=","=","=","=","=","=","=","=",4,R,"Slaris",190,85.704,0.452,3,56,W,Y,1,7149.126,220,131,107,144,67,,145,129,-30,-14.11,0.129,1.042,-21.388,0.69,0,0.214,-344.293,190.096,-171.321,7147.152,0.55,-23.07,7148.946,5,10.381,2.953,-56.706,1,0,,7154.596,,,,7153.946,,,,,7154.665,7148.22,,7148.248,7153.838,1,1,164,32,,,,,,,,,,,,,,,,,,,-0.119,-37.481,0.079,-17.036,-20.244,-46.108,-13.11,-61.27,19.263,-40.314,7.989,-60.701,42.828,-106.832,-6.099,-112.991,-46.23,-92.219,-0.22,-37.219,,"kneesohime",0.058,-17.089,,"にゃんこ65K",-20.248,-46.136,74,"vovopo 보보포",-12.683,-61.012,85,"Espressο",16.77,-42.917,,"CoalCat",7.975,-60.673,54,"あくせる",42.755,-106.706,,"「yune」",-6.11,-113.004,,"Roscosmos",-46.222,-92.797,,7161.557,0.226,-38.896,,,,7155.423,-18.611,-40.603,7153.167,0.759,-59.698,,,,7150.892,10.874,-58.011,,,,,,,,,,,,,,,,7160.37,-17.868,-40.03,7153.869,-0.845,-58.282,,,,7152.379,9.628,-57.932,,,,,,,,,,"",2,,,,,,,,,,,,,0,"CoalCat",7153.946,,7154.665,163,""
183,,8,1,2,5,0,0,2,1,0,0,4,255,255,9,7182.837,"?fredo?",L,4,78,122,4.756,-1.038,-0.097,1.747,1.505,1.057,-36.594,13.961,38,62,0,3,"",244.079,15.672,0,-0.212,-20.562,3,"=","=","=","=","=","=","=","=","=",8,R,"Kenomo",179.7,80,0.449,,55,W,Y,0,,,,,,,,,,,,,,,,,,,,,,,,,,,,,0,0,,,,,,,,,,,,,,,,,,,,,,,,,,,,,,,,,,,,,,-0.202,-37.4,0.072,-17.035,-20.995,-43.898,-13.086,-61.144,21.047,-49.542,10.434,-60.999,46.486,-106.992,-10.739,-117.172,-46.396,-95.978,,,,"",,,,"",,,,"",,,,"",,,,"",,,,"",,,,"",,,,"",,,,7217.458,-0.355,-38.333,,,,,,,,,,,,,,,,,,,,,,,,,,,,,,,,,,,,,,,,,,,,,,,,,,,,"",6,,,,,,,,,,,,,0,"",,,,0,""
184,,8,1,2,5,0,0,2,1,1,0,8,4,255,10,7219.315,"?fredo?",L,26,86,139,-0.138,0.522,-0.217,1.844,-0.078,1.788,-36.594,19.739,85,11,4,0,"",17.608,-165.059,0,0,0,4,"=","=","=","=","=","=","=","=","=",2,R,"Floră",190,85,0.404,,89,W,Y,0,,,,,,,,,,,,,,,,,,,,,,,,,,,,,0,0,,,,,,,,,,,,7233.633,7226.701,,,,,,,,,,,,,,,,,,,,,,,,,-0.097,-37.565,0.048,-16.954,-21.307,-48.27,-12.86,-61.001,19.014,-48.728,9.017,-61.871,41.176,-110.016,-11.955,-114.979,-45.278,-93.493,,,,"",,,,"",,,,"",,,,"",,,,"",,,,"",,,,"",,,,"",,,,7224.401,-0.158,-37.837,,,,,,,,,,,,,,,,,,,,,,,,,,,,,,,,,,,,,,,,,,,,,,,,,,,,"",0,,,,,,,,,,,,,0,"",7222.737,,,0,""
185,,8,1,2,5,0,1,2,1,1,0,8,4,255,11,7233.615,"?fredo?",L,6,61,105,-2.649,0.158,-0.259,1.822,-0.272,1.718,-36.594,13.39,87,13,0,4,"",-445.39,0,0,0,0,4,"=","=","=","=","=","=","=","=","=",2,R,"Floră",190,85,0.404,,89,W,Y,1,,,,,,,,,,,,,,,,,,,,,,,,,,,,,0,0,,,,,,,,,,,,7247.588,7242.546,,,,,,,,,,,,,,,,,,,,,,,,,-0.198,-37.651,0.05,-17.119,-20.992,-46.758,-12.779,-61.137,20.226,-48.038,9.501,-61.991,41.193,-110.394,-11.666,-114.621,-49.32,-97.095,,,,"",,,,"",,,,"",,,,"",,,,"",,,,"",,,,"",,,,"",,,,7238.681,-0.432,-37.57,,,,,,,,,,,,,,,,,,,,,,,,,,,,,,,,,,,,,,,,,,,,,,,,,,,,"",0,,,,,,,,,,,,,0,"",7236.846,,,0,""
186,,8,1,2,5,0,2,2,1,1,0,8,4,255,12,7249.328,"?fredo?",L,6,58,101,-3.121,-0.799,-0.313,1.75,-0.527,1.482,-36.594,11.265,93,7,0,1,"",-398.41,248.435,0,0,0,4,"=","=","=","=","=","=","=","=","=",2,R,"Floră",190,85,0.404,,89,W,Y,0,,,,,,,,,,,,,,,,,,,,,,,,,,,,,0,0,,,,,,,,,,,,7261.864,7258.819,,,,,,,,,,,,,,,,,,,,,,,,,-0.211,-37.507,0.035,-17.096,-21.368,-45.478,-13.027,-61.055,20.699,-50.236,9.114,-61.756,41.869,-110.746,-10.735,-116.175,-47.128,-94.716,,,,"",,,,"",,,,"",,,,"",,,,"",,,,"",,,,"",,,,"",,,,7254.522,-0.275,-37.943,,,,,,,,,,,,,,,,,,,,,,,,,,,,,,,,,,,,,,,,,,,,,,,,,,,,"",0,,,,,,,,,,,,,0,"",7252.721,,,0,""
187,,8,1,2,5,1,2,2,1,1,0,8,4,255,13,7264.006,"?fredo?",L,26,85,138,1.258,-0.178,-0.117,1.704,0.385,1.334,-36.594,5.324,62,38,0,2,"",121.475,-181.335,0,0,0,4,"=","=","=","=","=","=","=","=","=",2,R,"Floră",190,85,0.404,5,89,W,Y,1,7265.304,126,167,125,19,0,,137,86,35.781,-1.243,0.252,0.932,-19.799,-0.93,0,0.536,329.696,51.609,-204.04,7268.321,1.897,-87.422,7269.697,7,1.897,0.822,-95.536,1,0,,7271.295,,,,7270.142,7275.14,,7269.558,7274.677,,,,,,,,,,,,,,,,,,,,,,7275.549,3,,,,,-0.067,-37.567,0.099,-17.018,-20.826,-46.887,-12.854,-60.77,21.907,-47.916,10.973,-62.804,43.248,-110.374,-9.412,-117.549,-47.138,-93.786,0.201,-37.274,,"kneesohime",0.135,-17.206,,"にゃんこ65K",-20.316,-47.521,,"vovopo 보보포",-12.822,-60.735,,"Espressο",20.581,-49.091,,"CoalCat",10.992,-62.642,,"あくせる",43.111,-110.116,,"「yune」",-9.435,-117.551,91,"Roscosmos",-47.14,-93.774,,,,,,,,,,,7274.168,-0.273,-65.601,,,,,,,,,,7271.747,1.558,-95.948,,,,,,,,,,,,,,,,,,,,,,,,,7272.943,2.745,-88.488,,,,"",2,-2.952,-2.952,-5.403,0,0,1,35.781,35.781,39.72,35.781,0,-1.052,0,"「yune」",7270.142,7269.558,7274.677,192,""
188,,8,1,3,5,0,0,2,1,0,1,2,255,8,0,7638.476,"Espressο",R,10,92,118,-1.957,-0.955,0.172,1.654,-0.773,1.443,-36.608,17.978,54,46,0,1,"",-49.564,328.068,4.414,0,0,5,"=","=","=","=","=","=","=","=","=",6,R,"ディシジョン",180.2,92.087,0.582,,55,W,Y,0,,,,,,,,,,,,,,,,,,,,,,,,,,,,,0,0,,,,,,,,,,,,7638.956,,7654.692,,,,,,,,,,,,,,,,,,,,,,,,0.005,-37.611,0.03,-16.99,-21.361,-47.89,-13.083,-60.977,20.303,-48.851,10.43,-62.761,41.292,-107.185,-8.697,-114.171,-46.075,-92.152,,,,"",,,,"",,,,"",,,,"",,,,"",,,,"",,,,"",,,,"",,,,,,,,,,,,,,,,,,,,,,,,,,,,,,,,,,,,,,,,,,,,,,,,,,,,,,,,,,"",0,,,,,,,,,,,,,0,"",,7640.747,,0,""
189,,8,1,3,5,1,0,2,1,0,1,2,255,8,1,7654.901,"Espressο",R,10,104,128,0.954,0.311,0.533,2.003,0.4,2.225,-36.608,43.976,91,9,0,0,"",0,400,-10.642,0,0,5,"=","=","=","=","=","=","=","=","=",6,R,"ディシジョン",180.2,92.087,0.582,,55,W,Y,1,,,,,,,,,,,,,,,,,,,,,,,,,,,,,0,0,,,,,,,,,,,,,,7668.756,,,,,,,,,,,,,,,,,,,,,,,,0.147,-37.664,0.077,-16.762,-21.489,-47.905,-12.723,-61.141,19.089,-48.367,10.254,-62.907,41.27,-107.144,-7.268,-114.982,-46.124,-92.118,,,,"",,,,"",,,,"",,,,"",,,,"",,,,"",,,,"",,,,"",,,,,,,,,,,,,,,,,,,,,,,,,,,,,,,,,,,,,,,,,,,,,,,,,,,,,,,,,,"",0,,,,,,,,,,,,,0,"",,7657.603,,0,""
190,,8,1,3,5,1,1,2,1,0,1,2,255,8,2,7670.356,"Espressο",R,26,104,140,2.148,1.316,0.605,2.008,0.788,2.197,-36.608,47.789,75,25,0,4,"",94.704,-200,-17.457,0,0,5,"=","=","=","=","=","=","=","=","=",6,R,"ディシジョン",180.2,92.087,0.582,,55,W,Y,1,,,,,,,,,,,,,,,,,,,,,,,,,,,,,0,0,,,,,,,,,,,,7670.7,,7683.881,,,,,,,,,,,,,,,,,,,,,,,,0.167,-37.631,0.078,-17.045,-21.847,-47.828,-12.978,-61.047,20.843,-48.472,11.353,-62.724,41.272,-107.167,-7.222,-114.959,-46.422,-92.208,,,,"",,,,"",,,,"",,,,"",,,,"",,,,"",,,,"",,,,"",,,,,,,,,,,,,,,,,,,,,,,,,,,,,,,,,,,,,,,,,,,,,,,,,,,,,,,,,,"",0,,,,,,,,,,,,,0,"",,7672.703,,0,""
191,,8,1,3,5,1,2,2,1,0,1,2,255,8,3,7689.812,"Espressο",R,26,106,140,1.711,2.211,0.496,2.085,0.673,2.731,-36.608,44.744,88,12,0,4,"",41.804,-200,-4.295,0,0,5,"=","=","=","=","=","=","=","=","=",6,R,"ディシジョン",180.2,92.087,0.582,,55,W,Y,1,,,,,,,,,,,,,,,,,,,,,,,,,,,,,0,32,,,,,,,,,,,,7692.483,,7693.924,7692.415,5,,578,0,,,,,,,,,,,,,,,,,,,0.149,-37.663,0.06,-17.124,-21.602,-48.397,-12.79,-60.719,20.93,-46.506,11.139,-62.605,42.272,-107.47,-6.991,-115.044,-46.125,-91.905,,,,"",,,,"",,,,"",,,,"",,,,"",,,,"",,,,"",,,,"",,,,,,,,,,,,,,,,,,,,,,,,,,,,,,,,,,,,,,,,,,,,,,,,,,,,,,,,,,"",0,,,,,,,,,,,,,0,"",,7692.452,,0,""
192,,8,0,3,5,0,0,0,0,0,0,255,255,255,76,7788.367,"-라후이-",R,26,94,140,1.204,1.25,0.261,1.723,0.518,2.229,-36.439,20.18,89,9,2,4,"",-1.249,-199.038,14.795,0,0,4,"?fredo?","にゃんこ65K","kneesohime","あくせる","Espressο","CoalCat","「yune」","vovopo 보보포","Roscosmos",0,R,"Espressο",190,95.125,0.297,,55,W,Y,1,,,,,,,,,,,,,,,,,,,,,,,,,,,,,0,0,,,,,,,,,,,,,,,,,,,,,,,,,,,,,,,,,,,,,,0.087,-37.607,0.036,-17.228,-16.559,-42.089,-12.909,-65.148,21.139,-48.77,11.049,-65.231,44.713,-95.369,-0.265,-112.217,-48.038,-100.18,,,,"",,,,"",,,,"",,,,"",,,,"",,,,"",,,,"",,,,"",,,,,,,,,,,,,,,,,,,,,,,,,,,,,,,,,,,,,,,,,,,,,,,,,,,,,,,,,,"",0,,,,,,,,,,,,,0,"",,,,0,""
193,,8,0,3,5,0,1,0,0,0,0,255,255,255,77,7804.839,"-라후이-",R,26,102,140,1.144,0.903,0.25,1.577,0.528,2.037,-36.439,7.131,59,39,2,2,"",-28.332,-174.034,19.683,0,0,4,"=","=","=","=","=","=","=","=","=",0,R,"Espressο",190,95.125,0.297,5,55,W,Y,1,7805.858,80,125,104,91,51,,128,92,24.796,31.626,0.209,1.347,-19.884,-0.31,0,0.242,-317.089,-79.443,196.091,7807.673,-35.603,-80.258,7808.395,8,-37.743,0.688,-84.009,1,0,,7811.595,,,,,,,,,,,,,,,,,,,,,,,,,,,,,,,,,,,,0.132,-37.72,0.035,-17.238,-16.539,-42.19,-13.002,-65.219,21.167,-48.769,11.625,-64.683,44.847,-95.661,-0.023,-112.316,-48.154,-100.306,0.135,-36.519,,"Ainy4／あいにゃ",0.048,-17.34,,"Floră",-16.627,-42.346,71,"낑깡__",-13.154,-65.597,,"Slaris",20.875,-48.686,,"즉석카레",11.619,-64.683,,"ディシジョン",44.842,-95.655,,"아침땅_",0.042,-112.887,,"Kenomo",-48.088,-100.195,105,7817.033,-2.421,-39.788,,,,7813.131,-19.216,-40.033,,,,,,,,,,,,,,,,7810.464,-38.139,-84.674,,,,,,,7815.943,-17.824,-38.813,,,,,,,,,,,,,,,,7811.211,-35.525,-79.323,"",2,31.862,31.862,-10.232,0,1,0.933,39.388,24.796,-1.598,87.653,0.04,63.914,0,"Kenomo",,,,25,""
194,,8,0,3,5,0,0,0,1,0,0,10,255,255,78,7829.821,"-라후이-",R,10,89,128,1.187,-0.189,0.349,1.721,0.507,1.936,-36.439,21.342,91,9,0,2,"BO+",0,400,23.184,0,0,5,"=","=","=","=","=","=","=","=","=",5,R,"CoalCat",174.7,82.838,0.435,5,55,W,Y,1,7831.296,154,87,112,91,50,,145,85,30.665,30.194,0.22,0.887,-20.53,-0.96,0,0.388,134.96,-66.139,-49.823,,,,7834.104,8,-32.643,2.105,-78.522,0,0,,7836.588,,,,,,,,,,7829.888,,,7836.189,5,,457,0,,,,,,,,,,,,,,,,,,,0.094,-37.776,0.085,-17.245,-20.016,-41.136,-10.873,-58.747,20.703,-48.084,9.254,-62.594,45.076,-96.114,-0.445,-107.856,-43.94,-94.277,0.332,-37.057,,"Ainy4／あいにゃ",0.027,-17.366,,"Floră",-16.609,-42.143,75,"낑깡__",-10.886,-58.484,,"Slaris",20.512,-47.995,,"즉석카레",9.301,-62.435,,"ディシジョン",45.019,-95.954,,"아침땅_",-0.721,-107.424,,"Kenomo",-43.717,-94.121,119,7844.569,-1.43,-40.22,,,,7838.409,-19.838,-41.033,,,,,,,,,,,,,,,,7836.197,-32.97,-79.018,,,,,,,7843.476,-17.706,-39.034,,,,,,,,,,,,,,,,7836.955,-31.15,-74.182,"",1,30.658,30.658,7.544,0,2,0.177,44.784,30.665,-6.652,45.953,0.045,155.823,0,"Kenomo",,,,25,""
195,,8,0,3,5,0,0,2,0,0,0,255,255,255,79,7865.414,"-라후이-",R,26,100,140,1.401,1.317,0.302,1.666,0.622,2.194,-36.439,14.904,91,7,2,2,"",-15.715,-188.332,14.09,0,0,6,"=","=","=","=","=","=","=","=","=",7,R,"「yune」",174.8,85,0.37,3,30,W,Y,1,7866.502,162,44,78,51,21,,139,92,92.967,-84.756,0.247,1.364,-20.045,-0.29,0,0.382,488.48,-27.96,-342.557,,,,,,,,,0,0,,,,,,,,,,,,,,,,,,,,,,,,,,,,,,,,,,,,,,0.113,-37.639,0.021,-17.199,-16.649,-42.181,-13.062,-65.188,20.165,-47.798,9.881,-65.767,43.357,-96.287,-0.606,-108.011,-45.149,-94.02,0.061,-36.438,,"Ainy4／あいにゃ",0.037,-17.288,,"Floră",-16.589,-42.268,,"낑깡__",-13.019,-65.102,,"Slaris",20.007,-47.774,,"즉석카레",9.839,-65.705,,"ディシジョン",43.596,-96.377,,"아침땅_",-0.611,-107.503,,"Kenomo",-45.348,-94.28,,,,,,,,,,,,,,,,,,,,,,,,,,,,,,,,,,,,,,,,,,,,,,,,,,,,,,,,"",3,,,,,,,,,,,,,0,"",,,,0,""
196,,8,0,3,5,0,1,2,0,0,0,255,255,255,80,7883.711,"-라후이-",R,10,64,108,1.232,-2.735,0.317,1.777,-0.074,1.639,-36.439,23.7,100,0,0,2,"",-95.249,400,-0.239,0.24,-20.817,6,"=","=","=","=","=","=","=","=","=",7,R,"「yune」",174.8,85,0.37,3,30,W,Y,1,7884.937,190,56,39,43,29,,124,70,-30,-43.85,0.05,0.507,-21.206,1,0,0.304,-249.305,331.774,-426.994,7882.903,0.777,-21.966,7885.194,4,21.116,0.059,-42.545,0,0,,7890.446,,,,,,,,,,,,,7890.442,6,,147,4,,,,,,,,,,,,,,,,,,,0.06,-37.587,0.04,-17.252,-16.553,-42.075,-12.974,-65.242,20.519,-48.344,9.607,-66.052,43.62,-96.386,-0.923,-106.77,-47.799,-89.399,-0.022,-36.473,,"Ainy4／あいにゃ",-0.038,-17.362,,"Floră",-16.658,-42.2,,"낑깡__",-13.205,-65.856,,"Slaris",20.376,-48.287,102,"즉석카레",10.336,-65.719,,"ディシジョン",43.608,-96.354,,"아침땅_",-0.79,-107.96,,"Kenomo",-47.812,-89.38,,,,,,,,7889.879,-17.434,-39.599,,,,7887.254,21.494,-43.715,,,,,,,,,,,,,,,,,,,,,,,,,7888.255,17.456,-42.619,,,,,,,,,,,,,"",2,,,,,,,,,,,,,0,"Slaris",,,,20,""
197,SIDE,8,0,3,5,0,0,2,0,0,0,255,255,255,,7893.21,,,,,,,,,,,,,,,,,,,,,,,,7,"=","=","=","=","=","=","=","=","=",,,,,,,,,,,,,,,,,,,,,,,,,,,,,,,,,,,,,,,0,0,,,,,,,,,,,,,,,,,,,,,,,,,,,,,,,,,,,,,,,,,,,,,,,,,,,,,,,,,,,,,,,,,,,,,,,,,,,,,,,,,,,,,,,,,,,,,,,,,,,,,,,,,,,,,,,,,,,,,,,,,,,,,,,,,,,,,,,,,,,,,,,,,"",0,,,,,,,,,,,,,0,"",,,,0,""
198,,9,1,3,5,0,0,0,0,0,0,255,255,255,4,7946.446,"Espressο",R,26,106,140,1.521,1.509,0.516,2.013,0.511,2.24,-36.608,44.008,80,20,0,1,"",99.355,-200,1.801,0,0,6,"-라후이-","Ainy4／あいにゃ","Slaris","Kenomo","Floră","ディシジョン","즉석카레","낑깡__","아침땅_",5,R,"즉석카레",169.7,84.927,0.397,,54,W,Y,0,,,,,,,,,,,,,,,,,,,,,,,,,,,,,0,0,,,,,,,,,,,,,,,,,,,,,,,,,,,,,,,,,,,,,,0.08,-37.581,0.084,-17.155,-21.737,-50.003,-12.877,-61.02,21.232,-49.329,12.198,-62.389,44.012,-106.363,-7.019,-113.306,-39.06,-87.86,,,,"",,,,"",,,,"",,,,"",,,,"",,,,"",,,,"",,,,"",,,,,,,,,,,,,,,,,,,,,,,,,,,,,,,,,,,,,,,,,,,,,,,,,,,,,,,,,,"",0,,,,,,,,,,,,,0,"",,,,0,""
199,,9,1,3,5,1,0,0,0,0,0,255,255,255,5,7966.502,"Espressο",R,10,95,119,1.257,0.491,0.558,2.068,0.531,2.385,-36.608,47.559,94,6,0,2,"",-0.019,400,-11.818,0,0,6,"=","=","=","=","=","=","=","=","=",5,R,"즉석카레",169.7,84.927,0.397,0,54,W,Y,1,7967.534,153,155,66,42,21,,137,87,1.371,-12.3,0.235,1.079,-20.564,-0.62,0,0.184,295.568,130.228,69.152,7966.382,4.66,-41.526,7967.673,5,7.589,0.055,-56.352,0,0,,,,,,,,,,,,,,,7972.259,6,,147,32,,,,,,,,,,,,,,,,,,,0.11,-37.624,0.072,-17.146,-21.668,-49.735,-12.86,-60.923,21.479,-50.772,10.955,-62.355,43.715,-106.525,-7.383,-113.632,-41.254,-88.583,0.35,-37.342,,"kneesohime",0.082,-17.151,,"にゃんこ65K",-21.673,-49.71,85,"vovopo 보보포",-12.845,-60.777,,"?fredo?",18.487,-47.683,,"CoalCat",10.959,-62.349,107,"あくせる",43.617,-106.393,,"「yune」",-7.401,-113.522,,"Roscosmos",-41.248,-88.575,,7975.044,-3.304,-35.669,,,,7971.756,-18.663,-39.819,,,,,,,7969.732,7.72,-57.433,,,,,,,,,,,,,,,,7974.058,-18.148,-40.441,,,,,,,7970.47,4.515,-55.185,,,,,,,,,,"",2,,,,,,,,,,,,,0,"CoalCat",,,,50,""
200,,9,1,3,5,0,0,1,0,0,0,255,255,255,6,7993.075,"Espressο",R,10,100,124,-1.36,0.133,0.321,2.159,-0.601,2.142,-36.608,48.771,91,9,0,0,"",0,400,-7.02,0,0,7,"=","=","=","=","=","=","=","=","=",3,R,"낑깡__",175.3,80,0.402,,54,W,Y,0,,,,,,,,,,,,,,,,,,,,,,,,,,,,,0,0,,,,,,,,,,,,,,,,,,,,,,,,,,,,,,,,,,,,,,-0.015,-37.698,-0.016,-17.182,-21.976,-50.401,-12.661,-61.231,20.69,-51.366,10.763,-63.669,44.708,-105.626,-7.441,-111.461,-42.743,-91.001,,,,"",,,,"",,,,"",,,,"",,,,"",,,,"",,,,"",,,,"",,,,7997.235,0.236,-37.164,,,,,,,,,,,,,,,,,,,,,,,,,,,,,,,,,,,,,,,,,,,,,,,,,,,,"",0,,,,,,,,,,,,,0,"",,,,0,""
201,,9,1,3,5,0,1,1,0,0,0,255,255,255,7,8012.711,"Espressο",R,26,115,140,0.435,-0.027,0.385,1.677,0.106,1.436,-36.608,19.73,38,62,0,0,"",52.281,-157.339,7.586,0,0,7,"=","=","=","=","=","=","=","=","=",3,R,"낑깡__",175.3,80,0.402,,54,W,Y,1,,,,,,,,,,,,,,,,,,,,,,,,,,,,,0,0,,,,,,,,,,,,,,,,,,,,,,,,,,,,,,,,,,,,,,0.129,-37.63,0.069,-17.258,-22.256,-50.137,-12.783,-61.179,20.415,-48.893,12.192,-63,44.216,-107.082,-7.518,-111.335,-44.154,-90.976,,,,"",,,,"",,,,"",,,,"",,,,"",,,,"",,,,"",,,,"",,,,8016.904,0.145,-37.481,,,,,,,,,,,,,,,,,,,,,,,,,,,,,,,,,,,,,,,,,,,,,,,,,,,,"",0,,,,,,,,,,,,,0,"",,,,0,""
202,,9,1,3,5,0,2,1,0,0,0,255,255,255,8,8029.98,"Espressο",R,26,105,140,2.103,2.736,0.56,2.112,0.838,2.993,-36.608,50.023,82,18,0,1,"",44.385,-200,-4.788,0,0,7,"=","=","=","=","=","=","=","=","=",3,R,"낑깡__",175.3,80,0.402,,54,W,Y,0,,,,,,,,,,,,,,,,,,,,,,,,,,,,,0,0,,,,,,,,,,,,,,,,,,,,,,,,,,,,,,,,,,,,,,0.119,-37.738,0.02,-17.025,-22.138,-50.189,-12.778,-61.199,21.244,-50.216,11.428,-63.312,44.281,-107.752,-7.426,-111.339,-44.696,-91.35,,,,"",,,,"",,,,"",,,,"",,,,"",,,,"",,,,"",,,,"",,,,8033.353,0.306,-36.907,,,,,,,,,,,,,,,,,,,,,,,,,,,,,,,,,,,,,,,,,,,,,,,,,,,,"",0,,,,,,,,,,,,,0,"",,,,0,""
203,,9,1,3,5,1,2,1,0,0,0,255,255,255,9,8046.763,"Espressο",R,13,104,126,1.218,0.943,0.667,2.071,1.068,2.542,-36.608,67.135,83,17,0,0,"",-359.313,347.699,-8.239,0,0,7,"=","=","=","=","=","=","=","=","=",3,R,"낑깡__",175.3,80,0.402,,54,W,Y,1,,,,,,,,,,,,,,,,,,,,,,,,,,,,,0,0,,,,,,,,,,,,,,,8049.23,7,,578,0,,,,,,,,,,,,,,,,,,,0.106,-37.685,0.023,-17.019,-21.863,-50.242,-12.739,-61.064,21.365,-48.756,12.048,-62.636,44.284,-107.776,-7.677,-111.1,-43.012,-89.804,,,,"",,,,"",,,,"",,,,"",,,,"",,,,"",,,,"",,,,"",,,,8053.802,0.324,-37.154,,,,,,,,,,,,,,,,,,,,,,,,,,,,,,,,,,,,,,,,,,,,,,,,,,,,"",0,,,,,,,,,,,,,0,"",,,,0,""
204,,9,1,3,5,0,0,2,0,0,0,255,255,255,10,8098.587,"Espressο",R,13,96,117,-0.625,-0.483,0.598,1.949,0.376,1.738,-36.608,47.046,99,1,0,2,"",-389.074,314.04,3.17,0,0,8,"=","=","=","=","=","=","=","=","=",7,R,"아침땅_",169.9,86.571,0.5,3,54,W,Y,1,8099.601,171,85,123,104,34,,145,80,-30,63.9,-0.084,0.823,-20.873,1,0.238,0.525,-227.059,399.762,-181.359,8097.576,-2.655,-22.118,,,,,,0,0,,,,,,,,,,,,,,,,,,,,,,,,,,,,,,,,,,,,,,0.14,-37.576,0.012,-17.19,-21.499,-48.826,-12.953,-60.946,20.449,-50.487,11.977,-63.315,44.185,-107.365,-6.495,-111.391,-42.729,-91.418,0.034,-37.167,,"kneesohime",-0.006,-17.301,,"にゃんこ65K",-21.503,-48.812,,"vovopo 보보포",-12.865,-60.637,,"?fredo?",17.633,-48.581,,"CoalCat",11.987,-63.315,,"あくせる",44.195,-107.358,,"「yune」",-6.511,-111.409,,"Roscosmos",-42.636,-91.251,,,,,,,,,,,,,,,,,,,,,,,,,,,,,,,,,,,,,,,,,,,,,,,,,,,,,,,,"",3,,,,,,,,,,,,,0,"",,,,0,""
205,,9,1,3,5,0,1,2,0,0,0,255,255,255,11,8118.526,"Espressο",R,13,87,111,-2.256,-1.092,0.649,1.966,0.902,1.828,-36.608,49.374,100,0,0,2,"",-378.306,326.932,-16.107,0,0,8,"=","=","=","=","=","=","=","=","=",7,R,"아침땅_",169.9,86.571,0.5,3,35,W,Y,1,8119.627,205,96,142,48,21,,145,80,-15.775,41.93,0.081,0.816,-20.929,1,0.143,0.385,-378.237,338.649,197.849,8117.679,-2.119,-23.357,8119.304,2,-18.944,0.055,-42.154,0,0,,,,,,,,,,,,,,,8123.049,8,,147,0,,,,,,,,,,,8122.525,2,,,,,,,0.157,-37.586,-0.005,-17.187,-21.564,-48.248,-12.978,-60.93,20.782,-50.368,12.734,-63.94,43.517,-103.698,-7.45,-114.358,-43.277,-89.579,0.131,-37.279,,"kneesohime",0.007,-17.28,,"にゃんこ65K",-21.578,-48.218,,"vovopo 보보포",-12.954,-60.816,,"?fredo?",20.187,-49.484,,"CoalCat",12.728,-63.935,,"あくせる",43.352,-103.451,,"「yune」",-7.443,-114.351,,"Roscosmos",-43.288,-89.581,,,,,,,,8121.446,-19.752,-43.169,,,,,,,,,,,,,,,,,,,,,,,,,,,,,,,,,,,,,,,,,,,,,,"",2,,,,,,,,,,,,,0,"にゃんこ65K",,,,2,""
206,END,9,0,3,5,0,0,0,0,0,0,255,255,255,,8201.787,,,,,,,,,,,,,,,,,,,,,,,,,,,,,,,,,,,,,,,,,,,,,,,,,,,,,,,,,,,,,,,,,,,,,,,,,,,,,,,,,,,,,,,,,,,,,,,,,,,,,,,,,,,,,,,,,,,,,,,,,,,,,,,,,,,,,,,,,,,,,,,,,,,,,,,,,,,,,,,,,,,,,,,,,,,,,,,,,,,,,,,,,,,,,,,,,,,,,,,,,,,,,,,,,,,,,,,,,,,,,,,,,,,,,,,,,,,,,,,"{""schemaVersion"":16,""gameTimeZeroUtc"":""2026-08-15T12:06:55.269Z"",""exportedAtUtc"":""2026-08-15T14:23:37.056Z"",""teamNameA"":""SS"",""teamNameB"":""SK""}"
