id,inn,half,scoreA,scoreB,ball,strk,out,b1,b2,b3,b1Idx,b2Idx,b3Idx,pCnt,pSec,pName,pHand,pType,pPow,spdK,zoneX,zoneY,startX,startY,targetX,targetY,zDist,pitchAngle,pOver,pSide,pUnder,call,balk,sH,sV,gyro,plx,plz,bSwing,bIdx,bPos,bZone,bName,bHCm,batLen,batCen,batType,bFps,bOS,bVR,hSec,rotS,rotL,shS,lgS,prepS,batSpd,ev,ldeg,sdeg,hPos,buntGrip,handDist,angVeloX,angVeloY,angVeloZ,PPosX,PPosY,PThrSpd,CName,CPosX,CPosY,CThrSpd,1BName,1BPosX,1BPosY,1BThrSpd,2BName,2BPosX,2BPosY,2BThrSpd,3BName,3BPosX,3BPosY,3BThrSpd,SSName,SSPosX,SSPosY,SSThrSpd,LFName,LFPosX,LFPosY,LFThrSpd,CFName,CFPosX,CFPosY,CFThrSpd,RFName,RFPosX,RFPosY,RFThrSpd,ltSec,lx,lz,cSec,cPos,cPlr,cx,cz,1BSafe,tag,cpSec,sb2Sec,sb3Sec,sbhSec,ass,result
1,1,1,0,0,0,0,0,0,0,0,255,255,255,0,2000.872,"TaeGeuk_",R,32,91,140,1.05,0.869,0.497,1.143,0.231,2.19,-36.83,17.298,6,38,56,0,0,154.768,85.276,24.861,0,0,0,0,5,R,"coder_",164.1,80,0.283,0,61,W,Y,0,0,0,0,0,0,0,0,0,0,0,0,0,0,0,0,0.465,-37.507,0,"_Chun",-0.044,-17.428,0,"MuRaZaGi",-21.652,-45.603,0,"わかなで",-14.132,-61.332,0,"MODECO",18.127,-45.116,0,"檸檬の残骸",8.603,-60.287,0,"「론구」",37.858,-94.714,0,"ke ro",-1.583,-107.825,0,"ゆっち一",-45.056,-95.053,0,0,0,0,0,0,"",0,0,0,0,2001.673,,,,0,0
2,1,1,0,0,0,1,0,0,0,0,255,255,255,1,2020.349,"TaeGeuk_",R,33,87,140,1.138,0.638,0.514,1.116,0.309,2.088,-36.83,25.246,4,51,46,2,0,122.961,103.854,19.416,0,0,1,0,5,R,"coder_",164.1,80,0.283,3,61,W,Y,2021.403,159,70,121,39,27,145,91,25.73,36.319,0.94,0,0.234,-179.265,18.067,-7.223,0.663,-37.04,0,"_Chun",0.156,-17.546,0,"MuRaZaGi",-21.462,-46.26,0,"わかなで",-14.585,-60.611,0,"MODECO",18.216,-45.137,0,"檸檬の残骸",9.242,-57.484,0,"「론구」",37.785,-94.649,0,"ke ro",-2.133,-106.808,0,"ゆっち一",-41.208,-99.718,103,2024.416,-39.993,-73.558,2025.645,8,"ゆっち一",-44.81,-81.141,1,0,,,,,66,2
3,1,1,0,0,0,0,0,1,0,0,5,255,255,2,2049.821,"TaeGeuk_",R,36,90,140,0.487,0.678,0.459,1.157,0.052,2.163,-36.83,15.191,4,50,46,0,0,144.092,147.871,30.831,0,0,0,1,2,R,"甲斐野柊太",190,80,0.2,0,168,W,Y,0,0,0,0,0,0,0,0,0,0,0,0,0,0,0,0,0.46,-37.394,0,"_Chun",0.053,-17.37,0,"MuRaZaGi",-18.746,-39.167,0,"わかなで",-16.179,-63.335,0,"MODECO",17.158,-42.881,0,"檸檬の残骸",3.513,-59.277,0,"「론구」",35.604,-91.19,0,"ke ro",-0.519,-105.492,0,"ゆっち一",-43.454,-92.035,0,0,0,0,0,0,"",0,0,0,0,2050.339,,,,0,0
4,1,1,0,0,0,1,0,1,0,0,5,255,255,3,2064.716,"TaeGeuk_",R,32,79,129,2.072,0.359,0.583,1.076,0.628,1.899,-36.83,23.874,6,37,57,4,0,166.357,38.569,18.29,0,0,1,1,2,R,"甲斐野柊太",190,80,0.2,0,168,W,Y,0,0,0,0,0,0,0,0,0,0,0,0,0,0,0,0,0.755,-36.979,0,"_Chun",-0.119,-17.53,0,"MuRaZaGi",-18.655,-39.649,0,"わかなで",-16.948,-67.402,0,"MODECO",17.894,-43.397,0,"檸檬の残骸",3.391,-58.455,0,"「론구」",35.54,-91.165,0,"ke ro",0.355,-100.781,0,"ゆっち一",-43.693,-92.609,0,0,0,0,0,0,"",0,0,0,0,2065.208,,,,0,0
5,1,1,0,0,0,2,0,1,0,0,5,255,255,4,2083.97,"TaeGeuk_",R,33,85,137,1.994,0.392,0.598,1.098,0.7,1.972,-36.83,25.731,5,49,46,4,0,105,92.231,12.749,0,0,1,1,2,R,"甲斐野柊太",190,80,0.2,0,167,W,Y,0,0,0,0,0,0,0,0,0,0,0,0,0,0,0,0,0.651,-37.118,0,"_Chun",-0.213,-17.236,0,"MuRaZaGi",-19.045,-39.788,0,"わかなで",-18.822,-62.151,0,"MODECO",17.719,-44.744,0,"檸檬の残骸",0.242,-61.193,0,"「론구」",35.589,-91.215,0,"ke ro",0.317,-100.774,0,"ゆっち一",-42.768,-91.228,0,0,0,0,0,0,"",0,0,0,0,2084.416,,,,0,0
6,1,1,0,0,0,0,1,1,0,0,5,255,255,5,2107.936,"TaeGeuk_",R,32,89,140,-1.444,0.374,0.257,1.089,-0.884,1.941,-36.83,14.225,5,55,40,0,0,205.557,85.605,20.951,0,0,0,2,1,L,"눈꽃",190,80,0.497,0,166,W,Y,0,0,0,0,0,0,0,0,0,0,0,0,0,0,0,0,0.11,-37.74,0,"_Chun",0.323,-17.006,0,"MuRaZaGi",-18.98,-40.471,0,"わかなで",-7.262,-65.058,0,"MODECO",20.668,-45.975,0,"檸檬の残骸",11.648,-63.027,0,"「론구」",48.074,-102.261,0,"ke ro",2.081,-119.546,0,"ゆっち一",-36.945,-107.096,0,0,0,0,0,0,"",0,0,0,0,2108.284,,,,0,0
7,1,1,0,0,0,1,1,1,0,0,5,255,255,6,2131.962,"TaeGeuk_",R,33,85,121,2.659,0.176,0.733,1.034,0.884,1.728,-36.83,30.393,3,53,45,1,0,149.494,-13.348,13.085,0,0,0,2,1,L,"눈꽃",190,80,0.497,0,166,W,Y,0,0,0,0,0,0,0,0,0,0,0,0,0,0,0,0,0.624,-37.234,0,"_Chun",1.226,-17.197,0,"MuRaZaGi",-18.434,-39.588,0,"わかなで",-6.655,-66.228,0,"MODECO",20.375,-45.461,0,"檸檬の残骸",11.311,-62.955,0,"「론구」",48.048,-102.223,0,"ke ro",1.591,-116.418,0,"ゆっち一",-37.991,-106.303,0,0,0,0,0,0,"",0,0,0,0,2132.339,,,,0,0
8,1,1,0,0,1,1,1,1,0,0,5,255,255,7,2148.636,"TaeGeuk_",R,32,78,115,3.277,-0.023,0.754,0.94,0.952,1.524,-36.83,36,0,17,83,1,0,250,-97.178,29.134,0,0,0,2,1,L,"눈꽃",190,80,0.497,0,166,W,Y,0,0,0,0,0,0,0,0,0,0,0,0,0,0,0,0,0.718,-37.255,0,"_Chun",0.765,-20.487,0,"MuRaZaGi",-18.962,-39.713,0,"わかなで",-0.24,-60.514,0,"MODECO",19.729,-43.61,0,"檸檬の残骸",7.09,-64.331,0,"「론구」",48.081,-102.335,0,"ke ro",0.87,-110.501,0,"ゆっち一",-39.705,-105.574,0,0,0,0,0,0,"",0,0,0,0,2148.999,2151.15,,,0,0
9,1,1,0,0,2,1,1,0,1,0,255,5,255,8,2169.707,"TaeGeuk_",R,32,83,135,-0.872,0.872,0.306,1.185,-0.656,2.253,-36.83,25.867,0,57,43,2,0,182.028,71.139,16.239,0,0,1,2,1,L,"눈꽃",190,80,0.497,3,166,W,Y,2170.655,255,54,78,58,10,145,104,102.523,56.249,-0.16,0,0.318,18.766,-30.251,20.485,0.464,-37.022,0,"_Chun",-0.132,-17.172,0,"MuRaZaGi",-20.233,-46.113,0,"わかなで",-5.521,-66.433,0,"MODECO",18.968,-44.779,0,"檸檬の残骸",13.518,-61.466,0,"「론구」",48.044,-102.21,0,"ke ro",0.556,-113.828,0,"ゆっち一",-38.767,-108.779,0,2176.728,38.061,6.897,0,0,"",0,0,0,0,2200.617,2173.72,,,72,3
10,1,1,0,0,2,2,1,0,1,0,255,5,255,9,2261.375,"TaeGeuk_",R,32,69,122,-0.396,-0.297,0.379,0.916,-0.512,1.57,-36.83,29.177,0,8,92,2,0,196.999,105.348,20.962,0,0,1,2,1,L,"눈꽃",190,80,0.497,3,84,W,Y,2262.428,253,151,92,94,42,145,130,110.808,24.438,0.67,0,0.47,269.758,184.557,-252.161,0.581,-37.121,0,"_Chun",-0.012,-17.324,0,"MuRaZaGi",-19.52,-48.713,0,"わかなで",-7.062,-66.273,0,"MODECO",19.698,-45.848,0,"檸檬の残骸",13.873,-61.76,0,"「론구」",48.725,-103.529,0,"ke ro",1.525,-118.998,0,"ゆっち一",-37.402,-107.553,0,0,0,0,0,0,"",0,0,0,0,,2266.202,,,64,3
11,1,1,0,0,2,2,1,0,1,0,255,5,255,10,2281.576,"TaeGeuk_",R,32,89,140,-1.624,1.67,0.258,1.326,-1.025,2.709,-36.83,6.455,0,54,46,2,0,230.211,30.631,29.924,0,0,1,2,1,L,"눈꽃",190,80,0.497,3,84,W,Y,2282.497,44,40,23,19,10,26,45,3.103,-42.643,0.25,0,0.242,99.112,-582.706,-103.106,0.139,-37.524,0,"_Chun",-0.089,-17.274,0,"MuRaZaGi",-22.631,-52.048,0,"わかなで",-7.883,-67.058,0,"MODECO",19.365,-45.018,85,"檸檬の残骸",14.826,-62.412,0,"「론구」",48.9,-103.113,0,"ke ro",1.161,-118.25,0,"ゆっち一",-37.207,-107.827,0,2282.527,8.122,-27.352,2284.45,4,"MODECO",18.799,-35.205,0,0,,2291.491,,,80,2
12,1,1,0,0,2,2,1,0,1,0,255,5,255,11,2307.866,"TaeGeuk_",R,10,68,111,-1.266,-1.344,0.379,0.901,-0.462,1.334,-36.83,25.839,10,18,72,2,0,-52.266,396.626,39.331,0,0,1,2,1,L,"눈꽃",190,80,0.497,3,85,W,Y,2308.988,255,201,80,72,47,145,130,-30,33.778,0.68,0,0.46,-34.519,219.08,185.462,-0.028,-37.169,0,"_Chun",-0.052,-17.292,0,"MuRaZaGi",-20.522,-47.384,86,"わかなで",-8.208,-67.616,0,"MODECO",19.647,-45.263,0,"檸檬の残骸",14.813,-59.553,0,"「론구」",48.337,-102.857,0,"ke ro",-1.107,-114.167,0,"ゆっち一",-39.742,-109.852,0,2307.985,-0.772,-20.526,2309.673,2,"MuRaZaGi",-17.697,-49.954,0,0,,,2313.78,,68,2
13,1,1,0,0,0,0,2,0,0,1,255,255,5,12,2337.878,"TaeGeuk_",R,34,80,130,0.401,0.56,0.485,1.118,0.033,2.043,-36.83,13.911,3,43,54,2,0,94.164,71.3,13.625,0,0,1,3,8,R,"소솨소솨",186.1,80,0.498,3,53,W,Y,2338.96,255,138,103,68,36,145,118,-17.102,-21.108,0.12,0,0.468,-584.583,90.966,-82.634,0.166,-37.591,0,"_Chun",0.124,-17.394,0,"MuRaZaGi",-21.661,-49.585,0,"わかなで",-15.443,-67.975,0,"MODECO",18.353,-43.997,0,"檸檬の残骸",13.824,-62.065,103,"「론구」",34.377,-90.467,0,"ke ro",-0.15,-100.614,0,"ゆっち一",-42.547,-99.57,0,2338.131,1.445,-23.96,2339.735,5,"檸檬の残骸",11.848,-57.011,0,0,2369.041,,,2343.615,196,2
14,1,0,0,0,0,0,0,0,0,0,255,255,255,0,2490.806,"SFIDA",L,34,92,140,-2.367,1.699,-0.428,1.935,-0.765,2.543,-36.949,28.373,43,54,3,3,0,-65.4,-42.283,0,0,0,0,0,3,L,"わかなで",160,94.33,0.2,0,160,W,Y,0,0,0,0,0,0,0,0,0,0,0,0,0,0,0,0,-0.098,-37.775,0,"눈꽃",-0.05,-17.788,0,"甲斐野柊太",-16.553,-44.515,0,"柴山犬吉",-10.059,-58.908,0,"Azuner",16.751,-43.028,0,"coder_",10.193,-57.242,0,"YukihiroD",29.473,-85.809,0,"Amellaid",5.616,-106.771,0,"소솨소솨",-28.83,-82.32,0,0,0,0,0,0,"",0,0,0,0,2491.027,,,,0,6
15,1,0,0,0,0,0,0,1,0,0,13,255,255,1,2518.822,"SFIDA",L,34,88,140,-2.314,0.449,-0.463,1.857,-0.928,1.837,-36.949,34.346,0,97,3,1,0,-52.94,-52.278,0,0,0,0,1,8,L,"ゆっち一",190,83.623,0.399,0,159,W,Y,0,0,0,0,0,0,0,0,0,0,0,0,0,0,0,0,0.076,-37.746,0,"눈꽃",-0.065,-17.77,0,"甲斐野柊太",-19.93,-41.509,0,"柴山犬吉",-7.801,-61.49,0,"Azuner",24.504,-50.35,0,"coder_",11.193,-64.798,0,"YukihiroD",51.628,-106.847,0,"Amellaid",8.446,-121.11,0,"소솨소솨",-38.524,-97.832,0,0,0,0,0,0,"",0,0,0,0,2519.083,,,,0,0
16,1,0,0,0,1,0,0,1,0,0,13,255,255,2,2534.425,"SFIDA",L,34,96,140,-0.342,-0.07,-0.271,1.751,-0.038,1.496,-36.949,23.433,52,48,0,2,0,-72.364,-70.2,0,0,0,1,1,8,L,"ゆっち一",190,83.623,0.399,3,159,W,Y,2535.464,248,171,94,81,41,145,130,26.423,-38.485,0.58,0,0.375,227.588,-274.39,59.054,0.078,-37.501,0,"눈꽃",-0.064,-17.866,0,"甲斐野柊太",-16.845,-44.985,0,"柴山犬吉",-8.4,-61.301,0,"Azuner",23.802,-51.677,0,"coder_",10.435,-65.293,0,"YukihiroD",50.832,-106.956,0,"Amellaid",8.087,-119.622,0,"소솨소솨",-38.433,-97.882,0,2539.333,78.517,-105.781,0,0,"",0,0,0,0,,2540.881,2545.557,2550.255,64,4
17,1,0,0,2,0,0,0,0,0,0,255,255,255,3,2575.336,"SFIDA",L,0,95,140,2.415,-1.592,-0.027,1.468,1.097,0.578,-36.949,16.045,48,52,0,1,0,-35.443,-32.897,0,0,0,0,2,2,R,"MuRaZaGi",190,90.17,0.403,0,158,W,Y,0,0,0,0,0,0,0,0,0,0,0,0,0,0,0,0,0.165,-37.953,0,"눈꽃",-0.011,-17.76,0,"甲斐野柊太",-18.368,-44.299,0,"柴山犬吉",-16.045,-63.126,0,"Azuner",18.218,-49.353,0,"coder_",8.372,-66.048,0,"YukihiroD",31.506,-93.212,0,"Amellaid",-11.646,-119.155,0,"소솨소솨",-40.634,-98.418,0,0,0,0,0,0,"",0,0,0,0,2575.652,,,,0,0
18,1,0,0,2,1,0,0,0,0,0,255,255,255,4,2589.707,"SFIDA",L,34,93,140,2.115,-1.022,-0.039,1.569,1.042,0.905,-36.949,8.733,50,50,0,2,0,-83.839,-66.423,0,0,0,1,2,2,R,"MuRaZaGi",190,90.17,0.403,3,158,W,Y,2590.744,255,89,135,106,55,145,126,25.039,14.306,0.26,0,0.262,236.582,185.655,479.367,-0.126,-37.715,0,"눈꽃",-0.027,-17.863,0,"甲斐野柊太",-18.728,-44.249,0,"柴山犬吉",-15.785,-63.149,0,"Azuner",19.034,-50.258,0,"coder_",7.52,-70.18,76,"YukihiroD",36.726,-93.884,0,"Amellaid",-11.623,-118.921,95,"소솨소솨",-40.567,-98.49,0,2594.596,-34.175,-125.726,2595.652,7,"Amellaid",-34.041,-124.581,1,0,,2601.03,,,321,2
19,1,0,0,2,0,0,0,0,1,0,255,12,255,5,2625.371,"SFIDA",L,3,63,94,-0.357,-0.632,-0.549,1.795,-0.854,1.49,-36.949,47.53,92,8,0,0,0,348.121,178.851,0,0,0,0,3,1,L,"_Chun",190,80,0.455,0,88,W,Y,0,0,0,0,0,0,0,0,0,0,0,0,0,0,0,0,0.003,-38.008,0,"눈꽃",-0.031,-17.774,0,"甲斐野柊太",-16.71,-45.725,0,"柴山犬吉",-4.993,-62.341,0,"Azuner",25.252,-50.937,0,"coder_",11.068,-63.275,0,"YukihiroD",51.633,-104.44,0,"Amellaid",10.617,-119.194,0,"소솨소솨",-32.75,-87.723,0,0,0,0,0,0,"",0,0,0,0,2625.742,,,,0,0
20,1,0,0,2,0,1,0,0,1,0,255,12,255,6,2642.197,"SFIDA",L,28,97,140,-0.066,0.708,-0.243,1.801,0.094,1.964,-36.949,26.196,24,73,3,2,0,-81.321,-96.52,0,0,0,1,3,1,L,"_Chun",190,80,0.455,3,88,W,Y,2643.13,178,56,94,53,30,145,130,25.452,-22.61,0.62,0,0.278,131.113,-574.847,111.175,0.017,-37.682,0,"눈꽃",-0.048,-17.864,0,"甲斐野柊太",-17.748,-46.41,0,"柴山犬吉",-10.68,-63.176,0,"Azuner",25.898,-51.505,0,"coder_",12.541,-64.911,0,"YukihiroD",51.603,-104.475,0,"Amellaid",8.989,-120.066,0,"소솨소솨",-32.151,-88.827,0,2649.381,68.339,-132.767,0,0,"",0,0,0,0,,2653.818,2652.099,2658.129,82,4
21,1,0,0,4,0,0,0,0,0,0,255,255,255,7,2735.235,"SFIDA",L,32,94,140,1.397,-1.369,-0.091,1.508,0.803,0.692,-36.949,9.62,63,36,2,1,0,-153.851,-60.585,0,0,0,0,4,4,R,"MODECO",190,85,0.451,0,155,W,Y,0,0,0,0,0,0,0,0,0,0,0,0,0,0,0,0,0.132,-37.812,0,"눈꽃",0.017,-17.674,0,"甲斐野柊太",-18.015,-44.645,0,"柴山犬吉",-16.585,-62.723,0,"Azuner",23.3,-52.132,0,"coder_",5.946,-70.612,0,"YukihiroD",35.746,-92.854,0,"Amellaid",-14.588,-120.964,0,"소솨소솨",-42.911,-100.752,0,0,0,0,0,0,"",0,0,0,0,2735.499,,,,0,0
22,1,0,0,4,1,0,0,0,0,0,255,255,255,8,2749.241,"SFIDA",L,3,95,128,0.429,-0.342,-0.356,1.722,-0.433,1.386,-36.949,14.32,47,53,0,0,0,397.474,0,0,0,0,0,4,4,R,"MODECO",190,85,0.451,0,155,W,Y,0,0,0,0,0,0,0,0,0,0,0,0,0,0,0,0,-0.097,-37.812,0,"눈꽃",0.005,-17.71,0,"甲斐野柊太",-18.715,-44.461,0,"柴山犬吉",-16.401,-63.087,0,"Azuner",23.33,-52.143,0,"coder_",6.2,-71.181,0,"YukihiroD",35.81,-92.848,0,"Amellaid",-13.456,-121.059,0,"소솨소솨",-43.187,-101.477,0,0,0,0,0,0,"",0,0,0,0,2749.589,,,,0,0
23,1,0,0,4,1,1,0,0,0,0,255,255,255,9,2762.418,"SFIDA",L,33,102,140,-0.152,-0.65,-0.237,1.644,0.123,1.134,-36.949,20.106,48,51,1,0,0,-128.768,-69.237,0,0,0,0,4,4,R,"MODECO",190,85,0.451,0,155,W,Y,0,0,0,0,0,0,0,0,0,0,0,0,0,0,0,0,0.033,-37.672,0,"눈꽃",-0.001,-17.707,0,"甲斐野柊太",-19.732,-47.278,0,"柴山犬吉",-16.191,-63,0,"Azuner",23.103,-52.256,0,"coder_",8.16,-66.548,0,"YukihiroD",35.897,-92.736,0,"Amellaid",-12.67,-121.261,0,"소솨소솨",-43.307,-101.315,0,0,0,0,0,0,"",0,0,0,0,2762.798,,,,0,0
24,1,0,0,4,1,2,0,0,0,0,255,255,255,10,2775.194,"SFIDA",L,6,72,102,-3.037,0.582,-0.426,1.957,-0.504,1.984,-36.949,45.804,91,9,0,2,0,-378.498,0,0,0,0,0,4,4,R,"MODECO",190,85,0.451,3,155,W,Y,2776.445,255,128,123,105,52,145,124,26.437,-18.845,0.73,0,0.463,590.647,-13.963,104.6,0.011,-37.585,0,"눈꽃",-0.457,-17.843,0,"甲斐野柊太",-19.077,-46.31,0,"柴山犬吉",-16.192,-62.962,85,"Azuner",23.084,-52.263,0,"coder_",10.031,-70.193,0,"YukihiroD",35.773,-92.895,93,"Amellaid",-11.967,-121.506,0,"소솨소솨",-43.369,-101.26,0,2781.138,35.771,-124.875,2782.2,6,"YukihiroD",33.171,-121.376,1,0,,2786.534,,,224,2
25,1,0,0,4,0,0,0,0,1,0,255,14,255,11,2813.117,"SFIDA",L,0,92,140,-3.113,0.041,-0.546,1.884,-1.297,1.592,-36.949,49.26,90,10,0,1,0,-33.845,-27.299,0,0,0,0,5,6,R,"「론구」",179.9,80,0.3,0,154,W,Y,0,0,0,0,0,0,0,0,0,0,0,0,0,0,0,0,0.098,-37.879,0,"눈꽃",-0.036,-17.938,0,"甲斐野柊太",-17.823,-44.195,0,"柴山犬吉",-14.442,-62.086,0,"Azuner",16.334,-50.204,0,"coder_",3.763,-63.434,0,"YukihiroD",31.523,-89.625,0,"Amellaid",-9.584,-116.03,0,"소솨소솨",-41.286,-98.373,0,0,0,0,0,0,"",0,0,0,0,2813.388,2815.997,,,0,0
26,1,0,0,4,1,0,0,0,1,0,255,14,255,12,2862.026,"SFIDA",L,34,93,140,-2.079,0.531,-0.43,1.865,-0.777,1.862,-36.949,36.316,88,12,0,4,0,-81.213,-53.665,0,0,0,1,5,6,R,"「론구」",179.9,80,0.3,0,154,W,Y,0,0,0,0,0,0,0,0,0,0,0,0,0,0,0,0,-0.255,-37.763,0,"눈꽃",-0.064,-17.863,0,"甲斐野柊太",-17.912,-44.959,0,"柴山犬吉",-15.929,-63.125,0,"Azuner",16.475,-50.35,0,"coder_",3.511,-62.948,0,"YukihiroD",31.527,-89.598,0,"Amellaid",-9.185,-116.239,0,"소솨소솨",-41.71,-99.044,0,0,0,0,0,0,"",0,0,0,0,2862.27,2864.934,,,0,0
27,1,0,0,4,1,1,0,0,1,0,255,14,255,13,2878.43,"SFIDA",L,34,95,140,0.445,0.519,-0.237,1.858,0.307,1.835,-36.949,32.461,88,8,4,2,0,-74.927,-74.162,0,0,0,1,5,6,R,"「론구」",179.9,80,0.3,3,154,W,Y,2879.475,225,73,110,71,52,145,123,11.373,32.11,0.24,0,0.291,-69.427,580.708,-0.381,-0.086,-37.668,0,"눈꽃",-0.055,-17.953,0,"甲斐野柊太",-19.377,-45.549,90,"柴山犬吉",-15.86,-63.049,0,"Azuner",16.273,-50.354,0,"coder_",6.145,-65.03,0,"YukihiroD",31.883,-90.992,0,"Amellaid",-9.018,-116.278,0,"소솨소솨",-43.572,-98.693,108,2880.958,-43.633,-77.034,2884.423,8,"소솨소솨",-61.759,-100.557,1,0,,,2886.666,2892.801,74,2
28,1,0,0,5,0,0,0,1,0,0,16,255,255,14,3074.922,"SFIDA",L,28,88,140,-1.214,2.243,-0.404,2.213,-0.414,2.82,-36.949,47.033,79,17,4,1,0,-71.98,-90.241,0,0,0,0,6,0,R,"TaeGeuk_",177.7,85.789,0.627,0,151,W,Y,0,0,0,0,0,0,0,0,0,0,0,0,0,0,0,0,-0.007,-37.759,0,"눈꽃",-0.031,-17.732,0,"甲斐野柊太",-19.257,-41.521,0,"柴山犬吉",-13.155,-59.657,0,"Azuner",18.757,-51.463,0,"coder_",4.808,-65.559,0,"YukihiroD",30.858,-88.001,0,"Amellaid",-10.202,-112.338,0,"소솨소솨",-43.576,-93.633,0,0,0,0,0,0,"",0,0,0,0,3074.52,,,,0,0
29,1,0,0,5,1,0,0,1,0,0,16,255,255,15,3091.304,"SFIDA",L,0,84,136,-3.086,2.402,-0.515,2.113,-1.268,2.966,-36.949,66.847,81,18,1,1,0,-41.155,-39.259,0,0,0,0,6,0,R,"TaeGeuk_",177.7,85.789,0.627,0,151,W,Y,0,0,0,0,0,0,0,0,0,0,0,0,0,0,0,0,0.171,-37.842,0,"눈꽃",-0.368,-17.793,0,"甲斐野柊太",-19.014,-41.502,0,"柴山犬吉",-13.076,-59.609,0,"Azuner",19.291,-51.372,0,"coder_",4.843,-66.155,0,"YukihiroD",30.853,-87.952,0,"Amellaid",-9.48,-113.451,0,"소솨소솨",-43.445,-93.669,0,0,0,0,0,0,"",0,0,0,0,3090.839,,,,0,0
30,1,0,0,5,2,0,0,1,0,0,16,255,255,0,3269.511,"Azuner",R,0,82,134,2.525,1.786,0.488,1.576,1.085,2.664,-36.442,30.561,0,100,0,1,0,0,0,0,0,0,0,6,0,R,"TaeGeuk_",177.7,85.789,0.627,0,148,W,Y,0,0,0,0,0,0,0,0,0,0,0,0,0,0,0,0,0.005,-37.426,0,"SFIDA",-0.185,-17.99,0,"甲斐野柊太",-19.217,-40.784,0,"柴山犬吉",-13.206,-58.868,0,"눈꽃",18.833,-47.538,0,"coder_",3.435,-64.995,0,"YukihiroD",33.419,-88.275,0,"Amellaid",-7.782,-107.707,0,"소솨소솨",-41.439,-96.442,0,0,0,0,0,0,"",0,0,0,0,3268.728,,,,0,0
31,1,0,0,5,3,0,0,1,0,0,16,255,255,1,3290.83,"Azuner",R,10,92,128,1.145,-0.155,0.305,1.578,0.49,1.96,-36.442,20.866,42,58,0,0,0,0,399.88,0,0,0,1,6,0,R,"TaeGeuk_",177.7,85.789,0.627,0,148,W,Y,0,0,0,0,0,0,0,0,0,0,0,0,0,0,0,0,0.099,-37.231,0,"SFIDA",-0.259,-18.502,0,"甲斐野柊太",-19.562,-40.534,0,"柴山犬吉",-13.208,-58.855,0,"눈꽃",19.815,-46.676,0,"coder_",3.186,-64.627,0,"YukihiroD",33.591,-88.17,0,"Amellaid",-7.807,-107.741,0,"소솨소솨",-42.681,-95.543,0,0,0,0,0,0,"",0,0,0,0,3290.089,,,,0,0
32,1,0,0,5,3,1,0,1,0,0,16,255,255,2,3309.718,"Azuner",R,0,86,139,0.252,-0.28,0.209,1.283,0.103,1.453,-36.442,13.553,0,100,0,0,0,0,0,0,0,0,0,6,0,R,"TaeGeuk_",177.7,85.789,0.627,0,72,W,Y,0,0,0,0,0,0,0,0,0,0,0,0,0,0,0,0,0.016,-37.133,0,"SFIDA",-0.209,-18.02,0,"甲斐野柊太",-19.323,-41.697,0,"柴山犬吉",-13.207,-58.881,0,"눈꽃",18.161,-48.461,0,"coder_",4.578,-65.002,0,"YukihiroD",33.35,-88.377,0,"Amellaid",-7.789,-107.877,0,"소솨소솨",-42.77,-95.396,0,0,0,0,0,0,"",0,0,0,0,3308.971,,,,0,0
33,1,0,0,5,3,2,0,1,0,0,16,255,255,3,3328.788,"Azuner",R,3,82,109,-3.07,-0.278,0.179,1.29,-0.595,1.468,-36.442,16.49,0,100,0,4,0,-407.553,0,0,0,0,1,6,0,R,"TaeGeuk_",177.7,85.789,0.627,0,72,W,Y,0,0,0,0,0,0,0,0,0,0,0,0,0,0,0,0,0.031,-37.357,0,"SFIDA",-1.523,-18.203,0,"甲斐野柊太",-18.708,-41.269,0,"柴山犬吉",-13.8,-59.779,0,"눈꽃",18.269,-48.435,0,"coder_",3.141,-65.313,0,"YukihiroD",33.729,-88.297,0,"Amellaid",-7.578,-109.464,0,"소솨소솨",-42.066,-95.467,0,0,0,0,0,0,"",0,0,0,0,3328.166,,,,0,0
34,1,0,0,5,0,0,1,1,0,0,16,255,255,4,3352.433,"Azuner",R,0,85,138,0.717,0.779,0.26,1.428,0.304,2.049,-36.442,10.842,0,100,0,0,0,0,0,0,0,0,0,7,5,R,"檸檬の残骸",169.6,89.977,0.409,0,147,W,Y,0,0,0,0,0,0,0,0,0,0,0,0,0,0,0,0,0.152,-37.342,0,"SFIDA",-1.067,-19.657,0,"甲斐野柊太",-18.87,-40.832,0,"柴山犬吉",-13.626,-59.799,0,"눈꽃",18.271,-47.926,0,"coder_",2.791,-65.15,0,"YukihiroD",33.766,-88.27,0,"Amellaid",-9.349,-106.115,0,"소솨소솨",-40.754,-92.235,0,0,0,0,0,0,"",0,0,0,0,3352.131,,,,0,0
35,1,0,0,5,0,1,1,1,0,0,16,255,255,5,3372.639,"Azuner",R,14,77,116,1.276,0.076,0.219,1.483,0.189,2.186,-36.442,14.543,38,62,0,2,0,213.425,400,0,0,0,1,7,5,R,"檸檬の残骸",169.6,89.977,0.409,5,147,W,Y,3373.705,118,107,132,132,96,138,123,4.059,32.283,0.3,0.333,0.458,-245.958,39.966,85.624,0.109,-37.148,0,"SFIDA",0.135,-17.443,0,"甲斐野柊太",-16.389,-42.785,0,"柴山犬吉",-13.441,-59.832,0,"눈꽃",18.705,-49.891,0,"coder_",7.28,-62.853,0,"YukihiroD",33.784,-88.266,0,"Amellaid",-8.66,-107.166,0,"소솨소솨",-37.957,-90.262,0,0,0,0,3373.131,2,"甲斐野柊太",-13.058,-41.422,0,32,,,,,66,1
36,2,1,0,5,0,0,0,0,0,0,255,255,255,13,3433.999,"TaeGeuk_",R,3,76,106,-1.955,0.695,0.389,1.16,-0.277,2,-36.83,11.637,2,42,56,1,0,-354.028,-72.585,24.136,0,0,0,4,0,L,"Azuner",190,80,0.302,0,72,W,Y,0,0,0,0,0,0,0,0,0,0,0,0,0,0,0,0,0.2,-38.122,0,"_Chun",0.61,-17.237,0,"MuRaZaGi",-23.907,-49.497,0,"わかなで",-10.858,-70.366,0,"MODECO",21.845,-45.766,0,"檸檬の残骸",15.567,-62.539,0,"「론구」",47.961,-102.659,0,"ke ro",7.738,-102.799,0,"ゆっち一",-34.629,-91.666,0,0,0,0,0,0,"",0,0,0,0,3433.708,,,,0,0
37,2,1,0,5,1,0,0,0,0,0,255,255,255,14,3454.175,"TaeGeuk_",R,33,88,140,-1.703,0.48,0.277,1.12,-0.937,2.043,-36.83,5.443,5,46,49,2,0,145.857,120.494,44.057,0,0,1,4,0,L,"Azuner",190,80,0.302,3,72,W,Y,3455.228,186,125,92,87,45,145,91,47.95,-16.671,-0.8,0,0.322,287.916,-115.082,8.393,0.163,-37.826,0,"_Chun",-0.042,-17.302,0,"MuRaZaGi",-22.673,-51.798,0,"わかなで",-13.1,-68.722,0,"MODECO",21.736,-45.863,0,"檸檬の残骸",15.617,-62.059,97,"「론구」",47.771,-102.409,0,"ke ro",7.716,-102.84,0,"ゆっち一",-32.856,-93.896,0,3458.958,20.118,-79.925,3459.124,5,"檸檬の残骸",19.524,-78.25,0,0,,,,,192,1
38,2,1,0,5,0,0,1,0,0,0,255,255,255,15,3599.979,"TaeGeuk_",R,3,83,108,-3.25,0.34,0.283,1.079,-0.726,1.839,-36.83,8.929,3,53,44,2,0,-490.909,0,37.307,0,0,1,5,6,R,"YukihiroD",174.3,80,0.4,3,146,W,Y,3601.194,255,28,170,0,0,145,88,90.002,-89.999,0.97,0,0.516,72.984,-220.041,85.03,0.122,-37.798,0,"_Chun",-0.536,-17.365,0,"MuRaZaGi",-24.657,-50.869,0,"わかなで",-15.269,-67.406,0,"MODECO",18.954,-46.612,0,"檸檬の残骸",10.099,-65.528,0,"「론구」",34.887,-92.091,0,"ke ro",-5.893,-105.891,0,"ゆっち一",-41.937,-93.361,0,0,0,0,0,0,"",0,0,0,0,,,,,64,3
39,2,1,0,5,0,1,1,0,0,0,255,255,255,16,3622.898,"TaeGeuk_",R,32,85,138,0.812,0.078,0.449,1.033,0.008,1.769,-36.83,19.384,5,3,92,2,0,234.346,86.899,21.053,0,0,1,5,6,R,"YukihiroD",174.3,80,0.4,3,70,W,Y,3623.974,175,76,79,32,4,137,87,-86.294,-56.663,-0.46,0,0.488,-518.686,136.22,75.774,0.381,-37.759,109,"_Chun",-0.078,-17.418,0,"MuRaZaGi",-24.9,-50.172,105,"わかなで",-16.876,-66.765,0,"MODECO",19.581,-47.191,0,"檸檬の残骸",9.082,-66.225,85,"「론구」",35.52,-92.675,0,"ke ro",-6.162,-104.055,0,"ゆっち一",-41.903,-93.04,0,3621.985,0.217,-19.63,3624.805,0,"TaeGeuk_",2.081,-35.791,1,0,,3633.933,,,197,2
40,2,1,0,5,0,0,1,0,1,0,255,6,255,17,3662.587,"TaeGeuk_",R,33,84,136,3.303,0.087,0.716,1.033,1.249,1.761,-36.83,17.831,2,44,54,1,0,116.168,71.331,13.238,0,0,0,6,1,L,"SFIDA",189.1,80,0.2,0,144,W,Y,0,0,0,0,0,0,0,0,0,0,0,0,0,0,0,0,0.275,-37.376,0,"_Chun",0.477,-17.277,0,"MuRaZaGi",-21.563,-46.345,0,"わかなで",-8.071,-66.539,0,"MODECO",19.666,-43.475,0,"檸檬の残骸",13.392,-62.804,0,"「론구」",48.312,-102.561,0,"ke ro",8.211,-108.336,0,"ゆっち一",-32.876,-92.929,0,0,0,0,0,0,"",0,0,0,0,3661.714,3664.785,,,0,0
41,2,1,0,5,1,0,1,0,1,0,255,6,255,18,3681.057,"TaeGeuk_",R,13,73,100,1.085,-1.736,0.815,0.823,1.198,1.114,-36.83,42.169,11,12,77,1,0,-332.906,340.441,28.549,0,0,0,6,1,L,"SFIDA",189.1,80,0.2,0,144,W,Y,0,0,0,0,0,0,0,0,0,0,0,0,0,0,0,0,0.231,-37.363,0,"_Chun",1.067,-17.284,0,"MuRaZaGi",-22.148,-47.76,0,"わかなで",-2.06,-67.344,0,"MODECO",20.755,-43.932,0,"檸檬の残骸",13.851,-62.901,0,"「론구」",48.252,-102.521,0,"ke ro",5.67,-105.677,0,"ゆっち一",-35.283,-93.865,0,0,0,0,0,0,"",0,0,0,0,3680.367,3683.191,,,0,0
42,2,1,0,5,2,0,1,0,1,0,255,6,255,19,3697.557,"TaeGeuk_",R,35,84,137,-1.651,0.115,0.243,1.068,-0.949,1.876,-36.83,8.288,6,38,56,1,0,154.331,168.847,15.943,0,0,0,6,1,L,"SFIDA",189.1,80,0.2,0,144,W,Y,0,0,0,0,0,0,0,0,0,0,0,0,0,0,0,0,-0.057,-37.358,0,"_Chun",0.793,-17.087,0,"MuRaZaGi",-20.212,-42.48,0,"わかなで",-7.735,-66.218,0,"MODECO",19.952,-42.849,0,"檸檬の残骸",15.421,-63.147,0,"「론구」",48.24,-102.499,0,"ke ro",6.214,-106.651,0,"ゆっち一",-24.066,-92.078,0,0,0,0,0,0,"",0,0,0,0,3696.631,3699.887,,,0,0
43,2,1,0,5,3,0,1,0,1,0,255,6,255,20,3714.806,"TaeGeuk_",R,3,76,114,-2.517,-0.372,0.405,0.925,-0.197,1.411,-36.83,32.763,6,5,90,2,0,-500,0,2.216,0,0,1,6,1,L,"SFIDA",189.1,80,0.2,3,144,W,Y,3715.732,171,146,83,99,81,145,104,59.222,-15.978,-0.12,0,0.722,286.388,-219.728,-286.038,0.266,-36.923,0,"_Chun",-0.018,-17.272,0,"MuRaZaGi",-18.19,-46.132,0,"わかなで",-8.643,-65.162,87,"MODECO",19.676,-45.242,0,"檸檬の残骸",15.542,-62.686,93,"「론구」",48.174,-102.452,0,"ke ro",6.223,-106.68,0,"ゆっち一",-35.306,-93.546,0,3720.333,24.438,-79.096,3720.534,5,"檸檬の残骸",24.033,-78.136,0,0,,3717.967,,,193,1
44,2,1,0,5,0,0,2,0,1,0,255,6,255,21,3746.66,"TaeGeuk_",R,3,64,111,-0.622,-1.144,0.448,0.782,0.198,1.002,-36.83,48.36,17,15,68,4,0,-295.476,0,-5.186,0,0,1,7,3,R,"柴山犬吉",169.9,90.243,0.6,0,143,W,Y,0,0,0,0,0,0,0,0,0,0,0,0,0,0,0,0,0.06,-37.527,0,"_Chun",0.232,-17.376,0,"MuRaZaGi",-19.497,-41.297,0,"わかなで",-17.183,-66.899,0,"MODECO",19.539,-42.627,0,"檸檬の残骸",2.242,-62.462,0,"「론구」",36.058,-91.491,0,"ke ro",-8.717,-104.582,0,"ゆっち一",-42.898,-87.146,0,0,0,0,0,0,"",0,0,0,0,3746.055,3749.299,,,0,0
45,2,1,0,5,0,1,2,0,1,0,255,6,255,22,3765.353,"TaeGeuk_",R,34,88,140,3.124,0.257,0.657,0.998,1.203,1.855,-36.83,32.454,9,7,83,4,0,98.758,72.964,9.993,0,0,1,7,3,R,"柴山犬吉",169.9,90.243,0.6,0,143,W,Y,0,0,0,0,0,0,0,0,0,0,0,0,0,0,0,0,0.694,-37.083,0,"_Chun",0.343,-17.058,0,"MuRaZaGi",-20.095,-43.258,0,"わかなで",-18.276,-68.849,0,"MODECO",19.911,-43.298,0,"檸檬の残骸",2.847,-62.665,0,"「론구」",36.026,-91.455,0,"ke ro",-8.386,-104.178,0,"ゆっち一",-42.02,-88.2,0,0,0,0,0,0,"",0,0,0,0,3764.631,3768.017,,,0,0
46,2,1,0,5,0,2,2,0,1,0,255,6,255,23,3782.969,"TaeGeuk_",R,3,87,114,-1.18,-0.196,0.47,0.947,0.07,1.527,-36.83,19.4,4,6,91,0,0,-329.324,0,16.4,0,0,0,7,3,R,"柴山犬吉",169.9,90.243,0.6,0,143,W,Y,0,0,0,0,0,0,0,0,0,0,0,0,0,0,0,0,0.345,-37.369,0,"_Chun",-0.138,-17.365,0,"MuRaZaGi",-20.164,-41.485,0,"わかなで",-21.685,-66.309,0,"MODECO",19.204,-43.129,0,"檸檬の残骸",2.602,-62.611,0,"「론구」",36.007,-91.471,0,"ke ro",-8.152,-103.843,0,"ゆっち一",-44.076,-88.298,0,0,0,0,0,0,"",0,0,0,0,3782.159,,3787.415,,0,0
47,2,0,0,5,0,0,0,0,0,0,255,255,255,6,3832.181,"Azuner",R,0,82,133,0.67,0.956,0.293,1.46,0.283,2.128,-36.442,18.105,0,100,0,0,0,0,0,0,0,0,0,8,7,R,"ke ro",164.8,80,0.398,0,142,W,Y,0,0,0,0,0,0,0,0,0,0,0,0,0,0,0,0,0.027,-37.907,0,"SFIDA",-0.065,-17.587,0,"甲斐野柊太",-18.298,-44.957,0,"柴山犬吉",-15.228,-61.608,0,"눈꽃",18.56,-49.923,0,"coder_",9.836,-63.586,0,"YukihiroD",30.591,-87.298,0,"Amellaid",-12.627,-112.234,0,"소솨소솨",-36.532,-89.132,0,0,0,0,0,0,"",0,0,0,0,3831.124,,,,0,0
48,2,0,0,5,0,1,0,0,0,0,255,255,255,7,3847.488,"Azuner",R,10,83,124,0.901,-1.271,0.273,1.415,0.387,1.407,-36.442,20.484,26,74,0,2,0,-1.776,400,0,0,0,1,8,7,R,"ke ro",164.8,80,0.398,3,142,W,Y,3848.496,211,112,66,68,34,141,108,-30,11.554,0.08,0,0.56,-50.383,-169.545,-84.321,-0.242,-37.128,0,"SFIDA",0.074,-17.764,0,"甲斐野柊太",-18.403,-44.213,85,"柴山犬吉",-15.004,-61.617,103,"눈꽃",18.505,-49.897,0,"coder_",10.16,-63.586,0,"YukihiroD",30.384,-88.282,0,"Amellaid",-12.615,-112.285,0,"소솨소솨",-36.543,-89.077,0,3846.048,0.023,-20.566,3848.166,3,"柴山犬吉",-8.037,-60.193,0,0,,,,,146,2
49,2,0,0,5,0,0,1,0,0,0,255,255,255,8,3875.094,"Azuner",R,13,82,121,0.309,-0.557,0.374,1.554,0.48,1.82,-36.442,33.207,31,69,0,0,0,-227.897,400,0,0,0,0,0,3,L,"わかなで",160,94.33,0.2,0,41,W,Y,0,0,0,0,0,0,0,0,0,0,0,0,0,0,0,0,-0.057,-38.058,0,"SFIDA",-0.144,-17.957,0,"甲斐野柊太",-17.536,-44.926,0,"柴山犬吉",-11.88,-60.917,0,"눈꽃",18.041,-42.72,0,"coder_",8.528,-54.511,0,"YukihiroD",37.967,-96.317,0,"Amellaid",2.79,-104.44,0,"소솨소솨",-32.248,-80.257,0,0,0,0,0,0,"",0,0,0,0,3874.048,,,,0,0
50,2,0,0,5,0,1,1,0,0,0,255,255,255,9,3893.187,"Azuner",R,13,79,116,-2.781,-2.97,0.211,1.085,-0.662,0.015,-36.442,27.56,23,37,40,2,0,-359.518,347.486,0,-0.381,-22.632,1,0,3,L,"わかなで",160,94.33,0.2,3,41,W,Y,3894.253,153,127,120,108,94,145,93,-76.861,-64.27,-0.11,0,0.409,96.29,168.414,50.283,-0.143,-37.15,0,"SFIDA",-0.259,-18.561,0,"甲斐野柊太",-15.377,-45.434,0,"柴山犬吉",-13.225,-60.362,0,"눈꽃",17.961,-42.663,0,"coder_",10.142,-55.518,0,"YukihiroD",36.461,-89.108,0,"Amellaid",2.878,-104.999,0,"소솨소솨",-30.695,-79.971,0,3891.812,-0.477,-20.41,0,0,"",0,0,0,0,,,,,16,0
51,2,0,0,5,0,2,1,0,0,0,255,255,255,10,3914.353,"Azuner",R,0,89,140,-1.627,1.559,0.127,1.496,-0.713,2.431,-36.442,13.132,37,63,0,2,0,0,0,0,0,0,1,0,3,L,"わかなで",160,94.33,0.2,3,41,W,Y,3915.371,128,26,116,57,20,138,77,-53.157,-57.923,-0.77,0,0.173,125.58,-524.086,-31.951,-0.115,-37.261,0,"SFIDA",-0.034,-17.601,0,"甲斐野柊太",-18.222,-43.23,0,"柴山犬吉",-12.9,-60.464,0,"눈꽃",17.723,-43.319,0,"coder_",10.76,-55.799,0,"YukihiroD",36.978,-88.986,0,"Amellaid",3.629,-105.287,0,"소솨소솨",-32.355,-81.393,0,3913.006,1.1,-19.801,0,0,"",0,0,0,0,,,,,16,3
52,2,0,0,5,0,2,1,0,0,0,255,255,255,11,3932.918,"Azuner",R,14,85,109,2.67,-1.901,0.341,1.164,0.476,1.13,-36.442,30.542,49,51,0,4,0,369.082,333.568,0,0,0,1,0,3,L,"わかなで",160,94.33,0.2,0,41,W,Y,0,0,0,0,0,0,0,0,0,0,0,0,0,0,0,0,0.116,-37.543,0,"SFIDA",-0.798,-20.17,0,"甲斐野柊太",-18.812,-42.692,0,"柴山犬吉",-10.96,-60.612,0,"눈꽃",18.338,-43.158,0,"coder_",9.023,-54.462,0,"YukihiroD",37.496,-88.485,0,"Amellaid",2.903,-105.484,0,"소솨소솨",-31.263,-81.938,0,0,0,0,0,0,"",0,0,0,0,3931.86,,,,0,0
53,2,0,0,5,0,0,2,0,0,0,255,255,255,12,3956.272,"Azuner",R,14,71,99,2.666,-0.744,0.302,1.319,0.476,1.656,-36.442,21.399,48,52,0,1,0,332.928,336.392,0,0,0,0,1,8,L,"ゆっち一",190,83.623,0.399,0,141,W,Y,0,0,0,0,0,0,0,0,0,0,0,0,0,0,0,0,0.028,-37.88,0,"SFIDA",0.145,-17.476,0,"甲斐野柊太",-17.659,-45.04,0,"柴山犬吉",-12.958,-64.822,0,"눈꽃",20.876,-47.55,0,"coder_",13.91,-66.861,0,"YukihiroD",51.328,-102.467,0,"Amellaid",1.798,-122.624,0,"소솨소솨",-35.781,-106.826,0,0,0,0,0,0,"",0,0,0,0,3955.333,,,,0,0
54,2,0,0,5,1,0,2,0,0,0,255,255,255,13,3972.486,"Azuner",R,0,81,132,0.2,1.782,0.253,1.621,0.079,2.737,-36.442,28.421,26,74,0,1,0,0,0,0,0,0,0,1,8,L,"ゆっち一",190,83.623,0.399,0,141,W,Y,0,0,0,0,0,0,0,0,0,0,0,0,0,0,0,0,0.007,-37.304,0,"SFIDA",-0.228,-17.716,0,"甲斐野柊太",-18.58,-44.195,0,"柴山犬吉",-12.966,-64.827,0,"눈꽃",20.893,-47.564,0,"coder_",13.974,-67.436,0,"YukihiroD",48.8,-105.042,0,"Amellaid",3.878,-121.667,0,"소솨소솨",-32.846,-105.429,0,0,0,0,0,0,"",0,0,0,0,3971.291,,,,0,0
55,2,0,0,5,2,0,2,0,0,0,255,255,255,14,3988.738,"Azuner",R,0,86,139,-1.213,0.796,0.181,1.47,-0.534,2.12,-36.442,20.22,31,69,0,2,0,0,0,0,0,0,1,1,8,L,"ゆっち一",190,83.623,0.399,3,141,W,Y,3989.764,255,80,85,81,27,145,100,91.933,87.758,0.94,0,0.305,121.869,-260.071,146.611,-0.069,-37.058,0,"SFIDA",-0.132,-17.455,0,"甲斐野柊太",-18.429,-44.356,0,"柴山犬吉",-12.877,-64.778,0,"눈꽃",20.822,-47.426,0,"coder_",14.017,-68.561,0,"YukihiroD",48.974,-104.891,0,"Amellaid",2.224,-122.637,0,"소솨소솨",-32.745,-105.468,0,0,0,0,0,0,"",0,0,0,0,,,,,16,3
56,2,0,0,5,2,1,2,0,0,0,255,255,255,15,4005.113,"Azuner",R,0,89,140,-1.494,-0.785,0.167,1.368,-0.656,1.123,-36.442,17.004,0,100,0,1,0,0,0,0,0,0,0,1,8,L,"ゆっち一",190,83.623,0.399,0,71,W,Y,0,0,0,0,0,0,0,0,0,0,0,0,0,0,0,0,-0.034,-37.424,0,"SFIDA",-0.138,-17.558,0,"甲斐野柊太",-17.177,-44.166,0,"柴山犬吉",-13.058,-65.045,0,"눈꽃",20.861,-47.17,0,"coder_",13.932,-67.669,0,"YukihiroD",49,-104.195,0,"Amellaid",3.272,-124.429,0,"소솨소솨",-32.385,-104.565,0,0,0,0,0,0,"",0,0,0,0,4003.867,,,,0,0
57,2,0,0,5,3,1,2,0,0,0,255,255,255,16,4020.657,"Azuner",R,10,84,125,-1.222,-1.728,0.156,1.229,-0.537,0.961,-36.442,19.616,31,69,0,1,0,0,400,0,0,0,0,1,8,L,"ゆっち一",190,83.623,0.399,0,71,W,Y,0,0,0,0,0,0,0,0,0,0,0,0,0,0,0,0,-0.031,-37.347,0,"SFIDA",-0.106,-17.492,0,"甲斐野柊太",-19.242,-42.952,0,"柴山犬吉",-13.086,-64.941,0,"눈꽃",20.993,-46.996,0,"coder_",12.615,-65.252,0,"YukihiroD",48.017,-105.027,0,"Amellaid",3.158,-124.429,0,"소솨소솨",-32.48,-104.543,0,0,0,0,0,0,"",0,0,0,0,4019.478,,,,0,5
58,2,0,0,5,0,0,2,1,0,0,18,255,255,17,4044.05,"Azuner",R,3,76,116,-4.025,-0.872,0.155,1.263,-1.094,1.307,-36.442,17.211,0,100,0,4,0,-400.839,196.797,0,0,0,1,2,2,R,"MuRaZaGi",190,90.17,0.403,0,60,W,Y,0,0,0,0,0,0,0,0,0,0,0,0,0,0,0,0,0.04,-37.545,0,"SFIDA",-1.313,-18.289,0,"甲斐野柊太",-18.84,-41.652,0,"柴山犬吉",-16.336,-62.782,0,"눈꽃",18.82,-47.783,0,"coder_",3.495,-64.895,0,"YukihiroD",31.541,-97.663,0,"Amellaid",-12.061,-118.015,0,"소솨소솨",-42.598,-101.764,0,0,0,0,0,0,"",0,0,0,0,4042.93,,,,0,0
59,2,0,0,5,0,1,2,1,0,0,18,255,255,18,4065.62,"Azuner",R,0,86,139,1.711,0.854,0.382,1.474,0.734,2.157,-36.442,22.074,27,73,0,2,0,0,0,0,0,0,1,2,2,R,"MuRaZaGi",190,90.17,0.403,3,60,W,Y,4066.658,241,43,104,40,16,145,100,97.493,-29.298,-0.37,0,0.17,-256.811,-143.308,125.448,-0.046,-37.313,0,"SFIDA",0.141,-17.381,0,"甲斐野柊太",-17.251,-46.206,0,"柴山犬吉",-16.286,-62.784,0,"눈꽃",17.824,-45.257,0,"coder_",9.007,-65.668,0,"YukihiroD",32.591,-97.183,0,"Amellaid",-10.13,-117.891,0,"소솨소솨",-43.046,-102.508,0,4071.256,-10.829,-7.721,4071.409,1,"SFIDA",-10.651,-7.978,0,0,4071.34,,,,64,1
60,3,1,0,5,0,0,0,0,0,0,255,255,255,24,4127.202,"TaeGeuk_",R,33,86,140,-1.539,0.697,0.273,1.11,-0.811,2.078,-36.83,14.787,6,38,55,1,0,132.139,104.219,31.995,0,0,0,8,7,L,"Amellaid",160,80.447,0.439,0,139,W,Y,0,0,0,0,0,0,0,0,0,0,0,0,0,0,0,0,-0.206,-37.807,0,"_Chun",0.22,-17.315,0,"MuRaZaGi",-18.126,-43.01,0,"わかなで",-14.3,-68.437,0,"MODECO",17.902,-46.036,0,"檸檬の残骸",13.811,-63.082,0,"「론구」",34.226,-84.586,0,"ke ro",5.673,-103.321,0,"ゆっち一",-34.388,-92.427,0,0,0,0,0,0,"",0,0,0,0,4125.693,,,,0,0
61,3,1,0,5,1,0,0,0,0,0,255,255,255,25,4141.996,"TaeGeuk_",R,37,93,140,-0.438,0.543,0.385,1.096,-0.29,2.023,-36.83,12.98,8,34,58,2,0,62.312,97.795,10.707,0,0,1,8,7,L,"Amellaid",160,80.447,0.439,3,139,W,Y,4142.839,216,168,136,0,3,138,81,31.06,-37.058,0.96,0,0.474,51.42,-438.24,122.858,0.285,-37.242,0,"_Chun",-0.069,-17.321,0,"MuRaZaGi",-17.487,-44.022,0,"わかなで",-12.246,-62.973,91,"MODECO",17.581,-45.832,0,"檸檬の残骸",11.135,-56.846,0,"「론구」",34.566,-84.201,101,"ke ro",4.441,-104.549,0,"ゆっち一",-34.314,-93.386,0,4144.575,44.054,-67.466,4147.742,6,"「론구」",55.109,-78.313,1,0,,4152.013,,,97,2
62,3,1,0,5,0,0,0,0,1,0,255,7,255,26,4177.925,"TaeGeuk_",R,3,79,116,-4.338,0.568,0.232,1.076,-1.004,1.938,-36.83,27.565,0,49,51,1,0,-500,0,16.929,0,0,0,0,5,R,"coder_",164.1,80,0.283,0,139,W,Y,0,0,0,0,0,0,0,0,0,0,0,0,0,0,0,0,0.136,-36.906,0,"_Chun",-0.295,-17.138,0,"MuRaZaGi",-20.268,-41.467,0,"わかなで",-15.149,-62.464,0,"MODECO",18.84,-41.243,0,"檸檬の残骸",6.708,-60.769,0,"「론구」",34.239,-90,0,"ke ro",-2.617,-102.549,0,"ゆっち一",-41.837,-85.164,0,0,0,0,0,0,"",0,0,0,0,4176.721,4180.46,,,0,0
63,3,1,0,5,1,0,0,0,1,0,255,7,255,27,4195.652,"TaeGeuk_",R,3,79,117,-1.25,0.817,0.5,1.111,0.245,2.07,-36.83,7.045,2,46,52,0,0,-457.502,0,37.732,0,0,1,0,5,R,"coder_",164.1,80,0.283,0,139,W,Y,0,0,0,0,0,0,0,0,0,0,0,0,0,0,0,0,-0.356,-37.921,0,"_Chun",-0.643,-16.63,0,"MuRaZaGi",-19.363,-41.614,0,"わかなで",-16.248,-61.764,0,"MODECO",19.315,-41.634,0,"檸檬の残骸",4.003,-61.881,0,"「론구」",34.686,-89.815,0,"ke ro",1.432,-104.665,0,"ゆっち一",-43.238,-85.193,0,0,0,0,0,0,"",0,0,0,0,4195.047,4198.435,,,0,0
64,3,1,0,5,1,1,0,0,1,0,255,7,255,28,4215.143,"TaeGeuk_",R,33,78,128,4.363,-0.506,0.74,0.942,1.663,1.595,-36.83,50.055,10,14,76,3,0,142.627,139.464,-0.396,1.011,-21.431,0,0,5,R,"coder_",164.1,80,0.283,0,54,W,Y,0,0,0,0,0,0,0,0,0,0,0,0,0,0,0,0,0.295,-37.108,0,"_Chun",0.15,-17.193,0,"MuRaZaGi",-18.814,-40.2,0,"わかなで",-18.202,-60.461,0,"MODECO",19.052,-41.628,0,"檸檬の残骸",4.33,-61.128,0,"「론구」",34.862,-89.877,0,"ke ro",1.157,-104.404,0,"ゆっち一",-41.597,-86.565,0,0,0,0,0,0,"",0,0,0,0,4216.666,4216.77,,,0,6
65,3,1,0,5,0,0,0,1,1,0,5,7,255,29,4270.46,"TaeGeuk_",R,3,85,112,-2.315,0.117,0.349,1.029,-0.305,1.717,-36.83,22.213,8,5,86,1,0,-383.624,0,16.287,0,0,0,1,2,R,"甲斐野柊太",190,80,0.2,0,138,W,Y,0,0,0,0,0,0,0,0,0,0,0,0,0,0,0,0,0.182,-37.599,0,"_Chun",-0.295,-17.074,0,"MuRaZaGi",-19.558,-40.015,0,"わかなで",-18.155,-66.313,0,"MODECO",19.327,-42.2,0,"檸檬の残骸",2.555,-61.258,0,"「론구」",35.868,-91.502,0,"ke ro",-1.13,-103.421,0,"ゆっち一",-44.609,-91.372,0,0,0,0,0,0,"",0,0,0,0,4269.159,4273.214,,,0,0
66,3,1,0,5,1,0,0,1,1,0,5,7,255,30,4288.114,"TaeGeuk_",R,33,86,140,0.751,0.517,0.525,0.981,0.362,1.593,-36.83,24.663,5,10,85,0,0,112.861,68.535,11.901,0,0,0,1,2,R,"甲斐野柊太",190,80,0.2,0,138,W,Y,0,0,0,0,0,0,0,0,0,0,0,0,0,0,0,0,0.556,-37.127,0,"_Chun",-0.075,-17.188,0,"MuRaZaGi",-18.462,-40.198,0,"わかなで",-17.017,-64.972,0,"MODECO",19.687,-41.712,0,"檸檬の残骸",2.833,-61.732,0,"「론구」",35.847,-91.464,0,"ke ro",1.055,-103.43,0,"ゆっち一",-44.642,-91.651,0,0,0,0,0,0,"",0,0,0,0,4286.61,4290.819,,,0,0
67,3,1,0,5,1,1,0,1,1,0,5,7,255,31,4417.137,"TaeGeuk_",R,4,63,111,0.676,-1.067,0.529,0.771,0.708,0.978,-36.83,61.885,19,12,69,1,0,-229.304,0,-7.248,0,0,0,1,2,R,"甲斐野柊太",190,80,0.2,0,25,W,Y,0,0,0,0,0,0,0,0,0,0,0,0,0,0,0,0,0.538,-36.881,0,"_Chun",-0.106,-17.199,0,"MuRaZaGi",-19.33,-39.691,0,"わかなで",-17.185,-65.115,0,"MODECO",19.641,-41.609,0,"檸檬の残骸",4.266,-58.433,0,"「론구」",37.248,-90.517,0,"ke ro",-0.297,-104.231,0,"ゆっち一",-47.33,-94.792,0,0,0,0,0,0,"",0,0,0,0,4415.318,4419.779,,,0,0
68,3,1,0,5,2,1,0,1,1,0,5,7,255,32,4435.348,"TaeGeuk_",R,33,80,131,0.648,-0.036,0.463,0.989,0.074,1.618,-36.83,29.271,0,17,83,0,0,127.67,6.526,17.376,0,0,0,1,2,R,"甲斐野柊太",190,80,0.2,0,25,W,Y,0,0,0,0,0,0,0,0,0,0,0,0,0,0,0,0,0.017,-37.755,0,"_Chun",0.047,-17.419,0,"MuRaZaGi",-18.656,-40.457,0,"わかなで",-20.863,-64.618,0,"MODECO",19.66,-42.687,0,"檸檬の残骸",2.612,-62.726,0,"「론구」",35.414,-93.292,0,"ke ro",2.696,-104.115,0,"ゆっち一",-46.169,-93.428,0,0,0,0,0,0,"",0,0,0,0,4433.437,4437.835,,,0,0
69,3,1,0,5,2,2,0,1,1,0,5,7,255,33,4450.088,"TaeGeuk_",R,33,83,135,-0.262,1.217,0.38,1.251,-0.315,2.466,-36.83,7.174,2,46,52,4,0,133.856,72.787,30.313,0,0,1,1,2,R,"甲斐野柊太",190,80,0.2,0,136,W,Y,0,0,0,0,0,0,0,0,0,0,0,0,0,0,0,0,0.541,-37.097,0,"_Chun",-0.261,-17.335,0,"MuRaZaGi",-19.205,-40.625,0,"わかなで",-17.714,-65.133,0,"MODECO",19.063,-41.196,0,"檸檬の残骸",1.566,-60.722,0,"「론구」",35.483,-93.343,0,"ke ro",-2.335,-98.695,0,"ゆっち一",-46.218,-93.475,0,0,0,0,0,0,"",0,0,0,0,4448.18,4453.031,,,0,0
70,3,1,0,5,0,0,1,1,1,0,5,7,255,34,4476.319,"TaeGeuk_",R,33,83,134,1.611,0.863,0.556,1.187,0.503,2.258,-36.83,11.959,2,41,56,2,0,123.802,81.658,21.334,0,0,1,2,4,L,"눈꽃",190,80,0.497,3,136,W,Y,4477.309,255,111,87,101,28,145,130,24.237,-23.876,0.58,0,0.41,-15.067,309.832,-44.859,0.268,-37.417,0,"_Chun",0.342,-17.255,0,"MuRaZaGi",-17.201,-42.71,0,"わかなで",-5.966,-64.129,75,"MODECO",21.296,-45.424,0,"檸檬の残骸",14.612,-60.517,0,"「론구」",50.248,-105.337,94,"ke ro",4.751,-117.312,0,"ゆっち一",-35.471,-109.854,0,4478.735,38.319,-125.232,4480.485,6,"「론구」",34.116,-121.475,1,0,,4482.419,4483.631,4487.984,97,2
71,3,1,1,5,0,0,1,0,1,1,255,4,5,35,4515.243,"TaeGeuk_",R,0,72,124,3.087,-0.82,0.669,0.788,1.246,1.141,-36.83,53.144,8,10,82,1,0,48.473,9.446,0.734,0,0,0,3,8,R,"소솨소솨",186.1,80,0.498,0,136,W,Y,0,0,0,0,0,0,0,0,0,0,0,0,0,0,0,0,0.453,-37.3,0,"_Chun",0.06,-17.314,0,"MuRaZaGi",-19.837,-43.219,0,"わかなで",-16.268,-62.947,0,"MODECO",19.713,-41.442,0,"檸檬の残骸",2.195,-60.693,0,"「론구」",34.335,-91.868,0,"ke ro",0.228,-99.587,0,"ゆっち一",-45.7,-97.649,0,0,0,0,0,0,"",0,0,0,0,4513.464,4518.253,4517.982,,0,0
72,3,1,1,5,1,0,1,0,1,1,255,4,5,36,4532.597,"TaeGeuk_",R,13,74,113,-1.339,-1.349,0.51,0.881,0.077,1.261,-36.83,35.996,7,8,86,1,0,-366.528,340.084,9.614,0,0,0,3,8,R,"소솨소솨",186.1,80,0.498,0,136,W,Y,0,0,0,0,0,0,0,0,0,0,0,0,0,0,0,0,0.539,-37.011,0,"_Chun",-0.08,-17.252,0,"MuRaZaGi",-19.96,-43.382,0,"わかなで",-17.267,-64.597,0,"MODECO",19.15,-41.489,0,"檸檬の残骸",2.154,-60.957,0,"「론구」",34.257,-91.814,0,"ke ro",-1.278,-101.756,0,"ゆっち一",-45.577,-97.491,0,0,0,0,0,0,"",0,0,0,0,4530.881,4535.247,4534.931,,0,0
73,3,1,1,5,2,0,1,0,1,1,255,4,5,37,4548.048,"TaeGeuk_",R,32,84,137,0.494,0.002,0.474,1.007,-0.088,1.677,-36.83,25.36,5,9,86,2,0,201.504,40.932,17.763,0,0,1,3,8,R,"소솨소솨",186.1,80,0.498,3,136,W,Y,4549.15,213,57,86,67,26,145,129,-30,40.259,0.43,0,0.435,-88.743,403.756,111.511,0.145,-37.236,0,"_Chun",0.07,-17.265,102,"MuRaZaGi",-19.091,-43.583,110,"わかなで",-18.177,-65.407,0,"MODECO",18.311,-43.975,0,"檸檬の残骸",2.81,-61.47,0,"「론구」",34.193,-91.77,0,"ke ro",-1.273,-101.698,0,"ゆっち一",-46.79,-97.615,0,4545.964,-1.414,-20.995,4547.2,2,"MuRaZaGi",-16.934,-39.569,0,0,4549.77,4555.751,4555.522,,76,2
74,3,1,1,5,0,0,2,0,1,1,255,4,5,38,4579.374,"TaeGeuk_",R,32,86,140,-1.469,0.345,0.304,1.101,-0.883,1.982,-36.83,14.583,6,49,45,0,0,176.464,141.334,35.381,0,0,0,4,0,L,"Azuner",190,80,0.302,0,135,W,Y,0,0,0,0,0,0,0,0,0,0,0,0,0,0,0,0,-0.138,-37.75,0,"_Chun",0.458,-17.272,0,"MuRaZaGi",-19.989,-42.234,0,"わかなで",-14.344,-68.865,0,"MODECO",20.359,-42.982,0,"檸檬の残骸",13.68,-62.911,0,"「론구」",48.299,-102.995,0,"ke ro",6.216,-105.418,0,"ゆっち一",-32.931,-95.428,0,0,0,0,0,0,"",0,0,0,0,4577.485,4582.4,4581.334,,0,0
75,3,1,1,5,0,1,2,0,1,1,255,4,5,39,4598.609,"TaeGeuk_",R,13,65,106,-1.551,-1.794,0.483,0.893,0.057,1.007,-36.83,38.714,22,26,53,4,0,-359.821,332.526,38.251,-0.492,-18.605,1,4,0,L,"Azuner",190,80,0.302,0,135,W,Y,0,0,0,0,0,0,0,0,0,0,0,0,0,0,0,0,0.359,-37.485,0,"_Chun",0.012,-17.25,0,"MuRaZaGi",-20.33,-41.758,0,"わかなで",-12.872,-67.971,0,"MODECO",19.917,-41.574,0,"檸檬の残骸",15.401,-62.2,0,"「론구」",47.664,-103.764,0,"ke ro",4.413,-105.965,0,"ゆっち一",-40.828,-96.61,0,0,0,0,0,0,"",0,0,0,0,4596.853,4601.975,4600.697,,0,0
76,3,1,1,5,0,2,2,0,1,1,255,4,5,40,4617.576,"TaeGeuk_",R,35,92,140,-1.37,1.269,0.345,1.286,-0.692,2.579,-36.83,13.472,5,46,49,1,0,61.609,157.602,24.205,0,0,0,4,0,L,"Azuner",190,80,0.302,0,135,W,Y,0,0,0,0,0,0,0,0,0,0,0,0,0,0,0,0,-0.029,-37.788,0,"_Chun",0.559,-17.086,0,"MuRaZaGi",-20.05,-40.712,0,"わかなで",-14.054,-68.507,0,"MODECO",19.162,-42.188,0,"檸檬の残骸",15.93,-62.05,0,"「론구」",47.64,-103.739,0,"ke ro",4.461,-105.972,0,"ゆっち一",-42.871,-94.806,0,0,0,0,0,0,"",0,0,0,0,4615.693,4620.71,4620.257,,0,0
77,3,1,1,5,1,2,2,0,1,1,255,4,5,41,4631.768,"TaeGeuk_",R,35,84,137,-1.176,0.696,0.349,1.183,-0.671,2.246,-36.83,7.884,2,49,48,0,0,105.44,180.415,25.304,0,0,0,4,0,L,"Azuner",190,80,0.302,0,135,W,Y,0,0,0,0,0,0,0,0,0,0,0,0,0,0,0,0,-0.053,-38.034,0,"_Chun",0.585,-16.918,0,"MuRaZaGi",-18.942,-40.242,0,"わかなで",-13.846,-68.862,0,"MODECO",19.038,-42.418,0,"檸檬の残骸",13.803,-61.791,0,"「론구」",47.62,-103.751,0,"ke ro",3.458,-106.32,0,"ゆっち一",-38.422,-96.189,0,0,0,0,0,0,"",0,0,0,0,4629.902,,4634.323,,0,0
78,3,0,1,5,0,0,0,0,0,0,255,255,255,19,4679.503,"Azuner",R,0,75,113,-0.865,-0.143,0.271,1.337,-0.385,1.538,-36.442,27.558,0,100,0,0,0,0,0,0,0,0,0,3,1,L,"_Chun",190,80,0.455,0,134,W,Y,0,0,0,0,0,0,0,0,0,0,0,0,0,0,0,0,0.006,-37.507,0,"SFIDA",-0.16,-17.566,0,"甲斐野柊太",-18.814,-45.856,0,"柴山犬吉",-13.126,-65.056,0,"눈꽃",20.041,-46.986,0,"coder_",13.366,-67.079,0,"YukihiroD",29.471,-74.148,0,"Amellaid",8.756,-120.897,0,"소솨소솨",-29.924,-92.753,0,0,0,0,0,0,"",0,0,0,0,4677.534,,,,0,0
79,3,0,1,5,0,1,0,0,0,0,255,255,255,20,4697.351,"Azuner",R,0,82,133,-0.372,1.655,0.264,1.608,-0.17,2.658,-36.442,32.848,26,74,0,2,0,0,0,0,0,0,1,3,1,L,"_Chun",190,80,0.455,3,134,W,Y,4698.302,255,81,101,71,33,145,130,100.471,74.267,0.35,0,0.305,254.475,5.257,-33.796,-0.049,-37.104,0,"SFIDA",-0.048,-17.442,0,"甲斐野柊太",-19.64,-45.242,0,"柴山犬吉",-13.304,-64.643,0,"눈꽃",19.916,-46.769,0,"coder_",13.201,-68.046,0,"YukihiroD",44.911,-100.579,0,"Amellaid",8.537,-120.973,0,"소솨소솨",-30.771,-92.222,0,0,0,0,0,0,"",0,0,0,0,,,,,16,3
80,3,0,1,5,0,2,0,0,0,0,255,255,255,21,4715.98,"Azuner",R,14,77,103,2.272,-0.716,0.232,1.353,0.281,1.641,-36.442,19.253,46,54,0,2,0,354.981,326.005,0,0,0,1,3,1,L,"_Chun",190,80,0.455,3,86,W,Y,4717.025,221,58,53,63,30,137,118,25.573,-35.508,0.22,0,0.247,14.095,-565.66,7.313,-0.158,-37.452,0,"SFIDA",0.25,-17.6,0,"甲斐野柊太",-19.147,-45.597,0,"柴山犬吉",-13.297,-64.742,79,"눈꽃",20.361,-48.536,0,"coder_",14.432,-67.784,0,"YukihiroD",44.97,-100.465,94,"Amellaid",8.729,-121.666,0,"소솨소솨",-30.396,-91.818,0,4718.555,72.169,-95.905,4719.978,6,"YukihiroD",67.397,-91.826,1,0,,,,,176,2
81,3,0,1,5,0,0,0,1,0,0,11,255,255,22,4750.268,"Azuner",R,10,87,128,0.344,-0.79,0.236,1.402,0.143,1.525,-36.442,13.298,33,67,0,0,0,0,400,0,0,0,0,4,4,R,"MODECO",190,85,0.451,0,134,W,Y,0,0,0,0,0,0,0,0,0,0,0,0,0,0,0,0,0.051,-37.745,0,"SFIDA",-0.14,-17.91,0,"甲斐野柊太",-19.171,-40.849,0,"柴山犬吉",-11.853,-59.811,0,"눈꽃",20.098,-52.605,0,"coder_",5.344,-65.65,0,"YukihiroD",32.704,-98.399,0,"Amellaid",-11.465,-115.449,0,"소솨소솨",-37.535,-92.884,0,0,0,0,0,0,"",0,0,0,0,4748.339,,,,0,0
82,3,0,1,5,0,1,0,1,0,0,11,255,255,23,4770.768,"Azuner",R,0,86,140,0.283,-0.526,0.243,1.342,0.116,1.288,-36.442,12.502,0,100,0,0,0,0,0,0,0,0,0,4,4,R,"MODECO",190,85,0.451,0,134,W,Y,0,0,0,0,0,0,0,0,0,0,0,0,0,0,0,0,-0.01,-37.199,0,"SFIDA",-0.95,-18.698,0,"甲斐野柊太",-19.117,-40.93,0,"柴山犬吉",-11.887,-59.8,0,"눈꽃",20.137,-52.471,0,"coder_",3.4,-64.413,0,"YukihiroD",33.053,-98.271,0,"Amellaid",-9.826,-111.846,0,"소솨소솨",-41.922,-98.508,0,0,0,0,0,0,"",0,0,0,0,4768.832,,,,0,0
83,3,0,1,5,0,2,0,1,0,0,11,255,255,24,4788.891,"Azuner",R,3,87,115,-2.735,-0.913,0.105,1.343,-0.713,1.227,-36.442,6.983,0,100,0,1,0,-281.843,148.472,0,0,0,0,4,4,R,"MODECO",190,85,0.451,0,134,W,Y,0,0,0,0,0,0,0,0,0,0,0,0,0,0,0,0,0.088,-37.465,0,"SFIDA",-1.351,-17.716,0,"甲斐野柊太",-18.71,-40.489,0,"柴山犬吉",-11.809,-60.365,0,"눈꽃",20.744,-53.16,0,"coder_",3.388,-64.492,0,"YukihiroD",33.315,-98.028,0,"Amellaid",-9.691,-111.77,0,"소솨소솨",-41.845,-98.59,0,0,0,0,0,0,"",0,0,0,0,4786.985,,,,0,0
84,3,0,1,5,1,2,0,1,0,0,11,255,255,25,4805.148,"Azuner",R,0,81,132,1.223,-0.598,0.306,1.392,0.524,1.238,-36.442,16.607,0,100,0,2,0,0,0,0,0,0,1,4,4,R,"MODECO",190,85,0.451,3,134,W,Y,4806.206,138,111,81,51,32,139,87,-14.663,6.671,-0.83,0,0.308,539.507,119.374,-228.844,0.056,-37.155,0,"SFIDA",0.142,-17.583,0,"甲斐野柊太",-16.017,-42.524,0,"柴山犬吉",-11.261,-60.466,0,"눈꽃",20.963,-51.002,0,"coder_",6.491,-64.04,0,"YukihiroD",33.612,-97.868,0,"Amellaid",-9.208,-117.657,0,"소솨소솨",-41.824,-98.551,0,4802.943,-0.07,-21.733,4803.93,0,"Azuner",-1.724,-35.624,0,16,,4811.529,,,146,2
85,3,0,1,5,0,0,2,0,0,0,255,255,255,26,4846.055,"Azuner",R,0,90,140,0.034,0.74,0.192,1.429,0.009,2.058,-36.442,12.168,0,100,0,2,0,0,0,0,0,0,1,5,6,R,"「론구」",179.9,80,0.3,3,133,W,Y,4847.124,177,112,141,85,60,145,94,106.57,-77.33,0.95,0,0.282,30.671,417.04,-223.301,-0.052,-37.284,0,"SFIDA",0.069,-17.544,0,"甲斐野柊太",-17.435,-44.894,0,"柴山犬吉",-15.239,-62.777,0,"눈꽃",19.825,-51.645,0,"coder_",7.176,-63.135,0,"YukihiroD",34.918,-93.743,0,"Amellaid",-11.499,-112.112,0,"소솨소솨",-40.598,-94.509,0,0,0,0,0,0,"",0,0,0,0,,,,,16,3
86,3,0,1,5,0,1,2,0,0,0,255,255,255,27,4866.997,"Azuner",R,10,84,110,-0.11,-1.848,0.197,1.228,-0.054,1.064,-36.442,20.383,30,70,0,1,0,0,400,0,0,0,0,5,6,R,"「론구」",179.9,80,0.3,0,133,W,Y,0,0,0,0,0,0,0,0,0,0,0,0,0,0,0,0,0.066,-37.514,0,"SFIDA",0.087,-17.621,0,"甲斐野柊太",-17.937,-45.384,0,"柴山犬吉",-16.483,-62.893,0,"눈꽃",21.965,-53.268,0,"coder_",4.928,-68.6,0,"YukihiroD",30.145,-91.591,0,"Amellaid",-16.041,-109.684,0,"소솨소솨",-42.152,-95.857,0,0,0,0,0,0,"",0,0,0,0,4865.145,,,,0,0
87,3,0,1,5,1,1,2,0,0,0,255,255,255,28,4881.303,"Azuner",R,0,84,136,-0.084,1.53,0.204,1.56,-0.043,2.526,-36.442,13.57,37,63,0,2,0,0,0,0,0,0,1,5,6,R,"「론구」",179.9,80,0.3,3,133,W,Y,4882.396,255,129,89,104,63,145,115,103.623,63.112,0.17,0,0.442,370.083,309.917,345.927,-0.201,-37.496,0,"SFIDA",0.095,-17.616,0,"甲斐野柊太",-18.944,-45.265,0,"柴山犬吉",-16.385,-62.691,0,"눈꽃",21.955,-53.291,0,"coder_",7.098,-70.054,0,"YukihiroD",29.921,-91.725,0,"Amellaid",-16.149,-109.677,0,"소솨소솨",-42.079,-95.935,0,0,0,0,0,0,"",0,0,0,0,,,,,16,3
88,3,0,1,5,1,2,2,0,0,0,255,255,255,29,4898.976,"Azuner",R,10,83,110,-0.032,-2.345,0.212,1.099,-0.003,0.772,-36.442,26.148,32,28,40,1,0,-9.609,400,0,0,0,0,5,6,R,"「론구」",179.9,80,0.3,0,132,W,Y,0,0,0,0,0,0,0,0,0,0,0,0,0,0,0,0,0.123,-37.841,0,"SFIDA",-0.017,-17.648,0,"甲斐野柊太",-17.849,-44.283,0,"柴山犬吉",-15.676,-63.468,0,"눈꽃",21.997,-53.239,0,"coder_",6.779,-69.893,0,"YukihiroD",35.361,-90.03,0,"Amellaid",-11.545,-112.495,0,"소솨소솨",-42.095,-95.583,0,0,0,0,0,0,"",0,0,0,0,4896.937,,,,0,0
89,3,0,1,5,2,2,2,0,0,0,255,255,255,30,4913.543,"Azuner",R,0,84,136,1.446,1.151,0.324,1.494,0.62,2.301,-36.442,20.741,25,75,0,2,0,0,0,0,0,0,1,5,6,R,"「론구」",179.9,80,0.3,3,132,W,Y,4914.574,255,155,133,137,65,145,94,58.994,59.617,-0.45,0,0.298,232.312,-519.489,13.094,-0.172,-37.245,0,"SFIDA",0.153,-17.705,0,"甲斐野柊太",-22.96,-49.207,0,"柴山犬吉",-15.764,-63.182,0,"눈꽃",21.858,-53.13,0,"coder_",9.496,-70.113,0,"YukihiroD",33.12,-90.998,0,"Amellaid",-12.409,-114.456,0,"소솨소솨",-42.136,-95.57,0,4916.43,-57.99,-62.804,0,0,"",0,0,0,0,,,,,16,3
90,3,0,1,5,2,2,2,0,0,0,255,255,255,31,4933.83,"Azuner",R,4,80,111,-2.588,-0.368,0.163,1.267,-0.714,1.411,-36.442,15.739,0,100,0,2,0,-233.604,0,0,0,0,1,5,6,R,"「론구」",179.9,80,0.3,3,132,W,Y,4934.939,255,88,119,119,78,145,93,96.707,79.447,-0.52,0,0.326,-24.231,20.322,239.489,-0.007,-37.143,0,"SFIDA",-0.773,-18.201,0,"甲斐野柊太",-17.038,-40.995,0,"柴山犬吉",-16.289,-62.812,0,"눈꽃",21.269,-51.827,0,"coder_",9.164,-65.608,0,"YukihiroD",31.392,-90.322,0,"Amellaid",-15.212,-114.725,0,"소솨소솨",-41.326,-92.605,0,0,0,0,0,0,"",0,0,0,0,,,,,16,3
91,3,0,1,5,2,2,2,0,0,0,255,255,255,32,4953.224,"Azuner",R,0,85,138,2.241,2.576,0.418,1.671,0.963,3.149,-36.442,36.513,68,32,0,4,0,0,0,0,0,0,1,5,6,R,"「론구」",179.9,80,0.3,0,132,W,Y,0,0,0,0,0,0,0,0,0,0,0,0,0,0,0,0,0.012,-37.74,0,"SFIDA",1.432,-20.432,0,"甲斐野柊太",-25.355,-49.007,0,"柴山犬吉",-15.707,-61.817,0,"눈꽃",20.172,-51.113,0,"coder_",7.509,-70.667,0,"YukihiroD",29.887,-89.704,0,"Amellaid",-12.678,-113.649,0,"소솨소솨",-40.821,-97.19,0,0,0,0,0,0,"",0,0,0,32,4951.11,,,,0,0
92,4,1,1,5,0,0,0,0,0,0,255,255,255,42,5009.516,"TaeGeuk_",R,36,84,136,-0.317,1.331,0.425,1.245,-0.316,2.52,-36.83,8.356,3,45,52,1,0,120.947,121.959,39.963,0,0,0,5,6,R,"YukihiroD",174.3,80,0.4,0,132,W,Y,0,0,0,0,0,0,0,0,0,0,0,0,0,0,0,0,-0.057,-38.21,0,"_Chun",-0.098,-17.149,0,"MuRaZaGi",-22.518,-46.915,0,"わかなで",-18.263,-66.725,0,"MODECO",20.457,-45.717,0,"檸檬の残骸",12.108,-63.703,0,"「론구」",35.47,-91.352,0,"ke ro",-3.599,-106.898,0,"ゆっち一",-44.479,-93.51,0,0,0,0,0,0,"",0,0,0,0,5007.11,,,,0,0
93,4,1,1,5,1,0,0,0,0,0,255,255,255,43,5026.999,"TaeGeuk_",R,37,84,136,1.231,-0.964,0.587,0.891,0.433,1.172,-36.83,32.38,6,8,86,2,0,58.772,87.935,6.59,0,0,1,5,6,R,"YukihiroD",174.3,80,0.4,3,132,W,Y,5028.078,255,122,76,38,0,138,120,-30,-32.516,0.23,0,0.496,-191.49,-369.697,-58.799,0.634,-37.103,0,"_Chun",0.063,-17.2,0,"MuRaZaGi",-21.804,-47.023,86,"わかなで",-18.538,-65.694,0,"MODECO",19.513,-45.979,102,"檸檬の残骸",12.581,-63.868,0,"「론구」",35.615,-91.474,0,"ke ro",-3.611,-106.927,0,"ゆっち一",-45.28,-92.923,0,5024.284,0.809,-20.751,5025.687,4,"MODECO",15.828,-44.184,0,0,,,,,84,2
94,4,1,1,5,0,0,1,0,0,0,255,255,255,44,5054.354,"TaeGeuk_",R,3,78,118,-0.148,-0.169,0.602,0.92,0.619,1.533,-36.83,39.119,2,15,83,0,0,-403.573,0,4.572,0,0,0,6,1,L,"SFIDA",189.1,80,0.2,0,131,W,Y,0,0,0,0,0,0,0,0,0,0,0,0,0,0,0,0,0.546,-37.125,0,"_Chun",0.335,-17.155,0,"MuRaZaGi",-21.048,-46.174,0,"わかなで",-13.493,-68.076,0,"MODECO",22.11,-44.852,0,"檸檬の残骸",15.913,-62.629,0,"「론구」",46.11,-101.507,0,"ke ro",4.385,-106.139,0,"ゆっち一",-40.917,-91.035,0,0,0,0,0,0,"",0,0,0,0,5051.797,,,,0,0
95,4,1,1,5,0,1,1,0,0,0,255,255,255,45,5072.865,"TaeGeuk_",R,3,88,129,-1.743,0.204,0.447,1.06,-0.217,1.76,-36.83,22.849,8,5,87,4,0,-357.328,0,9.986,0,0,1,6,1,L,"SFIDA",189.1,80,0.2,0,131,W,Y,0,0,0,0,0,0,0,0,0,0,0,0,0,0,0,0,0.267,-37.508,0,"_Chun",1.277,-17.366,0,"MuRaZaGi",-20.182,-45.236,0,"わかなで",-12.671,-70.803,0,"MODECO",19.978,-45.355,0,"檸檬の残骸",14.192,-63.242,0,"「론구」",46.133,-101.513,0,"ke ro",0.796,-106.847,0,"ゆっち一",-39.522,-94.507,0,0,0,0,0,0,"",0,0,0,0,5070.214,,,,0,0
96,4,1,1,5,0,2,1,0,0,0,255,255,255,46,5094.251,"TaeGeuk_",R,32,86,140,1.343,0.711,0.568,1.185,0.347,2.164,-36.83,15.217,2,48,50,0,0,157.58,88.514,19.621,0,0,0,6,1,L,"SFIDA",189.1,80,0.2,0,131,W,Y,0,0,0,0,0,0,0,0,0,0,0,0,0,0,0,0,0.559,-37.25,0,"_Chun",0.893,-17.185,0,"MuRaZaGi",-19.327,-45.419,0,"わかなで",-10.42,-70.21,0,"MODECO",20.26,-45.529,0,"檸檬の残骸",14.275,-62.796,0,"「론구」",46.086,-101.488,0,"ke ro",1.388,-106.772,0,"ゆっち一",-39.609,-94.481,0,0,0,0,0,0,"",0,0,0,0,5091.43,,,,0,0
97,4,1,1,5,0,0,2,0,0,0,255,255,255,47,5119.858,"TaeGeuk_",R,33,90,140,-2.828,-0.041,0.19,1.047,-1.409,1.725,-36.83,17.418,8,5,87,1,0,121.965,110.573,15.039,0,0,0,7,3,R,"柴山犬吉",169.9,90.243,0.6,0,131,W,Y,0,0,0,0,0,0,0,0,0,0,0,0,0,0,0,0,0.262,-38.008,0,"_Chun",0.261,-17.013,0,"MuRaZaGi",-20.34,-45.109,0,"わかなで",-18.429,-65.213,0,"MODECO",19.46,-46.242,0,"檸檬の残骸",11.275,-64.075,0,"「론구」",35.768,-93.084,0,"ke ro",-5.949,-104.007,0,"ゆっち一",-45.279,-87.179,0,0,0,0,0,0,"",0,0,0,0,5117.249,,,,0,0
98,4,1,1,5,1,0,2,0,0,0,255,255,255,48,5136.792,"TaeGeuk_",R,35,92,140,0.306,0.857,0.472,1.203,-0.097,2.29,-36.83,8.546,5,49,46,2,0,159.163,172.877,27.591,0,0,1,7,3,R,"柴山犬吉",169.9,90.243,0.6,3,131,W,Y,5137.83,141,179,135,87,37,145,124,24.232,-41.473,0.44,0,0.314,139.905,-365.153,385.369,0.263,-37.75,0,"_Chun",0.099,-17.138,0,"MuRaZaGi",-19.633,-45.985,0,"わかなで",-17.943,-65.173,0,"MODECO",19.294,-46.289,0,"檸檬の残骸",12.141,-63.422,0,"「론구」",35.556,-92.828,0,"ke ro",-5.168,-103.905,0,"ゆっち一",-45.231,-87.208,0,5139.437,72.301,-97.091,0,0,"",0,0,0,0,,5147.172,5152.018,,64,4
99,4,1,2,5,0,0,2,0,0,0,255,255,255,49,5179.37,"TaeGeuk_",R,0,78,128,1.083,0.304,0.569,0.969,0.465,1.785,-36.83,32.619,3,9,87,2,0,-6.704,0,4.215,0,0,1,8,7,L,"Amellaid",160,80.447,0.439,3,41,W,Y,5180.204,255,194,99,76,46,145,102,-1.804,-43.872,0.92,0,0.557,355.356,129.123,-444.518,0.781,-37.196,0,"_Chun",-0.064,-17.395,0,"MuRaZaGi",-18.137,-44.726,0,"わかなで",-5.549,-64.013,0,"MODECO",18.56,-43.307,114,"檸檬の残骸",13.757,-58.19,0,"「론구」",37.055,-84.073,0,"ke ro",6.494,-101.531,0,"ゆっち一",-34.782,-89.379,0,5176.805,10.305,-31.416,5177.672,4,"MODECO",19.581,-40.686,0,0,,,,,84,2
100,4,0,2,5,0,0,0,0,0,0,255,255,255,33,5231.528,"Azuner",R,10,80,108,0.013,-1.693,0.201,1.262,0,1.192,-36.442,18.047,30,70,0,2,0,0,400,0,0,0,1,6,0,R,"TaeGeuk_",177.7,85.789,0.627,3,130,W,Y,5232.405,204,138,122,144,122,145,100,11.885,38.397,0.92,0,0.156,398.274,-58.838,19.198,-0.06,-37.463,0,"SFIDA",0.042,-17.505,0,"甲斐野柊太",-19.24,-44.205,98,"柴山犬吉",-16.485,-62.637,0,"눈꽃",19.237,-49.248,0,"coder_",8.324,-66.558,0,"YukihiroD",30.597,-91.693,0,"Amellaid",-7.481,-102.383,0,"소솨소솨",-35.905,-94.194,0,0,0,0,5230.068,2,"甲斐野柊太",-17.426,-42.858,0,0,,,,,18,1
101,4,0,2,5,0,0,1,0,0,0,255,255,255,34,5252.042,"Azuner",R,10,83,110,-0.36,-2.166,0.179,1.196,-0.134,0.979,-36.442,17.686,33,67,0,1,0,-15.667,400,0,0,0,0,7,5,R,"檸檬の残骸",169.6,89.977,0.409,0,130,W,Y,0,0,0,0,0,0,0,0,0,0,0,0,0,0,0,0,0.026,-37.442,0,"SFIDA",0.124,-18.47,0,"甲斐野柊太",-18.025,-44.396,0,"柴山犬吉",-16.07,-62.742,0,"눈꽃",20.671,-50.496,0,"coder_",8.451,-63.002,0,"YukihiroD",31.801,-91.644,0,"Amellaid",-9.132,-112.578,0,"소솨소솨",-39.193,-92.273,0,0,0,0,0,0,"",0,0,0,0,5249.568,,,,0,0
102,4,0,2,5,0,1,1,0,0,0,255,255,255,35,5269.63,"Azuner",R,0,86,140,-1.109,0.747,0.102,1.364,-0.487,2.034,-36.442,5.107,36,64,0,0,0,0,0,0,0,0,0,7,5,R,"檸檬の残骸",169.6,89.977,0.409,0,130,W,Y,0,0,0,0,0,0,0,0,0,0,0,0,0,0,0,0,0.05,-37.432,0,"SFIDA",0.01,-17.104,0,"甲斐野柊太",-23.98,-48.769,0,"柴山犬吉",-16.097,-62.957,0,"눈꽃",20.5,-50.56,0,"coder_",7.284,-66.545,0,"YukihiroD",31.962,-92.581,0,"Amellaid",-8.489,-105.53,0,"소솨소솨",-34.759,-87.043,0,0,0,0,0,0,"",0,0,0,0,5267.041,,,,0,0
103,4,0,2,5,0,2,1,0,0,0,255,255,255,36,5286.108,"Azuner",R,14,78,104,1.5,-1.78,0.177,1.14,-0.042,1.148,-36.442,21.459,47,53,0,2,0,353.661,331.776,0,0,0,1,7,5,R,"檸檬の残骸",169.6,89.977,0.409,5,130,W,Y,5287.299,75,74,102,82,71,120,105,-19.441,-86.819,0.11,0.19,0.347,-101.66,-77.422,111.75,-0.083,-37.145,0,"SFIDA",0.178,-17.372,0,"甲斐野柊太",-18.95,-44.696,0,"柴山犬吉",-15.702,-63.076,0,"눈꽃",20.542,-50.542,0,"coder_",11.633,-65.621,0,"YukihiroD",32.006,-92.556,0,"Amellaid",-7.928,-104.411,0,"소솨소솨",-36.375,-89.593,0,5283.332,1.104,-20.308,0,0,"",0,0,0,0,,,,,16,3
104,4,0,2,5,0,2,1,0,0,0,255,255,255,37,5303.949,"Azuner",R,3,87,111,-1.644,0.441,0.401,1.398,0.168,1.872,-36.442,33.265,0,100,0,4,0,-500,0,0,0,0,1,7,5,R,"檸檬の残骸",169.6,89.977,0.409,0,130,W,Y,0,0,0,0,0,0,0,0,0,0,0,0,0,0,0,0,0.074,-37.629,0,"SFIDA",-0.339,-20.581,0,"甲斐野柊太",-18.007,-40.156,0,"柴山犬吉",-16.152,-62.9,0,"눈꽃",22.975,-49.41,0,"coder_",11.837,-65.73,0,"YukihiroD",35.569,-90.136,0,"Amellaid",-7.075,-101.979,0,"소솨소솨",-36.484,-89.614,0,0,0,0,0,0,"",0,0,0,0,5301.395,,,,0,0
105,4,0,2,5,0,0,2,0,0,0,255,255,255,38,5325.278,"Azuner",R,10,91,116,0.331,-1.726,0.227,1.279,0.141,1.218,-36.442,14.468,24,76,0,1,0,-2.176,400,0,0.036,-18.042,0,8,7,R,"ke ro",164.8,80,0.398,0,129,W,Y,0,0,0,0,0,0,0,0,0,0,0,0,0,0,0,0,-0.015,-37.542,0,"SFIDA",0.018,-17.588,0,"甲斐野柊太",-17.027,-44.047,0,"柴山犬吉",-15.996,-63.018,0,"눈꽃",21.441,-51.141,0,"coder_",5.751,-63.188,0,"YukihiroD",31.893,-87.869,0,"Amellaid",-9.807,-110.535,0,"소솨소솨",-38.715,-89.879,0,0,0,0,0,0,"",0,0,0,0,5322.638,,,,0,0
106,4,0,2,5,1,0,2,0,0,0,255,255,255,39,5338.942,"Azuner",R,0,88,140,0.255,-0.725,0.204,1.386,0.105,1.21,-36.442,9.55,0,100,0,2,0,0,0,0,0,0,1,8,7,R,"ke ro",164.8,80,0.398,3,129,W,Y,5339.954,192,80,64,66,0,139,83,-5.289,-8.585,-0.55,0,0.488,-334.523,491.028,-64.554,-0.222,-37.138,0,"SFIDA",0.075,-17.62,0,"甲斐野柊太",-16.877,-42.933,0,"柴山犬吉",-16.136,-62.837,0,"눈꽃",21.296,-50.801,0,"coder_",7.188,-63.428,98,"YukihiroD",31.64,-87.96,0,"Amellaid",-9.803,-110.527,0,"소솨소솨",-38.489,-90.028,0,5336.11,0.392,-23.731,5338.166,5,"coder_",5.157,-54.883,0,0,,,,,67,2
107,5,1,2,5,0,0,0,0,0,0,255,255,255,50,5393.83,"TaeGeuk_",R,3,66,111,1.047,-0.288,0.716,0.903,1.129,1.485,-36.83,32.658,0,12,88,0,0,-369.315,0,2.188,0,0,0,0,5,R,"coder_",164.1,80,0.283,0,129,W,Y,0,0,0,0,0,0,0,0,0,0,0,0,0,0,0,0,0.707,-37.131,0,"_Chun",0.066,-17.214,0,"MuRaZaGi",-20.871,-45.164,0,"わかなで",-16.641,-64.816,0,"MODECO",19.605,-41.537,0,"檸檬の残骸",10.746,-56.701,0,"「론구」",36.194,-91.818,0,"ke ro",-4.983,-102.765,0,"ゆっち一",-42.244,-84.126,0,0,0,0,0,0,"",0,0,0,0,5391.388,,,,0,0
108,5,1,2,5,0,1,0,0,0,0,255,255,255,51,5414.584,"TaeGeuk_",R,32,83,135,1.255,-0.309,0.554,0.963,0.284,1.412,-36.83,29.457,7,11,82,2,0,167.948,-42.499,14.188,0,0,1,0,5,R,"coder_",164.1,80,0.283,3,129,W,Y,5415.624,133,112,160,60,31,141,120,32.363,45.302,0.31,0,0.206,8.054,341.71,-104.038,0.168,-37.673,0,"_Chun",0.078,-17.146,0,"MuRaZaGi",-20.154,-46.063,0,"わかなで",-17.317,-64.457,0,"MODECO",17.796,-43.726,0,"檸檬の残骸",11.086,-57.004,0,"「론구」",36.198,-91.808,0,"ke ro",-4.505,-103.452,0,"ゆっち一",-42.281,-84.152,0,5416.506,-80.234,-87.894,0,0,"",0,0,0,0,,,,,64,3
109,5,1,2,5,0,2,0,0,0,0,255,255,255,52,5437.996,"TaeGeuk_",R,0,80,130,1.738,-0.984,0.616,0.948,0.738,1.087,-36.83,39.649,19,39,42,2,0,0,0,11.11,0,0,1,0,5,R,"coder_",164.1,80,0.283,3,53,W,Y,5439.02,164,93,131,102,36,145,83,-13.152,-7.529,-0.73,0,0.224,-348.292,-178.795,24.339,0.571,-37.303,0,"_Chun",0.067,-17.291,0,"MuRaZaGi",-20.826,-44.203,88,"わかなで",-17.343,-65.295,0,"MODECO",17.59,-44.133,0,"檸檬の残骸",11.092,-61.397,0,"「론구」",36.005,-93.445,0,"ke ro",-7.211,-102.612,0,"ゆっち一",-42.875,-84.178,0,5435.138,0.621,-22.888,5436.187,0,"TaeGeuk_",1.82,-36.026,0,0,,,,,68,2
110,5,1,2,5,0,0,1,0,0,0,255,255,255,53,5466.164,"TaeGeuk_",R,3,77,116,-2.774,-0.216,0.463,0.986,-0.143,1.519,-36.83,24.161,3,9,87,2,0,-425.503,0,8.823,0,0,1,1,2,L,"甲斐野柊太",190,80,0.2,3,129,W,Y,5467.321,229,123,139,100,63,145,91,-0.429,28.151,-0.79,0,0.071,125.911,450.964,-332.061,0.05,-37.809,0,"_Chun",-0.165,-17.296,0,"MuRaZaGi",-19.187,-44.756,71,"わかなで",-12.268,-64.456,0,"MODECO",16.771,-39.955,0,"檸檬の残骸",13.613,-59.093,0,"「론구」",50.429,-101.7,0,"ke ro",0.258,-100.405,0,"ゆっち一",-41.125,-91.749,110,5464.047,-8.743,-34.645,5467.325,8,"ゆっち一",-30.959,-76.596,1,0,,,,,70,2
111,5,1,2,5,0,0,1,1,0,0,2,255,255,54,5494.803,"TaeGeuk_",R,37,86,139,-1.992,0.733,0.281,1.189,-0.988,2.177,-36.83,6.214,5,43,51,1,0,79.03,85.692,10.174,0,0,0,2,4,L,"눈꽃",190,80,0.497,0,128,W,Y,0,0,0,0,0,0,0,0,0,0,0,0,0,0,0,0,-0.075,-38.339,0,"_Chun",-0.231,-19.954,0,"MuRaZaGi",-18.566,-39.516,0,"わかなで",-1.705,-62.826,0,"MODECO",19.659,-42.168,0,"檸檬の残骸",11.537,-63.339,0,"「론구」",51.131,-106.844,0,"ke ro",3.53,-115.696,0,"ゆっち一",-35.018,-104.495,0,0,0,0,0,0,"",0,0,0,0,5492.11,5497.816,,,0,0
112,5,1,2,5,1,0,1,0,1,0,255,2,255,55,5532.204,"TaeGeuk_",R,3,78,118,-1.638,0.041,0.489,1.03,-0.022,1.662,-36.83,33.881,3,15,83,1,0,-405.343,0,9.159,0,0,0,2,4,L,"눈꽃",190,80,0.497,0,128,W,Y,0,0,0,0,0,0,0,0,0,0,0,0,0,0,0,0,0.215,-37.403,0,"_Chun",1.101,-19.282,0,"MuRaZaGi",-18.8,-40.25,0,"わかなで",-0.74,-65.321,0,"MODECO",19.252,-40.199,0,"檸檬の残骸",15.197,-61.762,0,"「론구」",50.662,-107.839,0,"ke ro",3.038,-111.131,0,"ゆっち一",-39.795,-104.892,0,0,0,0,0,0,"",0,0,0,0,5529.603,,5534.683,,0,0
113,5,1,2,5,2,0,1,0,0,1,255,255,2,56,5553.405,"TaeGeuk_",R,33,84,137,2.131,-0.838,0.657,0.881,0.761,1.18,-36.83,31.58,10,7,83,2,0,102.529,70.154,5.183,0,0,1,2,4,L,"눈꽃",190,80,0.497,3,82,W,Y,5554.391,255,142,77,88,41,145,115,91.39,49.032,0.81,0,0.424,330.414,292.604,-101.092,0.635,-37.237,0,"_Chun",0.189,-17.399,120,"MuRaZaGi",-20.582,-47.739,0,"わかなで",-12.885,-65.466,0,"MODECO",20.246,-44.706,0,"檸檬の残骸",16.559,-62.477,0,"「론구」",50.872,-107.392,0,"ke ro",3.224,-109.85,0,"ゆっち一",-36.262,-106.732,0,5558.325,7.308,-9.744,5558.471,1,"_Chun",7.224,-9.802,0,0,5558.485,,5556.47,,72,1
114,5,1,2,5,0,0,2,0,0,1,255,255,2,57,5587.39,"TaeGeuk_",R,32,83,135,1.37,-0.304,0.541,0.924,0.221,1.31,-36.83,34.168,8,9,83,0,0,245.906,-147.181,10.555,0,0,0,3,8,R,"소솨소솨",186.1,80,0.498,0,128,W,Y,0,0,0,0,0,0,0,0,0,0,0,0,0,0,0,0,-0.167,-37.763,0,"_Chun",0.179,-17.477,0,"MuRaZaGi",-22.662,-45.719,0,"わかなで",-17.98,-66.267,0,"MODECO",19.769,-41.09,0,"檸檬の残骸",13.638,-61.191,0,"「론구」",35.968,-93.641,0,"ke ro",1.561,-104.337,0,"ゆっち一",-47.47,-97.265,0,0,0,0,0,0,"",0,0,0,0,5584.832,,5590.068,,0,0
115,5,1,2,5,0,1,2,0,0,1,255,255,2,58,5602.527,"TaeGeuk_",R,13,77,116,-0.874,-1.431,0.495,0.91,0.007,1.266,-36.83,31.02,5,11,84,1,0,-226.281,400,40.202,0,0,0,3,8,R,"소솨소솨",186.1,80,0.498,0,128,W,Y,0,0,0,0,0,0,0,0,0,0,0,0,0,0,0,0,0.407,-37.29,0,"_Chun",-0.049,-17.135,0,"MuRaZaGi",-22.129,-45.624,0,"わかなで",-19.298,-66.764,0,"MODECO",19.915,-41.052,0,"檸檬の残骸",12.669,-61.943,0,"「론구」",35.941,-93.617,0,"ke ro",0.817,-104.182,0,"ゆっち一",-47.45,-97.271,0,0,0,0,0,0,"",0,0,0,0,5600.062,,5610.436,,0,0
116,5,1,2,5,1,1,2,0,0,1,255,255,2,59,5658.981,"TaeGeuk_",R,4,76,123,-0.022,-0.698,0.525,0.805,0.236,1.204,-36.83,46.547,12,10,78,2,0,-158.857,0,-2.507,0,0,1,3,8,R,"소솨소솨",186.1,80,0.498,3,128,W,Y,5660.073,255,139,96,87,49,145,129,4.9,-7.776,0.41,0,0.54,320.635,465.024,183.688,0.508,-37.175,0,"_Chun",-0.108,-17.463,0,"MuRaZaGi",-20.632,-46.495,0,"わかなで",-17.403,-63.897,0,"MODECO",18.487,-43.411,0,"檸檬の残骸",14.032,-62.566,0,"「론구」",35.044,-92.727,0,"ke ro",-1.546,-101.494,101,"ゆっち一",-46.566,-95.883,0,5658.221,5.412,-85.227,5658.971,7,"ke ro",5.354,-94.485,1,0,,,,5664.657,320,2
117,5,1,3,5,0,0,2,1,0,0,8,255,255,60,5687.49,"TaeGeuk_",R,32,89,140,-0.617,0.89,0.385,1.185,-0.506,2.254,-36.83,23.321,4,56,40,0,0,166.459,65.722,27.715,0,0,0,4,0,L,"Azuner",190,80,0.302,0,71,W,Y,0,0,0,0,0,0,0,0,0,0,0,0,0,0,0,0,0.192,-37.942,0,"_Chun",1.2,-17.494,0,"MuRaZaGi",-18.468,-42.679,0,"わかなで",-6.135,-65.892,0,"MODECO",20.441,-43.886,0,"檸檬の残骸",15.485,-62.425,0,"「론구」",46.136,-101.476,0,"ke ro",4.381,-103.79,0,"ゆっち一",-39.846,-95.855,0,0,0,0,0,0,"",0,0,0,0,5684.888,,,,0,0
118,5,1,3,5,0,1,2,1,0,0,8,255,255,61,5790.062,"TaeGeuk_",R,33,84,136,1.854,-0.551,0.621,0.917,0.594,1.386,-36.83,28.103,5,11,84,4,0,134.877,95.483,10.542,0,0,1,4,0,L,"Azuner",190,80,0.302,0,71,W,Y,0,0,0,0,0,0,0,0,0,0,0,0,0,0,0,0,0.16,-37.553,0,"_Chun",0.875,-17.267,0,"MuRaZaGi",-18.315,-41.613,0,"わかなで",-13.141,-65.967,0,"MODECO",20.659,-44.634,0,"檸檬の残骸",10.379,-64.245,0,"「론구」",46.523,-102.436,0,"ke ro",9.469,-112.471,0,"ゆっち一",-39.17,-96.278,0,0,0,0,0,0,"",0,0,0,0,5787.485,,,,0,0
119,5,1,3,5,0,2,2,1,0,0,8,255,255,62,5808.337,"TaeGeuk_",R,36,84,137,-2.1,1.955,0.279,1.412,-0.997,2.988,-36.83,15.424,3,49,48,1,0,52.874,133.926,26.401,0,0,0,4,0,L,"Azuner",190,80,0.302,0,71,W,Y,0,0,0,0,0,0,0,0,0,0,0,0,0,0,0,0,-0.129,-38.137,0,"_Chun",-0.539,-17.07,0,"MuRaZaGi",-19.442,-40.805,0,"わかなで",-16.818,-64.635,0,"MODECO",20.74,-44.214,0,"檸檬の残骸",7.593,-64.439,0,"「론구」",46.506,-102.412,0,"ke ro",7.015,-113.69,0,"ゆっち一",-38.577,-94.789,0,0,0,0,0,0,"",0,0,0,0,5805.77,,,,0,0
120,5,1,3,5,1,2,2,1,0,0,8,255,255,63,5826.991,"TaeGeuk_",R,32,86,139,-0.257,-0.507,0.398,0.939,-0.444,1.456,-36.83,17.276,2,9,89,2,0,234.316,144.799,27.76,0,0,1,4,0,L,"Azuner",190,80,0.302,3,71,W,Y,5828.111,235,65,87,91,49,145,101,40.97,-50.167,-0.3,0,0.306,213.496,-167.152,-65.708,0.281,-37.67,0,"_Chun",0.149,-17.266,0,"MuRaZaGi",-17.335,-43.248,0,"わかなで",-16.639,-64.529,0,"MODECO",19.788,-45.311,0,"檸檬の残骸",7.596,-63.376,0,"「론구」",46.432,-102.4,0,"ke ro",5.721,-113.045,0,"ゆっち一",-40.425,-96.497,0,5828.853,67.132,-69.996,0,0,"",0,0,0,0,,,,,64,3
121,5,1,3,5,1,2,2,1,0,0,8,255,255,64,5851.646,"TaeGeuk_",R,4,77,122,-2.29,-1.16,0.579,0.868,0.172,1.05,-36.83,39.28,9,13,78,2,0,-213.24,3.591,15.907,0,0,1,4,0,L,"Azuner",190,80,0.302,3,71,W,Y,5852.85,177,101,92,76,52,145,130,25.926,-44.082,0.6,0,0.42,-147.678,-573.101,-98.724,0.481,-37.297,0,"_Chun",0.165,-17.907,0,"MuRaZaGi",-19.007,-40.941,0,"わかなで",-15.249,-63.63,0,"MODECO",19.764,-42.191,0,"檸檬の残骸",1.978,-62.702,0,"「론구」",48.87,-102.363,0,"ke ro",5.944,-112.334,0,"ゆっち一",-39.787,-94.527,0,5853.277,87.13,-89.017,0,0,"",0,0,0,0,,,,,64,3
122,5,1,3,5,1,2,2,1,0,0,8,255,255,65,5873.546,"TaeGeuk_",R,33,73,125,2.425,-0.67,0.666,0.951,0.804,1.214,-36.83,38.285,4,9,88,1,0,144.769,5.104,4.221,0,0,0,4,0,L,"Azuner",190,80,0.302,0,71,W,Y,0,0,0,0,0,0,0,0,0,0,0,0,0,0,0,0,0.384,-37.196,0,"_Chun",0.389,-17.114,0,"MuRaZaGi",-19.646,-42.056,0,"わかなで",-15.533,-67.304,0,"MODECO",19.754,-44.737,0,"檸檬の残骸",9.041,-63.722,0,"「론구」",53.884,-101.377,0,"ke ro",7.666,-107.775,0,"ゆっち一",-39.598,-94.478,0,0,0,0,0,0,"",0,0,0,0,5871.02,,,,0,0
123,5,1,3,5,2,2,2,1,0,0,8,255,255,66,5889.45,"TaeGeuk_",R,10,79,119,-2.609,-0.302,0.479,1.113,-0.068,1.738,-36.83,22.618,8,49,44,2,0,-72.984,398.796,34.414,0,0,1,4,0,L,"Azuner",190,80,0.302,3,71,W,Y,5890.619,197,125,77,95,66,145,130,-8.708,-9.064,0.58,0,0.458,-238.502,-504.56,-220.309,0.57,-37.186,0,"_Chun",-0.068,-17.092,0,"MuRaZaGi",-18.815,-41.551,0,"わかなで",-15.556,-64.086,0,"MODECO",21.244,-45.694,79,"檸檬の残骸",3.933,-60.902,0,"「론구」",51.177,-104.997,0,"ke ro",3.893,-107.144,0,"ゆっち一",-41.064,-96.408,0,5886.707,0.712,-23.839,5890.096,7,"ke ro",17.616,-98.267,1,0,,5895.361,,,336,2
124,5,1,3,5,0,0,2,1,1,0,0,8,255,67,5922.808,"TaeGeuk_",R,5,88,120,-0.883,-0.657,0.445,0.83,-0.149,1.254,-36.83,34.244,7,9,84,2,0,-146.315,0,5.362,0,0,1,5,6,R,"YukihiroD",174.3,80,0.4,3,70,W,Y,5923.955,255,130,97,31,26,145,126,-30,-45.219,0.66,0,0.596,84.54,278.814,-480.329,0.566,-37.047,0,"_Chun",-0.186,-17.126,0,"MuRaZaGi",-18.381,-42.167,0,"わかなで",-15.95,-63.148,0,"MODECO",19.412,-43.956,0,"檸檬の残骸",11.58,-63.809,0,"「론구」",36.457,-92.767,95,"ke ro",-2.631,-108.017,0,"ゆっち一",-43.789,-92.165,0,5919.964,0.51,-21.951,5927.714,6,"「론구」",72.837,-90.554,1,0,,5929.248,5929.53,5934.305,112,2
125,5,1,4,5,0,0,2,0,1,1,255,6,0,68,5963.418,"TaeGeuk_",R,3,79,118,-4.094,0.806,0.257,1.136,-1.099,2.095,-36.83,4.318,3,40,57,3,0,-441.172,0,29.2,-1.075,-21.626,0,6,1,L,"SFIDA",189.1,80,0.2,0,126,W,Y,0,0,0,0,0,0,0,0,0,0,0,0,0,0,0,0,-0.162,-37.556,0,"_Chun",-0.031,-17.398,0,"MuRaZaGi",-20.456,-44.612,0,"わかなで",-11.828,-67.007,0,"MODECO",19.221,-42.34,0,"檸檬の残骸",15.887,-62.524,0,"「론구」",50.769,-102.538,0,"ke ro",6.154,-109.298,0,"ゆっち一",-39.461,-97.518,0,0,0,0,0,0,"",0,0,0,0,5964.603,,5965.45,,0,6
126,5,1,4,5,0,0,2,1,1,1,1,6,0,69,6108.266,"TaeGeuk_",R,3,78,118,-1.856,-0.916,0.46,0.852,-0.156,1.118,-36.83,37.022,7,16,77,1,0,-382.601,0,4.809,0,0,0,7,3,R,"柴山犬吉",169.9,90.243,0.6,0,125,W,Y,0,0,0,0,0,0,0,0,0,0,0,0,0,0,0,0,0.589,-37.071,0,"_Chun",-0.027,-17.074,0,"MuRaZaGi",-19.321,-41.309,0,"わかなで",-17.785,-63.748,0,"MODECO",19.28,-42.598,0,"檸檬の残骸",13.222,-62.685,0,"「론구」",35.382,-93.052,0,"ke ro",0.95,-105.083,0,"ゆっち一",-43.517,-86.476,0,0,0,0,0,0,"",0,0,0,0,6105.589,,6110.437,,0,0
127,5,1,4,5,1,0,2,1,1,1,1,6,0,70,6124.574,"TaeGeuk_",R,3,79,116,-3.751,-0.314,0.376,0.946,-0.779,1.458,-36.83,24.364,7,10,83,1,0,-485.143,0,15.774,0,0,0,7,3,R,"柴山犬吉",169.9,90.243,0.6,0,125,W,Y,0,0,0,0,0,0,0,0,0,0,0,0,0,0,0,0,-0.118,-37.648,0,"_Chun",-0.155,-17.069,0,"MuRaZaGi",-20.425,-41.93,0,"わかなで",-16.647,-62.862,0,"MODECO",19.067,-41.364,0,"檸檬の残骸",11.694,-63.372,0,"「론구」",35.418,-93.064,0,"ke ro",0.944,-105.071,0,"ゆっち一",-41.587,-88.583,0,0,0,0,0,0,"",0,0,0,0,6121.978,6126.717,6127.016,,0,0
128,5,1,4,5,2,0,2,1,1,1,1,6,0,71,6143.438,"TaeGeuk_",R,34,79,129,-0.015,-0.84,0.43,0.888,-0.142,1.248,-36.83,28.765,6,4,89,0,0,78.838,76.134,8.665,0,0,1,7,3,R,"柴山犬吉",169.9,90.243,0.6,0,125,W,Y,0,0,0,0,0,0,0,0,0,0,0,0,0,0,0,0,0.254,-37.409,0,"_Chun",-0.115,-17.049,0,"MuRaZaGi",-19.317,-39.707,0,"わかなで",-16.639,-62.851,0,"MODECO",19.58,-42.315,0,"檸檬の残骸",10.562,-64.063,0,"「론구」",35.359,-92.977,0,"ke ro",0.919,-104.661,0,"ゆっち一",-41.886,-90.022,0,0,0,0,0,0,"",0,0,0,0,6140.777,6146.924,6145.809,,0,0
129,5,1,4,5,2,1,2,1,1,1,1,6,0,72,6161.5,"TaeGeuk_",R,3,76,117,-1.087,-0.722,0.507,0.882,0.218,1.227,-36.83,32.786,6,12,83,0,0,-402.37,0,8.369,0,0,0,7,3,R,"柴山犬吉",169.9,90.243,0.6,0,125,W,Y,0,0,0,0,0,0,0,0,0,0,0,0,0,0,0,0,0.62,-37.113,0,"_Chun",-0.115,-16.993,0,"MuRaZaGi",-19.081,-42.306,0,"わかなで",-19.374,-62.631,0,"MODECO",19.44,-41.08,0,"檸檬の残骸",11.887,-63.938,0,"「론구」",35.393,-93.043,0,"ke ro",0.493,-105.087,0,"ゆっち一",-45.088,-89.849,0,0,0,0,0,0,"",0,0,0,0,6158.916,6164.023,6163.816,,0,0
130,5,1,4,5,2,2,2,1,1,1,1,6,0,73,6180.943,"TaeGeuk_",R,34,84,137,0.825,0.35,0.491,1.067,0.204,1.897,-36.83,15.011,6,34,60,2,0,98.61,66.118,21.75,0,0,1,7,3,R,"柴山犬吉",169.9,90.243,0.6,3,125,W,Y,6181.981,155,155,138,59,36,145,84,53.156,18.535,-0.78,0,0.21,202.542,-256.084,92.185,0.272,-37.527,0,"_Chun",-0.09,-17.31,0,"MuRaZaGi",-18.934,-43.401,0,"わかなで",-17.345,-62.969,86,"MODECO",18.268,-43.616,0,"檸檬の残骸",13.027,-63.892,0,"「론구」",35.326,-92.978,0,"ke ro",0.586,-105.126,0,"ゆっち一",-41.123,-90.275,0,6183.437,-14.754,-71.232,6183.603,3,"わかなで",-14.424,-69.659,0,0,,6187.954,6187.205,6186.901,17,1
131,5,0,4,5,0,0,0,0,0,0,255,255,255,40,6241.009,"Azuner",R,0,82,133,0.021,2.179,0.24,1.587,0.002,2.756,-36.442,34.072,31,69,0,1,0,0,0,0,0,0,0,0,3,L,"わかなで",160,94.33,0.2,0,41,W,Y,0,0,0,0,0,0,0,0,0,0,0,0,0,0,0,0,-0.005,-37.649,0,"SFIDA",-0.221,-17.348,0,"甲斐野柊太",-16.728,-43.981,0,"柴山犬吉",-12.513,-61.829,0,"눈꽃",17.894,-42.898,0,"coder_",9.517,-56.349,0,"YukihiroD",37.727,-82.791,0,"Amellaid",4.036,-103.03,0,"소솨소솨",-29.101,-78.37,0,0,0,0,0,0,"",0,0,0,0,6238.166,,,,0,0
132,5,0,4,5,1,0,0,0,0,0,255,255,255,41,6256.361,"Azuner",R,10,85,111,-2.038,-2.88,-0.023,1.14,-0.721,0.775,-36.442,18.683,37,63,0,3,0,0,400,0,-0.314,-20.043,0,0,3,L,"わかなで",160,94.33,0.2,0,41,W,Y,0,0,0,0,0,0,0,0,0,0,0,0,0,0,0,0,-0.155,-37.345,0,"SFIDA",-0.169,-17.494,0,"甲斐野柊太",-16.115,-44.349,0,"柴山犬吉",-12.487,-61.89,0,"눈꽃",17.965,-42.775,0,"coder_",9.665,-55.915,0,"YukihiroD",36.585,-87.514,0,"Amellaid",3.844,-101.416,0,"소솨소솨",-29.113,-78.348,0,0,0,0,0,0,"",0,0,0,0,6260.867,,,,0,6
133,5,0,4,5,0,0,0,1,0,0,13,255,255,42,6658.705,"Azuner",R,0,86,139,0.067,1.302,0.317,1.556,0.019,2.437,-36.442,33.647,15,85,0,1,0,0,0,0,0,0,0,1,8,L,"ゆっち一",190,83.623,0.399,0,72,W,Y,0,0,0,0,0,0,0,0,0,0,0,0,0,0,0,0,-0.149,-37.496,0,"SFIDA",-0.053,-18.22,0,"甲斐野柊太",-16.951,-43.256,0,"柴山犬吉",-3.762,-60.236,0,"눈꽃",20.994,-49.918,0,"coder_",10.98,-71.252,0,"YukihiroD",48.084,-100.119,0,"Amellaid",5.896,-121.942,0,"소솨소솨",-37.122,-110.243,0,0,0,0,0,0,"",0,0,0,0,6655.888,6662.304,,,0,0
134,5,0,4,5,1,0,0,0,1,0,255,13,255,43,6682.912,"Azuner",R,0,80,130,-1.401,0.757,0.191,1.464,-0.616,2.093,-36.442,25.745,14,86,0,2,0,0,0,0,0,0,1,1,8,L,"ゆっち一",190,83.623,0.399,3,72,W,Y,6684.016,191,75,116,99,53,145,129,26.697,-19.246,0.71,0,0.221,155.577,191.662,-30.659,-0.173,-37.183,0,"SFIDA",-0.081,-17.401,0,"甲斐野柊太",-18.545,-44.815,0,"柴山犬吉",-8.714,-62.193,85,"눈꽃",19.891,-45.476,0,"coder_",12.455,-64.138,0,"YukihiroD",49.804,-107.334,0,"Amellaid",5.97,-121.876,0,"소솨소솨",-37.118,-110.25,0,6685.062,32.267,-127.325,6685.86,7,"Amellaid",30.874,-125.333,1,0,,6694.083,6689.618,6694.222,400,2
135,5,0,4,6,0,0,0,0,1,0,255,18,255,44,6718.528,"Azuner",R,13,81,106,-1.631,-1.597,0.167,1.232,-0.094,1.127,-36.442,18.578,26,74,0,1,0,-325.999,368.175,0,0,0,0,2,2,R,"MuRaZaGi",190,90.17,0.403,0,122,W,Y,0,0,0,0,0,0,0,0,0,0,0,0,0,0,0,0,-0.045,-37.271,0,"SFIDA",0.299,-17.99,0,"甲斐野柊太",-17.503,-44.992,0,"柴山犬吉",-15.967,-62.951,0,"눈꽃",19.311,-40.878,0,"coder_",7.974,-62.742,0,"YukihiroD",50.336,-100.38,0,"Amellaid",-9.122,-119.462,0,"소솨소솨",-40.905,-99.7,0,0,0,0,0,0,"",0,0,0,0,6715.874,,6722.437,,0,0
136,5,0,4,6,1,0,0,0,0,1,255,255,18,45,6746.005,"Azuner",R,3,82,109,-3.584,-0.288,0.162,1.276,-0.826,1.455,-36.442,22.418,0,100,0,4,0,-402.789,0,0,0,0,1,2,2,R,"MuRaZaGi",190,90.17,0.403,0,122,W,Y,0,0,0,0,0,0,0,0,0,0,0,0,0,0,0,0,-0.013,-37.468,0,"SFIDA",-0.137,-17.817,0,"甲斐野柊太",-16.217,-42.646,0,"柴山犬吉",-16.034,-62.766,0,"눈꽃",19.057,-42.081,0,"coder_",7.94,-62.511,0,"YukihiroD",34.349,-99.816,0,"Amellaid",-8.28,-118.983,0,"소솨소솨",-40.593,-97.636,0,0,0,0,0,0,"",0,0,0,0,6743.325,,6748.637,,0,0
137,5,0,4,6,1,1,0,0,0,1,255,255,18,46,6762.471,"Azuner",R,0,88,140,1.274,-0.614,0.339,1.396,0.544,1.23,-36.442,20.055,0,100,0,2,0,0,0,0,0,0,1,2,2,R,"MuRaZaGi",190,90.17,0.403,3,122,W,Y,6763.436,229,99,126,90,26,145,99,58.419,44.035,-0.39,0,0.303,-139.906,-448.21,186.802,0.029,-37.135,0,"SFIDA",0.125,-17.361,99,"甲斐野柊太",-16.557,-43.186,120,"柴山犬吉",-15.373,-63.118,0,"눈꽃",18.53,-44.092,0,"coder_",5.222,-62.903,0,"YukihiroD",34.13,-99.951,0,"Amellaid",-7.523,-119.035,0,"소솨소솨",-41.266,-99.308,0,6764.874,-42.394,-75.474,6765.332,8,"소솨소솨",-42.237,-75.205,1,0,6769.61,,6765.771,6772.49,90,2
138,5,0,4,7,0,0,0,1,0,0,12,255,255,47,6797.287,"Azuner",R,14,74,101,-0.679,-1.323,-0.019,1.344,-1.021,1.252,-36.442,12.315,54,46,0,1,0,358.079,312.906,0,0,0,0,3,1,L,"_Chun",190,80,0.455,0,122,W,Y,0,0,0,0,0,0,0,0,0,0,0,0,0,0,0,0,0.001,-37.399,0,"SFIDA",-0.141,-17.534,0,"甲斐野柊太",-19.356,-40.562,0,"柴山犬吉",-12.096,-62.89,0,"눈꽃",18.431,-44.219,0,"coder_",10.338,-64.209,0,"YukihiroD",44.218,-100.556,0,"Amellaid",7.549,-117.371,0,"소솨소솨",-37.105,-87.417,0,0,0,0,0,0,"",0,0,0,0,6794.499,,,,0,0
139,5,0,4,7,1,0,0,1,0,0,12,255,255,48,6813.885,"Azuner",R,0,88,140,0.381,1.56,0.367,1.576,0.155,2.601,-36.442,36.742,0,100,0,4,0,0,0,0,0,0,1,3,1,L,"_Chun",190,80,0.455,0,122,W,Y,0,0,0,0,0,0,0,0,0,0,0,0,0,0,0,0,-0.071,-37.132,0,"SFIDA",-0.309,-18.07,0,"甲斐野柊太",-19.451,-41.649,0,"柴山犬吉",-11.429,-62.484,0,"눈꽃",18.638,-45.054,0,"coder_",10.958,-65.102,0,"YukihiroD",44.3,-101.03,0,"Amellaid",5.241,-118.837,0,"소솨소솨",-37.869,-86.03,0,0,0,0,0,0,"",0,0,0,0,6810.86,,,,0,0
140,5,0,4,7,1,1,0,1,0,0,12,255,255,49,6830.274,"Azuner",R,0,84,136,-0.296,1.867,0.299,1.646,-0.138,2.791,-36.442,29.551,33,67,0,4,0,0,0,0,0,0,1,3,1,L,"_Chun",190,80,0.455,0,122,W,Y,0,0,0,0,0,0,0,0,0,0,0,0,0,0,0,0,0.006,-37.463,0,"SFIDA",-0.12,-17.447,0,"甲斐野柊太",-22.528,-45.61,0,"柴山犬吉",-11.412,-62.474,0,"눈꽃",20.208,-46.744,0,"coder_",13.05,-64.817,0,"YukihiroD",47.427,-105.833,0,"Amellaid",6.373,-115.954,0,"소솨소솨",-36.919,-85.556,0,0,0,0,0,0,"",0,0,0,0,6827.353,,,,0,0
141,5,0,4,7,1,2,0,1,0,0,12,255,255,50,6876.606,"Azuner",R,0,90,140,-0.628,1.11,0.264,1.524,-0.282,2.318,-36.442,30.501,0,100,0,4,0,0,0,0,0,0,1,3,1,L,"_Chun",190,80,0.455,0,85,W,Y,0,0,0,0,0,0,0,0,0,0,0,0,0,0,0,0,-0.086,-37.2,0,"SFIDA",-0.513,-20.588,0,"甲斐野柊太",-19.02,-42.252,0,"柴山犬吉",-11.435,-62.458,0,"눈꽃",20.261,-46.591,0,"coder_",12.475,-64.885,0,"YukihiroD",47.276,-105.949,0,"Amellaid",5.485,-118.602,0,"소솨소솨",-36.929,-88.779,0,0,0,0,0,0,"",0,0,0,8,6873.652,,,,0,0
142,5,0,4,7,0,0,1,1,0,0,12,255,255,51,6901.218,"Azuner",R,3,90,114,-3.461,-0.124,0.116,1.284,-0.712,1.552,-36.442,19.75,0,100,0,1,0,-461.926,0,0,0,0,0,4,4,R,"MODECO",190,85,0.451,0,121,W,Y,0,0,0,0,0,0,0,0,0,0,0,0,0,0,0,0,0.09,-37.463,0,"SFIDA",-0.952,-17.833,0,"甲斐野柊太",-18.125,-41.944,0,"柴山犬吉",-14.02,-60.635,0,"눈꽃",19.222,-47.94,0,"coder_",6.982,-63.261,0,"YukihiroD",35.822,-93.439,0,"Amellaid",-8.765,-117.64,0,"소솨소솨",-41.62,-90.283,0,0,0,0,0,0,"",0,0,0,0,6898.339,,,,0,0
143,5,0,4,7,1,0,1,1,0,0,12,255,255,52,6915.317,"Azuner",R,0,88,140,1.273,-0.471,0.347,1.242,0.544,1.327,-36.442,25.784,0,100,0,0,0,0,0,0,0,0,0,4,4,R,"MODECO",190,85,0.451,0,121,W,Y,0,0,0,0,0,0,0,0,0,0,0,0,0,0,0,0,-0.153,-37.908,0,"SFIDA",0.165,-17.213,0,"甲斐野柊太",-19.403,-41.534,0,"柴山犬吉",-13.922,-60.7,0,"눈꽃",19.883,-49.155,0,"coder_",4.778,-63.84,0,"YukihiroD",35.147,-94.267,0,"Amellaid",-12.999,-115.456,0,"소솨소솨",-41.99,-90.751,0,0,0,0,0,0,"",0,0,0,0,6912.235,,,,0,0
144,5,0,4,7,1,1,1,1,0,0,12,255,255,53,6932.313,"Azuner",R,10,90,115,-0.156,-1.638,0.174,1.209,-0.041,1.076,-36.442,21.468,21,79,0,1,0,-18.618,400,0,0,0,0,4,4,R,"MODECO",190,85,0.451,0,121,W,Y,0,0,0,0,0,0,0,0,0,0,0,0,0,0,0,0,-0.016,-37.536,0,"SFIDA",-0.382,-18.023,0,"甲斐野柊太",-17.694,-43.755,0,"柴山犬吉",-13.62,-60.661,0,"눈꽃",19.966,-49.211,0,"coder_",2.171,-65.616,0,"YukihiroD",34.471,-94.927,0,"Amellaid",-12.024,-114.606,0,"소솨소솨",-39.333,-89.72,0,0,0,0,0,0,"",0,0,0,0,6929.402,,,,0,0
145,5,0,4,7,2,1,1,1,0,0,12,255,255,54,6952.439,"Azuner",R,0,84,136,2.103,-0.422,0.398,1.431,0.904,1.349,-36.442,34.826,0,100,0,2,0,0,0,0,0,0,0,4,4,R,"MODECO",190,85,0.451,3,121,W,Y,6953.431,255,73,88,75,39,145,103,55.597,45.736,-0.19,0,0.358,-145.644,191.704,-100.977,0.028,-37.275,0,"SFIDA",0.118,-17.564,0,"甲斐野柊太",-16.335,-44.778,100,"柴山犬吉",-13.667,-60.662,0,"눈꽃",18.625,-49.37,0,"coder_",5.863,-65.675,0,"YukihiroD",34.449,-94.952,0,"Amellaid",-11.044,-114.506,0,"소솨소솨",-40.426,-89.025,102,6954.777,-57.148,-71.253,6955.235,8,"소솨소솨",-57.056,-71.178,0,0,,6960.856,,,26,2
146,5,0,4,7,2,2,1,1,0,0,12,255,255,55,6981.091,"Azuner",R,0,60,114,7.475,0.22,0.738,1.458,3.235,1.762,-36.442,74.468,0,100,0,1,0,0,0,0,0,0,0,4,4,R,"MODECO",190,85,0.451,0,121,W,Y,0,0,0,0,0,0,0,0,0,0,0,0,0,0,0,0,-0.038,-37.585,0,"SFIDA",0.676,-18.287,0,"甲斐野柊太",-18.6,-42.172,0,"柴山犬吉",-12.282,-59.408,0,"눈꽃",21.593,-49.177,0,"coder_",3.139,-65.221,0,"YukihiroD",34.094,-94.957,0,"Amellaid",-16.45,-115.738,0,"소솨소솨",-39.597,-91.432,0,0,0,0,0,0,"",0,0,0,0,6978.138,,,,0,0
147,5,0,4,7,3,2,1,1,0,0,12,255,255,56,7001.385,"Azuner",R,0,87,140,-0.318,-0.845,0.213,1.359,-0.145,1.085,-36.442,17.932,0,100,0,2,0,0,0,0,0,0,1,4,4,R,"MODECO",190,85,0.451,3,121,W,Y,7002.39,163,102,81,58,34,143,130,-30,23.97,0.56,0,0.35,-535.891,268.097,-30.733,-0.222,-37.124,0,"SFIDA",0.054,-17.678,0,"甲斐野柊太",-15.887,-42.707,0,"柴山犬吉",-12.494,-59.355,101,"눈꽃",19.392,-50.473,0,"coder_",6.547,-65.323,0,"YukihiroD",33.644,-93.383,0,"Amellaid",-16.014,-115.802,0,"소솨소솨",-43.08,-93.284,0,6998.047,-0.427,-19.345,6999.797,3,"柴山犬吉",-16.623,-55.577,0,0,,7007.91,,,195,2
148,6,1,4,7,0,0,0,0,0,0,255,255,255,74,7125.531,"TaeGeuk_",R,32,83,134,-1.735,0.488,0.239,1.085,-0.968,1.982,-36.83,14.839,6,45,48,1,0,175.198,106.354,26.165,0,0,0,8,7,L,"Amellaid",160,80.447,0.439,0,121,W,Y,0,0,0,0,0,0,0,0,0,0,0,0,0,0,0,0,-0.245,-37.873,0,"_Chun",0.434,-17.292,0,"MuRaZaGi",-18.742,-42.776,0,"わかなで",-8.963,-64.744,0,"MODECO",18.399,-42.641,0,"檸檬の残骸",12.204,-56.715,0,"「론구」",37.93,-85.295,0,"ke ro",4.915,-103.811,0,"ゆっち一",-35.612,-96.295,0,0,0,0,0,0,"",0,0,0,0,7122.131,,,,0,0
149,6,1,4,7,1,0,0,0,0,0,255,255,255,75,7143.158,"TaeGeuk_",R,0,62,116,0.855,-0.277,0.545,1.024,0.356,1.479,-36.83,25.347,3,97,0,2,0,0,0,20.23,0,0,1,8,7,L,"Amellaid",160,80.447,0.439,3,121,W,Y,7144.023,255,245,121,77,14,145,122,-16.752,25.209,0.31,0,0.542,-209.401,-235.02,-418.718,0.537,-37.348,0,"_Chun",0.091,-17.351,0,"MuRaZaGi",-17.784,-44.376,81,"わかなで",-10.372,-61.993,0,"MODECO",18.221,-42.665,70,"檸檬の残骸",12.512,-55.966,0,"「론구」",37.91,-85.293,0,"ke ro",4.704,-104.117,0,"ゆっち一",-37.632,-96.571,0,7139.325,-0.986,-23.493,7142.367,8,"ゆっち一",-28.68,-85.229,1,0,,7161.735,7165.976,,86,2
150,6,1,4,7,0,0,0,0,0,1,255,255,7,76,7197.288,"TaeGeuk_",R,3,87,127,-1.667,-0.469,0.442,0.924,-0.024,1.37,-36.83,35.062,8,11,81,2,0,-451.814,0,7.814,0,0,1,0,5,R,"coder_",164.1,80,0.283,3,53,W,Y,7198.329,227,142,159,128,53,145,109,112.699,-66.94,0.79,0,0.47,250.891,-2.306,146.513,0.446,-36.925,0,"_Chun",-0.349,-17.16,0,"MuRaZaGi",-19.571,-46.515,0,"わかなで",-20.079,-64.73,0,"MODECO",18.261,-44.176,0,"檸檬の残骸",10.476,-56.088,0,"「론구」",34.361,-90.132,0,"ke ro",0.872,-100.611,0,"ゆっち一",-42.513,-90.761,0,7199.159,-77.785,13.83,0,0,"",0,0,0,0,,,7200.086,,64,3
151,6,1,4,7,0,1,0,0,0,1,255,255,7,77,7217.248,"TaeGeuk_",R,34,75,126,1.137,0.609,0.52,1.091,0.337,1.996,-36.83,35.794,6,55,38,2,0,89.334,34.917,7.404,0,0,1,0,5,R,"coder_",164.1,80,0.283,3,53,W,Y,7218.308,179,137,141,50,32,145,123,10.433,22.927,0.31,0,0.411,23.871,581.841,144.539,0.49,-37.027,0,"_Chun",0.063,-17.506,107,"MuRaZaGi",-19.784,-45.892,0,"わかなで",-19.014,-65.098,92,"MODECO",17.984,-44.053,72,"檸檬の残骸",11.341,-56.076,0,"「론구」",33.951,-89.309,0,"ke ro",-1.96,-100.451,0,"ゆっち一",-42.338,-90.541,0,0,0,0,7215.693,3,"わかなで",-23.357,-67.359,0,0,7219.464,,7222.758,,89,1
152,6,1,4,7,0,0,1,0,0,1,255,255,7,78,7537.552,"TaeGeuk_",R,33,93,140,0.768,0.717,0.473,1.14,0.12,2.106,-36.83,24.475,10,57,33,2,0,144.378,23.052,14.247,0,0,1,1,2,R,"甲斐野柊太",190,80,0.2,3,119,W,Y,7538.634,250,101,125,103,45,145,130,5.666,17.177,0.53,0,0.283,-127.495,-57.81,19.849,0.362,-36.838,0,"_Chun",0.07,-17.219,118,"MuRaZaGi",-21.909,-47.533,0,"わかなで",-17.425,-64.725,89,"MODECO",15.788,-40.418,0,"檸檬の残骸",12.853,-60.144,0,"「론구」",36.954,-91.421,0,"ke ro",-0.059,-104.551,0,"ゆっち一",-40.158,-90.318,0,7535.492,-15.117,-68.517,7535.638,3,"わかなで",-13.447,-62.894,0,0,7539.138,,7542.008,,73,1
153,6,1,4,7,0,0,2,0,0,1,255,255,7,79,7569.364,"TaeGeuk_",R,32,85,138,4.502,-0.253,0.871,0.98,1.684,1.589,-36.83,30.961,10,11,79,1,0,176.319,112.387,17.188,0,0,0,2,4,L,"눈꽃",190,80,0.497,0,119,W,Y,0,0,0,0,0,0,0,0,0,0,0,0,0,0,0,0,0.566,-37.233,0,"_Chun",0.683,-17.188,0,"MuRaZaGi",-22.309,-47.234,0,"わかなで",-16.202,-63.244,0,"MODECO",19.194,-42.305,0,"檸檬の残骸",15.087,-61.144,0,"「론구」",51.194,-104.541,0,"ke ro",5.684,-117.199,0,"ゆっち一",-36.055,-102.752,0,0,0,0,0,0,"",0,0,0,0,7565.825,,,,0,0
154,6,1,4,7,1,0,2,0,0,1,255,255,7,80,7587.63,"TaeGeuk_",R,4,80,126,0.524,-0.415,0.596,0.859,0.487,1.375,-36.83,41.516,12,12,77,0,0,-173.443,0,-2.715,0,0,1,2,4,L,"눈꽃",190,80,0.497,0,119,W,Y,0,0,0,0,0,0,0,0,0,0,0,0,0,0,0,0,0.349,-37.233,0,"_Chun",0.342,-17.09,0,"MuRaZaGi",-21.492,-46.463,0,"わかなで",-16.548,-62.877,0,"MODECO",19.727,-42.525,0,"檸檬の残骸",13.888,-62.445,0,"「론구」",48.2,-107.523,0,"ke ro",7.394,-116.461,0,"ゆっち一",-40.205,-107.006,0,0,0,0,0,0,"",0,0,0,0,7584.013,,,,0,0
155,6,1,4,7,1,1,2,0,0,1,255,255,7,81,7606.91,"TaeGeuk_",R,3,82,124,-0.528,-0.959,0.605,0.9,0.443,1.329,-36.83,34.04,5,12,82,2,0,-345.516,0,6.234,0,0,1,2,4,L,"눈꽃",190,80,0.497,3,119,W,Y,7607.951,255,120,88,77,31,145,130,25.738,-11.015,0.31,0,0.432,378.061,-67.862,-282.345,0.676,-36.954,0,"_Chun",-0.068,-17.107,0,"MuRaZaGi",-20.267,-47.797,0,"わかなで",-17.042,-65.665,85,"MODECO",18.61,-44.438,0,"檸檬の残骸",15.271,-61.53,0,"「론구」",51.435,-104.951,96,"ke ro",6.721,-115.594,0,"ゆっち一",-39.643,-106.31,0,7608.617,22.929,-129.444,7612.082,6,"「론구」",18.12,-118.751,1,0,,7618.238,,7613.303,97,2
156,6,1,5,7,0,0,2,0,1,0,255,4,255,82,7641.463,"TaeGeuk_",R,32,91,140,-1.407,0.252,0.305,1.02,-0.951,1.719,-36.83,22.861,5,10,85,0,0,250,-78.403,36.548,0,0,0,3,8,R,"소솨소솨",186.1,80,0.498,0,119,W,Y,0,0,0,0,0,0,0,0,0,0,0,0,0,0,0,0,-0.356,-37.563,0,"_Chun",0.05,-17.381,0,"MuRaZaGi",-22.594,-47.485,0,"わかなで",-17.551,-64.225,0,"MODECO",19.79,-43.275,0,"檸檬の残骸",5.638,-64.061,0,"「론구」",35.261,-93.272,0,"ke ro",-5.101,-110.915,0,"ゆっち一",-46.703,-96.112,0,0,0,0,0,0,"",0,0,0,0,7637.832,7644.031,,,0,0
157,6,1,5,7,0,1,2,0,1,0,255,4,255,83,7655.635,"TaeGeuk_",R,3,70,112,-2.181,-0.499,0.461,0.904,-0.227,1.338,-36.83,41.028,12,12,76,4,0,-395.49,0,2.796,0,0,1,3,8,R,"소솨소솨",186.1,80,0.498,0,119,W,Y,0,0,0,0,0,0,0,0,0,0,0,0,0,0,0,0,0.422,-37.017,0,"_Chun",-0.212,-17.31,0,"MuRaZaGi",-23.456,-47.01,0,"わかなで",-18.604,-65.199,0,"MODECO",19.26,-42.575,0,"檸檬の残骸",6.484,-64.19,0,"「론구」",35.548,-93.632,0,"ke ro",-1.497,-108.75,0,"ゆっち一",-46.688,-96.151,0,0,0,0,0,0,"",0,0,0,0,7652.235,7658.451,,,0,0
158,6,1,5,7,0,2,2,0,1,0,255,4,255,84,7669.519,"TaeGeuk_",R,3,85,125,-3.377,0.565,0.347,1.098,-0.755,1.977,-36.83,21.376,6,20,75,1,0,-449.334,0,16.605,0,0,0,3,8,R,"소솨소솨",186.1,80,0.498,0,119,W,Y,0,0,0,0,0,0,0,0,0,0,0,0,0,0,0,0,0.433,-36.873,0,"_Chun",-0.267,-17.191,0,"MuRaZaGi",-22.226,-48.841,0,"わかなで",-18.007,-61.804,0,"MODECO",18.896,-42.468,0,"檸檬の残骸",10.875,-63.334,0,"「론구」",35.443,-93.591,0,"ke ro",-1.424,-108.747,0,"ゆっち一",-46.683,-96.133,0,0,0,0,0,0,"",0,0,0,0,7666.034,7672.827,,,0,0
159,6,1,5,7,1,2,2,0,1,0,255,4,255,85,7681.671,"TaeGeuk_",R,3,85,125,-3.335,1.068,0.342,1.191,-0.781,2.285,-36.83,10.972,5,46,48,4,0,-435.2,0,40.584,0,0,1,3,8,R,"소솨소솨",186.1,80,0.498,0,119,W,Y,0,0,0,0,0,0,0,0,0,0,0,0,0,0,0,0,-0.167,-37.383,0,"_Chun",-0.12,-17.187,0,"MuRaZaGi",-21.524,-46.716,0,"わかなで",-17.969,-61.821,0,"MODECO",19.209,-42.739,0,"檸檬の残骸",6.761,-63.69,0,"「론구」",35.478,-93.612,0,"ke ro",-1.418,-108.747,0,"ゆっち一",-47.432,-95.296,0,0,0,0,0,0,"",0,0,0,0,7678.221,,,,0,0
160,6,0,5,7,1,0,0,0,0,0,255,255,255,57,7752.084,"Azuner",R,3,80,106,-2.545,-0.03,0.295,1.32,-0.247,1.618,-36.442,21.41,0,100,0,1,0,-456.782,0,0,0,0,0,5,6,R,"「론구」",179.9,80,0.3,0,118,W,Y,0,0,0,0,0,0,0,0,0,0,0,0,0,0,0,0,0.054,-37.861,0,"SFIDA",0.071,-17.962,0,"甲斐野柊太",-18.567,-44.786,0,"柴山犬吉",-15.954,-62.887,0,"눈꽃",18.394,-48.527,0,"coder_",9.842,-68.784,0,"YukihiroD",34.077,-89.271,0,"Amellaid",-11.838,-117.25,0,"소솨소솨",-41.879,-94.501,0,0,0,0,0,0,"",0,0,0,0,7748.388,,,,0,0
161,6,0,5,7,2,0,0,0,0,0,255,255,255,58,7766.227,"Azuner",R,0,89,140,0.277,0.588,0.257,1.42,0.113,1.967,-36.442,16.143,0,100,0,2,0,0,0,0,0,0,1,5,6,R,"「론구」",179.9,80,0.3,3,118,W,Y,7767.341,255,86,129,102,72,145,85,29.051,31.37,0.99,0,0.362,270.164,-196.523,-17.482,-0.026,-37.211,0,"SFIDA",0.08,-17.324,0,"甲斐野柊太",-20.83,-46.63,0,"柴山犬吉",-15.769,-62.986,0,"눈꽃",18.926,-49.263,0,"coder_",9.963,-69.189,0,"YukihiroD",32.674,-89.852,0,"Amellaid",-11.847,-117.326,0,"소솨소솨",-42.088,-94.302,87,0,0,0,7767.041,8,"소솨소솨",-34.256,-79.557,0,0,,,,,24,1
162,6,0,5,7,0,0,1,0,0,0,255,255,255,59,7791.493,"Azuner",R,13,84,108,-0.899,-1.507,0.277,1.35,0.219,1.254,-36.442,18.98,0,100,0,2,0,-332.964,367.411,0,0,0,0,6,0,R,"TaeGeuk_",177.7,85.789,0.627,3,118,W,Y,7792.435,255,164,137,140,94,145,89,-30,-29.881,0.97,0,0.286,60.812,-506.793,-315.378,0.042,-37.169,0,"SFIDA",0.033,-17.523,0,"甲斐野柊太",-18.221,-43.969,85,"柴山犬吉",-15.989,-62.622,0,"눈꽃",21.164,-50.337,120,"coder_",8.737,-69.432,0,"YukihiroD",32.895,-92.472,0,"Amellaid",-11.663,-102.519,0,"소솨소솨",-42.015,-91.541,0,7787.089,0.347,-21.645,7789.541,7,"Amellaid",16.704,-48.709,0,0,,,,,22,2
163,6,0,5,7,0,0,2,0,0,0,255,255,255,60,7812.919,"Azuner",R,13,85,110,-1.532,-2.408,0.167,1.138,-0.214,0.846,-36.442,24.476,22,78,0,1,0,-252.827,400,0,-0.827,-19.132,0,7,5,R,"檸檬の残骸",169.6,89.977,0.409,0,118,W,Y,0,0,0,0,0,0,0,0,0,0,0,0,0,0,0,0,-0.08,-37.682,0,"SFIDA",-0.164,-17.93,0,"甲斐野柊太",-17.598,-44.165,0,"柴山犬吉",-15.765,-63.262,0,"눈꽃",20.484,-51.112,0,"coder_",9.338,-64.424,0,"YukihiroD",32.57,-92.354,0,"Amellaid",-5.278,-104.467,0,"소솨소솨",-40.913,-91.208,0,0,0,0,0,0,"",0,0,0,0,7811.902,,,,0,0
164,6,0,5,7,1,0,2,0,0,0,255,255,255,61,7829.81,"Azuner",R,0,82,134,0.393,0.761,0.276,1.437,0.163,2.037,-36.442,18.945,0,100,0,0,0,0,0,0,0,0,0,7,5,R,"檸檬の残骸",169.6,89.977,0.409,0,118,W,Y,0,0,0,0,0,0,0,0,0,0,0,0,0,0,0,0,0.074,-37.703,0,"SFIDA",0.095,-17.576,0,"甲斐野柊太",-22.02,-47.83,0,"柴山犬吉",-15.92,-63.132,0,"눈꽃",19.916,-50.671,0,"coder_",9.667,-63.786,0,"YukihiroD",32.589,-92.364,0,"Amellaid",-5.299,-104.443,0,"소솨소솨",-40.868,-91.543,0,0,0,0,0,0,"",0,0,0,0,7825.888,,,,0,0
165,6,0,5,7,1,1,2,0,0,0,255,255,255,62,7845.634,"Azuner",R,0,92,140,1.946,0.913,0.416,1.44,0.835,2.124,-36.442,25.837,0,100,0,2,0,0,0,0,0,0,1,7,5,R,"檸檬の残骸",169.6,89.977,0.409,3,118,W,Y,7846.735,237,141,149,117,0,145,100,32.76,-16.198,0.04,0.238,0.501,300.904,-66.724,-48.752,0.09,-37.293,0,"SFIDA",0.161,-17.618,0,"甲斐野柊太",-22.419,-47.972,0,"柴山犬吉",-14.837,-63.556,0,"눈꽃",21.716,-48.81,0,"coder_",11.12,-64.319,0,"YukihiroD",32.787,-92.279,0,"Amellaid",0.337,-104.769,0,"소솨소솨",-39.95,-88.084,0,7846.45,25.405,-98.891,7846.568,6,"YukihiroD",24.458,-95.935,0,0,,,,,96,1
166,7,1,5,7,0,0,0,0,0,0,255,255,255,86,7899.425,"TaeGeuk_",R,3,79,117,-2.103,-0.117,0.484,0.973,-0.117,1.565,-36.83,24.629,6,8,86,4,0,-462.548,0,15.947,0,0,1,4,0,L,"Azuner",190,80,0.302,0,118,W,Y,0,0,0,0,0,0,0,0,0,0,0,0,0,0,0,0,0.238,-37.294,0,"_Chun",0.652,-17.259,0,"MuRaZaGi",-21.497,-47.772,0,"わかなで",-16.786,-64.955,0,"MODECO",21.272,-43.735,0,"檸檬の残骸",14.33,-62.96,0,"「론구」",50.701,-105.519,0,"ke ro",9.163,-118.009,0,"ゆっち一",-30.984,-96.394,0,0,0,0,0,0,"",0,0,0,0,7895.596,,,,0,0
167,7,1,5,7,0,1,0,0,0,0,255,255,255,87,7912.127,"TaeGeuk_",R,36,78,129,-0.208,1.648,0.473,1.345,-0.169,2.77,-36.83,13.184,0,56,44,1,0,41.486,100.023,22.418,0,0,0,4,0,L,"Azuner",190,80,0.302,0,118,W,Y,0,0,0,0,0,0,0,0,0,0,0,0,0,0,0,0,0.185,-37.74,0,"_Chun",0.246,-17.017,0,"MuRaZaGi",-21.217,-48.34,0,"わかなで",-17.186,-66.699,0,"MODECO",19.986,-43.022,0,"檸檬の残骸",14.677,-61.08,0,"「론구」",50.738,-105.546,0,"ke ro",9.138,-118.012,0,"ゆっち一",-32.696,-97.262,0,0,0,0,0,0,"",0,0,0,0,7908.228,,,,0,0
168,7,1,5,7,1,1,0,0,0,0,255,255,255,88,7924.021,"TaeGeuk_",R,3,76,114,-1.939,-1.513,0.529,0.848,-0.123,0.989,-36.83,37.392,4,9,86,2,0,-426.944,245.309,53.082,0,0,1,4,0,L,"Azuner",190,80,0.302,3,118,W,Y,7925.181,204,95,77,105,83,145,112,-30,-20.979,0.91,0,0.669,203.251,-392.595,-360.152,0.625,-37.142,0,"_Chun",0.011,-17.153,0,"MuRaZaGi",-20.487,-48.507,93,"わかなで",-16.6,-66.196,0,"MODECO",20.681,-44.427,0,"檸檬の残骸",14.785,-61.206,103,"「론구」",50.644,-105.459,0,"ke ro",9.137,-118.024,0,"ゆっち一",-32.655,-97.561,0,7919.839,-0.106,-21.078,7921.652,5,"檸檬の残骸",12.734,-54.408,0,0,,,,,196,2
169,7,1,5,7,0,0,1,0,0,0,255,255,255,89,7952.03,"TaeGeuk_",R,35,85,137,6.128,-1.508,0.458,1.193,-0.238,2.333,-36.83,12.015,3,49,48,2,0,128.082,167.589,26.098,0,0,1,5,6,R,"YukihiroD",174.3,80,0.4,3,117,W,Y,7953.11,167,42,43,3,8,61,61,20.843,30.683,0.63,0,0.409,200.746,204.353,-380.038,0.34,-37.34,0,"_Chun",-0.09,-17.296,0,"MuRaZaGi",-21.187,-47.218,89,"わかなで",-17.977,-63.806,0,"MODECO",19.959,-45.39,0,"檸檬の残骸",14.09,-61.399,0,"「론구」",36.936,-92.038,0,"ke ro",-0.731,-103.915,0,"ゆっち一",-44.658,-93.401,0,0,0,0,7950.471,2,"MuRaZaGi",-17.228,-47.399,0,0,,,,,68,1
170,7,1,5,7,0,0,2,0,0,0,255,255,255,90,7979.312,"TaeGeuk_",R,34,88,140,1.13,0.951,0.585,1.191,0.351,2.275,-36.83,21.444,9,39,52,0,0,87.902,47.124,8.857,0,0,0,6,1,L,"SFIDA",189.1,80,0.2,0,117,W,Y,0,0,0,0,0,0,0,0,0,0,0,0,0,0,0,0,0.618,-37.071,0,"_Chun",0.545,-17.223,0,"MuRaZaGi",-21.432,-46.657,0,"わかなで",-14.675,-64.721,0,"MODECO",21.17,-45.454,0,"檸檬の残骸",13.967,-63.137,0,"「론구」",50.753,-105.207,0,"ke ro",8.656,-110.895,0,"ゆっち一",-34.197,-101.299,0,0,0,0,0,0,"",0,0,0,0,7975.152,,,,0,0
171,7,1,5,7,0,1,2,0,0,0,255,255,255,91,7997.444,"TaeGeuk_",R,4,86,118,-0.52,-0.167,0.517,0.936,0.025,1.515,-36.83,19.428,3,6,92,2,0,-153.317,-18.111,13.504,0,0,1,6,1,L,"SFIDA",189.1,80,0.2,3,117,W,Y,7998.349,255,183,0,14,131,44,44,21.501,34.295,-0.51,0,1.125,45.701,-30.445,316.923,0.645,-37.332,0,"_Chun",0.15,-17.279,0,"MuRaZaGi",-19.48,-48.123,87,"わかなで",-15.974,-64.611,0,"MODECO",21.105,-45.492,0,"檸檬の残骸",14.338,-62.018,0,"「론구」",50.767,-105.218,0,"ke ro",8.585,-110.842,0,"ゆっち一",-36.275,-100.852,0,7994.853,-11.24,-37.093,7995.714,2,"MuRaZaGi",-14.406,-40.672,0,0,,,,,20,2
172,7,0,5,7,0,0,0,0,0,0,255,255,255,63,8045.704,"Azuner",R,0,85,138,0.672,0.907,0.299,1.444,0.284,2.103,-36.442,21.544,0,100,0,2,0,0,0,0,0,0,1,8,7,R,"ke ro",164.8,80,0.398,3,117,W,Y,8046.765,164,53,67,56,32,138,85,10.287,16.405,-0.43,0,0.472,207.853,520.067,-135.913,-0.13,-37.418,0,"SFIDA",0.076,-17.283,0,"甲斐野柊太",-22.41,-49.61,0,"柴山犬吉",-14.982,-63.559,86,"눈꽃",18.58,-48.095,0,"coder_",11.329,-64.769,0,"YukihiroD",35.922,-92.36,0,"Amellaid",-9.679,-111.991,0,"소솨소솨",-35.916,-87.636,0,0,0,0,8043.68,3,"柴山犬吉",-13.65,-57.191,0,0,,,,,144,1
173,7,0,5,7,0,0,1,0,0,0,255,255,255,64,8069.828,"Azuner",R,13,84,108,-1.181,-1.247,0.284,1.275,0.1,1.532,-36.442,32.054,0,100,0,1,0,-335.2,365.296,0,0,0,0,0,3,L,"わかなで",160,94.33,0.2,0,117,W,Y,0,0,0,0,0,0,0,0,0,0,0,0,0,0,0,0,-0.125,-38.032,0,"SFIDA",0.056,-17.533,0,"甲斐野柊太",-15.069,-44.2,0,"柴山犬吉",-12.612,-62.083,0,"눈꽃",17.571,-44.083,0,"coder_",9.905,-59.406,0,"YukihiroD",36.629,-90.034,0,"Amellaid",4.75,-106.36,0,"소솨소솨",-32.687,-85.451,0,0,0,0,0,0,"",0,0,0,0,8065.77,,,,0,0
174,7,0,5,7,1,0,1,0,0,0,255,255,255,65,8087,"Azuner",R,0,83,135,-1.616,0.562,0.163,1.408,-0.709,1.902,-36.442,20.567,0,100,0,1,0,0,0,0,0,0,0,0,3,L,"わかなで",160,94.33,0.2,0,117,W,Y,0,0,0,0,0,0,0,0,0,0,0,0,0,0,0,0,-0.029,-37.557,0,"SFIDA",-0.128,-17.568,0,"甲斐野柊太",-22.7,-47.422,0,"柴山犬吉",-11.74,-61.988,0,"눈꽃",17.464,-43.997,0,"coder_",9.702,-58.198,0,"YukihiroD",36.198,-90.329,0,"Amellaid",0.692,-105.589,0,"소솨소솨",-32.307,-82.722,0,0,0,0,0,0,"",0,0,0,0,8082.846,,,,0,0
175,7,0,5,7,2,0,1,0,0,0,255,255,255,66,8102.283,"Azuner",R,0,86,139,-0.64,0.509,0.244,1.397,-0.286,1.876,-36.442,27.082,0,100,0,0,0,0,0,0,0,0,1,0,3,L,"わかなで",160,94.33,0.2,0,117,W,Y,0,0,0,0,0,0,0,0,0,0,0,0,0,0,0,0,-0.119,-37.741,0,"SFIDA",-0.133,-17.52,0,"甲斐野柊太",-23.112,-48.032,0,"柴山犬吉",-11.724,-61.933,0,"눈꽃",17.477,-43.999,0,"coder_",9.828,-58.638,0,"YukihiroD",36.376,-90.244,0,"Amellaid",1.48,-105.879,0,"소솨소솨",-32.299,-82.693,0,0,0,0,0,0,"",0,0,0,0,8098.172,,,,0,0
176,7,0,5,7,2,1,1,0,0,0,255,255,255,67,8120.583,"Azuner",R,0,87,140,-1.166,0.879,0.215,1.435,-0.515,2.072,-36.442,21.042,0,100,0,0,0,0,0,0,0,0,1,0,3,L,"わかなで",160,94.33,0.2,0,42,W,Y,0,0,0,0,0,0,0,0,0,0,0,0,0,0,0,0,-0.225,-37.893,0,"SFIDA",-0.206,-17.517,0,"甲斐野柊太",-23.005,-47.354,0,"柴山犬吉",-11.819,-61.892,0,"눈꽃",18.072,-43.236,0,"coder_",8.321,-54.231,0,"YukihiroD",36.377,-90.254,0,"Amellaid",1.481,-105.862,0,"소솨소솨",-32.27,-82.762,0,0,0,0,0,0,"",0,0,0,0,8116.402,,,,0,0
177,7,0,5,7,2,2,1,0,0,0,255,255,255,68,8136.333,"Azuner",R,14,71,99,2.504,-0.533,0.251,1.474,0.383,1.927,-36.442,25.903,54,46,0,2,0,335.607,333.088,0,0,0,1,0,3,L,"わかなで",160,94.33,0.2,3,42,W,Y,8137.512,255,56,118,98,91,145,113,-30,24.723,0.79,0,0.442,-111.219,116.616,59.859,-0.191,-37.614,0,"SFIDA",0.32,-18.359,0,"甲斐野柊太",-18.336,-43.91,88,"柴山犬吉",-11.627,-61.937,103,"눈꽃",17.727,-42.978,0,"coder_",9.957,-57.955,0,"YukihiroD",36.136,-90.328,0,"Amellaid",1.837,-105.926,0,"소솨소솨",-32.214,-82.833,0,8132.083,-0.197,-22.376,8134.319,3,"柴山犬吉",-16.985,-58.344,0,0,,,,,146,2
178,7,0,5,7,0,0,2,0,0,0,255,255,255,69,8162.808,"Azuner",R,13,85,110,-1.924,-1.345,0.133,1.302,-0.398,1.295,-36.442,18.937,39,61,0,1,0,-244.894,400,0,0,0,0,1,8,L,"ゆっち一",190,83.623,0.399,0,117,W,Y,0,0,0,0,0,0,0,0,0,0,0,0,0,0,0,0,-0.194,-37.888,0,"SFIDA",-0.082,-17.558,0,"甲斐野柊太",-16.95,-44.767,0,"柴山犬吉",-13.46,-64.266,0,"눈꽃",19.403,-47.071,0,"coder_",10.281,-63.563,0,"YukihiroD",50.155,-110.944,0,"Amellaid",9.56,-118.902,0,"소솨소솨",-30.167,-106.684,0,0,0,0,0,0,"",0,0,0,0,8158.742,,,,0,0
179,7,0,5,7,1,0,2,0,0,0,255,255,255,70,8179.685,"Azuner",R,10,73,102,-1.631,-2.499,0.117,1.091,-0.713,0.637,-36.442,30.968,51,11,39,1,0,0,400,0,-0.304,-20.353,0,1,8,L,"ゆっち一",190,83.623,0.399,0,117,W,Y,0,0,0,0,0,0,0,0,0,0,0,0,0,0,0,0,-0.265,-37.85,0,"SFIDA",-0.187,-17.775,0,"甲斐野柊太",-16.69,-44.818,0,"柴山犬吉",-12.008,-64.795,0,"눈꽃",19.417,-47.061,0,"coder_",11.485,-67.754,0,"YukihiroD",49.679,-110.993,0,"Amellaid",5.248,-121.144,0,"소솨소솨",-34.577,-105.633,0,0,0,0,0,0,"",0,0,0,0,8175.645,,,,0,0
180,7,0,5,7,2,0,2,0,0,0,255,255,255,71,8239.876,"Azuner",R,0,87,140,-2.858,-1.204,0.006,1.246,-1.246,0.862,-36.442,12.209,0,100,0,1,0,0,0,0,0,0,0,1,8,L,"ゆっち一",190,83.623,0.399,0,72,W,Y,0,0,0,0,0,0,0,0,0,0,0,0,0,0,0,0,-0.173,-37.419,0,"SFIDA",-0.142,-17.526,0,"甲斐野柊太",-19.509,-43.925,0,"柴山犬吉",-12.035,-64.763,0,"눈꽃",20.153,-48.089,0,"coder_",12.883,-67.905,0,"YukihiroD",47.817,-112.882,0,"Amellaid",6.333,-120.466,0,"소솨소솨",-33.936,-105.159,0,0,0,0,0,0,"",0,0,0,0,8235.771,,,,0,0
181,7,0,5,7,3,0,2,0,0,0,255,255,255,72,8256.831,"Azuner",R,0,82,133,0.847,1.68,0.291,1.611,0.36,2.673,-36.442,34.96,38,62,0,4,0,0,0,0,0,0,1,1,8,L,"ゆっち一",190,83.623,0.399,0,72,W,Y,0,0,0,0,0,0,0,0,0,0,0,0,0,0,0,0,-0.257,-37.322,0,"SFIDA",-0.358,-18.246,0,"甲斐野柊太",-24.55,-49.78,0,"柴山犬吉",-12.039,-64.803,0,"눈꽃",20.239,-48.168,0,"coder_",11.716,-68.316,0,"YukihiroD",47.915,-112.822,0,"Amellaid",6.212,-121.14,0,"소솨소솨",-34.864,-105.638,0,0,0,0,0,0,"",0,0,0,0,8252.708,,,,0,0
182,7,0,5,7,3,1,2,0,0,0,255,255,255,73,8272.433,"Azuner",R,0,88,140,-1.093,0.978,0.196,1.498,-0.483,2.235,-36.442,18.634,27,73,0,2,0,0,0,0,0,0,1,1,8,L,"ゆっち一",190,83.623,0.399,3,72,W,Y,8273.46,255,102,75,77,32,145,105,40.294,-25.259,-0.1,0,0.312,291.62,-293.705,-52.153,-0.201,-37.524,0,"SFIDA",-0.084,-17.564,0,"甲斐野柊太",-24.761,-51.751,0,"柴山犬吉",-12.015,-64.751,0,"눈꽃",19.882,-48.478,0,"coder_",12.214,-68.61,0,"YukihiroD",47.877,-112.849,0,"Amellaid",6.257,-121.139,0,"소솨소솨",-34.664,-105.746,0,8273.507,43.129,-94.353,8273.715,6,"YukihiroD",42.25,-93,0,0,,,,8280.49,96,1
183,8,1,5,7,0,0,0,0,0,0,255,255,255,92,8331.477,"TaeGeuk_",R,36,87,140,-1.217,2.468,0.396,1.411,-0.526,3.142,-36.83,16.075,2,43,56,2,0,-12.38,128.555,37.273,0,0,1,7,3,R,"柴山犬吉",169.9,90.243,0.6,3,116,W,Y,8332.528,162,82,112,36,18,145,113,27.301,-35.712,0.78,0,0.287,522.515,-278.264,97.712,0.285,-37.663,0,"_Chun",0.026,-17.351,0,"MuRaZaGi",-20.007,-45.584,0,"わかなで",-16.623,-64.842,0,"MODECO",18.295,-44.671,0,"檸檬の残骸",12.602,-63.073,0,"「론구」",35.609,-93.293,99,"ke ro",-0.037,-103.965,0,"ゆっち一",-42.601,-87.602,0,8332.021,64.378,-98.506,8333.805,6,"「론구」",62.423,-98.869,1,0,,8341.916,8346.771,,112,2
184,8,1,5,7,0,0,0,0,0,1,255,255,3,93,8379.241,"TaeGeuk_",R,2,85,124,-2.17,2.756,0.416,1.26,-0.436,2.655,-36.83,7.761,2,45,53,1,0,-351.615,-355.481,54.321,0,0,0,8,7,L,"Amellaid",160,80.447,0.439,0,116,W,Y,0,0,0,0,0,0,0,0,0,0,0,0,0,0,0,0,-0.14,-38.312,0,"_Chun",-0.055,-17.255,0,"MuRaZaGi",-17.155,-44.914,0,"わかなで",-11.627,-62.005,0,"MODECO",19.426,-41.777,0,"檸檬の残骸",12.656,-56.895,0,"「론구」",36.019,-84.376,0,"ke ro",5.951,-102.503,0,"ゆっち一",-37.467,-92.705,0,0,0,0,0,0,"",0,0,0,0,8375.117,,8381.772,,0,0
185,8,1,5,7,1,0,0,0,0,1,255,255,3,94,8391.005,"TaeGeuk_",R,3,72,118,-1.854,0.515,0.43,1.063,-0.367,1.897,-36.83,13.298,3,8,90,2,0,-260.429,0,17.528,0,0,1,8,7,L,"Amellaid",160,80.447,0.439,3,116,W,Y,8391.923,255,126,149,122,40,145,80,38.889,12.712,-0.79,0,0.47,353.19,115.268,-69.366,0.358,-37.836,0,"_Chun",0.064,-17.12,104,"MuRaZaGi",-17.235,-44.033,0,"わかなで",-13.582,-62.357,92,"MODECO",18.804,-43.319,0,"檸檬の残骸",12.869,-55.748,0,"「론구」",35.967,-84.298,0,"ke ro",6.904,-106.722,0,"ゆっち一",-38.421,-96.232,0,0,0,0,8391.319,3,"わかなで",-14.295,-75.751,0,0,8395.784,,8396.087,,73,1
186,8,1,5,7,0,0,1,0,0,1,255,255,3,95,8427.389,"TaeGeuk_",R,4,78,110,-1.948,-0.121,0.378,0.968,-0.407,1.574,-36.83,31.939,7,12,81,2,0,-237.312,0,5.542,0,0,1,0,5,R,"coder_",164.1,80,0.283,3,53,W,Y,8428.499,176,141,110,99,44,145,86,4.249,57.091,0.96,0,0.591,-191.355,-214.156,-154.046,0.353,-36.959,0,"_Chun",-0.219,-17.284,0,"MuRaZaGi",-20.598,-47.434,0,"わかなで",-16.082,-62.87,0,"MODECO",18.501,-43.235,0,"檸檬の残骸",10.463,-57.541,0,"「론구」",35.58,-91.127,0,"ke ro",-0.206,-99.326,0,"ゆっち一",-41.131,-97.553,0,8423.86,-17.045,-31.679,0,0,"",0,0,0,0,,,8431.789,,68,3
187,8,1,5,7,0,1,1,0,0,1,255,255,3,96,8457.764,"TaeGeuk_",R,17,62,100,5.64,-2.513,0.975,0.69,2.493,0.114,-36.83,81.609,17,21,62,3,0,-14.28,-133.085,-0.283,1.217,-20.945,0,0,5,R,"coder_",164.1,80,0.283,0,53,W,Y,0,0,0,0,0,0,0,0,0,0,0,0,0,0,0,0,0.621,-37.35,0,"_Chun",-0.114,-17.999,0,"MuRaZaGi",-21.21,-45.157,0,"わかなで",-16.373,-60.57,0,"MODECO",19.138,-41.542,0,"檸檬の残骸",9.913,-58.63,0,"「론구」",35.697,-93.361,0,"ke ro",0.617,-94.685,0,"ゆっち一",-42.605,-89.722,0,0,0,0,0,0,"",0,0,0,0,8456.055,,8460.38,,0,6
188,8,1,5,7,0,0,1,1,0,1,5,255,3,0,8732.423,"_Chun",L,26,87,140,1.45,0.635,-0.253,2.1,0.637,1.841,-36.623,44.781,77,23,0,0,0,1.951,-171.463,-12.414,0,0,0,1,2,R,"甲斐野柊太",190,80,0.2,0,115,W,Y,0,0,0,0,0,0,0,0,0,0,0,0,0,0,0,0,-0.116,-37.536,0,"TaeGeuk_",0.385,-20.566,0,"MuRaZaGi",-18.809,-39.535,0,"わかなで",-16.382,-61.678,0,"MODECO",19.126,-41.353,0,"檸檬の残骸",2.017,-61.084,0,"「론구」",37.827,-95.257,0,"ke ro",-0.835,-93.244,0,"ゆっち一",-44.495,-93.731,0,0,0,0,0,0,"",0,0,0,0,8728.298,,8734.913,,0,0
189,8,1,5,7,0,1,1,1,0,1,5,255,3,1,8778.122,"_Chun",L,10,80,122,-2.103,1.294,-0.514,2.207,-0.901,2.725,-36.623,71.693,70,30,0,2,0,0,284.762,0.109,0,0,1,1,2,R,"甲斐野柊太",190,80,0.2,3,24,W,Y,8779.257,255,75,119,131,51,145,130,27.842,26.646,0.57,0,0.099,350.032,196.16,52.399,-0.335,-36.916,0,"TaeGeuk_",-0.109,-17.88,0,"MuRaZaGi",-17.609,-42.304,0,"わかなで",-16.938,-61.71,0,"MODECO",18.532,-43.882,0,"檸檬の残骸",3.724,-61.499,0,"「론구」",37.706,-95.125,0,"ke ro",-0.671,-92.908,0,"ゆっち一",-44.513,-94.691,0,8779.132,-59.398,-122.906,0,0,"",0,0,0,0,,8786.264,8783.849,8789.902,8,4
190,8,1,8,7,0,0,1,0,0,0,255,255,255,2,8826.177,"_Chun",L,26,79,129,-3.158,0.906,-0.689,2.138,-1.341,1.971,-36.623,59.648,72,28,0,2,0,-8.731,-200,-8.846,0,0,1,2,4,L,"눈꽃",190,80,0.497,3,115,W,Y,8827.161,255,104,100,93,34,145,130,-30,36.068,0.69,0,0.482,2.877,84.431,593.824,-0.519,-36.866,0,"TaeGeuk_",-0.323,-17.921,0,"MuRaZaGi",-18.559,-45.868,85,"わかなで",-15.265,-62.778,0,"MODECO",20.462,-44.554,0,"檸檬の残骸",13.192,-63.829,0,"「론구」",51.051,-105.871,0,"ke ro",5.648,-117.213,0,"ゆっち一",-36.286,-112.393,0,8821.666,-2.305,-22.867,8823.027,2,"MuRaZaGi",-15.66,-48.221,0,0,,,,8834.45,12,2
191,8,1,8,7,0,0,2,0,0,0,255,255,255,3,8848.457,"_Chun",L,10,92,128,1.554,-1.548,-0.284,1.867,0.684,1.071,-36.623,31.584,87,13,0,1,0,0,400,-6.037,0,0,0,3,8,R,"소솨소솨",186.1,80,0.498,0,115,W,Y,0,0,0,0,0,0,0,0,0,0,0,0,0,0,0,0,0.008,-37.31,0,"TaeGeuk_",0.317,-17.675,0,"MuRaZaGi",-21.756,-45.247,0,"わかなで",-16.851,-62.123,0,"MODECO",20.277,-43.16,0,"檸檬の残骸",11.764,-63.791,0,"「론구」",36.676,-94.569,0,"ke ro",0.801,-113.052,0,"ゆっち一",-44.712,-95.617,0,0,0,0,0,0,"",0,0,0,0,8844.347,,,,0,0
192,8,1,8,7,1,0,2,0,0,0,255,255,255,4,8862.926,"_Chun",L,26,88,140,1.049,0.204,-0.285,2.035,0.426,1.562,-36.623,37.963,75,25,0,2,0,29.302,-173.659,-15.357,0,0,1,3,8,R,"소솨소솨",186.1,80,0.498,3,115,W,Y,8863.984,255,81,102,80,36,145,116,-30,9.151,0.87,0,0.442,-138.731,-117.3,3.915,-0.149,-37.03,89,"TaeGeuk_",0.208,-17.857,0,"MuRaZaGi",-20.675,-45.978,80,"わかなで",-16.531,-61.921,0,"MODECO",18.76,-44.39,0,"檸檬の残骸",11.499,-63.929,0,"「론구」",36.528,-94.444,0,"ke ro",0.862,-112.961,0,"ゆっち一",-46.522,-96.566,0,8858.437,-0.012,-20.666,8859.527,0,"_Chun",-2.273,-35.82,0,0,,,,,28,2
193,8,0,8,7,0,0,0,0,0,0,255,255,255,74,8932.013,"Azuner",R,13,85,110,-0.507,-1.451,0.202,1.281,0.101,1.229,-36.442,15.155,25,75,0,2,0,-180.488,400,0,0,0,1,2,2,R,"MuRaZaGi",190,90.17,0.403,3,56,W,Y,8933.111,255,106,131,144,78,145,114,-15.078,27.592,0.9,0,0.222,-88.627,259.37,-134.413,-0.039,-37.673,0,"SFIDA",0.008,-17.519,0,"甲斐野柊太",-17.673,-44.248,73,"柴山犬吉",-15.747,-63.175,89,"눈꽃",19.297,-49.915,0,"coder_",7.837,-69.931,0,"YukihiroD",31.511,-93.572,0,"Amellaid",-7.899,-116.924,0,"소솨소솨",-38.658,-93.684,0,8927.492,-0.961,-22.453,8929.444,3,"柴山犬吉",-20.657,-60.711,0,0,,,,,146,2
194,8,0,8,7,0,0,1,0,0,0,255,255,255,75,8957,"Azuner",R,14,74,101,2.683,-1.149,0.299,1.406,0.487,1.399,-36.442,20.948,52,48,0,1,0,334.716,342.212,0,0,0,0,3,0,L,"_Chun",190,80,0.455,0,115,W,Y,0,0,0,0,0,0,0,0,0,0,0,0,0,0,0,0,0.227,-37.746,0,"SFIDA",0.258,-17.615,0,"甲斐野柊太",-18.195,-45.469,0,"柴山犬吉",-13.136,-64.605,0,"눈꽃",20.114,-45.597,0,"coder_",12.139,-66.761,0,"YukihiroD",46.515,-106.601,0,"Amellaid",7.397,-122.623,0,"소솨소솨",-34.293,-88.755,0,0,0,0,0,0,"",0,0,0,0,8952.764,,,,0,0
195,8,0,8,7,1,0,1,0,0,0,255,255,255,76,8971.302,"Azuner",R,10,88,113,0.649,-1.45,0.279,1.264,0.314,1.208,-36.442,21.078,35,65,0,2,0,-22.366,400,0,0,0,1,3,0,L,"_Chun",190,80,0.455,3,115,W,Y,8972.292,255,174,108,106,59,145,116,-30,-32.499,0.88,0,0.528,-120.044,56.038,182.024,-0.024,-37.089,0,"SFIDA",-0.027,-17.689,0,"甲斐野柊太",-16.807,-44.454,89,"柴山犬吉",-12.95,-64.604,0,"눈꽃",19.883,-45.728,114,"coder_",11.628,-65.451,0,"YukihiroD",46.54,-106.63,0,"Amellaid",2.184,-116.912,0,"소솨소솨",-37.581,-94.851,0,8966.68,0.61,-21.467,8968.097,4,"눈꽃",15.648,-45.068,0,0,,,,,22,2
196,8,0,8,7,0,0,2,0,0,0,255,255,255,77,8995.509,"Azuner",R,13,73,100,-2.005,-0.977,0.357,1.448,-0.153,1.475,-36.442,30.529,0,100,0,1,0,-354.94,312.348,0,0,0,0,4,4,R,"MODECO",190,85,0.451,0,114,W,Y,0,0,0,0,0,0,0,0,0,0,0,0,0,0,0,0,0.062,-37.832,0,"SFIDA",-0.186,-17.415,0,"甲斐野柊太",-18.209,-44.557,0,"柴山犬吉",-16.139,-62.887,0,"눈꽃",19.602,-49.058,0,"coder_",8.05,-70.342,0,"YukihiroD",28.582,-93.093,0,"Amellaid",-12.756,-116.283,0,"소솨소솨",-40.986,-91.855,0,0,0,0,0,0,"",0,0,0,0,8991.354,,,,0,0
197,8,0,8,7,1,0,2,0,0,0,255,255,255,78,9011.949,"Azuner",R,0,85,138,3.085,-0.289,0.505,1.449,1.329,1.433,-36.442,36.247,0,100,0,2,0,0,0,0,0,0,0,4,4,R,"MODECO",190,85,0.451,3,114,W,Y,9012.927,246,92,98,58,38,145,91,55.424,-26.259,-0.79,0,0.431,569.625,-121.492,-50.724,0.001,-37.464,0,"SFIDA",0.185,-17.503,0,"甲斐野柊太",-18.389,-44.514,0,"柴山犬吉",-15.692,-63.068,0,"눈꽃",19.575,-49.112,0,"coder_",9.659,-68.738,0,"YukihiroD",28.628,-92.964,0,"Amellaid",-12.192,-116.071,0,"소솨소솨",-40.093,-96.287,0,0,0,0,9013.472,5,"coder_",28.933,-68.183,0,0,,,,,13,1
198,9,1,8,7,0,0,0,0,0,0,255,255,255,5,9084.976,"_Chun",L,14,90,126,-0.515,-0.691,-0.346,2.019,0.131,1.533,-36.623,39.61,78,22,0,0,0,-256.314,400,-19.974,0,0,0,4,0,L,"あいくんだよー『아이 군』",190,80,0.399,0,114,W,Y,0,0,0,0,0,0,0,0,0,0,0,0,0,0,0,0,-0.041,-37.239,0,"TaeGeuk_",-0.221,-18.164,0,"MuRaZaGi",-17.875,-44.032,0,"わかなで",-11.993,-65.307,0,"MODECO",20.489,-45.973,0,"檸檬の残骸",13.918,-62.728,0,"「론구」",50.673,-105.771,0,"ke ro",5.251,-104.886,0,"ゆっち一",-39.078,-101.206,0,0,0,0,0,0,"",0,0,0,0,9080.472,,,,0,0
199,9,1,8,7,0,1,0,0,0,0,255,255,255,6,9104.223,"_Chun",L,10,83,123,-2.247,-0.561,-0.595,2.035,-0.961,1.687,-36.623,56.695,72,28,0,2,0,0,400,-2.202,0,0,1,4,0,L,"あいくんだよー『아이 군』",190,80,0.399,3,114,W,Y,9105.133,197,124,121,65,25,145,118,-30,31.976,0.13,0,0.132,-479.791,347.394,81.854,-0.284,-36.879,0,"TaeGeuk_",-0.334,-17.971,0,"MuRaZaGi",-17.896,-44.64,0,"わかなで",-11.743,-64.757,0,"MODECO",20.178,-46.096,0,"檸檬の残骸",13.756,-62.751,71,"「론구」",50.594,-105.742,0,"ke ro",3.263,-104.97,0,"ゆっち一",-40.725,-100.252,0,9099.527,-1.094,-20.774,9100.972,2,"MuRaZaGi",-16.289,-44.931,0,0,,,,,140,2
200,9,1,8,7,0,0,1,0,0,0,255,255,255,7,9134.108,"_Chun",L,14,80,117,-3.977,-0.222,-0.594,2.119,-1.098,1.901,-36.623,57.831,78,22,0,1,0,-363.772,343.031,-19.281,0,0,0,5,6,R,"YukihiroD",174.3,80,0.4,0,72,W,Y,0,0,0,0,0,0,0,0,0,0,0,0,0,0,0,0,0.088,-37.669,0,"TaeGeuk_",-0.286,-17.914,0,"MuRaZaGi",-19.369,-43.085,0,"わかなで",-17.121,-61.993,0,"MODECO",19.42,-44.879,0,"檸檬の残骸",8.107,-64.964,0,"「론구」",35.611,-93.214,0,"ke ro",-2.323,-101.402,0,"ゆっち一",-46.411,-95.748,0,0,0,0,0,0,"",0,0,0,0,9129.639,,,,0,0
201,9,1,8,7,1,0,1,0,0,0,255,255,255,8,9149.039,"_Chun",L,27,85,137,0.835,0.79,-0.338,2.131,0.251,1.895,-36.623,46.687,78,22,0,2,0,88.55,-146.52,-12.084,0,0,1,5,6,R,"YukihiroD",174.3,80,0.4,3,72,W,Y,9150.114,206,96,80,11,1,134,115,-20.519,41.726,0.19,0,0.539,-328.641,343.798,-365.784,-0.123,-37.121,0,"TaeGeuk_",0.153,-18.226,0,"MuRaZaGi",-19.909,-44.744,75,"わかなで",-17.364,-61.712,0,"MODECO",19.239,-45.619,0,"檸檬の残骸",8.685,-64.073,0,"「론구」",35.555,-93.139,0,"ke ro",-2.17,-102.993,0,"ゆっち一",-45.998,-95.161,0,9144.249,-2.454,-22.356,9145.514,2,"MuRaZaGi",-19.991,-41.682,0,0,,,,,12,2
202,9,1,8,7,0,0,2,0,0,0,255,255,255,9,9172.652,"_Chun",L,10,83,124,1.557,-0.637,-0.278,2.086,0.685,1.632,-36.623,43.019,79,21,0,1,0,0,400,-7.658,0,0,0,6,1,L,"SFIDA",189.1,80,0.2,0,114,W,Y,0,0,0,0,0,0,0,0,0,0,0,0,0,0,0,0,-0.1,-37.091,0,"TaeGeuk_",0.348,-18,0,"MuRaZaGi",-18.336,-45.257,0,"わかなで",-16.24,-60.609,0,"MODECO",19.377,-46.051,0,"檸檬の残骸",12.464,-64.752,0,"「론구」",47.954,-103.659,0,"ke ro",4.86,-102.202,0,"ゆっち一",-36.643,-94.921,0,0,0,0,0,0,"",0,0,0,0,9167.992,,,,0,0
203,9,1,8,7,1,0,2,0,0,0,255,255,255,10,9187.965,"_Chun",L,26,92,140,-0.321,-0.218,-0.475,1.93,-0.207,1.285,-36.623,37.069,81,19,0,0,0,60.192,-200,-13.171,0,0,1,6,1,L,"SFIDA",189.1,80,0.2,0,114,W,Y,0,0,0,0,0,0,0,0,0,0,0,0,0,0,0,0,-0.203,-37.103,0,"TaeGeuk_",-0.211,-17.978,0,"MuRaZaGi",-19.686,-44.647,0,"わかなで",-15.617,-65.347,0,"MODECO",21.229,-45.165,0,"檸檬の残骸",12.428,-64.678,0,"「론구」",48.119,-103.809,0,"ke ro",5.872,-106.051,0,"ゆっち一",-37.192,-95.968,0,0,0,0,0,0,"",0,0,0,0,9183.173,,,,0,0
204,9,1,8,7,1,1,2,0,0,0,255,255,255,11,9204.837,"_Chun",L,26,83,135,-0.927,0.954,-0.495,2.156,-0.45,2.02,-36.623,54.405,70,28,2,2,0,36.6,-200,-14.579,0,0,1,6,1,L,"SFIDA",189.1,80,0.2,3,114,W,Y,9205.663,255,93,67,49,19,138,85,53.319,33.116,-0.85,0,0.426,257.639,181.79,-32.51,-0.162,-37.007,0,"TaeGeuk_",-0.222,-18.068,0,"MuRaZaGi",-18.819,-45.348,0,"わかなで",-14.052,-62.261,0,"MODECO",20.716,-45.637,0,"檸檬の残骸",13.745,-61.995,0,"「론구」",47.935,-103.638,0,"ke ro",5.849,-106.032,0,"ゆっち一",-37.163,-95.935,0,0,0,0,9205.326,3,"わかなで",-33.123,-65.139,0,0,,,,,5,1
205,9,0,8,7,0,0,0,0,0,0,255,255,255,79,9259.825,"Azuner",R,0,82,134,1.614,1.232,0.372,1.52,0.692,2.348,-36.442,30.024,0,100,0,2,0,0,0,0,0,0,1,5,6,R,"「론구」",179.9,80,0.3,3,114,W,Y,9260.868,210,143,124,73,62,145,88,109.14,26.681,-0.77,0,0.304,428.069,131.114,-70.653,-0.105,-37.589,0,"SFIDA",0.138,-17.44,0,"甲斐野柊太",-21.999,-47.623,0,"柴山犬吉",-17.018,-62.122,0,"눈꽃",19.593,-49.084,0,"coder_",9.285,-66.667,0,"YukihiroD",33.437,-92.473,0,"Amellaid",-11.022,-111.539,0,"소솨소솨",-41.714,-89.922,0,0,0,0,0,0,"",0,0,0,0,,,,,0,3
206,9,0,8,7,0,1,0,0,0,0,255,255,255,80,9278.937,"Azuner",R,10,82,109,0.427,-1.407,0.25,1.352,0.221,1.332,-36.442,19.3,26,74,0,1,0,-23.314,400,0,0,0,0,5,6,R,"「론구」",179.9,80,0.3,0,114,W,Y,0,0,0,0,0,0,0,0,0,0,0,0,0,0,0,0,-0.191,-37.703,0,"SFIDA",0.031,-17.68,0,"甲斐野柊太",-16.907,-44.082,0,"柴山犬吉",-16.728,-62.658,0,"눈꽃",20.356,-49.707,0,"coder_",8.083,-66.666,0,"YukihiroD",34.606,-94.991,0,"Amellaid",-10.937,-113.484,0,"소솨소솨",-42.104,-93.816,0,0,0,0,0,0,"",0,0,0,0,9274.555,,,,0,0
207,9,0,8,7,1,1,0,0,0,0,255,255,255,81,9293.833,"Azuner",R,0,88,140,1.539,1.12,0.335,1.491,0.66,2.283,-36.442,26.797,0,100,0,2,0,0,0,0,0,0,1,5,6,R,"「론구」",179.9,80,0.3,3,114,W,Y,9294.823,255,107,143,95,61,145,92,-10.318,46.594,0.96,0,0.231,238.027,-239.54,-56.489,-0.177,-37.281,0,"SFIDA",0.148,-17.58,0,"甲斐野柊太",-20.551,-47.586,86,"柴山犬吉",-16.815,-62.529,0,"눈꽃",19.887,-50.292,0,"coder_",4.679,-70.416,0,"YukihiroD",34.583,-94.993,0,"Amellaid",-10.852,-113.285,0,"소솨소솨",-41.987,-93.83,0,9289.235,-5.697,-24.646,9290.867,2,"甲斐野柊太",-23.525,-41.573,0,0,,,,,2,2
208,9,0,8,7,1,2,0,0,0,0,255,255,255,82,9312.437,"Azuner",R,3,81,107,-2.91,-0.132,0.245,1.3,-0.454,1.556,-36.442,25.163,0,100,0,1,0,-436.719,0,0,0,0,0,5,6,R,"「론구」",179.9,80,0.3,0,113,W,Y,0,0,0,0,0,0,0,0,0,0,0,0,0,0,0,0,0.019,-37.61,0,"SFIDA",-0.28,-17.137,0,"甲斐野柊太",-18.005,-42.482,0,"柴山犬吉",-16.937,-62.377,0,"눈꽃",19.869,-49.55,0,"coder_",4.125,-70.53,0,"YukihiroD",32.116,-93.165,0,"Amellaid",-9.831,-116.644,0,"소솨소솨",-42.959,-94.079,0,0,0,0,0,0,"",0,0,0,0,9307.999,,,,0,0
209,9,0,8,7,2,2,0,0,0,0,255,255,255,83,9327.506,"Azuner",R,0,82,134,1.012,2.079,0.281,1.631,0.432,2.852,-36.442,26.953,30,70,0,2,0,0,0,0,0,0,1,5,6,R,"「론구」",179.9,80,0.3,3,113,W,Y,9328.531,255,113,132,100,71,145,128,26.258,-15.72,0.55,0,0.369,286.063,-187.39,-27.909,-0.238,-37.629,0,"SFIDA",0.177,-18.058,0,"甲斐野柊太",-23.371,-49.136,0,"柴山犬吉",-16.888,-62.395,83,"눈꽃",19.953,-50.409,0,"coder_",9.149,-69.031,0,"YukihiroD",32.107,-93.178,90,"Amellaid",-9.037,-118.095,0,"소솨소솨",-42.338,-93.267,0,9328.041,34.329,-125.267,9330.034,6,"YukihiroD",28.592,-117.829,1,0,,9338.444,,,160,2
210,9,0,8,7,0,0,0,0,1,0,255,16,255,84,9363.159,"Azuner",R,3,84,109,-2.836,-0.091,0.243,1.298,-0.363,1.579,-36.442,26.289,0,100,0,4,0,-478.882,0,0,0,0,1,6,1,R,"TaeGeuk_",177.7,85.789,0.627,0,113,W,Y,0,0,0,0,0,0,0,0,0,0,0,0,0,0,0,0,-0.039,-37.551,0,"SFIDA",0.316,-17.685,0,"甲斐野柊太",-18.181,-43.7,0,"柴山犬吉",-16.135,-62.054,0,"눈꽃",18.096,-44.673,0,"coder_",3.239,-64.446,0,"YukihiroD",33.037,-93.73,0,"Amellaid",-9.828,-110.726,0,"소솨소솨",-41.336,-92.553,0,0,0,0,0,0,"",0,0,0,0,9358.514,9365.324,,,0,0
211,9,0,8,7,0,1,0,0,1,0,255,16,255,85,9382.743,"Azuner",R,3,78,109,-2.618,-0.522,0.16,1.216,-0.636,1.326,-36.442,22.739,0,100,0,1,0,-277.933,0,0,0,0,0,6,1,R,"TaeGeuk_",177.7,85.789,0.627,0,113,W,Y,0,0,0,0,0,0,0,0,0,0,0,0,0,0,0,0,-0.07,-37.54,0,"SFIDA",-0.139,-17.048,0,"甲斐野柊太",-17.444,-42.381,0,"柴山犬吉",-16.163,-62.309,0,"눈꽃",19.014,-44.764,0,"coder_",1.569,-64.876,0,"YukihiroD",31.369,-96.052,0,"Amellaid",-11.579,-107.608,0,"소솨소솨",-40.601,-92.869,0,0,0,0,0,0,"",0,0,0,0,9378.117,9384.791,,,0,0
212,9,0,8,7,1,1,0,0,1,0,255,16,255,86,9401.32,"Azuner",R,0,83,134,1.624,1.123,0.377,1.487,0.696,2.274,-36.442,26.884,0,100,0,1,0,0,0,0,0,0,0,6,1,R,"TaeGeuk_",177.7,85.789,0.627,0,113,W,Y,0,0,0,0,0,0,0,0,0,0,0,0,0,0,0,0,-0.083,-37.666,0,"SFIDA",0.171,-17.041,0,"甲斐野柊太",-19.479,-46.292,0,"柴山犬吉",-16.147,-62.349,0,"눈꽃",18.967,-44.343,0,"coder_",2.209,-65.115,0,"YukihiroD",31.059,-96.118,0,"Amellaid",-10.572,-108.037,0,"소솨소솨",-40.732,-92.923,0,0,0,0,0,0,"",0,0,0,0,9396.521,9403.34,,,0,0
213,9,0,8,7,2,1,0,0,1,0,255,16,255,87,9418.021,"Azuner",R,0,73,125,5.141,2.031,0.61,1.558,2.221,2.806,-36.442,55.677,0,100,0,1,0,0,0,0,0,0,0,6,1,R,"TaeGeuk_",177.7,85.789,0.627,0,113,W,Y,0,0,0,0,0,0,0,0,0,0,0,0,0,0,0,0,-0.162,-37.358,0,"SFIDA",1.361,-19.831,0,"甲斐野柊太",-18.443,-44.304,0,"柴山犬吉",-16.121,-62.39,0,"눈꽃",17.588,-45.761,0,"coder_",2.59,-65.173,0,"YukihiroD",31.098,-96.153,0,"Amellaid",-8.624,-108.387,0,"소솨소솨",-40.681,-92.997,0,0,0,0,0,0,"",0,0,0,0,9413.235,9420.562,,,0,0
214,9,0,8,7,3,1,0,0,1,0,255,16,255,88,9491.872,"Azuner",R,3,79,106,-2.384,-0.215,0.29,1.279,-0.277,1.51,-36.442,20.299,0,100,0,4,0,-404.554,0,0,0,0,1,6,1,R,"TaeGeuk_",177.7,85.789,0.627,0,71,W,Y,0,0,0,0,0,0,0,0,0,0,0,0,0,0,0,0,-0.059,-37.95,0,"SFIDA",-0.169,-17.519,0,"甲斐野柊太",-19.113,-43.444,0,"柴山犬吉",-16.277,-62.553,0,"눈꽃",18.932,-47.255,0,"coder_",2.178,-62.871,0,"YukihiroD",27.992,-91.277,0,"Amellaid",-8.732,-109.438,0,"소솨소솨",-39.589,-92.038,0,0,0,0,0,0,"",0,0,0,0,9487.09,9494.278,,,0,0
215,9,0,8,7,3,2,0,0,1,0,255,16,255,89,9509.426,"Azuner",R,3,80,108,-2.881,-0.463,0.187,1.254,-0.527,1.419,-36.442,22.112,0,100,0,1,0,-394.306,40.958,0,0,0,0,6,1,R,"TaeGeuk_",177.7,85.789,0.627,0,71,W,Y,0,0,0,0,0,0,0,0,0,0,0,0,0,0,0,0,-0.099,-37.597,0,"SFIDA",-0.254,-17.281,0,"甲斐野柊太",-18.058,-43.826,0,"柴山犬吉",-16.297,-62.476,0,"눈꽃",19.287,-47.455,0,"coder_",2.233,-63.844,0,"YukihiroD",27.967,-91.315,0,"Amellaid",-8.682,-108.837,0,"소솨소솨",-39.819,-91.041,0,0,0,0,0,0,"",0,0,0,0,9504.646,9512.02,,,0,5
216,9,0,8,7,0,0,0,1,1,0,11,16,255,90,9560.462,"Azuner",R,14,77,103,1.064,-1.528,0.155,1.28,-0.144,1.366,-36.442,13.723,43,57,0,4,0,304.941,379.398,0,0.44,-17.722,1,7,5,R,"檸檬の残骸",169.6,89.977,0.409,0,113,W,Y,0,0,0,0,0,0,0,0,0,0,0,0,0,0,0,0,-0.049,-37.723,0,"SFIDA",0.376,-17.409,0,"甲斐野柊太",-19.21,-41.059,0,"柴山犬吉",-12.896,-59.835,0,"눈꽃",19.762,-44.165,0,"coder_",2.946,-63.892,0,"YukihiroD",29.377,-89.035,0,"Amellaid",-7.763,-103.199,0,"소솨소솨",-39.149,-87.699,0,0,0,0,0,0,"",0,0,0,0,9557.992,9563.083,,,0,0
217,9,0,8,7,0,1,0,1,1,0,11,16,255,91,9579.61,"Azuner",R,0,80,130,0.014,1.37,0.225,1.517,-0.001,2.376,-36.442,17.9,20,80,0,4,0,0,0,0,0,0,1,7,5,R,"檸檬の残骸",169.6,89.977,0.409,0,113,W,Y,0,0,0,0,0,0,0,0,0,0,0,0,0,0,0,0,0.005,-37.437,0,"SFIDA",-0.022,-16.884,0,"甲斐野柊太",-21.591,-45.553,0,"柴山犬吉",-12.893,-59.796,0,"눈꽃",19.561,-45.395,0,"coder_",3.935,-62.044,0,"YukihiroD",29.091,-90.187,0,"Amellaid",-6.895,-105.642,0,"소솨소솨",-39.584,-89.384,0,0,0,0,0,0,"",0,0,0,0,9575.007,9582.03,,,0,0
218,9,0,8,7,0,2,0,1,1,0,11,16,255,92,9606.748,"Azuner",R,0,86,140,-0.458,2.239,0.182,1.632,-0.205,2.866,-36.442,19.366,70,30,0,4,0,0,0,0,0,0,1,7,5,R,"檸檬の残骸",169.6,89.977,0.409,0,113,W,Y,0,0,0,0,0,0,0,0,0,0,0,0,0,0,0,0,-0.205,-37.744,0,"SFIDA",-0.725,-19.679,0,"甲斐野柊太",-19.453,-40.653,0,"柴山犬吉",-12.868,-59.83,0,"눈꽃",19.246,-43.997,0,"coder_",4.222,-62.622,0,"YukihiroD",29.043,-90.116,0,"Amellaid",-6.495,-105.498,0,"소솨소솨",-39.611,-89.28,0,0,0,0,0,0,"",0,0,0,0,9602.166,9609.218,,,0,0
219,9,0,8,7,0,0,1,1,1,0,11,16,255,93,9633.11,"Azuner",R,14,71,99,1.063,-1.369,0.114,1.222,-0.224,1.469,-36.442,18.602,49,51,0,1,0,328.492,341.734,0,0,0,0,8,7,R,"ke ro",164.8,80,0.398,0,112,W,Y,0,0,0,0,0,0,0,0,0,0,0,0,0,0,0,0,-0.078,-37.329,0,"SFIDA",0.149,-17.192,0,"甲斐野柊太",-19.604,-41.007,0,"柴山犬吉",-12.92,-59.885,0,"눈꽃",19.15,-45.846,0,"coder_",1.982,-62.883,0,"YukihiroD",32.85,-94.146,0,"Amellaid",-4.018,-112.022,0,"소솨소솨",-40.505,-91.615,0,0,0,0,0,0,"",0,0,0,0,9628.583,9635.396,,,0,0
220,9,0,8,7,1,0,1,1,1,0,11,16,255,94,9649.941,"Azuner",R,0,82,133,0.398,1.14,0.257,1.476,0.165,2.228,-36.442,18.254,0,100,0,2,0,0,0,0,0,0,1,8,7,R,"ke ro",164.8,80,0.398,3,112,W,Y,9651,177,81,98,67,8,145,122,95.848,-28.922,0.58,0,0.525,-21.029,41.268,-9.394,-0.231,-37.53,0,"SFIDA",0.13,-17.209,0,"甲斐野柊太",-15.919,-43.731,0,"柴山犬吉",-12.914,-59.786,0,"눈꽃",17.322,-45.924,0,"coder_",5.706,-62.693,0,"YukihiroD",34.321,-94.224,0,"Amellaid",-4.759,-112.182,0,"소솨소솨",-40.558,-91.634,0,9653.249,-8.661,-3.027,0,0,"",0,0,0,0,,9652.918,,,0,3
221,9,0,8,7,1,1,1,1,1,0,11,16,255,95,9680.817,"Azuner",R,14,73,100,1.94,-1.186,0.181,1.419,0.111,1.502,-36.442,14.127,49,51,0,1,0,354.94,312.348,0,0,0,0,8,7,R,"ke ro",164.8,80,0.398,0,112,W,Y,0,0,0,0,0,0,0,0,0,0,0,0,0,0,0,0,-0.155,-37.54,0,"SFIDA",0.074,-17.241,0,"甲斐野柊太",-17.914,-41.519,0,"柴山犬吉",-13.376,-60.095,0,"눈꽃",19.273,-44.155,0,"coder_",4.246,-63.219,0,"YukihiroD",32.491,-95.041,0,"Amellaid",-6.339,-111.749,0,"소솨소솨",-40.54,-90.224,0,0,0,0,0,0,"",0,0,0,0,9676.284,9683.596,,,0,0
222,9,0,8,7,2,1,1,1,1,0,11,16,255,96,9697.467,"Azuner",R,0,87,140,-0.401,0.779,0.181,1.424,-0.18,2.035,-36.442,10.239,0,100,0,0,0,0,0,0,0,0,0,8,7,R,"ke ro",164.8,80,0.398,0,112,W,Y,0,0,0,0,0,0,0,0,0,0,0,0,0,0,0,0,-0.088,-37.74,0,"SFIDA",-0.113,-17.18,0,"甲斐野柊太",-16.984,-43.56,0,"柴山犬吉",-13.105,-60.544,0,"눈꽃",19.973,-46.732,0,"coder_",4.308,-64.287,0,"YukihiroD",32.471,-95.076,0,"Amellaid",-4.427,-113.722,0,"소솨소솨",-39.233,-90.745,0,0,0,0,0,0,"",0,0,0,0,9692.659,9699.606,,,0,0
223,9,0,8,7,2,2,1,1,1,0,11,16,255,97,9715.199,"Azuner",R,13,91,113,-1.825,-2.832,0.178,1.058,-0.166,0.574,-36.442,28.025,29,41,30,1,0,-360.519,346.448,0,-0.345,-20.296,0,8,7,R,"ke ro",164.8,80,0.398,0,112,W,Y,0,0,0,0,0,0,0,0,0,0,0,0,0,0,0,0,0.075,-37.521,0,"SFIDA",-0.044,-17.363,0,"甲斐野柊太",-19.202,-40.46,0,"柴山犬吉",-13.157,-60.612,0,"눈꽃",20.012,-46.237,0,"coder_",4.67,-63.451,0,"YukihiroD",32.548,-95.021,0,"Amellaid",-5.384,-112.496,0,"소솨소솨",-39.168,-90.681,0,0,0,0,0,0,"",0,0,0,0,9710.59,9717.337,,,0,0
224,9,0,8,7,3,2,1,1,1,0,11,16,255,98,9732.745,"Azuner",R,0,82,134,-0.341,0.259,0.154,1.346,-0.154,1.75,-36.442,13.095,13,87,0,0,0,0,0,0,0,0,0,8,7,R,"ke ro",164.8,80,0.398,0,112,W,Y,0,0,0,0,0,0,0,0,0,0,0,0,0,0,0,0,-0.07,-37.446,0,"SFIDA",0.102,-17.203,0,"甲斐野柊太",-17.112,-42.914,0,"柴山犬吉",-13.151,-60.543,0,"눈꽃",20.114,-45.055,0,"coder_",4.046,-64.16,0,"YukihiroD",32.559,-95.018,0,"Amellaid",-4.939,-113.486,0,"소솨소솨",-36.605,-87.034,0,0,0,0,0,0,"",0,0,0,0,9728.097,9735.197,,,0,0
225,9,0,8,7,0,0,2,1,1,0,11,16,255,99,9758.806,"Azuner",R,0,85,138,-0.946,2.064,0.219,1.575,-0.419,2.697,-36.442,28.171,28,72,0,1,0,0,0,0,0,0,0,0,3,L,"わかなで",160,94.33,0.2,0,43,W,Y,0,0,0,0,0,0,0,0,0,0,0,0,0,0,0,0,-0.175,-37.741,0,"SFIDA",-0.082,-17.208,0,"甲斐野柊太",-18.592,-41.351,0,"柴山犬吉",-8.621,-63.495,0,"눈꽃",18.91,-45.904,0,"coder_",10.068,-60.723,0,"YukihiroD",32.39,-95.115,0,"Amellaid",3.36,-102.551,0,"소솨소솨",-30.027,-79.278,0,0,0,0,0,0,"",0,0,0,0,9754.18,9761.266,,,0,0
226,9,0,8,7,1,0,2,1,1,0,11,16,255,100,9777.237,"Azuner",R,0,83,135,-1.525,1.151,0.202,1.471,-0.671,2.214,-36.442,19.141,13,87,0,1,0,0,0,0,0,0,0,0,3,L,"わかなで",160,94.33,0.2,0,43,W,Y,0,0,0,0,0,0,0,0,0,0,0,0,0,0,0,0,-0.17,-37.777,0,"SFIDA",-0.119,-17.469,0,"甲斐野柊太",-18.13,-41.048,0,"柴山犬吉",-8.454,-62.197,0,"눈꽃",17.797,-44.388,0,"coder_",9.635,-61.518,0,"YukihiroD",32.548,-95,0,"Amellaid",2.859,-102.204,0,"소솨소솨",-30.022,-78.802,0,0,0,0,0,0,"",0,0,0,0,9772.68,9779.867,,,0,0
227,9,0,8,7,2,0,2,1,1,0,11,16,255,101,9797.816,"Azuner",R,0,83,135,1.412,1.871,0.442,1.526,0.602,2.595,-36.442,42.645,0,100,0,1,0,0,0,0,0,0,0,0,3,L,"わかなで",160,94.33,0.2,0,43,W,Y,0,0,0,0,0,0,0,0,0,0,0,0,0,0,0,0,-0.144,-37.711,0,"SFIDA",-0.06,-17.491,0,"甲斐野柊太",-15.698,-44.17,0,"柴山犬吉",-9.099,-63.364,0,"눈꽃",18.451,-44.471,0,"coder_",11.863,-60.189,0,"YukihiroD",32.406,-94.417,0,"Amellaid",3.274,-103.616,0,"소솨소솨",-31.43,-80.467,0,0,0,0,0,0,"",0,0,0,0,9793.201,9800.118,,,0,0
228,9,0,8,7,3,0,2,1,1,0,11,16,255,102,9814.829,"Azuner",R,0,81,131,-0.605,-0.683,0.266,1.257,-0.272,1.244,-36.442,26.769,0,100,0,0,0,0,0,0,0,0,0,0,3,L,"わかなで",160,94.33,0.2,0,43,W,Y,0,0,0,0,0,0,0,0,0,0,0,0,0,0,0,0,-0.243,-37.679,0,"SFIDA",-0.017,-17.524,0,"甲斐野柊太",-16.289,-43.451,0,"柴山犬吉",-9.407,-63.223,0,"눈꽃",17.996,-44.494,0,"coder_",12.422,-60.394,0,"YukihiroD",32.482,-94.44,0,"Amellaid",2.728,-105.551,0,"소솨소솨",-30.232,-80.313,0,0,0,0,0,0,"",0,0,0,0,9810.055,9817.217,,,0,0
229,9,0,8,7,3,1,2,1,1,0,11,16,255,103,9829.464,"Azuner",R,0,85,137,-0.416,-0.894,0.277,1.399,-0.19,1.126,-36.442,23.491,0,100,0,2,0,0,0,0,0,0,1,0,3,L,"わかなで",160,94.33,0.2,3,43,W,Y,9830.575,163,138,105,93,73,145,116,-30,17.956,0.76,0,0.291,-131.909,250.364,-16.068,-0.123,-37.498,0,"SFIDA",0.002,-17.606,0,"甲斐野柊太",-15.391,-44.125,0,"柴山犬吉",-9.344,-63.186,103,"눈꽃",18.072,-44.153,0,"coder_",11.947,-61.106,0,"YukihiroD",32.301,-94.506,0,"Amellaid",3.316,-104.649,0,"소솨소솨",-30.074,-81.04,0,9824.444,-0.359,-19.684,9826.451,3,"柴山犬吉",-13.29,-59.36,0,0,,,9836.025,,130,2
