id,inn,half,scoreA,scoreB,ball,strk,out,b1,b2,b3,b1Idx,b2Idx,b3Idx,pCnt,pSec,pName,pHand,pType,pPow,spdK,zoneX,zoneY,startX,startY,targetX,targetY,zDist,pitchAngle,pOver,pSide,pUnder,call,balk,sH,sV,gyro,plx,plz,bSwing,bIdx,bPos,bZone,bName,bHCm,batLen,batCen,batType,bFps,bOS,bVR,hSec,rotS,rotL,shS,lgS,prepS,batSpd,ev,ldeg,sdeg,hPos,buntGrip,handDist,angVeloX,angVeloY,angVeloZ,PPosX,PPosY,PThrSpd,CName,CPosX,CPosY,CThrSpd,1BName,1BPosX,1BPosY,1BThrSpd,2BName,2BPosX,2BPosY,2BThrSpd,3BName,3BPosX,3BPosY,3BThrSpd,SSName,SSPosX,SSPosY,SSThrSpd,LFName,LFPosX,LFPosY,LFThrSpd,CFName,CFPosX,CFPosY,CFThrSpd,RFName,RFPosX,RFPosY,RFThrSpd,ltSec,lx,lz,cSec,cPos,cPlr,cx,cz,1BSafe,tag,cpSec,sb2Sec,sb3Sec,sbhSec,ass,result
1,1,1,0,0,0,0,0,0,0,0,255,255,255,0,1692.825,"encounter v",R,26,99,140,0.699,1.057,0.226,2.349,0.122,2.001,-36.681,50.433,72,28,0,0,0,129.069,-200,-6.341,0,0,0,0,7,R,"「yune」",174.8,80,0.28,0,89,W,Y,0,0,0,0,0,0,0,0,0,0,0,0,0,0,0,0,0.276,-37.5,0,"DoYaGee",0.041,-17.435,0,"쟈가리코",-22.228,-46.513,0,"muyang_",-17.692,-63.601,0,"わだ、、",19.092,-46.196,0,"shimenawa",12.459,-65.49,0,"_송글_",39.742,-88.478,0,"ByeolBam",-2.525,-109.499,0,"ddil_ddil69",-39.442,-88.34,0,0,0,0,0,0,"",0,0,0,0,1694.492,,,,0,0
2,1,1,0,0,0,1,0,0,0,0,255,255,255,1,1709.244,"encounter v",R,13,75,113,-0.057,-0.871,0.336,2.219,0.632,1.546,-36.681,50.685,86,14,0,2,0,-369.471,336.884,-1.547,0,0,1,0,7,R,"「yune」",174.8,80,0.28,3,89,W,Y,1710.444,237,212,97,85,43,145,126,-16.178,6.874,0.63,0,0.364,-231.456,234.375,-281.067,0.058,-37.223,0,"DoYaGee",-0.051,-17.596,0,"쟈가리코",-21.843,-46.75,70,"muyang_",-17.03,-62.881,0,"わだ、、",18.181,-46.587,0,"shimenawa",11.909,-65.169,0,"_송글_",39.715,-88.498,0,"ByeolBam",-2.527,-109.482,103,"ddil_ddil69",-39.336,-88.408,0,1710.671,-0.235,-22.232,1714.034,7,"ByeolBam",-8.174,-98.424,1,0,,,,,44,2
3,1,1,0,0,0,0,0,1,0,0,7,255,255,2,1738.4,"encounter v",R,26,94,140,1.585,1.531,0.309,2.426,0.505,2.27,-36.681,65.282,77,23,0,1,0,148.079,-200,-5.736,0,0,0,1,5,R,"CoalCat",175.4,82.838,0.435,0,88,W,Y,0,0,0,0,0,0,0,0,0,0,0,0,0,0,0,0,0.168,-37.23,0,"DoYaGee",-0.709,-18.274,0,"쟈가리코",-21.294,-42.777,0,"muyang_",-12.797,-57.446,0,"わだ、、",18.173,-44.619,0,"shimenawa",8.441,-65.076,0,"_송글_",42.471,-92.476,0,"ByeolBam",-3.94,-114.054,0,"ddil_ddil69",-43.624,-92.85,0,0,0,0,0,0,"",0,0,0,0,1740.059,,,,0,0
4,1,1,0,0,1,0,0,1,0,0,7,255,255,3,1752.443,"encounter v",R,26,97,140,1.574,1.241,0.302,2.378,0.474,2.102,-36.681,56.009,67,33,0,2,0,148.198,-200,-2.785,0,0,1,1,5,R,"CoalCat",175.4,82.838,0.435,3,88,W,Y,1753.511,229,68,103,75,38,145,91,98.808,-14.588,-0.53,0,0.357,214.259,-39.091,-31.162,0.215,-37.093,0,"DoYaGee",-0.042,-17.504,0,"쟈가리코",-20.743,-46.477,0,"muyang_",-14.833,-58.059,0,"わだ、、",17.765,-44.905,0,"shimenawa",8.37,-64.669,0,"_송글_",42.529,-92.422,0,"ByeolBam",-3.957,-114.933,0,"ddil_ddil69",-43.624,-92.961,0,0,0,0,0,0,"",0,0,0,0,,,,,32,3
5,1,1,0,0,1,1,0,1,0,0,7,255,255,4,1779.068,"encounter v",R,10,91,128,0.492,1.694,0.262,2.438,0.29,3.016,-36.681,70.68,81,19,0,2,1,-55.308,400,-23.404,0,0,1,1,5,R,"CoalCat",175.4,82.838,0.435,3,39,W,Y,1780.198,147,38,74,49,15,138,114,95.936,-84.031,0.21,0,0.401,-25.102,585.126,-39.742,0.179,-37.165,0,"DoYaGee",-0.033,-17.438,0,"쟈가리코",-20.728,-45.976,0,"muyang_",-14.116,-58.812,0,"わだ、、",17.538,-45.231,0,"shimenawa",11.294,-66.018,0,"_송글_",42.28,-91.154,0,"ByeolBam",-1.794,-109.469,0,"ddil_ddil69",-43.317,-92.28,0,0,0,0,0,0,"",0,0,0,0,,,,,32,3
6,1,1,0,0,1,2,0,0,1,0,255,255,255,5,1830.047,"encounter v",R,26,92,140,1.33,1.027,0.268,2.343,0.318,1.979,-36.681,54.524,79,21,0,2,0,184.716,-200,-14.438,0,0,1,1,5,R,"CoalCat",175.4,82.838,0.435,3,39,W,Y,1831.113,255,54,164,87,18,145,84,27.57,-24.143,-0.89,0,0.393,352.973,-420.819,67.991,0.152,-37.127,0,"DoYaGee",0.018,-17.427,0,"쟈가리코",-20.728,-45.484,0,"muyang_",-15.458,-58.784,71,"わだ、、",17.928,-45.959,0,"shimenawa",9.045,-66.014,0,"_송글_",42.128,-89.59,101,"ByeolBam",-1.459,-110.785,0,"ddil_ddil69",-43.026,-93.011,0,0,0,0,1836.405,6,"_송글_",34.478,-80.919,0,0,,1836.703,,,304,1
7,1,1,0,0,0,0,1,0,1,0,255,255,255,6,1862.101,"encounter v",R,26,94,140,7.546,-1.087,0.257,1.779,3.2,0.737,-36.681,26.227,47,53,0,1,0,67.969,-200,-2.748,1.819,-14.847,0,2,0,R,"あくせる",190,89.801,0.5,0,84,W,Y,0,0,0,0,0,0,0,0,0,0,0,0,0,0,0,0,0.256,-35.55,0,"DoYaGee",1.845,-17.021,0,"쟈가리코",-21.752,-44.206,0,"muyang_",-16.659,-62.414,0,"わだ、、",19.317,-46.478,0,"shimenawa",8.528,-65.372,0,"_송글_",42.808,-91.765,0,"ByeolBam",-1.129,-109.058,0,"ddil_ddil69",-46.952,-96.679,0,0,0,0,0,0,"",0,0,0,0,1866.421,,1868.114,,0,0
8,1,1,0,0,1,0,1,0,0,1,255,255,7,7,1888.782,"encounter v",R,26,91,140,1.507,1.351,0.29,2.435,0.419,2.254,-36.681,66.549,75,25,0,4,0,167.537,-200,-17.16,0,0,1,2,0,R,"あくせる",190,89.801,0.5,0,84,W,Y,0,0,0,0,0,0,0,0,0,0,0,0,0,0,0,0,0.209,-37.406,0,"DoYaGee",0.09,-17.394,0,"쟈가리코",-21.392,-44.234,0,"muyang_",-16.896,-63.175,0,"わだ、、",17.869,-41.713,0,"shimenawa",11.567,-65.066,0,"_송글_",40.768,-84.361,0,"ByeolBam",-1.286,-108.253,0,"ddil_ddil69",-46.293,-97.006,0,0,0,0,0,0,"",0,0,0,0,1890.413,,1891.795,,0,0
9,1,1,0,0,1,1,1,0,0,1,255,255,7,8,1904.917,"encounter v",R,26,93,140,0.556,0.808,0.201,2.33,0.005,1.915,-36.681,45.607,79,21,0,0,0,169.168,-200,-7.112,0,0,1,2,0,R,"あくせる",190,89.801,0.5,0,84,W,Y,0,0,0,0,0,0,0,0,0,0,0,0,0,0,0,0,0.145,-37.272,0,"DoYaGee",0.038,-17.365,0,"쟈가리코",-21.596,-46.057,0,"muyang_",-17.075,-62.821,0,"わだ、、",18.122,-41.49,0,"shimenawa",7.85,-67.319,0,"_송글_",38.859,-87.667,0,"ByeolBam",-0.207,-109.111,0,"ddil_ddil69",-46.469,-97.295,0,0,0,0,0,0,"",0,0,0,0,1906.492,,1908.004,,0,0
10,1,1,0,0,1,2,1,0,0,1,255,255,7,9,1925.793,"encounter v",R,32,100,140,1.401,1.836,0.256,2.431,0.26,2.563,-36.681,58.301,68,32,0,4,0,250,-200,9.759,0,0,1,2,0,R,"あくせる",190,89.801,0.5,0,84,W,Y,0,0,0,0,0,0,0,0,0,0,0,0,0,0,0,0,0.209,-37.227,0,"DoYaGee",0.08,-17.348,0,"쟈가리코",-20.984,-44.785,0,"muyang_",-16.86,-63.101,0,"わだ、、",18.094,-42.098,0,"shimenawa",9.884,-66.058,0,"_송글_",39.161,-87.455,0,"ByeolBam",-0.102,-109.265,0,"ddil_ddil69",-46.446,-97.319,0,0,0,0,0,0,"",0,0,0,0,1927.455,,1928.511,,0,0
11,1,1,0,0,0,0,2,0,0,1,255,255,7,10,1946.906,"encounter v",R,13,88,126,0.251,1.364,0.315,2.504,0.537,2.8,-36.681,70.083,77,23,0,1,0,-321.847,382.642,-17.061,0,0,0,3,2,R,"にゃんこ65K",190,91.072,0.596,0,82,W,Y,0,0,0,0,0,0,0,0,0,0,0,0,0,0,0,0,0.265,-37.412,0,"DoYaGee",0.078,-17.421,0,"쟈가리코",-23.163,-48.52,0,"muyang_",-17.062,-63.696,0,"わだ、、",18.404,-42.159,0,"shimenawa",8.712,-66.107,0,"_송글_",40.595,-88.455,0,"ByeolBam",-0.674,-110.02,0,"ddil_ddil69",-47.053,-96.28,0,0,0,0,0,0,"",0,0,0,0,1948.613,,1949.786,,0,0
12,1,1,0,0,1,0,2,0,0,1,255,255,7,11,1962.734,"encounter v",R,26,95,140,1.793,0.816,0.317,2.333,0.545,1.921,-36.681,51.892,71,29,0,1,0,165.181,-200,-18.358,0,0,0,3,2,R,"にゃんこ65K",190,91.072,0.596,0,82,W,Y,0,0,0,0,0,0,0,0,0,0,0,0,0,0,0,0,0.164,-37.286,0,"DoYaGee",0.056,-17.42,0,"쟈가리코",-22.783,-47.476,0,"muyang_",-17.177,-63.28,0,"わだ、、",18.107,-41.785,0,"shimenawa",8.009,-66.296,0,"_송글_",40.605,-88.46,0,"ByeolBam",-0.634,-109.939,0,"ddil_ddil69",-47.495,-96.337,0,0,0,0,0,0,"",0,0,0,0,1964.309,,1965.417,,0,0
13,1,1,0,0,2,0,2,0,0,1,255,255,7,12,1981.843,"encounter v",R,26,88,140,1.563,1.343,0.3,2.435,0.466,2.251,-36.681,72.973,74,26,0,1,0,150.184,-200,-19.242,0,0,0,3,2,R,"にゃんこ65K",190,91.072,0.596,0,82,W,Y,0,0,0,0,0,0,0,0,0,0,0,0,0,0,0,0,0.185,-37.28,0,"DoYaGee",0.068,-17.388,0,"쟈가리코",-22.09,-47.16,0,"muyang_",-17.194,-63.254,0,"わだ、、",17.714,-41.608,0,"shimenawa",9.377,-65.893,0,"_송글_",40.507,-88.567,0,"ByeolBam",-2.138,-110.482,0,"ddil_ddil69",-47.454,-96.288,0,0,0,0,0,0,"",0,0,0,0,1983.446,,1984.316,,0,0
14,1,1,0,0,3,0,2,0,0,1,255,255,7,13,1999.033,"encounter v",R,26,95,140,0.864,0.921,0.322,2.353,0.103,1.987,-36.681,61.832,76,24,0,0,0,197.713,-200,-26.385,0,0,0,3,2,R,"にゃんこ65K",190,91.072,0.596,0,82,W,Y,0,0,0,0,0,0,0,0,0,0,0,0,0,0,0,0,0.195,-37.345,0,"DoYaGee",0.034,-17.429,0,"쟈가리코",-22.561,-47.081,0,"muyang_",-16.992,-63.348,0,"わだ、、",18.188,-40.848,0,"shimenawa",8.43,-66.442,0,"_송글_",40.58,-88.494,0,"ByeolBam",-3.306,-112.216,0,"ddil_ddil69",-47.464,-96.333,0,0,0,0,0,0,"",0,0,0,0,2000.659,,2001.99,,0,0
15,1,1,0,0,3,1,2,0,0,1,255,255,7,14,2016.322,"encounter v",R,13,97,126,-0.15,0.035,0.415,2.34,0.535,1.945,-36.681,58.39,75,25,0,0,0,-390.434,312.348,-0.512,0,0,1,3,2,R,"にゃんこ65K",190,91.072,0.596,0,82,W,Y,0,0,0,0,0,0,0,0,0,0,0,0,0,0,0,0,0.161,-37.46,0,"DoYaGee",-0.017,-17.488,0,"쟈가리코",-22.179,-45.508,0,"muyang_",-17.66,-62.654,0,"わだ、、",17.64,-42.298,0,"shimenawa",8.342,-65.871,0,"_송글_",40.834,-88.996,0,"ByeolBam",-2.652,-112.403,0,"ddil_ddil69",-47.434,-96.328,0,0,0,0,0,0,"",0,0,0,0,2017.938,,2018.717,,0,0
16,1,1,0,0,3,2,2,0,0,1,255,255,7,15,2037.17,"encounter v",R,33,96,140,3.113,-0.181,0.456,2.172,1.191,1.403,-36.681,75.509,67,33,0,2,0,109.92,-78.514,-3.058,0,0,1,3,2,R,"にゃんこ65K",190,91.072,0.596,3,82,W,Y,2038.26,188,109,152,98,29,145,90,5.135,-3.083,-0.84,0,0.266,264.234,-172.594,-16.056,0.303,-36.853,0,"DoYaGee",0.176,-17.557,0,"쟈가리코",-21.503,-47.075,0,"muyang_",-16.927,-62.751,0,"わだ、、",16.785,-46.033,0,"shimenawa",14.231,-65.038,106,"_송글_",40.72,-89.06,0,"ByeolBam",-0.412,-109.763,0,"ddil_ddil69",-47.409,-96.313,0,2039.942,2.837,-52.411,2040.938,5,"shimenawa",4.145,-64.501,0,0,2073.096,,,2041.95,23,2
17,1,0,0,0,0,0,0,0,0,0,255,255,255,0,2206.792,"あくせる",R,34,94,140,0.011,-0.745,0.235,1.392,-0.087,1.104,-36.443,13.855,0,100,0,0,0,81.329,-79.87,24.873,0,0,0,0,5,L,"shimenawa",175.4,94.778,0.295,0,77,W,Y,0,0,0,0,0,0,0,0,0,0,0,0,0,0,0,0,-0.014,-37.533,0,"kneesohime",0.04,-17.4,0,"にゃんこ65K",-22.018,-48.62,0,"vovopo 보보포",-11.59,-58.894,0,"Parottey",20.983,-46.421,0,"CoalCat",12.836,-62.241,0,"Roscosmos",45.627,-88.056,0,"「yune」",9.838,-112.593,0,"Metalu",-37.131,-93.308,0,0,0,0,0,0,"",0,0,0,0,2208.292,,,,0,0
18,1,0,0,0,0,1,0,0,0,0,255,255,255,1,2222.749,"あくせる",R,26,90,140,-1.33,0.955,0.106,1.653,-0.687,2.019,-36.443,10.969,13,87,0,2,0,79.223,-155.223,24.294,0,0,1,0,5,L,"shimenawa",175.4,94.778,0.295,3,77,W,Y,2223.839,120,76,89,37,5,137,82,54.867,-26.334,-0.77,0,0.217,-505.035,209.257,-114.013,-0.031,-36.502,0,"kneesohime",-0.155,-17.373,0,"にゃんこ65K",-20.965,-50.652,0,"vovopo 보보포",-11.607,-59.623,0,"Parottey",20.369,-46.549,0,"CoalCat",12.924,-61.698,85,"Roscosmos",45.893,-87.537,0,"「yune」",9.789,-112.594,0,"Metalu",-37.389,-92.575,0,2228.926,19.726,-67.534,2229.167,5,"CoalCat",19.116,-65.872,0,0,,,,,6,1
19,1,0,0,0,0,0,1,0,0,0,255,255,255,2,2247.651,"あくせる",R,32,89,140,1.487,0.064,0.349,1.506,0.446,1.515,-36.443,19.792,0,100,0,1,0,176.082,-165.463,22.539,0,0,0,1,4,L,"わだ、、",190,85,0.528,0,76,W,Y,0,0,0,0,0,0,0,0,0,0,0,0,0,0,0,0,-0.222,-37.031,0,"kneesohime",0.067,-17.409,0,"にゃんこ65K",-21.663,-50.555,0,"vovopo 보보포",-11.538,-58.422,0,"Parottey",19.746,-45.889,0,"CoalCat",14.068,-60.558,0,"Roscosmos",47.512,-87.995,0,"「yune」",12.857,-112.734,0,"Metalu",-34.499,-93.866,0,0,0,0,0,0,"",0,0,0,0,2249.176,,,,0,0
20,1,0,0,0,0,1,1,0,0,0,255,255,255,3,2268.086,"あくせる",R,32,95,140,3.242,-0.285,0.49,1.43,1.101,1.268,-36.443,27.814,0,100,0,1,0,223.497,-200,13.867,0,0,0,1,4,L,"わだ、、",190,85,0.528,0,76,W,Y,0,0,0,0,0,0,0,0,0,0,0,0,0,0,0,0,0.137,-37.433,0,"kneesohime",0.077,-17.37,0,"にゃんこ65K",-21.785,-49.822,0,"vovopo 보보포",-11.56,-58.425,0,"Parottey",20.728,-46.272,0,"CoalCat",14.032,-60.615,0,"Roscosmos",48.125,-86.265,0,"「yune」",12.63,-112.731,0,"Metalu",-35.435,-97.257,0,0,0,0,0,0,"",0,0,0,0,2269.571,,,,0,0
21,1,0,0,0,1,1,1,0,0,0,255,255,255,4,2289.029,"あくせる",R,13,75,102,1.917,-0.959,0.31,1.521,0.174,1.57,-36.443,30.56,42,58,0,2,0,-362.039,312.348,-20.175,0,0,1,1,4,L,"わだ、、",190,85,0.528,3,76,W,Y,2290.197,255,67,90,141,60,145,90,29.999,6.719,-0.81,0,0.594,136.863,-368.754,-231.436,-0.025,-36.727,0,"kneesohime",-0.059,-17.449,0,"にゃんこ65K",-21.68,-49.904,0,"vovopo 보보포",-11.329,-58.512,0,"Parottey",20.533,-46.681,0,"CoalCat",14.11,-60.581,0,"Roscosmos",46.151,-86.565,0,"「yune」",12.697,-112.72,90,"Metalu",-35.497,-97.238,0,2295.226,-1.654,-94.684,2296.467,7,"「yune」",-0.133,-100.537,1,0,,,,,7,2
22,1,0,0,0,0,0,1,1,0,0,14,255,255,5,2321.951,"あくせる",R,10,82,122,3.719,-0.753,0.598,1.506,1.602,1.514,-36.443,35.591,0,100,0,1,0,0,400,4.552,0,0,0,2,2,L,"쟈가리코",190,82,0.501,0,71,W,Y,0,0,0,0,0,0,0,0,0,0,0,0,0,0,0,0,0.108,-37.224,0,"kneesohime",0.433,-17.445,0,"にゃんこ65K",-19.863,-40.977,0,"vovopo 보보포",-11.186,-57.464,0,"Parottey",19.523,-44.474,0,"CoalCat",12.838,-59.269,0,"Roscosmos",46.256,-86.148,0,"「yune」",6.194,-111.358,0,"Metalu",-31.855,-92.53,0,0,0,0,0,0,"",0,0,0,0,2323.53,,,,0,0
23,1,0,0,0,1,0,1,1,0,0,14,255,255,6,2341.744,"あくせる",R,10,82,123,0.401,0.365,0.289,1.741,0.166,2.274,-36.443,25.521,51,49,0,0,0,0,400,18.41,0,0,0,2,2,L,"쟈가리코",190,82,0.501,0,71,W,Y,0,0,0,0,0,0,0,0,0,0,0,0,0,0,0,0,0.152,-37.215,0,"kneesohime",-0.007,-17.451,0,"にゃんこ65K",-19.626,-40.34,0,"vovopo 보보포",-11.196,-57.468,0,"Parottey",20.043,-44.882,0,"CoalCat",12.827,-59.314,0,"Roscosmos",46.234,-86.142,0,"「yune」",6.119,-111.363,0,"Metalu",-32.137,-90.435,0,0,0,0,0,0,"",0,0,0,0,2343.296,,,,0,0
24,1,0,0,0,1,1,1,1,0,0,14,255,255,7,2363.259,"あくせる",R,34,84,136,-2.736,0.078,-0.029,1.536,-1.312,1.611,-36.443,6.083,0,100,0,1,0,87.594,-57.346,18.837,0,0,0,2,2,L,"쟈가리코",190,82,0.501,0,71,W,Y,0,0,0,0,0,0,0,0,0,0,0,0,0,0,0,0,0.143,-37.359,0,"kneesohime",0.11,-17.527,0,"にゃんこ65K",-19.935,-40.794,0,"vovopo 보보포",-11.215,-57.359,0,"Parottey",20.395,-45.362,0,"CoalCat",12.891,-59.33,0,"Roscosmos",45.557,-86.267,0,"「yune」",6.862,-110.536,0,"Metalu",-32.098,-90.405,0,0,0,0,0,0,"",0,0,0,0,2364.767,,,,0,0
25,1,0,0,0,2,1,1,1,0,0,14,255,255,8,2385.102,"あくせる",R,34,97,140,-0.211,-0.832,0.208,1.357,-0.213,1.031,-36.443,22.976,0,100,0,2,0,85.928,-73.192,7.624,0,0,0,2,2,L,"쟈가리코",190,82,0.501,3,71,W,Y,2386.159,222,39,83,47,9,143,130,-16.492,-6.527,0.4,0,0.447,-350.269,-485.407,41.122,-0.037,-36.567,0,"kneesohime",-0.069,-17.567,0,"にゃんこ65K",-18.905,-43.904,0,"vovopo 보보포",-11.045,-57.245,85,"Parottey",20.206,-45.308,0,"CoalCat",12.933,-59.295,0,"Roscosmos",45.771,-84.698,0,"「yune」",4.867,-110.231,100,"Metalu",-33.284,-89.971,0,2386.338,0.295,-20.876,2389.696,7,"「yune」",8.409,-98.226,1,0,,2390.574,,,133,2
26,1,0,0,0,0,0,1,1,1,0,12,14,255,9,2419.947,"あくせる",R,13,67,96,-2.862,-1.503,0.053,1.359,-0.622,1.207,-36.443,19.692,22,78,0,1,0,-340.743,312.348,10.51,0,0,0,3,7,R,"ByeolBam",175,90,0.5,0,74,W,Y,0,0,0,0,0,0,0,0,0,0,0,0,0,0,0,0,0.057,-37.278,0,"kneesohime",-0.057,-17.604,0,"にゃんこ65K",-20.24,-42.974,0,"vovopo 보보포",-12.621,-56.229,0,"Parottey",20.338,-46.458,0,"CoalCat",3.414,-61.308,0,"Roscosmos",41.558,-83.616,0,"「yune」",-1.004,-107.087,0,"Metalu",-39.113,-89.836,0,0,0,0,0,0,"",0,0,0,0,2421.567,2422.766,,,0,0
27,1,0,0,0,1,0,1,1,1,0,12,14,255,10,2440.321,"あくせる",R,34,84,136,2.238,0.831,0.437,1.654,0.855,2.021,-36.443,29.172,0,100,0,4,0,77.26,-67.344,6.938,0,0,1,3,7,R,"ByeolBam",175,90,0.5,0,74,W,Y,0,0,0,0,0,0,0,0,0,0,0,0,0,0,0,0,0.185,-37.379,0,"kneesohime",0.025,-17.53,0,"にゃんこ65K",-21.356,-43.333,0,"vovopo 보보포",-12.841,-56.767,0,"Parottey",19.092,-45.253,0,"CoalCat",5.083,-61.501,0,"Roscosmos",42.372,-83.572,0,"「yune」",-0.971,-106.556,0,"Metalu",-38.876,-89.464,0,0,0,0,0,0,"",0,0,0,0,2441.73,2443.246,,,0,0
28,1,0,0,0,1,1,1,1,1,0,12,14,255,11,2460.193,"あくせる",R,10,89,128,1.208,-0.203,0.364,1.63,0.515,1.938,-36.443,18.283,48,52,0,0,0,0,400,14.518,0,0,1,3,7,R,"ByeolBam",175,90,0.5,0,74,W,Y,0,0,0,0,0,0,0,0,0,0,0,0,0,0,0,0,0.254,-37.558,0,"kneesohime",0.011,-17.535,0,"にゃんこ65K",-21.006,-43.134,0,"vovopo 보보포",-13.68,-58.339,0,"Parottey",18.877,-44.83,0,"CoalCat",4.599,-61.188,0,"Roscosmos",41.542,-83.644,0,"「yune」",-0.598,-107.038,0,"Metalu",-38.197,-87.899,0,0,0,0,0,0,"",0,0,0,0,2461.625,2463.261,,,0,0
29,1,0,0,0,1,2,1,1,1,0,12,14,255,12,2483.305,"あくせる",R,13,75,102,-2.334,-1.358,0.158,1.408,-0.296,1.322,-36.443,20.374,31,69,0,4,0,-362.039,312.348,-14.855,0,0,1,3,7,R,"ByeolBam",175,90,0.5,0,87,W,Y,0,0,0,0,0,0,0,0,0,0,0,0,0,0,0,0,0.144,-37.29,0,"kneesohime",-0.279,-18.387,0,"にゃんこ65K",-20.373,-41.998,0,"vovopo 보보포",-13.753,-58.184,0,"Parottey",19.208,-44.73,0,"CoalCat",4.461,-60.899,0,"Roscosmos",41.797,-89.168,0,"「yune」",-4.984,-104.957,0,"Metalu",-38.225,-87.907,0,0,0,0,0,0,"",0,0,0,8,2484.872,2486.622,,,0,0
30,1,0,0,0,0,0,2,1,1,0,12,14,255,13,2509.747,"あくせる",R,10,85,126,1.513,-1,0.393,1.482,0.647,1.418,-36.443,24.29,24,76,0,2,0,0,400,20.345,0,0,1,4,6,R,"_송글_",174.9,90.478,0.316,3,73,W,Y,2510.749,134,73,73,55,19,138,126,-30,-9.415,0.38,0,0.269,-542.151,141.831,-173.884,0.208,-37.369,0,"kneesohime",0.105,-17.403,116,"にゃんこ65K",-19.922,-47.102,0,"vovopo 보보포",-13.365,-58.52,95,"Parottey",19.494,-46.075,0,"CoalCat",8.088,-61.902,0,"Roscosmos",42.473,-87.254,0,"「yune」",0.251,-104.859,113,"Metalu",-39.521,-86.591,0,2510.951,0.301,-20.086,2514.68,7,"「yune」",13.504,-99.118,1,0,2520.192,2515.476,2514.683,2519.829,149,2
31,1,0,0,1,0,0,2,1,1,0,16,12,255,14,2548.625,"あくせる",R,28,79,129,2.063,0.236,0.42,1.554,0.774,1.672,-36.443,23.65,0,100,0,4,0,88.566,-95.056,13.868,0,0,1,5,0,R,"encounter v",190,84.791,0.423,0,72,W,Y,0,0,0,0,0,0,0,0,0,0,0,0,0,0,0,0,0.206,-37.344,0,"kneesohime",0.089,-17.121,0,"にゃんこ65K",-21.823,-48.617,0,"vovopo 보보포",-13.699,-61.339,0,"Parottey",19.428,-46.146,0,"CoalCat",9.533,-61.352,0,"Roscosmos",43.189,-84.476,0,"「yune」",-5.308,-108.579,0,"Metalu",-38.78,-90.456,0,0,0,0,0,0,"",0,0,0,0,2550.046,2551.209,,,0,0
32,1,0,0,1,0,1,2,1,1,0,16,12,255,15,2571.838,"あくせる",R,13,69,97,-2.399,-1.229,0.15,1.408,-0.321,1.35,-36.443,22.455,16,84,0,1,0,-339.498,319.025,-12.892,0,0,0,5,0,R,"encounter v",190,84.791,0.423,0,72,W,Y,0,0,0,0,0,0,0,0,0,0,0,0,0,0,0,0,0.069,-38.044,0,"kneesohime",-0.018,-17.541,0,"にゃんこ65K",-21.906,-47.062,0,"vovopo 보보포",-13.689,-61.352,0,"Parottey",19.563,-46.877,0,"CoalCat",9.582,-61.392,0,"Roscosmos",41.887,-86.701,0,"「yune」",-2.7,-108.07,0,"Metalu",-40.803,-90.416,0,0,0,0,0,0,"",0,0,0,0,2573.542,2575.642,,,0,0
33,1,0,0,1,1,1,2,1,1,0,16,12,255,16,2595.204,"あくせる",R,13,72,99,-2.495,-1.222,0.135,1.403,-0.368,1.34,-36.443,16.535,19,81,0,1,0,-346.346,319.229,-15.601,0,0,0,5,0,R,"encounter v",190,84.791,0.423,0,72,W,Y,0,0,0,0,0,0,0,0,0,0,0,0,0,0,0,0,0.179,-37.524,0,"kneesohime",0.035,-17.364,0,"にゃんこ65K",-21.27,-46.145,0,"vovopo 보보포",-13.505,-60.379,0,"Parottey",20.95,-46.02,0,"CoalCat",9.602,-61.474,0,"Roscosmos",41.877,-87.126,0,"「yune」",-6.223,-106.893,0,"Metalu",-40.866,-90.43,0,0,0,0,0,0,"",0,0,0,0,2596.792,2598.203,,,0,0
34,1,0,0,1,2,1,2,1,1,0,16,12,255,17,2612.988,"あくせる",R,32,83,134,1.674,0.444,0.361,1.592,0.5,1.795,-36.443,18.541,0,100,0,2,0,156.328,-109.242,21.764,0,0,1,5,0,R,"encounter v",190,84.791,0.423,3,72,W,Y,2613.967,255,149,130,123,63,145,90,43.194,-28.24,-0.83,0,0.1,290.219,-311.545,18.561,0.308,-37.451,0,"kneesohime",0.094,-17.31,0,"にゃんこ65K",-21.524,-49.234,0,"vovopo 보보포",-13.454,-60.433,0,"Parottey",19.789,-46.219,0,"CoalCat",9.269,-61.254,0,"Roscosmos",41.413,-85.951,0,"「yune」",-5.294,-107.04,0,"Metalu",-40.2,-89.56,0,2619.463,37.704,-77.625,2619.634,6,"Roscosmos",36.308,-75.705,0,0,,2618.364,2617.941,,96,1
35,2,1,0,1,0,0,0,0,0,0,255,255,255,16,2673.3,"encounter v",R,26,97,140,-0.621,-1.243,0.11,1.935,-0.421,0.633,-36.661,18.717,36,64,0,1,0,122.543,-200,-3.452,0,0,0,4,1,R,"kneesohime",190,84.513,0.501,0,71,W,Y,0,0,0,0,0,0,0,0,0,0,0,0,0,0,0,0,0.117,-37.426,0,"DoYaGee",0.032,-17.519,0,"쟈가리코",-22.944,-48.184,0,"muyang_",-17.315,-63.106,0,"わだ、、",18.077,-46.967,0,"shimenawa",8.808,-66.265,0,"_송글_",38.034,-88.018,0,"ByeolBam",-2.187,-109.621,0,"ddil_ddil69",-43.567,-92.792,0,0,0,0,0,0,"",0,0,0,0,2674.992,,,,0,0
36,2,1,0,1,1,0,0,0,0,0,255,255,255,17,2691.554,"encounter v",R,13,86,126,0.855,0.872,0.402,2.509,0.937,2.494,-36.661,67.833,67,33,0,2,0,-369.148,337.239,-2.527,0,0,1,4,1,R,"kneesohime",190,84.513,0.501,3,71,W,Y,2692.738,255,109,115,71,45,145,130,94.762,-84.748,0.65,0,0.228,587.227,97.393,-75.357,0.107,-37.276,0,"DoYaGee",-0.156,-17.534,0,"쟈가리코",-22.373,-48.182,0,"muyang_",-16.99,-62.411,0,"わだ、、",18.53,-47.933,0,"shimenawa",11.421,-64.991,0,"_송글_",38.956,-88.507,0,"ByeolBam",-2.199,-109.09,0,"ddil_ddil69",-43.012,-92.907,0,0,0,0,0,0,"",0,0,0,0,,,,,32,3
37,2,1,0,1,1,1,0,0,0,0,255,255,255,18,2714.224,"encounter v",R,32,91,140,1.011,0.73,0.224,2.316,0.11,1.868,-36.661,51.502,75,25,0,0,0,236.821,-200,-4.056,0,0,0,4,1,R,"kneesohime",190,84.513,0.501,0,71,W,Y,0,0,0,0,0,0,0,0,0,0,0,0,0,0,0,0,-0.076,-37.299,0,"DoYaGee",0.05,-17.463,0,"쟈가리코",-22.973,-48.704,0,"muyang_",-17.667,-63.81,0,"わだ、、",20.277,-48.082,0,"shimenawa",8.621,-66.137,0,"_송글_",39.233,-87.37,0,"ByeolBam",0.246,-109.014,0,"ddil_ddil69",-43.409,-92.19,0,0,0,0,0,0,"",0,0,0,0,2715.792,,,,0,0
38,2,1,0,1,1,2,0,0,0,0,255,255,255,19,2735.203,"encounter v",R,32,90,140,0.897,1.596,0.209,2.337,0.042,2.417,-36.661,48.605,75,25,0,2,0,250,-200,5.172,0,0,1,4,1,R,"kneesohime",190,84.513,0.501,3,71,W,Y,2736.31,255,131,96,66,33,145,130,25.23,41.307,0.65,0,0.205,555.103,64.978,-177.504,0.035,-37.324,0,"DoYaGee",-0.067,-17.494,0,"쟈가리코",-23.069,-48.576,0,"muyang_",-16.957,-62.768,0,"わだ、、",19.682,-48.507,0,"shimenawa",11.971,-65.181,0,"_송글_",39.242,-87.376,0,"ByeolBam",-0.646,-111.166,0,"ddil_ddil69",-43.105,-92.499,0,2741.771,-82.368,-108.81,0,0,"",0,0,0,0,,2746.893,2752.065,,32,4
39,2,1,1,1,0,0,0,0,0,0,255,255,255,20,2777.754,"encounter v",R,32,98,140,0.645,0.387,0.195,2.25,-0.023,1.653,-36.661,41.989,75,25,0,0,0,250,-200,-6.472,0,0,0,5,4,R,"Parottey",190,84,0.442,0,70,W,Y,0,0,0,0,0,0,0,0,0,0,0,0,0,0,0,0,0.214,-37.403,0,"DoYaGee",0.064,-17.481,0,"쟈가리코",-22.539,-47.057,0,"muyang_",-17.427,-63.268,0,"わだ、、",19.491,-47.136,0,"shimenawa",10.069,-65.787,0,"_송글_",36.423,-85.765,0,"ByeolBam",-1.323,-109.221,0,"ddil_ddil69",-43.477,-93.146,0,0,0,0,0,0,"",0,0,0,0,2779.375,,,,0,0
40,2,1,1,1,0,1,0,0,0,0,255,255,255,21,2797.319,"encounter v",R,10,91,128,0.117,0.066,0.213,2.228,0.062,2.053,-36.661,39.741,81,19,0,2,0,-11.08,400,-23.023,0,0,1,5,4,R,"Parottey",190,84,0.442,3,70,W,Y,2798.542,251,150,127,62,44,145,116,25.463,12.404,0.16,0,0.536,187.462,7.662,23.896,0.301,-37.342,0,"DoYaGee",-0.067,-17.531,0,"쟈가리코",-22.191,-47.413,0,"muyang_",-16.996,-62.489,0,"わだ、、",19.737,-47.493,0,"shimenawa",12.374,-65.591,66,"_송글_",36.554,-85.674,0,"ByeolBam",-0.808,-108.564,114,"ddil_ddil69",-43.658,-93.015,0,2803.605,-22.213,-118.734,2806.375,7,"ByeolBam",-24.049,-130.061,1,0,,2808.52,,,41,2
41,2,1,1,1,0,0,0,0,1,0,255,4,255,22,2835.063,"encounter v",R,26,89,140,1.255,1.543,0.283,2.427,0.385,2.276,-36.661,68.398,77,23,0,1,0,134.946,-200,-22.598,0,0,0,6,6,R,"Roscosmos",175,90.135,0.473,0,69,W,Y,0,0,0,0,0,0,0,0,0,0,0,0,0,0,0,0,0.098,-37.223,0,"DoYaGee",-0.038,-17.526,0,"쟈가리코",-21.74,-47.976,0,"muyang_",-15.753,-62.331,0,"わだ、、",18.723,-44.397,0,"shimenawa",8.888,-66.405,0,"_송글_",38.05,-88.291,0,"ByeolBam",-5.724,-112.202,0,"ddil_ddil69",-44.468,-92.462,0,0,0,0,0,0,"",0,0,0,0,2836.509,2837.402,,,0,0
42,2,1,1,1,1,0,0,0,1,0,255,4,255,23,2850.431,"encounter v",R,26,90,140,1.984,1.368,0.327,2.398,0.59,2.175,-36.661,66.201,72,28,0,2,0,193.243,-200,-18.091,0,0,1,6,6,R,"Roscosmos",175,90.135,0.473,3,69,W,Y,2851.295,247,106,137,86,15,145,84,40.405,-7.068,-0.85,0,0.199,538.235,-39.672,-68.002,0.249,-37.043,0,"DoYaGee",-0.055,-17.564,0,"쟈가리코",-22.062,-47.568,0,"muyang_",-16.131,-62.235,0,"わだ、、",18.709,-45.616,0,"shimenawa",8.539,-65.139,57,"_송글_",38.036,-88.313,0,"ByeolBam",-3.83,-112.659,0,"ddil_ddil69",-44.491,-92.516,0,2856.821,9.393,-81.579,2856.967,5,"shimenawa",9.103,-79.516,0,0,,2856.199,,,33,1
43,2,1,1,1,0,0,1,0,1,0,255,4,255,24,2888.424,"encounter v",R,32,89,140,-0.693,0.544,0.178,2.247,-0.566,1.643,-36.661,40.873,75,25,0,0,0,216.789,-200,-4.016,0,0,0,7,3,L,"vovopo 보보포",160,80.084,0.55,0,69,W,Y,0,0,0,0,0,0,0,0,0,0,0,0,0,0,0,0,0.248,-37.472,0,"DoYaGee",-0.016,-17.589,0,"쟈가리코",-19.568,-43.842,0,"muyang_",-10.401,-59.956,0,"わだ、、",16.914,-42.838,0,"shimenawa",10.042,-63.087,0,"_송글_",38.032,-86.324,0,"ByeolBam",2.492,-109.062,0,"ddil_ddil69",-40.343,-89.125,0,0,0,0,0,0,"",0,0,0,0,2890.092,2891.1,,,0,0
44,2,1,1,1,0,1,1,0,1,0,255,4,255,25,2905.827,"encounter v",R,10,83,124,0.863,-1.64,0.378,2.135,0.365,1.211,-36.661,51.251,85,15,0,1,0,0,400,-40.685,0,0,0,7,3,L,"vovopo 보보포",160,80.084,0.55,0,69,W,Y,0,0,0,0,0,0,0,0,0,0,0,0,0,0,0,0,0.311,-37.53,0,"DoYaGee",0.109,-17.614,0,"쟈가리코",-19.703,-44.817,0,"muyang_",-8.558,-62.904,0,"わだ、、",16.486,-42.658,0,"shimenawa",9.41,-62.299,0,"_송글_",38.074,-86.262,0,"ByeolBam",2.479,-109.078,0,"ddil_ddil69",-40.325,-89.087,0,0,0,0,0,0,"",0,0,0,0,2907.559,2908.946,,,0,0
45,2,1,1,1,1,1,1,0,1,0,255,4,255,26,2930.847,"encounter v",R,10,83,124,0.19,1.619,0.316,2.46,0.075,2.947,-36.661,68.077,78,22,0,1,0,-0.574,400,-14.972,0,0,0,7,3,L,"vovopo 보보포",160,80.084,0.55,0,69,W,Y,0,0,0,0,0,0,0,0,0,0,0,0,0,0,0,0,0.171,-37.55,0,"DoYaGee",0.011,-17.524,0,"쟈가리코",-19.321,-44.774,0,"muyang_",-6.214,-63.182,0,"わだ、、",16.695,-42.618,0,"shimenawa",11.332,-64.081,0,"_송글_",38.103,-86.365,0,"ByeolBam",2.146,-109.472,0,"ddil_ddil69",-39.886,-89.49,0,0,0,0,0,0,"",0,0,0,0,2932.659,2933.712,,,0,0
46,2,1,1,1,2,1,1,0,1,0,255,4,255,27,2947.682,"encounter v",R,26,82,133,0.606,1.288,0.303,2.346,0.014,2.023,-36.661,62.38,77,23,0,2,0,164.45,-200,-18.26,0,0,1,7,3,L,"vovopo 보보포",160,80.084,0.55,3,69,W,Y,2948.776,255,196,37,5,16,76,76,-30,-43.091,0.28,0,0.382,-334.055,-405.173,62.624,0.394,-37.148,0,"DoYaGee",-0.089,-17.614,0,"쟈가리코",-19.783,-44.783,71,"muyang_",-9.187,-59.469,83,"わだ、、",15.998,-43.04,112,"shimenawa",13.085,-63.805,0,"_송글_",37.179,-85.724,0,"ByeolBam",2.174,-109.259,0,"ddil_ddil69",-39.871,-89.448,0,2949.171,1.777,-20.944,2950.892,4,"わだ、、",14.442,-38.23,1,32,,2980.273,,,294,2
47,2,1,1,1,0,0,2,0,1,0,255,3,255,28,3004.287,"encounter v",R,26,77,128,0.578,0.814,0.295,2.299,-0.021,1.828,-36.661,71.913,72,28,0,0,0,198.526,-200,-16.349,0,0,0,8,8,L,"Metalu",173.6,86.168,0.305,0,68,W,Y,0,0,0,0,0,0,0,0,0,0,0,0,0,0,0,0,0.13,-37.539,0,"DoYaGee",0.053,-17.371,0,"쟈가리코",-21.806,-46.675,0,"muyang_",-10.677,-61.94,0,"わだ、、",19.044,-44.57,0,"shimenawa",11.638,-64.205,0,"_송글_",35.432,-83.452,0,"ByeolBam",1.797,-110.827,0,"ddil_ddil69",-43.997,-92.748,0,0,0,0,0,0,"",0,0,0,0,3006.109,3007.057,,,0,0
48,2,1,1,1,0,1,2,0,1,0,255,3,255,29,3020.784,"encounter v",R,32,96,140,-1.207,-0.853,0.126,2.036,-0.81,0.895,-36.661,32.812,68,32,0,0,0,206.858,-200,-22.438,0,0,0,8,8,L,"Metalu",173.6,86.168,0.305,0,68,W,Y,0,0,0,0,0,0,0,0,0,0,0,0,0,0,0,0,0.245,-37.484,0,"DoYaGee",-0.015,-17.413,0,"쟈가리코",-22.097,-47.083,0,"muyang_",-5.443,-59.732,0,"わだ、、",19.432,-44.24,0,"shimenawa",11.576,-65.297,0,"_송글_",35.398,-83.494,0,"ByeolBam",1.79,-110.837,0,"ddil_ddil69",-43.794,-92.467,0,0,0,0,0,0,"",0,0,0,0,3022.521,3023.407,,,0,0
49,2,1,1,1,0,2,2,0,1,0,255,3,255,30,3038.949,"encounter v",R,10,79,119,-0.034,-1.96,0.295,2.057,-0.023,0.969,-36.661,49.466,100,0,0,2,0,0,400,-38.848,0,0,1,8,8,L,"Metalu",173.6,86.168,0.305,3,68,W,Y,3040.074,201,127,100,90,72,145,126,-13.727,-13.951,0.61,0,0.186,-355.707,-400.508,45.856,0.106,-37.034,0,"DoYaGee",-0.108,-17.665,0,"쟈가리코",-21.311,-46.729,0,"muyang_",-6.062,-58.114,0,"わだ、、",19.281,-46.19,0,"shimenawa",14.141,-64.453,90,"_송글_",35.382,-83.527,0,"ByeolBam",-0.487,-110.731,0,"ddil_ddil69",-43.755,-92.463,0,3040.384,0.333,-22.128,3042.063,5,"shimenawa",9.908,-60.702,0,0,,,3045.138,,5,2
50,2,0,1,1,0,0,0,0,0,0,255,255,255,18,3101.49,"あくせる",R,27,85,137,0.973,0.7,0.321,1.622,0.314,1.908,-36.443,21.352,0,100,0,0,0,85.448,-110.026,10.785,0,0,1,6,8,R,"ddil_ddil69",175.8,89.899,0.397,0,67,W,Y,0,0,0,0,0,0,0,0,0,0,0,0,0,0,0,0,-0.071,-37.856,0,"kneesohime",0.048,-17.12,0,"にゃんこ65K",-22.641,-50.167,0,"vovopo 보보포",-12.929,-60.299,0,"Parottey",19.362,-50.387,0,"CoalCat",10.438,-62.966,0,"Roscosmos",40.068,-90.268,0,"「yune」",-4.121,-107.861,0,"Metalu",-37.284,-84.75,0,0,0,0,0,0,"",0,0,0,0,3103.23,,,,0,0
51,2,0,1,1,0,1,0,0,0,0,255,255,255,19,3122.241,"あくせる",R,13,70,98,-2.299,-1.406,0.158,1.416,-0.296,1.343,-36.443,26.04,25,75,0,4,0,-336.378,327.786,-19.25,0,0,1,6,8,R,"ddil_ddil69",175.8,89.899,0.397,0,41,W,Y,0,0,0,0,0,0,0,0,0,0,0,0,0,0,0,0,0.079,-37.17,0,"kneesohime",-0.233,-17.034,0,"にゃんこ65K",-22.631,-49.182,0,"vovopo 보보포",-11.902,-60.773,0,"Parottey",19.169,-49.475,0,"CoalCat",10.441,-63.053,0,"Roscosmos",40.061,-90.29,0,"「yune」",-6.122,-109.259,0,"Metalu",-37.383,-84.703,0,0,0,0,0,0,"",0,0,0,0,3124.192,,,,0,0
52,2,0,1,1,0,2,0,0,0,0,255,255,255,20,3140.217,"あくせる",R,13,79,116,-1.967,-1.675,0.21,1.373,-0.203,1.039,-36.443,27.625,26,74,0,4,0,-390.434,312.348,-19.933,0,0,1,6,8,R,"ddil_ddil69",175.8,89.899,0.397,0,66,W,Y,0,0,0,0,0,0,0,0,0,0,0,0,0,0,0,0,0.118,-37.251,0,"kneesohime",-0.353,-17.44,0,"にゃんこ65K",-22.733,-49.118,0,"vovopo 보보포",-12.852,-60.671,0,"Parottey",19.392,-47.412,0,"CoalCat",10.393,-63.106,0,"Roscosmos",40.194,-90.739,0,"「yune」",-6.57,-110.354,0,"Metalu",-37.385,-84.655,0,0,0,0,0,0,"",0,0,0,0,3142.063,,,,0,0
53,2,0,1,1,0,0,1,0,0,0,255,255,255,21,3165.596,"あくせる",R,34,78,128,2.618,0.249,0.471,1.564,1.012,1.703,-36.443,32.117,0,100,0,2,0,90.213,-68.097,5.149,0,0,1,7,1,R,"DoYaGee",190,80,0.451,3,66,W,Y,3166.585,176,198,96,75,31,145,89,-1.222,-20.361,-0.87,0,0.172,-20.324,-577.954,147.33,-0.07,-36.976,0,"kneesohime",0.069,-17.017,0,"にゃんこ65K",-22.5,-51.977,90,"vovopo 보보포",-12.331,-59.759,0,"Parottey",18.993,-49.214,105,"CoalCat",10.491,-61.872,0,"Roscosmos",39.506,-90.423,0,"「yune」",-3.225,-110.219,0,"Metalu",-35.328,-90.192,0,3167.426,5.887,-33.62,3168.713,4,"Parottey",12.328,-50.675,0,0,,,,,44,2
54,2,0,1,1,0,0,2,0,0,0,255,255,255,22,3193.69,"あくせる",R,33,85,138,1.191,-0.957,0.33,1.352,0.356,0.946,-36.443,22.5,0,100,0,0,0,130.529,-125.194,14.791,0,0,0,8,3,R,"muyang_",171.1,80,0.496,0,66,W,Y,0,0,0,0,0,0,0,0,0,0,0,0,0,0,0,0,0.36,-37.363,0,"kneesohime",0.024,-16.968,0,"にゃんこ65K",-21.379,-50.508,0,"vovopo 보보포",-13.567,-60.964,0,"Parottey",18.091,-48.845,0,"CoalCat",10.617,-61.982,0,"Roscosmos",35.941,-85.931,0,"「yune」",-1.074,-104.284,0,"Metalu",-38.926,-89.176,0,0,0,0,0,0,"",0,0,0,0,3195.268,,,,0,0
55,2,0,1,1,0,1,2,0,0,0,255,255,255,23,3210.734,"あくせる",R,0,80,130,0.216,-1.623,0.259,1.269,0.028,0.647,-36.443,23.97,0,100,0,1,0,39.804,-38.751,3.664,0,0,0,8,3,R,"muyang_",171.1,80,0.496,0,66,W,Y,0,0,0,0,0,0,0,0,0,0,0,0,0,0,0,0,0.273,-37.287,0,"kneesohime",-0.008,-16.979,0,"にゃんこ65K",-21.859,-49.373,0,"vovopo 보보포",-13.567,-60.952,0,"Parottey",18.171,-48.898,0,"CoalCat",10.661,-62,0,"Roscosmos",37.205,-87.386,0,"「yune」",-3.224,-105.243,0,"Metalu",-38.932,-89.146,0,0,0,0,0,0,"",0,0,0,0,3212.296,,,,0,0
56,2,0,1,1,1,1,2,0,0,0,255,255,255,24,3227.111,"あくせる",R,28,81,131,0.717,0.723,0.3,1.622,0.217,1.918,-36.443,15.393,0,100,0,2,0,59.909,-90.344,11.018,0,0,1,8,3,R,"muyang_",171.1,80,0.496,3,66,W,Y,3228.079,204,89,72,45,19,138,91,64.502,58.771,-0.24,0,0.086,204.749,457.718,-172.012,0.007,-36.37,0,"kneesohime",0.025,-16.954,0,"にゃんこ65K",-21.37,-50.112,0,"vovopo 보보포",-13.568,-60.912,0,"Parottey",17.413,-48.589,0,"CoalCat",10.718,-61.994,0,"Roscosmos",36.67,-87.702,0,"「yune」",1.367,-105.826,0,"Metalu",-38.955,-89.136,0,3234.051,-57.693,-44.97,0,0,"",0,0,0,0,,,,,4,3
57,2,0,1,1,1,2,2,0,0,0,255,255,255,25,3249.653,"あくせる",R,27,92,140,0.986,-2.506,0.224,1.24,-0.136,0.544,-36.443,23.983,0,100,0,2,0,135.914,-144.397,16.076,0,0,1,8,3,R,"muyang_",171.1,80,0.496,3,31,W,Y,3250.611,255,134,46,70,28,134,118,103.594,-69.607,0.3,0,0.07,-474.904,-19.979,75.384,0.143,-36.434,0,"kneesohime",0.021,-17.08,0,"にゃんこ65K",-21.986,-50.577,0,"vovopo 보보포",-14.063,-62.724,0,"Parottey",18.1,-48.465,0,"CoalCat",9.626,-62.95,0,"Roscosmos",36.037,-89.908,0,"「yune」",-0.281,-108.135,0,"Metalu",-40.647,-89.732,0,0,0,0,0,0,"",0,0,0,0,,,,,4,3
58,2,0,1,1,1,2,2,0,0,0,255,255,255,26,3273.425,"あくせる",R,13,63,93,-1.852,-1.378,0.211,1.454,-0.047,1.425,-36.443,34.821,30,70,0,4,0,-330.095,312.348,-25.042,0,0,1,8,3,R,"muyang_",171.1,80,0.496,0,66,W,Y,0,0,0,0,0,0,0,0,0,0,0,0,0,0,0,0,0.111,-37.192,0,"kneesohime",0.031,-17.953,0,"にゃんこ65K",-20.859,-44.915,0,"vovopo 보보포",-14.299,-62.259,0,"Parottey",19.358,-49.85,0,"CoalCat",10.211,-62.404,0,"Roscosmos",36.71,-90.152,0,"「yune」",-0.195,-108.613,0,"Metalu",-38.331,-87.403,0,0,0,0,0,0,"",0,0,0,256,3275.442,,,,0,0
59,3,1,1,1,0,0,0,0,0,0,255,255,255,31,3329.881,"encounter v",R,32,97,140,-0.228,-0.347,0.505,2.116,-0.444,1.183,-36.681,40.286,74,26,0,0,0,250,-200,-29.938,0,0,0,0,7,R,"「yune」",174.8,80,0.28,0,65,W,Y,0,0,0,0,0,0,0,0,0,0,0,0,0,0,0,0,0.495,-37.529,0,"DoYaGee",-0.003,-17.616,0,"쟈가리코",-22.906,-48.547,0,"muyang_",-16.774,-63.871,0,"わだ、、",18.664,-47.341,0,"shimenawa",8.379,-65.815,0,"_송글_",36.674,-86.131,0,"ByeolBam",-1.153,-109.776,0,"ddil_ddil69",-41.15,-89.5,0,0,0,0,0,0,"",0,0,0,0,3331.555,,,,0,0
60,3,1,1,1,0,1,0,0,0,0,255,255,255,32,3344.707,"encounter v",R,32,92,140,1.202,0.694,0.638,2.287,0.178,1.783,-36.681,64.709,74,26,0,0,0,250,-200,-33.072,0,0,0,0,7,R,"「yune」",174.8,80,0.28,0,65,W,Y,0,0,0,0,0,0,0,0,0,0,0,0,0,0,0,0,0.481,-37.523,0,"DoYaGee",0.045,-17.604,0,"쟈가리코",-22.251,-48.544,0,"muyang_",-17.165,-63.083,0,"わだ、、",18.708,-46.882,0,"shimenawa",9.004,-65.919,0,"_송글_",36.94,-86.004,0,"ByeolBam",-1.267,-108.807,0,"ddil_ddil69",-41.441,-91.074,0,0,0,0,0,0,"",0,0,0,0,3346.434,,,,0,0
61,3,1,1,1,0,2,0,0,0,0,255,255,255,33,3363.153,"encounter v",R,32,78,128,1.475,1.235,0.652,2.179,0.24,2.108,-36.681,88.033,70,30,0,2,0,250,-175.27,-12.217,0,0,0,0,7,R,"「yune」",174.8,80,0.28,3,65,W,Y,3364.305,164,68,71,42,16,137,103,-30,29.846,0.92,0,0.128,-294.914,311.211,132.753,0.145,-37.399,0,"DoYaGee",-0.071,-17.522,0,"쟈가리코",-21.765,-48.379,73,"muyang_",-17.21,-63.138,0,"わだ、、",18.287,-47.267,0,"shimenawa",11.524,-65.667,0,"_송글_",37.26,-86.364,0,"ByeolBam",-1.865,-109.061,0,"ddil_ddil69",-41.434,-91.132,0,3364.613,-0.843,-20.595,3366.296,2,"쟈가리코",-16.181,-47.014,0,0,,,,,36,2
62,3,1,1,1,0,0,1,0,0,0,255,255,255,34,3390.567,"encounter v",R,13,91,126,-0.252,1.131,0.704,2.321,0.483,2.605,-36.681,62.892,77,23,0,2,0,-390.434,312.348,-13.024,0,0,1,1,5,R,"CoalCat",175.4,82.838,0.435,3,65,W,Y,3391.683,166,118,168,123,64,145,86,101.19,-14.475,-0.78,0,0.516,141.683,-456.023,-17.097,0.477,-37.497,0,"DoYaGee",-0.054,-17.455,0,"쟈가리코",-22.199,-47.218,0,"muyang_",-17.172,-62.808,0,"わだ、、",18.747,-46.521,0,"shimenawa",11.879,-65.542,0,"_송글_",38.468,-86.416,0,"ByeolBam",-0.238,-111.473,0,"ddil_ddil69",-44.062,-92.772,0,0,0,0,0,0,"",0,0,0,0,,,,,32,3
63,3,1,1,1,0,1,1,0,0,0,255,255,255,35,3417.022,"encounter v",R,32,88,140,0.692,1.262,0.596,2.381,-0.021,2.113,-36.681,81.346,62,38,0,2,0,231.126,-200,-29.484,0,0,1,1,5,R,"CoalCat",175.4,82.838,0.435,3,38,W,Y,3418.104,218,47,85,64,35,145,112,10.026,-29.76,0.81,0,0.332,-451.001,-127.123,177.136,0.306,-37.238,0,"DoYaGee",0.001,-17.457,0,"쟈가리코",-21.946,-47.823,0,"muyang_",-17.727,-61.874,0,"わだ、、",18.686,-46.97,85,"shimenawa",11.71,-65.59,0,"_송글_",39.581,-86.086,0,"ByeolBam",0.06,-108.425,0,"ddil_ddil69",-43.913,-92.899,0,0,0,0,3419.992,4,"わだ、、",17.384,-48.653,0,0,,,,,34,1
64,3,1,1,1,0,0,2,0,0,0,255,255,255,36,3454.883,"encounter v",R,32,96,140,0.741,-0.174,0.594,2.141,-0.029,1.299,-36.681,50.846,64,36,0,0,0,250,-200,-34.032,0,0,0,2,0,R,"あくせる",190,89.801,0.5,0,64,W,Y,0,0,0,0,0,0,0,0,0,0,0,0,0,0,0,0,0.351,-37.474,0,"DoYaGee",0.017,-17.485,0,"쟈가리코",-23.463,-49.553,0,"muyang_",-17.369,-63.763,0,"わだ、、",20.059,-48.477,0,"shimenawa",10.346,-66.152,0,"_송글_",39.611,-87.106,0,"ByeolBam",-1.352,-111.081,0,"ddil_ddil69",-47.165,-96.941,0,0,0,0,0,0,"",0,0,0,0,3456.542,,,,0,0
65,3,1,1,1,0,1,2,0,0,0,255,255,255,37,3473.61,"encounter v",R,13,81,106,-3.244,-1.612,0.364,1.981,-0.733,1.073,-36.681,33.513,77,23,0,4,0,-349.521,344.152,-10.055,-0.784,-18.574,1,2,0,R,"あくせる",190,89.801,0.5,0,64,W,Y,0,0,0,0,0,0,0,0,0,0,0,0,0,0,0,0,0.319,-37.558,0,"DoYaGee",-0.101,-17.593,0,"쟈가리코",-23.257,-49.726,0,"muyang_",-17.969,-63.675,0,"わだ、、",19.387,-48.567,0,"shimenawa",10.204,-66.236,0,"_송글_",39.645,-87.078,0,"ByeolBam",-2.789,-110.237,0,"ddil_ddil69",-47.209,-96.937,0,0,0,0,0,0,"",0,0,0,0,3475.48,,,,0,0
66,3,1,1,1,0,2,2,0,0,0,255,255,255,38,3492.886,"encounter v",R,32,93,140,1.063,-0.156,0.625,2.255,0.116,1.669,-36.681,65.406,75,25,0,0,0,250,200,-29.572,0,0,0,2,0,R,"あくせる",190,89.801,0.5,0,64,W,Y,0,0,0,0,0,0,0,0,0,0,0,0,0,0,0,0,1.616,-35.716,0,"DoYaGee",0.027,-17.429,0,"쟈가리코",-22.888,-47.213,0,"muyang_",-17.265,-63.148,0,"わだ、、",20.033,-48.438,0,"shimenawa",8.215,-66.205,0,"_송글_",39.293,-87.765,0,"ByeolBam",-0.244,-108.914,0,"ddil_ddil69",-47.194,-96.993,0,0,0,0,0,0,"",0,0,0,0,3494.609,,,,0,0
67,3,0,1,1,0,0,0,0,0,0,255,255,255,27,3614.911,"あくせる",R,27,98,140,-1.307,-1.01,0.104,1.341,-0.695,0.926,-36.443,18.512,0,100,0,0,0,91.748,-107.971,9.573,0,0,0,0,5,L,"shimenawa",175.4,94.778,0.295,0,63,W,Y,0,0,0,0,0,0,0,0,0,0,0,0,0,0,0,0,0.183,-37.218,0,"kneesohime",-0.067,-17.174,0,"にゃんこ65K",-20.803,-51.009,0,"vovopo 보보포",-10.323,-60.256,0,"Parottey",20.774,-47.165,0,"CoalCat",11.394,-62.128,0,"Metalu",46.462,-87.461,0,"「yune」",1.588,-109.74,0,"Roscosmos",-39.921,-87.54,0,0,0,0,0,0,"",0,0,0,0,3616.597,,,,0,0
68,3,0,1,1,0,1,0,0,0,0,255,255,255,28,3636.539,"あくせる",R,10,81,121,-1.443,-0.465,0.118,1.596,-0.632,1.818,-36.443,10.082,44,56,0,2,0,0,400,19.349,0,0,1,0,5,L,"shimenawa",175.4,94.778,0.295,3,63,W,Y,3637.64,94,110,97,58,29,132,111,-5.614,28.997,0.11,0,0.281,-168.091,246.387,85.472,-0.034,-36.63,0,"kneesohime",-0.091,-17.187,0,"にゃんこ65K",-20.897,-50.986,87,"vovopo 보보포",-10.325,-60.172,0,"Parottey",20.629,-47.013,0,"CoalCat",11.494,-62.088,0,"Metalu",46.462,-87.053,0,"「yune」",3.149,-111.159,0,"Roscosmos",-38.872,-86.277,0,3638.084,-3.505,-25.587,3639.492,2,"にゃんこ65K",-17.034,-49.829,0,0,,,,,12,2
69,3,0,1,1,0,0,1,0,0,0,255,255,255,29,3664.188,"あくせる",R,33,90,140,-2.624,-0.959,0.126,1.387,-0.592,1.129,-36.443,16.699,0,100,0,2,0,126.317,-100.285,20.019,0,0,1,1,4,L,"わだ、、",190,85,0.528,3,63,W,Y,3665.286,255,62,122,112,54,145,107,33.204,-35.407,-0.03,0,0.605,249.974,-399.651,-73.705,-0.161,-36.574,0,"kneesohime",-0.107,-17.193,0,"にゃんこ65K",-21.101,-50.621,0,"vovopo 보보포",-11.084,-58.455,84,"Parottey",20.921,-47.017,0,"CoalCat",11.899,-60.992,0,"Metalu",47.451,-85.356,88,"「yune」",2.468,-112.974,0,"Roscosmos",-41.112,-88.87,0,3670.463,59.797,-88.086,3670.788,6,"Metalu",57.19,-85.535,0,0,,,,,390,1
70,3,0,1,1,0,0,2,0,0,0,255,255,255,30,3725.384,"あくせる",R,32,91,140,3.078,-0.326,0.491,1.435,1.107,1.284,-36.443,28.483,0,100,0,1,0,165.042,-148.486,6.619,0,0,0,2,2,L,"쟈가리코",190,82,0.501,0,63,W,Y,0,0,0,0,0,0,0,0,0,0,0,0,0,0,0,0,0.163,-37.029,0,"kneesohime",0.102,-17.26,0,"にゃんこ65K",-21.61,-49.649,0,"vovopo 보보포",-10.046,-57.554,0,"Parottey",21.213,-47.093,0,"CoalCat",11.635,-60.929,0,"Metalu",45.367,-86.894,0,"「yune」",5.682,-107.123,0,"Roscosmos",-41.122,-86.681,0,0,0,0,0,0,"",0,0,0,0,3727.013,,,,0,0
71,3,0,1,1,1,0,2,0,0,0,255,255,255,31,3743.878,"あくせる",R,10,86,127,-0.633,0.269,0.193,1.715,-0.281,2.192,-36.443,17.093,51,49,0,2,0,0.073,400,25.606,0,0,0,2,2,L,"쟈가리코",190,82,0.501,3,63,W,Y,3744.979,214,81,70,88,7,144,130,-2.033,-18.346,0.51,0,0.354,-297.184,-497.969,92.573,-0.107,-36.576,0,"kneesohime",-0.058,-17.182,0,"にゃんこ65K",-21.501,-50.277,0,"vovopo 보보포",-9.79,-57.752,0,"Parottey",20.507,-46.588,0,"CoalCat",11.696,-60.916,107,"Metalu",45.337,-86.902,0,"「yune」",0.757,-106.573,0,"Roscosmos",-40.065,-86.714,0,3745.563,4.448,-32.056,3746.921,5,"CoalCat",13.318,-56.975,0,0,,,,,42,2
72,4,1,1,1,0,0,0,0,0,0,255,255,255,39,3808.899,"encounter v",R,14,69,97,1.414,-1.193,0.47,2.091,-0.094,1.31,-36.681,51.187,100,0,0,2,0,344.292,312.348,-63.834,0,0,1,3,2,R,"にゃんこ65K",190,91.072,0.596,3,62,W,Y,3810.163,236,69,132,81,51,145,112,19.152,-39.563,0.1,0,0.145,70.572,-277.589,-496.738,0.22,-37.191,0,"DoYaGee",-0.028,-17.573,0,"쟈가리코",-22.033,-47.315,0,"muyang_",-16.979,-63.062,85,"わだ、、",20.143,-48.774,0,"shimenawa",11.597,-65.589,0,"_송글_",41.737,-91.445,88,"ByeolBam",-0.186,-110.63,0,"ddil_ddil69",-47.586,-95.715,0,3813.305,49.507,-73.337,3817.088,6,"_송글_",70.953,-89.518,1,0,,3820.373,,,304,2
73,4,1,1,1,0,0,0,0,1,0,255,2,255,40,3850.666,"encounter v",R,32,88,140,0.787,0.279,0.598,2.229,-0.01,1.585,-36.681,57.901,76,24,0,0,0,250,-200,-26.195,0,0,0,4,1,R,"kneesohime",190,84.513,0.501,0,62,W,Y,0,0,0,0,0,0,0,0,0,0,0,0,0,0,0,0,0.406,-37.48,0,"DoYaGee",0.022,-17.567,0,"쟈가리코",-23.141,-48.318,0,"muyang_",-13.817,-62.73,0,"わだ、、",18.421,-45.388,0,"shimenawa",8.144,-66.064,0,"_송글_",41.562,-90.115,0,"ByeolBam",-6.713,-112.698,0,"ddil_ddil69",-44.013,-93.143,0,0,0,0,0,0,"",0,0,0,0,3852.43,3853.082,,,0,0
74,4,1,1,1,0,1,0,0,1,0,255,2,255,41,3869.953,"encounter v",R,13,69,98,-1.781,-1.388,0.55,2.098,-0.154,1.326,-36.681,52.051,100,0,0,4,0,-290.589,378.962,-11.364,0,0,1,4,1,R,"kneesohime",190,84.513,0.501,0,62,W,Y,0,0,0,0,0,0,0,0,0,0,0,0,0,0,0,0,0.281,-37.378,0,"DoYaGee",-0.083,-17.61,0,"쟈가리코",-22.29,-48.004,0,"muyang_",-13.055,-63.234,0,"わだ、、",19.039,-45.265,0,"shimenawa",5.663,-64.133,0,"_송글_",42.386,-90.308,0,"ByeolBam",-5.155,-112.251,0,"ddil_ddil69",-43.471,-94.054,0,0,0,0,0,0,"",0,0,0,0,3871.876,3872.263,,,0,0
75,4,1,1,1,0,2,0,0,1,0,255,2,255,42,3891.646,"encounter v",R,32,86,140,1.506,0.752,0.672,2.32,0.334,1.881,-36.681,73.828,63,37,0,2,0,226.636,-200,-27.54,0,0,1,4,1,R,"kneesohime",190,84.513,0.501,3,62,W,Y,3892.782,233,74,78,72,37,145,121,-16.21,37.526,0.17,0,0.202,-39.869,588.405,110.411,0.423,-37.16,0,"DoYaGee",-0.025,-17.66,0,"쟈가리코",-21.759,-47.201,120,"muyang_",-15.549,-62.565,0,"わだ、、",18.287,-47.038,53,"shimenawa",10.869,-65.559,0,"_송글_",42.366,-90.306,0,"ByeolBam",-4.153,-111.765,0,"ddil_ddil69",-43.348,-93.543,0,3893.122,-2.721,-23.097,3894.388,2,"쟈가리코",-19.556,-43.266,0,0,,3896.201,,,38,2
76,4,1,1,1,0,0,1,0,1,0,255,2,255,43,3922.282,"encounter v",R,32,87,140,1.129,0.49,0.629,2.269,0.136,1.717,-36.681,60.76,76,24,0,0,0,250,-200,-24.646,0,0,0,5,4,R,"Parottey",190,84,0.442,0,62,W,Y,0,0,0,0,0,0,0,0,0,0,0,0,0,0,0,0,0.377,-37.616,0,"DoYaGee",0.043,-17.748,0,"쟈가리코",-22.001,-47.441,0,"muyang_",-15.93,-61.974,0,"わだ、、",19.246,-44.98,0,"shimenawa",10.458,-66.386,0,"_송글_",36.834,-84.768,0,"ByeolBam",-5.708,-111.553,0,"ddil_ddil69",-42.983,-92.67,0,0,0,0,0,0,"",0,0,0,0,3923.951,3924.461,,,0,0
77,4,1,1,1,0,1,1,0,1,0,255,2,255,44,3941.514,"encounter v",R,10,74,103,-0.949,-1.66,0.474,2.013,-0.391,1.141,-36.681,42.025,100,0,0,4,0,-16.98,400,-10.459,0,0,1,5,4,R,"Parottey",190,84,0.442,0,52,W,Y,0,0,0,0,0,0,0,0,0,0,0,0,0,0,0,0,0.328,-37.398,0,"DoYaGee",-0.072,-17.79,0,"쟈가리코",-21.858,-45.756,0,"muyang_",-15.975,-62.54,0,"わだ、、",19.183,-44.977,0,"shimenawa",7.345,-65.323,0,"_송글_",35.516,-85.122,0,"ByeolBam",-3.968,-113.479,0,"ddil_ddil69",-43.035,-92.837,0,0,0,0,0,0,"",0,0,0,0,3943.393,3943.934,,,0,0
78,4,1,1,1,0,2,1,0,1,0,255,2,255,45,3961.074,"encounter v",R,32,79,129,1.488,0.638,0.665,2.292,0.303,1.791,-36.681,81.922,70,30,0,2,0,213.65,-200,-19.494,0,0,1,5,4,R,"Parottey",190,84,0.442,3,52,W,Y,3962.237,211,106,121,50,40,145,97,62.366,28.745,-0.49,0,0.369,228.593,358.028,-166.568,0.53,-37.371,0,"DoYaGee",-0.013,-17.707,0,"쟈가리코",-22.12,-48.039,0,"muyang_",-15.752,-62.064,91,"わだ、、",18.605,-46.429,0,"shimenawa",10.992,-65.164,0,"_송글_",37.449,-84.353,0,"ByeolBam",-3.967,-113.463,0,"ddil_ddil69",-43.056,-93.059,0,3968.997,-30.322,-65.136,3969.201,3,"muyang_",-29.426,-64.02,0,0,,3964.592,,,295,1
79,4,1,1,1,0,0,2,0,1,0,255,2,255,46,4036.892,"encounter v",R,32,82,133,1.086,0.972,0.623,2.33,0.106,1.934,-36.681,75.08,69,31,0,0,0,250,-200,-40.208,0,0,0,6,8,R,"Roscosmos",175,90.135,0.473,0,61,W,Y,0,0,0,0,0,0,0,0,0,0,0,0,0,0,0,0,0.395,-37.628,0,"DoYaGee",0,-17.254,0,"쟈가리코",-23.218,-49.44,0,"muyang_",-17.017,-64.084,0,"わだ、、",19.886,-44.885,0,"shimenawa",10.073,-65.826,0,"_송글_",37.509,-86.648,0,"ByeolBam",-4.665,-107.943,0,"ddil_ddil69",-43.676,-92.356,0,0,0,0,0,0,"",0,0,0,0,4038.409,4039.112,,,0,0
80,4,1,1,1,0,1,2,0,1,0,255,2,255,47,4054.991,"encounter v",R,10,67,98,-0.741,-1.605,0.492,2.118,-0.335,1.344,-36.681,54.033,100,0,0,4,0,-0.023,400,-13.705,0,0,1,6,8,R,"Roscosmos",175,90.135,0.473,0,61,W,Y,0,0,0,0,0,0,0,0,0,0,0,0,0,0,0,0,0.187,-37.387,0,"DoYaGee",-0.071,-17.274,0,"쟈가리코",-23.103,-49.199,0,"muyang_",-16.294,-62.547,0,"わだ、、",19.445,-44.985,0,"shimenawa",9.232,-65.972,0,"_송글_",40.255,-89.552,0,"ByeolBam",-4.69,-107.921,0,"ddil_ddil69",-43.632,-92.313,0,0,0,0,0,0,"",0,0,0,0,4056.722,4057.193,,,0,0
81,4,1,1,1,0,2,2,0,1,0,255,2,255,48,4072.537,"encounter v",R,32,90,140,0.439,-0.155,0.569,2.148,-0.144,1.296,-36.681,51.416,72,28,0,0,0,250,-200,-41.649,0,0,1,6,8,R,"Roscosmos",175,90.135,0.473,0,47,W,Y,0,0,0,0,0,0,0,0,0,0,0,0,0,0,0,0,2.128,-36.094,0,"DoYaGee",-0.094,-17.291,0,"쟈가리코",-21.817,-44.728,0,"muyang_",-16.268,-64.342,0,"わだ、、",18.818,-46.425,0,"shimenawa",8.294,-65.423,0,"_송글_",40.489,-89.951,0,"ByeolBam",-4.638,-107.301,0,"ddil_ddil69",-43.599,-92.245,0,0,0,0,0,0,"",0,0,0,0,4073.976,,,,0,0
82,4,0,1,1,0,0,0,0,0,0,255,255,255,32,4135.58,"あくせる",R,33,88,140,1.609,-0.716,0.363,1.387,0.51,1.086,-36.443,26.31,0,100,0,1,0,135.728,-116.895,9.58,0,0,0,3,7,R,"ByeolBam",175.3,90,0.5,0,86,W,Y,0,0,0,0,0,0,0,0,0,0,0,0,0,0,0,0,0.296,-37.492,0,"kneesohime",0.051,-17.143,0,"にゃんこ65K",-20.638,-49.818,0,"vovopo 보보포",-12.696,-61.111,0,"Parottey",19.731,-49.816,0,"CoalCat",11.578,-62.283,0,"Roscosmos",39.961,-93.66,0,"「yune」",1.82,-106.808,0,"Metalu",-38.617,-90.082,0,0,0,0,0,0,"",0,0,0,0,4137.051,,,,0,0
83,4,0,1,1,1,0,0,0,0,0,255,255,255,33,4155.043,"あくせる",R,3,77,103,1.46,-0.462,0.662,1.577,1.451,1.683,-36.443,42.944,43,57,0,2,0,-422.27,215.934,-16.734,0,0,1,3,7,R,"ByeolBam",175.3,90,0.5,3,86,W,Y,4155.986,250,118,65,71,54,140,123,28.81,-2.232,0.69,0,0.41,119.604,285.857,368.883,0.024,-37.373,0,"kneesohime",0.098,-17.219,0,"にゃんこ65K",-20.726,-50.336,0,"vovopo 보보포",-12.674,-61.124,85,"Parottey",19.416,-49.394,0,"CoalCat",11.616,-62.302,0,"Roscosmos",41.049,-94.27,0,"「yune」",-1.241,-106.669,103,"Metalu",-39.292,-89.287,0,4161.576,-5.245,-129.85,4163.355,7,"「yune」",-6.447,-129.681,1,0,,4166.038,,,133,2
84,4,0,1,1,0,0,0,0,1,0,255,17,255,34,4191.54,"あくせる",R,27,75,126,2.358,0.364,0.449,1.562,0.91,1.701,-36.443,22.674,0,100,0,2,0,67.891,-109.029,15.384,0,0,1,4,6,R,"_송글_",174.9,90.478,0.316,3,61,W,Y,4192.524,176,77,115,58,16,145,86,64.523,-62.192,-0.79,0,0.422,269.928,-240.589,-55.702,0.241,-37.481,0,"kneesohime",0.1,-17.158,0,"にゃんこ65K",-19.047,-48.309,0,"vovopo 보보포",-12.144,-59.329,0,"Parottey",18.538,-46.541,0,"CoalCat",8.248,-60.686,0,"Roscosmos",40.072,-92.035,0,"「yune」",2.002,-108.585,0,"Metalu",-37.13,-88.969,0,4197.917,56.846,-43.657,0,0,"",0,0,0,0,,4195.346,,,4,3
85,4,0,1,1,0,1,0,0,1,0,255,17,255,35,4217.206,"あくせる",R,27,88,140,-0.44,-0.744,0.18,1.383,-0.341,1.069,-36.443,19.977,0,100,0,0,0,107.452,-118.993,11.608,0,0,0,4,6,R,"_송글_",174.9,90.478,0.316,0,52,W,Y,0,0,0,0,0,0,0,0,0,0,0,0,0,0,0,0,0.171,-37.45,0,"kneesohime",-0.048,-17.156,0,"にゃんこ65K",-21.411,-46.858,0,"vovopo 보보포",-11.673,-59.942,0,"Parottey",19.425,-47.246,0,"CoalCat",7.5,-61.185,0,"Roscosmos",41.712,-90.809,0,"「yune」",-1.047,-109.041,0,"Metalu",-40.164,-91.541,0,0,0,0,0,0,"",0,0,0,0,4218.646,4219.737,,,0,0
86,4,0,1,1,0,2,0,0,1,0,255,17,255,36,4240.926,"あくせる",R,34,81,132,-0.742,-0.401,0.157,1.452,-0.45,1.313,-36.443,18.126,0,100,0,0,0,84.445,-62.171,6.305,0,0,0,4,6,R,"_송글_",174.9,90.478,0.316,0,52,W,Y,0,0,0,0,0,0,0,0,0,0,0,0,0,0,0,0,-0.074,-36.955,0,"kneesohime",-0.091,-17.061,0,"にゃんこ65K",-20.898,-45.05,0,"vovopo 보보포",-11.683,-59.884,0,"Parottey",19.089,-46.824,0,"CoalCat",8.053,-61.335,0,"Roscosmos",40.647,-92.799,0,"「yune」",-2.231,-111.013,0,"Metalu",-38.383,-88.539,0,0,0,0,0,0,"",0,0,0,0,4242.417,4244.464,,,0,0
87,4,0,1,1,0,0,1,0,1,0,255,17,255,37,4266.055,"あくせる",R,33,82,133,-1.157,-0.04,0.112,1.506,-0.658,1.516,-36.443,14.825,0,100,0,2,0,105.507,-80.914,15.209,0,0,1,5,0,L,"encounter v",190,84.791,0.423,3,44,W,Y,4266.981,255,163,131,126,56,145,89,29.372,-19.994,-0.89,0,0.577,57.765,-56.987,-594.488,-0.08,-37.103,0,"kneesohime",-0.106,-17.12,0,"にゃんこ65K",-20.348,-48.744,0,"vovopo 보보포",-9.856,-58.806,0,"Parottey",20.113,-45.593,0,"CoalCat",11.48,-61.044,0,"Roscosmos",43.882,-90.466,93,"「yune」",6.274,-114.21,0,"Metalu",-35.548,-90.855,0,4271.905,28.11,-89.147,4272.092,6,"Roscosmos",27.25,-86.959,0,0,,4272.958,,,68,1
88,4,0,1,1,0,0,2,0,1,0,255,17,255,38,4300.41,"あくせる",R,33,80,130,1.455,-0.732,0.351,1.39,0.453,1.097,-36.443,25.442,0,100,0,2,0,116.86,-84.737,11.249,0,0,1,6,8,R,"ddil_ddil69",175.8,89.899,0.397,3,60,W,Y,4301.496,255,85,57,33,0,135,81,22.416,28.653,-0.73,0,0.592,111.999,19.329,337.569,0.136,-37.541,0,"kneesohime",0.09,-16.998,0,"にゃんこ65K",-20.935,-49.807,85,"vovopo 보보포",-12.876,-59.314,0,"Parottey",18.225,-46.982,0,"CoalCat",9.143,-62.298,0,"Roscosmos",38.719,-89.947,0,"「yune」",-1.614,-110.571,0,"Metalu",-36.948,-87.287,103,4305.159,-27.314,-68.552,4306.572,8,"ddil_ddil69",-31.647,-74.069,1,0,,,4306.433,,268,2
89,4,0,1,1,0,0,2,1,0,1,18,255,17,39,4333.571,"あくせる",R,10,78,118,2.037,0,0.464,1.679,0.98,2.076,-36.443,27.852,32,68,0,2,0,-64.755,400,12.236,0,0,1,7,1,R,"DoYaGee",190,80,0.451,3,60,W,Y,4334.61,146,94,106,69,52,145,117,-30,-13.523,0.11,0,0.226,-579.359,-108.314,52.88,0.17,-36.95,0,"kneesohime",0.123,-17.332,0,"にゃんこ65K",-19.361,-47.595,0,"vovopo 보보포",-13.729,-59.503,0,"Parottey",18.283,-43.191,0,"CoalCat",10.262,-62.321,0,"Roscosmos",38.226,-89.794,0,"「yune」",3.721,-106.481,0,"Metalu",-39.32,-87.18,0,4334.93,0.759,-21.904,4336.78,5,"CoalCat",9.15,-56.539,0,0,,4340.463,,4339.72,42,2
90,5,1,1,1,0,0,0,0,0,0,255,255,255,49,4427.081,"encounter v",R,26,95,140,-2.69,-2.897,0.352,1.824,-1.153,0.015,-36.681,22.909,32,68,0,3,0,116.361,-200,-7.917,-0.431,-20.045,0,7,3,L,"vovopo 보보포",160,80.084,0.55,0,60,W,Y,0,0,0,0,0,0,0,0,0,0,0,0,0,0,0,0,0.238,-37.52,0,"DoYaGee",-0.063,-18.563,0,"쟈가리코",-20.56,-46.226,0,"muyang_",-17.236,-63.197,0,"わだ、、",17.301,-44.971,0,"shimenawa",12.773,-65.534,0,"_송글_",36.751,-85.628,0,"ByeolBam",0.024,-107.092,0,"ddil_ddil69",-39.819,-91.487,0,0,0,0,0,0,"",0,0,0,0,4431.905,,,,0,6
91,5,1,1,1,0,0,0,1,0,0,3,255,255,50,4454.855,"encounter v",R,32,90,140,-0.833,-0.346,0.449,2.118,-0.701,1.185,-36.681,48.296,76,24,0,0,0,250,-200,-37.42,0,0,0,8,8,L,"Metalu",173.6,86.168,0.305,0,60,W,Y,0,0,0,0,0,0,0,0,0,0,0,0,0,0,0,0,0.177,-37.267,0,"DoYaGee",-1.281,-18.761,0,"쟈가리코",-20.78,-43.252,0,"muyang_",-9.383,-58.153,0,"わだ、、",17.211,-44.706,0,"shimenawa",10.064,-64.282,0,"_송글_",36.598,-86.798,0,"ByeolBam",0.051,-108.504,0,"ddil_ddil69",-42.778,-93.279,0,0,0,0,0,0,"",0,0,0,0,4456.555,,,,0,0
92,5,1,1,1,0,1,0,1,0,0,3,255,255,51,4478.242,"encounter v",R,32,95,140,-1.479,-1.139,0.388,1.989,-0.988,0.731,-36.681,33.123,82,18,0,1,0,250,-200,-30.341,0,0,0,8,8,L,"Metalu",173.6,86.168,0.305,0,60,W,Y,0,0,0,0,0,0,0,0,0,0,0,0,0,0,0,0,0.239,-37.34,0,"DoYaGee",-0.115,-17.489,0,"쟈가리코",-21.449,-43.693,0,"muyang_",-9.012,-57.573,0,"わだ、、",17.111,-44.473,0,"shimenawa",10.762,-64.897,0,"_송글_",37.651,-85.379,0,"ByeolBam",3.581,-109.338,0,"ddil_ddil69",-42.821,-93.295,0,0,0,0,0,0,"",0,0,0,0,4479.98,,,,0,0
93,5,1,1,1,1,1,0,1,0,0,3,255,255,52,4496.879,"encounter v",R,32,92,140,-0.864,-0.244,0.445,2.134,-0.72,1.243,-36.681,41.68,70,30,0,0,0,250,-200,-31.566,0,0,0,8,8,L,"Metalu",173.6,86.168,0.305,0,60,W,Y,0,0,0,0,0,0,0,0,0,0,0,0,0,0,0,0,0.33,-37.381,0,"DoYaGee",-0.081,-17.531,0,"쟈가리코",-21.359,-43.156,0,"muyang_",-6.496,-58.886,0,"わだ、、",17.198,-44.303,0,"shimenawa",10.235,-63.789,0,"_송글_",38.546,-86.584,0,"ByeolBam",3.57,-109.305,0,"ddil_ddil69",-42.151,-93,0,0,0,0,0,0,"",0,0,0,0,4498.643,,,,0,0
94,5,1,1,1,1,2,0,1,0,0,3,255,255,53,4515.131,"encounter v",R,10,71,101,0.444,-1.933,0.657,2.045,0.177,1.168,-36.681,67.231,100,0,0,4,0,0,400,-41.823,0.043,-19.33,1,8,8,L,"Metalu",173.6,86.168,0.305,0,60,W,Y,0,0,0,0,0,0,0,0,0,0,0,0,0,0,0,0,0.325,-37.32,0,"DoYaGee",0.04,-17.523,0,"쟈가리코",-20.797,-42.856,0,"muyang_",-7.144,-58.705,0,"わだ、、",17.878,-44.533,0,"shimenawa",11.525,-64.205,0,"_송글_",36.883,-84.648,0,"ByeolBam",4.23,-108.669,0,"ddil_ddil69",-42.069,-93.039,0,0,0,0,0,0,"",0,0,0,0,4517.047,,,,0,0
95,5,1,1,1,0,0,1,1,0,0,3,255,255,54,4536.947,"encounter v",R,13,79,105,-2.372,-1.455,0.491,2.086,-0.338,1.269,-36.681,49.362,94,6,0,1,0,-355.007,334.188,-14.444,0,0,0,0,7,R,"「yune」",174.8,80,0.28,0,30,W,Y,0,0,0,0,0,0,0,0,0,0,0,0,0,0,0,0,0.176,-37.406,0,"DoYaGee",-0.188,-17.509,0,"쟈가리코",-21.315,-43.682,0,"muyang_",-10.942,-58.474,0,"わだ、、",17.643,-43.694,0,"shimenawa",6.543,-65.794,0,"_송글_",36.8,-86.1,0,"ByeolBam",-1.387,-107.624,0,"ddil_ddil69",-43.114,-92.895,0,0,0,0,0,0,"",0,0,0,0,4538.859,,,,0,0
96,5,1,1,1,0,1,1,1,0,0,3,255,255,55,4559.974,"encounter v",R,32,95,140,-0.239,-0.747,0.504,2.051,-0.449,0.952,-36.681,42.665,75,25,0,0,0,250,-200,-30.196,0,0,0,0,7,R,"「yune」",174.8,80,0.28,0,30,W,Y,0,0,0,0,0,0,0,0,0,0,0,0,0,0,0,0,0.378,-37.29,0,"DoYaGee",-1.193,-18.252,0,"쟈가리코",-21.64,-42.995,0,"muyang_",-10.433,-56.331,0,"わだ、、",18.708,-44.512,0,"shimenawa",8.545,-65.138,0,"_송글_",37.549,-84.222,0,"ByeolBam",-2.62,-107.603,0,"ddil_ddil69",-43.117,-92.912,0,0,0,0,0,0,"",0,0,0,0,4561.722,,,,0,0
97,5,1,1,1,0,2,1,1,0,0,3,255,255,56,4580.523,"encounter v",R,10,69,100,0.77,-1.754,0.702,2.082,0.317,1.26,-36.681,66.877,100,0,0,2,0,0,400,-46.746,0,0,0,0,7,R,"「yune」",174.8,80,0.28,3,30,W,Y,4581.778,107,151,62,99,63,135,110,93.346,-36.581,0.78,0,0.381,-308.641,199.057,59.015,0.127,-36.943,0,"DoYaGee",0.021,-17.816,116,"쟈가리코",-20.171,-45.639,0,"muyang_",-12.978,-58.372,0,"わだ、、",18.211,-45.327,0,"shimenawa",11.129,-64.104,0,"_송글_",37.497,-84.241,0,"ByeolBam",-0.807,-107.108,0,"ddil_ddil69",-43.165,-92.981,0,4589.763,-6.867,-18.431,4589.959,1,"DoYaGee",-6.763,-18.563,0,0,4589.959,,,,160,1
98,5,1,1,1,0,0,2,1,0,0,3,255,255,57,4616.975,"encounter v",R,32,87,140,0.575,0.217,0.581,2.209,-0.087,1.51,-36.681,57.428,75,25,0,0,0,250,-200,-38.219,0,0,0,1,5,R,"CoalCat",175.4,82.838,0.435,0,59,W,Y,0,0,0,0,0,0,0,0,0,0,0,0,0,0,0,0,0.409,-37.477,0,"DoYaGee",-0.099,-17.528,0,"쟈가리코",-21.166,-43.213,0,"muyang_",-17.457,-62.391,0,"わだ、、",19.245,-46.478,0,"shimenawa",8.882,-65.019,0,"_송글_",37.038,-85.986,0,"ByeolBam",-2.321,-105.068,0,"ddil_ddil69",-40.663,-90.29,0,0,0,0,0,0,"",0,0,0,0,4618.78,,,,0,0
99,5,1,1,1,0,1,2,1,0,0,3,255,255,58,4639.507,"encounter v",R,10,55,89,2.259,-2.725,0.397,1.734,0.972,-0.142,-36.681,114.005,33,67,0,4,0,0,400,-44.54,0.415,-22.622,1,1,5,R,"CoalCat",175.4,82.838,0.435,0,59,W,Y,0,0,0,0,0,0,0,0,0,0,0,0,0,0,0,0,0.271,-37.295,0,"DoYaGee",-0.012,-17.581,0,"쟈가리코",-20.658,-42.378,0,"muyang_",-16.466,-63.904,0,"わだ、、",19.732,-46.082,0,"shimenawa",9.502,-66.078,0,"_송글_",37.872,-85.754,0,"ByeolBam",-1.85,-105.559,0,"ddil_ddil69",-40.664,-90.189,0,0,0,0,0,0,"",0,0,0,0,4641.634,,,,0,0
100,5,1,1,1,0,2,2,1,0,0,3,255,255,59,4658.964,"encounter v",R,32,80,130,1.192,0.598,0.637,2.267,0.174,1.713,-36.681,86.497,71,29,0,2,0,220.286,-200,-26.254,0,0,1,1,5,R,"CoalCat",175.4,82.838,0.435,3,37,W,Y,4660.065,255,101,161,141,38,145,85,28.873,-18.495,-0.81,0,0.449,201.478,-456.461,33.22,0.221,-36.969,0,"DoYaGee",-0.009,-17.427,0,"쟈가리코",-21.175,-47.541,0,"muyang_",-16.875,-62.762,0,"わだ、、",19.21,-46.866,0,"shimenawa",10.301,-64.553,0,"_송글_",38.624,-87.303,113,"ByeolBam",-1.858,-105.481,0,"ddil_ddil69",-40.809,-90.312,0,4665.322,30.557,-86.274,4665.459,6,"_송글_",29.236,-83.988,0,0,,4664.583,,,148,1
101,5,0,1,1,0,0,0,0,0,0,255,255,255,40,4714.8,"あくせる",R,0,90,140,0.787,0.508,0.321,1.609,0.312,1.871,-36.443,15.751,0,100,0,0,0,15.928,-21.012,1.92,0,0,1,8,3,R,"muyang_",171.1,80,0.496,0,59,W,Y,0,0,0,0,0,0,0,0,0,0,0,0,0,0,0,0,0.211,-37.577,0,"kneesohime",0.052,-17.202,0,"にゃんこ65K",-21.599,-50.452,0,"vovopo 보보포",-13.925,-60.259,0,"Parottey",18.91,-48.257,0,"CoalCat",10.818,-63.311,0,"Roscosmos",39.094,-91.328,0,"「yune」",-1.694,-114.037,0,"Metalu",-39.126,-87.75,0,0,0,0,0,0,"",0,0,0,0,4716.393,,,,0,0
102,5,0,1,1,0,1,0,0,0,0,255,255,255,41,4735.254,"あくせる",R,28,84,136,-2.154,-1.11,0.029,1.334,-1.043,0.882,-36.443,20.053,0,100,0,1,0,75.144,-98.851,11.328,0,0,0,8,3,R,"muyang_",171.1,80,0.496,0,59,W,Y,0,0,0,0,0,0,0,0,0,0,0,0,0,0,0,0,0.193,-37.405,0,"kneesohime",0.05,-17.316,0,"にゃんこ65K",-22.113,-48.228,0,"vovopo 보보포",-13.12,-60.86,0,"Parottey",19.037,-48.325,0,"CoalCat",10.819,-63.374,0,"Roscosmos",38.389,-88.92,0,"「yune」",-1.865,-105.2,0,"Metalu",-39.737,-88.541,0,0,0,0,0,0,"",0,0,0,0,4736.855,,,,0,0
103,5,0,1,1,1,1,0,0,0,0,255,255,255,42,4754.6,"あくせる",R,28,76,127,0.034,0.571,0.248,1.597,-0.027,1.828,-36.443,11.247,0,100,0,2,0,22.344,-90.849,14.683,0,0,1,8,3,R,"muyang_",171.1,80,0.496,3,59,W,Y,4755.581,243,45,14,31,33,47,47,109.035,51.152,-0.16,0,0.087,282.639,456.224,268.282,0.119,-36.758,0,"kneesohime",0.024,-17.186,0,"にゃんこ65K",-21.811,-50.24,0,"vovopo 보보포",-13.106,-60.81,0,"Parottey",19.338,-47.989,0,"CoalCat",10.903,-63.367,0,"Roscosmos",38.204,-88.727,0,"「yune」",-0.572,-105.327,0,"Metalu",-40.45,-89.984,0,4760.705,16.846,-5.836,0,0,"",0,0,0,0,,,,,4,3
104,5,0,1,1,1,2,0,0,0,0,255,255,255,43,4778.666,"あくせる",R,13,82,120,-3.384,-1.628,0.065,1.397,-0.877,1.11,-36.443,17.324,0,100,0,1,0,-369.161,337.224,20.507,0,0,0,8,3,R,"muyang_",171.1,80,0.496,0,59,W,Y,0,0,0,0,0,0,0,0,0,0,0,0,0,0,0,0,-0.099,-36.978,0,"kneesohime",-0.002,-17.463,0,"にゃんこ65K",-21,-45.925,0,"vovopo 보보포",-13.243,-60.768,0,"Parottey",19.655,-47.791,0,"CoalCat",10.61,-62.056,0,"Roscosmos",39.913,-86.692,0,"「yune」",-0.514,-106.88,0,"Metalu",-43.219,-86.463,0,0,0,0,0,0,"",0,0,0,0,4780.334,,,,0,0
105,5,0,1,1,2,2,0,0,0,0,255,255,255,44,4793.788,"あくせる",R,13,75,102,-1.728,-1.025,0.239,1.504,-0.046,1.547,-36.443,24.947,20,80,0,4,0,-356.268,319.972,-9.461,0,0,1,8,3,R,"muyang_",171.1,80,0.496,0,59,W,Y,0,0,0,0,0,0,0,0,0,0,0,0,0,0,0,0,0.284,-37.276,0,"kneesohime",0.257,-17.951,0,"にゃんこ65K",-20.967,-45.731,0,"vovopo 보보포",-13.254,-60.777,0,"Parottey",18.726,-48.487,0,"CoalCat",10.533,-62.076,0,"Roscosmos",40.117,-86.805,0,"「yune」",-1.237,-106.809,0,"Metalu",-43.237,-88.662,0,0,0,0,0,0,"",0,0,0,256,4795.526,,,,0,0
106,5,0,1,1,0,0,1,0,0,0,255,255,255,45,4818.139,"あくせる",R,34,85,138,-1.18,0.054,0.113,1.521,-0.653,1.557,-36.443,11.526,0,100,0,2,0,99.611,-88.001,15.916,0,0,1,0,5,L,"shimenawa",175.4,94.778,0.295,3,59,W,Y,4819.17,76,107,96,62,24,120,83,21.471,-17.012,-0.05,0,0.213,106.374,-542.801,-114.526,-0.041,-36.768,0,"kneesohime",-0.13,-17.18,0,"にゃんこ65K",-20.954,-50.128,0,"vovopo 보보포",-10.848,-58.938,0,"Parottey",20.569,-46.747,0,"CoalCat",11.403,-61.687,0,"Roscosmos",45.746,-92.023,113,"「yune」",5.721,-104.824,0,"Metalu",-37.139,-91.295,0,4823.113,24.152,-76.262,4824.118,6,"Roscosmos",27.637,-82.524,1,0,,,,,196,2
107,5,0,1,1,0,0,1,1,0,0,15,255,255,46,4850.702,"あくせる",R,10,80,120,-1.566,-0.991,0.106,1.479,-0.685,1.429,-36.443,11.487,0,100,0,2,0,0,388.299,25.733,0,0,1,1,4,L,"わだ、、",190,85,0.528,3,59,W,Y,4851.842,255,107,83,119,31,145,103,-27.463,-26.905,-0.18,0,0.504,-291.461,184.113,344.763,-0.046,-36.712,0,"kneesohime",-0.277,-17.322,0,"にゃんこ65K",-18.649,-44.032,0,"vovopo 보보포",-10.29,-56.613,88,"Parottey",19.525,-45.073,85,"CoalCat",12.038,-61.412,0,"Roscosmos",44.168,-87.974,0,"「yune」",5.733,-109.001,0,"Metalu",-35.739,-89.034,0,4852.18,0.183,-20.409,4853.813,4,"Parottey",13.679,-47,1,0,,4855.772,,,172,2
108,5,0,1,1,0,0,2,1,1,0,12,14,255,47,4921.993,"あくせる",R,28,92,140,-2.642,0.321,-0.019,1.565,-1.269,1.709,-36.443,4.394,0,100,0,1,0,90.49,-90.867,24.182,0,0,0,3,7,R,"ByeolBam",175.3,90,0.5,0,58,W,Y,0,0,0,0,0,0,0,0,0,0,0,0,0,0,0,0,0.179,-37.403,0,"kneesohime",-0.01,-17.504,0,"にゃんこ65K",-22.066,-45.527,0,"vovopo 보보포",-13.521,-60.294,0,"Parottey",18.608,-48.054,0,"CoalCat",6.712,-61.54,0,"Roscosmos",40.124,-92.033,0,"「yune」",-2.825,-112.068,0,"Metalu",-42.58,-89.372,0,0,0,0,0,0,"",0,0,0,0,4923.509,4925.302,,,0,0
109,5,0,1,1,1,0,2,1,1,0,12,14,255,48,4940.611,"あくせる",R,33,90,140,-0.603,-0.674,0.164,1.398,-0.418,1.124,-36.443,16.516,0,100,0,0,0,114.688,-102.12,22.956,0,0,0,3,7,R,"ByeolBam",175.3,90,0.5,0,58,W,Y,0,0,0,0,0,0,0,0,0,0,0,0,0,0,0,0,0.117,-37.029,0,"kneesohime",-0.032,-17.393,0,"にゃんこ65K",-21.427,-44.388,0,"vovopo 보보포",-13.575,-60.302,0,"Parottey",19.413,-47.007,0,"CoalCat",6.747,-61.583,0,"Roscosmos",39.848,-93.55,0,"「yune」",-1.99,-111.965,0,"Metalu",-40.095,-88.629,0,0,0,0,0,0,"",0,0,0,0,4942.055,4943.716,,,0,0
110,5,0,1,1,1,1,2,1,1,0,12,14,255,49,4963.17,"あくせる",R,10,79,120,1.354,-0.571,0.379,1.573,0.585,1.738,-36.443,20.108,39,61,0,2,0,0,330.238,21.564,0,0,1,3,7,R,"ByeolBam",175.3,90,0.5,3,58,W,Y,4964.124,187,139,148,96,41,145,102,-30,-18.141,0.03,0,0.293,-583.079,-84.66,98.851,0.262,-36.81,0,"kneesohime",0.102,-17.466,0,"にゃんこ65K",-20.245,-47.95,0,"vovopo 보보포",-12.91,-59.961,0,"Parottey",18.301,-48.234,0,"CoalCat",7.153,-61.726,0,"Roscosmos",39.64,-92.973,0,"「yune」",-1.541,-112.082,0,"Metalu",-41.614,-88.219,0,4964.447,0.548,-21.481,4966.659,5,"CoalCat",12.616,-58.133,1,0,,4968.564,4968.193,,14,2
111,5,0,1,1,0,0,2,1,1,1,17,12,14,50,5055.371,"あくせる",R,33,84,137,1.69,0.072,0.373,1.523,0.554,1.563,-36.443,16.072,0,100,0,2,0,125.01,-89.998,16.035,0,0,1,4,6,R,"_송글_",174.9,90.478,0.316,3,51,W,Y,5056.331,90,53,55,48,17,121,71,11.06,-5.08,-0.8,0,0.267,436.226,-92.875,-166.617,0.24,-37.033,0,"kneesohime",0.125,-17.203,0,"にゃんこ65K",-20.476,-48.556,0,"vovopo 보보포",-13.17,-60.738,0,"Parottey",18.506,-45.83,0,"CoalCat",8.851,-62.151,0,"Roscosmos",40.102,-88.783,0,"「yune」",-2.463,-107.432,0,"Metalu",-39.905,-86.184,0,0,0,0,5057.901,0,"あくせる",1.838,-35.497,0,0,,,,,36,1
112,6,1,1,1,0,0,0,0,0,0,255,255,255,60,5119.391,"encounter v",R,32,93,140,0.114,-0.285,0.545,2.119,-0.256,1.23,-36.681,48.736,72,28,0,0,0,215.963,-200,-25.399,0,0,0,2,0,R,"あくせる",190,89.801,0.5,0,58,W,Y,0,0,0,0,0,0,0,0,0,0,0,0,0,0,0,0,0.308,-37.457,0,"DoYaGee",0.058,-17.576,0,"쟈가리코",-23.328,-48.297,0,"muyang_",-17.206,-62.654,0,"わだ、、",19.726,-48.588,0,"shimenawa",8.821,-66.518,0,"_송글_",41.912,-90.824,0,"ByeolBam",-5.239,-110.856,0,"ddil_ddil69",-46.257,-98.521,0,0,0,0,0,0,"",0,0,0,0,5121.205,,,,0,0
113,6,1,1,1,0,1,0,0,0,0,255,255,255,61,5136.585,"encounter v",R,10,74,103,-0.883,-1.429,0.472,2.079,-0.396,1.285,-36.681,51.918,84,16,0,2,0,0,400,-12.933,0,0,1,2,0,R,"あくせる",190,89.801,0.5,3,58,W,Y,5137.821,255,187,125,181,85,145,116,-21.853,39.489,0.89,0,0.452,144.219,-206.373,-30.506,0.11,-37.166,0,"DoYaGee",-0.264,-17.826,0,"쟈가리코",-22.445,-48.314,70,"muyang_",-17.32,-62.465,0,"わだ、、",19.354,-48.638,0,"shimenawa",11.883,-65.401,0,"_송글_",42.335,-91.251,0,"ByeolBam",-2.805,-109.824,0,"ddil_ddil69",-45.926,-98.648,0,5138.109,-0.98,-21.398,5139.701,2,"쟈가리코",-21.175,-44.3,0,0,,,,,36,2
114,6,1,1,1,0,0,1,0,0,0,255,255,255,62,5164.751,"encounter v",R,32,91,140,0.755,0.354,0.593,2.243,-0.033,1.632,-36.681,56.516,75,25,0,0,0,250,-200,-19.334,0,0,0,3,2,R,"にゃんこ65K",190,91.072,0.596,0,58,W,Y,0,0,0,0,0,0,0,0,0,0,0,0,0,0,0,0,0.348,-37.254,0,"DoYaGee",-0.016,-17.561,0,"쟈가리코",-22.171,-47.609,0,"muyang_",-17.295,-64.052,0,"わだ、、",19.935,-47.47,0,"shimenawa",8.767,-65.635,0,"_송글_",41.714,-89.057,0,"ByeolBam",-5.101,-111.504,0,"ddil_ddil69",-46.85,-96.678,0,0,0,0,0,0,"",0,0,0,0,5166.409,,,,0,0
115,6,1,1,1,0,1,1,0,0,0,255,255,255,63,5183.275,"encounter v",R,10,60,93,-0.758,-1.502,0.49,2.099,-0.342,1.329,-36.681,46.857,100,0,0,2,0,0,400,-11.173,0,0,1,3,2,R,"にゃんこ65K",190,91.072,0.596,3,58,W,Y,5184.652,185,67,75,76,60,145,130,90.442,-89.535,0.46,0,0.202,305.619,-51.057,198.062,0.27,-37.269,0,"DoYaGee",-0.323,-17.884,0,"쟈가리코",-21.758,-47.201,0,"muyang_",-17.121,-62.889,0,"わだ、、",20.343,-47.525,0,"shimenawa",12.973,-64.579,0,"_송글_",42.226,-89.318,0,"ByeolBam",-4.858,-111.406,0,"ddil_ddil69",-46.516,-97.605,0,0,0,0,0,0,"",0,0,0,0,,,,,32,3
116,6,1,1,1,0,2,1,0,0,0,255,255,255,64,5206.928,"encounter v",R,32,103,140,-0.531,0.406,0.477,2.056,-0.571,1.673,-36.681,42.127,72,28,0,0,0,250,-200,-35.855,0,0,0,3,2,R,"にゃんこ65K",190,91.072,0.596,0,58,W,Y,0,0,0,0,0,0,0,0,0,0,0,0,0,0,0,0,0.362,-37.136,0,"DoYaGee",-0.052,-17.574,0,"쟈가리코",-22.309,-45.959,0,"muyang_",-16.939,-63.003,0,"わだ、、",20.345,-48.018,0,"shimenawa",8.847,-65.686,0,"_송글_",43.384,-88.115,0,"ByeolBam",-2.263,-111.352,0,"ddil_ddil69",-46.515,-96.987,0,0,0,0,0,0,"",0,0,0,0,5208.659,,,,0,0
117,6,1,1,1,0,0,2,0,0,0,255,255,255,65,5230.538,"encounter v",R,14,65,107,0.722,-1.574,0.546,2.057,-0.252,1.029,-36.681,58.168,100,0,0,4,0,337.087,360.432,-81.293,0.199,-18.818,1,4,1,R,"kneesohime",190,84.513,0.501,0,58,W,Y,0,0,0,0,0,0,0,0,0,0,0,0,0,0,0,0,0.343,-37.353,0,"DoYaGee",-0.045,-17.596,0,"쟈가리코",-22.609,-48.289,0,"muyang_",-17.366,-63.363,0,"わだ、、",20.803,-48.052,0,"shimenawa",11.679,-65.35,0,"_송글_",43.722,-88.787,0,"ByeolBam",-2.105,-108.564,0,"ddil_ddil69",-46.931,-96.69,0,0,0,0,0,0,"",0,0,0,0,5232.409,,,,0,0
118,6,1,1,1,0,1,2,0,0,0,255,255,255,66,5247.781,"encounter v",R,12,58,98,0.449,-0.892,0.657,2.024,0.176,1.165,-36.681,59.609,100,0,0,0,0,0,74.526,-21.167,0,0,1,4,1,R,"kneesohime",190,84.513,0.501,0,58,W,Y,0,0,0,0,0,0,0,0,0,0,0,0,0,0,0,0,0.203,-37.585,0,"DoYaGee",-0.048,-17.58,0,"쟈가리코",-22.515,-48.234,0,"muyang_",-17.051,-63.91,0,"わだ、、",19.76,-48.027,0,"shimenawa",12.02,-65.022,0,"_송글_",43.768,-88.754,0,"ByeolBam",-2.21,-108.444,0,"ddil_ddil69",-46.911,-96.68,0,0,0,0,0,0,"",0,0,0,0,5249.692,,,,0,0
119,6,1,1,1,0,2,2,0,0,0,255,255,255,67,5264.688,"encounter v",R,13,80,118,-1.836,-1.511,0.551,2.058,-0.23,1.031,-36.681,67.277,100,0,0,4,0,-362.961,343.888,-52.016,0,0,1,4,1,R,"kneesohime",190,84.513,0.501,0,58,W,Y,0,0,0,0,0,0,0,0,0,0,0,0,0,0,0,0,0.212,-37.12,0,"DoYaGee",-0.107,-17.589,0,"쟈가리코",-22.526,-45.831,0,"muyang_",-16.99,-62.766,0,"わだ、、",20.578,-47.613,0,"shimenawa",9.301,-65.56,0,"_송글_",43.74,-88.755,0,"ByeolBam",-3.753,-107.979,0,"ddil_ddil69",-46.91,-96.581,0,0,0,0,0,0,"",0,0,0,0,5266.58,,,,0,0
120,6,0,1,1,0,0,0,0,0,0,255,255,255,51,5363.5,"あくせる",R,33,86,140,2.378,1.018,0.434,1.713,0.839,2.186,-36.443,33.882,28,72,0,4,0,138.019,-76.955,6.33,0,0,1,5,0,L,"encounter v",190,84.791,0.423,0,57,W,Y,0,0,0,0,0,0,0,0,0,0,0,0,0,0,0,0,0.044,-36.896,0,"kneesohime",0.069,-17.156,0,"にゃんこ65K",-21.963,-51.67,0,"vovopo 보보포",-10.425,-59.621,0,"Parottey",19.779,-45.662,0,"CoalCat",12.288,-61.162,0,"Roscosmos",40.463,-88.071,0,"「yune」",5.789,-108.249,0,"Metalu",-39.132,-91.388,0,0,0,0,0,0,"",0,0,0,0,5365.126,,,,0,0
121,6,0,1,1,0,1,0,0,0,0,255,255,255,52,5382.611,"あくせる",R,28,80,131,-0.945,0.569,0.146,1.624,-0.5,1.896,-36.443,10.532,0,100,0,0,0,57.554,-79.432,13.447,0,0,0,5,0,L,"encounter v",190,84.791,0.423,0,57,W,Y,0,0,0,0,0,0,0,0,0,0,0,0,0,0,0,0,-0.109,-36.873,0,"kneesohime",-0.087,-17.108,0,"にゃんこ65K",-21.681,-51.056,0,"vovopo 보보포",-9.918,-59.729,0,"Parottey",19.097,-46.286,0,"CoalCat",12.312,-61.256,0,"Roscosmos",42.99,-89.04,0,"「yune」",5.793,-110.173,0,"Metalu",-37.271,-90.122,0,0,0,0,0,0,"",0,0,0,0,5384.143,,,,0,0
122,6,0,1,1,0,2,0,0,0,0,255,255,255,53,5402.489,"あくせる",R,33,91,140,-1.09,-0.051,0.151,1.521,-0.478,1.562,-36.443,13.232,0,100,0,2,0,139.774,-114.758,21.2,0,0,1,5,0,L,"encounter v",190,84.791,0.423,3,57,W,Y,5403.387,239,111,94,77,0,145,118,106.555,71.398,0.18,0,0.482,111.838,-285.002,94.814,-0.016,-36.282,0,"kneesohime",-0.198,-17.148,0,"にゃんこ65K",-21.851,-51.798,0,"vovopo 보보포",-10.111,-59.837,0,"Parottey",19.461,-46.375,0,"CoalCat",12.359,-61.183,0,"Roscosmos",42.303,-89.186,0,"「yune」",5.951,-111.117,0,"Metalu",-37.366,-90.054,0,0,0,0,0,0,"",0,0,0,0,,,,,4,3
123,6,0,1,1,0,2,0,0,0,0,255,255,255,54,5423.152,"あくせる",R,3,82,122,-1.977,-0.278,0.198,1.481,-0.256,1.435,-36.443,16.782,0,100,0,2,0,-387.446,0,22.969,0,0,1,5,0,L,"encounter v",190,84.791,0.423,3,57,W,Y,5424.075,255,70,124,107,9,145,91,13.467,9.07,-0.78,0,0.558,52.082,-115.2,-36.247,-0.053,-36.666,0,"kneesohime",-0.535,-17.228,0,"にゃんこ65K",-21.524,-51.467,0,"vovopo 보보포",-10.167,-60.55,93,"Parottey",18.922,-46.135,0,"CoalCat",12.5,-61.62,0,"Roscosmos",42.074,-89.974,0,"「yune」",8.978,-111.899,0,"Metalu",-37.813,-91.128,0,0,0,0,5426.842,3,"vovopo 보보포",-6.623,-64.073,0,0,,,,,132,1
124,6,0,1,1,0,0,1,0,0,0,255,255,255,55,5451.675,"あくせる",R,33,82,134,-0.444,-0.517,0.174,1.417,-0.37,1.192,-36.443,16.936,0,100,0,2,0,121.299,-119.957,18.375,0,0,1,6,8,R,"ddil_ddil69",175.8,89.899,0.397,3,57,W,Y,5452.753,211,79,69,66,21,142,120,108.454,-48.488,0.73,0,0.628,-153.963,-298.683,64.587,-0.125,-36.707,0,"kneesohime",-0.083,-17.264,0,"にゃんこ65K",-22.105,-51.277,0,"vovopo 보보포",-12.675,-60.958,0,"Parottey",18.715,-48.76,0,"CoalCat",10.462,-64.019,0,"Roscosmos",39.548,-92.897,0,"「yune」",1.346,-108.031,0,"Metalu",-44.539,-92.629,0,0,0,0,0,0,"",0,0,0,0,,,,,4,3
125,6,0,1,1,0,1,1,0,0,0,255,255,255,56,5474.192,"あくせる",R,14,73,112,0.635,-1.907,0.165,1.34,-0.411,0.924,-36.443,20.533,13,87,0,4,0,390.434,312.348,45.661,0.226,-18.729,1,6,8,R,"ddil_ddil69",175.8,89.899,0.397,0,57,W,Y,0,0,0,0,0,0,0,0,0,0,0,0,0,0,0,0,0.052,-37.425,0,"kneesohime",0.014,-17.286,0,"にゃんこ65K",-22.243,-48.4,0,"vovopo 보보포",-12.442,-61.137,0,"Parottey",18.847,-48.832,0,"CoalCat",10.955,-63.714,0,"Roscosmos",39.617,-92.712,0,"「yune」",0.571,-109.204,0,"Metalu",-38.769,-84.054,0,0,0,0,0,0,"",0,0,0,0,5476.076,,,,0,0
126,6,0,1,1,0,2,1,0,0,0,255,255,255,57,5494.97,"あくせる",R,26,85,138,1.235,0.778,0.324,1.624,0.327,1.917,-36.443,19.197,0,100,0,2,0,151.057,-152.016,24.267,0,0,1,6,8,R,"ddil_ddil69",175.8,89.899,0.397,3,57,W,Y,5496.079,85,30,29,0,0,17,45,24.591,27.983,-0.61,0,0.369,-8.406,330.506,-495.521,-0.03,-36.579,0,"kneesohime",0.024,-17.241,0,"にゃんこ65K",-22.192,-50.672,88,"vovopo 보보포",-13.008,-61.044,0,"Parottey",18.798,-48.809,0,"CoalCat",11.548,-63.163,0,"Roscosmos",39.533,-92.493,0,"「yune」",3.058,-106.824,0,"Metalu",-36.08,-84.169,0,5498.888,-11.914,-39.92,5499.792,2,"にゃんこ65K",-13.241,-43.213,0,0,,,,,12,2
127,6,0,1,1,0,0,2,0,0,0,255,255,255,58,5527.479,"あくせる",R,32,89,140,1.549,0.065,0.353,1.527,0.461,1.584,-36.443,15.011,0,100,0,1,0,152.675,-82.739,17.23,0,0,0,7,1,R,"DoYaGee",190,80,0.451,0,57,W,Y,0,0,0,0,0,0,0,0,0,0,0,0,0,0,0,0,-0.097,-37.019,0,"kneesohime",0.007,-17.242,0,"にゃんこ65K",-21.927,-50.536,0,"vovopo 보보포",-13.133,-60.836,0,"Parottey",19.91,-48.572,0,"CoalCat",11.531,-62.286,0,"Roscosmos",36.799,-92.328,0,"「yune」",-0.739,-114.141,0,"Metalu",-40.206,-85.819,0,0,0,0,0,0,"",0,0,0,0,5529.03,,,,0,0
128,6,0,1,1,1,0,2,0,0,0,255,255,255,59,5545.085,"あくせる",R,10,93,128,1.11,-1.35,0.355,1.397,0.473,1.163,-36.443,25.176,47,53,0,1,0,0,400,42.408,0,0,0,7,1,R,"DoYaGee",190,80,0.451,0,57,W,Y,0,0,0,0,0,0,0,0,0,0,0,0,0,0,0,0,-0.035,-36.934,0,"kneesohime",-0.006,-17.308,0,"にゃんこ65K",-21.895,-50.513,0,"vovopo 보보포",-13.079,-61.039,0,"Parottey",19.44,-48.465,0,"CoalCat",11.523,-62.306,0,"Roscosmos",36.02,-92.837,0,"「yune」",0.444,-114.236,0,"Metalu",-40.251,-85.779,0,0,0,0,0,0,"",0,0,0,0,5546.73,,,,0,0
129,6,0,1,1,2,0,2,0,0,0,255,255,255,60,5563.334,"あくせる",R,28,91,140,0.463,0.206,0.276,1.551,0.103,1.661,-36.443,12.665,0,100,0,2,0,67.431,-96.455,13.261,0,0,1,7,1,R,"DoYaGee",190,80,0.451,3,57,W,Y,5564.298,219,143,125,84,19,145,125,26.193,27.389,0.25,0,0.223,119.483,91.668,-7.15,-0.181,-36.084,0,"kneesohime",0.003,-17.252,0,"にゃんこ65K",-21.496,-50.382,0,"vovopo 보보포",-13.112,-60.967,0,"Parottey",19.484,-47.614,0,"CoalCat",11.365,-62.367,85,"Roscosmos",35.856,-92.779,0,"「yune」",0.587,-114.339,0,"Metalu",-39.379,-87.362,106,5569.534,-52.71,-116.189,5571.722,8,"ddil_ddil69",-50.415,-110.168,1,0,,5574.723,,,262,2
130,6,0,1,1,0,0,2,0,1,0,255,11,255,61,5602.509,"あくせる",R,28,86,139,5.462,-2.789,0.278,1.325,0.114,0.849,-36.443,21.546,0,100,0,2,0,78.084,-94.255,12.604,0,0,1,8,3,R,"muyang_",171.1,80,0.496,3,57,W,Y,5603.411,255,162,76,96,34,145,119,-13.898,-15.319,0.21,0,0.187,-31.812,-360.321,-305.998,0.496,-36.341,0,"kneesohime",0.064,-17.596,0,"にゃんこ65K",-20.059,-48.282,0,"vovopo 보보포",-13.402,-62.351,0,"Parottey",18.833,-47.82,0,"CoalCat",9.232,-61.805,107,"Roscosmos",36.807,-91.366,0,"「yune」",1.079,-108.378,0,"Metalu",-35.525,-84.869,0,5603.859,0.603,-21.867,5605.572,5,"CoalCat",10.584,-57.365,0,0,,,5607.988,,42,2
131,7,1,1,1,0,0,0,0,0,0,255,255,255,68,5698.325,"encounter v",R,32,87,140,1.248,0.8,0.64,2.329,0.187,1.911,-36.681,65.026,72,28,0,0,0,250,-200,-23.814,0,0,1,5,4,R,"Parottey",190,84,0.442,0,57,W,Y,0,0,0,0,0,0,0,0,0,0,0,0,0,0,0,0,0.221,-37.603,0,"DoYaGee",-0.021,-17.437,0,"쟈가리코",-23.598,-50.722,0,"muyang_",-16.931,-62.639,0,"わだ、、",19.571,-48.105,0,"shimenawa",11.88,-65.189,0,"_송글_",37.887,-87.386,0,"ByeolBam",-3.455,-109.972,0,"Po_cari",-40.34,-90.516,0,0,0,0,0,0,"",0,0,0,0,5700.109,,,,0,0
132,7,1,1,1,0,1,0,0,0,0,255,255,255,69,5718.814,"encounter v",R,10,67,110,-0.697,-1.829,0.532,2.027,-0.317,0.933,-36.681,58.427,100,0,0,1,0,0,400,-60.315,-0.178,-19.249,0,5,4,R,"Parottey",190,84,0.442,0,57,W,Y,0,0,0,0,0,0,0,0,0,0,0,0,0,0,0,0,0.276,-37.436,0,"DoYaGee",-0.056,-17.534,0,"쟈가리코",-23.612,-49.206,0,"muyang_",-17.346,-63.609,0,"わだ、、",18.826,-48.284,0,"shimenawa",9.693,-65.813,0,"_송글_",38.423,-87.818,0,"ByeolBam",-2.296,-110.985,0,"Po_cari",-40.359,-90.611,0,0,0,0,0,0,"",0,0,0,0,5720.722,,,,0,0
133,7,1,1,1,1,1,0,0,0,0,255,255,255,70,5737.815,"encounter v",R,32,82,133,0.239,1.021,0.549,2.369,-0.239,2.038,-36.681,89.507,64,36,0,2,0,227.737,-200,-28.995,0,0,1,5,4,R,"Parottey",190,84,0.442,3,57,W,Y,5738.963,255,122,136,49,30,145,130,105.29,-62.784,0.3,0,0.578,144.871,-6.281,-12.184,0.208,-37.155,0,"DoYaGee",-0.091,-17.525,0,"쟈가리코",-23.631,-49.707,0,"muyang_",-16.948,-62.654,0,"わだ、、",19.251,-47.2,0,"shimenawa",11.779,-65.709,0,"_송글_",39.036,-88.465,0,"ByeolBam",-3.132,-111.3,0,"Po_cari",-40.234,-90.679,0,0,0,0,0,0,"",0,0,0,0,,,,,32,3
134,7,1,1,1,1,2,0,0,0,0,255,255,255,71,5759.573,"encounter v",R,13,81,107,0.039,-1.522,0.717,2.03,0.364,1.179,-36.681,66.07,93,7,0,1,0,-194.75,400,-53.259,0,0,0,5,4,R,"Parottey",190,84,0.442,0,57,W,Y,0,0,0,0,0,0,0,0,0,0,0,0,0,0,0,0,0.236,-37.518,0,"DoYaGee",0.006,-17.546,0,"쟈가리코",-24.315,-48.348,0,"muyang_",-17.785,-62.401,0,"わだ、、",19.387,-47.226,0,"shimenawa",9.902,-64.931,0,"_송글_",39.716,-87.17,0,"ByeolBam",-2.224,-110.917,0,"Po_cari",-40.352,-90.453,0,0,0,0,0,0,"",0,0,0,0,5761.434,,,,0,0
135,7,1,1,1,2,2,0,0,0,0,255,255,255,72,5776.872,"encounter v",R,13,87,110,-0.925,-1.132,0.678,2.081,0.242,1.29,-36.681,63.236,82,18,0,4,0,-380.451,324.434,-57.762,0,0,1,5,4,R,"Parottey",190,84,0.442,0,57,W,Y,0,0,0,0,0,0,0,0,0,0,0,0,0,0,0,0,0.333,-37.648,0,"DoYaGee",-0.041,-17.558,0,"쟈가리코",-23.834,-46.617,0,"muyang_",-16.401,-64.306,0,"わだ、、",19.337,-47.088,0,"shimenawa",10.189,-65.572,0,"_송글_",39.785,-87.076,0,"ByeolBam",-1.811,-110.082,0,"Po_cari",-40.404,-90.566,0,0,0,0,0,0,"",0,0,0,0,5778.813,,,,0,0
136,7,1,1,1,0,0,1,0,0,0,255,255,255,73,5834.702,"encounter v",R,13,74,101,-1.621,-1.317,0.599,2.135,-0.003,1.384,-36.681,64.559,95,5,0,4,0,-340.17,335.772,-21.57,0,0,1,6,6,R,"Roscosmos",175,90.135,0.473,0,56,W,Y,0,0,0,0,0,0,0,0,0,0,0,0,0,0,0,0,0.216,-37.339,0,"DoYaGee",-0.074,-17.539,0,"쟈가리코",-21.67,-48.076,0,"muyang_",-17.277,-63.37,0,"わだ、、",19.869,-47.504,0,"shimenawa",11.705,-65.972,0,"_송글_",39.787,-87.089,0,"ByeolBam",-3.544,-111.298,0,"Po_cari",-38.199,-87.252,0,0,0,0,0,0,"",0,0,0,0,5836.38,,,,0,0
137,7,1,1,1,0,1,1,0,0,0,255,255,255,74,5851.242,"encounter v",R,10,69,99,0.96,-2.497,0.712,1.914,0.348,0.865,-36.681,56.164,100,0,0,4,0,0,400,-39.754,0.146,-20.152,1,6,6,R,"Roscosmos",175,90.135,0.473,0,56,W,Y,0,0,0,0,0,0,0,0,0,0,0,0,0,0,0,0,0.322,-37.424,0,"DoYaGee",-0.067,-17.737,0,"쟈가리코",-22.458,-48.899,0,"muyang_",-17.242,-63.077,0,"わだ、、",19.646,-46.949,0,"shimenawa",9.834,-66,0,"_송글_",39.953,-87.574,0,"ByeolBam",-2.44,-111.492,0,"Po_cari",-38.161,-87.239,0,0,0,0,0,0,"",0,0,0,0,5859.905,,,,0,0
138,7,1,1,1,0,2,1,0,0,0,255,255,255,75,5879.822,"encounter v",R,32,88,140,0.745,0.969,0.597,2.333,-0.013,1.944,-36.681,85.705,74,26,0,2,0,250,-200,-40.358,0,0,1,6,6,R,"Roscosmos",175,90.135,0.473,3,56,W,Y,5880.638,250,93,116,118,29,145,84,33.457,-6.97,-0.85,0,0.205,318.247,-382.101,-29.384,0.386,-37.251,0,"DoYaGee",-0.067,-17.466,0,"쟈가리코",-22.276,-49.031,0,"muyang_",-16.821,-62.616,0,"わだ、、",18.929,-47.148,0,"shimenawa",12.035,-65.278,100,"_송글_",39.826,-87.464,0,"ByeolBam",-5.361,-110.936,0,"Po_cari",-38.198,-87.297,0,0,0,0,5885.901,5,"shimenawa",13.252,-82.247,0,0,,,,,33,1
139,7,1,1,1,0,0,2,0,0,0,255,255,255,76,5914.99,"encounter v",R,10,64,96,-2.053,-1.122,0.31,2.277,-0.899,1.723,-36.681,58.398,100,0,0,1,0,0,400,-58.903,0,0,0,7,3,L,"vovopo 보보포",160,80.084,0.55,0,56,W,Y,0,0,0,0,0,0,0,0,0,0,0,0,0,0,0,0,0.304,-37.572,0,"DoYaGee",0.004,-17.682,0,"쟈가리코",-19.353,-45.323,0,"muyang_",-16.598,-64.228,0,"わだ、、",17.915,-44.31,0,"shimenawa",9.525,-62.374,0,"_송글_",36.403,-85.255,0,"ByeolBam",0.487,-109.9,0,"Po_cari",-36.267,-83.575,0,0,0,0,0,0,"",0,0,0,0,5916.984,,,,0,0
140,7,1,1,1,1,0,2,0,0,0,255,255,255,77,5934.067,"encounter v",R,10,66,98,-1.95,-0.023,0.324,2.286,-0.856,2.259,-36.681,59.023,92,8,0,1,0,0,400,-62.676,0,0,0,7,3,L,"vovopo 보보포",160,80.084,0.55,0,56,W,Y,0,0,0,0,0,0,0,0,0,0,0,0,0,0,0,0,0.269,-37.479,0,"DoYaGee",-0.057,-17.615,0,"쟈가리코",-19.275,-45.227,0,"muyang_",-16.92,-63.642,0,"わだ、、",17.161,-44.342,0,"shimenawa",10.141,-65.602,0,"_송글_",36.373,-85.17,0,"ByeolBam",0.457,-108.008,0,"Po_cari",-36.221,-83.484,0,0,0,0,0,0,"",0,0,0,0,5936.051,,,,0,0
141,7,1,1,1,2,0,2,0,0,0,255,255,255,78,5948.585,"encounter v",R,26,92,140,-1.225,-2.97,0.457,1.676,-0.664,-0.553,-36.681,29.833,33,67,0,1,0,88.352,-200,-7.73,-0.177,-21.708,0,7,3,L,"vovopo 보보포",160,80.084,0.55,0,56,W,Y,0,0,0,0,0,0,0,0,0,0,0,0,0,0,0,0,0.284,-37.419,0,"DoYaGee",-0.055,-17.667,0,"쟈가리코",-19.513,-45.145,0,"muyang_",-17.077,-62.748,0,"わだ、、",17.082,-43.813,0,"shimenawa",9.973,-65.584,0,"_송글_",37.204,-85.382,0,"ByeolBam",0.441,-107.964,0,"Po_cari",-36.209,-83.53,0,0,0,0,0,0,"",0,0,0,0,5950.442,,,,0,0
142,7,1,1,1,3,0,2,0,0,0,255,255,255,79,5964.643,"encounter v",R,26,74,125,1.002,0.838,0.625,2.28,0.117,1.768,-36.681,66.393,80,20,0,0,0,191.372,-200,-25.145,0,0,0,7,3,L,"vovopo 보보포",160,80.084,0.55,0,56,W,Y,0,0,0,0,0,0,0,0,0,0,0,0,0,0,0,0,0.309,-37.461,0,"DoYaGee",0.058,-17.591,0,"쟈가리코",-19.421,-45.36,0,"muyang_",-16.987,-62.865,0,"わだ、、",16.835,-43.651,0,"shimenawa",10.519,-66.926,0,"_송글_",37.11,-85.503,0,"ByeolBam",0.424,-107.961,0,"Po_cari",-36.256,-83.583,0,0,0,0,0,0,"",0,0,0,0,5966.484,,,,0,0
143,7,1,1,1,3,1,2,0,0,0,255,255,255,80,5982.812,"encounter v",R,13,70,98,-0.831,-0.418,0.601,2.193,0.314,2.02,-36.681,65.975,90,10,0,0,0,-316.906,351.383,-20.219,0,0,0,7,3,L,"vovopo 보보포",160,80.084,0.55,0,56,W,Y,0,0,0,0,0,0,0,0,0,0,0,0,0,0,0,0,0.521,-37.556,0,"DoYaGee",-0.041,-17.654,0,"쟈가리코",-19.349,-45.35,0,"muyang_",-17.274,-63.769,0,"わだ、、",16.235,-44.016,0,"shimenawa",11.522,-67.837,0,"_송글_",37.506,-85.172,0,"ByeolBam",1.37,-108.339,0,"Po_cari",-36.168,-83.684,0,0,0,0,0,0,"",0,0,0,0,5984.805,,,,0,0
144,7,1,1,1,3,2,2,0,0,0,255,255,255,81,6003.382,"encounter v",R,26,86,139,-0.113,0.67,0.446,2.264,-0.253,1.707,-36.681,51.589,71,29,0,0,0,137.098,-200,-13.331,0,0,1,7,3,L,"vovopo 보보포",160,80.084,0.55,0,56,W,Y,0,0,0,0,0,0,0,0,0,0,0,0,0,0,0,0,2.9,-36.315,0,"DoYaGee",-0.037,-17.581,0,"쟈가리코",-20.906,-44.348,0,"muyang_",-17.32,-64.534,0,"わだ、、",15.58,-43.901,0,"shimenawa",11.105,-66.025,0,"_송글_",36.446,-83.036,0,"ByeolBam",4.131,-109.832,0,"Po_cari",-35.988,-83.848,0,0,0,0,0,0,"",0,0,0,0,6005.23,,,,0,0
145,7,0,1,1,0,0,0,0,0,0,255,255,255,62,6059.828,"あくせる",R,27,88,140,2.244,-0.107,0.426,1.481,0.8,1.415,-36.443,24.759,0,100,0,1,0,123.324,-144.765,7.557,0,0,0,0,5,L,"shimenawa",175.4,94.778,0.295,0,56,W,Y,0,0,0,0,0,0,0,0,0,0,0,0,0,0,0,0,0.158,-37.238,0,"kneesohime",0.052,-17.32,0,"にゃんこ65K",-21.078,-51.03,0,"vovopo 보보포",-9.699,-60.291,0,"Parottey",21.292,-47.412,0,"CoalCat",12.37,-61.14,0,"Roscosmos",40.383,-88.74,0,"「yune」",7.377,-107.111,0,"Metalu",-34.17,-90.39,0,0,0,0,0,0,"",0,0,0,0,6061.438,,,,0,0
146,7,0,1,1,1,0,0,0,0,0,255,255,255,63,6076.757,"あくせる",R,3,69,111,2.491,-0.163,0.63,1.571,1.87,1.519,-36.443,49.098,36,64,0,1,0,-449.104,0,-8.875,0,0,0,0,5,L,"shimenawa",175.4,94.778,0.295,0,56,W,Y,0,0,0,0,0,0,0,0,0,0,0,0,0,0,0,0,0.232,-37.19,0,"kneesohime",0.073,-17.291,0,"にゃんこ65K",-21.531,-50.126,0,"vovopo 보보포",-10.206,-60.406,0,"Parottey",21.174,-47.426,0,"CoalCat",11.971,-61.401,0,"Roscosmos",40.414,-88.789,0,"「yune」",6.731,-107.14,0,"Metalu",-37.468,-92.274,0,0,0,0,0,0,"",0,0,0,0,6078.555,,,,0,0
147,7,0,1,1,2,0,0,0,0,0,255,255,255,64,6094.017,"あくせる",R,34,95,140,0.929,-0.167,0.313,1.485,0.275,1.431,-36.443,23.452,0,100,0,2,0,90.412,-88.058,6.945,0,0,1,0,5,L,"shimenawa",175.4,94.778,0.295,3,56,W,Y,6095.046,113,85,90,56,0,137,127,25.579,-11.354,0.63,0,0.26,376.357,-454.621,108.05,0.017,-36.401,0,"kneesohime",0.025,-17.235,0,"にゃんこ65K",-21.06,-50.681,0,"vovopo 보보포",-10.078,-60.442,87,"Parottey",20.769,-47.132,0,"CoalCat",12.074,-61.416,0,"Roscosmos",40.478,-89.035,0,"「yune」",6.469,-107.211,99,"Metalu",-38.181,-92.066,0,6101.001,31.927,-125.801,6102.38,7,"「yune」",28.784,-119.665,1,0,,6104.736,,,133,2
148,7,0,1,1,0,0,0,0,1,0,255,15,255,65,6134.105,"あくせる",R,27,82,133,-0.916,0.36,0.141,1.577,-0.523,1.744,-36.443,12.149,0,100,0,2,0,83.921,-105.523,16.35,0,0,1,1,4,L,"わだ、、",190,85,0.528,3,56,W,Y,6135.127,255,160,163,142,49,145,105,17.412,-37.199,-0.1,0,0.458,317.915,224.544,-121.148,0.027,-36.353,0,"kneesohime",-0.211,-17.254,0,"にゃんこ65K",-19.527,-47.829,0,"vovopo 보보포",-11.047,-59.384,84,"Parottey",19.543,-45.276,0,"CoalCat",10.984,-59.97,0,"Roscosmos",44.9,-91.65,0,"「yune」",14.079,-110.422,0,"Metalu",-33.399,-94.668,0,0,0,0,6139.076,6,"Roscosmos",41.731,-78.585,0,0,,6140.981,,,196,1
149,7,0,1,1,0,0,1,1,1,0,12,15,255,66,6261.868,"あくせる",R,13,83,126,0.507,0.276,0.392,1.646,0.643,1.993,-36.443,18.622,39,61,0,2,0,-285.492,201.654,11.717,0,0,1,3,7,R,"ByeolBam",175.3,90,0.5,3,86,W,Y,6262.733,255,70,121,69,30,145,127,26.471,29.816,0.5,0,0.202,152.084,339.917,8.8,0.206,-36.855,0,"kneesohime",0.092,-17.55,103,"にゃんこ65K",-19.752,-46.693,0,"vovopo 보보포",-13.203,-60.5,0,"Parottey",18.26,-48.328,0,"CoalCat",8.264,-61.043,103,"Roscosmos",38.595,-94.848,0,"「yune」",-1.969,-108.333,0,"Metalu",-40.303,-87.993,112,6268.197,-59.124,-107.888,6269.638,8,"Metalu",-54.005,-105.543,1,0,6276.901,6269.445,6269.501,6274.203,278,2
150,7,0,1,2,0,0,1,0,1,1,255,17,12,67,6306.896,"あくせる",R,10,85,127,0.952,-1.449,0.365,1.421,0.517,1.203,-36.443,20.812,32,68,0,2,0,-75.222,380.946,12.294,0,0,1,4,6,R,"_송글_",174.9,90.478,0.316,3,56,W,Y,6307.812,255,123,121,109,43,145,126,7.628,8.363,0.57,0,0.57,132.715,-29.134,61.61,0.072,-36.58,0,"kneesohime",0.081,-17.565,0,"にゃんこ65K",-19.975,-46.482,0,"vovopo 보보포",-13.455,-60.507,0,"Parottey",19.393,-44.996,0,"CoalCat",8.479,-60.903,0,"Roscosmos",38.888,-91.334,0,"「yune」",-7.293,-107.633,87,"Metalu",-43.279,-89.654,0,6310.426,-9.628,-88.617,6311.209,7,"「yune」",-10.697,-96.238,1,0,6375.192,,6313.43,6313.648,277,2
151,7,0,1,4,0,0,1,1,0,0,16,255,255,0,6603.933,"kneesohime",R,26,78,128,-2.788,0.021,-0.054,1.595,-1.182,1.435,-36.49,10.245,57,43,0,2,0,-21.967,-200,41.832,0,0,1,5,0,L,"encounter v",190,84.791,0.423,3,55,W,Y,6604.807,255,255,136,135,42,145,91,13.017,-15.599,-0.78,0,0.732,348.391,404.667,-53.531,-0.027,-37.147,0,"あくせる",-0.407,-17.342,0,"にゃんこ65K",-18.447,-45.026,0,"vovopo 보보포",-11.156,-58.173,0,"Parottey",21.052,-46.844,0,"CoalCat",11.766,-60.861,104,"Roscosmos",44.485,-90.835,0,"「yune」",7.451,-106.089,0,"Metalu",-36.782,-85.216,0,0,0,0,6607.901,5,"CoalCat",10.062,-65.686,0,16,,,,,299,1
152,8,1,1,4,0,0,0,0,0,0,255,255,255,82,6781.66,"encounter v",R,13,84,123,-0.277,0.502,0.588,2.205,0.409,2.199,-36.681,49.02,70,30,0,2,0,-390.434,312.348,-10.689,0,0,0,8,8,R,"Gonyong",174.8,85,0.2,3,55,W,Y,6782.767,174,134,93,50,16,145,126,18.281,44.561,0.55,0.143,0.402,17.175,597.266,54.574,0.242,-37.396,0,"DoYaGee",-0.236,-17.803,0,"쟈가리코",-22.671,-50.486,0,"muyang_",-17.117,-62.592,0,"わだ、、",17.892,-47.343,0,"shimenawa",12.089,-65.547,0,"_송글_",39.29,-91.695,0,"ByeolBam",-2.608,-111.233,0,"Po_cari",-39.169,-87.913,0,6786.601,-72.898,-77.933,0,0,"",0,0,0,0,,,,,32,3
153,8,1,1,4,0,1,0,0,0,0,255,255,255,83,6809.988,"encounter v",R,32,93,140,1.717,0.905,0.685,2.321,0.394,1.904,-36.681,72.827,64,36,0,4,0,250,-200,-25.329,0,0,1,8,8,R,"Gonyong",174.8,85,0.2,0,55,W,Y,0,0,0,0,0,0,0,0,0,0,0,0,0,0,0,0,0.264,-37.261,0,"DoYaGee",0.015,-17.608,0,"쟈가리코",-21.283,-48.404,0,"muyang_",-17.356,-62.631,0,"わだ、、",18.144,-45.949,0,"shimenawa",11.688,-65.419,0,"_송글_",41.353,-91.539,0,"ByeolBam",-0.363,-113.208,0,"Po_cari",-40.86,-86.736,0,0,0,0,0,0,"",0,0,0,0,6811.78,,,,0,0
154,8,1,1,4,0,2,0,0,0,0,255,255,255,84,6830.493,"encounter v",R,32,93,140,0.676,2.308,0.586,2.354,-0.065,2.722,-36.681,67.213,62,38,0,1,0,250,-200,-12.813,0,0,0,8,8,R,"Gonyong",174.8,85,0.2,0,55,W,Y,0,0,0,0,0,0,0,0,0,0,0,0,0,0,0,0,0.216,-37.2,0,"DoYaGee",0.013,-17.55,0,"쟈가리코",-21.609,-47.89,0,"muyang_",-17.306,-63.342,0,"わだ、、",18.667,-46.883,0,"shimenawa",10.043,-65.954,0,"_송글_",41.358,-91.515,0,"ByeolBam",-2.198,-113.185,0,"Po_cari",-40.791,-86.673,0,0,0,0,0,0,"",0,0,0,0,6832.326,,,,0,0
155,8,1,1,4,1,2,0,0,0,0,255,255,255,85,6849.141,"encounter v",R,13,81,119,-1.64,1.744,0.571,2.443,-0.135,3.037,-36.681,83.541,75,25,0,1,0,-354.613,352.491,-39.116,0,0,0,8,8,R,"Gonyong",174.8,85,0.2,0,55,W,Y,0,0,0,0,0,0,0,0,0,0,0,0,0,0,0,0,0.328,-37.342,0,"DoYaGee",-0.135,-17.581,0,"쟈가리코",-21.863,-48.726,0,"muyang_",-17.484,-63.749,0,"わだ、、",18.455,-46.493,0,"shimenawa",10.551,-65.336,0,"_송글_",41.383,-91.461,0,"ByeolBam",-4.336,-112.644,0,"Po_cari",-40.764,-86.658,0,0,0,0,0,0,"",0,0,0,0,6851.009,,,,0,0
156,8,1,1,4,2,2,0,0,0,0,255,255,255,86,6869.663,"encounter v",R,4,63,98,-0.977,-0.599,0.607,2.081,0.023,1.258,-36.681,62.648,100,0,0,0,0,-214.464,0.139,-7.816,0,0,0,8,8,R,"Gonyong",174.8,85,0.2,0,55,W,Y,0,0,0,0,0,0,0,0,0,0,0,0,0,0,0,0,0.235,-37.308,0,"DoYaGee",-0.109,-17.8,0,"쟈가리코",-21.73,-44.967,0,"muyang_",-17.156,-62.844,0,"わだ、、",17.876,-46.445,0,"shimenawa",10.058,-65.426,0,"_송글_",41.462,-91.476,0,"ByeolBam",-0.021,-115.416,0,"Po_cari",-40.837,-86.661,0,0,0,0,0,0,"",0,0,0,0,6871.672,,,,0,0
157,8,1,1,4,0,0,1,0,0,0,255,255,255,87,6896.299,"encounter v",R,32,100,140,-0.907,-0.979,0.445,2.013,-0.719,0.819,-36.681,43.148,70,30,0,0,0,250,-200,-45.274,0,0,0,0,7,R,"「yune」",174.8,80,0.28,0,55,W,Y,0,0,0,0,0,0,0,0,0,0,0,0,0,0,0,0,0.296,-36.953,0,"DoYaGee",-0.007,-17.76,0,"쟈가리코",-22.204,-48.689,0,"muyang_",-17.066,-63.311,0,"わだ、、",17.917,-46.676,0,"shimenawa",8.842,-65.629,0,"_송글_",41.403,-91.558,0,"ByeolBam",-0.958,-108.489,0,"Po_cari",-40.868,-86.662,0,0,0,0,0,0,"",0,0,0,0,6898.072,,,,0,0
158,8,1,1,4,0,1,1,0,0,0,255,255,255,88,6913.707,"encounter v",R,13,46,81,-0.812,-1.992,0.416,2.099,0.207,1.291,-36.681,106.33,100,0,0,2,0,-213.509,400,-8.938,0,0,1,0,7,R,"「yune」",174.8,80,0.28,3,55,W,Y,6915.102,255,185,101,122,32,145,103,-30,-54.259,0.94,0,0.344,67.508,40.031,185.66,0.114,-36.975,0,"DoYaGee",-0.24,-17.858,0,"쟈가리코",-21.486,-48.694,0,"muyang_",-16.873,-62.628,0,"わだ、、",17.12,-46.687,0,"shimenawa",11.127,-65.323,0,"_송글_",41.425,-91.564,0,"ByeolBam",-2.393,-108.274,0,"Po_cari",-40.841,-86.647,0,6915.484,0.458,-21.563,0,0,"",0,0,0,0,,,,,32,0
159,8,1,1,4,0,2,1,0,0,0,255,255,255,89,6936.881,"encounter v",R,32,107,140,-1.49,0.636,0.285,2.08,-1,1.759,-36.681,36.619,67,33,0,1,0,250,-200,-11.331,0,0,0,0,7,R,"「yune」",174.8,80,0.28,0,30,W,Y,0,0,0,0,0,0,0,0,0,0,0,0,0,0,0,0,0.216,-37.172,0,"DoYaGee",-0.163,-17.548,0,"쟈가리코",-22.188,-46.57,0,"muyang_",-17.129,-63.794,0,"わだ、、",18.787,-46.512,0,"shimenawa",8.967,-65.751,0,"_송글_",41.503,-89.037,0,"ByeolBam",-0.27,-107.751,0,"Po_cari",-40.095,-86.893,0,0,0,0,0,0,"",0,0,0,0,6938.664,,,,0,0
160,8,1,1,4,1,2,1,0,0,0,255,255,255,90,6957.322,"encounter v",R,32,102,140,-0.847,-1.392,0.447,1.945,-0.71,0.581,-36.681,36.994,80,20,0,1,0,250,-200,-32.247,0,0,0,0,7,R,"「yune」",174.8,80,0.28,0,30,W,Y,0,0,0,0,0,0,0,0,0,0,0,0,0,0,0,0,0.281,-36.913,0,"DoYaGee",-0.112,-17.631,0,"쟈가리코",-22.025,-45.086,0,"muyang_",-16.899,-62.854,0,"わだ、、",19.159,-46.294,0,"shimenawa",8.605,-66.067,0,"_송글_",41.555,-88.989,0,"ByeolBam",-3.337,-107.45,0,"Po_cari",-40.136,-86.981,0,0,0,0,0,0,"",0,0,0,0,6959.234,,,,0,0
161,8,1,1,4,2,2,1,0,0,0,255,255,255,91,6978.994,"encounter v",R,32,90,140,-29.823,40.56,0.556,2.196,5.069,6.105,-36.681,91.442,65,35,0,1,0,250,-200,-20.188,18.429,46.383,0,0,7,R,"「yune」",174.8,80,0.28,0,30,W,Y,0,0,0,0,0,0,0,0,0,0,0,0,0,0,0,0,-1.132,-41.958,0,"DoYaGee",0.153,-16.88,0,"쟈가리코",-22.283,-48.221,0,"muyang_",-16.927,-62.635,0,"わだ、、",17.931,-46.252,0,"shimenawa",12.107,-65.418,0,"_송글_",41.551,-88.945,0,"ByeolBam",-0.271,-108.915,0,"Po_cari",-40.213,-87.061,0,0,0,0,0,0,"",0,0,0,0,,,,,0,0
162,8,1,1,4,3,2,1,0,0,0,255,255,255,92,7005.445,"encounter v",R,32,72,123,1.481,0.656,0.647,2.272,0.221,1.73,-36.681,77.21,64,36,0,2,0,250,-200,-13.448,0,0,1,0,7,R,"「yune」",174.8,80,0.28,3,30,W,Y,7006.599,255,63,43,83,13,132,79,-7.345,-19.882,-0.76,0,0.29,-42.405,-213.262,22.872,0.437,-37.138,0,"DoYaGee",-0.038,-17.562,0,"쟈가리코",-21.658,-47.959,84,"muyang_",-16.804,-62.407,0,"わだ、、",18.436,-46.241,0,"shimenawa",12.014,-65.222,0,"_송글_",41.511,-88.95,0,"ByeolBam",-0.972,-108.1,0,"Po_cari",-40.133,-87.028,0,7007.309,2.66,-26.754,7009.593,5,"shimenawa",13.899,-57.963,0,0,,,,,37,2
163,8,1,1,4,0,0,2,0,0,0,255,255,255,93,7033.657,"encounter v",R,32,88,140,1.174,0.784,0.634,2.302,0.157,1.837,-36.681,79.81,74,26,0,0,0,250,-200,-24.319,0,0,0,1,5,R,"CoalCat",175.4,82.838,0.435,0,55,W,Y,0,0,0,0,0,0,0,0,0,0,0,0,0,0,0,0,0.227,-37.482,0,"DoYaGee",-0.006,-17.259,0,"쟈가리코",-23.083,-49.676,0,"muyang_",-16.094,-63.962,0,"わだ、、",18.096,-45.783,0,"shimenawa",8.646,-65.822,0,"_송글_",38.405,-88.502,0,"ByeolBam",-3.386,-108.573,0,"Po_cari",-39.294,-87.949,0,0,0,0,0,0,"",0,0,0,0,7035.509,,,,0,0
164,8,1,1,4,0,1,2,0,0,0,255,255,255,94,7050.761,"encounter v",R,32,95,140,0.721,0.527,0.59,2.26,-0.047,1.689,-36.681,68.604,71,29,0,0,0,250,-200,-12.097,0,0,1,1,5,R,"CoalCat",175.4,82.838,0.435,0,55,W,Y,0,0,0,0,0,0,0,0,0,0,0,0,0,0,0,0,0.259,-37.287,0,"DoYaGee",-0.046,-17.265,0,"쟈가리코",-22.81,-48.831,0,"muyang_",-16.761,-63.883,0,"わだ、、",18.535,-46.04,0,"shimenawa",8.466,-66.121,0,"_송글_",38.535,-88.456,0,"ByeolBam",-1.209,-108.757,0,"Po_cari",-39.034,-87.611,0,0,0,0,0,0,"",0,0,0,0,7052.622,,,,0,0
165,8,1,1,4,0,2,2,0,0,0,255,255,255,95,7071.682,"encounter v",R,32,85,138,1.108,0.693,0.625,2.286,0.114,1.782,-36.681,75.22,73,27,0,2,0,250,-200,-16.93,0,0,1,1,5,R,"CoalCat",175.4,82.838,0.435,3,37,W,Y,7072.79,194,92,141,102,40,145,86,100.809,76.61,-0.8,0,0.493,29.355,-161.776,24.3,0.397,-37.17,0,"DoYaGee",-0.049,-17.297,0,"쟈가리코",-21.747,-48.117,0,"muyang_",-16.573,-62.485,0,"わだ、、",18.033,-46.446,0,"shimenawa",11.662,-65.717,0,"_송글_",38.496,-88.475,0,"ByeolBam",-1.848,-108.777,0,"Po_cari",-39.043,-87.563,0,7078.534,54.264,-4.231,0,0,"",0,0,0,0,,,,,32,3
166,8,1,1,4,0,2,2,0,0,0,255,255,255,96,7094.992,"encounter v",R,32,100,140,-0.871,-0.477,0.444,2.094,-0.726,1.108,-36.681,53.024,72,28,0,2,0,250,-200,-26.359,0,0,1,1,5,R,"CoalCat",175.4,82.838,0.435,3,37,W,Y,7096.123,231,114,85,107,63,145,113,14.324,-9.063,0.8,0,0.409,246.113,-182.306,20.593,0.224,-37.104,0,"DoYaGee",-0.176,-17.491,0,"쟈가리코",-20.844,-47.671,0,"muyang_",-16.819,-62.948,0,"わだ、、",18.459,-46.165,0,"shimenawa",11.023,-66.034,65,"_송글_",38.615,-89.682,0,"ByeolBam",-0.939,-108.673,105,"Po_cari",-37.446,-87.115,0,7100.355,16.774,-107.476,7104.697,7,"ByeolBam",19.314,-129.516,1,0,,7105.507,,,41,2
167,8,1,1,4,0,0,2,0,1,0,255,5,255,97,7132.811,"encounter v",R,32,92,140,0.948,0.706,0.612,2.311,0.056,1.85,-36.681,68.152,65,35,0,2,0,250,-200,-22.197,0,0,1,2,1,R,"あくせる",190,89.801,0.5,3,73,W,Y,7133.959,246,73,204,77,35,145,104,109.397,-50.132,0.92,0,0.277,157.874,-12.047,-31.642,0.247,-37.069,0,"DoYaGee",-0.044,-17.533,0,"쟈가리코",-24.486,-52.097,0,"muyang_",-16.273,-62.926,0,"わだ、、",18.528,-46.307,0,"shimenawa",10.552,-66.513,0,"_송글_",36.737,-82.546,0,"ByeolBam",-3.95,-113.399,0,"Po_cari",-43.106,-88.48,0,0,0,0,0,0,"",0,0,0,0,,7136.249,,,32,3
168,8,1,1,4,0,1,2,0,1,0,255,5,255,98,7155.117,"encounter v",R,14,65,95,0.369,-1.751,0.507,1.982,-0.288,1.075,-36.681,57.448,100,0,0,2,0,222.009,400,-80.285,0,0,1,2,1,R,"あくせる",190,89.801,0.5,3,73,W,Y,7156.373,255,170,137,117,59,145,116,-30,40.582,0.89,0,0.422,79.137,-61.024,18.41,0.171,-37.023,0,"DoYaGee",0.018,-17.509,0,"쟈가리코",-21.747,-48.413,0,"muyang_",-16.626,-62.982,0,"わだ、、",18.994,-47.263,0,"shimenawa",10.899,-65.53,0,"_송글_",38.978,-86.624,0,"ByeolBam",-3.214,-113.543,0,"Po_cari",-44.952,-88.524,0,7156.726,-0.338,-20.824,7158.192,2,"쟈가리코",-20.296,-44.137,0,0,,,7161.25,,20,2
169,8,0,1,4,0,0,0,0,0,0,255,255,255,1,7205.225,"kneesohime",R,27,86,140,-0.822,-0.2,0.103,1.578,-0.451,1.354,-36.49,22.691,43,57,0,0,0,77.732,-144.022,11.43,0,0,0,6,8,R,"Po_cari",175.3,85,0.45,0,54,W,Y,0,0,0,0,0,0,0,0,0,0,0,0,0,0,0,0,-0.07,-37.801,0,"あくせる",0.11,-17.836,0,"にゃんこ65K",-21.235,-50.097,0,"vovopo 보보포",-12.801,-62.496,0,"Parottey",19.316,-48.773,0,"CoalCat",10.834,-61.997,0,"Roscosmos",37.842,-86.867,0,"「yune」",-1.427,-113.249,0,"Gonyong",-42.488,-90.82,0,0,0,0,0,0,"",0,0,0,0,7206.855,,,,0,0
170,8,0,1,4,0,1,0,0,0,0,255,255,255,2,7219.68,"kneesohime",R,4,66,102,0.076,0.125,0.333,1.68,0.412,1.694,-36.49,29.658,61,39,0,0,0,-193.522,0,-14.094,0,0,1,6,8,R,"Po_cari",175.3,85,0.45,0,54,W,Y,0,0,0,0,0,0,0,0,0,0,0,0,0,0,0,0,0.122,-37.746,0,"あくせる",0.18,-17.686,0,"にゃんこ65K",-21.268,-50.104,0,"vovopo 보보포",-12.661,-61.108,0,"Parottey",18.873,-48.711,0,"CoalCat",10.796,-62.111,0,"Roscosmos",38.396,-87.587,0,"「yune」",-2.474,-111.652,0,"Gonyong",-42.349,-91.269,0,0,0,0,0,0,"",0,0,0,0,7221.501,,,,0,0
171,8,0,1,4,0,2,0,0,0,0,255,255,255,3,7235.766,"kneesohime",R,0,72,111,0.652,0.38,0.29,1.78,0.275,1.827,-36.49,56.885,94,6,0,2,0,0,0,-4.878,0,0,1,6,8,R,"Po_cari",175.3,85,0.45,3,54,W,Y,7236.865,211,101,104,63,74,145,124,26.165,37.426,0.27,0,0.589,109.15,-181.158,71.266,-0.07,-37.26,0,"あくせる",-0.295,-17.794,0,"にゃんこ65K",-21.479,-49.752,0,"vovopo 보보포",-12.656,-61.124,0,"Parottey",19.36,-49.109,0,"CoalCat",10.42,-62.309,81,"Roscosmos",37.764,-88.013,0,"「yune」",-2.717,-110.272,0,"Gonyong",-41.849,-89.91,98,7242.026,-61.619,-107.842,7244.288,8,"Gonyong",-54.175,-104.139,1,0,,7246.443,,,274,2
172,8,0,1,4,0,0,0,0,1,0,255,18,255,4,7326.15,"kneesohime",R,0,76,114,-1.224,-0.446,0.028,1.516,-0.534,1.337,-36.49,16.762,48,52,0,0,0,0,0,4.298,0,0,0,7,1,R,"Riyaj",190,80,0.2,0,44,W,Y,0,0,0,0,0,0,0,0,0,0,0,0,0,0,0,0,-0.022,-37.665,0,"あくせる",-0.286,-17.709,0,"にゃんこ65K",-20.387,-48.008,0,"vovopo 보보포",-12.475,-60.744,0,"Parottey",19.071,-47.776,0,"CoalCat",5.731,-60.945,0,"Roscosmos",38.657,-90.48,0,"「yune」",-8.515,-110.013,0,"Gonyong",-48.625,-90.817,0,0,0,0,0,0,"",0,0,0,0,7327.734,7328.792,,,0,0
173,8,0,1,4,0,1,0,0,1,0,255,18,255,5,7344.56,"kneesohime",R,0,79,116,-1.069,-0.779,0.063,1.419,-0.425,1.126,-36.49,17.606,56,44,0,0,0,-25.366,0,-5.119,0,0,0,7,1,R,"Riyaj",190,80,0.2,0,44,W,Y,0,0,0,0,0,0,0,0,0,0,0,0,0,0,0,0,-0.003,-37.378,0,"あくせる",-0.404,-17.623,0,"にゃんこ65K",-20.511,-47.941,0,"vovopo 보보포",-12.488,-60.736,0,"Parottey",19.043,-47.885,0,"CoalCat",5.936,-60.945,0,"Roscosmos",39.698,-90.473,0,"「yune」",-9.252,-111.503,0,"Gonyong",-48.594,-90.764,0,0,0,0,0,0,"",0,0,0,0,7346.163,7347.01,,,0,0
174,8,0,1,4,0,2,0,0,1,0,255,18,255,6,7364.791,"kneesohime",R,13,64,96,-2.051,-0.793,0.117,1.574,-0.257,1.462,-36.49,23.6,54,46,0,4,0,-285.101,205.559,-25.08,0,0,1,7,1,R,"Riyaj",190,80,0.2,0,44,W,Y,0,0,0,0,0,0,0,0,0,0,0,0,0,0,0,0,-0.024,-37.722,0,"あくせる",0.02,-18.243,0,"にゃんこ65K",-20.367,-43.973,0,"vovopo 보보포",-12.499,-60.697,0,"Parottey",18.226,-47.363,0,"CoalCat",3.99,-60.834,0,"Roscosmos",39.633,-90.484,0,"「yune」",-10.431,-110.984,0,"Gonyong",-48.674,-90.85,0,0,0,0,0,0,"",0,0,0,128,7366.567,7367.465,,,0,0
175,8,0,1,4,0,0,1,0,1,0,255,18,255,7,7388.674,"kneesohime",R,28,82,133,0.351,-0.68,0.213,1.516,0.062,1.124,-36.49,21.019,45,55,0,0,0,58.686,-89.318,5.338,0,0,0,8,3,R,"muyang_",171.1,80,0.496,0,31,W,Y,0,0,0,0,0,0,0,0,0,0,0,0,0,0,0,0,0.001,-37.773,0,"あくせる",-0.039,-17.612,0,"にゃんこ65K",-19.654,-47.17,0,"vovopo 보보포",-12.502,-60.709,0,"Parottey",17.957,-46.545,0,"CoalCat",5.189,-61.185,0,"Roscosmos",38.897,-90.25,0,"「yune」",-8.388,-110.261,0,"Gonyong",-43.132,-83.447,0,0,0,0,0,0,"",0,0,0,0,7390.339,7390.852,,,0,0
176,8,0,1,4,0,1,1,0,1,0,255,18,255,8,7407.101,"kneesohime",R,3,55,89,0.339,1.029,0.513,1.895,0.969,2.209,-36.49,30.815,96,4,0,2,0,-355.236,0,-17.479,0,0,1,8,3,R,"muyang_",171.1,80,0.496,3,31,W,Y,7408.258,163,201,92,68,27,145,101,107.646,-64.786,0.05,0,0.136,91.809,115.461,29.212,0.267,-37.567,0,"あくせる",-0.052,-17.538,0,"にゃんこ65K",-20.269,-48.283,0,"vovopo 보보포",-12.498,-60.706,0,"Parottey",18.792,-48.685,0,"CoalCat",5.59,-61.168,0,"Roscosmos",38.527,-90.26,0,"「yune」",-7.427,-107.594,0,"Gonyong",-44.242,-85.268,0,0,0,0,0,0,"",0,0,0,0,,7411.436,,,16,3
177,8,0,1,4,0,2,1,0,1,0,255,18,255,9,7429.237,"kneesohime",R,26,80,130,-0.345,-0.196,0.19,1.629,-0.356,1.306,-36.49,33.377,53,47,0,2,0,136.188,-173.253,7.985,0,0,1,8,3,R,"muyang_",171.1,80,0.496,3,54,W,Y,7430.235,172,111,90,52,30,145,100,34.463,46.005,0.91,0,0.086,91.351,196.838,-45.902,-0.003,-37.313,0,"あくせる",-0.276,-17.724,0,"にゃんこ65K",-20.392,-47.32,0,"vovopo 보보포",-13.109,-61.136,0,"Parottey",18.253,-49.317,0,"CoalCat",5.771,-61.139,0,"Roscosmos",37.663,-91.644,0,"「yune」",-9.323,-108.096,0,"Gonyong",-46.012,-84.107,0,7435.589,-64.472,-75.5,0,0,"",0,0,0,0,,7435.587,,,16,3
178,8,0,1,4,0,2,1,0,1,0,255,18,255,10,7455.927,"kneesohime",R,13,69,98,-2.248,-1.841,0.101,1.462,-0.308,1.171,-36.49,18.306,44,56,0,4,0,-317.373,350.851,-18.161,-0.537,-18.724,1,8,3,R,"muyang_",171.1,80,0.496,0,31,W,Y,0,0,0,0,0,0,0,0,0,0,0,0,0,0,0,0,0.014,-37.541,0,"あくせる",-0.419,-19.492,0,"にゃんこ65K",-20.736,-44.056,0,"vovopo 보보포",-12.017,-61.224,0,"Parottey",19.708,-47.098,0,"CoalCat",5.893,-61.388,0,"Roscosmos",39.333,-89.265,0,"「yune」",-9.365,-111.269,0,"Gonyong",-49.048,-88.269,0,0,0,0,0,0,"",0,0,0,256,7457.685,7458.174,,,0,0
179,8,0,1,4,0,0,2,0,1,0,255,18,255,11,7481.901,"kneesohime",R,28,81,118,-1.523,0.103,-0.053,1.625,-0.786,1.565,-36.49,12.255,39,61,0,2,0,74.026,-90.292,12.306,0,0,1,0,5,L,"shimenawa",175.4,94.778,0.295,3,54,W,Y,7482.964,82,87,119,82,35,129,113,25.253,-0.581,0.73,0,0.217,129.492,-569.479,-137.572,-0.075,-37.18,0,"あくせる",-0.353,-17.655,0,"にゃんこ65K",-20.961,-48.967,0,"vovopo 보보포",-10.358,-60.816,0,"Parottey",20.889,-46.257,0,"CoalCat",10.74,-60.64,0,"Roscosmos",39.212,-95.124,0,"「yune」",10.019,-111.42,113,"Gonyong",-44.357,-79.452,0,0,0,0,7488.268,7,"「yune」",13.027,-111.825,0,0,,,7487.57,,37,1
180,9,1,1,4,0,0,0,0,0,0,255,255,255,99,7640.113,"encounter v",R,32,79,129,1.254,0.871,0.631,2.337,0.146,1.937,-36.681,73.268,72,28,0,0,0,250,-200,-19.732,0,0,0,3,2,R,"にゃんこ65K",190,91.072,0.596,0,90,W,Y,0,0,0,0,0,0,0,0,0,0,0,0,0,0,0,0,0.372,-37.569,0,"Riyaj",0.051,-17.291,0,"쟈가리코",-22.073,-49.566,0,"muyang_",-16.965,-64.143,0,"わだ、、",19.967,-47.462,0,"shimenawa",8.551,-65.457,0,"yumi2012",39.419,-84.758,0,"ByeolBam",-3.471,-111.502,0,"Po_cari",-40.625,-89.183,0,0,0,0,0,0,"",0,0,0,0,7641.98,,,,0,0
181,9,1,1,4,0,1,0,0,0,0,255,255,255,100,7660.044,"encounter v",R,32,83,135,0.947,0.536,0.608,2.276,0.039,1.738,-36.681,86.28,74,26,0,2,0,250,-200,-22.381,0,0,1,3,2,R,"にゃんこ65K",190,91.072,0.596,3,90,W,Y,7661.205,205,107,86,55,24,145,96,22.144,13.648,-0.56,0,0.261,203.755,529.646,132.388,0.359,-37.342,0,"Riyaj",-0.063,-17.437,0,"쟈가리코",-22.369,-48.976,0,"muyang_",-16.907,-62.801,0,"わだ、、",19.882,-47.804,0,"shimenawa",10.442,-65.942,0,"yumi2012",39.461,-84.76,0,"ByeolBam",-1.769,-109.206,0,"Po_cari",-40.623,-89.111,104,0,0,0,7666.255,8,"Po_cari",-27.163,-92.684,0,0,,,,,96,1
182,9,1,1,4,0,0,1,0,0,0,255,255,255,101,7696.556,"encounter v",R,10,65,97,-2.001,-1.835,0.319,1.988,-0.87,1.087,-36.681,40.078,100,0,0,1,0,-3.452,400,-0.385,-0.424,-19.179,0,4,0,R,"kneesohime",190,84.513,0.501,0,54,W,Y,0,0,0,0,0,0,0,0,0,0,0,0,0,0,0,0,0.169,-37.555,0,"Riyaj",-0.488,-17.41,0,"쟈가리코",-22.812,-48.537,0,"muyang_",-17.06,-63.153,0,"わだ、、",19.004,-47.688,0,"shimenawa",9.108,-65.78,0,"yumi2012",38.495,-83.673,0,"ByeolBam",-3.565,-109.36,0,"Po_cari",-41.196,-89.045,0,0,0,0,0,0,"",0,0,0,0,7698.597,,,,0,0
183,9,1,1,4,1,0,1,0,0,0,255,255,255,102,7714.413,"encounter v",R,32,94,140,1.015,0.512,0.52,2.274,0.095,1.731,-36.681,64.945,67,33,0,0,0,250,-200,-28.853,0,0,0,4,0,R,"kneesohime",190,84.513,0.501,0,54,W,Y,0,0,0,0,0,0,0,0,0,0,0,0,0,0,0,0,0.25,-37.428,0,"Riyaj",0.062,-17.308,0,"쟈가리코",-23.203,-48.826,0,"muyang_",-17.364,-63.746,0,"わだ、、",20.005,-48.321,0,"shimenawa",11.072,-65.825,0,"yumi2012",38.452,-83.873,0,"ByeolBam",-2.905,-109.147,0,"Po_cari",-41.554,-89.087,0,0,0,0,0,0,"",0,0,0,0,7716.23,,,,0,0
184,9,1,1,4,1,1,1,0,0,0,255,255,255,103,7734.96,"encounter v",R,10,77,120,0.458,-0.678,0.54,2.205,0.184,1.508,-36.681,75.355,100,0,0,2,0,0,299.888,-27.389,0,0,1,4,0,R,"kneesohime",190,84.513,0.501,3,54,W,Y,7736.192,255,178,128,123,55,145,130,27.681,-25.541,0.32,0,0.221,-247.408,499.215,221.536,0.345,-37.354,0,"Riyaj",0.061,-17.355,0,"쟈가리코",-22.44,-49.169,0,"muyang_",-16.915,-62.484,0,"わだ、、",19.899,-47.919,0,"shimenawa",11.669,-65.628,0,"yumi2012",38.457,-83.892,0,"ByeolBam",-0.059,-109.998,103,"Po_cari",-41.57,-89.153,0,7741.159,34.123,-125.176,7743.472,7,"ByeolBam",26.55,-120.313,1,0,,7746.769,,,296,2
185,9,1,1,4,0,0,1,0,1,0,255,0,255,104,7786.38,"encounter v",R,32,86,140,1.066,0.671,0.637,2.305,0.173,1.831,-36.681,69.763,76,24,0,2,0,205.366,-200,-29.616,0,0,1,5,4,R,"Parottey",190,84,0.442,3,54,W,Y,7787.526,249,120,107,58,28,145,116,103.771,-73.388,0.16,0,0.473,188.198,452.636,-55.099,0.442,-37.503,0,"Riyaj",0.063,-17.314,0,"쟈가리코",-23.086,-49.97,0,"muyang_",-13.129,-60.846,0,"わだ、、",18.378,-46.513,0,"shimenawa",10.711,-66.526,0,"yumi2012",40.11,-86.268,0,"ByeolBam",-0.27,-110.36,0,"Po_cari",-41.295,-89.353,0,0,0,0,0,0,"",0,0,0,0,,7790.615,,,32,3
186,9,1,1,4,0,1,1,0,1,0,255,0,255,105,7807.161,"encounter v",R,32,100,140,0.184,-0.498,0.543,2.078,-0.263,1.098,-36.681,47.543,81,19,0,0,0,250,-200,-34.864,0,0,0,5,4,R,"Parottey",190,84,0.442,0,54,W,Y,0,0,0,0,0,0,0,0,0,0,0,0,0,0,0,0,0.352,-37.343,0,"Riyaj",0.057,-17.235,0,"쟈가리코",-23.753,-47.376,0,"muyang_",-13.598,-60.805,0,"わだ、、",20.34,-46.456,0,"shimenawa",6.164,-65.124,0,"yumi2012",40.22,-84.229,0,"ByeolBam",-0.401,-109.665,0,"Po_cari",-41.417,-89.732,0,0,0,0,0,0,"",0,0,0,0,7808.988,7809.477,,,0,0
187,9,1,1,4,0,2,1,0,1,0,255,0,255,106,7823.822,"encounter v",R,10,87,128,-0.365,-0.956,0.605,2.175,0.025,1.409,-36.681,70.805,100,0,0,2,0,-132.146,400,-28.119,0,0,1,5,4,R,"Parottey",190,84,0.442,3,54,W,Y,7825.044,255,108,127,78,60,145,102,26.022,48.046,0.93,0,0.474,43.209,126.236,7.65,0.369,-37.164,0,"Riyaj",-0.092,-17.434,0,"쟈가리코",-22.461,-48.522,0,"muyang_",-12.988,-60.782,0,"わだ、、",19.465,-46.808,0,"shimenawa",10.154,-65.034,0,"yumi2012",40.229,-84.263,0,"ByeolBam",-0.069,-109.84,0,"Po_cari",-41.323,-89.522,0,7829.639,-58.473,-69.501,0,0,"",0,0,0,0,,7831.734,,,32,3
188,9,1,1,4,0,2,1,0,1,0,255,0,255,107,7847.856,"encounter v",R,32,85,138,1.042,0.683,0.621,2.306,0.098,1.834,-36.681,82.76,69,31,0,0,0,250,-200,-29.829,0,0,1,5,4,R,"Parottey",190,84,0.442,0,51,W,Y,0,0,0,0,0,0,0,0,0,0,0,0,0,0,0,0,0.17,-37.455,0,"Riyaj",0.04,-17.353,0,"쟈가리코",-22.818,-45.561,0,"muyang_",-16.097,-63.183,0,"わだ、、",19.64,-46.567,0,"shimenawa",8.216,-66.049,0,"yumi2012",37.906,-85.94,0,"ByeolBam",-2.171,-110.827,0,"Po_cari",-41.967,-87.156,0,0,0,0,0,0,"",0,0,0,32,7849.76,7850.558,,,0,0
189,9,1,1,4,0,0,2,0,1,0,255,0,255,108,7871.606,"encounter v",R,32,78,129,1.057,0.763,0.628,2.293,0.13,1.806,-36.681,79.865,67,33,0,2,0,206.751,-200,-23.924,0,0,1,6,6,R,"Roscosmos",175,90.135,0.473,3,54,W,Y,7872.491,179,80,90,93,73,145,85,16.654,-4.209,-0.8,0,0.29,134.645,-399.345,7.708,0.394,-37.255,0,"Riyaj",-0.038,-17.305,0,"쟈가리코",-22.761,-49.762,0,"muyang_",-16.705,-62.738,0,"わだ、、",19.932,-48.078,0,"shimenawa",10.651,-65.447,0,"yumi2012",37.878,-85.932,0,"ByeolBam",-1.723,-112.448,0,"Po_cari",-42.433,-86.988,0,0,0,0,7876.197,5,"shimenawa",7.575,-73.302,0,0,,,7876.865,,1,1
