id,inn,half,scoreA,scoreB,ball,strk,out,b1,b2,b3,b1Idx,b2Idx,b3Idx,pCnt,pSec,pName,pHand,pType,pPow,spdK,zoneX,zoneY,startX,startY,targetX,targetY,zDist,pitchAngle,pOver,pSide,pUnder,call,balk,sH,sV,gyro,plx,plz,bSwing,bIdx,bPos,bZone,bName,bHCm,batLen,batCen,batType,bFps,bOS,bVR,hSec,rotS,rotL,shS,lgS,prepS,batSpd,ev,ldeg,sdeg,hPos,buntGrip,handDist,angVeloX,angVeloY,angVeloZ,PPosX,PPosY,PThrSpd,CName,CPosX,CPosY,CThrSpd,1BName,1BPosX,1BPosY,1BThrSpd,2BName,2BPosX,2BPosY,2BThrSpd,3BName,3BPosX,3BPosY,3BThrSpd,SSName,SSPosX,SSPosY,SSThrSpd,LFName,LFPosX,LFPosY,LFThrSpd,CFName,CFPosX,CFPosY,CFThrSpd,RFName,RFPosX,RFPosY,RFThrSpd,ltSec,lx,lz,cSec,cPos,cPlr,cx,cz,1BSafe,tag,cpSec,sb2Sec,sb3Sec,sbhSec,ass,result
1,1,1,0,0,0,0,0,0,0,0,255,255,255,0,1294.895,"SFIDA",L,28,85,138,-2.245,-0.016,-0.455,1.767,-0.891,1.527,-36.953,27.66,87,13,0,1,0,-56.958,-59.39,0,-0.433,-19.442,0,0,5,L,"shimenawa",175.1,94.576,0.295,0,54,W,Y,0,0,0,0,0,0,0,0,0,0,0,0,0,0,0,0,-0.36,-37.811,0,"Azuner",-0.301,-17.63,0,"甲斐野柊太",-17.952,-44.235,0,"柴山犬吉",-12.945,-64.652,0,"눈꽃",20.525,-46.632,0,"coder_",11.582,-65.68,0,"YukihiroD",42.68,-97.041,0,"Amellaid",8.516,-112.451,0,"소솨소솨",-36.321,-100.035,0,0,0,0,0,0,"",0,0,0,0,1295.222,,,,0,0
2,1,1,0,0,1,0,0,0,0,0,255,255,255,1,1312.494,"SFIDA",L,28,90,140,-2.175,0.213,-0.445,1.803,-0.843,1.651,-36.953,33.168,88,12,0,2,0,-63.895,-69.051,0,0,0,1,0,5,L,"shimenawa",175.1,94.576,0.295,3,53,W,Y,1313.568,148,81,107,57,17,145,91,16.882,18.687,-0.53,0,0.297,314.098,-217.691,-173.039,-0.159,-37.768,0,"Azuner",-0.215,-17.674,0,"甲斐野柊太",-18.466,-44.378,77,"柴山犬吉",-12.806,-64.736,0,"눈꽃",20.351,-46.696,0,"coder_",11.709,-65.59,0,"YukihiroD",42.764,-96.974,0,"Amellaid",8.53,-113.434,0,"소솨소솨",-33.331,-95.17,108,1314.422,-20.064,-86.083,1314.872,8,"소솨소솨",-20.339,-87.145,1,0,,,,,18,2
3,1,1,0,0,0,0,0,1,0,0,5,255,255,2,1345.348,"SFIDA",L,13,61,92,1.074,0.305,-0.347,2.084,-0.191,2.295,-36.953,54.284,90,10,0,0,0,318.471,324.046,0,0,0,0,1,0,R,"쟈가리코",190,82,0.501,0,53,W,Y,0,0,0,0,0,0,0,0,0,0,0,0,0,0,0,0,0.257,-37.807,0,"Azuner",0.15,-17.754,0,"甲斐野柊太",-19.082,-39.729,0,"柴山犬吉",-13.924,-59.531,0,"눈꽃",19.044,-48.707,0,"coder_",6.206,-66.5,0,"YukihiroD",39.283,-105.652,0,"Amellaid",-10.916,-123.387,0,"소솨소솨",-44.243,-98.8,0,0,0,0,0,0,"",0,0,0,0,1344.022,,,,0,0
4,1,1,0,0,0,1,0,1,0,0,5,255,255,3,1362.084,"SFIDA",L,3,48,84,0.31,0.741,-0.409,2.017,-0.717,2.096,-36.953,80.162,86,14,0,2,0,326.245,0,0,0,0,1,1,0,R,"쟈가리코",190,82,0.501,3,53,W,Y,1363.436,217,158,82,85,49,145,130,13.547,26.025,0.34,0,0.572,95.953,-153.587,-16.598,-0.061,-37.569,0,"Azuner",0.217,-17.731,0,"甲斐野柊太",-16.037,-42.489,78,"柴山犬吉",-13.887,-59.56,0,"눈꽃",18.576,-48.43,0,"coder_",8.167,-64.456,0,"YukihiroD",39.331,-105.623,0,"Amellaid",-10.951,-123.264,0,"소솨소솨",-45.901,-98.242,122,0,0,0,1364.239,8,"소솨소솨",-38.61,-104.467,0,0,,,,,18,1
5,1,1,0,0,0,0,1,1,0,0,5,255,255,4,1391.53,"SFIDA",L,34,88,140,-1.652,1.527,-0.393,2.063,-0.601,2.496,-36.953,38.746,86,14,0,4,0,-85.12,-69.765,0,0,0,1,2,4,L,"わだ、、",190,80,0.498,0,53,W,Y,0,0,0,0,0,0,0,0,0,0,0,0,0,0,0,0,-0.019,-37.852,0,"Azuner",-0.099,-17.568,0,"甲斐野柊太",-18.394,-41.229,0,"柴山犬吉",-10.272,-61.623,0,"눈꽃",20.021,-46.416,0,"coder_",11.763,-65.002,0,"YukihiroD",45.623,-107.104,0,"Amellaid",9.006,-120.128,0,"소솨소솨",-35.322,-91.529,0,0,0,0,0,0,"",0,0,0,0,1389.922,,,,0,0
6,1,1,0,0,0,1,1,1,0,0,5,255,255,5,1407.738,"SFIDA",L,34,89,140,-2.045,2.038,-0.426,2.158,-0.756,2.804,-36.953,41.56,85,11,4,2,0,-86.027,-83.114,0,0,0,1,2,4,L,"わだ、、",190,80,0.498,3,50,W,Y,1408.817,255,162,97,103,44,145,114,101.159,-19.723,0.14,0,0.388,-496.451,-56.948,-130.407,-0.335,-37.736,0,"Azuner",-0.312,-17.682,0,"甲斐野柊太",-15.756,-45.854,0,"柴山犬吉",-10.289,-61.523,0,"눈꽃",20.249,-47.172,0,"coder_",13.25,-64.704,0,"YukihiroD",45.529,-107.2,0,"Amellaid",8.136,-119.663,0,"소솨소솨",-30.647,-86.121,0,1416.589,-7.434,-3.854,0,0,"",0,0,0,0,,,,,0,3
7,1,1,0,0,0,2,1,1,0,0,5,255,255,6,1440.899,"SFIDA",L,5,76,113,1.279,-0.181,-0.119,1.731,0.447,1.496,-36.953,35.443,61,39,0,0,0,61.224,0,0,0,0,1,2,4,L,"わだ、、",190,80,0.498,0,52,W,Y,0,0,0,0,0,0,0,0,0,0,0,0,0,0,0,0,0.352,-37.694,0,"Azuner",-0.057,-18.184,0,"甲斐野柊太",-15.823,-42.072,0,"柴山犬吉",-7.469,-61.766,0,"눈꽃",20.042,-46.679,0,"coder_",11.268,-64.165,0,"YukihiroD",46.362,-107.631,0,"Amellaid",6.798,-120.866,0,"소솨소솨",-31.815,-89.17,0,0,0,0,0,0,"",0,0,0,0,1439.272,,,,0,0
8,1,1,0,0,0,0,2,1,0,0,5,255,255,7,1466.255,"SFIDA",L,34,74,125,-3.079,2.688,-0.483,2.211,-1.205,3.062,-36.953,73.102,83,17,0,1,0,-85.072,-73.647,0,0,0,0,3,7,R,"ByeolBam",175.3,90,0.5,0,52,W,Y,0,0,0,0,0,0,0,0,0,0,0,0,0,0,0,0,-1.849,-38.801,0,"Azuner",0.03,-20.969,0,"甲斐野柊太",-16.393,-42.603,0,"柴山犬吉",-16.055,-62.218,0,"눈꽃",20.018,-46.884,0,"coder_",3.751,-65.013,0,"YukihiroD",35.017,-95.942,0,"Amellaid",-10.113,-112.388,0,"소솨소솨",-44.354,-95.938,0,0,0,0,0,0,"",0,0,0,0,1464.289,1469.273,,,0,0
9,1,1,0,0,1,0,2,0,1,0,255,5,255,8,1489.082,"SFIDA",L,27,86,140,0.151,-0.111,-0.216,1.733,0.219,1.407,-36.953,22.083,59,41,0,0,0,-103.3,-128.392,0,0,0,0,3,7,R,"ByeolBam",175.3,90,0.5,0,52,W,Y,0,0,0,0,0,0,0,0,0,0,0,0,0,0,0,0,0.107,-37.903,0,"Azuner",0.037,-17.69,0,"甲斐野柊太",-18.706,-44.288,0,"柴山犬吉",-15.992,-62.251,0,"눈꽃",22.212,-49.126,0,"coder_",5.792,-66.614,0,"YukihiroD",34.946,-95.98,0,"Amellaid",-10.451,-115.254,0,"소솨소솨",-43.106,-93.979,0,0,0,0,0,0,"",0,0,0,0,1486.989,1491.953,,,0,0
10,1,1,0,0,1,1,2,0,1,0,255,5,255,9,1509.455,"SFIDA",L,13,65,94,1.687,-0.756,-0.263,1.885,-0.048,1.753,-36.953,47.733,88,12,0,2,0,332.457,314.075,0,0,0,1,3,7,R,"ByeolBam",175.3,90,0.5,3,81,W,Y,1510.446,151,141,73,55,40,138,127,16,-0.165,0.48,0,0.325,-314.258,485.953,136.894,-0.013,-37.697,0,"Azuner",0.263,-17.685,0,"甲斐野柊太",-18.182,-44.089,0,"柴山犬吉",-15.749,-62.351,0,"눈꽃",22.428,-49.184,0,"coder_",9.35,-65.903,0,"YukihiroD",35.029,-95.913,0,"Amellaid",-7.983,-115.319,95,"소솨소솨",-45.515,-95.882,0,1510.556,-7.986,-111.705,1510.822,7,"Amellaid",-7.703,-110.119,0,0,1539.056,,1514.492,,274,1
11,1,0,0,0,0,0,0,0,0,0,255,255,255,0,1663.596,"쟈가리코",R,10,81,121,-0.192,-2.202,0.262,1.46,-0.091,0.949,-36.853,19.779,41,59,0,1,0,0,400,17.857,0,0,0,0,5,R,"coder_",164.1,80,0.283,0,51,W,Y,0,0,0,0,0,0,0,0,0,0,0,0,0,0,0,0,0.078,-37.532,0,"encounter v",-0.024,-17.494,0,"Riyaj",-19.941,-44.688,0,"muyang_",-16.541,-62.948,0,"わだ、、",16.714,-44.263,0,"shimenawa",12.753,-64.218,0,"_송글_",39.956,-92.489,0,"ByeolBam",-7.374,-109.53,0,"Po_cari",-42.08,-90.322,0,0,0,0,0,0,"",0,0,0,0,1661.072,,,,0,0
12,1,0,0,0,1,0,0,0,0,0,255,255,255,1,1676.77,"쟈가리코",R,10,68,111,1.403,-1.023,0.329,1.651,0.602,1.664,-36.853,18.79,45,55,0,2,0,0,400,10.045,0,0,1,0,5,R,"coder_",164.1,80,0.283,3,51,W,Y,1677.868,255,140,144,93,50,145,99,-30,-11.185,0.94,0,0.481,17.228,-94.939,-267.055,0.113,-37.451,0,"encounter v",-0.005,-17.647,0,"Riyaj",-20.39,-45.134,85,"muyang_",-16.467,-62.951,0,"わだ、、",16.257,-44.225,0,"shimenawa",12.77,-64.266,107,"_송글_",40.117,-92.34,0,"ByeolBam",-6.71,-109.785,0,"Po_cari",-42.05,-90.3,0,1673.672,0.376,-21.371,1675.772,5,"shimenawa",7.598,-57.831,0,0,,,,,67,2
13,1,0,0,0,0,0,1,0,0,0,255,255,255,2,1703.368,"쟈가리코",R,10,72,114,1.33,-0.641,0.322,1.648,0.57,1.654,-36.853,19.156,46,54,0,0,0,0,400,5.051,0,0,0,1,2,R,"甲斐野柊太",190,80,0.2,0,50,W,Y,0,0,0,0,0,0,0,0,0,0,0,0,0,0,0,0,-0.101,-37.518,0,"encounter v",-0.003,-17.503,0,"Riyaj",-20.099,-45.111,0,"muyang_",-13.999,-65.898,0,"わだ、、",18.245,-46.842,0,"shimenawa",12.782,-64.698,0,"_송글_",38.621,-88.764,0,"ByeolBam",-4.461,-111.168,0,"Po_cari",-37.329,-87.934,0,0,0,0,0,0,"",0,0,0,0,1700.472,,,,0,0
14,1,0,0,0,0,1,1,0,0,0,255,255,255,3,1719.803,"쟈가리코",R,13,76,114,65.313,13.117,0.058,1.506,-0.662,1.194,-36.853,13.808,40,60,0,2,0,-390.434,312.348,-15.874,0,0,1,1,2,R,"甲斐野柊太",190,80,0.2,3,24,W,Y,1720.913,199,123,106,99,107,145,128,-15.028,34.453,0.7,0,0.132,-238.633,370.09,-236.472,0.02,-37.464,0,"encounter v",-0.461,-17.686,0,"Riyaj",-20.028,-45.143,0,"muyang_",-13.661,-64.503,0,"わだ、、",18.088,-48.002,0,"shimenawa",11.555,-64.903,0,"_송글_",38.379,-88.977,0,"ByeolBam",-6.023,-113.237,0,"Po_cari",-37.302,-87.888,0,1716.606,-1.646,-21.007,1717.906,2,"Riyaj",-17.998,-44.694,0,0,,,,,66,2
15,1,0,0,0,0,0,2,0,0,0,255,255,255,4,1743.558,"쟈가리코",R,10,76,116,-2.011,-1.338,0.012,1.4,-0.876,1.167,-36.853,17.452,37,63,0,1,0,0,400,28.545,0,0,0,2,4,L,"눈꽃",190,85,0.497,0,50,W,Y,0,0,0,0,0,0,0,0,0,0,0,0,0,0,0,0,0.022,-37.568,0,"encounter v",0.08,-17.572,0,"Riyaj",-20.286,-45.94,0,"muyang_",-14.197,-63.338,0,"わだ、、",20.729,-49.125,0,"shimenawa",13.757,-64.682,0,"_송글_",41.037,-89.486,0,"ByeolBam",9.689,-112.827,0,"Po_cari",-39.406,-89.786,0,0,0,0,0,0,"",0,0,0,0,1740.539,,,,0,0
16,1,0,0,0,1,0,2,0,0,0,255,255,255,5,1759.428,"쟈가리코",R,10,79,119,-0.951,-0.513,0.11,1.586,-0.417,1.772,-36.853,9.712,46,54,0,2,0,0,400,15.352,0,0,1,2,4,L,"눈꽃",190,85,0.497,3,50,W,Y,1760.434,236,127,84,81,27,145,91,49.779,-48.585,-0.76,0,0.364,66.324,31.616,-26.95,0.007,-37.439,0,"encounter v",-0.081,-17.681,0,"Riyaj",-20.129,-45.663,0,"muyang_",-16.224,-62.713,0,"わだ、、",20.882,-49.166,0,"shimenawa",12.947,-64.673,0,"_송글_",41.147,-89.4,0,"ByeolBam",0.486,-112.322,0,"Po_cari",-39.415,-89.802,0,1761.022,52.756,-66.531,0,0,"",0,0,0,0,,,,,2,3
17,1,0,0,0,1,1,2,0,0,0,255,255,255,6,1785.265,"쟈가리코",R,10,81,121,0.048,-0.128,0.075,1.588,-0.581,1.434,-36.853,10.523,47,53,0,2,0,0,400,23.089,0,0,1,2,4,L,"눈꽃",190,85,0.497,3,49,W,Y,1786.24,239,179,75,77,65,145,95,31.379,1.5,-0.6,0,0.354,190.944,-346.086,-429.301,-0.021,-37.335,0,"encounter v",-0.108,-17.706,0,"Riyaj",-19.325,-44.594,0,"muyang_",-15.374,-63.232,0,"わだ、、",20.672,-49.337,0,"shimenawa",14.087,-64.429,0,"_송글_",39.61,-91.313,0,"ByeolBam",7.655,-110.426,87,"Po_cari",-38.99,-89.558,0,1786.689,5.832,-97.613,1786.856,7,"ByeolBam",5.559,-95.503,0,0,,,,,8,1
18,2,1,0,0,0,0,0,0,0,0,255,255,255,10,1841.841,"SFIDA",L,28,85,138,-1.098,0.839,-0.349,1.925,-0.399,2.048,-36.953,25.763,88,12,0,2,0,-54.171,-88.515,0,0,0,1,4,1,L,"encounter v",190,84.706,0.42,3,49,W,Y,1842.783,255,83,107,86,28,145,97,21.065,-16.088,-0.5,0,0.373,375.991,-466.812,-26.796,-0.306,-37.718,0,"Azuner",-0.265,-17.432,0,"甲斐野柊太",-17.835,-44.389,0,"柴山犬吉",-13.633,-64.448,0,"눈꽃",20.54,-47.528,0,"coder_",13.619,-67.015,0,"YukihiroD",45.965,-104.909,86,"Amellaid",9.899,-117.8,0,"소솨소솨",-33.331,-92.545,0,1843.139,32.144,-99.673,1843.206,6,"YukihiroD",30.636,-96.727,0,0,,,,,64,1
19,2,1,0,0,0,0,1,0,0,0,255,255,255,11,1872.895,"SFIDA",L,0,90,140,1.072,-0.586,-0.15,1.677,0.528,1.209,-36.953,11.84,42,58,0,2,0,-45.223,-49.443,0,0,0,1,5,6,R,"_송글_",174.9,90.478,0.316,3,49,W,Y,1873.825,217,65,130,83,32,145,90,41.457,50.334,-0.57,0,0.349,70.682,324.699,-31.536,0.005,-37.804,0,"Azuner",0.307,-17.681,0,"甲斐野柊太",-18.396,-43.904,0,"柴山犬吉",-16.558,-62.52,0,"눈꽃",19.014,-50.119,0,"coder_",10.722,-66.079,0,"YukihiroD",36.949,-97.813,0,"Amellaid",-10.593,-109.313,0,"소솨소솨",-41.686,-90.531,0,1874.106,-60.517,-62.324,0,0,"",0,0,0,0,,,,,6,3
20,2,1,0,0,1,1,1,0,0,0,255,255,255,12,1957.445,"SFIDA",L,11,64,100,0.035,-0.712,-0.256,1.739,0.023,1.503,-36.953,31.28,97,3,0,2,0,0,177.33,0,0,0,1,5,6,R,"_송글_",174.9,90.478,0.316,3,48,W,Y,1958.502,255,97,109,113,79,145,126,98.69,78.374,0.38,0,0.472,15.959,-286.007,-358.109,-0.162,-37.488,0,"Azuner",0.024,-17.615,0,"甲斐野柊太",-18.829,-44.234,0,"柴山犬吉",-16.465,-62.63,0,"눈꽃",17.598,-51.499,0,"coder_",9.974,-66.32,0,"YukihiroD",39.384,-98.493,0,"Amellaid",-8.096,-110.554,0,"소솨소솨",-42.225,-89.292,0,0,0,0,0,0,"",0,0,0,0,,,,,0,3
21,2,1,0,0,1,2,1,0,0,0,255,255,255,14,1975.823,"SFIDA",L,10,67,100,-0.996,-1.306,-0.391,1.865,-0.422,1.392,-36.953,44.324,89,11,0,2,0,0,318.885,0,0,0,1,5,6,R,"_송글_",174.9,90.478,0.316,3,48,W,Y,1976.917,159,62,111,69,63,145,126,28.917,28.791,0.59,0,0.38,27.879,283.284,15.299,-0.065,-37.393,0,"Azuner",-0.062,-17.867,0,"甲斐野柊太",-17.974,-43.933,0,"柴山犬吉",-16.548,-62.719,0,"눈꽃",21.893,-48.566,0,"coder_",10.616,-66.232,85,"YukihiroD",41.554,-97.659,0,"Amellaid",-6.989,-114.025,0,"소솨소솨",-41.944,-89.479,126,1977.456,-57.424,-111.473,1978.573,8,"소솨소솨",-52.912,-109.619,1,0,,1986.444,,,17,2
22,2,1,0,0,0,0,1,0,1,0,255,6,255,15,2013.932,"SFIDA",L,26,86,139,-1.132,2.216,-0.346,2.087,-0.386,2.851,-36.953,38.504,91,9,0,1,0,-76.964,-157.339,0,0,0,0,6,2,R,"Riyaj",190,80,0.2,0,47,W,Y,0,0,0,0,0,0,0,0,0,0,0,0,0,0,0,0,-0.051,-38.344,0,"Azuner",-0.763,-17.535,0,"甲斐野柊太",-18.946,-44.227,0,"柴山犬吉",-16.084,-62.689,0,"눈꽃",18.857,-44.314,0,"coder_",5.817,-64.306,0,"YukihiroD",37.133,-100.965,0,"Amellaid",-6.659,-116.982,0,"소솨소솨",-44.079,-94.161,0,0,0,0,0,0,"",0,0,0,0,2010.623,2016.1,,,0,0
23,2,1,0,0,1,0,1,0,1,0,255,6,255,16,2049.735,"SFIDA",L,27,90,140,-0.368,0.551,-0.269,1.862,-0.028,1.847,-36.953,26.859,41,58,1,0,0,-87.681,-112.44,0,0,0,0,6,2,R,"Riyaj",190,80,0.2,0,47,W,Y,0,0,0,0,0,0,0,0,0,0,0,0,0,0,0,0,0.125,-37.832,0,"Azuner",0.134,-17.719,0,"甲斐野柊太",-19.317,-44.191,0,"柴山犬吉",-16.209,-62.865,0,"눈꽃",20.377,-47.893,0,"coder_",5.096,-65.061,0,"YukihiroD",37.137,-100.934,0,"Amellaid",-5.257,-116.322,0,"소솨소솨",-44.148,-94.19,0,0,0,0,0,0,"",0,0,0,0,2046.389,2051.897,,,0,0
24,2,1,0,0,1,1,1,0,1,0,255,6,255,17,2068.356,"SFIDA",L,10,67,98,0.765,-2.11,-0.155,1.473,0.337,0.942,-36.953,24.917,33,67,0,4,0,0,400,0,0.16,-19.397,1,6,2,R,"Riyaj",190,80,0.2,0,47,W,Y,0,0,0,0,0,0,0,0,0,0,0,0,0,0,0,0,0.04,-37.618,0,"Azuner",-0.151,-17.878,0,"甲斐野柊太",-18.966,-43.631,0,"柴山犬吉",-16.137,-62.979,0,"눈꽃",20.383,-47.523,0,"coder_",4.56,-65.013,0,"YukihiroD",37.119,-100.926,0,"Amellaid",-5.533,-117.738,0,"소솨소솨",-44.131,-94.197,0,0,0,0,0,0,"",0,0,0,0,2065.256,2070.315,,,0,0
25,2,1,0,0,1,2,1,0,1,0,255,6,255,18,2193.217,"SFIDA",L,10,77,117,1.277,-2.529,-0.142,1.244,0.563,-0.482,-36.953,29.749,49,21,30,1,0,0,400,0,0.149,-24.298,0,6,2,R,"Riyaj",190,80,0.2,0,44,W,Y,0,0,0,0,0,0,0,0,0,0,0,0,0,0,0,0,-0.003,-37.866,0,"Azuner",-0.171,-17.691,0,"甲斐野柊太",-18.434,-43.314,0,"柴山犬吉",-16.246,-62.641,0,"눈꽃",19.309,-46.635,0,"coder_",6.027,-66.925,0,"YukihiroD",36.927,-99.477,0,"Amellaid",-6.746,-116.14,0,"소솨소솨",-44.54,-93.276,0,0,0,0,0,0,"",0,0,0,0,2189.989,2195.327,,,0,0
26,2,1,0,0,2,2,1,0,1,0,255,6,255,19,2211.42,"SFIDA",L,28,86,139,-1.546,0.792,-0.387,1.992,-0.548,2.015,-36.953,42.491,87,13,0,2,0,-79.398,-88.925,0,0,0,1,6,2,R,"Riyaj",190,80,0.2,3,44,W,Y,2212.248,250,135,128,54,0,145,111,30.879,15.618,0.89,0,0.242,201.846,-31.328,0.128,-0.218,-37.621,0,"Azuner",-0.222,-17.573,0,"甲斐野柊太",-19.083,-45.376,0,"柴山犬吉",-16.29,-62.586,0,"눈꽃",18.572,-47.636,0,"coder_",7.419,-66.934,92,"YukihiroD",36.992,-100.389,0,"Amellaid",-7.284,-116.025,0,"소솨소솨",-44.501,-93.426,0,2212.873,-25.662,-111.352,2213.172,7,"Amellaid",-25.119,-109.32,0,32,,2222.28,,,259,1
27,2,0,0,0,0,0,0,0,0,0,255,255,255,7,2271.832,"쟈가리코",R,26,87,140,0.52,0.183,0.244,1.619,0.203,1.528,-36.853,14.549,37,60,2,0,0,12.982,-200,18.594,0,0,0,3,9,R,"레이나2",180.3,80.118,0.403,0,46,W,Y,0,0,0,0,0,0,0,0,0,0,0,0,0,0,0,0,0.117,-37.252,0,"encounter v",-0.048,-17.438,0,"Riyaj",-20.316,-45.517,0,"muyang_",-16.109,-63.314,0,"わだ、、",18.531,-47.816,0,"shimenawa",12.802,-64.81,0,"_송글_",38.438,-85.94,0,"ByeolBam",-0.922,-111.59,0,"Po_cari",-39.509,-90.992,0,0,0,0,0,0,"",0,0,0,0,2268.323,,,,0,0
28,2,0,0,0,0,1,0,0,0,0,255,255,255,8,2288.012,"쟈가리코",R,10,82,122,0.423,-1.34,0.238,1.55,0.177,1.295,-36.853,11.049,43,57,0,2,0,0,400,20.362,0,0,1,3,9,R,"레이나2",180.3,80.118,0.403,3,46,W,Y,2289.092,227,68,105,85,35,145,128,-30,-31.624,0.57,0,0.146,-91.475,-363.954,-128.921,0.046,-37.276,0,"encounter v",0.001,-17.615,0,"Riyaj",-19.862,-45.304,74,"muyang_",-15.237,-63.323,0,"わだ、、",19.152,-48.736,102,"shimenawa",12.504,-66.115,0,"_송글_",37.748,-86.806,0,"ByeolBam",-0.03,-112.534,0,"Po_cari",-39.485,-90.935,0,2284.222,0.522,-20.928,2285.606,4,"わだ、、",15.661,-45.395,0,0,,,,,70,2
29,2,0,0,0,0,0,1,0,0,0,255,255,255,9,2315.269,"쟈가리코",R,26,85,137,-1.273,-0.792,0.052,1.439,-0.688,0.937,-36.853,14.986,42,58,0,0,0,104.173,-200,15.337,0,0,0,4,8,R,"소솨소솨",186.1,80,0.498,0,45,W,Y,0,0,0,0,0,0,0,0,0,0,0,0,0,0,0,0,-0.035,-37.469,0,"encounter v",-0.001,-17.432,0,"Riyaj",-21.534,-46.809,0,"muyang_",-15.606,-63.547,0,"わだ、、",19.018,-48.556,0,"shimenawa",13.251,-64.705,0,"_송글_",36.854,-84.399,0,"ByeolBam",-1.572,-108.295,0,"Po_cari",-40.423,-89.325,0,0,0,0,0,0,"",0,0,0,0,2311.756,,,,0,0
30,2,0,0,0,0,1,1,0,0,0,255,255,255,10,2332.025,"쟈가리코",R,10,75,116,1.164,-0.674,0.307,1.671,0.498,1.705,-36.853,18.511,56,44,0,2,0,0,400,1.903,0,0,1,4,8,R,"소솨소솨",186.1,80,0.498,3,45,W,Y,2333.158,187,65,91,79,19,145,99,-23.67,27.694,-0.33,0,0.461,-289.248,486.575,198.95,0.195,-37.411,0,"encounter v",-0.012,-17.642,0,"Riyaj",-21.03,-46.629,90,"muyang_",-15.338,-63.478,102,"わだ、、",20.003,-48.633,0,"shimenawa",13.084,-64.941,0,"_송글_",36.817,-84.467,0,"ByeolBam",-0.384,-108.284,0,"Po_cari",-40.356,-89.31,0,2328.306,-0.518,-21.062,2330.573,3,"muyang_",-19.934,-57.251,0,0,,,,,322,2
31,2,0,0,0,0,0,2,0,0,0,255,255,255,11,2360.552,"쟈가리코",R,26,84,136,-1.128,0.377,0.077,1.751,-0.573,1.657,-36.853,14.115,38,59,2,0,0,62.039,-200,13.449,0,0,0,5,1,L,"Azuner",190,80,0.297,0,45,W,Y,0,0,0,0,0,0,0,0,0,0,0,0,0,0,0,0,0.131,-37.165,0,"encounter v",-0.019,-17.464,0,"Riyaj",-20.402,-45.321,0,"muyang_",-11.852,-66.576,0,"わだ、、",21.507,-49.001,0,"shimenawa",15.011,-64.345,0,"_송글_",41.62,-95.157,0,"ByeolBam",0.03,-109.003,0,"Po_cari",-38.908,-87.309,0,0,0,0,0,0,"",0,0,0,0,2356.989,,,,0,0
32,2,0,0,0,0,1,2,0,0,0,255,255,255,12,2378.698,"쟈가리코",R,14,83,121,2.495,-0.338,0.301,1.669,0.468,1.8,-36.853,24.225,45,55,0,1,0,362.206,344.684,10.001,0,0,0,5,1,L,"Azuner",190,80,0.297,0,45,W,Y,0,0,0,0,0,0,0,0,0,0,0,0,0,0,0,0,0.04,-37.581,0,"encounter v",0.091,-17.457,0,"Riyaj",-20.124,-45.235,0,"muyang_",-12.079,-64.79,0,"わだ、、",21.681,-48.819,0,"shimenawa",14.863,-63.718,0,"_송글_",41.601,-95.206,0,"ByeolBam",1.268,-109.918,0,"Po_cari",-38.883,-87.307,0,0,0,0,0,0,"",0,0,0,0,2375.256,,,,0,0
33,2,0,0,0,1,1,2,0,0,0,255,255,255,13,2394.574,"쟈가리코",R,14,77,115,2.986,-0.345,0.334,1.799,0.622,1.813,-36.853,30.072,91,9,0,1,0,371.86,334.246,6.947,0,0,0,5,1,L,"Azuner",190,80,0.297,0,45,W,Y,0,0,0,0,0,0,0,0,0,0,0,0,0,0,0,0,0.046,-37.6,0,"encounter v",0.096,-17.416,0,"Riyaj",-19.77,-45.27,0,"muyang_",-12.114,-65.39,0,"わだ、、",21.413,-48.837,0,"shimenawa",14.812,-63.897,0,"_송글_",42.138,-94.996,0,"ByeolBam",0.477,-109.668,0,"Po_cari",-38.871,-87.268,0,0,0,0,0,0,"",0,0,0,0,2391.073,,,,0,0
34,2,0,0,0,2,1,2,0,0,0,255,255,255,14,2412.408,"쟈가리코",R,13,81,119,-0.908,-0.611,0.32,1.741,0.235,1.626,-36.853,28.433,57,40,4,2,0,-371.261,334.911,4.607,0,0,1,5,1,L,"Azuner",190,80,0.297,3,45,W,Y,2413.546,255,98,68,97,38,142,130,-30,39.75,0.54,0,0.673,10.938,226.349,159.252,-0.013,-37.349,0,"encounter v",-0.134,-17.606,0,"Riyaj",-19.678,-45.23,0,"muyang_",-15.483,-63.254,0,"わだ、、",21.395,-48.676,0,"shimenawa",14.064,-63.907,0,"_송글_",42.206,-94.896,0,"ByeolBam",-2.519,-112.493,0,"Po_cari",-38.879,-87.286,0,2408.589,-1.132,-21.206,2409.906,2,"Riyaj",-18.801,-42.406,0,0,,,,,64,2
35,3,1,0,0,0,0,0,0,0,0,255,255,255,20,2461.154,"SFIDA",L,27,87,140,0.445,1.068,-0.207,1.933,0.262,2.101,-36.953,27.013,84,16,0,2,0,-49.406,-112.827,0,0,0,1,7,8,R,"Po_cari",175,83,0.45,3,45,W,Y,2462.181,250,102,86,57,31,145,85,51.594,27.315,-0.8,0,0.31,477.942,160.454,26.238,-0.138,-37.806,0,"Azuner",0.122,-17.341,0,"甲斐野柊太",-23.739,-50.034,0,"柴山犬吉",-16.17,-62.812,80,"눈꽃",19.75,-48.544,0,"coder_",9.966,-66.54,0,"YukihiroD",33.211,-98.051,0,"Amellaid",-10.771,-110.757,0,"소솨소솨",-41.533,-92.72,0,0,0,0,2462.706,3,"柴山犬吉",-28.738,-67.555,0,0,,,,,128,1
36,3,1,0,0,0,0,1,0,0,0,255,255,255,21,2491.465,"SFIDA",L,28,86,139,-0.419,1.562,-0.284,2.008,-0.097,2.378,-36.953,33.144,81,18,1,1,0,-60.686,-95.106,0,0,0,0,8,3,R,"muyang_",171.3,80,0.496,0,44,W,Y,0,0,0,0,0,0,0,0,0,0,0,0,0,0,0,0,0.108,-37.84,0,"Azuner",-0.357,-17.372,0,"甲斐野柊太",-23.243,-48.46,0,"柴山犬吉",-16.73,-62.244,0,"눈꽃",20.251,-49.19,0,"coder_",9.274,-64.451,0,"YukihiroD",34.334,-92.461,0,"Amellaid",-9.916,-112.188,0,"소솨소솨",-40.505,-91.666,0,0,0,0,0,0,"",0,0,0,0,2487.556,,,,0,0
37,3,1,0,0,1,0,1,0,0,0,255,255,255,22,2505.614,"SFIDA",L,27,79,129,-0.908,1.024,-0.327,1.918,-0.295,2.056,-36.953,43.563,89,11,0,0,0,-57.526,-102.015,0,0,0,0,8,3,R,"muyang_",171.3,80,0.496,0,44,W,Y,0,0,0,0,0,0,0,0,0,0,0,0,0,0,0,0,0.141,-37.93,0,"Azuner",-0.213,-17.559,0,"甲斐野柊太",-24.852,-49.321,0,"柴山犬吉",-16.8,-62.193,0,"눈꽃",19.869,-49.202,0,"coder_",9.081,-64.022,0,"YukihiroD",33.22,-93.14,0,"Amellaid",-9.667,-111.694,0,"소솨소솨",-40.498,-91.675,0,0,0,0,0,0,"",0,0,0,0,2501.672,,,,0,0
38,3,1,0,0,1,1,1,0,0,0,255,255,255,23,2523.925,"SFIDA",L,28,94,140,-0.84,-0.284,-0.324,1.725,-0.283,1.363,-36.953,15.319,41,58,1,2,0,-51.382,-69.575,0,0,0,1,8,3,R,"muyang_",171.3,80,0.496,3,44,W,Y,2524.871,173,178,76,57,25,141,109,111.121,-63.63,0.16,0,0.128,69.906,-171.473,61.347,-0.077,-37.537,0,"Azuner",-0.434,-17.536,0,"甲斐野柊太",-21.917,-45.272,0,"柴山犬吉",-16.698,-62.244,0,"눈꽃",18.377,-49.903,0,"coder_",8.933,-64.1,0,"YukihiroD",30.922,-93.423,0,"Amellaid",-8.885,-111.575,0,"소솨소솨",-40.542,-91.686,0,0,0,0,0,0,"",0,0,0,0,,,,,0,3
39,3,1,0,0,1,2,1,0,0,0,255,255,255,24,2544.6,"SFIDA",L,10,70,100,-0.344,-2.786,-0.309,1.329,-0.142,0.279,-36.953,25.493,51,49,0,1,0,0,400,0,-0.085,-21.838,0,8,3,R,"muyang_",171.3,80,0.496,0,44,W,Y,0,0,0,0,0,0,0,0,0,0,0,0,0,0,0,0,-2.625,-39.343,0,"Azuner",-0.142,-17.704,0,"甲斐野柊太",-20.263,-44.544,0,"柴山犬吉",-16.745,-61.975,0,"눈꽃",20.577,-48.634,0,"coder_",6.965,-65.029,0,"YukihiroD",32.495,-92.798,0,"Amellaid",-10.81,-112.792,0,"소솨소솨",-41.872,-90.085,0,0,0,0,0,0,"",0,0,0,0,2540.772,,,,0,0
40,3,1,0,0,2,2,1,0,0,0,255,255,255,25,2611.548,"SFIDA",L,3,77,116,1.977,-1.263,-0.255,1.688,0.04,0.881,-36.953,29.983,64,36,0,2,0,459.775,0,0,0,0,1,8,3,R,"muyang_",171.3,80,0.496,3,44,W,Y,2612.561,245,83,62,97,59,138,112,-30,43.373,0.83,0,0.256,366.96,-87.675,149.32,-0.135,-37.527,0,"Azuner",0.165,-17.733,0,"甲斐野柊太",-18.908,-44.01,85,"柴山犬吉",-16.771,-62.574,0,"눈꽃",20.789,-48.469,109,"coder_",9.221,-64.749,0,"YukihiroD",31.864,-90.551,0,"Amellaid",-8.86,-113.408,0,"소솨소솨",-39.909,-90.104,0,2607.373,-0.454,-21.483,2608.906,2,"甲斐野柊太",-18.391,-40.522,0,0,,,,,6,2
41,3,1,0,0,0,0,2,0,0,0,255,255,255,26,2641.081,"SFIDA",L,3,94,132,2.05,-0.547,-0.158,1.71,0.489,1.317,-36.953,18.342,46,52,2,1,0,266.818,33.526,0,0,0,0,0,5,L,"shimenawa",175.1,94.576,0.295,0,44,W,Y,0,0,0,0,0,0,0,0,0,0,0,0,0,0,0,0,0.142,-37.85,0,"Azuner",0.359,-17.511,0,"甲斐野柊太",-18.004,-45.31,0,"柴山犬吉",-14.987,-63.579,0,"눈꽃",19.927,-48.394,0,"coder_",11.883,-66.704,0,"YukihiroD",38.849,-99.179,0,"Amellaid",6.477,-110.386,0,"소솨소솨",-32.56,-87.601,0,0,0,0,0,0,"",0,0,0,0,2637.022,,,,0,0
42,3,1,0,0,1,0,2,0,0,0,255,255,255,27,2657.945,"SFIDA",L,0,99,134,2.089,-1.417,0.03,1.433,0.909,0.781,-36.953,13.812,36,64,0,1,0,0,0,0,0,0,0,0,5,L,"shimenawa",175.1,94.576,0.295,0,44,W,Y,0,0,0,0,0,0,0,0,0,0,0,0,0,0,0,0,0.163,-37.871,0,"Azuner",0.144,-17.374,0,"甲斐野柊太",-17.362,-45.219,0,"柴山犬吉",-14.966,-63.622,0,"눈꽃",20.951,-47.518,0,"coder_",10.629,-66.127,0,"YukihiroD",38.805,-99.141,0,"Amellaid",4.336,-112.008,0,"소솨소솨",-32.562,-87.605,0,0,0,0,0,0,"",0,0,0,0,2653.739,,,,0,0
43,3,1,0,0,2,0,2,0,0,0,255,255,255,28,2674.47,"SFIDA",L,34,99,140,1.676,-1.453,-0.085,1.532,0.83,0.691,-36.953,9.602,42,57,1,1,0,-68.772,-68.582,0,0,0,0,0,5,L,"shimenawa",175.1,94.576,0.295,0,43,W,Y,0,0,0,0,0,0,0,0,0,0,0,0,0,0,0,0,0.068,-37.74,0,"Azuner",0.226,-17.464,0,"甲斐野柊太",-17.692,-45.097,0,"柴山犬吉",-14.116,-63.953,0,"눈꽃",20.438,-47.659,0,"coder_",10.739,-65.531,0,"YukihiroD",38.695,-99.249,0,"Amellaid",4.342,-112.122,0,"소솨소솨",-32.734,-87.472,0,0,0,0,0,0,"",0,0,0,0,2670.239,,,,0,0
44,3,1,0,0,3,0,2,0,0,0,255,255,255,29,2691.003,"SFIDA",L,27,91,140,-0.212,-0.326,-0.264,1.698,-0.004,1.274,-36.953,11.045,59,41,0,2,0,-56.24,-138.413,0,0,0,1,0,5,L,"shimenawa",175.1,94.576,0.295,3,43,W,Y,2692.063,114,76,76,55,0,136,93,-15.719,-10.746,-0.13,0,0.359,-70.1,-450.954,376.861,-0.111,-37.635,85,"Azuner",-0.088,-17.43,0,"甲斐野柊太",-18.339,-44.794,0,"柴山犬吉",-14.484,-63.973,0,"눈꽃",19.843,-48.012,0,"coder_",10.538,-65.544,0,"YukihiroD",38.533,-99.325,0,"Amellaid",5.117,-112.028,0,"소솨소솨",-32.599,-87.541,0,2686.589,0.508,-21.908,2687.589,0,"SFIDA",2.164,-36.528,0,0,,,,,2,2
45,3,0,0,0,0,0,0,0,0,0,255,255,255,15,2749.695,"쟈가리코",R,26,86,140,0.919,-0.448,0.331,1.607,0.285,1.148,-36.853,18.933,41,57,2,0,0,85.424,-200,3.649,0,0,0,6,6,R,"YukihiroD",173.8,80,0.4,0,43,W,Y,0,0,0,0,0,0,0,0,0,0,0,0,0,0,0,0,0.196,-37.54,0,"encounter v",-0.01,-17.671,0,"Riyaj",-21.639,-47.09,0,"muyang_",-15.549,-61.432,0,"わだ、、",19.216,-47.63,0,"shimenawa",13.741,-64.325,0,"_송글_",37.277,-86.123,0,"ByeolBam",0.165,-109.607,0,"Po_cari",-36.51,-86.112,0,0,0,0,0,0,"",0,0,0,0,2745.456,,,,0,0
46,3,0,0,0,0,1,0,0,0,0,255,255,255,16,2765.59,"쟈가리코",R,10,80,120,1.164,-0.856,0.406,1.742,0.495,1.625,-36.853,24.104,90,10,0,2,0,0,400,5.45,0,0,1,6,6,R,"YukihiroD",173.8,80,0.4,3,43,W,Y,2766.647,255,122,70,97,12,144,126,-30,-31.443,0.34,0,0.59,-102.793,-176.922,-315.771,0.155,-37.53,0,"encounter v",0.005,-17.89,0,"Riyaj",-21.371,-46.904,74,"muyang_",-14.694,-61.242,0,"わだ、、",19.671,-48.001,98,"shimenawa",13.024,-64.58,0,"_송글_",38.654,-87.463,0,"ByeolBam",2.134,-109.707,0,"Po_cari",-36.506,-86.153,0,2760.922,0.853,-21.514,2762.289,4,"わだ、、",15.976,-46.224,0,0,,,,,70,2
47,3,0,0,0,0,0,1,0,0,0,255,255,255,17,2793.057,"쟈가리코",R,26,84,137,0.418,0.121,0.208,1.696,0.035,1.46,-36.853,13.735,51,46,3,0,0,111.247,-200,16.912,0,0,1,7,3,R,"柴山犬吉",169.9,90.243,0.6,0,43,W,Y,0,0,0,0,0,0,0,0,0,0,0,0,0,0,0,0,0.232,-37.202,0,"encounter v",-0.042,-17.668,0,"Riyaj",-20.585,-45.833,0,"muyang_",-16.064,-62.722,0,"わだ、、",18.968,-47.135,0,"shimenawa",8.503,-65.97,0,"_송글_",37.153,-85.751,0,"ByeolBam",-0.744,-106.283,0,"Po_cari",-38.054,-86.939,0,0,0,0,0,0,"",0,0,0,0,2788.606,,,,0,0
48,3,0,0,0,0,1,1,0,0,0,255,255,255,18,2812.798,"쟈가리코",R,26,84,137,1.129,1.078,0.282,1.647,0.382,2.005,-36.853,20.169,43,57,0,0,0,70.373,-200,2.372,0,0,0,7,3,R,"柴山犬吉",169.9,90.243,0.6,0,43,W,Y,0,0,0,0,0,0,0,0,0,0,0,0,0,0,0,0,0.279,-37.29,0,"encounter v",-0.056,-17.654,0,"Riyaj",-20.116,-45.426,0,"muyang_",-15.111,-65.443,0,"わだ、、",19.123,-46.924,0,"shimenawa",9.089,-63.297,0,"_송글_",37.194,-85.72,0,"ByeolBam",-1.329,-107.371,0,"Po_cari",-37.993,-86.908,0,0,0,0,0,0,"",0,0,0,0,2808.389,,,,0,0
49,3,0,0,0,1,2,1,0,0,0,255,255,255,20,2858.05,"쟈가리코",R,10,77,117,1.148,-0.624,0.306,1.79,0.491,1.798,-36.853,26.848,91,9,0,2,0,0,400,9.662,0,0,1,7,3,R,"柴山犬吉",169.9,90.243,0.6,3,43,W,Y,2859.073,247,94,79,79,46,145,124,25.572,-42.121,0.46,0,0.318,-14.856,592.974,-11.871,0.128,-37.296,0,"encounter v",-0.053,-17.834,0,"Riyaj",-20.849,-46.411,0,"muyang_",-15.941,-63.111,0,"わだ、、",19.278,-46.736,0,"shimenawa",11.669,-65.029,64,"_송글_",37.604,-86.106,95,"ByeolBam",0.79,-109.535,0,"Po_cari",-38.087,-86.974,0,2858.256,57.492,-109.341,2861.289,6,"_송글_",45.831,-107.19,1,0,,2868.682,,,35,2
50,3,0,0,0,0,0,1,0,1,0,255,13,255,21,2891.431,"쟈가리코",R,26,78,129,-0.033,1.625,0.175,1.897,-0.118,2.22,-36.853,25.579,86,14,0,2,0,72.161,-194.729,3.716,0,0,1,8,7,L,"Amellaid",160,80.447,0.439,3,42,W,Y,2892.279,255,174,30,37,0,113,62,64.429,63.173,-0.84,0,0.366,191.093,-64.005,113.392,0.269,-37.508,0,"encounter v",-0.072,-17.784,0,"Riyaj",-19.61,-45.8,0,"muyang_",-11.536,-60.223,0,"わだ、、",17.264,-44.09,0,"shimenawa",14.085,-63.351,0,"_송글_",40.951,-88.61,0,"ByeolBam",3.959,-108.928,0,"Po_cari",-35.776,-83.364,0,2891.139,-38.127,-39.023,0,0,"",0,0,0,0,,2895.236,,,2,3
51,3,0,0,0,0,1,1,0,1,0,255,13,255,22,2914.069,"쟈가리코",R,26,91,140,-1.86,-0.035,0.003,1.494,-0.918,1.369,-36.853,8.212,41,57,2,1,0,76.711,-200,12.617,0,0,0,8,7,L,"Amellaid",160,80.447,0.439,0,37,W,Y,0,0,0,0,0,0,0,0,0,0,0,0,0,0,0,0,-0.03,-37.454,0,"encounter v",-0.009,-17.664,0,"Riyaj",-20.526,-46.448,0,"muyang_",-9.15,-60.319,0,"わだ、、",17.711,-43.587,0,"shimenawa",9.582,-64.961,0,"_송글_",40.474,-86.48,0,"ByeolBam",1.176,-107.421,0,"Po_cari",-35.84,-81.367,0,0,0,0,0,0,"",0,0,0,0,2909.423,2916.732,,,0,0
52,3,0,0,0,1,1,1,0,1,0,255,13,255,23,2930.345,"쟈가리코",R,26,83,135,-1.424,0.778,0.069,1.611,-0.611,1.822,-36.853,9.56,43,57,0,2,0,80.811,-189.281,12.623,0,0,1,8,7,L,"Amellaid",160,80.447,0.439,3,37,W,Y,2931.193,236,148,36,46,23,120,67,-45.266,23.431,-0.77,0,0.271,68.175,-237.784,331.195,-0.11,-37.31,0,"encounter v",-0.09,-17.844,0,"Riyaj",-19.962,-46.185,0,"muyang_",-1.31,-59.415,90,"わだ、、",17.141,-44.041,66,"shimenawa",13.29,-63.772,0,"_송글_",40.796,-86.648,0,"ByeolBam",0.874,-107.441,0,"Po_cari",-34.678,-83.54,0,2925.306,-0.54,-21.221,2929.123,3,"muyang_",-14.729,-50.594,1,0,,,2935.342,,262,2
53,3,0,0,0,0,0,1,1,0,1,17,255,13,24,2961.455,"쟈가리코",R,10,81,121,-0.339,-1.974,0.204,1.413,0.02,1.075,-36.853,18.866,43,57,0,1,0,-102.87,400,17.467,0,0,0,0,5,R,"coder_",164.1,80,0.283,0,42,W,Y,0,0,0,0,0,0,0,0,0,0,0,0,0,0,0,0,-0.038,-37.512,0,"encounter v",-0.032,-17.547,0,"Riyaj",-19.356,-42.961,0,"muyang_",-11.89,-58.791,0,"わだ、、",17.883,-40.872,0,"shimenawa",7.371,-64.674,0,"_송글_",41.208,-89.784,0,"ByeolBam",-3.835,-105.52,0,"Po_cari",-39.277,-89.782,0,0,0,0,0,0,"",0,0,0,0,2956.956,,2964.28,,0,0
54,3,0,0,0,1,0,1,1,0,1,17,255,13,25,2978.343,"쟈가리코",R,26,86,139,-0.295,-0.67,0.143,1.559,-0.265,1.024,-36.853,13.272,40,60,0,0,0,93.28,-200,2.386,0,0,0,0,5,R,"coder_",164.1,80,0.283,0,42,W,Y,0,0,0,0,0,0,0,0,0,0,0,0,0,0,0,0,0.08,-37.439,0,"encounter v",-0.047,-17.557,0,"Riyaj",-19.147,-42.226,0,"muyang_",-11.508,-58.859,0,"わだ、、",18.233,-40.305,0,"shimenawa",6.705,-64.519,0,"_송글_",41.306,-90.42,0,"ByeolBam",-3.987,-105.923,0,"Po_cari",-38.647,-90.317,0,0,0,0,0,0,"",0,0,0,0,2973.806,,2981.328,,0,0
55,3,0,0,0,1,1,1,1,0,1,17,255,13,26,2997.137,"쟈가리코",R,26,87,140,0.094,-0.496,0.195,1.41,-0.021,1.128,-36.853,16.769,47,51,2,0,0,39.888,-200,9.62,0,0,1,0,5,R,"coder_",164.1,80,0.283,0,42,W,Y,0,0,0,0,0,0,0,0,0,0,0,0,0,0,0,0,-0.061,-37.275,0,"encounter v",-0.113,-17.976,0,"Riyaj",-18.478,-42.491,0,"muyang_",-12.294,-57.893,0,"わだ、、",17.776,-40.523,0,"shimenawa",6.329,-65.399,0,"_송글_",41.616,-89.62,0,"ByeolBam",-3.998,-105.943,0,"Po_cari",-38.714,-90.204,0,0,0,0,0,0,"",0,0,0,0,2992.506,,3000.075,,0,0
56,3,0,0,0,1,2,1,1,0,1,17,255,13,27,3034.392,"쟈가리코",R,10,77,117,0.743,-1.691,0.268,1.545,0.316,1.255,-36.853,18.429,61,39,0,2,0,0,400,10.628,0,0,1,0,5,R,"coder_",164.1,80,0.283,3,42,W,Y,3035.41,255,79,123,102,51,145,91,-60.45,-2.941,-0.32,0,0.488,-114.72,-353.342,-155.808,0.044,-37.343,0,"encounter v",-0.011,-17.699,118,"Riyaj",-18.478,-43.864,96,"muyang_",-14.101,-56.987,0,"わだ、、",16.071,-43.374,0,"shimenawa",10.534,-65.968,107,"_송글_",41.515,-90.919,0,"ByeolBam",-0.421,-105.769,0,"Po_cari",-38.755,-90.245,0,3029.456,0.145,-20.41,3033.156,5,"shimenawa",2.332,-52.684,1,0,3036.606,3040.084,,3040.091,83,2
57,3,0,0,1,0,0,1,1,1,0,15,17,255,28,3066.063,"쟈가리코",R,13,78,116,-2.923,-0.876,0.083,1.58,-0.545,1.421,-36.853,12.881,45,55,0,1,0,-410.019,286.155,-4.106,0,0,0,1,2,R,"甲斐野柊太",190,80,0.2,0,42,W,Y,0,0,0,0,0,0,0,0,0,0,0,0,0,0,0,0,-0.109,-37.415,0,"encounter v",-0.426,-17.618,0,"Riyaj",-19.073,-41.442,0,"muyang_",-10.589,-59.865,0,"わだ、、",18.355,-42.283,0,"shimenawa",7.799,-65.798,0,"_송글_",39.555,-90.841,0,"ByeolBam",-1.248,-106.906,0,"Po_cari",-38.642,-91.491,0,0,0,0,0,0,"",0,0,0,0,3061.306,3068.672,,,0,0
58,3,0,0,1,1,0,1,1,1,0,15,17,255,29,3084.425,"쟈가리코",R,10,75,116,3.262,-1.698,0.262,1.618,0.288,1.226,-36.853,16.055,60,40,0,2,0,0,400,10.304,0,0,1,1,2,R,"甲斐野柊太",190,80,0.2,3,23,W,Y,3085.496,131,152,28,149,58,88,88,19.039,33.597,0.61,0,0.143,292.712,377.23,-119.704,0.044,-37.371,0,"encounter v",0.003,-17.81,120,"Riyaj",-19.025,-44.343,0,"muyang_",-13.232,-58.618,0,"わだ、、",17.548,-45.217,0,"shimenawa",11.813,-65.091,0,"_송글_",39.71,-87.846,0,"ByeolBam",-4.435,-107.841,0,"Po_cari",-38.629,-91.291,93,3082.789,-37.955,-70.065,3083.639,8,"Po_cari",-41.564,-73.722,1,0,3087.989,3090.477,3089.788,3094.199,146,2
59,3,0,0,2,0,0,1,1,1,0,12,15,255,30,3118.445,"쟈가리코",R,10,70,112,0.466,-0.094,0.242,1.88,0.196,2.074,-36.853,31.522,87,13,0,2,0,0,400,3.329,0,0,1,2,4,L,"눈꽃",190,85,0.497,3,41,W,Y,3119.441,255,80,79,100,22,145,114,96.128,79.14,0.14,0,0.421,411.646,-271.271,-218.685,0.123,-37.352,0,"encounter v",-0.053,-17.782,0,"Riyaj",-18.592,-43.535,0,"muyang_",-9.303,-60.154,0,"わだ、、",18.251,-45.897,0,"shimenawa",13.056,-63.689,0,"_송글_",40.763,-91.93,0,"ByeolBam",6.261,-108.404,0,"Po_cari",-39.264,-89.055,0,0,0,0,0,0,"",0,0,0,0,,3122.209,,,2,3
60,3,0,0,2,0,1,1,1,1,0,12,15,255,31,3138.278,"쟈가리코",R,14,71,111,2.517,-0.795,0.279,1.571,0.365,1.546,-36.853,18.913,43,57,0,1,0,383.117,321.281,19.228,0,0,0,2,4,L,"눈꽃",190,85,0.497,0,41,W,Y,0,0,0,0,0,0,0,0,0,0,0,0,0,0,0,0,0.042,-37.58,0,"encounter v",0.158,-17.627,0,"Riyaj",-19.614,-42.904,0,"muyang_",-5.362,-57.758,0,"わだ、、",19.758,-43.097,0,"shimenawa",10.342,-65.367,0,"_송글_",44.536,-91.752,0,"ByeolBam",5.03,-107.987,0,"Po_cari",-38.785,-89.985,0,0,0,0,0,0,"",0,0,0,0,3133.139,3141.339,,,0,0
61,3,0,0,2,1,1,1,1,1,0,12,15,255,32,3173.553,"쟈가리코",R,3,78,116,-1.345,-0.441,0.242,1.579,0.195,1.573,-36.853,21.101,42,58,0,2,0,-442.565,187.891,-3.41,0,0,1,2,4,L,"눈꽃",190,85,0.497,3,41,W,Y,3174.615,245,92,73,80,40,145,90,93.008,69.057,-0.81,0,0.259,219.665,98.841,-103.334,0.12,-37.161,0,"encounter v",-0.142,-17.781,100,"Riyaj",-18.558,-44.661,0,"muyang_",-8.023,-57.955,0,"わだ、、",18.619,-45.482,0,"shimenawa",13.06,-64.766,0,"_송글_",42.798,-92.747,0,"ByeolBam",2.936,-108.583,0,"Po_cari",-36.945,-88.611,0,0,0,0,3174.739,1,"encounter v",15.022,-11.612,0,0,3174.739,3177.992,,,18,2
62,3,0,0,2,1,2,1,1,1,0,12,15,255,33,3206.718,"쟈가리코",R,13,81,118,-0.167,-0.027,0.341,1.686,0.654,1.919,-36.853,31.295,57,43,0,2,0,-423.211,266.256,2.74,0,0,1,2,4,L,"눈꽃",190,85,0.497,3,41,W,Y,3207.684,252,85,79,102,34,145,93,10.403,31.806,-0.7,0,0.468,196.245,-125.472,-165.833,0.245,-37.169,0,"encounter v",-0.069,-17.925,0,"Riyaj",-19.561,-45.361,80,"muyang_",-6.78,-60.552,0,"わだ、、",18.899,-44.992,0,"shimenawa",13.7,-64.569,0,"_송글_",45.029,-93.291,0,"ByeolBam",4.765,-109.432,0,"Po_cari",-37.139,-89.362,0,0,0,0,3202.739,2,"Riyaj",-16.133,-46.938,0,0,,3210.84,,,66,1
63,3,0,0,2,0,0,2,1,1,0,12,15,255,34,3232.584,"쟈가리코",R,26,82,134,0.4,1.037,0.221,1.709,0.096,2.011,-36.853,14.398,40,58,2,2,0,60.633,-200,5.044,0,0,1,3,9,R,"레이나2",180.3,80.118,0.403,3,41,W,Y,3233.653,212,54,87,50,19,145,103,36.078,-1.312,-0.01,0,0.161,284.229,108.585,307.446,0.021,-37.412,0,"encounter v",-0.015,-17.886,0,"Riyaj",-18.131,-43.95,0,"muyang_",-15.873,-62.466,0,"わだ、、",18.363,-47.22,0,"shimenawa",10.218,-65.199,0,"_송글_",38.513,-86.567,0,"ByeolBam",-3.086,-107.908,88,"Po_cari",-38.464,-88.821,0,3232.389,-1.834,-105.222,3232.439,7,"ByeolBam",-1.781,-103.074,0,0,,3238.377,3237.933,,8,1
64,4,1,0,2,0,0,0,0,0,0,255,255,255,30,3332.703,"SFIDA",L,28,93,140,-0.053,1.222,-0.25,1.999,0.062,2.281,-36.953,34.548,87,12,1,2,0,-54.303,-95.697,0,0,0,1,1,0,R,"쟈가리코",190,82,0.501,3,41,W,Y,3333.821,255,46,90,50,12,145,106,15.83,40.079,0.91,0,0.277,-57.678,365.088,-148.56,-0.055,-37.723,0,"Azuner",0.149,-17.517,0,"甲斐野柊太",-15.823,-43.106,0,"柴山犬吉",-16.092,-62.926,0,"눈꽃",21.005,-50.133,0,"coder_",9.075,-69.964,85,"YukihiroD",34.463,-106.905,0,"Amellaid",-8.282,-117.634,0,"소솨소솨",-49.868,-102.764,108,3329.989,-49.004,-70.085,3333.389,8,"소솨소솨",-72.833,-93.488,1,0,,3344.092,,,17,2
65,4,1,0,2,0,0,0,0,1,0,255,0,255,31,3436.098,"SFIDA",L,5,71,107,-1.39,0.959,-0.543,1.71,-0.868,1.447,-36.953,30.853,48,52,0,2,0,131.856,0,0,0,0,1,2,4,L,"わだ、、",190,80,0.498,3,48,W,Y,3437.298,255,137,118,133,76,145,91,44.643,1.513,-0.79,0,0.531,439.713,-32.61,-367.052,-0.146,-37.75,0,"Azuner",-0.215,-17.601,0,"甲斐野柊太",-18.394,-44.083,0,"柴山犬吉",-8.637,-63.289,0,"눈꽃",20.664,-46.899,0,"coder_",11.788,-65.388,88,"YukihiroD",42.993,-105.651,0,"Amellaid",8.605,-120.206,0,"소솨소솨",-34.766,-87.523,0,0,0,0,3436.222,5,"coder_",0.787,-84.46,0,0,,3445.012,,,3,1
66,4,1,0,2,0,0,1,1,1,0,7,0,255,32,3510.017,"SFIDA",L,28,92,140,0.438,-1.109,-0.198,1.554,0.305,0.838,-36.953,9.329,48,52,0,1,0,-76.626,-79.013,0,0,0,0,4,1,L,"encounter v",190,84.706,0.42,0,40,W,Y,0,0,0,0,0,0,0,0,0,0,0,0,0,0,0,0,0.034,-37.88,0,"Azuner",-0.188,-17.433,0,"甲斐野柊太",-17.556,-41.162,0,"柴山犬吉",-11.191,-62.929,0,"눈꽃",19.833,-46.132,0,"coder_",11.322,-64.937,0,"YukihiroD",43.295,-99.784,0,"Amellaid",9.523,-116.365,0,"소솨소솨",-33.037,-86.109,0,0,0,0,0,0,"",0,0,0,0,3504.406,3513.156,,,0,0
67,4,1,0,2,1,0,1,1,1,0,7,0,255,33,3529.769,"SFIDA",L,27,83,134,-3.984,0.765,-0.604,1.907,-1.585,1.984,-36.953,46.237,87,13,0,1,0,-88.636,-103.122,0,0,0,0,4,1,L,"encounter v",190,84.706,0.42,0,40,W,Y,0,0,0,0,0,0,0,0,0,0,0,0,0,0,0,0,-0.267,-37.798,0,"Azuner",-0.01,-17.297,0,"甲斐野柊太",-17.827,-41.253,0,"柴山犬吉",-8.987,-62.148,0,"눈꽃",20.761,-45.903,0,"coder_",12.33,-65.01,0,"YukihiroD",43.336,-99.75,0,"Amellaid",9.326,-115.442,0,"소솨소솨",-38.704,-91.813,0,0,0,0,0,0,"",0,0,0,0,3524.189,3532.799,,,0,0
68,4,1,0,2,2,0,1,1,1,0,7,0,255,34,3550.427,"SFIDA",L,3,55,88,-0.591,-0.22,-0.654,1.767,-1.25,1.496,-36.953,49.673,51,49,0,0,0,400,0,0,0,0,0,4,1,L,"encounter v",190,84.706,0.42,0,40,W,Y,0,0,0,0,0,0,0,0,0,0,0,0,0,0,0,0,0.04,-37.965,0,"Azuner",-0.195,-17.327,0,"甲斐野柊太",-16.791,-42.012,0,"柴山犬吉",-9.399,-63.055,0,"눈꽃",19.957,-45.477,0,"coder_",11.213,-65.42,0,"YukihiroD",43.295,-99.766,0,"Amellaid",9.294,-115.603,0,"소솨소솨",-38.604,-91.831,0,0,0,0,0,0,"",0,0,0,0,3545.123,3553.515,,,0,0
69,4,1,0,2,2,1,1,1,1,0,7,0,255,35,3569.422,"SFIDA",L,32,75,113,-4.533,-0.83,-0.702,1.57,-1.402,1.122,-36.953,41.853,42,58,0,3,0,-250,-2.746,0,-0.291,-21.046,0,4,1,L,"encounter v",190,84.706,0.42,0,40,W,Y,0,0,0,0,0,0,0,0,0,0,0,0,0,0,0,0,-0.242,-37.347,0,"Azuner",-0.012,-17.904,0,"甲斐野柊太",-14.363,-44.01,0,"柴山犬吉",-7.672,-62.25,0,"눈꽃",20.424,-47.201,0,"coder_",13.156,-64.649,0,"YukihiroD",43.285,-99.679,0,"Amellaid",8.818,-114.507,0,"소솨소솨",-37.915,-94.587,0,0,0,0,0,0,"",0,0,0,0,3565.689,,,,0,6
70,4,1,0,2,0,0,1,1,1,1,1,7,0,36,3597.2,"SFIDA",L,27,82,134,-2.161,1.511,-0.404,2.058,-0.789,2.348,-36.953,45.09,86,12,2,4,0,-93.551,-111.38,0,-0.095,-18.971,1,5,6,R,"_송글_",174.9,90.478,0.316,0,39,W,Y,0,0,0,0,0,0,0,0,0,0,0,0,0,0,0,0,0.067,-37.973,0,"Azuner",-2.368,-17.601,0,"甲斐野柊太",-18.589,-40.728,0,"柴山犬吉",-13.34,-60.387,0,"눈꽃",18.615,-46.659,0,"coder_",4.922,-64.554,0,"YukihiroD",34.908,-95.347,0,"Amellaid",-8.145,-112.567,0,"소솨소솨",-46.415,-95.911,0,0,0,0,0,0,"",0,0,0,0,3593.472,3601.556,3601.207,,0,0
71,4,1,0,2,0,1,1,1,1,1,1,7,0,37,3622.264,"SFIDA",L,26,63,103,0.785,-0.869,-0.138,1.562,0.39,0.852,-36.953,14.174,39,61,0,2,0,-20.573,-200,0,0,0,1,5,6,R,"_송글_",174.9,90.478,0.316,3,39,W,Y,3623.421,234,81,112,89,57,145,122,10.565,15.705,0.25,0,0.446,188.721,-165.896,16.736,0.107,-37.244,0,"Azuner",0.167,-17.74,120,"甲斐野柊太",-15.968,-41.817,0,"柴山犬吉",-13.531,-60.66,0,"눈꽃",17.892,-45.333,0,"coder_",6.326,-62.707,91,"YukihiroD",33.827,-95.453,0,"Amellaid",-7.235,-110.97,0,"소솨소솨",-43.019,-93.218,0,3619.423,-20.033,-98.604,3624.189,7,"Amellaid",-24.224,-127.262,1,0,3631.556,3628.211,3629.024,3628.946,289,2
72,4,1,3,2,0,0,1,0,1,0,255,6,255,38,3667.316,"SFIDA",L,27,90,140,0.2,-0.527,-0.316,1.661,-0.244,1.208,-36.953,24.97,62,38,0,2,0,-55.179,-124.794,0,0,0,1,6,2,R,"Riyaj",190,80,0.2,3,39,W,Y,3668.124,201,157,69,74,37,144,130,25.141,34.177,0.61,0,0.279,164.217,423.039,-95.648,-0.17,-37.556,0,"Azuner",-0.255,-17.892,0,"甲斐野柊太",-17.739,-43.674,0,"柴山犬吉",-15.471,-62.504,0,"눈꽃",17.175,-47.243,0,"coder_",7.012,-64.945,0,"YukihiroD",33.436,-95.446,0,"Amellaid",-8,-115.126,0,"소솨소솨",-41.691,-93.214,0,3666.039,-74.875,-109.691,0,0,"",0,0,0,0,3684.906,3679.375,3677.005,3681.945,34,4
73,4,1,5,2,0,0,1,0,0,0,255,255,255,0,3935.2,"Azuner",R,0,88,140,0.75,1.154,0.297,1.495,0.318,2.282,-36.442,22.384,28,72,0,1,0,0,0,0,0,0,0,7,8,R,"Po_cari",175,83,0.45,0,38,W,Y,0,0,0,0,0,0,0,0,0,0,0,0,0,0,0,0,0.107,-37.861,0,"SFIDA",0.095,-17.535,0,"甲斐野柊太",-18.588,-45.474,0,"柴山犬吉",-17.07,-61.72,0,"눈꽃",19.647,-50.158,0,"coder_",7.97,-65.052,0,"YukihiroD",37.691,-92.774,0,"Amellaid",-11.003,-110.965,0,"소솨소솨",-46.199,-96.987,0,0,0,0,0,0,"",0,0,0,0,3929.156,,,,0,0
74,4,1,5,2,1,0,1,0,0,0,255,255,255,1,3951.948,"Azuner",R,0,87,140,2.971,1.25,0.387,1.437,0.794,1.355,-36.442,20.141,14,86,0,2,0,0,0,0,0,0,1,7,8,R,"Po_cari",175,83,0.45,3,38,W,Y,3953.026,255,202,143,68,61,145,84,52.715,-21.667,-0.89,0,0.443,297.486,-326.436,358.304,0.114,-37.126,0,"SFIDA",0.113,-17.647,0,"甲斐野柊太",-17.006,-44.424,0,"柴山犬吉",-16.545,-62.116,0,"눈꽃",19.773,-50.053,0,"coder_",8.335,-65.25,98,"YukihiroD",37.701,-92.77,0,"Amellaid",-10.136,-110.751,0,"소솨소솨",-45.68,-96.356,0,3951.173,22.759,-69.285,3951.323,5,"coder_",22.011,-67.979,0,0,,,,,1,1
75,4,1,5,2,0,0,2,0,0,0,255,255,255,2,3977.086,"Azuner",R,0,84,136,1.057,1.203,0.327,1.489,0.45,2.293,-36.442,21.208,13,87,0,1,0,0,0,0,0,0,0,8,3,R,"muyang_",171.3,80,0.496,0,38,W,Y,0,0,0,0,0,0,0,0,0,0,0,0,0,0,0,0,0.009,-37.348,0,"SFIDA",0.125,-17.643,0,"甲斐野柊太",-22.781,-49.318,0,"柴山犬吉",-14.453,-63.273,0,"눈꽃",19.685,-50.265,0,"coder_",8.422,-64.919,0,"YukihiroD",35.165,-93.957,0,"Amellaid",-12.137,-111.54,0,"소솨소솨",-45.658,-95.044,0,0,0,0,0,0,"",0,0,0,0,3970.856,,,,0,0
76,4,1,5,2,1,0,2,0,0,0,255,255,255,3,3990.851,"Azuner",R,0,88,140,1.048,-0.735,0.386,1.423,0.731,1.323,-36.442,23.934,0,100,0,2,0,0,0,0,0,0,0,8,3,R,"muyang_",171.3,80,0.496,3,38,W,Y,3991.801,255,70,84,47,13,143,94,1.607,3.499,-0.23,0,0.195,204.148,-206.649,-109.669,0.086,-37.215,0,"SFIDA",0.122,-17.758,0,"甲斐野柊太",-23.208,-49.981,0,"柴山犬吉",-15.922,-63.053,0,"눈꽃",20.382,-50.042,0,"coder_",8.382,-65.559,0,"YukihiroD",35.181,-93.96,0,"Amellaid",-12.148,-111.653,0,"소솨소솨",-45.67,-94.986,0,3984.973,-0.637,-38.291,3986.689,5,"coder_",-1.192,-65.785,0,0,,,,,35,2
77,4,0,5,2,0,0,0,0,0,0,255,255,255,35,4044.24,"쟈가리코",R,26,83,135,0.898,0.474,0.262,1.674,0.286,1.729,-36.853,17.766,49,46,6,2,0,66.153,-179.911,6.175,0,0,1,4,8,R,"소솨소솨",186.1,80,0.498,3,38,W,Y,4045.305,158,73,91,35,20,140,129,-15.881,45.896,0.29,0,0.369,-68.223,573.495,-162.633,0.136,-37.246,0,"encounter v",-0.027,-17.701,0,"Riyaj",-20.625,-46.29,87,"muyang_",-16.641,-62.701,0,"わだ、、",18.744,-48.648,0,"shimenawa",11.899,-65.38,0,"_송글_",37.625,-86.517,0,"ByeolBam",-0.133,-109.615,0,"Po_cari",-41.185,-89.248,0,4037.639,-3.515,-22.671,4038.906,2,"Riyaj",-21.838,-42.137,0,0,,,,,66,2
78,4,0,5,2,0,0,1,0,0,0,255,255,255,36,4068.713,"쟈가리코",R,26,86,139,-1.204,0.038,0.061,1.59,-0.645,1.455,-36.853,7.161,42,56,2,0,0,83.95,-200,9.944,0,0,0,5,1,L,"SFIDA",188.7,80,0.2,0,38,W,Y,0,0,0,0,0,0,0,0,0,0,0,0,0,0,0,0,0.157,-37.415,0,"encounter v",-0.049,-17.565,0,"Riyaj",-20.755,-45.885,0,"muyang_",-16.05,-62.641,0,"わだ、、",20.369,-48.163,0,"shimenawa",14.463,-64.565,0,"_송글_",44.064,-95.736,0,"ByeolBam",1.733,-109.488,0,"Po_cari",-37.549,-85.967,0,0,0,0,0,0,"",0,0,0,0,4061.856,,,,0,0
79,4,0,5,2,0,1,1,0,0,0,255,255,255,37,4087.173,"쟈가리코",R,10,76,117,0.701,-1.663,0.264,1.473,0.298,1.073,-36.853,18.559,46,54,0,1,0,0,400,8.407,0,0,0,5,1,L,"SFIDA",188.7,80,0.2,0,38,W,Y,0,0,0,0,0,0,0,0,0,0,0,0,0,0,0,0,0.084,-37.547,0,"encounter v",-0.021,-17.598,0,"Riyaj",-20.348,-45.728,0,"muyang_",-15.829,-63.082,0,"わだ、、",20.731,-47.644,0,"shimenawa",10.567,-65.31,0,"_송글_",44.614,-95.382,0,"ByeolBam",1.686,-109.403,0,"Po_cari",-37.571,-85.969,0,0,0,0,0,0,"",0,0,0,0,4080.456,,,,0,0
80,4,0,5,2,1,1,1,0,0,0,255,255,255,38,4103.178,"쟈가리코",R,10,79,118,0.292,-1.906,0.226,1.522,0.121,0.912,-36.853,18.089,46,54,0,2,0,0,400,15.717,0,0,1,5,1,L,"SFIDA",188.7,80,0.2,3,38,W,Y,4104.157,255,203,255,0,0,145,129,-30,-15.763,0.64,0,0.805,213.035,219.711,6.458,-0.023,-37.334,0,"encounter v",-0.025,-17.816,0,"Riyaj",-19.988,-45.743,85,"muyang_",-15.876,-62.728,0,"わだ、、",20.422,-47.587,0,"shimenawa",13.058,-64.37,0,"_송글_",44.806,-95.836,0,"ByeolBam",2.455,-109.376,0,"Po_cari",-37.513,-85.903,0,4096.089,0.143,-20.418,4097.723,5,"shimenawa",10.85,-58.452,0,0,,,,,67,2
81,4,0,5,2,0,0,2,0,0,0,255,255,255,39,4132.018,"쟈가리코",R,27,85,137,-1.129,-0.876,0.073,1.353,-0.593,0.957,-36.853,18.163,35,65,0,0,0,68.514,-148.568,5.599,0,0,0,6,6,R,"YukihiroD",173.8,80,0.4,0,38,W,Y,0,0,0,0,0,0,0,0,0,0,0,0,0,0,0,0,0.024,-37.55,0,"encounter v",-0.069,-17.589,0,"Riyaj",-19.777,-45.317,0,"muyang_",-15.499,-63.29,0,"わだ、、",18.038,-46.889,0,"shimenawa",11.004,-65.547,0,"_송글_",38.949,-89.022,0,"ByeolBam",-0.742,-109.783,0,"Po_cari",-37.365,-87.481,0,0,0,0,0,0,"",0,0,0,0,4125.006,,,,0,0
82,4,0,5,2,0,1,2,0,0,0,255,255,255,40,4150.493,"쟈가리코",R,3,79,118,-1.502,-0.096,0.321,1.719,0.096,1.543,-36.853,32.424,54,46,0,2,0,-436.449,0,5.133,0,0,1,6,6,R,"YukihiroD",173.8,80,0.4,3,38,W,Y,4151.602,255,134,110,75,18,145,113,28.85,36.522,0.79,0,0.564,233.17,-311.63,-13.463,0.07,-37.532,0,"encounter v",-0.521,-17.736,0,"Riyaj",-19.723,-45.258,0,"muyang_",-16.697,-62.732,0,"わだ、、",17.973,-47.54,0,"shimenawa",11.506,-65.255,76,"_송글_",39.838,-88.63,0,"ByeolBam",-0.013,-109.267,0,"Po_cari",-37.351,-87.42,99,4148.106,-54.288,-103.739,4150.439,8,"Po_cari",-53.08,-110.386,1,0,,4161.525,,,131,2
83,4,0,5,2,0,0,2,0,1,0,255,16,255,41,4188.736,"쟈가리코",R,10,73,103,0.676,-1.674,0.293,1.617,0.288,1.332,-36.853,17.017,44,56,0,4,0,-0.99,400,2.312,0.105,-18.475,1,7,3,R,"柴山犬吉",169.9,90.243,0.6,0,38,W,Y,0,0,0,0,0,0,0,0,0,0,0,0,0,0,0,0,-0.071,-37.664,0,"encounter v",-0.031,-17.656,0,"Riyaj",-19.838,-44.733,0,"muyang_",-15.063,-60.775,0,"わだ、、",19.141,-45.986,0,"shimenawa",7.998,-65.469,0,"_송글_",39.583,-92.963,0,"ByeolBam",-0.44,-110.777,0,"Po_cari",-36.328,-86.627,0,0,0,0,0,0,"",0,0,0,0,4181.973,4191.118,,,0,0
84,4,0,5,2,0,1,2,0,1,0,255,16,255,42,4205.94,"쟈가리코",R,10,72,102,0.542,-1.882,0.274,1.573,0.228,1.227,-36.853,20.626,45,55,0,4,0,0,400,0.765,0.084,-18.93,1,7,3,R,"柴山犬吉",169.9,90.243,0.6,0,38,W,Y,0,0,0,0,0,0,0,0,0,0,0,0,0,0,0,0,-0.127,-37.54,0,"encounter v",-0.044,-17.651,0,"Riyaj",-19.619,-44.716,0,"muyang_",-16.377,-61.561,0,"わだ、、",18.871,-45.897,0,"shimenawa",7.094,-64.907,0,"_송글_",41.727,-91.755,0,"ByeolBam",0.086,-110.498,0,"Po_cari",-36.234,-86.639,0,0,0,0,0,0,"",0,0,0,0,4199.056,4208.504,,,0,0
85,4,0,5,2,0,2,2,0,1,0,255,16,255,43,4224.881,"쟈가리코",R,26,83,135,0.409,-1.487,0.214,1.258,0.067,0.595,-36.853,26.564,34,66,0,1,0,70.921,-172.245,3.712,0,0,0,7,3,R,"柴山犬吉",169.9,90.243,0.6,0,38,W,Y,0,0,0,0,0,0,0,0,0,0,0,0,0,0,0,0,0.04,-37.588,0,"encounter v",-0.003,-17.837,0,"Riyaj",-19.533,-44.738,0,"muyang_",-16.871,-62.568,0,"わだ、、",18.708,-45.264,0,"shimenawa",6.432,-65.765,0,"_송글_",41.473,-91.548,0,"ByeolBam",-1.32,-109.67,0,"Po_cari",-36.272,-86.66,0,0,0,0,0,0,"",0,0,0,0,4217.889,4227.362,,,0,0
86,4,0,5,2,1,2,2,0,1,0,255,16,255,44,4243.351,"쟈가리코",R,10,75,104,0.236,-1.949,0.231,1.527,0.096,1.171,-36.853,14.305,47,53,0,2,0,0,400,11.215,0,0,1,7,3,R,"柴山犬吉",169.9,90.243,0.6,3,38,W,Y,4244.492,255,106,85,86,60,145,124,6.755,-28.404,0.49,0,0.129,-282.345,130.685,-316.284,-0.132,-37.336,0,"encounter v",-0.005,-17.876,0,"Riyaj",-18.703,-44.023,0,"muyang_",-16.407,-62.428,0,"わだ、、",17.465,-45.507,94,"shimenawa",9.124,-64.853,0,"_송글_",40.791,-90.271,0,"ByeolBam",-1.592,-109.336,0,"Po_cari",-36.182,-86.623,0,0,0,0,4237.339,4,"わだ、、",13.536,-45.938,0,0,,,,,68,1
87,5,1,5,2,0,0,0,0,0,0,255,255,255,4,4290.012,"Azuner",R,0,91,140,-1.418,0.666,0.176,1.422,-0.623,2.001,-36.442,18.63,33,67,0,2,0,0,0,0,0,0,1,0,5,L,"shimenawa",175.1,94.576,0.295,3,109,W,Y,4291.031,115,87,75,40,0,136,83,37.312,-11.869,-0.65,0,0.334,332.972,-252.541,79.672,-0.117,-37.146,0,"SFIDA",-0.088,-17.555,0,"甲斐野柊太",-24.022,-50.4,0,"柴山犬吉",-14.266,-63.741,0,"눈꽃",20.683,-48.989,0,"coder_",11.241,-65.417,91,"YukihiroD",36.319,-92.644,0,"Amellaid",-2.082,-113.751,0,"소솨소솨",-39.768,-94.982,0,0,0,0,4287.573,5,"coder_",15.413,-79.086,0,0,,,,,1,1
88,5,1,5,2,0,0,1,0,0,0,255,255,255,5,4319.087,"Azuner",R,0,82,133,-0.976,0.844,0.248,1.474,-0.433,2.149,-36.442,27.4,16,84,0,2,0,0,0,0,0,0,1,1,0,L,"쟈가리코",190,82,0.501,3,71,W,Y,4320.158,165,45,76,39,7,137,130,6.293,-39.479,0.36,0,0.305,-169.816,-545.869,182.181,-0.193,-37.103,0,"SFIDA",-0.149,-17.667,0,"甲斐野柊太",-23.037,-49.552,0,"柴山犬吉",-14.725,-63.823,0,"눈꽃",20.77,-48.543,105,"coder_",11.442,-65.329,0,"YukihiroD",39.134,-99.873,0,"Amellaid",4.813,-120.872,0,"소솨소솨",-36.768,-99.79,0,0,0,0,4313.006,4,"눈꽃",22.691,-44.839,0,0,,,,,4,1
89,5,1,5,2,0,0,2,0,0,0,255,255,255,6,4340.393,"Azuner",R,10,85,127,-0.847,-1.641,0.177,1.246,-0.374,0.998,-36.442,23.096,32,68,0,2,0,0,400,0,0,0,1,2,4,L,"わだ、、",190,80,0.498,3,37,W,Y,4341.478,255,144,90,149,93,145,116,-6.617,-27.264,0.89,0,0.564,-35.621,20.503,517.151,-0.277,-37.509,0,"SFIDA",-0.044,-17.743,0,"甲斐野柊太",-15.755,-44.946,0,"柴山犬吉",-13.28,-64.523,88,"눈꽃",20.774,-48.335,0,"coder_",10.843,-65.449,0,"YukihiroD",40.212,-101.425,112,"Amellaid",6.04,-118.204,0,"소솨소솨",-33.878,-95.693,0,4333.106,1.294,-23.34,4336.539,6,"YukihiroD",30.921,-87.719,1,0,,,,,192,2
90,5,1,5,2,0,0,2,1,0,0,4,255,255,7,4368.021,"Azuner",R,10,85,126,1.56,-1.024,0.294,1.421,0.67,1.462,-36.442,23.825,34,66,0,1,0,0,400,0,0,0,0,3,7,R,"ByeolBam",175.3,90,0.5,0,37,W,Y,0,0,0,0,0,0,0,0,0,0,0,0,0,0,0,0,0.033,-37.285,0,"SFIDA",-0.121,-17.354,0,"甲斐野柊太",-17.926,-41.134,0,"柴山犬吉",-16.203,-62.23,0,"눈꽃",21.512,-49.216,0,"coder_",5.52,-66.671,0,"YukihiroD",41.378,-100.106,0,"Amellaid",-15.717,-114.292,0,"소솨소솨",-46.174,-96.328,0,0,0,0,0,0,"",0,0,0,0,4360.823,,,,0,0
91,5,1,5,2,1,0,2,1,0,0,4,255,255,8,4394.744,"Azuner",R,0,79,129,1.241,0.853,0.323,1.451,0.531,2.106,-36.442,20.064,15,85,0,2,0,0,0,0,0,0,0,3,7,R,"ByeolBam",175.3,90,0.5,3,37,W,Y,4395.706,255,67,142,73,31,145,127,34.426,35.585,0.63,0,0.405,246.42,152.85,-63.468,-0.069,-37.144,0,"SFIDA",0.104,-17.277,0,"甲斐野柊太",-22.084,-45.858,0,"柴山犬吉",-16.972,-62.245,0,"눈꽃",17.238,-49.299,0,"coder_",7.891,-65.92,0,"YukihiroD",35.469,-101.369,0,"Amellaid",-14.5,-114.626,0,"소솨소솨",-45.559,-97.209,0,4392.756,-70.08,-109.775,0,0,"",0,0,0,0,,4400.861,4406.285,4411.43,0,4
92,5,1,7,2,0,0,2,0,0,0,255,255,255,9,4449.463,"Azuner",R,14,75,101,2.467,-0.714,0.267,1.317,0.416,1.677,-36.442,23.444,47,53,0,2,0,329.333,348.352,0,0,0,1,4,1,L,"encounter v",190,84.706,0.42,3,37,W,Y,4450.486,237,140,57,95,84,137,115,-22.274,-30.344,0.89,0,0.502,-80.448,-22.554,148.214,-0.138,-37.478,0,"SFIDA",0.161,-17.574,0,"甲斐野柊太",-16.822,-44.663,0,"柴山犬吉",-12.316,-64.762,0,"눈꽃",21.085,-47.964,103,"coder_",10.886,-65.669,0,"YukihiroD",35.13,-94.769,0,"Amellaid",7.027,-118.408,0,"소솨소솨",-39.711,-97.628,0,4442.073,1.481,-22.718,4443.623,4,"눈꽃",14.375,-49.512,0,0,,,,,6,2
93,5,0,7,2,0,0,0,0,0,0,255,255,255,45,4504.404,"쟈가리코",R,26,85,137,-0.406,0.377,0.144,1.534,-0.26,1.591,-36.853,15.369,44,54,2,0,0,54.758,-191.357,4.92,0,0,0,8,7,L,"Amellaid",160,80.447,0.439,0,37,W,Y,0,0,0,0,0,0,0,0,0,0,0,0,0,0,0,0,0.286,-37.367,0,"encounter v",-0.034,-17.572,0,"Riyaj",-19.559,-45.084,0,"muyang_",-13.785,-58.438,0,"わだ、、",17.283,-44.566,0,"shimenawa",11.115,-62.073,0,"_송글_",36.799,-85.69,0,"ByeolBam",2.781,-107.001,0,"Po_cari",-35.205,-84.124,0,0,0,0,0,0,"",0,0,0,0,4496.973,,,,0,0
94,5,0,7,2,0,1,0,0,0,0,255,255,255,46,4523.486,"쟈가리코",R,26,80,130,1.86,2.399,0.346,1.944,0.681,2.681,-36.853,40.239,81,15,4,4,0,77.388,-152.414,5.055,0,0,1,8,7,L,"Amellaid",160,80.447,0.439,0,37,W,Y,0,0,0,0,0,0,0,0,0,0,0,0,0,0,0,0,0.245,-37.426,0,"encounter v",0.246,-17.484,0,"Riyaj",-19.341,-45.238,0,"muyang_",-14.042,-58.753,0,"わだ、、",17.098,-44.029,0,"shimenawa",11.489,-61.456,0,"_송글_",37.137,-85.877,0,"ByeolBam",3.187,-106.598,0,"Po_cari",-35.21,-84.12,0,0,0,0,0,0,"",0,0,0,0,4516.189,,,,0,0
95,5,0,7,2,0,2,0,0,0,0,255,255,255,47,4544.596,"쟈가리코",R,6,68,99,3.256,0.094,0.346,1.786,0.596,1.662,-36.853,28.837,84,16,0,4,0,370.879,0,16.707,0,0,1,8,7,L,"Amellaid",160,80.447,0.439,0,37,W,Y,0,0,0,0,0,0,0,0,0,0,0,0,0,0,0,0,0.099,-37.57,0,"encounter v",0.083,-17.516,0,"Riyaj",-19.249,-44.372,0,"muyang_",-11.388,-59.831,0,"わだ、、",16.73,-43.265,0,"shimenawa",10.783,-62.426,0,"_송글_",39.87,-86.544,0,"ByeolBam",5.376,-107.128,0,"Po_cari",-35.228,-84.147,0,0,0,0,0,0,"",0,0,0,0,4537.373,,,,0,0
96,5,0,7,2,0,0,1,0,0,0,255,255,255,48,4572.367,"쟈가리코",R,10,74,103,0.698,-1.566,0.295,1.475,0.295,1.45,-36.853,19.838,37,63,0,1,0,0,400,3.515,0,0,0,0,5,R,"coder_",164.1,80,0.283,0,37,W,Y,0,0,0,0,0,0,0,0,0,0,0,0,0,0,0,0,-0.018,-37.495,0,"encounter v",-0.065,-17.628,0,"Riyaj",-19.198,-44.107,0,"muyang_",-15,-60.851,0,"わだ、、",16.982,-44.725,0,"shimenawa",8.269,-62.978,0,"_송글_",37.748,-87.31,0,"ByeolBam",-4.057,-108.421,0,"Po_cari",-40.293,-89.732,0,0,0,0,0,0,"",0,0,0,0,4565.339,,,,0,0
97,5,0,7,2,1,0,1,0,0,0,255,255,255,49,4593.11,"쟈가리코",R,6,70,101,1.205,-0.609,0.111,1.584,-0.275,1.288,-36.853,9.318,45,55,0,0,0,372.868,0,20.593,0,0,0,0,5,R,"coder_",164.1,80,0.283,0,37,W,Y,0,0,0,0,0,0,0,0,0,0,0,0,0,0,0,0,-0.053,-37.393,0,"encounter v",-0.092,-17.491,0,"Riyaj",-20.072,-45.112,0,"muyang_",-15.732,-61.372,0,"わだ、、",16.017,-44.682,0,"shimenawa",8.811,-64.421,0,"_송글_",38.178,-85.566,0,"ByeolBam",-2.73,-107.642,0,"Po_cari",-39.86,-89.932,0,0,0,0,0,0,"",0,0,0,0,4586.073,,,,0,0
98,5,0,7,2,1,1,1,0,0,0,255,255,255,50,4609.663,"쟈가리코",R,26,84,137,0.478,0.582,0.209,1.748,0.042,1.729,-36.853,20.795,50,46,4,2,0,111.27,-169.59,5.8,0,0,1,0,5,R,"coder_",164.1,80,0.283,3,37,W,Y,4610.658,217,57,130,87,27,145,103,-30,43.923,0.92,0,0.378,-130.283,304.994,28.946,-0.036,-37.143,0,"encounter v",-0.029,-17.708,0,"Riyaj",-20.82,-45.778,97,"muyang_",-15.458,-61.024,0,"わだ、、",16.331,-45.116,0,"shimenawa",12.348,-64.108,0,"_송글_",38.044,-85.317,0,"ByeolBam",-5.008,-105.157,0,"Po_cari",-39.79,-89.869,0,4602.089,-1.198,-19.9,4603.806,2,"Riyaj",-20.223,-41.13,0,0,,,,,66,2
99,5,0,7,2,0,0,2,0,0,0,255,255,255,51,4635.413,"쟈가리코",R,10,65,97,3.155,-0.976,0.352,1.764,0.472,1.694,-36.853,24.511,58,42,0,2,0,0,400,7.925,0,0,1,1,2,R,"甲斐野柊太",190,80,0.2,3,36,W,Y,4636.66,196,97,92,73,72,145,100,13.194,32.609,-0.37,0,0.118,91.328,568.287,-31.132,0.04,-37.388,0,"encounter v",-0.023,-17.705,0,"Riyaj",-20.487,-45.118,0,"muyang_",-14.945,-63.593,0,"わだ、、",18.975,-48.559,0,"shimenawa",11.668,-64.936,0,"_송글_",37.236,-86.721,0,"ByeolBam",-3.66,-110.69,0,"Po_cari",-36.248,-85.56,0,0,0,0,4629.856,2,"Riyaj",-19.201,-47.105,0,0,,,,,64,1
100,6,1,7,2,0,0,0,0,0,0,255,255,255,10,4683.539,"Azuner",R,27,82,133,1.941,-0.384,0.357,1.419,0.664,1.256,-36.442,27.387,15,85,0,2,0,123.084,-132.515,0,0,0,1,5,6,R,"_송글_",174.9,90.478,0.316,3,36,W,Y,4684.471,192,70,41,68,22,129,76,45.82,-1.098,-0.84,0,0.281,-124.141,-436.102,94.512,-0.049,-37.542,0,"SFIDA",0.121,-17.438,0,"甲斐野柊太",-18.651,-44.236,0,"柴山犬吉",-16.813,-62.326,0,"눈꽃",18.514,-49.213,0,"coder_",9.077,-66.316,98,"YukihiroD",36.787,-92.683,0,"Amellaid",-14.47,-115.534,0,"소솨소솨",-43.687,-96.061,0,4680.573,6.199,-70.633,4680.689,5,"coder_",5.799,-68.893,0,0,,,,,1,1
101,6,1,7,2,0,0,1,0,0,0,255,255,255,11,4708.391,"Azuner",R,3,88,112,-3.196,-0.405,0.166,1.413,-0.607,1.418,-36.442,15.202,0,100,0,2,0,-457.899,38.102,0,0,0,1,6,2,R,"Riyaj",190,80,0.2,3,36,W,Y,4709.325,255,140,79,83,55,145,100,108.043,-74.745,0.94,0,0.347,365.085,-320.37,150.172,-0.064,-37.125,0,"SFIDA",-0.569,-17.542,0,"甲斐野柊太",-18.5,-44.42,0,"柴山犬吉",-16.15,-62.738,0,"눈꽃",17.898,-50.793,0,"coder_",8.21,-66.792,0,"YukihiroD",31.734,-95.589,0,"Amellaid",-13.272,-117.877,0,"소솨소솨",-45.41,-97.422,0,0,0,0,0,0,"",0,0,0,0,,,,,0,3
102,6,1,7,2,0,1,1,0,0,0,255,255,255,12,4726.364,"Azuner",R,10,87,128,0.895,-0.59,0.383,1.509,0.465,1.659,-36.442,24.695,26,74,0,2,0,-58.101,400,0,0,0,1,6,2,R,"Riyaj",190,80,0.2,3,36,W,Y,4727.211,255,222,78,102,75,145,95,-89.276,87.609,-0.59,0,0.324,-509.67,-103.014,-278.263,0.06,-37.127,120,"SFIDA",0.107,-17.53,0,"甲斐野柊太",-18.389,-44.211,0,"柴山犬吉",-16.375,-62.772,0,"눈꽃",20.332,-50.468,0,"coder_",6.506,-69.991,0,"YukihiroD",30.445,-96.657,0,"Amellaid",-12.069,-117.996,0,"소솨소솨",-47.338,-95.6,0,4718.522,-0.051,-20.27,4721.772,0,"Azuner",-5.327,-35.734,0,0,,,,,2,2
103,6,1,7,2,0,0,2,0,0,0,255,255,255,13,4751.949,"Azuner",R,14,91,115,1.002,-0.779,0.205,1.299,0.151,1.692,-36.442,17.821,41,59,0,0,0,163.401,400,0,0,0,0,7,8,R,"Po_cari",175,83,0.45,0,36,W,Y,0,0,0,0,0,0,0,0,0,0,0,0,0,0,0,0,0.011,-37.646,0,"SFIDA",0.193,-17.429,0,"甲斐野柊太",-16.749,-44.308,0,"柴山犬吉",-16.566,-62.519,0,"눈꽃",18.321,-48.288,0,"coder_",8.695,-66.549,0,"YukihiroD",32.05,-99.522,0,"Amellaid",-12.608,-110.099,0,"소솨소솨",-43.016,-93.231,0,0,0,0,0,0,"",0,0,0,0,4744.723,,,,0,0
104,6,1,7,2,0,1,2,0,0,0,255,255,255,14,4769.761,"Azuner",R,3,82,122,-2.918,-1.1,0.217,1.355,-0.646,1.046,-36.442,23.676,0,100,0,4,0,-398.828,64.429,0,0,0,1,7,8,R,"Po_cari",175,83,0.45,0,36,W,Y,0,0,0,0,0,0,0,0,0,0,0,0,0,0,0,0,0.024,-37.524,0,"SFIDA",-0.005,-17.579,0,"甲斐野柊太",-18.128,-43.829,0,"柴山犬吉",-16.652,-62.389,0,"눈꽃",18.906,-48.341,0,"coder_",5.933,-67.436,0,"YukihiroD",32.079,-99.542,0,"Amellaid",-13.338,-109.967,0,"소솨소솨",-42.933,-93.371,0,0,0,0,0,0,"",0,0,0,0,4762.456,,,,0,0
105,6,1,7,2,0,2,2,0,0,0,255,255,255,15,4785.526,"Azuner",R,28,80,131,-1.699,0.644,0.35,1.538,-0.858,1.885,-36.442,23.553,29,71,0,1,0,73.835,-96.062,0,0,0,0,7,8,R,"Po_cari",175,83,0.45,0,36,W,Y,0,0,0,0,0,0,0,0,0,0,0,0,0,0,0,0,-0.029,-37.738,0,"SFIDA",0.057,-17.349,0,"甲斐野柊太",-20.441,-47.306,0,"柴山犬吉",-16.07,-61.665,0,"눈꽃",18.908,-48.331,0,"coder_",6.037,-67.709,0,"YukihiroD",32.081,-99.533,0,"Amellaid",-13.115,-109.47,0,"소솨소솨",-42.961,-93.281,0,0,0,0,0,0,"",0,0,0,0,4778.156,,,,0,0
106,6,1,7,2,1,2,2,0,0,0,255,255,255,16,4804.612,"Azuner",R,14,76,102,2.574,-1.788,0.191,1.165,0.412,1.101,-36.442,20.543,47,53,0,1,0,351.867,325.587,0,0,0,0,7,8,R,"Po_cari",175,83,0.45,0,36,W,Y,0,0,0,0,0,0,0,0,0,0,0,0,0,0,0,0,0.063,-38.093,0,"SFIDA",0.164,-17.447,0,"甲斐野柊太",-17.528,-43.978,0,"柴山犬吉",-16.341,-62.677,0,"눈꽃",18.98,-48.113,0,"coder_",7.808,-67.005,0,"YukihiroD",30.022,-94.416,0,"Amellaid",-13.956,-111.042,0,"소솨소솨",-42.96,-93.269,0,0,0,0,0,0,"",0,0,0,0,4797.506,,,,0,0
107,6,1,7,2,2,2,2,0,0,0,255,255,255,17,4823.374,"Azuner",R,33,88,140,1.713,1.183,0.319,1.472,0.543,2.203,-36.442,21.408,14,86,0,2,0,145.41,-105.067,0,0,0,1,7,8,R,"Po_cari",175,83,0.45,3,36,W,Y,4824.391,255,82,51,42,28,135,80,108.433,16.969,-0.8,0,0.257,-355.903,-116.345,126.623,-0.021,-37.205,0,"SFIDA",0.172,-17.495,0,"甲斐野柊太",-24.111,-50.004,0,"柴山犬吉",-16.103,-62.778,0,"눈꽃",19.129,-48.789,0,"coder_",9.235,-66.218,0,"YukihiroD",29.528,-95.047,0,"Amellaid",-12.312,-109.256,0,"소솨소솨",-42.947,-93.287,0,0,0,0,0,0,"",0,0,0,0,,,,,0,3
108,6,1,7,2,2,2,2,0,0,0,255,255,255,18,4841.614,"Azuner",R,13,91,113,-2.555,-0.691,0.2,1.316,-0.413,1.62,-36.442,15.693,0,100,0,4,0,-402.639,296.448,0,0,0,1,7,8,R,"Po_cari",175,83,0.45,0,36,W,Y,0,0,0,0,0,0,0,0,0,0,0,0,0,0,0,0,1.048,-37.341,0,"SFIDA",0.391,-19.287,0,"甲斐野柊太",-19.044,-40.615,0,"柴山犬吉",-14.833,-60.857,0,"눈꽃",18.004,-47.572,0,"coder_",6.057,-67.436,0,"YukihiroD",28.094,-93.967,0,"Amellaid",-11.78,-109.507,0,"소솨소솨",-43.541,-93.518,0,0,0,0,0,0,"",0,0,0,128,4834.373,,,,0,0
109,6,0,7,2,0,0,0,0,0,0,255,255,255,52,4934.388,"쟈가리코",R,26,86,139,-1.249,0.505,0.05,1.629,-0.698,1.75,-36.853,12.229,36,61,2,0,0,107.991,-200,14.505,0,0,0,2,4,L,"눈꽃",190,85,0.497,0,36,W,Y,0,0,0,0,0,0,0,0,0,0,0,0,0,0,0,0,-0.066,-37.448,0,"encounter v",-0.043,-17.793,0,"Riyaj",-20.376,-45.465,0,"DoYaGee",-8.655,-65.51,0,"わだ、、",20.384,-47.872,0,"shimenawa",12.862,-65.218,0,"_송글_",43.921,-92.097,0,"ByeolBam",3.559,-112.898,0,"ddil_ddil69",-47.878,-100.152,0,0,0,0,0,0,"",0,0,0,0,4926.823,,,,0,0
110,6,0,7,2,0,1,0,0,0,0,255,255,255,53,4953.455,"쟈가리코",R,26,84,137,-0.354,1.201,0.13,1.725,-0.324,2.185,-36.853,19.289,39,58,2,2,0,115.181,-197.936,9.97,0,0,1,2,4,L,"눈꽃",190,85,0.497,3,36,W,Y,4954.421,168,55,89,42,12,142,111,-15.016,-16.548,0.91,0,0.342,-176.695,-42.434,-24.378,0.075,-37.255,0,"encounter v",-0.049,-17.844,0,"Riyaj",-19.774,-44.937,88,"DoYaGee",-10.081,-65.906,0,"わだ、、",20.658,-48.374,0,"shimenawa",13.132,-64.212,107,"_송글_",41.264,-89.147,0,"ByeolBam",3.651,-112.692,0,"ddil_ddil69",-47.959,-99.894,0,4945.723,1.334,-23.254,4947.823,6,"YukihiroD",12.272,-62.002,0,0,,,,,67,2
111,6,0,7,2,0,0,1,0,0,0,255,255,255,54,4981.317,"쟈가리코",R,26,86,139,0.828,0.97,0.25,1.651,0.233,1.998,-36.853,19.563,51,46,3,0,0,85.316,-200,6.963,0,0,0,3,9,R,"레이나2",180.3,80.118,0.403,0,36,W,Y,0,0,0,0,0,0,0,0,0,0,0,0,0,0,0,0,0.061,-37.584,0,"encounter v",-0.09,-17.715,0,"Riyaj",-19.665,-44.849,0,"DoYaGee",-13.919,-60.871,0,"わだ、、",20.089,-47.77,0,"shimenawa",10.124,-64.908,0,"_송글_",38.038,-87.475,0,"ByeolBam",-1.894,-108.311,0,"ddil_ddil69",-45.724,-93.841,0,0,0,0,0,0,"",0,0,0,0,4973.889,,,,0,0
112,6,0,7,2,0,1,1,0,0,0,255,255,255,55,5000.427,"쟈가리코",R,10,73,103,0.363,-1.616,0.256,1.519,0.174,1.279,-36.853,19.398,33,67,0,1,0,-10.999,400,12.123,0.04,-18.343,0,3,9,R,"레이나2",180.3,80.118,0.403,0,36,W,Y,0,0,0,0,0,0,0,0,0,0,0,0,0,0,0,0,-0.028,-37.52,0,"encounter v",-0.061,-17.825,0,"Riyaj",-20.158,-45.281,0,"DoYaGee",-14.904,-62.196,0,"わだ、、",20.009,-47.384,0,"shimenawa",11.236,-65.749,0,"_송글_",38.461,-87.649,0,"ByeolBam",-1.23,-108.78,0,"ddil_ddil69",-45.773,-93.972,0,0,0,0,0,0,"",0,0,0,0,4993.073,,,,0,0
113,6,0,7,2,1,1,1,0,0,0,255,255,255,56,5015.384,"쟈가리코",R,10,79,107,0.278,-1.833,0.237,1.513,0.114,1.114,-36.853,17.354,47,53,0,2,0,0,400,17.96,0,0,1,3,9,R,"레이나2",180.3,80.118,0.403,3,36,W,Y,5016.539,231,126,64,116,77,139,107,-30,-18.591,0.91,0,0.348,-13.535,180.831,513.96,-0.043,-37.361,0,"encounter v",-0.013,-17.957,0,"Riyaj",-20.069,-45.18,86,"DoYaGee",-15.093,-62.063,0,"わだ、、",19.662,-47.356,0,"shimenawa",10.356,-65.67,0,"_송글_",38.689,-88.133,0,"ByeolBam",-2.77,-108.538,0,"ddil_ddil69",-45.809,-94.019,0,5007.706,0.305,-22.068,5009.806,5,"shimenawa",13.268,-60.606,0,0,,,,,67,2
114,6,0,7,2,0,0,2,0,0,0,255,255,255,57,5041.631,"쟈가리코",R,10,76,105,0.777,-1.145,0.306,1.679,0.33,1.498,-36.853,20.783,54,46,0,4,0,0,400,14.499,0,0,1,4,8,R,"소솨소솨",186.1,80,0.498,0,36,W,Y,0,0,0,0,0,0,0,0,0,0,0,0,0,0,0,0,0.023,-37.41,0,"encounter v",-0.064,-17.766,0,"Riyaj",-19.608,-44.617,0,"DoYaGee",-15.637,-61.336,0,"わだ、、",19.581,-48.564,0,"shimenawa",9.688,-65.922,0,"_송글_",40.032,-89.767,0,"ByeolBam",-2.802,-111.535,0,"ddil_ddil69",-48.032,-96.986,0,0,0,0,0,0,"",0,0,0,0,5034.406,,,,0,0
115,6,0,7,2,0,1,2,0,0,0,255,255,255,58,5061.389,"쟈가리코",R,10,91,128,0.249,-1.517,0.222,1.401,0.102,1.124,-36.853,19.148,42,58,0,1,0,0,400,14.175,0,0,0,4,8,R,"소솨소솨",186.1,80,0.498,0,36,W,Y,0,0,0,0,0,0,0,0,0,0,0,0,0,0,0,0,0.01,-37.433,0,"encounter v",-0.03,-17.771,0,"Riyaj",-19.495,-44.382,0,"DoYaGee",-17.265,-62.493,0,"わだ、、",19.294,-48.074,0,"shimenawa",9.888,-65.38,0,"_송글_",38.699,-89.775,0,"ByeolBam",-4.219,-113.807,0,"ddil_ddil69",-47.081,-97.684,0,0,0,0,0,0,"",0,0,0,0,5054.039,,,,0,0
116,6,0,7,2,1,1,2,0,0,0,255,255,255,59,5078.268,"쟈가리코",R,26,87,140,0.37,0.192,0.211,1.675,0.051,1.543,-36.853,14.605,36,61,3,2,0,74.264,-200,4.185,0,0,0,4,8,R,"소솨소솨",186.1,80,0.498,3,36,W,Y,5079.326,157,126,73,99,40,143,129,34.323,45.766,0.56,0.143,0.502,65.085,584.946,-116.627,0.148,-37.28,0,"encounter v",-0.035,-17.821,0,"Riyaj",-19.313,-44.431,0,"DoYaGee",-17.161,-62.358,0,"わだ、、",18.83,-48.255,0,"shimenawa",11.447,-65.604,0,"_송글_",41.73,-89.498,0,"ByeolBam",-7.114,-115.739,0,"ddil_ddil69",-47.031,-97.658,0,5075.689,-92.966,-87.518,0,0,"",0,0,0,0,,,,,2,3
117,6,0,7,2,1,2,2,0,0,0,255,255,255,60,5104.687,"쟈가리코",R,26,93,140,0.625,-0.508,0.258,1.389,0.268,1.121,-36.853,22.632,41,54,5,0,0,-2.804,-200,12.792,0,0,0,4,8,R,"소솨소솨",186.1,80,0.498,0,45,W,Y,0,0,0,0,0,0,0,0,0,0,0,0,0,0,0,0,0.1,-37.484,0,"encounter v",-0.098,-17.712,0,"Riyaj",-20.121,-45.14,0,"DoYaGee",-17.492,-62.43,0,"わだ、、",19.743,-48.74,0,"shimenawa",9.124,-65.434,0,"_송글_",42.48,-94.927,0,"ByeolBam",-3.281,-117.386,0,"ddil_ddil69",-46.34,-96.599,0,0,0,0,0,0,"",0,0,0,0,5097.223,,,,0,0
118,7,1,7,2,0,0,0,0,0,0,255,255,255,19,5157.997,"Azuner",R,3,88,113,-3.186,-0.175,0.109,1.291,-0.766,1.531,-36.442,15.092,0,100,0,1,0,-418.617,6.53,0,0,0,0,8,3,R,"DoYaGee",174.5,80,0.451,0,35,W,Y,0,0,0,0,0,0,0,0,0,0,0,0,0,0,0,0,-0.05,-37.524,0,"SFIDA",-0.124,-17.376,0,"甲斐野柊太",-18.623,-42.081,0,"柴山犬吉",-16.469,-62.542,0,"눈꽃",18.541,-49.519,0,"coder_",7.555,-66.633,0,"YukihiroD",33.99,-97.191,0,"Amellaid",-12.259,-111.726,0,"소솨소솨",-42.334,-95.212,0,0,0,0,0,0,"",0,0,0,0,5150.489,,,,0,0
119,7,1,7,2,1,0,0,0,0,0,255,255,255,20,5173.998,"Azuner",R,32,91,140,-0.763,-0.9,0.368,1.453,-0.546,1.006,-36.442,21.976,0,100,0,0,0,151.303,-84.653,0,0,0,0,8,3,R,"DoYaGee",174.5,80,0.451,0,35,W,Y,0,0,0,0,0,0,0,0,0,0,0,0,0,0,0,0,0.009,-37.201,0,"SFIDA",0.059,-17.458,0,"甲斐野柊太",-18.569,-44.505,0,"柴山犬吉",-16.372,-62.762,0,"눈꽃",20.288,-50.127,0,"coder_",9.619,-66.456,0,"YukihiroD",34.006,-97.229,0,"Amellaid",-11.719,-112.888,0,"소솨소솨",-42.332,-95.242,0,0,0,0,0,0,"",0,0,0,0,5166.289,,,,0,0
120,7,1,7,2,1,1,0,0,0,0,255,255,255,21,5189.095,"Azuner",R,14,77,103,1.652,-1.577,0.186,1.259,0.022,1.226,-36.442,17.797,51,49,0,4,0,350.157,331.901,0,0,0,1,8,3,R,"DoYaGee",174.5,80,0.451,0,35,W,Y,0,0,0,0,0,0,0,0,0,0,0,0,0,0,0,0,0.016,-37.269,0,"SFIDA",0.121,-17.428,0,"甲斐野柊太",-17.417,-44.198,0,"柴山犬吉",-16.485,-62.601,0,"눈꽃",20.398,-50.442,0,"coder_",7.418,-70.376,0,"YukihiroD",33.978,-97.251,0,"Amellaid",-11.764,-112.961,0,"소솨소솨",-42.341,-95.232,0,0,0,0,0,0,"",0,0,0,0,5181.623,,,,0,0
121,7,1,7,2,1,2,0,0,0,0,255,255,255,22,5204.515,"Azuner",R,5,97,129,-3.114,-1.337,0.048,1.243,-1.224,0.838,-36.442,10.909,0,100,0,4,0,-91.167,0,0,0,0,1,8,3,R,"DoYaGee",174.5,80,0.451,0,35,W,Y,0,0,0,0,0,0,0,0,0,0,0,0,0,0,0,0,-0.026,-37.356,0,"SFIDA",-0.239,-18.619,0,"甲斐野柊太",-19.177,-41.238,0,"柴山犬吉",-16.485,-62.618,0,"눈꽃",20.833,-50.309,0,"coder_",9.021,-66.572,0,"YukihiroD",34.064,-97.209,0,"Amellaid",-11.646,-112.519,0,"소솨소솨",-42.257,-95.319,0,0,0,0,0,0,"",0,0,0,0,5196.956,,,,0,0
122,7,1,7,2,0,0,1,0,0,0,255,255,255,23,5230.579,"Azuner",R,14,78,106,1.815,0.14,0.279,1.566,0.492,2.287,-36.442,33.603,75,25,0,1,0,152.502,400,0,0,0,0,0,5,L,"shimenawa",175.1,94.576,0.295,0,35,W,Y,0,0,0,0,0,0,0,0,0,0,0,0,0,0,0,0,-0.119,-38.022,0,"SFIDA",0.119,-17.336,0,"甲斐野柊太",-16.389,-47.41,0,"柴山犬吉",-13.533,-64.552,0,"눈꽃",21.214,-50.336,0,"coder_",11.913,-65.217,0,"YukihiroD",36.824,-96.64,0,"Amellaid",5.35,-107.501,0,"소솨소솨",-41.101,-96.187,0,0,0,0,0,0,"",0,0,0,0,5223.172,,,,0,0
123,7,1,7,2,1,0,1,0,0,0,255,255,255,24,5246.421,"Azuner",R,0,87,140,-0.278,1.055,0.182,1.479,-0.127,2.226,-36.442,25.425,16,84,0,2,0,0,0,0,0,0,1,0,5,L,"shimenawa",175.1,94.576,0.295,3,35,W,Y,5247.476,95,99,87,54,0,132,127,112.437,33.824,0.51,0,0.317,267.197,-180.512,3.162,-0.239,-37.189,0,"SFIDA",-0.032,-17.315,0,"甲斐野柊太",-22.331,-49.585,0,"柴山犬吉",-13.507,-64.532,0,"눈꽃",21.197,-50.251,0,"coder_",12.728,-68.775,0,"YukihiroD",36.859,-96.646,0,"Amellaid",5.424,-107.501,0,"소솨소솨",-41.248,-96.171,0,0,0,0,0,0,"",0,0,0,0,,,,,0,3
124,7,1,7,2,1,1,1,0,0,0,255,255,255,25,5263.274,"Azuner",R,0,94,140,-2.875,1.422,-0.029,1.604,-1.252,2.434,-36.442,16.508,69,31,0,4,0,0,0,0,-1.087,-6.136,1,0,5,L,"shimenawa",175.1,94.576,0.295,0,35,W,Y,0,0,0,0,0,0,0,0,0,0,0,0,0,0,0,0,-0.293,-37.664,0,"SFIDA",-1.125,-17.014,0,"甲斐野柊太",-22.413,-49.079,0,"柴山犬吉",-13.303,-64.333,0,"눈꽃",21.268,-50.608,0,"coder_",13.499,-69.589,0,"YukihiroD",39.989,-98.475,0,"Amellaid",5.463,-113.862,0,"소솨소솨",-39.401,-97.361,0,0,0,0,0,0,"",0,0,0,0,5258.889,,,,0,0
125,7,1,7,2,2,1,1,0,0,0,255,255,255,26,5353.834,"Azuner",R,3,79,106,-0.787,0.58,0.37,1.422,0.451,1.968,-36.442,44.337,0,100,0,2,0,-422.713,0,0,0,0,1,0,5,L,"shimenawa",175.1,94.576,0.295,3,35,W,Y,5355.036,142,86,103,60,8,143,127,32.28,2.387,0.38,0,0.378,231.088,-337.673,-167.042,-0.15,-37.261,0,"SFIDA",-0.143,-17.453,0,"甲斐野柊太",-21.424,-47.716,0,"柴山犬吉",-14.649,-63.891,0,"눈꽃",21.243,-50.759,86,"coder_",13.311,-69.145,0,"YukihiroD",38.994,-99.203,0,"Amellaid",3.922,-111.96,0,"소솨소솨",-39.961,-96.981,0,5351.723,5.669,-134.052,5352.789,7,"Amellaid",6.742,-132.348,1,0,5425.856,5364.506,,,292,2
126,7,1,7,2,0,0,1,0,1,0,255,5,255,0,5542.001,"눈꽃",R,26,88,140,-1.078,-0.158,-0.02,1.696,-0.538,1.332,-36.64,8.498,51,49,0,0,0,50.646,-200,0,0,0,0,1,0,L,"쟈가리코",190,82,0.501,0,71,W,Y,0,0,0,0,0,0,0,0,0,0,0,0,0,0,0,0,0.263,-37.417,0,"SFIDA",-0.099,-17.513,0,"甲斐野柊太",-18.027,-45.812,0,"柴山犬吉",-11.012,-63.564,0,"あいくんだよー『아이 군』",20.003,-46.44,0,"coder_",10.343,-65.236,0,"YukihiroD",41.725,-100.904,0,"Amellaid",5.885,-112.441,0,"소솨소솨",-33.827,-106.526,0,0,0,0,0,0,"",0,0,0,0,5533.956,5544.537,,,0,0
127,7,1,7,2,0,1,1,0,1,0,255,5,255,1,5560.597,"눈꽃",R,10,74,115,2.191,-2.323,0.364,1.664,0.943,0.639,-36.64,20.99,46,54,0,1,0,0,399.669,0,0.406,-20.08,0,1,0,L,"쟈가리코",190,82,0.501,0,71,W,Y,0,0,0,0,0,0,0,0,0,0,0,0,0,0,0,0,0.248,-37.76,0,"SFIDA",0.244,-17.738,0,"甲斐野柊太",-16.305,-45.301,0,"柴山犬吉",-11.242,-63.855,0,"あいくんだよー『아이 군』",20.601,-44.487,0,"coder_",13.528,-65.012,0,"YukihiroD",45.612,-107.716,0,"Amellaid",3.83,-113.093,0,"소솨소솨",-34.901,-103.083,0,0,0,0,0,0,"",0,0,0,0,5552.723,5563.18,,,0,0
128,7,1,7,2,1,1,1,0,1,0,255,5,255,2,5578.364,"눈꽃",R,10,65,110,-0.041,-0.484,0.23,2.006,-0.025,1.752,-36.64,42.13,80,20,0,2,0,0,345.65,0,0,0,1,1,0,L,"쟈가리코",190,82,0.501,3,71,W,Y,5579.554,220,83,59,75,28,138,130,13.194,26.249,0.57,0,0.58,-229.991,-458.383,86.011,0.146,-37.31,0,"SFIDA",-0.055,-17.764,0,"甲斐野柊太",-16.236,-44.36,0,"柴山犬吉",-13.244,-62.887,0,"あいくんだよー『아이 군』",19.663,-45.95,0,"coder_",12.182,-64.52,88,"YukihiroD",45.91,-107.852,0,"Amellaid",4.467,-114.416,0,"소솨소솨",-33.934,-99.517,126,5572.889,-30.075,-94.743,5573.289,8,"소솨소솨",-30.377,-95.685,1,0,,,5586.988,,17,2
129,7,1,8,2,0,0,1,0,0,1,255,255,0,3,5737.742,"눈꽃",R,27,89,140,-2.112,0.35,0.013,1.941,-0.99,1.706,-36.64,17.562,91,9,0,2,0,50.022,-129.248,0,0,0,1,2,4,L,"わだ、、",190,80,0.498,3,48,W,Y,5738.81,255,75,172,118,53,145,92,105.852,-65.977,-0.75,0,0.442,304.906,183.767,-71.15,0.211,-37.347,0,"SFIDA",-0.187,-17.518,0,"甲斐野柊太",-17.669,-44.558,0,"柴山犬吉",-10.467,-62.181,0,"あいくんだよー『아이 군』",19.194,-47.207,0,"coder_",10.995,-61.819,0,"YukihiroD",43.224,-98.334,0,"Amellaid",5.991,-118.645,0,"소솨소솨",-37.705,-95.235,0,0,0,0,0,0,"",0,0,0,0,,,5742.309,,0,3
130,7,1,8,2,0,1,1,0,0,1,255,255,0,4,5756.225,"눈꽃",R,26,84,136,-1.116,0.99,0.062,2.019,-0.544,2.062,-36.64,25.349,87,13,0,2,0,39.225,-176.033,0,0,0,1,2,4,L,"わだ、、",190,80,0.498,3,48,W,Y,5757.321,241,77,119,73,31,145,130,109.529,69.113,0.32,0,0.378,30.386,-500.924,210.644,0.113,-37.389,0,"SFIDA",-0.085,-17.462,0,"甲斐野柊太",-19.695,-48.869,0,"柴山犬吉",-9.022,-62.438,0,"あいくんだよー『아이 군』",18.389,-46.728,0,"coder_",11.713,-64.202,0,"YukihiroD",40.592,-96.746,0,"Amellaid",8.461,-118.993,0,"소솨소솨",-39.716,-94.711,0,0,0,0,0,0,"",0,0,0,0,,,5761.017,,0,3
131,7,1,8,2,0,2,1,0,0,1,255,255,0,5,5773.977,"눈꽃",R,14,78,116,2.007,-1.975,0.224,1.588,0.224,0.774,-36.64,15.537,51,49,0,1,0,371.44,334.712,0,0.426,-19.186,0,2,4,L,"わだ、、",190,80,0.498,0,48,W,Y,0,0,0,0,0,0,0,0,0,0,0,0,0,0,0,0,0.253,-37.745,0,"SFIDA",0.093,-17.615,0,"甲斐野柊太",-16.081,-44.832,0,"柴山犬吉",-10.302,-62.587,0,"あいくんだよー『아이 군』",20.023,-44.633,0,"coder_",11.818,-64.206,0,"YukihiroD",40.694,-97.657,0,"Amellaid",8.803,-118.529,0,"소솨소솨",-37.283,-101.634,0,0,0,0,0,0,"",0,0,0,0,5765.889,,5777.248,,0,0
132,7,1,8,2,1,2,1,0,0,1,255,255,0,6,5790.648,"눈꽃",R,27,91,140,-0.818,1.06,0.06,2.025,-0.43,2.163,-36.64,21.334,86,14,0,2,0,52.107,-116.403,0,0,0,1,2,4,L,"わだ、、",190,80,0.498,3,48,W,Y,5791.709,255,96,180,75,46,145,95,39.425,-33.82,-0.6,0,0.423,204.626,22.981,-93.506,0.068,-37.391,0,"SFIDA",0.003,-17.583,0,"甲斐野柊太",-21.917,-49.476,0,"柴山犬吉",-10.166,-62.564,0,"あいくんだよー『아이 군』",20.069,-46.667,0,"coder_",11.471,-63.208,0,"YukihiroD",40.686,-97.651,92,"Amellaid",8.253,-118.191,0,"소솨소솨",-37.223,-101.633,0,5787.039,42.668,-82.948,5787.106,6,"YukihiroD",41.371,-80.972,0,0,,,5794.288,,64,1
133,7,1,8,2,0,0,2,0,0,1,255,255,0,7,5821.66,"눈꽃",R,10,75,116,-0.433,-2.726,0.148,1.502,-0.195,0.069,-36.64,25.057,51,49,0,1,0,0,398.591,0,-0.056,-22.17,0,3,7,R,"ByeolBam",175.3,90,0.5,0,34,W,Y,0,0,0,0,0,0,0,0,0,0,0,0,0,0,0,0,0.151,-37.569,0,"SFIDA",-0.042,-17.355,0,"甲斐野柊太",-19.108,-45.83,0,"柴山犬吉",-15.309,-63.248,0,"あいくんだよー『아이 군』",18.93,-47.984,0,"coder_",11.064,-65.823,0,"YukihiroD",39.89,-98.81,0,"Amellaid",-13.158,-116.034,0,"소솨소솨",-44.518,-94.124,0,0,0,0,0,0,"",0,0,0,0,5813.272,,5824.888,,0,0
134,7,1,8,2,1,0,2,0,0,1,255,255,0,8,5836.536,"눈꽃",R,26,90,140,1.014,0.571,0.247,1.917,0.346,1.778,-36.64,24.634,86,14,0,0,0,64.459,-153.791,0,0,0,0,3,7,R,"ByeolBam",175.3,90,0.5,0,34,W,Y,0,0,0,0,0,0,0,0,0,0,0,0,0,0,0,0,0.153,-37.49,0,"SFIDA",0.072,-17.371,0,"甲斐野柊太",-18.939,-45.563,0,"柴山犬吉",-15.587,-63.019,0,"あいくんだよー『아이 군』",19.424,-45.502,0,"coder_",6.483,-67.07,0,"YukihiroD",39.419,-96.363,0,"Amellaid",-12.377,-114.817,0,"소솨소솨",-43.123,-96.333,0,0,0,0,0,0,"",0,0,0,0,5827.939,,5839.215,,0,0
135,7,1,8,2,1,1,2,0,0,1,255,255,0,9,5854.982,"눈꽃",R,27,91,140,0.796,1.18,0.205,2.007,0.289,2.147,-36.64,26.973,85,15,0,2,0,37.242,-136.052,0,0,0,0,3,7,R,"ByeolBam",175.3,90,0.5,3,34,W,Y,5855.887,255,72,84,58,17,145,95,23.221,44.259,0.94,0,0.31,15.775,497.232,42.136,0.071,-37.417,0,"SFIDA",0.065,-17.414,0,"甲斐野柊太",-18.88,-45.52,0,"柴山犬吉",-15.508,-63.036,0,"あいくんだよー『아이 군』",18.967,-45.473,0,"coder_",9.699,-66.097,0,"YukihiroD",39.293,-96.236,0,"Amellaid",-11.669,-113.045,0,"소솨소솨",-43.056,-96.343,0,5849.556,-51.999,-63.319,0,0,"",0,0,0,0,,,5862.948,,0,3
136,7,1,8,2,1,2,2,0,0,1,255,255,0,10,5876.291,"눈꽃",R,13,75,113,-3.712,-1.118,0.019,1.706,-1.026,1.473,-36.64,11.068,57,43,0,1,0,-328.447,376.992,0,0,0,0,3,7,R,"ByeolBam",175.3,90,0.5,0,76,W,Y,0,0,0,0,0,0,0,0,0,0,0,0,0,0,0,0,-0.088,-37.805,0,"SFIDA",-0.181,-17.435,0,"甲斐野柊太",-24.742,-48,0,"柴山犬吉",-15.875,-62.83,0,"あいくんだよー『아이 군』",19.182,-45.648,0,"coder_",9.831,-66.323,0,"YukihiroD",33.836,-94.253,0,"Amellaid",-12.857,-115.452,0,"소솨소솨",-43.458,-89.933,0,0,0,0,0,0,"",0,0,0,0,5867.806,,5879.587,,0,0
137,7,1,8,2,2,2,2,0,0,1,255,255,0,11,5893.336,"눈꽃",R,10,79,119,0.047,-1.974,0.151,1.626,0.016,0.964,-36.64,16.966,52,48,0,1,0,0,400,0,-0.005,-18.89,0,3,7,R,"ByeolBam",175.3,90,0.5,0,76,W,Y,0,0,0,0,0,0,0,0,0,0,0,0,0,0,0,0,0.274,-37.649,0,"SFIDA",0.041,-17.498,0,"甲斐野柊太",-16.695,-42.564,0,"柴山犬吉",-15.812,-62.931,0,"あいくんだよー『아이 군』",19.272,-45.491,0,"coder_",9.052,-66.449,0,"YukihiroD",34.347,-93.853,0,"Amellaid",-11.851,-115.102,0,"소솨소솨",-43.538,-89.898,0,0,0,0,0,0,"",0,0,0,0,5884.79,,5896.672,,0,0
138,7,1,8,2,3,2,2,0,0,1,255,255,0,12,5910.708,"눈꽃",R,27,87,140,0.988,0.453,0.163,1.792,0.409,1.736,-36.64,17.111,50,50,0,2,0,11.746,-131.557,0,0,0,1,3,7,R,"ByeolBam",175.3,90,0.5,3,76,W,Y,5911.675,193,128,115,79,48,145,127,26.197,33.965,0.32,0,0.3,167.946,34.611,-41.894,0.252,-37.325,0,"SFIDA",0.122,-17.455,0,"甲斐野柊太",-25.192,-50.888,0,"柴山犬吉",-15.738,-62.987,0,"あいくんだよー『아이 군』",18.136,-47.574,0,"coder_",8.783,-66.123,70,"YukihiroD",33.443,-92.285,0,"Amellaid",-11.954,-116.921,0,"소솨소솨",-44.755,-92.578,0,5906.739,-58.9,-108.09,5907.206,8,"소솨소솨",-57.934,-107.734,1,0,,,,5916.446,17,2
139,7,1,9,2,0,0,2,1,0,0,7,255,255,13,5944.424,"눈꽃",R,27,91,140,-0.491,0.757,0.089,1.955,-0.264,1.96,-36.64,19.659,85,15,0,2,0,34.042,-133.483,0,0,0,1,4,1,L,"encounter v",190,84.706,0.42,3,34,W,Y,5945.352,255,128,117,106,28,145,99,107.548,60.424,-0.4,0,0.536,488.792,129.663,-117.681,0.269,-37.338,0,"SFIDA",-0.012,-17.479,0,"甲斐野柊太",-14.008,-41.976,0,"柴山犬吉",-12.761,-64.794,0,"あいくんだよー『아이 군』",19.572,-46.053,0,"coder_",13.564,-67.85,0,"YukihiroD",31.372,-90.406,0,"Amellaid",7.895,-115.592,0,"소솨소솨",-42.069,-98.114,0,0,0,0,0,0,"",0,0,0,0,,,,,0,3
140,7,1,9,2,0,1,2,1,0,0,7,255,255,14,5961.233,"눈꽃",R,10,78,118,0.423,-1.678,0.206,1.683,0.178,1.026,-36.64,19.69,54,46,0,2,0,0,400,0,0,0,1,4,1,L,"encounter v",190,84.706,0.42,3,42,W,Y,5962.293,255,150,123,138,60,145,97,-30,-13.608,0.95,0,0.565,155.102,293.252,139.986,0.21,-37.395,0,"SFIDA",0.037,-17.688,0,"甲斐野柊太",-15.658,-44.112,0,"柴山犬吉",-12.65,-64.864,0,"あいくんだよー『아이 군』",19.621,-45.891,0,"coder_",14.327,-68.542,98,"YukihiroD",35.982,-88.15,0,"Amellaid",7.91,-114.161,0,"소솨소솨",-39.082,-98.574,0,5952.156,0.222,-21.145,5954.573,5,"coder_",9.605,-61.193,0,16,,5966.511,,,3,2
141,7,0,9,2,0,0,0,0,0,0,255,255,255,61,6016.766,"쟈가리코",R,3,75,101,-2.796,-0.615,0.174,1.619,-0.081,1.582,-36.853,18.419,49,51,0,3,0,-446.667,115.301,-8.369,0.101,-21.012,0,5,1,L,"SFIDA",188.7,80,0.2,0,34,W,Y,0,0,0,0,0,0,0,0,0,0,0,0,0,0,0,0,0.013,-37.313,0,"encounter v",0.927,-18.821,0,"Riyaj",-19.896,-45.626,0,"DoYaGee",-13.245,-63.407,0,"わだ、、",20.401,-48.824,0,"shimenawa",11.939,-63.841,0,"_송글_",43.176,-93.444,0,"ByeolBam",1.772,-111.812,0,"ddil_ddil69",-42.478,-93.143,0,0,0,0,0,0,"",0,0,0,0,6009.056,,,,0,6
142,7,0,9,2,0,0,0,1,0,0,11,255,255,62,6043.929,"쟈가리코",R,10,79,107,0.334,-1.857,0.245,1.524,0.138,1.159,-36.853,15.416,45,55,0,4,0,0,400,16.865,0.043,-18.723,1,6,6,R,"YukihiroD",173.8,80,0.4,0,34,W,Y,0,0,0,0,0,0,0,0,0,0,0,0,0,0,0,0,0.049,-37.477,0,"encounter v",-0.027,-17.628,0,"Riyaj",-18.963,-41.544,0,"DoYaGee",-10.373,-60.756,0,"わだ、、",16.661,-44.625,0,"shimenawa",7.716,-64.213,0,"_송글_",37.882,-87.47,0,"ByeolBam",-2.962,-110.943,0,"ddil_ddil69",-42.642,-93.036,0,0,0,0,0,0,"",0,0,0,0,6034.772,,,,0,0
143,7,0,9,2,0,1,0,1,0,0,11,255,255,63,6059.735,"쟈가리코",R,10,79,119,0.914,-1.206,0.284,1.672,0.39,1.433,-36.853,22.594,57,43,0,2,0,0,400,14.872,0,0,1,6,6,R,"YukihiroD",173.8,80,0.4,3,34,W,Y,6060.885,255,155,93,75,10,145,126,27.443,-24.188,0.66,0,0.605,-157.026,72.726,61.203,-0.007,-37.092,0,"encounter v",-0.034,-18.064,0,"Riyaj",-18.92,-44.085,0,"DoYaGee",-11.938,-61.571,0,"わだ、、",16.502,-44.35,0,"shimenawa",1.907,-57.726,64,"_송글_",38,-87.299,87,"ByeolBam",-2.539,-110.416,0,"ddil_ddil69",-42.65,-93.128,0,6054.856,42.16,-120.293,6056.989,6,"_송글_",37.87,-115.442,1,0,,6063.77,6068.921,,35,2
144,7,0,9,2,0,0,0,0,1,1,255,16,11,64,6098.325,"쟈가리코",R,10,76,104,0.314,-1.932,0.242,1.538,0.13,1.18,-36.853,16.201,50,50,0,2,0,0,400,9.844,0,0,1,7,3,R,"柴山犬吉",169.9,90.243,0.6,3,34,W,Y,6099.482,226,116,90,89,56,145,112,-30,33.183,0.87,0,0.258,148.272,-239.335,-27.21,0.003,-37.204,0,"encounter v",-0.003,-17.842,106,"Riyaj",-19.069,-44.755,114,"DoYaGee",-14.256,-62.371,0,"わだ、、",15.925,-44.247,0,"shimenawa",11.498,-63.976,0,"_송글_",39.125,-89.864,0,"ByeolBam",0.139,-111.504,0,"ddil_ddil69",-42.595,-93.881,0,6088.623,-0.321,-21.489,6090.223,2,"Riyaj",-15.498,-44.768,0,0,6096.823,6104.953,6102.523,,82,2
145,7,0,9,2,0,0,1,0,1,1,255,16,11,65,6140.872,"쟈가리코",R,13,41,90,0.863,-1.337,0.445,1.71,1.139,1.563,-36.853,37.565,0,100,0,1,0,-317.362,315.506,13.486,0,0,0,8,7,L,"Amellaid",160,80.447,0.439,0,34,W,Y,0,0,0,0,0,0,0,0,0,0,0,0,0,0,0,0,0.008,-37.218,0,"encounter v",-0.046,-18.192,0,"Riyaj",-18.647,-44.262,0,"DoYaGee",-7.076,-65.588,0,"わだ、、",18.753,-40.436,0,"shimenawa",14.849,-62.064,0,"_송글_",39.407,-92.107,0,"ByeolBam",2.825,-108.541,0,"ddil_ddil69",-41.396,-94.382,0,0,0,0,0,0,"",0,0,0,0,6131.389,6143.435,6142.966,,0,0
146,7,0,9,2,1,0,1,0,1,1,255,16,11,66,6159.467,"쟈가리코",R,26,84,136,-0.522,0.834,0.124,1.678,-0.353,1.817,-36.853,15.706,51,47,3,0,0,83.543,-200,9.157,0,0,1,8,7,L,"Amellaid",160,80.447,0.439,0,34,W,Y,0,0,0,0,0,0,0,0,0,0,0,0,0,0,0,0,-0.047,-37.331,0,"encounter v",-0.048,-17.818,0,"Riyaj",-18.633,-43.899,0,"DoYaGee",-8.305,-65.042,0,"わだ、、",18.344,-40.204,0,"shimenawa",12.075,-60.275,0,"_송글_",37.786,-89.761,0,"ByeolBam",1.1,-107.303,0,"ddil_ddil69",-39.369,-92.729,0,0,0,0,0,0,"",0,0,0,0,6149.606,6161.486,6161.48,,0,0
147,7,0,9,2,1,1,1,0,1,1,255,16,11,67,6176.38,"쟈가리코",R,6,82,121,-1.372,-0.507,-0.086,1.549,-1.329,1.321,-36.853,6.221,46,54,0,0,0,439.536,0,35.789,0,0,0,8,7,L,"Amellaid",160,80.447,0.439,0,34,W,Y,0,0,0,0,0,0,0,0,0,0,0,0,0,0,0,0,-0.223,-37.438,0,"encounter v",-0.018,-17.807,0,"Riyaj",-17.878,-42.84,0,"DoYaGee",-8.724,-65.657,0,"わだ、、",18.288,-40.755,0,"shimenawa",13.116,-60.848,0,"_송글_",38.282,-88.733,0,"ByeolBam",-3.196,-107.324,0,"ddil_ddil69",-40.63,-93.364,0,0,0,0,0,0,"",0,0,0,0,6166.522,6179.097,6178.43,,0,0
148,7,0,9,2,1,2,1,0,1,1,255,16,11,68,6195.158,"쟈가리코",R,14,75,102,1.999,-1.701,0.232,1.486,0.1,1.27,-36.853,19.011,44,56,0,2,0,362.039,312.348,7.226,0,0,1,8,7,L,"Amellaid",160,80.447,0.439,3,34,W,Y,6196.12,255,211,106,114,73,145,85,-25.9,-51.259,0.96,0,0.471,84.181,219.346,103.142,-0.033,-37.205,0,"encounter v",0.168,-18.003,0,"Riyaj",-18.448,-43.746,0,"DoYaGee",-6.963,-65.864,0,"わだ、、",16.432,-42.961,0,"shimenawa",14.169,-61.862,0,"_송글_",36.601,-88.416,0,"ByeolBam",0.6,-107.178,0,"ddil_ddil69",-40.632,-93.364,0,6185.022,1.475,-22.117,0,0,"",0,0,0,0,,6201.485,6197.18,,2,0
149,7,0,9,2,1,2,1,0,1,1,255,16,11,69,6218.693,"쟈가리코",R,26,83,134,-1.302,0.67,0.057,1.772,-0.666,1.738,-36.853,14.186,39,57,3,2,0,65.364,-184.106,10.927,0,0,1,8,7,L,"Amellaid",160,80.447,0.439,3,37,W,Y,6219.535,255,90,50,15,30,120,67,114.957,46.508,-0.75,0,0.288,-136.414,111.098,-41.676,-0.092,-37.267,0,"encounter v",-0.092,-17.973,0,"Riyaj",-18.729,-44.256,0,"DoYaGee",-6.194,-67.166,0,"わだ、、",16.905,-42.634,0,"shimenawa",14.247,-60.591,0,"_송글_",38.494,-90.877,0,"ByeolBam",4.136,-104.933,0,"ddil_ddil69",-42.208,-92.681,0,0,0,0,0,0,"",0,0,0,0,,6221.888,6220.694,,2,3
150,7,0,9,2,1,2,1,0,1,1,255,16,11,70,6241.164,"쟈가리코",R,3,13,64,-0.994,-0.464,0.079,1.64,-0.377,1.373,-36.853,14.695,0,100,0,0,0,-290.909,0,67.57,0,0,1,8,7,L,"Amellaid",160,80.447,0.439,0,37,W,Y,0,0,0,0,0,0,0,0,0,0,0,0,0,0,0,0,-0.1,-37.415,0,"encounter v",-0.106,-17.808,0,"Riyaj",-18.894,-44.217,0,"DoYaGee",-5.528,-65.495,0,"わだ、、",19.103,-41.272,0,"shimenawa",10.97,-62.093,0,"_송글_",40.301,-92.755,0,"ByeolBam",1.224,-103.103,0,"ddil_ddil69",-42.555,-92.04,0,0,0,0,0,0,"",0,0,0,0,6231.906,6245.178,6243.813,,0,0
151,7,0,9,2,1,2,1,0,1,1,255,16,11,70,6476.987,"쟈가리코",R,27,77,127,1.692,2.642,0.316,2.05,0.539,2.807,-36.853,47.448,81,16,3,1,0,119.187,-145.884,5.233,0,0,0,0,7,L,"Amellaid",160,80.447,0.439,0,33,W,Y,0,0,0,0,0,0,0,0,0,0,0,0,0,0,0,0,0.037,-37.371,0,"encounter v",0.031,-17.645,0,"Riyaj",-19.051,-44.862,0,"DoYaGee",-10.556,-64.947,0,"わだ、、",18.264,-41.299,0,"shimenawa",11.991,-61.333,0,"_송글_",38.408,-88.43,0,"ByeolBam",1.118,-104.542,0,"ddil_ddil69",-42.385,-92.884,0,0,0,0,0,0,"",0,0,0,0,6467.073,6478.943,6478.859,,0,0
152,7,0,9,2,2,2,1,0,1,1,255,16,11,71,6493.52,"쟈가리코",R,26,85,138,-1.492,-0.049,0.045,1.559,-0.719,1.4,-36.853,8.015,39,58,3,2,0,47.473,-158.605,14.195,0,0,1,0,7,L,"Amellaid",160,80.447,0.439,3,33,W,Y,6494.35,222,250,131,15,26,145,85,3.523,27.912,-0.55,0,0.423,-278.148,161.684,40.673,0.004,-37.404,0,"encounter v",-0.117,-17.823,0,"Riyaj",-18.756,-44.801,0,"DoYaGee",-10.021,-65.104,0,"わだ、、",17.561,-43.347,0,"shimenawa",14.699,-63.081,63,"_송글_",38.335,-88.405,0,"ByeolBam",0.088,-104.913,0,"ddil_ddil69",-42.359,-92.885,111,6484.022,-9.198,-36.458,6488.022,8,"ddil_ddil69",-29.332,-77.565,1,0,,,6501.542,6500.634,131,2
153,7,0,9,3,0,0,1,1,0,1,17,255,16,72,6526.645,"쟈가리코",R,26,83,134,0.865,0.116,0.271,1.574,0.331,1.463,-36.853,16.432,48,52,0,2,0,25.35,-183.037,5.723,0,0,1,0,5,R,"coder_",164.1,80,0.283,3,33,W,Y,6527.69,180,99,71,61,26,140,101,-30,38.244,0.92,0,0.189,-358.56,391.145,32.17,0.033,-37.49,0,"encounter v",-0.021,-17.904,0,"Riyaj",-18.826,-45.132,103,"DoYaGee",-13.79,-61.721,0,"わだ、、",16.997,-43.222,65,"shimenawa",11.383,-64.717,0,"_송글_",37.835,-88.684,0,"ByeolBam",-3.776,-108.992,0,"ddil_ddil69",-44.238,-97.409,0,6516.606,-0.715,-19.841,6518.189,2,"Riyaj",-17.042,-40.405,0,0,,6531.96,,6534.617,70,2
154,7,0,9,4,0,0,2,0,1,0,255,17,255,73,6561.729,"쟈가리코",R,3,80,106,-3.478,-0.366,0.018,1.555,-0.565,1.503,-36.853,7.335,42,58,0,2,0,-474.351,74.711,0.039,0,0,1,1,2,R,"甲斐野柊太",190,80,0.2,3,22,W,Y,6562.925,255,71,120,117,76,145,130,-16.126,44.252,0.38,0,0.155,29.37,243.38,38.923,-0.106,-37.429,0,"encounter v",-0.46,-17.844,0,"Riyaj",-18.393,-43.487,0,"DoYaGee",-17.463,-60.292,0,"わだ、、",17.976,-45.636,0,"shimenawa",9.294,-66.022,0,"_송글_",39.329,-90.357,0,"ByeolBam",-2.257,-108.133,0,"ddil_ddil69",-41.805,-93.467,0,6552.006,-3.301,-21.376,0,0,"",0,0,0,0,,6570.471,,,2,3
155,7,0,9,4,0,1,2,0,1,0,255,17,255,74,6585.353,"쟈가리코",R,26,83,135,0.872,-0.331,0.256,1.416,0.261,1.22,-36.853,17.486,45,55,0,2,0,76.069,-200,9.239,0,0,1,1,2,R,"甲斐野柊太",190,80,0.2,3,22,W,Y,6586.389,239,75,114,128,38,145,115,26.143,19.636,0.81,0,0.171,-161.48,-36.901,36.067,0.168,-37.133,0,"encounter v",0.002,-17.817,0,"Riyaj",-17.773,-43.677,0,"DoYaGee",-17.294,-62.267,0,"わだ、、",18.57,-47.434,0,"shimenawa",9.877,-65.365,0,"_송글_",38.352,-87.218,0,"ByeolBam",-1.828,-106.891,0,"ddil_ddil69",-41.83,-94.277,104,6579.889,-31.42,-109.453,6580.356,8,"ddil_ddil69",-30.512,-106.77,0,0,,,6590.362,,128,1
156,8,1,9,4,0,0,0,0,0,0,255,255,255,15,6640.042,"눈꽃",R,26,92,140,1.235,-0.184,0.235,1.772,0.525,1.335,-36.64,17.368,52,48,0,2,0,4.525,-161.682,0,0,0,1,5,6,R,"_송글_",174.9,90.478,0.316,3,33,W,Y,6640.997,167,36,60,38,0,136,91,-8.36,41.452,-0.21,0,0.371,-258.498,428.503,-296.046,0.261,-37.521,0,"SFIDA",0.052,-17.562,0,"甲斐野柊太",-18.638,-44.36,98,"柴山犬吉",-15.615,-62.684,0,"あいくんだよー『아이 군』",19.871,-47.494,0,"coder_",11.12,-69.123,0,"YukihiroD",35.758,-93.014,0,"Amellaid",-11.112,-111.493,0,"소솨소솨",-43.267,-100.079,0,6629.923,-3.589,-23.312,6631.406,2,"甲斐野柊太",-17.243,-39.857,0,0,,,,,2,2
157,8,1,9,4,0,0,1,0,0,0,255,255,255,16,6665.435,"눈꽃",R,27,93,140,1.358,0.653,0.271,1.955,0.549,1.882,-36.64,21.568,90,10,0,2,0,25.261,-146.032,0,0,0,1,6,2,R,"Riyaj",190,80,0.2,3,44,W,Y,6666.289,168,172,124,120,64,145,90,56.01,-7.895,-0.82,0,0.366,575.317,4.054,33.72,0.226,-37.472,0,"SFIDA",0.203,-17.477,0,"甲斐野柊太",-18.691,-44.367,0,"柴山犬吉",-16.184,-62.541,0,"あいくんだよー『아이 군』",20.509,-47.828,0,"coder_",9.424,-66.299,0,"YukihiroD",33.622,-94.588,0,"Amellaid",-13.376,-117.154,0,"소솨소솨",-44.522,-98.116,0,6661.306,7.805,-71.976,6661.506,5,"coder_",7.618,-70.629,0,0,,,,,1,1
158,8,1,9,4,0,0,2,0,0,0,255,255,255,17,6691.716,"눈꽃",R,28,94,140,2.006,-0.411,0.278,1.78,0.886,1.296,-36.64,16.982,53,47,0,2,0,-16.72,-61.452,0,0,0,0,7,8,R,"ddil_ddil69",176.4,89.899,0.397,3,39,W,Y,6692.883,249,67,125,56,35,145,86,2.771,32.775,-0.8,0,0.631,127.079,474.357,-145.432,0.343,-37.519,0,"SFIDA",0.145,-17.705,0,"甲斐野柊太",-18.458,-43.628,0,"柴山犬吉",-16.103,-62.395,0,"あいくんだよー『아이 군』",18.773,-46.584,0,"coder_",7.854,-65.47,0,"YukihiroD",33.945,-97.202,0,"Amellaid",-12.758,-113.086,0,"소솨소솨",-43.123,-98.21,0,6682.589,-11.237,-36.413,6683.339,2,"甲斐野柊太",-15.005,-41.925,0,0,,,,,2,2
159,8,0,9,4,0,0,0,0,0,0,255,255,255,75,6742.985,"쟈가리코",R,26,83,135,-0.191,-0.007,0.167,1.562,-0.152,1.433,-36.853,18.229,45,55,0,2,0,49.277,-189.905,4.274,0,0,1,2,4,R,"あいくんだよー『아이 군』",190,80,0.399,3,33,W,Y,6743.856,250,93,60,65,36,138,82,25.6,27.421,1,0,0.131,208.823,-220.826,16.202,-0.159,-37.54,0,"encounter v",-0.024,-17.811,0,"Riyaj",-19.564,-45.729,85,"DoYaGee",-17.665,-60.895,0,"わだ、、",19.713,-48.373,0,"shimenawa",10.66,-65.249,0,"_송글_",35.966,-84.389,0,"ByeolBam",-0.24,-109.703,0,"ddil_ddil69",-43.654,-93.085,0,6736.673,-28.079,-78.627,6737.439,8,"ddil_ddil69",-28.419,-79.449,1,0,,,,,194,2
160,8,0,9,4,0,0,0,1,0,0,14,255,255,76,6772.174,"쟈가리코",R,10,75,116,0.508,-0.661,0.246,1.655,0.214,1.74,-36.853,17.872,47,53,0,0,0,-0.011,400,8.253,0,0,0,3,9,R,"레이나2",180.3,80.118,0.403,0,33,W,Y,0,0,0,0,0,0,0,0,0,0,0,0,0,0,0,0,-0.06,-37.497,0,"encounter v",-0.036,-17.669,0,"Riyaj",-19.747,-42.594,0,"DoYaGee",-13.537,-61.072,0,"わだ、、",17.461,-45.152,0,"shimenawa",8.167,-64.049,0,"_송글_",37.545,-86.43,0,"ByeolBam",-1.702,-108.584,0,"ddil_ddil69",-43.323,-94.331,0,0,0,0,0,0,"",0,0,0,0,6762.123,,,,0,0
161,8,0,9,4,0,1,0,1,0,0,14,255,255,77,6789.372,"쟈가리코",R,10,78,106,0.683,-1.661,0.294,1.507,0.291,1.225,-36.853,20.334,47,53,0,1,0,-1.16,400,19.869,0.105,-18.374,0,3,9,R,"레이나2",180.3,80.118,0.403,0,33,W,Y,0,0,0,0,0,0,0,0,0,0,0,0,0,0,0,0,0.033,-37.525,0,"encounter v",-0.019,-17.847,0,"Riyaj",-20.034,-43.762,0,"DoYaGee",-13.723,-62.023,0,"わだ、、",18.349,-45.16,0,"shimenawa",7.906,-64.435,0,"_송글_",37.549,-86.489,0,"ByeolBam",-2.196,-108.937,0,"ddil_ddil69",-43.348,-94.454,0,0,0,0,0,0,"",0,0,0,0,6779.29,,,,0,0
162,8,0,9,4,1,1,0,1,0,0,14,255,255,78,6803.69,"쟈가리코",R,26,88,140,0.293,0.169,0.207,1.573,0.032,1.521,-36.853,13.829,41,57,2,2,0,63.885,-200,11.07,0,0,1,3,9,R,"레이나2",180.3,80.118,0.403,3,33,W,Y,6804.766,155,48,98,51,19,145,108,28.84,42.034,0.07,0,0.162,233.298,473.977,-89.534,0.075,-37.326,0,"encounter v",-0.022,-17.853,0,"Riyaj",-19.013,-44.137,0,"DoYaGee",-13.87,-61.916,0,"わだ、、",17.923,-45.544,0,"shimenawa",11.579,-64.171,0,"_송글_",37.719,-86.581,0,"ByeolBam",-6.048,-112.364,0,"ddil_ddil69",-43.288,-93.25,0,6798.173,-71.685,-83.176,6800.739,8,"ddil_ddil69",-75.23,-86.295,0,0,,,,,130,2
163,8,0,9,4,1,2,0,1,0,0,14,255,255,79,6836.259,"쟈가리코",R,10,84,125,0.309,-2.656,0.228,1.312,0.128,0.63,-36.853,22.221,40,60,0,1,0,0,400,8.076,0.052,-19.898,0,3,9,R,"레이나2",180.3,80.118,0.403,0,72,W,Y,0,0,0,0,0,0,0,0,0,0,0,0,0,0,0,0,-0.016,-37.501,0,"encounter v",-0.008,-17.873,0,"Riyaj",-20.542,-42.523,0,"DoYaGee",-13.75,-60.406,0,"わだ、、",17.558,-44.633,0,"shimenawa",7.348,-64.974,0,"_송글_",34.561,-83.77,0,"ByeolBam",-2.965,-109.553,0,"ddil_ddil69",-43.735,-93.484,0,0,0,0,0,0,"",0,0,0,0,6826.223,,,,0,0
164,8,0,9,4,2,2,0,1,0,0,14,255,255,80,6854.232,"쟈가리코",R,13,82,107,-3.073,-0.673,0.123,1.59,-0.519,1.604,-36.853,17.357,44,56,0,2,0,-414.912,260.882,-1.966,0,0,1,3,9,R,"레이나2",180.3,80.118,0.403,3,72,W,Y,6855.334,228,83,81,109,65,145,101,16.377,46.39,0.92,0,0.231,150.827,202.373,544.331,-0.074,-37.286,0,"encounter v",-0.671,-17.764,0,"Riyaj",-19.528,-44.54,0,"DoYaGee",-13.997,-59.879,0,"わだ、、",17.07,-44.413,0,"shimenawa",10.64,-64.348,0,"_송글_",37.107,-84.434,0,"ByeolBam",-9.147,-115.686,0,"ddil_ddil69",-42.762,-92.323,0,6845.989,-38.81,-55.356,0,0,"",0,0,0,0,,,,,2,3
165,8,0,9,4,2,2,0,1,0,0,14,255,255,81,6876.607,"쟈가리코",R,26,85,138,0.599,0.078,0.249,1.499,0.227,1.47,-36.853,17.767,43,55,2,2,0,18.321,-196.453,3.977,0,0,1,3,9,R,"레이나2",180.3,80.118,0.403,3,72,W,Y,6877.623,75,41,69,39,21,104,102,94.031,-82.834,0.62,0,0.137,363.796,215.981,-425.447,0.072,-36.954,0,"encounter v",-0.008,-17.935,0,"Riyaj",-18.878,-44.472,0,"DoYaGee",-14.731,-60.163,0,"わだ、、",17.078,-44.805,0,"shimenawa",11.374,-65.516,0,"_송글_",34.446,-82.95,0,"ByeolBam",-4.784,-110.643,0,"ddil_ddil69",-45.317,-93.244,0,0,0,0,0,0,"",0,0,0,0,,,,,2,3
166,8,0,9,4,2,2,0,1,0,0,14,255,255,82,6896.836,"쟈가리코",R,10,74,103,1.202,-1.003,0.365,1.743,0.513,1.637,-36.853,26.866,90,10,0,2,0,0,400,8.023,0,0,1,3,9,R,"레이나2",180.3,80.118,0.403,3,72,W,Y,6897.969,181,93,93,91,43,145,128,99.404,7.697,0.46,0,0.121,182.235,389.815,301.866,0.132,-37.308,0,"encounter v",-0.024,-17.931,0,"Riyaj",-19.157,-44.569,0,"DoYaGee",-14.288,-60.889,0,"わだ、、",16.88,-44.596,0,"shimenawa",10.708,-65.033,0,"_송글_",34.448,-84.207,0,"ByeolBam",-2.02,-109.374,0,"ddil_ddil69",-45.004,-92.55,0,0,0,0,0,0,"",0,0,0,0,,,,,2,3
167,8,0,9,4,2,2,0,1,0,0,14,255,255,83,6919.773,"쟈가리코",R,26,87,140,0.217,0.621,0.213,1.591,0.061,1.793,-36.853,11.574,43,57,0,0,0,19.456,-200,4.953,0,0,0,3,9,R,"레이나2",180.3,80.118,0.403,0,72,W,Y,0,0,0,0,0,0,0,0,0,0,0,0,0,0,0,0,-0.02,-37.295,0,"encounter v",-0.129,-17.675,0,"Riyaj",-20.804,-43.713,0,"DoYaGee",-13.688,-60.779,0,"わだ、、",17.94,-44.624,0,"shimenawa",8.269,-67.321,0,"_송글_",36.287,-85.438,0,"ByeolBam",-1.664,-113.684,0,"ddil_ddil69",-44.617,-92.091,0,0,0,0,0,0,"",0,0,0,4,6909.673,,,,0,0
168,8,0,9,4,0,0,2,0,0,0,255,255,255,84,6963.838,"쟈가리코",R,26,82,133,0.925,0.937,0.269,1.725,0.322,1.993,-36.853,18.931,46,51,3,2,0,49.16,-200,6.701,0,0,1,4,8,R,"소솨소솨",186.1,80,0.498,3,32,W,Y,6964.881,255,107,68,91,41,142,84,17.599,-15.335,1,0,0.637,13.209,-363.212,-12.724,0.065,-37.429,0,"encounter v",0.015,-17.565,0,"Riyaj",-19.827,-45.527,0,"DoYaGee",-16.92,-60.639,0,"わだ、、",19.16,-47.963,0,"shimenawa",12.677,-64.82,0,"_송글_",34.841,-82.359,0,"ByeolBam",-5.354,-106.583,0,"ddil_ddil69",-40.031,-89.387,0,6956.439,18.548,-72.002,6956.489,5,"shimenawa",17.126,-68.553,0,0,,,,,1,1
169,9,1,9,4,0,0,0,0,0,0,255,255,255,18,7013.664,"눈꽃",R,26,92,140,1.368,0.721,0.26,1.949,0.546,1.857,-36.64,22.885,59,41,0,2,0,30.742,-159.004,0,0,0,1,8,3,R,"DoYaGee",174.5,80,0.451,3,32,W,Y,7014.555,177,161,52,56,34,136,82,35.006,-7.086,-0.73,0,0.189,360.782,-215.126,-140.223,0.417,-37.423,0,"SFIDA",0.107,-17.32,0,"甲斐野柊太",-18.827,-44.265,0,"柴山犬吉",-15.793,-62.97,0,"あいくんだよー『아이 군』",19.465,-47.17,0,"coder_",10.163,-65.687,94,"YukihiroD",34.217,-91.714,112,"Amellaid",-11.588,-111.852,0,"소솨소솨",-45.283,-97.162,0,7007.772,11.658,-83.043,7008.356,6,"YukihiroD",12.162,-85.41,1,0,,,,,65,2
170,9,1,9,4,0,0,0,1,0,0,3,255,255,19,7044.31,"눈꽃",R,26,88,140,1.261,-1.819,0.26,1.551,0.478,0.375,-36.64,25.484,50,50,0,1,0,45.808,-177.608,0,0,0,0,0,5,L,"shimenawa",175.1,94.576,0.295,0,32,W,Y,0,0,0,0,0,0,0,0,0,0,0,0,0,0,0,0,0.314,-37.515,0,"SFIDA",0.173,-17.719,0,"甲斐野柊太",-18.272,-41.908,0,"柴山犬吉",-5.836,-61.418,0,"あいくんだよー『아이 군』",19.596,-46.008,0,"coder_",10.014,-65.348,0,"YukihiroD",40.947,-93.729,0,"Amellaid",11.179,-108.874,0,"소솨소솨",-35.889,-88.508,0,0,0,0,0,0,"",0,0,0,0,7033.973,,,,0,0
171,9,1,9,4,1,0,0,1,0,0,3,255,255,20,7060.262,"눈꽃",R,26,94,140,1.403,-1,0.272,1.665,0.486,0.829,-36.64,22.566,38,62,0,2,0,85.859,-199.213,0,0,0,1,0,5,L,"shimenawa",175.1,94.576,0.295,3,32,W,Y,7061.341,95,66,64,39,0,128,96,-30,-52.07,0.92,0,0.39,-283.644,-185.753,144.697,0.322,-37.429,0,"SFIDA",0.083,-17.196,0,"甲斐野柊太",-15.096,-43.627,0,"柴山犬吉",-9.748,-61.356,0,"あいくんだよー『아이 군』",20.409,-46.7,0,"coder_",12.814,-65.008,0,"YukihiroD",41.05,-95.161,0,"Amellaid",11.194,-110.628,0,"소솨소솨",-36.984,-86.888,0,7049.556,1.253,-19.903,0,0,"",0,0,0,0,,,,,0,3
172,9,1,9,4,1,1,0,1,0,0,3,255,255,21,7080.41,"눈꽃",R,28,98,140,-0.679,-0.836,0.07,1.745,-0.314,1.06,-36.64,11.019,48,52,0,0,0,11.723,-51.118,0,0,0,0,0,5,L,"shimenawa",175.1,94.576,0.295,0,32,W,Y,0,0,0,0,0,0,0,0,0,0,0,0,0,0,0,0,0.068,-37.456,0,"SFIDA",-0.252,-17.12,0,"甲斐野柊太",-16.656,-41.406,0,"柴山犬吉",-6.734,-60.861,0,"あいくんだよー『아이 군』",20.695,-45.67,0,"coder_",11.036,-66.023,0,"YukihiroD",38.755,-92.051,0,"Amellaid",13.2,-110.874,0,"소솨소솨",-36.478,-101.627,0,0,0,0,0,0,"",0,0,0,0,7070.022,,,,0,0
173,9,1,9,4,1,2,0,1,0,0,3,255,255,22,7098.892,"눈꽃",R,27,82,133,0.218,3.277,0.198,2.304,-0.024,3.339,-36.64,48.066,76,23,0,1,0,77.568,-146.689,0,0,0,0,0,5,L,"shimenawa",175.1,94.576,0.295,0,32,W,Y,0,0,0,0,0,0,0,0,0,0,0,0,0,0,0,0,-0.04,-37.864,0,"SFIDA",-0.041,-17.879,0,"甲斐野柊太",-19.577,-40.66,0,"柴山犬吉",-9.725,-59.669,0,"あいくんだよー『아이 군』",20.601,-46.56,0,"coder_",11.943,-69.222,0,"YukihiroD",38.674,-92.089,0,"Amellaid",11.018,-113.482,0,"소솨소솨",-36.567,-101.349,0,0,0,0,0,0,"",0,0,0,0,7088.589,,,,0,0
174,9,1,9,4,2,2,0,1,0,0,3,255,255,23,7123.547,"눈꽃",R,13,62,105,3.381,-0.476,0.623,1.957,1.912,1.935,-36.64,38.763,100,0,0,1,0,-231.843,400,0,0,0,0,0,5,L,"shimenawa",175.1,94.576,0.295,0,32,W,Y,0,0,0,0,0,0,0,0,0,0,0,0,0,0,0,0,0.285,-37.764,0,"SFIDA",0.582,-18.779,0,"甲斐野柊太",-17.632,-40.478,0,"柴山犬吉",-7.493,-61.129,0,"あいくんだよー『아이 군』",20.354,-46.409,0,"coder_",10.604,-65.413,0,"YukihiroD",38.665,-92.094,0,"Amellaid",11.135,-114.692,0,"소솨소솨",-34.534,-96.912,0,0,0,0,0,0,"",0,0,0,0,7113.323,,,,0,0
175,9,1,9,4,3,2,0,1,0,0,3,255,255,24,7180.756,"눈꽃",R,27,87,140,1.36,-1.071,0.254,1.658,0.511,0.853,-36.64,17.154,49,51,0,1,0,53.689,-130.403,0,0,0,0,0,5,L,"shimenawa",175.1,94.576,0.295,0,32,W,Y,0,0,0,0,0,0,0,0,0,0,0,0,0,0,0,0,0.306,-37.752,0,"SFIDA",0.098,-17.309,0,"甲斐野柊太",-17.743,-41.389,0,"柴山犬吉",-7.385,-61.033,0,"あいくんだよー『아이 군』",19.762,-45.014,0,"coder_",11.9,-65.28,0,"YukihiroD",39.709,-92.617,0,"Amellaid",7.527,-116.12,0,"소솨소솨",-34.019,-94.259,0,0,0,0,0,0,"",0,0,0,0,7170.389,,,,0,5
176,9,1,9,4,0,0,0,1,1,0,5,3,255,25,7239.276,"눈꽃",R,26,93,140,-1.484,-0.115,-0.007,1.782,-0.739,1.39,-36.64,6.288,48,52,0,2,0,68.755,-160.286,0,0,0,1,1,0,L,"쟈가리코",190,82,0.501,3,32,W,Y,7240.383,210,66,94,88,24,145,117,24.248,-19.156,0.17,0,0.417,111.749,-490.043,138.644,0.076,-37.29,0,"SFIDA",-0.075,-17.491,0,"甲斐野柊太",-14.979,-43.932,0,"柴山犬吉",-9.171,-61.241,0,"あいくんだよー『아이 군』",20.436,-46.602,0,"coder_",12.214,-64.004,76,"YukihiroD",44.648,-112.352,85,"Amellaid",10.608,-115.844,0,"소솨소솨",-33.777,-103.731,0,7233.406,43.929,-112.756,7233.523,6,"YukihiroD",42.291,-110.096,0,0,,7247.622,,,65,1
177,9,1,9,4,0,0,1,1,1,0,5,3,255,26,7275.901,"눈꽃",R,27,89,140,-2.129,0.998,0.008,1.919,-0.922,1.68,-36.64,13.271,58,42,0,2,0,58.525,-138.632,0,0,0,1,2,4,L,"わだ、、",190,80,0.498,3,32,W,Y,7276.973,255,113,173,95,48,145,104,101.074,-60.217,-0.15,0,0.504,428.021,-191.04,-360.938,0.026,-37.38,0,"SFIDA",-0.242,-17.302,0,"甲斐野柊太",-14.441,-43.949,0,"柴山犬吉",-10.253,-61.993,0,"あいくんだよー『아이 군』",20.932,-46.934,0,"coder_",12.727,-63.386,0,"YukihiroD",41.105,-100.923,0,"Amellaid",12.903,-113.981,0,"소솨소솨",-37.025,-99.134,0,0,0,0,0,0,"",0,0,0,0,,7280.476,,,0,3
178,9,1,9,4,0,1,1,1,1,0,5,3,255,27,7298.308,"눈꽃",R,27,90,140,-1.355,0.349,0.055,1.954,-0.691,1.817,-36.64,19.23,87,13,0,2,0,52.062,-122.967,0,0,0,1,2,4,L,"わだ、、",190,80,0.498,3,48,W,Y,7299.354,255,109,108,122,69,145,97,59.976,15.557,-0.5,0,0.432,439.272,17.886,-117.961,0.231,-37.254,0,"SFIDA",-0.172,-17.623,0,"甲斐野柊太",-15.534,-43.244,0,"柴山犬吉",-10.26,-61.783,85,"あいくんだよー『아이 군』",20.877,-46.907,0,"coder_",12.119,-64.265,77,"YukihiroD",36.979,-97.789,0,"Amellaid",8.574,-115.31,0,"소솨소솨",-37.256,-97.957,0,7294.106,-14.972,-71.686,7294.239,3,"柴山犬吉",-14.658,-70.591,0,0,,7304.748,,,129,1
179,9,1,9,4,0,0,2,1,1,0,5,3,255,28,7333.862,"눈꽃",R,26,92,140,0.783,-0.096,0.204,1.81,0.208,1.349,-36.64,21.557,58,42,0,0,0,92.981,-200,0,0,0,0,3,7,R,"ByeolBam",175.3,90,0.5,0,32,W,Y,0,0,0,0,0,0,0,0,0,0,0,0,0,0,0,0,0.266,-37.526,0,"SFIDA",0.019,-17.366,0,"甲斐野柊太",-18.673,-40.887,0,"柴山犬吉",-15.811,-63.09,0,"あいくんだよー『아이 군』",19.66,-45.859,0,"coder_",7.621,-70.367,0,"YukihiroD",31.784,-96.665,0,"Amellaid",-14.198,-114.179,0,"소솨소솨",-49.602,-103.538,0,0,0,0,0,0,"",0,0,0,0,7323.29,7336.509,,,0,0
180,9,1,9,4,0,1,2,1,1,0,5,3,255,29,7355.306,"눈꽃",R,13,76,114,-3.217,-2.198,0.028,1.55,-0.882,0.875,-36.64,12.331,46,54,0,1,0,-291.91,400,0,-0.665,-19.371,0,3,7,R,"ByeolBam",175.3,90,0.5,0,32,W,Y,0,0,0,0,0,0,0,0,0,0,0,0,0,0,0,0,0.063,-37.47,0,"SFIDA",-0.619,-17.16,0,"甲斐野柊太",-18.597,-40.191,0,"柴山犬吉",-15.725,-63.198,0,"あいくんだよー『아이 군』",19.601,-44.828,0,"coder_",4.558,-68.488,0,"YukihiroD",31.304,-96.242,0,"Amellaid",-12.128,-112.481,0,"소솨소솨",-46.194,-99.611,0,0,0,0,0,0,"",0,0,0,0,7344.839,7357.866,,,0,0
181,9,1,9,4,1,1,2,1,1,0,5,3,255,30,7373.876,"눈꽃",R,28,95,140,1.287,0.402,0.21,1.954,0.533,1.74,-36.64,25.363,84,16,0,2,0,15.776,-87.322,0,0,0,0,3,7,R,"ByeolBam",175.3,90,0.5,3,32,W,Y,7374.745,255,113,160,70,47,145,127,-30,32.662,0.66,0,0.203,384.772,-278.864,72.483,0.092,-37.332,0,"SFIDA",-0.001,-17.131,0,"甲斐野柊太",-17.917,-41.161,85,"柴山犬吉",-15.881,-62.982,0,"あいくんだよー『아이 군』",19.082,-47.536,0,"coder_",7.379,-69.352,0,"YukihiroD",30.576,-95.992,0,"Amellaid",-12.063,-112.343,0,"소솨소솨",-46.154,-99.789,105,7362.973,-0.764,-20.709,7366.456,8,"소솨소솨",-42.502,-84.102,1,0,,7379.034,7378.913,,18,2
182,9,1,9,4,0,0,2,1,1,1,7,5,3,31,7408.583,"눈꽃",R,26,91,140,-1.338,0.1,0.016,1.834,-0.686,1.528,-36.64,11.949,47,53,0,2,0,74.886,-156.414,0,0,0,1,4,1,L,"encounter v",190,84.706,0.42,3,32,W,Y,7409.484,255,150,107,153,51,145,102,-0.467,-23.376,-0.27,0,0.642,362.573,218.848,-100.523,0.094,-37.231,0,"SFIDA",-0.128,-17.457,0,"甲斐野柊太",-15.765,-42.963,0,"柴山犬吉",-13.217,-64.594,0,"あいくんだよー『아이 군』",20.78,-46.792,0,"coder_",13.582,-67.939,98,"YukihiroD",46.119,-97.732,0,"Amellaid",12.475,-116.382,0,"소솨소솨",-34.789,-91.564,0,7398.323,6.954,-36.634,7400.023,5,"coder_",18.377,-61.802,1,0,,7414.313,7413.863,7414.006,163,2
183,9,0,9,4,0,0,0,0,0,0,255,255,255,85,7471.242,"쟈가리코",R,14,78,116,0.621,-0.837,0.178,1.551,-0.313,1.419,-36.853,18.812,0,97,3,0,0,390.434,312.348,-68.888,0,0,0,5,1,L,"SFIDA",188.7,80,0.2,0,32,W,Y,0,0,0,0,0,0,0,0,0,0,0,0,0,0,0,0,0.14,-37.374,0,"encounter v",-0.052,-17.791,0,"Riyaj",-19.608,-45.367,0,"DoYaGee",-10.568,-63.734,0,"わだ、、",20.976,-48.494,0,"shimenawa",14.729,-63.917,0,"_송글_",39.41,-86.077,0,"ByeolBam",-0.481,-109.496,0,"ddil_ddil69",-44.251,-92.478,0,0,0,0,0,0,"",0,0,0,0,7460.489,,,,0,0
184,9,0,9,4,0,1,0,0,0,0,255,255,255,86,7488.919,"쟈가리코",R,3,71,112,-1.685,0.018,0.22,1.615,0.091,1.63,-36.853,21.354,50,50,0,2,0,-445.886,0,-15.427,0,0,1,5,1,L,"SFIDA",188.7,80,0.2,3,32,W,Y,7489.886,235,147,170,239,0,145,123,8.401,34.834,0.23,0,0.598,-455.032,-381.049,88.021,0.002,-37.251,0,"encounter v",-0.143,-17.934,0,"Riyaj",-19.626,-45.284,86,"DoYaGee",-10.704,-63.48,0,"わだ、、",20.946,-47.831,0,"shimenawa",14.362,-63.992,0,"_송글_",39.449,-86.208,0,"ByeolBam",-0.221,-109.424,0,"ddil_ddil69",-43.666,-92.604,0,0,0,0,7479.139,2,"Riyaj",-16.839,-45.848,0,0,,,,,66,1
185,9,0,9,4,0,0,1,0,0,0,255,255,255,87,7536.369,"쟈가리코",R,10,87,132,-0.292,-0.038,0.172,1.687,-0.132,1.883,-36.853,17.969,56,44,0,0,0,0,268.591,24.542,0,0,0,6,6,R,"YukihiroD",173.8,80,0.4,0,32,W,Y,0,0,0,0,0,0,0,0,0,0,0,0,0,0,0,0,0.206,-37.308,0,"encounter v",-0.073,-17.783,0,"Riyaj",-19.524,-45.461,0,"DoYaGee",-14.298,-60.946,0,"わだ、、",19.856,-47.833,0,"shimenawa",11.588,-65.195,0,"_송글_",38.519,-85.713,0,"ByeolBam",-4.496,-105.322,0,"ddil_ddil69",-44.107,-92.036,0,0,0,0,0,0,"",0,0,0,0,7525.756,,,,0,0
186,9,0,9,4,0,1,1,0,0,0,255,255,255,88,7554.053,"쟈가리코",R,14,83,121,1.139,-1.048,0.172,1.559,-0.131,1.428,-36.853,15.449,47,53,0,2,0,370.771,335.453,23.286,0,0,1,6,6,R,"YukihiroD",173.8,80,0.4,3,32,W,Y,7555.224,255,118,99,72,31,145,91,-84.023,-78.527,-0.51,0,0.514,-232.62,-450.345,-132.438,-0.085,-37.244,0,"encounter v",-0.035,-17.964,0,"Riyaj",-19.051,-44.487,0,"DoYaGee",-14.516,-60.769,0,"わだ、、",19.846,-47.627,0,"shimenawa",11.075,-65.36,0,"_송글_",39.102,-85.624,0,"ByeolBam",-1.465,-107.116,0,"ddil_ddil69",-44.106,-92.257,0,7543.106,0.478,-20.053,0,0,"",0,0,0,0,,,,,2,3
187,9,0,9,4,0,2,1,0,0,0,255,255,255,89,7576.825,"쟈가리코",R,26,84,136,0.562,0.81,0.222,1.703,0.102,1.89,-36.853,23.529,50,46,4,2,0,93.633,-176.144,5.808,0,0,1,6,6,R,"YukihiroD",173.8,80,0.4,3,32,W,Y,7577.889,158,80,70,32,9,136,126,95.689,-39.523,0.52,0,0.563,-72.775,225.119,-87.417,-0.031,-37.399,0,"encounter v",-0.013,-17.911,0,"Riyaj",-18.914,-44.702,0,"DoYaGee",-15.811,-61.489,0,"わだ、、",19.011,-47.509,0,"shimenawa",11.797,-65.099,0,"_송글_",36.927,-87.694,0,"ByeolBam",-2.76,-107.606,0,"ddil_ddil69",-45.694,-93.943,0,7574.389,-10.814,-3.73,0,0,"",0,0,0,0,,,,,2,3
188,9,0,9,4,0,2,1,0,0,0,255,255,255,90,7607.896,"쟈가리코",R,26,89,140,0.688,-0.655,0.245,1.387,0.21,1.038,-36.853,20.564,41,59,0,2,0,58.749,-200,5.084,0,0,1,6,6,R,"YukihiroD",173.8,80,0.4,3,32,W,Y,7608.927,255,94,89,42,0,145,95,36.798,24.062,-0.29,0,0.509,269.005,406.419,158.764,0.146,-37.168,0,"encounter v",-0.021,-17.82,0,"Riyaj",-19.272,-44.72,0,"DoYaGee",-17.389,-60.901,0,"わだ、、",19.141,-47.474,0,"shimenawa",11.95,-65.383,0,"_송글_",36.768,-88.98,0,"ByeolBam",-1.068,-108.584,0,"ddil_ddil69",-44.181,-94.782,103,7601.806,-38.729,-86.234,7602.323,8,"ddil_ddil69",-37.562,-84.542,0,0,,,,,130,1
189,9,0,9,4,0,0,2,0,0,0,255,255,255,91,7636.834,"쟈가리코",R,26,91,140,-1.915,-1.501,0.004,1.269,-0.913,0.596,-36.853,22.936,44,56,0,1,0,55.852,-169.8,8.555,0,0,0,7,3,R,"柴山犬吉",169.9,90.243,0.6,0,32,W,Y,0,0,0,0,0,0,0,0,0,0,0,0,0,0,0,0,-0.094,-37.478,0,"encounter v",-0.059,-17.623,0,"Riyaj",-19.986,-44.932,0,"DoYaGee",-17.003,-58.318,0,"わだ、、",19.34,-47.586,0,"shimenawa",12.983,-64.984,0,"_송글_",38.935,-89.382,0,"ByeolBam",-1.699,-107.566,0,"ddil_ddil69",-44.612,-92.001,0,0,0,0,0,0,"",0,0,0,0,7625.989,,,,0,0
190,9,0,9,4,1,0,2,0,0,0,255,255,255,92,7654.469,"쟈가리코",R,26,85,138,0.622,-1.165,0.251,1.321,0.238,0.786,-36.853,26.245,47,53,0,1,0,17.815,-164.758,3.482,0,0,0,7,3,R,"柴山犬吉",169.9,90.243,0.6,0,32,W,Y,0,0,0,0,0,0,0,0,0,0,0,0,0,0,0,0,-0.018,-37.383,0,"encounter v",-0.03,-17.836,0,"Riyaj",-19.472,-45.157,0,"DoYaGee",-16.637,-58.602,0,"わだ、、",19.371,-47.894,0,"shimenawa",8.172,-65.85,0,"_송글_",38.889,-89.446,0,"ByeolBam",-0.553,-107.572,0,"ddil_ddil69",-44.737,-92.172,0,0,0,0,0,0,"",0,0,0,0,7643.623,,,,0,0
191,9,0,9,4,2,0,2,0,0,0,255,255,255,93,7675.131,"쟈가리코",R,14,84,122,0.351,-1.654,0.093,1.469,-0.496,1.073,-36.853,13.717,48,52,0,1,0,390.434,312.348,30.579,0,0,0,7,3,R,"柴山犬吉",169.9,90.243,0.6,0,32,W,Y,0,0,0,0,0,0,0,0,0,0,0,0,0,0,0,0,-0.131,-37.288,0,"encounter v",-0.071,-17.806,0,"Riyaj",-19.527,-45.204,0,"DoYaGee",-16.887,-58.373,0,"わだ、、",19.417,-47.688,0,"shimenawa",7.905,-65.93,0,"_송글_",39.423,-89.764,0,"ByeolBam",-0.567,-107.497,0,"ddil_ddil69",-44.653,-92.041,0,0,0,0,0,0,"",0,0,0,0,7664.373,,,,0,0
192,9,0,9,4,3,0,2,0,0,0,255,255,255,94,7694.254,"쟈가리코",R,26,85,137,0.237,-0.021,0.208,1.556,0.035,1.386,-36.853,13.62,46,54,0,0,0,42.77,-200,6.183,0,0,1,7,3,R,"柴山犬吉",169.9,90.243,0.6,0,32,W,Y,0,0,0,0,0,0,0,0,0,0,0,0,0,0,0,0,-0.232,-37.355,0,"encounter v",-0.071,-17.766,0,"Riyaj",-19.187,-45.103,0,"DoYaGee",-18.845,-58.769,0,"わだ、、",19.659,-47.68,0,"shimenawa",7.873,-65.987,0,"_송글_",40.785,-88.808,0,"ByeolBam",-3.018,-106.361,0,"ddil_ddil69",-43.137,-92.087,0,0,0,0,0,0,"",0,0,0,0,7683.423,,,,0,0
193,9,0,9,4,3,1,2,0,0,0,255,255,255,95,7715.255,"쟈가리코",R,14,84,122,0.789,-0.955,0.136,1.579,-0.298,1.472,-36.853,10.673,47,53,0,2,0,385.45,318.478,33.122,0,0,1,7,3,R,"柴山犬吉",169.9,90.243,0.6,3,32,W,Y,7716.371,189,161,88,155,0,145,86,-32.108,3.087,-0.68,0,0.161,-562.631,111.236,-52.358,-0.101,-37.281,88,"encounter v",-0.047,-17.81,0,"Riyaj",-19.877,-45.729,0,"DoYaGee",-18.885,-58.695,0,"わだ、、",19.494,-47.953,0,"shimenawa",11.567,-65.215,0,"_송글_",40.773,-88.829,0,"ByeolBam",-1.174,-108.733,0,"ddil_ddil69",-43.05,-92.037,0,7704.173,0.1,-20.123,7705.339,0,"쟈가리코",-0.773,-36.05,0,0,,,,,66,2
