id,inn,half,scoreA,scoreB,ball,strk,out,b1,b2,b3,b1Idx,b2Idx,b3Idx,pCnt,pSec,pName,pHand,pType,pPow,spdK,zoneX,zoneY,startX,startY,targetX,targetY,zDist,pitchAngle,pOver,pSide,pUnder,call,balk,sH,sV,gyro,plx,plz,bSwing,bIdx,bPos,bZone,bName,bHCm,batLen,batCen,batType,bFps,bOS,bVR,hSec,rotS,rotL,shS,lgS,prepS,batSpd,ev,ldeg,sdeg,hPos,buntGrip,handDist,angVeloX,angVeloY,angVeloZ,PPosX,PPosY,PThrSpd,CName,CPosX,CPosY,CThrSpd,1BName,1BPosX,1BPosY,1BThrSpd,2BName,2BPosX,2BPosY,2BThrSpd,3BName,3BPosX,3BPosY,3BThrSpd,SSName,SSPosX,SSPosY,SSThrSpd,LFName,LFPosX,LFPosY,LFThrSpd,CFName,CFPosX,CFPosY,CFThrSpd,RFName,RFPosX,RFPosY,RFThrSpd,ltSec,lx,lz,cSec,cPos,cPlr,cx,cz,1BSafe,tag,cpSec,sb2Sec,sb3Sec,sbhSec,ass,result
1,1,1,0,0,0,0,0,0,0,0,255,255,255,0,1483.777,"Riyaj",R,34,73,125,2.849,2.404,0.434,2.261,1.09,2.85,-36.788,59.234,84,15,1,1,0,98.645,-98.215,4.423,0,0,0,0,5,R,"Yaksok~",173.3,80,0.332,0,81,W,Y,0,0,0,0,0,0,0,0,0,0,0,0,0,0,0,0,0.059,-37.375,0,"encounter v",0.004,-17.51,0,"쟈가리코",-21.358,-47.576,0,"ddil_ddil69",-13.278,-64.058,0,"わだ、、",16.596,-45.324,0,"muyang_",13.145,-63.552,0,"_송글_",40.607,-89.156,0,"ByeolBam",-1.947,-109.861,0,"Po_cari",-41.471,-87.979,0,0,0,0,0,0,"",0,0,0,0,1484.385,,,,0,0
2,1,1,0,0,1,0,0,0,0,0,255,255,255,1,1501.136,"Riyaj",R,26,89,140,-0.354,0.102,0.125,1.878,-0.348,1.492,-36.788,15.691,41,59,0,0,0,136.59,-160.925,2.585,0,0,0,0,5,R,"Yaksok~",173.3,80,0.332,0,81,W,Y,0,0,0,0,0,0,0,0,0,0,0,0,0,0,0,0,0.108,-37.653,0,"encounter v",-0.045,-17.543,0,"쟈가리코",-21.58,-47.064,0,"ddil_ddil69",-12.598,-64.17,0,"わだ、、",17.732,-46.234,0,"muyang_",12.976,-63.895,0,"_송글_",40.767,-89.383,0,"ByeolBam",-2.504,-112.154,0,"Po_cari",-41.498,-88.013,0,0,0,0,0,0,"",0,0,0,0,1501.616,,,,0,0
3,1,1,0,0,1,1,0,0,0,0,255,255,255,2,1517.093,"Riyaj",R,10,77,105,-2.951,-1.005,-0.05,1.923,-1.086,1.652,-36.788,18.537,90,10,0,1,0,-97.339,400,10.082,-0.671,-17.484,0,0,5,R,"Yaksok~",173.3,80,0.332,0,81,W,Y,0,0,0,0,0,0,0,0,0,0,0,0,0,0,0,0,-0.065,-37.858,0,"encounter v",-0.067,-17.559,0,"쟈가리코",-21.255,-47.402,0,"ddil_ddil69",-12.416,-64.252,0,"わだ、、",18.215,-46.602,0,"muyang_",12.973,-63.912,0,"_송글_",40.585,-89.621,0,"ByeolBam",-6.822,-112.51,0,"Po_cari",-41.479,-87.983,0,0,0,0,0,0,"",0,0,0,0,1517.749,,,,0,0
4,1,1,0,0,2,1,0,0,0,0,255,255,255,3,1531.826,"Riyaj",R,10,76,106,0.306,-0.575,0.369,2.003,0.215,1.841,-36.788,33.331,82,18,0,2,0,-46.246,369.987,4.927,0,0,1,0,5,R,"Yaksok~",173.3,80,0.332,3,81,W,Y,1532.852,237,121,124,91,58,145,98,-4.135,8.388,-0.12,0,0.198,-157.696,469.389,-149.112,-0.017,-37.299,0,"encounter v",-0.007,-17.735,0,"쟈가리코",-21.136,-47.353,78,"ddil_ddil69",-12.789,-63.702,100,"わだ、、",17.614,-46.527,0,"muyang_",12.941,-63.764,0,"_송글_",40.773,-89.438,0,"ByeolBam",-3.718,-112.086,0,"Po_cari",-41.512,-88.019,0,1532.282,-1.071,-27.461,1534.737,3,"ddil_ddil69",-5.701,-65.448,0,0,,,,,98,2
5,1,1,0,0,0,0,1,0,0,0,255,255,255,4,1578.922,"Riyaj",R,10,76,105,-1.049,-0.749,0.106,1.914,-0.293,1.633,-36.788,19.213,47,53,0,0,0,-95.864,400,8.148,0,0,0,1,4,L,"Kr_Luna",190,95.256,0.504,0,80,W,Y,0,0,0,0,0,0,0,0,0,0,0,0,0,0,0,0,0.031,-37.64,0,"encounter v",0.035,-17.552,0,"쟈가리코",-20.892,-47.799,0,"ddil_ddil69",-10.351,-65.16,0,"わだ、、",20.534,-47.712,0,"muyang_",14.167,-64.216,0,"_송글_",45.55,-95.004,0,"ByeolBam",7.203,-115.379,0,"Po_cari",-39.061,-87.559,0,0,0,0,0,0,"",0,0,0,0,1579.507,,,,0,0
6,1,1,0,0,0,1,1,0,0,0,255,255,255,5,1595.955,"Riyaj",R,5,75,111,-1.877,0.622,-0.004,2.094,-0.632,2.022,-36.788,22.475,87,13,0,2,0,-99.451,22.616,10.012,0,0,1,1,4,L,"Kr_Luna",190,95.256,0.504,3,79,W,Y,1596.927,135,100,143,77,42,141,104,4.826,-25.464,-0.03,0,0.027,132.173,91.999,-89.65,-0.179,-37.344,0,"encounter v",-0.177,-17.727,0,"쟈가리코",-20.824,-47.748,76,"ddil_ddil69",-10.914,-65.067,0,"わだ、、",19.987,-47.853,95,"muyang_",13.878,-64.345,0,"_송글_",45.201,-94.043,0,"ByeolBam",7.988,-116.339,0,"Po_cari",-39.102,-87.642,0,1597.634,15.704,-54.204,1597.87,4,"わだ、、",14.316,-51.184,0,0,,,,,38,1
7,1,1,0,0,0,0,2,0,0,0,255,255,255,6,1655.85,"Riyaj",R,26,90,140,0.011,0.147,0.165,1.88,-0.165,1.513,-36.788,14.245,47,53,0,0,0,135.232,-200,4.185,0,0,1,2,0,R,"Penguin_iDOL",190,80,0.25,0,71,W,Y,0,0,0,0,0,0,0,0,0,0,0,0,0,0,0,0,-0.115,-37.482,0,"encounter v",-0.037,-17.559,0,"쟈가리코",-21.451,-48.393,0,"ddil_ddil69",-11.543,-61.795,0,"わだ、、",19.561,-47.562,0,"muyang_",13.757,-64.388,0,"_송글_",37.123,-83.642,0,"ByeolBam",-6.133,-112.181,0,"Po_cari",-39.075,-86.164,0,0,0,0,0,0,"",0,0,0,0,1656.64,,,,0,0
8,1,1,0,0,0,1,2,0,0,0,255,255,255,7,1674.619,"Riyaj",R,10,75,104,-2.19,-0.077,0.041,2.146,-0.802,2.134,-36.788,32.378,92,8,0,2,0,-74.492,400,10.825,0,0,1,2,0,R,"Penguin_iDOL",190,80,0.25,3,71,W,Y,1675.907,255,75,129,72,43,145,117,21.853,25.719,0.79,0,0.317,7.347,463.269,5.54,0.066,-37.765,0,"encounter v",-0.518,-17.734,0,"쟈가리코",-21.624,-48.384,0,"ddil_ddil69",-11.488,-61.646,0,"わだ、、",18.906,-47.984,0,"muyang_",13.885,-64.405,85,"_송글_",37.056,-83.647,0,"ByeolBam",-4.337,-111.751,0,"Po_cari",-39.106,-86.188,111,1679.803,-55.427,-106.911,1681.919,8,"Po_cari",-56.076,-107.694,1,4,1723.865,1686.344,,,428,2
9,1,0,0,0,0,0,0,0,0,0,255,255,255,0,1855.379,"Penguin_iDOL",R,26,84,136,1.91,1.32,0.379,1.95,0.861,2.169,-36.493,44.607,71,29,0,1,0,-29.496,-200,20.478,0,0,0,0,6,R,"_송글_",175.4,90.478,0.316,0,76,W,Y,0,0,0,0,0,0,0,0,0,0,0,0,0,0,0,0,0.313,-37.423,0,"mungjungh",0.078,-17.27,0,"HANA_ARASHI",-21.778,-47.349,0,"crani",-14.37,-63.686,0,"Kr_Luna",18.905,-50.915,0,"Yaksok~",10.466,-65.934,0,"si_ho",35.963,-95.996,0,"-KYU-",-0.551,-107.85,0,"SUGUN",-44.565,-92.849,0,0,0,0,0,0,"",0,0,0,0,1855.822,,,,0,0
10,1,0,0,0,1,0,0,0,0,0,255,255,255,1,1869.629,"Penguin_iDOL",R,10,79,119,2.558,0.104,0.43,1.955,0.929,2.152,-36.493,46.21,69,31,0,1,0,104.896,400,30.875,0,0,0,0,6,R,"_송글_",175.4,90.478,0.316,0,76,W,Y,0,0,0,0,0,0,0,0,0,0,0,0,0,0,0,0,0.324,-37.62,0,"mungjungh",0.097,-17.285,0,"HANA_ARASHI",-21.132,-47.048,0,"crani",-14.245,-63.667,0,"Kr_Luna",19.924,-49.922,0,"Yaksok~",13.165,-64.592,0,"si_ho",35.988,-96.047,0,"-KYU-",-0.339,-107.544,0,"SUGUN",-44.862,-93.043,0,0,0,0,0,0,"",0,0,0,0,1870.222,,,,0,0
11,1,0,0,0,2,0,0,0,0,0,255,255,255,2,1885.786,"Penguin_iDOL",R,10,78,118,0.854,-0.286,0.278,1.853,0.364,1.937,-36.493,28.494,80,20,0,2,0,0,400,35.116,0,0,1,0,6,R,"_송글_",175.4,90.478,0.316,3,76,W,Y,1886.793,206,43,72,51,0,139,126,-30,-29.209,0.3,0,0.504,-18.281,-82.237,-41.656,-0.178,-37.275,0,"mungjungh",0.041,-17.397,0,"HANA_ARASHI",-20.444,-45.886,85,"crani",-14.232,-63.692,0,"Kr_Luna",18.815,-50.544,116,"Yaksok~",11.873,-65.558,0,"si_ho",35.961,-95.998,0,"-KYU-",0.127,-107.177,0,"SUGUN",-44.35,-91.987,0,1886.034,0.756,-20.469,1887.483,4,"Kr_Luna",15.819,-47.387,0,0,,,,,22,2
12,1,0,0,0,0,0,1,1,0,0,12,255,255,3,1927.805,"Penguin_iDOL",R,26,92,140,-1.55,0.061,0.096,1.724,-0.482,1.498,-36.493,25.815,88,12,0,2,0,-169.328,-170.438,12.447,0,0,1,2,4,L,"わだ、、",190,80,0.498,3,75,W,Y,1928.912,255,38,136,50,6,145,89,-17.566,-29.411,-0.86,0,0.49,12.299,-124.96,509.127,-0.121,-37.016,0,"mungjungh",-0.216,-17.495,0,"HANA_ARASHI",-20.169,-45.87,65,"crani",-7.584,-64.804,100,"Kr_Luna",21.954,-50.519,107,"Yaksok~",13.531,-59.691,0,"si_ho",41.308,-92.29,0,"-KYU-",0.368,-106.24,0,"SUGUN",-45.526,-93.317,0,1928.228,1.292,-22.203,1930.052,4,"Kr_Luna",16.101,-48.838,1,2,,1933.24,,,86,2
13,1,0,0,0,0,0,2,1,0,0,14,255,255,4,1958.778,"Penguin_iDOL",R,6,78,104,-0.947,-0.327,-0.18,1.928,-1.178,1.552,-36.493,26.754,91,9,0,0,0,461.773,107.014,11.582,0,0,0,3,7,R,"ByeolBam",175.3,90,0.5,0,75,W,Y,0,0,0,0,0,0,0,0,0,0,0,0,0,0,0,0,0.192,-37.54,0,"mungjungh",-0.125,-17.211,0,"HANA_ARASHI",-19.758,-41.893,0,"crani",-13.606,-63.993,0,"Kr_Luna",20.177,-50.939,0,"Yaksok~",8.931,-64.706,0,"si_ho",36.237,-95.985,0,"-KYU-",-0.86,-104.691,0,"SUGUN",-48.793,-95.837,0,0,0,0,0,0,"",0,0,0,0,1959.428,,,,0,0
14,1,0,0,0,0,1,2,1,0,0,14,255,255,5,1977.68,"Penguin_iDOL",R,26,91,140,0.638,-1.322,0.266,1.683,0.307,0.639,-36.493,21.047,81,19,0,1,0,-28.246,-200,23.149,0,0,0,3,7,R,"ByeolBam",175.3,90,0.5,0,75,W,Y,0,0,0,0,0,0,0,0,0,0,0,0,0,0,0,0,0.005,-37.74,0,"mungjungh",0.016,-17.306,0,"HANA_ARASHI",-19.53,-41.705,0,"crani",-13.939,-63.912,0,"Kr_Luna",19.278,-50.67,0,"Yaksok~",8.811,-64.722,0,"si_ho",36.246,-96.006,0,"-KYU-",-0.464,-104.763,0,"SUGUN",-41.043,-89.354,0,0,0,0,0,0,"",0,0,0,0,1978.161,,,,0,0
15,1,0,0,0,1,1,2,1,0,0,14,255,255,6,1993.578,"Penguin_iDOL",R,13,75,102,-2.348,-1.12,0.169,1.851,-0.297,1.444,-36.493,29.527,100,0,0,1,0,-362.039,312.348,13.185,-0.679,-17.499,0,3,7,R,"ByeolBam",175.3,90,0.5,0,75,W,Y,0,0,0,0,0,0,0,0,0,0,0,0,0,0,0,0,0.11,-37.611,0,"mungjungh",-0.141,-17.156,0,"HANA_ARASHI",-20.218,-41.918,0,"crani",-13.546,-64.064,0,"Kr_Luna",18.476,-50.764,0,"Yaksok~",8.8,-63.644,0,"si_ho",36.23,-96.003,0,"-KYU-",-0.433,-104.754,0,"SUGUN",-51.566,-96.005,0,0,0,0,0,0,"",0,0,0,0,1994.234,,,,0,0
16,1,0,0,0,2,1,2,1,0,0,14,255,255,7,2013.421,"Penguin_iDOL",R,3,71,100,-2.746,-1.272,0.068,1.683,-0.409,0.978,-36.493,16.916,100,0,0,1,0,-381.657,61.312,-2.013,0,0,0,3,7,R,"ByeolBam",175.3,90,0.5,0,75,W,Y,0,0,0,0,0,0,0,0,0,0,0,0,0,0,0,0,-0.018,-37.715,0,"mungjungh",-0.079,-17.174,0,"HANA_ARASHI",-19.669,-41.233,0,"crani",-14.103,-63.474,0,"Kr_Luna",19.612,-51.66,0,"Yaksok~",8.458,-63.254,0,"si_ho",36.242,-96.004,0,"-KYU-",1.017,-105.408,0,"SUGUN",-50.352,-95.846,0,0,0,0,0,0,"",0,0,0,0,2014.04,,,,0,0
17,1,0,0,0,3,1,2,1,0,0,14,255,255,8,2031.089,"Penguin_iDOL",R,14,83,121,1.376,-0.305,0.243,1.821,0.199,1.827,-36.493,30.789,78,22,0,2,0,265.195,400,27.746,0,0,1,3,7,R,"ByeolBam",175.3,90,0.5,3,75,W,Y,2032.059,206,73,151,79,27,145,113,-30,-11.643,0.08,0,0.27,-518.268,-181.625,241.685,-0.065,-37.086,0,"mungjungh",-0.013,-17.33,0,"HANA_ARASHI",-19.653,-41.998,0,"crani",-13.866,-63.418,0,"Kr_Luna",19.792,-50.441,0,"Yaksok~",12.426,-66.293,106,"si_ho",37.134,-96.616,0,"-KYU-",1.937,-105.047,0,"SUGUN",-42.318,-92.05,0,2031.337,0.522,-21.151,2033.355,5,"Yaksok~",8.702,-60.378,0,0,,2036.322,,,49,2
18,2,1,0,0,0,0,0,0,0,0,255,255,255,8,2091.944,"Riyaj",R,0,71,109,0.481,-0.763,0.265,1.708,0.202,1.189,-36.788,22.801,51,49,0,0,0,0,46.878,3.052,0,0,1,3,1,R,"mungjungh",190,86.096,0.299,0,74,W,Y,0,0,0,0,0,0,0,0,0,0,0,0,0,0,0,0,-0.005,-38.008,0,"encounter v",-0.055,-17.567,0,"쟈가리코",-21.879,-48.118,0,"ddil_ddil69",-11.876,-64.258,0,"わだ、、",18.53,-47.399,0,"muyang_",11.308,-64.717,0,"_송글_",38.764,-88.876,0,"ByeolBam",-3.82,-111.547,0,"Po_cari",-36.543,-86.589,0,0,0,0,0,0,"",0,0,0,0,2092.664,,,,0,0
19,2,1,0,0,0,1,0,0,0,0,255,255,255,9,2109.949,"Riyaj",R,10,70,100,-2.82,-1.026,-0.095,1.889,-1.224,1.58,-36.788,12.354,54,46,0,2,0,0,400,13.077,0,0,1,3,1,R,"mungjungh",190,86.096,0.299,3,74,W,Y,2111.193,255,24,231,16,62,145,101,-42.829,43.361,-0.28,0,0.454,8.908,25.378,41.411,-0.049,-37.611,0,"encounter v",-0.55,-17.733,0,"쟈가리코",-21.746,-48.174,85,"ddil_ddil69",-12.275,-64.225,0,"わだ、、",17.326,-47.86,0,"muyang_",13.32,-64.657,0,"_송글_",36.938,-86.914,0,"ByeolBam",-2.64,-111.648,0,"Po_cari",-36.547,-86.542,0,2110.367,-1.153,-20.95,2112.476,2,"쟈가리코",-21.375,-41.249,0,0,,,,,34,2
20,2,1,0,0,0,2,0,0,0,0,255,255,255,10,2130.725,"Riyaj",R,26,83,135,1.321,1.467,0.284,2.135,0.392,2.338,-36.788,34.29,84,16,0,2,0,120.21,-194.792,0.09,0,0,1,3,1,R,"mungjungh",190,86.096,0.299,3,73,W,Y,2131.807,205,34,61,37,13,136,130,90.88,-87.165,0.51,0,0.454,-13.803,19.209,-6.274,-0.004,-37.169,0,"encounter v",-0.005,-17.725,0,"쟈가리코",-21.44,-47.629,0,"ddil_ddil69",-11.947,-64.241,0,"わだ、、",18.394,-47.451,0,"muyang_",13.369,-64.546,0,"_송글_",36.01,-86.283,0,"ByeolBam",-2.601,-111.311,0,"Po_cari",-39.882,-84.647,0,0,0,0,0,0,"",0,0,0,0,,,,,96,3
21,2,1,0,0,1,2,0,0,0,0,255,255,255,11,2194.29,"Riyaj",R,10,75,116,-3.32,-0.087,-0.011,2.043,-1.445,2.04,-36.788,25.642,92,8,0,4,0,0,400,8.675,0,0,1,3,1,R,"mungjungh",190,86.096,0.299,0,73,W,Y,0,0,0,0,0,0,0,0,0,0,0,0,0,0,0,0,0.103,-37.648,0,"encounter v",-0.1,-17.599,0,"쟈가리코",-22.058,-46.461,0,"ddil_ddil69",-13.472,-64.057,0,"わだ、、",19.939,-48.406,0,"muyang_",13.131,-65.857,0,"_송글_",37.356,-89.058,0,"ByeolBam",-6.564,-112.997,0,"Po_cari",-39.235,-84.728,0,0,0,0,0,0,"",0,0,0,0,2194.979,,,,0,0
22,2,1,0,0,0,0,1,0,0,0,255,255,255,12,2217.083,"Riyaj",R,12,77,125,-0.478,-2.529,0.155,1.413,-0.213,-0.001,-36.788,24.734,54,46,0,1,0,0,109.044,4.335,-0.072,-21.541,0,4,2,R,"HANA_ARASHI",190,90,0.25,0,72,W,Y,0,0,0,0,0,0,0,0,0,0,0,0,0,0,0,0,-0.031,-37.492,0,"encounter v",-0.027,-17.574,0,"쟈가리코",-22.268,-48.71,0,"ddil_ddil69",-13.096,-64.221,0,"わだ、、",20.506,-48.296,0,"muyang_",14.003,-64.481,0,"_송글_",37.374,-89.029,0,"ByeolBam",-2.95,-110.649,0,"Po_cari",-43.144,-90.705,0,0,0,0,0,0,"",0,0,0,0,2217.713,,,,0,0
23,2,1,0,0,1,0,1,0,0,0,255,255,255,13,2232.592,"Riyaj",R,27,84,136,0.562,0.959,0.226,2.057,0.115,2.086,-36.788,27.574,86,14,0,0,0,85.352,-145.745,-0.265,0,0,1,4,2,R,"HANA_ARASHI",190,90,0.25,0,72,W,Y,0,0,0,0,0,0,0,0,0,0,0,0,0,0,0,0,0.254,-37.678,0,"encounter v",-0.069,-17.597,0,"쟈가리코",-22.211,-48.551,0,"ddil_ddil69",-12.844,-64.175,0,"わだ、、",20.006,-48.207,0,"muyang_",12.613,-64.798,0,"_송글_",37.397,-88.996,0,"ByeolBam",-1.848,-110.539,0,"Po_cari",-43.38,-90.421,0,0,0,0,0,0,"",0,0,0,0,2233.149,,,,0,0
24,2,1,0,0,1,1,1,0,0,0,255,255,255,14,2251.193,"Riyaj",R,27,82,133,2.149,-0.832,0.281,1.901,0.373,1.58,-36.788,26.518,97,3,0,2,0,52.025,-129.677,-1.528,0,0,1,4,2,R,"HANA_ARASHI",190,90,0.25,3,72,W,Y,2252.296,160,88,131,56,0,145,90,47.648,27.058,-0.82,0,0.665,364.618,190.787,74.865,-0.073,-37.268,0,"encounter v",-0.036,-17.735,0,"쟈가리코",-22.144,-48.594,0,"ddil_ddil69",-11.291,-63.265,0,"わだ、、",19.092,-48.775,0,"muyang_",13.458,-64.411,0,"_송글_",37.262,-89.104,0,"ByeolBam",-3.121,-110.891,0,"Po_cari",-43.356,-90.387,87,2256.979,-33.618,-76.436,2257.21,8,"Po_cari",-32.632,-74.852,0,0,,,,,160,1
25,2,1,0,0,0,0,2,0,0,0,255,255,255,15,2290.841,"Riyaj",R,0,64,105,-3.945,-1.484,-0.252,1.536,-1.711,0.752,-36.788,14.996,57,43,0,1,0,0,0,6.98,0,0,0,5,7,R,"-KYU-",176.1,84.92,0.453,0,72,W,Y,0,0,0,0,0,0,0,0,0,0,0,0,0,0,0,0,-0.281,-37.843,0,"encounter v",-0.415,-17.559,0,"쟈가리코",-20.261,-46.92,0,"ddil_ddil69",-13.431,-63.574,0,"わだ、、",17.882,-45.863,0,"muyang_",14.32,-64.286,0,"_송글_",36.596,-87.569,0,"ByeolBam",-7.231,-112.395,0,"Po_cari",-45.95,-91.343,0,0,0,0,0,0,"",0,0,0,0,2291.725,,,,0,0
26,2,1,0,0,1,0,2,0,0,0,255,255,255,16,2308.857,"Riyaj",R,0,66,106,0.622,-1.639,0.285,1.498,0.262,0.661,-36.788,26.556,46,54,0,1,0,0,0,5.9,0,0,0,5,7,R,"-KYU-",176.1,84.92,0.453,0,72,W,Y,0,0,0,0,0,0,0,0,0,0,0,0,0,0,0,0,0.131,-37.962,0,"encounter v",-0.037,-17.568,0,"쟈가리코",-20.447,-46.798,0,"ddil_ddil69",-12.682,-63.806,0,"わだ、、",17.737,-46.651,0,"muyang_",13.71,-64.385,0,"_송글_",36.552,-87.615,0,"ByeolBam",-5.15,-112.372,0,"Po_cari",-45.972,-91.38,0,0,0,0,0,0,"",0,0,0,0,2309.707,,,,0,0
27,2,1,0,0,2,0,2,0,0,0,255,255,255,17,2322.472,"Riyaj",R,10,75,106,1.309,-0.451,0.38,1.983,0.559,1.793,-36.788,37.265,93,7,0,2,0,0,299.262,1.361,0,0,1,5,7,R,"-KYU-",176.1,84.92,0.453,3,72,W,Y,2323.707,255,195,103,93,102,145,127,94.21,-83.38,0.69,0,0.614,152.787,174.9,177.979,0.227,-37.569,0,"encounter v",-0.052,-17.747,0,"쟈가리코",-20.22,-46.89,0,"ddil_ddil69",-12.651,-63.696,0,"わだ、、",17.084,-46.987,0,"muyang_",12.866,-64.98,0,"_송글_",36.612,-87.634,0,"ByeolBam",-5.058,-112.4,0,"Po_cari",-45.789,-91.407,0,0,0,0,0,0,"",0,0,0,0,,,,,32,3
28,2,1,0,0,2,1,2,0,0,0,255,255,255,18,2345.501,"Riyaj",R,10,84,126,1.217,-1.283,0.312,1.829,0.521,1.323,-36.788,23.598,48,52,0,2,0,0,400,4.867,0,0,1,5,7,R,"-KYU-",176.1,84.92,0.453,3,48,W,Y,2346.61,255,188,127,106,2,145,127,-10.141,8.681,0.69,0,0.504,-68.084,593.176,-44.335,0.087,-37.654,0,"encounter v",-0.045,-17.743,0,"쟈가리코",-20.16,-47.01,0,"ddil_ddil69",-12.805,-63.605,103,"わだ、、",16.866,-46.469,0,"muyang_",13.476,-64.611,0,"_송글_",36.64,-87.542,0,"ByeolBam",-8.634,-113.638,0,"Po_cari",-45.479,-91.455,0,2345.84,-0.203,-23.444,2347.84,3,"ddil_ddil69",-6.535,-64.273,0,0,,,,,70,2
29,2,0,0,0,0,0,0,0,0,0,255,255,255,9,2407.069,"Penguin_iDOL",R,13,68,108,-2.197,-1.039,0.183,1.817,-0.354,1.311,-36.493,35.616,96,4,0,4,0,-381.813,314.276,8.811,-0.795,-18.139,1,4,1,L,"encounter v",190.2,90.067,0.45,0,71,W,Y,0,0,0,0,0,0,0,0,0,0,0,0,0,0,0,0,-0.059,-37.64,0,"mungjungh",-0.574,-17.645,0,"HANA_ARASHI",-21.309,-47.165,0,"crani",-10.363,-65.414,0,"Kr_Luna",18.879,-46.917,0,"Yaksok~",15.592,-66.383,0,"si_ho",39.647,-95.107,0,"-KYU-",-1.061,-110.502,0,"SUGUN",-45.049,-92.874,0,0,0,0,0,0,"",0,0,0,0,2408.713,,,,0,0
30,2,0,0,0,0,1,0,0,0,0,255,255,255,10,2490.265,"Penguin_iDOL",R,10,85,111,-0.371,-1.407,0.147,1.776,-0.166,1.231,-36.493,32.572,79,21,0,4,0,0,400,21.944,0,0,1,4,1,L,"encounter v",190.2,90.067,0.45,0,41,W,Y,0,0,0,0,0,0,0,0,0,0,0,0,0,0,0,0,0.144,-37.571,0,"mungjungh",-0.072,-17.285,0,"HANA_ARASHI",-22.465,-49.38,0,"crani",-10.311,-65.38,0,"Kr_Luna",19.277,-47.231,0,"Yaksok~",15.63,-65.258,0,"si_ho",40.107,-98.1,0,"-KYU-",-1.689,-106.976,0,"SUGUN",-45.001,-92.613,0,0,0,0,0,0,"",0,0,0,0,2490.883,,,,0,0
31,2,0,0,0,0,2,0,0,0,0,255,255,255,11,2511.328,"Penguin_iDOL",R,14,78,104,3.171,-0.52,0.35,2.028,0.646,1.716,-36.493,43.076,84,16,0,1,0,369.138,312.348,1.946,0,0,0,4,1,L,"encounter v",190.2,90.067,0.45,0,41,W,Y,0,0,0,0,0,0,0,0,0,0,0,0,0,0,0,0,0.065,-37.378,0,"mungjungh",0.38,-17.055,0,"HANA_ARASHI",-21.684,-48.033,0,"crani",-10.334,-65.41,0,"Kr_Luna",19.288,-48.003,0,"Yaksok~",16.842,-66.709,0,"si_ho",42.534,-96.879,0,"-KYU-",1.855,-106.358,0,"SUGUN",-45.023,-92.616,0,0,0,0,0,0,"",0,0,0,0,2511.943,,,,0,0
32,2,0,0,0,1,2,0,0,0,0,255,255,255,12,2530.308,"Penguin_iDOL",R,45,29,91,-0.661,0.363,0.035,1.846,-0.767,1.894,-36.493,31.288,81,19,0,2,0,206.818,21.512,-12.962,0,0,1,4,1,L,"encounter v",190.2,90.067,0.45,3,41,W,Y,2531.408,255,136,102,64,68,145,130,104.821,67.415,0.56,0,0.497,163.177,363.557,31.642,-0.345,-37.046,0,"mungjungh",-0.203,-17.163,0,"HANA_ARASHI",-21.801,-48.361,0,"crani",-10.325,-65.423,0,"Kr_Luna",19.748,-47.031,0,"Yaksok~",17.036,-66.713,0,"si_ho",40.911,-98.231,0,"-KYU-",0.197,-107.205,0,"SUGUN",-44.911,-92.753,0,0,0,0,0,0,"",0,0,0,0,,,,,4,3
33,2,0,0,0,1,2,0,0,0,0,255,255,255,13,2553.256,"Penguin_iDOL",R,29,90,140,-1.431,-0.525,0.137,1.606,-0.293,1.116,-36.493,28.936,66,34,0,0,0,-250,-188.295,19.956,0,0,0,4,1,L,"encounter v",190.2,90.067,0.45,0,41,W,Y,0,0,0,0,0,0,0,0,0,0,0,0,0,0,0,0,-0.03,-37.224,0,"mungjungh",-0.153,-17.201,0,"HANA_ARASHI",-21.35,-46.628,0,"crani",-10.211,-65.38,0,"Kr_Luna",19.667,-47.205,0,"Yaksok~",16.538,-66.55,0,"si_ho",41.603,-98.144,0,"-KYU-",1.073,-106.602,0,"SUGUN",-45.9,-92.718,0,0,0,0,0,0,"",0,0,0,0,2553.677,,,,0,0
34,2,0,0,0,0,0,1,0,0,0,255,255,255,14,2575.141,"Penguin_iDOL",R,26,81,132,1.348,1.056,0.342,1.905,0.659,2.083,-36.493,37.263,79,21,0,1,0,-59.363,-200,25.04,0,0,0,5,0,R,"Riyaj",190,80,0.2,0,70,W,Y,0,0,0,0,0,0,0,0,0,0,0,0,0,0,0,0,0.225,-37.391,0,"mungjungh",-0.08,-17.269,0,"HANA_ARASHI",-22.158,-48.019,0,"crani",-14.034,-64.089,0,"Kr_Luna",18.147,-50.462,0,"Yaksok~",9.764,-66.471,0,"si_ho",39.02,-100.163,0,"-KYU-",-1.346,-107.041,0,"SUGUN",-46.21,-92.649,0,0,0,0,0,0,"",0,0,0,0,2575.543,,,,0,0
35,2,0,0,0,1,0,1,0,0,0,255,255,255,15,2591.163,"Penguin_iDOL",R,27,74,125,2.847,1.32,0.478,1.966,1.21,2.316,-36.493,57.583,71,29,0,2,0,10.328,-115.322,8.276,0,0,1,5,0,R,"Riyaj",190,80,0.2,3,70,W,Y,2592.121,180,186,97,75,52,145,90,5.879,-22.62,-0.83,0,0.503,-212.036,-266.365,84.077,0.159,-36.979,0,"mungjungh",0.007,-17.35,0,"HANA_ARASHI",-21.621,-47.726,97,"crani",-14.002,-64.072,0,"Kr_Luna",18.166,-50.404,117,"Yaksok~",9.887,-66.201,0,"si_ho",39.025,-100.135,0,"-KYU-",-0.847,-107.423,0,"SUGUN",-46.159,-92.609,0,2592.689,13.385,-48.684,2593.07,4,"Kr_Luna",13.384,-48.769,0,0,,,,,22,2
36,2,0,0,0,0,0,2,0,0,0,255,255,255,16,2618.518,"Penguin_iDOL",R,26,91,140,1.522,-0.255,0.341,1.906,0.626,1.283,-36.493,40.407,71,29,0,1,0,23.075,-164.105,14.839,0,0,0,6,3,R,"ddil_ddil69",170.2,89.899,0.397,0,69,W,Y,0,0,0,0,0,0,0,0,0,0,0,0,0,0,0,0,0.486,-37.715,0,"mungjungh",-0.058,-17.254,0,"HANA_ARASHI",-23.467,-47.517,0,"crani",-14.087,-64.051,0,"Kr_Luna",19.106,-48.425,0,"Yaksok~",9.874,-66.479,0,"si_ho",35.583,-95.342,0,"-KYU-",3.474,-105.744,0,"SUGUN",-45.394,-92.437,0,0,0,0,0,0,"",0,0,0,0,2619.38,,,,0,0
37,2,0,0,0,1,0,2,0,0,0,255,255,255,17,2637.476,"Penguin_iDOL",R,14,87,126,1.428,-1.575,0.213,1.82,0.06,1.105,-36.493,29.036,85,15,0,2,0,363.992,342.797,15.418,0,0,0,6,3,R,"ddil_ddil69",170.2,89.899,0.397,3,69,W,Y,2638.647,220,62,84,90,0,145,126,-30,38.278,0.42,0,0.533,-314.807,148.186,-101.497,0.096,-37.481,0,"mungjungh",0.06,-17.338,0,"HANA_ARASHI",-21.714,-47.459,0,"crani",-13.961,-63.751,0,"Kr_Luna",18.973,-48.337,0,"Yaksok~",10.396,-66.878,0,"si_ho",36.786,-94.739,0,"-KYU-",3.737,-108.076,0,"SUGUN",-45.425,-92.51,0,2637.937,0.09,-19.392,2639.373,2,"HANA_ARASHI",-19.609,-44.318,0,0,,,,,50,2
38,3,1,0,0,0,0,0,0,0,0,255,255,255,19,2692.362,"Riyaj",R,27,84,136,0.43,0.758,0.216,1.978,0.077,1.854,-36.788,22.256,86,14,0,0,0,82.496,-140.327,1.58,0,0,0,6,3,R,"crani",166.6,80,0.4,0,69,W,Y,0,0,0,0,0,0,0,0,0,0,0,0,0,0,0,0,-0.028,-38.022,0,"encounter v",-0.007,-17.538,0,"쟈가리코",-20.311,-46.514,0,"ddil_ddil69",-12.962,-63.014,0,"わだ、、",16.68,-45.047,0,"muyang_",13.73,-64.853,0,"_송글_",36.174,-86.089,0,"ByeolBam",-2.665,-106.568,0,"Po_cari",-37.46,-81.389,0,0,0,0,0,0,"",0,0,0,0,2693.046,,,,0,0
39,3,1,0,0,0,1,0,0,0,0,255,255,255,20,2706.026,"Riyaj",R,26,76,126,2.546,2.625,0.403,2.247,0.942,2.848,-36.788,52.568,85,15,0,1,0,97.508,-155.327,1.807,0,0,0,6,3,R,"crani",166.6,80,0.4,0,69,W,Y,0,0,0,0,0,0,0,0,0,0,0,0,0,0,0,0,0.269,-37.683,0,"encounter v",-0.012,-17.516,0,"쟈가리코",-20.242,-46.399,0,"ddil_ddil69",-12.94,-63.007,0,"わだ、、",16.15,-45.178,0,"muyang_",12.946,-64.621,0,"_송글_",36.374,-85.936,0,"ByeolBam",-2.683,-108.863,0,"Po_cari",-37.459,-81.385,0,0,0,0,0,0,"",0,0,0,0,2706.682,,,,0,0
40,3,1,0,0,1,1,0,0,0,0,255,255,255,21,2718.695,"Riyaj",R,27,75,126,2.843,2.536,0.426,2.243,1.053,2.832,-36.788,52.65,84,16,0,1,0,108.654,-125.751,4.252,0,0,0,6,3,R,"crani",166.6,80,0.4,0,69,W,Y,0,0,0,0,0,0,0,0,0,0,0,0,0,0,0,0,0.179,-37.423,0,"encounter v",-0.029,-17.493,0,"쟈가리코",-21.084,-46.339,0,"ddil_ddil69",-12.927,-63.002,0,"わだ、、",15.923,-44.382,0,"muyang_",12.678,-65.441,0,"_송글_",36.125,-86.097,0,"ByeolBam",-2.786,-108.881,0,"Po_cari",-37.503,-81.436,0,0,0,0,0,0,"",0,0,0,0,2719.361,,,,0,0
41,3,1,0,0,2,1,0,0,0,0,255,255,255,22,2736.466,"Riyaj",R,10,72,114,0.573,-1.774,0.252,1.799,0.242,1.195,-36.788,14.165,55,45,0,4,0,0,400,11.016,0.09,-18.679,1,6,3,R,"crani",166.6,80,0.4,0,69,W,Y,0,0,0,0,0,0,0,0,0,0,0,0,0,0,0,0,0.112,-37.574,0,"encounter v",-0.005,-17.513,0,"쟈가리코",-20.992,-45.948,0,"ddil_ddil69",-12.021,-62.073,0,"わだ、、",16.179,-44.584,0,"muyang_",12.519,-64.847,0,"_송글_",36.157,-86.08,0,"ByeolBam",-0.14,-106.258,0,"Po_cari",-37.478,-81.427,0,0,0,0,0,0,"",0,0,0,0,2737.222,,,,0,0
42,3,1,0,0,2,2,0,0,0,0,255,255,255,23,2751.212,"Riyaj",R,26,88,140,-0.921,0.335,0.092,1.905,-0.502,1.586,-36.788,12.24,46,54,0,0,0,70.404,-181.841,12.274,0,0,0,6,3,R,"crani",166.6,80,0.4,0,69,W,Y,0,0,0,0,0,0,0,0,0,0,0,0,0,0,0,0,0.243,-37.712,0,"encounter v",-0.058,-17.541,0,"쟈가리코",-20.845,-45.206,0,"ddil_ddil69",-12.033,-62.219,0,"わだ、、",15.274,-45.904,0,"muyang_",11.111,-65.113,0,"_송글_",36.523,-86.164,0,"ByeolBam",-0.641,-106.352,0,"Po_cari",-37.457,-81.384,0,0,0,0,0,0,"",0,0,0,0,2751.78,,,,0,0
43,3,1,0,0,0,0,1,0,0,0,255,255,255,24,2772.385,"Riyaj",R,27,91,140,-0.944,0.054,0.09,1.88,-0.51,1.502,-36.788,9.143,44,56,0,0,0,78.842,-124.702,1.732,0,0,0,7,6,R,"si_ho",175.6,87.779,0.35,0,68,W,Y,0,0,0,0,0,0,0,0,0,0,0,0,0,0,0,0,0.034,-37.458,0,"encounter v",0.009,-17.54,0,"쟈가리코",-21.305,-47.261,0,"ddil_ddil69",-11.987,-62.214,0,"わだ、、",18.098,-47.276,0,"muyang_",12.716,-64.922,0,"_송글_",36.496,-86.217,0,"ByeolBam",-5.05,-109.001,0,"Po_cari",-36.726,-83.803,0,0,0,0,0,0,"",0,0,0,0,2773.034,,,,0,0
44,3,1,0,0,0,1,1,0,0,0,255,255,255,25,2806.196,"Riyaj",R,13,81,106,-4.034,-0.25,-0.047,2.069,-1.076,1.994,-36.788,22.054,95,5,0,1,0,-340.545,353.711,16.915,0,0,0,7,6,R,"si_ho",175.6,87.779,0.35,0,68,W,Y,0,0,0,0,0,0,0,0,0,0,0,0,0,0,0,0,-0.064,-37.587,0,"encounter v",-0.289,-17.509,0,"쟈가리코",-21.288,-47.25,0,"ddil_ddil69",-12.696,-62.82,0,"わだ、、",18.622,-47.115,0,"muyang_",13.734,-65.258,0,"_송글_",36.336,-86.334,0,"ByeolBam",-2.283,-109.373,0,"Po_cari",-36.654,-83.744,0,0,0,0,0,0,"",0,0,0,0,2807.01,,,,0,0
45,3,1,0,0,1,1,1,0,0,0,255,255,255,26,2823.464,"Riyaj",R,26,84,136,2.351,1.781,0.381,2.156,0.84,2.468,-36.788,44.365,79,19,2,2,0,120.3,-152.946,1.178,0,0,0,7,6,R,"si_ho",175.6,87.779,0.35,3,68,W,Y,2824.623,191,40,18,10,0,39,44,-52.79,56.409,-0.88,0,0.258,-250.635,130.714,-501.583,0.184,-37.318,0,"encounter v",-0.027,-17.611,0,"쟈가리코",-20.728,-46.744,67,"ddil_ddil69",-12.615,-62.708,0,"わだ、、",17.783,-47.457,0,"muyang_",13.65,-64.574,0,"_송글_",36.429,-86.228,0,"ByeolBam",-0.258,-108.655,0,"Po_cari",-36.648,-83.76,0,2823.986,-1.043,-20.076,2828.113,2,"쟈가리코",-11.811,-34.107,0,128,,,,,34,2
46,3,1,0,0,0,0,2,0,0,0,255,255,255,27,2850.958,"Riyaj",R,26,91,140,0.065,0.894,0.169,2.007,-0.143,1.937,-36.788,18.216,84,16,0,2,0,136.56,-200,5.935,0,0,1,8,8,R,"SUGUN",179.9,82.092,0.496,3,68,W,Y,2851.975,211,106,97,61,8,145,127,98.527,47.999,0.43,0,0.382,274.046,-161.592,-21.387,-0.062,-37.39,0,"encounter v",-0.029,-17.659,0,"쟈가리코",-22.047,-49.281,0,"ddil_ddil69",-12.129,-63.919,0,"わだ、、",18.32,-48.49,0,"muyang_",14.541,-64.544,0,"_송글_",37.948,-88.957,0,"ByeolBam",-4.222,-108.671,0,"Po_cari",-40.491,-88.814,0,0,0,0,0,0,"",0,0,0,0,,,,,32,3
47,3,1,0,0,0,1,2,0,0,0,255,255,255,28,2869.618,"Riyaj",R,26,89,140,0.905,1.228,0.251,2.072,0.238,2.16,-36.788,25.292,85,15,0,2,0,106.724,-173.762,2.74,0,0,1,8,8,R,"SUGUN",179.9,82.092,0.496,3,58,W,Y,2870.714,250,39,157,36,3,145,127,28.314,-22.369,0.4,0,0.263,217.88,-75.855,-9.918,0.126,-37.507,0,"encounter v",-0.034,-17.604,0,"쟈가리코",-20.954,-47.108,0,"ddil_ddil69",-13.137,-63.317,85,"わだ、、",19.238,-48.649,0,"muyang_",14.605,-64.433,0,"_송글_",37.698,-89.206,95,"ByeolBam",-2.905,-107.146,0,"Po_cari",-40.018,-87.655,0,2875.355,43.675,-120.218,2876.616,6,"_송글_",41.821,-115.857,1,0,,2880.216,,,97,2
48,3,1,0,0,0,0,2,0,1,0,255,8,255,29,2904.706,"Riyaj",R,10,78,118,1.201,-0.671,0.311,1.947,0.514,1.736,-36.788,25.009,49,51,0,0,0,0,400,5.012,0,0,0,0,5,R,"Yaksok~",173.3,80,0.332,0,67,W,Y,0,0,0,0,0,0,0,0,0,0,0,0,0,0,0,0,0.099,-37.926,0,"encounter v",-0.012,-17.54,0,"쟈가리코",-20.907,-47.4,0,"ddil_ddil69",-11.127,-62.694,0,"わだ、、",19.633,-44.203,0,"muyang_",9.403,-63.895,0,"_송글_",48.516,-98.779,0,"ByeolBam",-1.451,-111.652,0,"Po_cari",-40.247,-89.693,0,0,0,0,0,0,"",0,0,0,0,2905.204,2907.686,,,0,0
49,3,1,0,0,0,1,2,0,1,0,255,8,255,30,2922.168,"Riyaj",R,13,78,105,-3.08,-0.679,-0.012,2.001,-0.966,1.837,-36.788,22.16,89,11,0,1,0,-185.238,400,11.544,0,0,0,0,5,R,"Yaksok~",173.3,80,0.332,0,67,W,Y,0,0,0,0,0,0,0,0,0,0,0,0,0,0,0,0,-0.044,-37.961,0,"encounter v",-0.3,-17.561,0,"쟈가리코",-20.78,-47.468,0,"ddil_ddil69",-13.588,-62.897,0,"わだ、、",19.33,-44.446,0,"muyang_",9.672,-64.647,0,"_송글_",48.495,-98.752,0,"ByeolBam",-1.803,-113.149,0,"Po_cari",-40.184,-89.606,0,0,0,0,0,0,"",0,0,0,0,2922.743,2924.695,,,0,0
50,3,1,0,0,1,1,2,0,1,0,255,8,255,31,2939.695,"Riyaj",R,12,82,130,-3.943,-0.319,-0.069,1.89,-1.715,1.535,-36.788,12.319,54,46,0,1,0,0,113.621,5.424,0,0,0,0,5,R,"Yaksok~",173.3,80,0.332,0,67,W,Y,0,0,0,0,0,0,0,0,0,0,0,0,0,0,0,0,-0.12,-37.903,0,"encounter v",-0.235,-17.539,0,"쟈가리코",-20.773,-47.474,0,"ddil_ddil69",-13.579,-64.573,0,"わだ、、",20.205,-44.125,0,"muyang_",11.016,-64.097,0,"_송글_",45.25,-94.568,0,"ByeolBam",-5.935,-111.948,0,"Po_cari",-40.051,-89.258,0,0,0,0,0,0,"",0,0,0,0,2940.046,2942.198,,,0,0
51,3,1,0,0,2,1,2,0,1,0,255,8,255,32,2958.116,"Riyaj",R,10,79,119,-1.708,-2.343,0.078,1.677,-0.745,0.776,-36.788,15.481,55,45,0,1,0,0,400,5.714,-0.335,-19.639,0,0,5,R,"Yaksok~",173.3,80,0.332,0,67,W,Y,0,0,0,0,0,0,0,0,0,0,0,0,0,0,0,0,0.033,-37.688,0,"encounter v",-0.002,-17.546,0,"쟈가리코",-20.839,-47.617,0,"ddil_ddil69",-14.145,-63.15,0,"わだ、、",19.809,-44.076,0,"muyang_",8.864,-64.845,0,"_송글_",47.471,-97.081,0,"ByeolBam",-4.388,-112.173,0,"Po_cari",-39.689,-89.109,0,0,0,0,0,0,"",0,0,0,0,2958.646,2960.732,,,0,0
52,3,1,0,0,3,1,2,0,1,0,255,8,255,33,2978.438,"Riyaj",R,26,86,140,1.231,1.497,0.28,2.092,0.371,2.251,-36.788,33.278,84,16,0,4,0,112.727,-200,2.141,0,0,1,0,5,R,"Yaksok~",173.3,80,0.332,0,67,W,Y,0,0,0,0,0,0,0,0,0,0,0,0,0,0,0,0,0.046,-37.376,0,"encounter v",-0.02,-17.566,0,"쟈가리코",-20.818,-47.521,0,"ddil_ddil69",-13.085,-62.747,0,"わだ、、",19.471,-45.16,0,"muyang_",8.929,-65.151,0,"_송글_",43.259,-91.251,0,"ByeolBam",-3.4,-110.529,0,"Po_cari",-41.207,-90.937,0,0,0,0,0,0,"",0,0,0,0,2978.816,2981.083,,,0,0
53,3,1,0,0,3,2,2,0,1,0,255,8,255,34,3073.183,"Riyaj",R,10,89,128,0.572,-1.597,0.252,1.783,0.242,1.152,-36.788,21.967,54,46,0,2,0,0,400,7.074,0,0,1,0,5,R,"Yaksok~",173.3,80,0.332,3,66,W,Y,3074.18,178,140,113,101,0,145,126,-19.658,-12.181,0.35,0,0.126,65.558,-88.132,-26.338,0.017,-37.253,0,"encounter v",-0.042,-17.73,0,"쟈가리코",-21.697,-48.597,0,"ddil_ddil69",-12.446,-62.657,0,"わだ、、",18.447,-46.82,0,"muyang_",13.448,-64.685,104,"_송글_",44.117,-91.966,0,"ByeolBam",-4.769,-109.708,0,"Po_cari",-41.332,-90.981,0,3073.27,0.183,-19.401,3077.634,-1,"Yes_Man_",0.226,-38.046,0,0,,,3078.241,,262,2
54,3,0,0,0,0,0,0,0,0,0,255,255,255,18,3133.944,"Penguin_iDOL",R,28,78,128,12.8,5.673,0.591,1.938,5.695,4.096,-36.493,76.804,89,11,0,1,0,67.816,-97.958,6.459,5.366,-7.531,0,7,8,R,"Po_cari",175.2,83,0.45,0,66,W,Y,0,0,0,0,0,0,0,0,0,0,0,0,0,0,0,0,0.178,-38.028,0,"mungjungh",0.053,-17.46,0,"HANA_ARASHI",-21.969,-48.215,0,"crani",-13.977,-64.361,0,"Kr_Luna",19.22,-48.87,0,"Yaksok~",12.971,-65.176,0,"si_ho",35.294,-93.506,0,"-KYU-",0.441,-105.648,0,"SUGUN",-42.722,-91.851,0,0,0,0,0,0,"",0,0,0,0,,,,,0,0
55,3,0,0,0,1,0,0,0,0,0,255,255,255,19,3182.024,"Penguin_iDOL",R,26,85,137,1.884,1.227,0.378,1.939,0.83,2.12,-36.493,44.448,71,29,0,2,0,-15.101,-194.413,16.059,0,0,1,7,8,R,"Po_cari",175.2,83,0.45,3,66,W,Y,3183.096,199,90,75,62,14,144,91,55.497,-13.949,-0.51,0,0.235,176.968,82.249,-78.985,-0.051,-36.939,0,"mungjungh",-0.031,-17.416,0,"HANA_ARASHI",-21.645,-48.162,0,"crani",-13.903,-64.3,0,"Kr_Luna",18.949,-49.587,0,"Yaksok~",12.948,-65.229,100,"si_ho",35.933,-94.265,0,"-KYU-",0.684,-106.257,0,"SUGUN",-42.767,-91.903,0,3188.204,13.771,-73.812,3188.349,5,"Yaksok~",13.483,-72.427,0,0,,,,,5,1
56,3,0,0,0,0,0,1,0,0,0,255,255,255,20,3209.986,"Penguin_iDOL",R,26,84,136,1.838,1.111,0.363,1.919,0.786,2.029,-36.493,42.27,79,21,0,1,0,3.56,-193.582,14.126,0,0,0,8,5,R,"muyang_",171.1,80,0.498,0,65,W,Y,0,0,0,0,0,0,0,0,0,0,0,0,0,0,0,0,0.029,-37.557,0,"mungjungh",-0.03,-17.233,0,"HANA_ARASHI",-21.034,-47.003,0,"crani",-13.759,-63.625,0,"Kr_Luna",18.976,-49.829,0,"Yaksok~",12.723,-64.797,0,"si_ho",36.458,-94.77,0,"-KYU-",1.174,-105.582,0,"SUGUN",-43.57,-92.424,0,0,0,0,0,0,"",0,0,0,0,3210.404,,,,0,0
57,3,0,0,0,1,0,1,0,0,0,255,255,255,21,3226.326,"Penguin_iDOL",R,27,88,140,0.488,0.162,0.277,1.746,0.267,1.561,-36.493,23.612,85,15,0,2,0,-47.443,-131.624,11.684,0,0,0,8,5,R,"muyang_",171.1,80,0.498,3,65,W,Y,3227.251,255,127,91,54,28,145,125,25.512,22.389,0.33,0,0.189,115.457,69.99,21.857,0.114,-37.212,0,"mungjungh",0.019,-17.411,120,"HANA_ARASHI",-21.561,-47.716,0,"crani",-13.75,-63.649,0,"Kr_Luna",19.033,-50.878,0,"Yaksok~",10.799,-65.062,88,"si_ho",36.432,-94.747,0,"-KYU-",-0.285,-104.993,102,"SUGUN",-43.443,-92.514,119,3231.276,-43.538,-120.25,3232.888,8,"SUGUN",-41.38,-117.055,1,0,3240.64,3236.81,,,511,2
58,3,0,0,0,0,0,1,0,1,0,255,15,255,22,3550.026,"Penguin_iDOL",R,10,87,128,1.358,-1.619,0.298,1.864,0.583,1.099,-36.493,28.05,79,21,0,2,0,0,400,21.632,0,0,1,0,6,R,"_송글_",175.4,90.478,0.316,3,64,W,Y,3550.991,255,140,140,86,47,145,126,25.115,38.87,0.71,0,0.38,480.01,-77.525,57.009,0.127,-37.257,0,"mungjungh",0.045,-17.432,0,"HANA_ARASHI",-19.829,-46.156,0,"crani",-13.682,-64.067,0,"Kr_Luna",18.316,-45.875,0,"Yaksok~",10.277,-61.218,0,"si_ho",33.243,-98.362,0,"-KYU-",-2.021,-108.505,0,"SUGUN",-43.97,-91.59,0,3555.185,-71.999,-110.234,0,0,"",0,0,0,0,,3562.5,3559.953,3565.123,4,4
59,3,0,0,2,0,0,1,1,0,0,12,255,255,23,3609.29,"Penguin_iDOL",R,29,82,134,-2.149,0.513,0.053,1.816,-0.685,1.796,-36.493,29.365,93,7,0,2,0,-179.393,-144.284,11.304,0,0,1,2,4,L,"わだ、、",190,80,0.498,3,63,W,Y,3610.445,255,77,133,97,7,145,108,95.235,-76.897,0.05,0,0.551,183.953,35.077,32.003,-0.222,-37.207,0,"mungjungh",-0.287,-17.591,0,"HANA_ARASHI",-20.333,-45.658,0,"crani",-9.758,-65.451,0,"Kr_Luna",19.048,-47.023,0,"Yaksok~",13.39,-60.849,0,"si_ho",39.805,-95.48,0,"-KYU-",-0.904,-106.203,0,"SUGUN",-44.418,-90.865,0,0,0,0,0,0,"",0,0,0,0,,,,,4,3
60,3,0,0,2,0,1,1,1,0,0,12,255,255,24,3630.336,"Penguin_iDOL",R,14,81,119,1.984,-0.96,0.255,1.891,0.257,1.391,-36.493,32.651,87,13,0,2,0,363.678,343.13,7.284,0,0,1,2,4,L,"わだ、、",190,80,0.498,3,63,W,Y,3631.498,255,158,106,128,55,145,111,21.607,-24.53,0.88,0,0.88,73.204,147.985,4.506,-0.193,-36.916,0,"mungjungh",0.071,-17.186,0,"HANA_ARASHI",-20.996,-46.282,0,"crani",-8.045,-62.923,0,"Kr_Luna",19.864,-46.554,0,"Yaksok~",13.495,-60.574,85,"si_ho",41.882,-95.395,114,"-KYU-",-0.353,-107.598,0,"SUGUN",-45.002,-90.946,0,0,0,0,3635.337,6,"si_ho",35.904,-104.51,0,0,,,,,133,1
61,3,0,0,2,0,0,2,1,0,0,12,255,255,25,3662.549,"Penguin_iDOL",R,26,88,140,-1.62,-0.603,0.051,1.803,-0.499,1.082,-36.493,31.477,87,13,0,1,0,-155.521,-171.509,10.217,0,0,0,3,7,R,"ByeolBam",175.3,90,0.5,0,63,W,Y,0,0,0,0,0,0,0,0,0,0,0,0,0,0,0,0,-0.042,-37.609,0,"mungjungh",-0.16,-17.001,0,"HANA_ARASHI",-21.177,-44.742,0,"crani",-12.741,-64.199,0,"Kr_Luna",18.756,-47.129,0,"Yaksok~",8.663,-62.642,0,"si_ho",36.246,-95.308,0,"-KYU-",-0.404,-108.257,0,"SUGUN",-48.834,-94.248,0,0,0,0,0,0,"",0,0,0,0,3662.937,,,,0,0
62,3,0,0,2,1,0,2,1,0,0,12,255,255,26,3683.751,"Penguin_iDOL",R,14,82,120,1.743,-1.336,0.237,1.857,0.174,1.25,-36.493,29.117,92,8,0,2,0,354.688,352.415,9.627,0,0,1,3,7,R,"ByeolBam",175.3,90,0.5,3,63,W,Y,3684.664,203,129,86,60,34,145,126,16.268,-26.198,0.28,0,0.256,-20.905,472.361,-18.46,0.206,-37.231,0,"mungjungh",0.093,-17.4,0,"HANA_ARASHI",-20.114,-45.152,0,"crani",-12.718,-64.149,0,"Kr_Luna",17.673,-48.558,72,"Yaksok~",13.518,-67.025,0,"si_ho",38.625,-93.793,0,"-KYU-",-1.006,-105.666,0,"SUGUN",-48.864,-94.107,0,3687.561,34.815,-112.219,3690.725,6,"si_ho",32.015,-118.616,1,0,,3689.419,3694.553,,134,2
63,3,0,0,2,0,0,2,0,1,1,255,17,12,27,3720.707,"Penguin_iDOL",R,26,82,134,-1.554,-0.198,0.099,1.866,-0.47,1.31,-36.493,33.721,83,17,0,2,0,-148.948,-181.094,8.53,0,0,1,4,1,L,"encounter v",190.2,90.067,0.45,3,63,W,Y,3721.676,255,90,93,88,54,145,90,8.474,32.725,-0.81,0,0.428,334.26,-352.875,351.781,-0.181,-37.096,0,"mungjungh",-0.292,-17.337,0,"HANA_ARASHI",-20.946,-46.528,0,"crani",-9.642,-65.013,0,"Kr_Luna",18.006,-46.302,0,"Yaksok~",16.918,-66.214,0,"si_ho",42.199,-97.255,0,"-KYU-",0.77,-108.808,0,"SUGUN",-44.234,-91.413,0,0,0,0,3722.482,2,"HANA_ARASHI",-15.605,-46.009,0,0,,,,3726.635,50,1
64,4,1,0,2,0,0,0,0,0,0,255,255,255,35,3777.687,"Riyaj",R,10,78,118,-1.198,-0.94,0.087,1.874,-0.524,1.494,-36.788,25.952,95,5,0,0,0,0,400,9.477,0,0,0,1,4,L,"Kr_Luna",190,95.256,0.504,0,81,W,Y,0,0,0,0,0,0,0,0,0,0,0,0,0,0,0,0,0.226,-37.942,0,"encounter v",-0.009,-17.6,0,"쟈가리코",-21.131,-47.772,0,"ddil_ddil69",-8.536,-62.454,0,"わだ、、",21.328,-48.805,0,"muyang_",15.195,-66.07,0,"_송글_",44.603,-95.201,0,"ByeolBam",2.523,-113.34,0,"Po_cari",-33.459,-83.655,0,0,0,0,0,0,"",0,0,0,0,3778.149,,,,0,0
65,4,1,0,2,0,1,0,0,0,0,255,255,255,36,3793.744,"Riyaj",R,10,77,106,-0.128,-2.028,0.182,1.578,-0.055,0.907,-36.788,17.686,56,44,0,1,0,-2.725,400,0.777,-0.039,-19.27,0,1,4,L,"Kr_Luna",190,95.256,0.504,0,63,W,Y,0,0,0,0,0,0,0,0,0,0,0,0,0,0,0,0,-0.003,-37.582,0,"encounter v",0.026,-17.54,0,"쟈가리코",-20.843,-48.049,0,"ddil_ddil69",-10.108,-62.125,0,"わだ、、",20.467,-49.104,0,"muyang_",14.735,-65.919,0,"_송글_",44.639,-95.28,0,"ByeolBam",1.468,-113.411,0,"Po_cari",-33.517,-83.65,0,0,0,0,0,0,"",0,0,0,0,3794.301,,,,0,0
66,4,1,0,2,1,1,0,0,0,0,255,255,255,37,3809.921,"Riyaj",R,10,78,106,-1.139,-2.529,0.039,1.302,-0.498,0.311,-36.788,24.476,51,49,0,1,0,0,398.224,2.974,-0.195,-21.506,0,1,4,L,"Kr_Luna",190,95.256,0.504,0,63,W,Y,0,0,0,0,0,0,0,0,0,0,0,0,0,0,0,0,0.174,-37.668,0,"encounter v",0.025,-17.588,0,"쟈가리코",-20.863,-47.297,0,"ddil_ddil69",-13.31,-63.72,0,"わだ、、",20.682,-48.491,0,"muyang_",13.97,-64.159,0,"_송글_",44.658,-95.278,0,"ByeolBam",-0.283,-113.412,0,"Po_cari",-33.442,-83.667,0,0,0,0,0,0,"",0,0,0,0,3810.507,,,,0,0
67,4,1,0,2,2,1,0,0,0,0,255,255,255,38,3825.987,"Riyaj",R,10,77,106,-1.052,-1.678,0.052,1.678,-0.459,1.124,-36.788,10.722,57,43,0,1,0,0,400,8.968,-0.222,-18.606,0,1,4,L,"Kr_Luna",190,95.256,0.504,0,62,W,Y,0,0,0,0,0,0,0,0,0,0,0,0,0,0,0,0,0.156,-37.652,0,"encounter v",0.012,-17.567,0,"쟈가리코",-20.746,-46.991,0,"ddil_ddil69",-13.494,-63.149,0,"わだ、、",19.893,-48.266,0,"muyang_",14.942,-65.313,0,"_송글_",44.627,-95.29,0,"ByeolBam",3.218,-111.22,0,"Po_cari",-33.413,-83.614,0,0,0,0,0,0,"",0,0,0,0,3826.513,,,,0,0
68,4,1,0,2,3,1,0,0,0,0,255,255,255,39,3843.765,"Riyaj",R,13,82,120,-0.895,-0.328,0.218,1.989,0.085,1.865,-36.788,28.663,87,13,0,2,0,-283.746,400,8.101,0,0,1,1,4,L,"Kr_Luna",190,95.256,0.504,3,62,W,Y,3844.721,171,127,186,63,25,145,127,-30,17.802,0.72,0,0.117,-550.567,238.234,10.996,0.215,-37.504,0,"encounter v",-0.123,-17.729,0,"쟈가리코",-20.806,-46.982,0,"ddil_ddil69",-10.969,-60.162,0,"わだ、、",20.339,-48.696,0,"muyang_",14.198,-64.276,65,"_송글_",45.242,-95.471,0,"ByeolBam",-7.168,-113.772,92,"Po_cari",-33.371,-83.643,0,3843.864,-0.614,-21.732,3848.203,7,"ByeolBam",-26.853,-108.821,1,0,,,,,296,2
69,4,1,0,2,0,0,0,1,0,0,4,255,255,40,3875.954,"Riyaj",R,41,27,89,1.946,1.422,0.324,1.719,0.709,2.429,-36.788,125.552,0,95,5,1,0,61.292,-77.1,2.422,0,0,0,2,0,R,"Penguin_iDOL",190,80,0.25,0,62,W,Y,0,0,0,0,0,0,0,0,0,0,0,0,0,0,0,0,0.032,-37.618,0,"encounter v",-0.028,-17.597,0,"쟈가리코",-20.697,-42.464,0,"ddil_ddil69",-10.693,-59.664,0,"わだ、、",17.101,-45.399,0,"muyang_",6.097,-61.695,0,"_송글_",37.476,-88.379,0,"ByeolBam",-2.609,-111.964,0,"Po_cari",-39.067,-89.879,0,0,0,0,0,0,"",0,0,0,0,3876.731,,,,0,0
70,4,1,0,2,1,0,0,1,0,0,4,255,255,41,3893.853,"Riyaj",R,26,84,137,0.532,0.975,0.215,2.039,0.068,2.028,-36.788,32.546,86,14,0,4,0,109.975,-199.57,4.453,0,0,1,2,0,R,"Penguin_iDOL",190,80,0.25,0,62,W,Y,0,0,0,0,0,0,0,0,0,0,0,0,0,0,0,0,0.164,-37.736,0,"encounter v",-0.039,-17.58,0,"쟈가리코",-20.896,-44.295,0,"ddil_ddil69",-10.685,-59.712,0,"わだ、、",17.241,-44.907,0,"muyang_",5.561,-61.018,0,"_송글_",37.481,-88.353,0,"ByeolBam",-1.993,-111.89,0,"Po_cari",-39.39,-89.633,0,0,0,0,0,0,"",0,0,0,0,3894.519,,,,0,0
71,4,1,0,2,1,1,0,1,0,0,4,255,255,42,3933.516,"Riyaj",R,34,72,124,4.671,1.295,0.608,2.179,1.899,2.482,-36.788,69.172,77,20,3,3,0,66.197,-47.104,0.754,1.132,-21.459,0,2,0,R,"Penguin_iDOL",190,80,0.25,0,62,W,Y,0,0,0,0,0,0,0,0,0,0,0,0,0,0,0,0,0.368,-37.756,0,"encounter v",0.163,-19.573,0,"쟈가리코",-19.972,-45.459,0,"ddil_ddil69",-10.907,-59,0,"わだ、、",17.259,-45.406,0,"muyang_",7.246,-58.996,0,"_송글_",37.574,-88.311,0,"ByeolBam",-6.167,-111.671,0,"Po_cari",-39.339,-89.6,0,0,0,0,0,0,"",0,0,0,0,3935.512,,,,0,6
72,4,1,0,2,0,0,0,1,1,0,0,4,255,43,3969.818,"Riyaj",R,10,80,108,0.744,-1.402,0.302,1.75,0.315,1.278,-36.788,22.082,52,48,0,2,1,0,400,7.755,0,0,1,3,1,R,"mungjungh",190,86.096,0.299,3,62,W,Y,3971.085,255,45,141,82,44,145,91,-22.045,56.24,0.98,0,0.467,180.156,-298.667,11.377,-0.055,-37.649,0,"encounter v",-0.007,-17.705,0,"쟈가리코",-20.048,-45.216,0,"ddil_ddil69",-13.31,-60.71,0,"わだ、、",16.968,-46.032,0,"muyang_",8.638,-59.574,0,"_송글_",37.479,-88.38,0,"ByeolBam",-0.336,-111.193,0,"Po_cari",-39.479,-89.725,0,3970.198,-0.938,-20.336,0,0,"",0,0,0,0,,3975.258,,,32,3
73,4,1,0,2,0,1,0,0,1,1,255,0,4,44,4134.501,"Riyaj",R,0,81,131,-0.23,0.8,0.237,2.06,-0.107,2.096,-36.788,45.404,88,12,0,0,0,0,0,-0.13,0,0,1,3,1,R,"mungjungh",190,86.096,0.299,0,62,W,Y,0,0,0,0,0,0,0,0,0,0,0,0,0,0,0,0,-0.082,-37.451,0,"encounter v",-0.069,-17.487,0,"쟈가리코",-20.094,-45.659,0,"ddil_ddil69",-12.42,-60.816,0,"わだ、、",17.356,-42.942,0,"muyang_",8.374,-61.199,0,"_송글_",38.055,-89.271,0,"ByeolBam",-1.151,-111.23,0,"Po_cari",-41.247,-89.338,0,0,0,0,0,0,"",0,0,0,0,4135.106,4137.276,4137.252,,0,0
74,4,1,0,2,0,2,0,0,1,1,255,0,4,45,4151.996,"Riyaj",R,10,75,104,0.569,-1.907,0.277,1.62,0.24,0.998,-36.788,24.18,51,49,0,2,0,0,400,11.724,0,0,1,3,1,R,"mungjungh",190,86.096,0.299,3,62,W,Y,4153.152,199,72,176,99,58,145,111,-11.574,16.545,0.92,0,0.758,-268.913,225.126,4.922,0.085,-37.705,0,"encounter v",-0.004,-17.701,120,"쟈가리코",-19.63,-45.866,0,"ddil_ddil69",-12.873,-61.798,103,"わだ、、",16.587,-44.507,0,"muyang_",12.357,-61.281,0,"_송글_",38.601,-88.915,0,"ByeolBam",-1.96,-111.238,0,"Po_cari",-41.304,-89.323,0,4152.271,-0.474,-23.771,4154.313,3,"ddil_ddil69",-9.259,-57.631,1,0,4157.155,,4158.561,4157.712,112,2
75,4,1,1,2,0,0,0,1,0,1,1,255,0,46,4178.92,"Riyaj",R,10,75,103,0.772,-0.207,0.404,2.113,0.634,2.062,-36.788,47.547,88,12,0,0,0,-149.609,400,-1.165,0,0,1,4,2,R,"HANA_ARASHI",190,90,0.25,0,61,W,Y,0,0,0,0,0,0,0,0,0,0,0,0,0,0,0,0,0.109,-37.655,0,"encounter v",-0.326,-17.471,0,"쟈가리코",-20.188,-44.482,0,"ddil_ddil69",-11.701,-59.239,0,"わだ、、",18.356,-41.002,0,"muyang_",6.702,-61.626,0,"_송글_",39.201,-92.089,0,"ByeolBam",-1.783,-108.974,0,"Po_cari",-42.577,-90.253,0,0,0,0,0,0,"",0,0,0,0,4179.531,,,,0,0
76,4,1,1,2,0,1,0,1,0,1,1,255,0,47,4280.654,"Riyaj",R,10,75,106,-2.426,-0.038,0.027,2.066,-0.847,1.961,-36.788,32.433,90,10,0,1,0,-105.924,269.336,8.384,0,0,0,4,2,R,"HANA_ARASHI",190,90,0.25,0,61,W,Y,0,0,0,0,0,0,0,0,0,0,0,0,0,0,0,0,-0.02,-37.808,0,"encounter v",-0.109,-17.512,0,"쟈가리코",-20.701,-42.586,0,"ddil_ddil69",-11.939,-60.81,0,"わだ、、",18.608,-40.432,0,"muyang_",8.115,-62.653,0,"_송글_",38.574,-84.774,0,"ByeolBam",-4.434,-107.051,0,"Po_cari",-42.379,-89.954,0,0,0,0,0,0,"",0,0,0,0,4281.325,,,,0,0
77,4,1,1,2,1,1,0,1,0,1,1,255,0,48,4294.951,"Riyaj",R,0,69,108,-0.701,-1.624,0.2,1.436,-0.311,0.6,-36.788,24.287,46,54,0,1,0,0,0,3.262,-0.189,-17.479,0,4,2,R,"HANA_ARASHI",190,90,0.25,0,61,W,Y,0,0,0,0,0,0,0,0,0,0,0,0,0,0,0,0,0.106,-37.951,0,"encounter v",-0.033,-17.491,0,"쟈가리코",-20.703,-44.093,0,"ddil_ddil69",-11.886,-60.764,0,"わだ、、",17.607,-42.324,0,"muyang_",7.68,-62.455,0,"_송글_",38.731,-85.114,0,"ByeolBam",-2.974,-106.991,0,"Po_cari",-42.443,-90.065,0,0,0,0,0,0,"",0,0,0,0,4295.604,,,,0,0
78,4,1,1,2,2,1,0,1,0,1,1,255,0,49,4310.128,"Riyaj",R,10,71,101,0.315,-1.043,0.341,1.88,0.128,1.56,-36.788,27.698,56,44,0,4,0,0,400,6.802,0,0,1,4,2,R,"HANA_ARASHI",190,90,0.25,0,61,W,Y,0,0,0,0,0,0,0,0,0,0,0,0,0,0,0,0,0.149,-37.733,0,"encounter v",-0.064,-17.467,0,"쟈가리코",-21.405,-42.776,0,"ddil_ddil69",-12.275,-61.038,0,"わだ、、",18.087,-41.502,0,"muyang_",5.729,-61.623,0,"_송글_",39.117,-86.01,0,"ByeolBam",-4.402,-107.489,0,"Po_cari",-42.363,-89.955,0,0,0,0,0,0,"",0,0,0,0,4310.755,,,,0,0
79,4,1,1,2,2,2,0,1,0,1,1,255,0,50,4327.516,"Riyaj",R,27,80,130,-0.347,1.081,0.233,2.085,-0.309,2.176,-36.788,38.341,82,18,0,4,0,99.055,-100.32,0.824,0,0,1,4,2,R,"HANA_ARASHI",190,90,0.25,0,61,W,Y,0,0,0,0,0,0,0,0,0,0,0,0,0,0,0,0,0.104,-37.789,0,"encounter v",-0.026,-17.426,0,"쟈가리코",-20.828,-43.706,0,"ddil_ddil69",-12.407,-61.04,0,"わだ、、",18.509,-41.192,0,"muyang_",5.49,-61.019,0,"_송글_",39.089,-85.977,0,"ByeolBam",-4.309,-107.032,0,"Po_cari",-42.351,-89.94,0,0,0,0,0,0,"",0,0,0,0,4327.979,,,,0,0
80,4,1,1,2,0,0,1,1,0,1,1,255,0,51,4349.487,"Riyaj",R,10,72,102,-3.234,-1.254,-0.152,1.844,-1.403,1.467,-36.788,6.06,58,42,0,1,0,0,368.124,12.334,0,0,0,5,7,R,"-KYU-",176.1,84.92,0.453,0,60,W,Y,0,0,0,0,0,0,0,0,0,0,0,0,0,0,0,0,0.045,-37.934,0,"encounter v",-0.464,-17.466,0,"쟈가리코",-20.749,-42.874,0,"ddil_ddil69",-12.538,-60.981,0,"わだ、、",18.983,-40.482,0,"muyang_",8.961,-61.802,0,"_송글_",39.238,-86.239,0,"ByeolBam",-2.763,-106.414,0,"Po_cari",-41.914,-89.753,0,0,0,0,0,0,"",0,0,0,0,4350.349,,4352.454,,0,0
81,4,1,1,2,1,0,1,1,0,1,1,255,0,52,4368.545,"Riyaj",R,10,77,105,0.4,-1.763,0.254,1.728,0.167,1.198,-36.788,17.665,56,44,0,2,0,0,400,12.348,0,0,1,5,7,R,"-KYU-",176.1,84.92,0.453,3,60,W,Y,4369.743,255,229,95,114,94,145,115,2.099,7.976,0.12,0,0.615,-74.779,440.08,-74.21,0.002,-37.384,0,"encounter v",-0.066,-17.688,0,"쟈가리코",-20.04,-44.153,0,"ddil_ddil69",-11.882,-60.147,0,"わだ、、",15.74,-44.498,0,"muyang_",11.738,-61.388,0,"_송글_",41.165,-88.356,0,"ByeolBam",-2.666,-106.545,0,"Po_cari",-41.807,-89.548,0,4369.524,-3.61,-43.96,4370.895,3,"ddil_ddil69",-6.243,-60.41,1,0,,4374.778,,4375.007,98,2
82,4,1,2,2,0,0,2,1,0,0,7,255,255,53,4450.6,"Riyaj",R,28,79,129,1.811,1.908,0.341,2.161,0.655,2.529,-36.788,41.857,86,14,0,1,0,80.489,-90.803,2.894,0,0,0,6,3,R,"crani",166.6,80,0.4,0,60,W,Y,0,0,0,0,0,0,0,0,0,0,0,0,0,0,0,0,0.139,-37.682,0,"encounter v",-0.051,-17.467,0,"쟈가리코",-21.271,-44.777,0,"ddil_ddil69",-13.236,-63.282,0,"わだ、、",18.426,-43.171,0,"muyang_",9.312,-61.993,0,"_송글_",39.169,-83.929,0,"ByeolBam",-1.687,-103.963,0,"Po_cari",-34.053,-84.047,0,0,0,0,0,0,"",0,0,0,0,4451.276,,,,0,0
83,4,1,2,2,1,0,2,1,0,0,7,255,255,54,4466.209,"Riyaj",R,27,78,128,1.963,1.95,0.338,2.15,0.642,2.488,-36.788,43.823,86,14,0,2,0,130.431,-149.327,2.45,0,0,1,6,3,R,"crani",166.6,80,0.4,3,60,W,Y,4467.363,102,36,53,30,25,120,68,9.64,24.112,-0.82,0,0.323,-13.138,-56.501,-592.675,0.057,-37.332,0,"encounter v",-0.023,-17.517,0,"쟈가리코",-19.851,-46.679,70,"ddil_ddil69",-13.241,-63.2,0,"わだ、、",15.469,-44.133,0,"muyang_",10.847,-62.834,0,"_송글_",39.271,-83.803,0,"ByeolBam",-1.708,-104.122,0,"Po_cari",-34.145,-84.177,0,4468.288,-11.768,-46.925,4468.64,2,"쟈가리코",-11.789,-47.085,0,32,,,,,6,2
84,4,0,2,2,0,0,0,0,0,0,255,255,255,28,4520.052,"Penguin_iDOL",R,10,84,110,1.007,-1.585,0.317,1.787,0.425,1.126,-36.493,33.051,76,24,0,1,0,2.198,400,0,0.169,-18.329,0,5,0,R,"Riyaj",190,80,0.2,0,60,W,Y,0,0,0,0,0,0,0,0,0,0,0,0,0,0,0,0,-0.348,-37.459,0,"mungjungh",-0.047,-17.315,0,"HANA_ARASHI",-20.33,-46.741,0,"crani",-13.956,-64.344,0,"Kr_Luna",18.989,-49.022,0,"Yaksok~",11.816,-65.903,0,"si_ho",36.108,-99.135,0,"-KYU-",-1.267,-104.937,0,"SUGUN",-45.537,-92.035,0,0,0,0,0,0,"",0,0,0,0,4520.622,,,,0,0
85,4,0,2,2,1,0,0,0,0,0,255,255,255,29,4539.981,"Penguin_iDOL",R,29,88,140,-1.079,-0.879,0.168,1.732,-0.15,0.875,-36.493,28.292,93,7,0,0,0,-250,-200,26.284,0,0,1,5,0,R,"Riyaj",190,80,0.2,0,60,W,Y,0,0,0,0,0,0,0,0,0,0,0,0,0,0,0,0,0.104,-37.498,0,"mungjungh",-0.267,-17.307,0,"HANA_ARASHI",-20.446,-45.478,0,"crani",-13.863,-64.223,0,"Kr_Luna",19.008,-49.054,0,"Yaksok~",12.101,-65.839,0,"si_ho",36.105,-99.12,0,"-KYU-",-0.484,-105.072,0,"SUGUN",-45.402,-92.185,0,0,0,0,0,0,"",0,0,0,0,4540.403,,,,0,0
86,4,0,2,2,1,1,0,0,0,0,255,255,255,30,4556.632,"Penguin_iDOL",R,13,79,106,-2.436,-1.553,-0.029,1.749,-0.71,1.172,-36.493,18.135,100,0,0,4,0,-182.206,393.85,0,0,0,1,5,0,R,"Riyaj",190,80,0.2,0,60,W,Y,0,0,0,0,0,0,0,0,0,0,0,0,0,0,0,0,-0.311,-37.625,0,"mungjungh",-0.704,-17.691,0,"HANA_ARASHI",-20.761,-46.093,0,"crani",-13.872,-64.213,0,"Kr_Luna",18.737,-52.396,0,"Yaksok~",11.934,-66.873,0,"si_ho",36.095,-99.12,0,"-KYU-",0.899,-105.937,0,"SUGUN",-45.571,-91.888,0,0,0,0,0,0,"",0,0,0,0,4557.228,,,,0,0
87,4,0,2,2,1,2,0,0,0,0,255,255,255,31,4572.136,"Penguin_iDOL",R,10,76,107,-3.15,-1.693,-0.15,1.63,-1.086,0.915,-36.493,8.409,57,43,0,1,0,-148.54,271.411,0,0,0,0,5,0,R,"Riyaj",190,80,0.2,0,60,W,Y,0,0,0,0,0,0,0,0,0,0,0,0,0,0,0,0,-0.182,-37.656,0,"mungjungh",-0.838,-17.539,0,"HANA_ARASHI",-20.407,-43.607,0,"crani",-13.819,-64.126,0,"Kr_Luna",18.893,-51.475,0,"Yaksok~",12.805,-66.701,0,"si_ho",36.055,-99.174,0,"-KYU-",0.18,-106.605,0,"SUGUN",-44.994,-92.485,0,0,0,0,0,0,"",0,0,0,0,4572.67,,,,0,0
88,4,0,2,2,2,2,0,0,0,0,255,255,255,32,4591.242,"Penguin_iDOL",R,26,93,140,-0.177,0.092,0.214,1.722,0.063,1.492,-36.493,20.732,93,7,0,2,0,-114.093,-200,29.064,0,0,1,5,0,R,"Riyaj",190,80,0.2,3,60,W,Y,4592.041,255,144,65,57,8,138,109,36.664,41.238,0.89,0,0.262,285.061,18.009,6.594,0.105,-37.079,0,"mungjungh",0.013,-17.585,0,"HANA_ARASHI",-21.169,-47.381,0,"crani",-13.801,-64.102,86,"Kr_Luna",18.978,-51.305,0,"Yaksok~",10.028,-66.372,0,"si_ho",36.064,-99.17,0,"-KYU-",0.241,-106.574,0,"SUGUN",-44.939,-92.378,100,4596.258,-62.93,-89.137,4596.507,8,"SUGUN",-60.926,-86.888,0,0,,,,,324,1
89,4,0,2,2,0,0,1,0,0,0,255,255,255,33,4625.372,"Penguin_iDOL",R,14,82,107,-1.024,-0.729,-0.216,1.973,-1.157,1.652,-36.493,30.428,92,8,0,0,0,379.786,312.348,13.361,0,0,0,6,3,R,"ddil_ddil69",170.2,89.899,0.397,0,59,W,Y,0,0,0,0,0,0,0,0,0,0,0,0,0,0,0,0,0.021,-37.859,0,"mungjungh",-0.09,-17.19,0,"HANA_ARASHI",-22.027,-45.787,0,"crani",-13.877,-63.853,0,"Kr_Luna",17.72,-50.483,0,"Yaksok~",10.897,-64.527,0,"si_ho",37.072,-97.637,0,"-KYU-",3.423,-105.915,0,"SUGUN",-43.067,-91.973,0,0,0,0,0,0,"",0,0,0,0,4626.155,,,,0,0
90,4,0,2,2,0,1,1,0,0,0,255,255,255,34,4644.247,"Penguin_iDOL",R,4,64,100,-1.109,0.111,0.226,1.94,-0.061,1.671,-36.493,39.171,100,0,0,0,0,-208.126,0,1.788,0,0,0,6,3,R,"ddil_ddil69",170.2,89.899,0.397,0,59,W,Y,0,0,0,0,0,0,0,0,0,0,0,0,0,0,0,0,0.072,-37.68,0,"mungjungh",-0.111,-17.064,0,"HANA_ARASHI",-21.666,-42.534,0,"crani",-13.844,-63.623,0,"Kr_Luna",18.224,-50.329,0,"Yaksok~",11.863,-65.827,0,"si_ho",35.187,-98.089,0,"-KYU-",-2.602,-106.097,0,"SUGUN",-43.204,-91.797,0,0,0,0,0,0,"",0,0,0,0,4645.095,,,,0,0
91,4,0,2,2,0,2,1,0,0,0,255,255,255,35,4665.066,"Penguin_iDOL",R,4,70,104,-2.417,-1.178,-0.003,1.689,-0.63,0.972,-36.493,16.684,70,30,0,1,0,-215.958,15.915,1.889,0,0,0,6,3,R,"ddil_ddil69",170.2,89.899,0.397,0,59,W,Y,0,0,0,0,0,0,0,0,0,0,0,0,0,0,0,0,-0.127,-37.804,0,"mungjungh",-0.174,-17.1,0,"HANA_ARASHI",-21.568,-44.261,0,"crani",-13.838,-63.607,0,"Kr_Luna",17.306,-50.673,0,"Yaksok~",9.857,-65.569,0,"si_ho",35.232,-98.148,0,"-KYU-",0.193,-105.972,0,"SUGUN",-43.128,-91.803,0,0,0,0,0,0,"",0,0,0,0,4665.931,,,,0,0
92,4,0,2,2,1,2,1,0,0,0,255,255,255,36,4686.072,"Penguin_iDOL",R,0,72,124,1.439,2.784,0.379,2.117,0.615,3.151,-36.493,61.945,88,12,0,1,0,0,0,-1.159,0,0,0,6,3,R,"ddil_ddil69",170.2,89.899,0.397,0,59,W,Y,0,0,0,0,0,0,0,0,0,0,0,0,0,0,0,0,-0.073,-37.713,0,"mungjungh",-0.022,-17.182,0,"HANA_ARASHI",-20.748,-46.304,0,"crani",-13.836,-63.615,0,"Kr_Luna",19.255,-49.253,0,"Yaksok~",12.466,-65.364,0,"si_ho",36.286,-97.867,0,"-KYU-",4.889,-106.411,0,"SUGUN",-43.183,-91.726,0,0,0,0,0,0,"",0,0,0,0,4686.858,,,,0,0
93,4,0,2,2,2,2,1,0,0,0,255,255,255,37,4706.328,"Penguin_iDOL",R,14,84,123,1.752,-1.73,0.232,1.791,0.15,1,-36.493,21.792,92,8,0,2,0,385.191,318.791,20.352,0,0,1,6,3,R,"ddil_ddil69",170.2,89.899,0.397,3,59,W,Y,4707.519,0,0,0,0,0,0,40,-16.531,-13.808,-0.26,0,0.464,-320.262,104.103,-42.668,-0.072,-37.185,117,"mungjungh",-0.188,-17.234,0,"HANA_ARASHI",-20.642,-45.097,86,"crani",-13.788,-63.613,0,"Kr_Luna",16.784,-52.376,0,"Yaksok~",12.216,-65.377,0,"si_ho",35.749,-97.588,0,"-KYU-",0.349,-105.408,0,"SUGUN",-42.905,-91.85,0,4706.725,0.39,-19.998,4708.562,0,"Penguin_iDOL",3.445,-33.464,0,0,,,,,20,2
94,4,0,2,2,0,0,2,0,0,0,255,255,255,38,4736.791,"Penguin_iDOL",R,26,84,136,0.391,1.138,0.277,1.889,0.358,2.064,-36.493,30.124,83,17,0,1,0,-143.924,-200,23.977,0,0,0,7,8,R,"Po_cari",175.2,83,0.45,0,59,W,Y,0,0,0,0,0,0,0,0,0,0,0,0,0,0,0,0,0.106,-37.769,0,"mungjungh",0.046,-17.097,0,"HANA_ARASHI",-21.114,-46.684,0,"crani",-13.811,-63.292,0,"Kr_Luna",17.42,-48.897,0,"Yaksok~",10.165,-66.006,0,"si_ho",34.789,-97.893,0,"-KYU-",-2.332,-106.735,0,"SUGUN",-43.192,-91.265,0,0,0,0,0,0,"",0,0,0,0,4737.439,,,,0,0
95,4,0,2,2,1,0,2,0,0,0,255,255,255,39,4757.325,"Penguin_iDOL",R,26,83,135,0.425,0.541,0.285,1.81,0.397,1.717,-36.493,29.11,83,17,0,2,0,-162.221,-200,29.464,0,0,1,7,8,R,"Po_cari",175.2,83,0.45,3,59,W,Y,4758.424,255,122,102,71,45,145,98,4.033,-33.53,-0.16,0,0.37,-22.268,64.163,-159.917,0.108,-37.029,0,"mungjungh",0.085,-17.303,0,"HANA_ARASHI",-21.014,-46.541,0,"crani",-13.598,-63.354,0,"Kr_Luna",16.95,-49.167,111,"Yaksok~",11.23,-65.857,0,"si_ho",34.776,-97.91,0,"-KYU-",-1.684,-106.744,0,"SUGUN",-43.175,-91.096,0,4758.628,14.778,-43.658,4759.18,4,"Kr_Luna",15.932,-45.273,0,0,,,,,50,2
96,5,1,2,2,0,0,0,0,0,0,255,255,255,55,4808.829,"Riyaj",R,27,83,135,-0.552,0.327,0.123,1.928,-0.358,1.669,-36.788,19.279,49,51,0,0,0,78.102,-109.325,3.381,0,0,0,7,6,R,"si_ho",175.6,87.779,0.35,0,59,W,Y,0,0,0,0,0,0,0,0,0,0,0,0,0,0,0,0,0.176,-37.722,0,"encounter v",-0.03,-17.488,0,"쟈가리코",-19.981,-46.37,0,"ddil_ddil69",-13.376,-62.486,0,"わだ、、",19.259,-47.827,0,"muyang_",13.601,-64.687,0,"_송글_",37.316,-87.361,0,"ByeolBam",-2.104,-105.331,0,"Po_cari",-37.649,-86.763,0,0,0,0,0,0,"",0,0,0,0,4809.428,,,,0,0
97,5,1,2,2,0,1,0,0,0,0,255,255,255,56,4825.041,"Riyaj",R,27,77,127,2.408,2.102,0.394,2.213,0.901,2.667,-36.788,50.231,85,14,2,1,0,86.361,-127.947,1.934,0,0,0,7,6,R,"si_ho",175.6,87.779,0.35,0,59,W,Y,0,0,0,0,0,0,0,0,0,0,0,0,0,0,0,0,0.064,-37.414,0,"encounter v",-0.029,-17.449,0,"쟈가리코",-19.751,-47.004,0,"ddil_ddil69",-13.874,-63.272,0,"わだ、、",18.619,-48.395,0,"muyang_",13.918,-64.115,0,"_송글_",37.184,-87.448,0,"ByeolBam",-0.945,-107.733,0,"Po_cari",-37.545,-86.699,0,0,0,0,0,0,"",0,0,0,0,4825.683,,,,0,0
98,5,1,2,2,1,1,0,0,0,0,255,255,255,57,4840.595,"Riyaj",R,27,84,136,-0.045,-0.169,0.175,1.838,-0.117,1.353,-36.788,15.956,47,53,0,0,0,63.879,-139.453,2.684,0,0,0,7,6,R,"si_ho",175.6,87.779,0.35,0,59,W,Y,0,0,0,0,0,0,0,0,0,0,0,0,0,0,0,0,0.068,-37.643,0,"encounter v",-0.034,-17.488,0,"쟈가리코",-19.68,-47.013,0,"ddil_ddil69",-13.888,-63.226,0,"わだ、、",18.679,-47.251,0,"muyang_",14.004,-64.478,0,"_송글_",37.286,-87.374,0,"ByeolBam",-0.912,-107.66,0,"Po_cari",-37.537,-86.717,0,0,0,0,0,0,"",0,0,0,0,4841.222,,,,0,0
99,5,1,2,2,1,2,0,0,0,0,255,255,255,58,4858.622,"Riyaj",R,10,74,104,0.772,-1.583,0.306,1.778,0.328,1.313,-36.788,29.428,54,46,0,2,0,0,400,3.551,0,0,1,7,6,R,"si_ho",175.6,87.779,0.35,3,59,W,Y,4859.958,235,152,104,104,60,145,127,-30,-30.919,0.36,0,0.732,-7.966,-58.167,-79.306,-0.001,-37.34,0,"encounter v",-0.003,-17.671,0,"쟈가리코",-19.381,-47.119,79,"ddil_ddil69",-13.129,-62.38,0,"わだ、、",19.476,-47.636,100,"muyang_",14.332,-64.56,0,"_송글_",37.329,-87.393,0,"ByeolBam",-0.91,-107.655,0,"Po_cari",-37.508,-86.675,0,4858.974,0.36,-19.982,4860.592,4,"わだ、、",15.79,-44.062,0,0,,,,,38,2
100,5,1,2,2,0,0,1,0,0,0,255,255,255,59,4886.669,"Riyaj",R,13,80,106,-0.044,-0.665,0.392,1.975,0.595,1.771,-36.788,34.111,90,10,0,0,0,-314.347,378.93,8.774,0,0,0,8,8,R,"SUGUN",179.9,82.092,0.496,0,59,W,Y,0,0,0,0,0,0,0,0,0,0,0,0,0,0,0,0,0.01,-38.093,0,"encounter v",-0.016,-17.481,0,"쟈가리코",-20.667,-47.685,0,"ddil_ddil69",-13.804,-63.568,0,"わだ、、",18.981,-47.517,0,"muyang_",14.235,-64.601,0,"_송글_",39.318,-89.105,0,"ByeolBam",-2.824,-107.768,0,"Po_cari",-41.709,-89.921,0,0,0,0,0,0,"",0,0,0,0,4887.331,,,,0,0
101,5,1,2,2,0,1,1,0,0,0,255,255,255,60,4902.54,"Riyaj",R,13,73,102,-3.752,-1.119,-0.113,1.887,-1.28,1.571,-36.788,9.958,44,56,0,1,0,-166.665,400,14.476,0,0,0,8,8,R,"SUGUN",179.9,82.092,0.496,0,59,W,Y,0,0,0,0,0,0,0,0,0,0,0,0,0,0,0,0,-0.117,-38.009,0,"encounter v",-0.112,-17.417,0,"쟈가리코",-20.453,-48.105,0,"ddil_ddil69",-13.521,-62.109,0,"わだ、、",18.245,-47.395,0,"muyang_",14.051,-64.212,0,"_송글_",39.311,-89.139,0,"ByeolBam",-4.943,-110.773,0,"Po_cari",-41.592,-89.747,0,0,0,0,0,0,"",0,0,0,0,4903.228,,,,0,0
102,5,1,2,2,1,1,1,0,0,0,255,255,255,61,4917.795,"Riyaj",R,10,76,105,0.837,-1.22,0.315,1.849,0.356,1.484,-36.788,29.273,58,42,0,1,0,0,400,5.59,0,0,0,8,8,R,"SUGUN",179.9,82.092,0.496,0,59,W,Y,0,0,0,0,0,0,0,0,0,0,0,0,0,0,0,0,0.098,-37.678,0,"encounter v",-0.059,-17.457,0,"쟈가리코",-20.381,-48.073,0,"ddil_ddil69",-13.497,-62.078,0,"わだ、、",19.193,-47.429,0,"muyang_",14.592,-65.264,0,"_송글_",39.257,-89.175,0,"ByeolBam",-1.979,-109.306,0,"Po_cari",-41.61,-89.756,0,0,0,0,0,0,"",0,0,0,0,4918.471,,,,0,0
103,5,1,2,2,1,2,1,0,0,0,255,255,255,62,4958.12,"Riyaj",R,10,77,117,0.358,-2.123,0.232,1.69,0.149,0.854,-36.788,21.477,55,45,0,2,0,-0.004,400,12.206,0,0,1,8,8,R,"SUGUN",179.9,82.092,0.496,3,59,W,Y,4959.286,255,63,160,73,34,145,127,-30,-11.777,0.28,0,0.364,198.064,-332.839,-80.334,0.089,-37.667,0,"encounter v",-0.015,-17.642,0,"쟈가리코",-20.359,-48.145,0,"ddil_ddil69",-13.549,-61.961,86,"わだ、、",17.897,-47.353,0,"muyang_",13.334,-64.68,0,"_송글_",39.249,-89.192,0,"ByeolBam",-1.604,-109.024,98,"Po_cari",-41.591,-89.74,0,4958.355,0.127,-19.856,4962.652,7,"ByeolBam",13.553,-100.059,1,0,,,,,104,2
104,5,1,2,2,0,0,1,1,0,0,8,255,255,63,4988.069,"Riyaj",R,26,90,140,-0.025,0.405,0.161,1.929,-0.183,1.672,-36.788,21.336,86,14,0,0,0,120.305,-153.102,4.66,0,0,0,0,5,R,"Yaksok~",173.3,80,0.332,0,58,W,Y,0,0,0,0,0,0,0,0,0,0,0,0,0,0,0,0,-0.389,-37.488,0,"encounter v",-0.013,-17.444,0,"쟈가리코",-20.69,-41.85,0,"ddil_ddil69",-11.939,-60.242,0,"わだ、、",18.562,-43.142,0,"muyang_",8.654,-62.524,0,"_송글_",42.42,-92.708,0,"ByeolBam",-2.029,-106.301,0,"Po_cari",-39.899,-87.318,0,0,0,0,0,0,"",0,0,0,0,4988.379,,,,0,0
105,5,1,2,2,0,1,1,1,0,0,8,255,255,64,5003.519,"Riyaj",R,10,75,116,-0.347,-2.756,0.167,1.639,-0.155,0.643,-36.788,18.467,44,56,0,1,0,0,400,11.532,-0.068,-20.172,0,0,5,R,"Yaksok~",173.3,80,0.332,0,58,W,Y,0,0,0,0,0,0,0,0,0,0,0,0,0,0,0,0,0.163,-37.77,0,"encounter v",-0.022,-17.505,0,"쟈가리코",-20.715,-42.306,0,"ddil_ddil69",-12.513,-58.628,0,"わだ、、",18.518,-42.765,0,"muyang_",8.535,-61.49,0,"_송글_",40.902,-89.3,0,"ByeolBam",-0.386,-108.323,0,"Po_cari",-39.939,-87.298,0,0,0,0,0,0,"",0,0,0,0,5003.991,,,,0,0
106,5,1,2,2,1,1,1,1,0,0,8,255,255,65,5018.187,"Riyaj",R,0,85,138,-7.535,-2.756,-0.351,1.225,-3.282,-1.526,-36.788,46.876,41,21,39,1,0,11.117,-30.518,2.783,-1.011,-26.436,0,0,5,R,"Yaksok~",173.3,80,0.332,0,58,W,Y,0,0,0,0,0,0,0,0,0,0,0,0,0,0,0,0,0.009,-37.66,0,"encounter v",-1.094,-17.898,0,"쟈가리코",-20.208,-44.357,0,"ddil_ddil69",-12.474,-58.598,0,"わだ、、",17.729,-45.753,0,"muyang_",11.807,-61.17,0,"_송글_",39.446,-90.486,0,"ByeolBam",-5.554,-109.015,0,"Po_cari",-39.39,-86.675,0,0,0,0,0,0,"",0,0,0,0,5021.931,5024.458,,,0,0
107,5,1,2,2,2,1,1,0,1,0,255,8,255,66,5049.516,"Riyaj",R,27,84,136,0.592,-0.385,0.232,1.804,0.149,1.229,-36.788,13.87,56,44,0,2,0,70.416,-139.523,2.528,0,0,1,0,5,R,"Yaksok~",173.3,80,0.332,3,58,W,Y,5050.531,171,216,99,80,33,145,126,25.191,32.642,0.52,0,0.251,160.503,279.465,22.927,-0.007,-37.41,0,"encounter v",-0.021,-17.653,0,"쟈가리코",-20.661,-47.834,0,"ddil_ddil69",-13.538,-62.949,0,"わだ、、",17.538,-45.392,0,"muyang_",10.626,-60.381,62,"_송글_",39.936,-87.007,0,"ByeolBam",-0.414,-107.291,0,"Po_cari",-39.377,-86.599,107,5054.537,-60.59,-104.985,5055.379,8,"Po_cari",-57.801,-103.628,1,0,,5060.848,5056.156,5061.08,416,2
108,5,1,3,2,0,0,1,0,1,0,255,5,255,67,5092.965,"Riyaj",R,13,78,104,-2.429,-0.497,0.077,1.997,-0.38,1.811,-36.788,21.519,85,15,0,2,0,-332.894,355.001,9.459,0,0,1,1,4,L,"Kr_Luna",190,95.256,0.504,3,80,W,Y,5093.998,134,91,152,84,44,141,88,56.833,-58.422,-0.82,0,0.061,286.134,-399.977,238.913,-0.086,-37.739,0,"encounter v",-0.181,-18.06,0,"쟈가리코",-20.205,-47.986,0,"ddil_ddil69",-13.79,-62.081,0,"わだ、、",17.66,-45.528,0,"muyang_",14.322,-63.063,0,"_송글_",45.392,-94.248,0,"ByeolBam",5.658,-109.314,0,"Po_cari",-39.148,-87.73,0,5098.355,60.6,-50.107,0,0,"",0,0,0,0,,5098.429,,,32,3
109,5,1,3,2,0,1,1,0,1,0,255,5,255,68,5112.069,"Riyaj",R,13,79,105,-2.329,-0.504,0.066,2.015,-0.415,1.85,-36.788,25.535,86,14,0,2,0,-297.503,390.976,10.153,0,0,1,1,4,L,"Kr_Luna",190,95.256,0.504,3,58,W,Y,5113.093,208,118,144,77,46,145,130,-3.138,28.019,0.35,0,0.129,-377.558,-435.08,61.02,-0.133,-37.679,0,"encounter v",-0.204,-17.787,0,"쟈가리코",-21.678,-49.655,0,"ddil_ddil69",0.094,-58.982,0,"わだ、、",19.003,-46.035,0,"muyang_",12.893,-62.77,0,"_송글_",47.321,-94.793,0,"ByeolBam",2.408,-109.41,0,"Po_cari",-35.527,-84.81,98,5112.482,-4.981,-29.47,5114.9,8,"Po_cari",-27.785,-78.203,1,0,5119.276,,5117.872,,176,2
110,5,1,3,2,0,0,1,1,0,1,4,255,5,69,5211.582,"Riyaj",R,13,84,123,-0.395,-0.859,0.268,1.88,0.315,1.513,-36.788,27.043,45,55,0,2,0,-301.946,398.533,3.56,0,0,1,2,0,R,"Penguin_iDOL",190,80,0.25,3,58,W,Y,5212.805,255,222,100,129,58,145,130,-0.393,14.63,0.56,0,0.481,231.947,-287.925,-2.142,-0.012,-37.407,0,"encounter v",-0.039,-17.712,0,"쟈가리코",-19.755,-46.155,0,"DoYaGee",-17.587,-59.888,0,"わだ、、",15.713,-43.779,0,"muyang_",12.056,-61.235,0,"_송글_",38.929,-87.163,0,"ByeolBam",-2.404,-106.892,112,"Po_cari",-39.106,-88.144,0,5212.216,-3.938,-34.106,5219.773,7,"ByeolBam",-26.494,-127.636,1,0,,5217.931,5223.711,5217.682,296,2
111,5,1,4,2,0,0,1,0,1,1,255,0,4,70,5248.029,"Riyaj",R,28,80,130,1.886,1.883,0.353,2.246,0.71,2.698,-36.788,55.044,79,20,2,2,0,66.015,-79.937,0.898,0,0,1,3,1,R,"mungjungh",190,90.096,0.299,3,58,W,Y,5249.185,145,35,89,48,19,142,100,10.414,36.599,-0.27,0,0.297,11.298,588.73,115.195,0.113,-37.276,0,"encounter v",0.061,-17.67,0,"쟈가리코",-20.343,-46.481,108,"DoYaGee",-16.16,-61.479,0,"わだ、、",17.256,-43.279,0,"muyang_",12.411,-61.86,0,"_송글_",36.852,-84.097,0,"ByeolBam",-5.625,-112.594,0,"Po_cari",-38.382,-88.933,0,0,0,0,5249.937,2,"쟈가리코",-22.135,-47.2,0,0,,5251.412,5252.439,,290,1
112,5,1,4,2,0,0,2,0,1,1,255,0,4,71,5320.398,"Riyaj",R,10,73,115,0.228,-1.43,0.22,1.786,0.093,1.209,-36.788,18.077,52,48,0,2,0,0,400,7.289,0,0,1,4,2,R,"HANA_ARASHI",190,90,0.25,3,57,W,Y,5321.548,161,102,116,135,67,145,97,-30,-27.231,0.95,0,0.753,-325.332,-218.511,-235.213,0.001,-37.416,0,"encounter v",-0.028,-17.713,0,"쟈가리코",-20.791,-47.074,0,"DoYaGee",-17.793,-60.88,0,"わだ、、",18.618,-46.611,106,"muyang_",10.456,-62.244,0,"_송글_",39.642,-89.415,0,"ByeolBam",-1.542,-108.677,0,"Po_cari",-42.223,-92.76,0,5320.561,0.275,-20.915,5322.216,4,"わだ、、",12.907,-45.418,0,0,,,,5326.321,6,2
113,5,0,4,2,0,0,0,0,0,0,255,255,255,40,5389.539,"Penguin_iDOL",R,26,85,138,0.753,0.8,0.312,1.827,0.52,1.852,-36.493,33.76,77,23,0,0,0,-148.828,-200,0,0,0,0,8,5,R,"muyang_",171.1,80,0.498,0,32,W,Y,0,0,0,0,0,0,0,0,0,0,0,0,0,0,0,0,0.194,-37.582,0,"mungjungh",-0.034,-17.188,0,"HANA_ARASHI",-23.042,-47.626,0,"crani",-13.61,-64.005,0,"Kr_Luna",18.386,-47.868,0,"Yaksok~",10.858,-64.243,0,"si_ho",33.374,-96.817,0,"-KYU-",2.411,-113.291,0,"SUGUN",-43.319,-93.684,0,0,0,0,0,0,"",0,0,0,0,5389.882,,,,0,0
114,5,0,4,2,0,1,0,0,0,0,255,255,255,41,5404.005,"Penguin_iDOL",R,13,76,103,-2.228,-1.811,0.111,1.741,-0.275,1.101,-36.493,23.382,100,0,0,4,0,-351.284,330.541,3.957,-0.533,-18.773,1,8,5,R,"muyang_",171.1,80,0.498,0,32,W,Y,0,0,0,0,0,0,0,0,0,0,0,0,0,0,0,0,0.077,-37.657,0,"mungjungh",-0.33,-17.354,0,"HANA_ARASHI",-20.854,-45.901,0,"crani",-13.631,-64.038,0,"Kr_Luna",19.706,-47.903,0,"Yaksok~",9.588,-64.773,0,"si_ho",33.361,-96.865,0,"-KYU-",-0.601,-111.026,0,"SUGUN",-43.805,-94.044,0,0,0,0,0,0,"",0,0,0,0,5404.628,,,,0,0
115,5,0,4,2,0,2,0,0,0,0,255,255,255,42,5421.974,"Penguin_iDOL",R,13,68,98,-2.502,-1.748,0.04,1.772,-0.495,1.175,-36.493,21.256,100,0,0,4,0,-280.044,329.247,11.503,0,0,1,8,5,R,"muyang_",171.1,80,0.498,0,32,W,Y,0,0,0,0,0,0,0,0,0,0,0,0,0,0,0,0,0.15,-37.543,0,"mungjungh",-0.246,-18.244,0,"HANA_ARASHI",-20.887,-44.084,0,"crani",-13.122,-63.876,0,"Kr_Luna",18.693,-47.508,0,"Yaksok~",12.091,-65.287,0,"si_ho",33.209,-96.917,0,"-KYU-",-0.866,-106.256,0,"SUGUN",-43.69,-94.098,0,0,0,0,0,0,"",0,0,0,256,5422.561,,,,0,0
116,5,0,4,2,0,0,1,0,0,0,255,255,255,43,5447.317,"Penguin_iDOL",R,26,88,140,1.511,1.216,0.336,1.94,0.748,2.114,-36.493,38.72,81,19,0,2,0,-75.31,-200,20.791,0,0,1,0,6,R,"_송글_",175.4,90.478,0.316,3,57,W,Y,5448.263,127,72,85,54,33,137,81,43.712,31.753,-0.84,0,0.438,206.963,253.052,-225.313,-0.113,-36.991,0,"mungjungh",0.024,-17.119,0,"HANA_ARASHI",-22.086,-48.037,0,"crani",-13.377,-63.627,0,"Kr_Luna",18.927,-48.92,0,"Yaksok~",11.769,-65.348,0,"si_ho",33.198,-96.895,0,"-KYU-",-0.892,-106.545,0,"SUGUN",-44.463,-93.257,86,5452.27,-33.907,-69.141,5453.088,8,"SUGUN",-35.751,-71.517,1,0,,,,,260,2
117,5,0,4,2,0,0,1,1,1,0,16,255,255,44,5492.596,"Penguin_iDOL",R,3,71,102,-3.252,-2.122,0.035,1.577,-0.511,0.802,-36.493,8.11,70,30,0,4,0,-300.247,149.447,1.84,0.24,-19.432,1,2,4,L,"わだ、、",190,80,0.498,0,57,W,Y,0,0,0,0,0,0,0,0,0,0,0,0,0,0,0,0,0.121,-38.023,0,"mungjungh",-0.102,-18.221,0,"HANA_ARASHI",-19.72,-45.156,0,"crani",-10.085,-64.879,0,"Kr_Luna",16.838,-47.343,0,"Yaksok~",10.175,-63.797,0,"si_ho",42.913,-97.568,0,"-KYU-",1.532,-110.434,0,"SUGUN",-42.754,-92.694,0,0,0,0,0,0,"",0,0,0,0,5494.354,5495.172,,,0,0
118,5,0,4,2,0,1,1,1,1,0,16,255,255,45,5514.8,"Penguin_iDOL",R,14,85,109,2.906,-1.334,0.374,1.753,0.54,1.18,-36.493,31.017,94,6,0,4,0,386.885,312.348,13.246,0.688,-17.649,1,2,4,L,"わだ、、",190,80,0.498,0,57,W,Y,0,0,0,0,0,0,0,0,0,0,0,0,0,0,0,0,0.096,-37.522,0,"mungjungh",0.013,-17.249,0,"HANA_ARASHI",-19.656,-45.062,0,"crani",-7.692,-65.382,0,"Kr_Luna",18.808,-43.998,0,"Yaksok~",11.376,-63.655,0,"si_ho",42.795,-97.485,0,"-KYU-",2.726,-110.233,0,"SUGUN",-42.79,-92.517,0,0,0,0,0,0,"",0,0,0,0,5515.343,5517.311,,,0,0
119,5,0,4,2,0,2,1,1,1,0,16,255,255,46,5534.318,"Penguin_iDOL",R,29,80,130,-1.241,0.104,0.162,1.72,-0.179,1.485,-36.493,27.305,97,3,0,2,0,-250,-200,18.911,0,0,1,2,4,L,"わだ、、",190,80,0.498,3,57,W,Y,5535.462,255,81,157,106,42,145,90,15.308,-26.498,-0.81,0,0.528,248.01,254.606,-64.761,-0.494,-37.421,0,"mungjungh",-0.241,-17.302,0,"HANA_ARASHI",-18.348,-45.947,0,"crani",-6.083,-65.645,0,"Kr_Luna",19.035,-48.848,0,"Yaksok~",14.192,-61.841,103,"si_ho",41.699,-95.228,0,"-KYU-",2.683,-110.018,0,"SUGUN",-42.93,-92.357,0,0,0,0,5537.191,5,"Yaksok~",19.807,-62.754,0,0,,5539.687,,,97,1
120,6,1,4,2,0,0,0,0,0,0,255,255,255,72,5588.462,"Riyaj",R,27,84,136,-1.237,-0.81,0.056,1.732,-0.671,0.983,-36.788,9.423,38,62,0,2,0,90.645,-138.975,7.399,0,0,1,5,7,R,"-KYU-",176.1,84.92,0.453,3,57,W,Y,5589.644,241,110,68,81,0,142,118,-30,48.593,0.79,0,0.382,-111.899,561.01,-156.145,0.011,-37.464,0,"encounter v",-0.15,-17.799,0,"쟈가리코",-20.538,-47.355,0,"DoYaGee",-15.144,-62.938,0,"わだ、、",17.499,-45.975,0,"muyang_",13.661,-64.329,0,"_송글_",37.04,-86.456,0,"ByeolBam",-2.571,-108.576,0,"Po_cari",-43.396,-91.301,0,5588.694,-1.213,-19.86,0,0,"",0,0,0,0,,,,,32,3
121,6,1,4,2,0,1,0,0,0,0,255,255,255,73,5607.566,"Riyaj",R,26,81,132,0.737,1.401,0.246,2.091,0.213,2.237,-36.788,31.979,91,9,0,4,0,67.515,-163.501,1.2,0,0,1,5,7,R,"-KYU-",176.1,84.92,0.453,0,45,W,Y,0,0,0,0,0,0,0,0,0,0,0,0,0,0,0,0,0.15,-37.602,0,"encounter v",-0.05,-17.562,0,"쟈가리코",-20.716,-46.937,0,"DoYaGee",-16.642,-62.725,0,"わだ、、",18.223,-43.964,0,"muyang_",11.279,-65.148,0,"_송글_",37.922,-85.85,0,"ByeolBam",-4.131,-109.355,0,"Po_cari",-43.377,-91.576,0,0,0,0,0,0,"",0,0,0,0,5608.179,,,,0,0
122,6,1,4,2,0,2,0,0,0,0,255,255,255,74,5620.365,"Riyaj",R,10,72,114,1.462,-0.877,0.335,1.918,0.627,1.634,-36.788,33.159,96,4,0,2,0,0,400,0.82,0,0,1,5,7,R,"-KYU-",176.1,84.92,0.453,3,45,W,Y,5621.612,255,255,102,81,90,145,127,-30,21.309,0.64,0,0.535,-343.156,-189.576,-210.353,-0.095,-37.326,0,"encounter v",-0.028,-17.73,0,"쟈가리코",-20.777,-46.173,66,"DoYaGee",-16.593,-62.749,94,"わだ、、",16.638,-45.949,0,"muyang_",13.477,-64.483,0,"_송글_",38.095,-85.717,0,"ByeolBam",-4.329,-109.372,0,"Po_cari",-43.509,-91.706,0,5620.658,-0.142,-21.63,5622.519,3,"DoYaGee",-14.334,-58.021,0,0,,,,,98,2
123,6,1,4,2,0,0,1,0,0,0,255,255,255,75,5645.521,"Riyaj",R,26,86,139,-0.188,0.223,0.158,1.892,-0.196,1.537,-36.788,17.973,49,51,0,0,0,77.972,-167.469,2.73,0,0,0,6,3,R,"crani",166.6,80,0.4,0,57,W,Y,0,0,0,0,0,0,0,0,0,0,0,0,0,0,0,0,0.155,-37.775,0,"encounter v",-0.045,-17.581,0,"쟈가리코",-19.702,-45.459,0,"DoYaGee",-16.666,-61.458,0,"わだ、、",16.65,-45.069,0,"muyang_",9.215,-61.661,0,"_송글_",34.788,-81.89,0,"ByeolBam",-3.233,-107.625,0,"Po_cari",-36.294,-82.904,0,0,0,0,0,0,"",0,0,0,0,5646.118,,,,0,0
124,6,1,4,2,0,1,1,0,0,0,255,255,255,76,5657.29,"Riyaj",R,26,86,140,0.622,0.804,0.222,1.97,0.104,1.825,-36.788,22.466,46,54,0,2,0,115.355,-200,4.462,0,0,0,6,3,R,"crani",166.6,80,0.4,3,57,W,Y,5658.509,210,71,79,71,39,145,122,-9.339,41.43,0.26,0,0.511,-83.993,517.27,-190.396,-0.039,-37.357,0,"encounter v",-0.039,-17.692,0,"쟈가리코",-18.296,-44.266,73,"DoYaGee",-16.825,-61.134,0,"わだ、、",16.002,-44.826,0,"muyang_",10.63,-61.302,0,"_송글_",35.044,-82.013,0,"ByeolBam",-0.759,-108.899,0,"Po_cari",-35.62,-82.557,0,5657.749,-4.876,-24.963,5658.773,2,"쟈가리코",-19.18,-40.649,0,0,,,,,34,2
125,6,1,4,2,0,0,2,0,0,0,255,255,255,77,5707.223,"Riyaj",R,27,79,129,1.06,1.492,0.268,2.112,0.318,2.313,-36.788,34.79,82,18,0,2,0,88.031,-131.993,2.431,0,0,1,7,6,R,"si_ho",175.6,87.779,0.35,3,35,W,Y,5708.407,255,194,124,57,0,145,127,26.24,-15.749,0.48,0,0.663,4.277,0.866,2.076,0.084,-37.461,0,"encounter v",-0.016,-17.514,0,"쟈가리코",-19.988,-45.793,0,"DoYaGee",-17.186,-61.26,0,"わだ、、",17.07,-46.159,0,"muyang_",12.7,-63.491,0,"_송글_",38.387,-85.205,0,"ByeolBam",-2.922,-107.9,0,"Po_cari",-37.865,-85.319,0,5712.343,30.237,-127.193,5714.628,7,"ByeolBam",24.65,-121.529,1,0,5781.415,5718.374,,,124,2
126,6,1,4,2,0,0,2,0,1,0,255,6,255,0,5887.056,"わだ、、",R,26,86,139,0.359,0.545,0.232,1.588,0.148,1.784,-36.286,17.05,70,30,0,0,0,0.497,-168.327,1.165,0,0,0,8,8,R,"SUGUN",179.9,82.092,0.496,0,55,W,Y,0,0,0,0,0,0,0,0,0,0,0,0,0,0,0,0,0.328,-37.373,0,"encounter v",-0.05,-17.504,0,"Riyaj",-19.144,-44.741,0,"DoYaGee",-16.752,-61.435,0,"쟈가리코",20.255,-44.43,0,"muyang_",9.969,-64.258,0,"_송글_",39.557,-90.558,0,"ByeolBam",-5.418,-109.945,0,"Po_cari",-40.185,-85.475,0,0,0,0,0,0,"",0,0,0,0,5887.385,5889.823,,,0,0
127,6,1,4,2,0,1,2,0,1,0,255,6,255,1,5904.353,"わだ、、",R,0,72,124,1.128,0.75,0.304,1.665,0.482,2.048,-36.286,26.029,100,0,0,0,0,0,0,-21.331,0,0,0,8,8,R,"SUGUN",179.9,82.092,0.496,0,55,W,Y,0,0,0,0,0,0,0,0,0,0,0,0,0,0,0,0,0.263,-37.241,0,"encounter v",-0.029,-17.512,0,"Riyaj",-19.9,-45.637,0,"DoYaGee",-16.076,-61.646,0,"쟈가리코",20.916,-44.333,0,"muyang_",12.147,-63.927,0,"_송글_",40.789,-90.4,0,"ByeolBam",1.204,-110.694,0,"Po_cari",-40.167,-85.566,0,0,0,0,0,0,"",0,0,0,0,5904.761,5907.456,,,0,0
128,6,1,4,2,0,2,2,0,1,0,255,6,255,2,5921.73,"わだ、、",R,10,81,108,1.107,-1.322,0.352,1.625,0.472,1.37,-36.286,24.274,100,0,0,4,0,0,400,8.155,0,0,1,8,8,R,"SUGUN",179.9,82.092,0.496,0,55,W,Y,0,0,0,0,0,0,0,0,0,0,0,0,0,0,0,0,0.285,-37.311,0,"encounter v",-0.222,-17.922,0,"Riyaj",-19.704,-43.696,0,"DoYaGee",-15.556,-61.309,0,"쟈가리코",20.688,-45.986,0,"muyang_",9.293,-64.278,0,"_송글_",39.485,-89.907,0,"ByeolBam",-2.906,-109.172,0,"Po_cari",-40.134,-85.547,0,0,0,0,0,0,"",0,0,0,0,5922.239,5924.982,,,0,0
129,6,0,4,2,0,0,0,0,0,0,255,255,255,47,5977.683,"Penguin_iDOL",R,14,72,111,2.363,0.174,0.253,2.12,0.333,2.138,-36.493,49.283,80,20,0,1,0,382.248,322.314,5.488,0,0,0,3,7,R,"ByeolBam",175.3,90,0.5,0,56,W,Y,0,0,0,0,0,0,0,0,0,0,0,0,0,0,0,0,0.148,-37.616,0,"mungjungh",-0.049,-17.037,0,"HANA_ARASHI",-19.329,-46.082,0,"crani",-13.343,-64.351,0,"Kr_Luna",18.808,-51.456,0,"Yaksok~",10.554,-65.736,0,"si_ho",37.869,-94.865,0,"-KYU-",-1.735,-110.962,0,"SUGUN",-44.74,-90.748,0,0,0,0,0,0,"",0,0,0,0,5978.088,,,,0,0
130,6,0,4,2,1,0,0,0,0,0,255,255,255,48,5996.911,"Penguin_iDOL",R,13,76,115,-1.503,-1.607,0.148,1.641,-0.241,1.195,-36.493,18.039,58,42,0,1,0,-242.484,400,5.395,0,0,0,3,7,R,"ByeolBam",175.3,90,0.5,0,56,W,Y,0,0,0,0,0,0,0,0,0,0,0,0,0,0,0,0,-0.017,-37.663,0,"mungjungh",-0.1,-17.032,0,"HANA_ARASHI",-19.812,-43.613,0,"crani",-13.374,-64.398,0,"Kr_Luna",17.861,-52.648,0,"Yaksok~",11.41,-66.082,0,"si_ho",36.627,-95.142,0,"-KYU-",-1.982,-110.436,0,"SUGUN",-44.925,-90.609,0,0,0,0,0,0,"",0,0,0,0,5997.3,,,,0,0
131,6,0,4,2,2,0,0,0,0,0,255,255,255,49,6018.099,"Penguin_iDOL",R,14,81,118,1.164,-0.052,0.177,1.87,-0.108,1.996,-36.493,32.459,90,10,0,2,0,366.102,340.543,5.715,0,0,1,3,7,R,"ByeolBam",175.3,90,0.5,3,56,W,Y,6019.111,255,61,140,70,27,145,127,90.816,-89.045,0.5,0,0.165,73.343,167.75,-42.396,-0.078,-36.952,0,"mungjungh",0.017,-17.205,0,"HANA_ARASHI",-21.771,-46.733,0,"crani",-13.304,-64.325,0,"Kr_Luna",19.447,-50.947,0,"Yaksok~",11.988,-67.618,0,"si_ho",36.679,-95.338,0,"-KYU-",-1.012,-105.174,0,"SUGUN",-44.74,-90.583,0,6025.076,-98.496,-11.864,0,0,"",0,0,0,0,,,,,4,3
132,6,0,4,2,2,1,0,0,0,0,255,255,255,50,6047.032,"Penguin_iDOL",R,29,86,140,1.158,-0.322,0.378,1.651,0.827,1.227,-36.493,33.46,93,7,0,0,0,-250,-200,13.443,0,0,0,3,7,R,"ByeolBam",175.3,90,0.5,0,56,W,Y,0,0,0,0,0,0,0,0,0,0,0,0,0,0,0,0,0.112,-37.477,0,"mungjungh",-0.115,-17.131,0,"HANA_ARASHI",-20.056,-44.321,0,"crani",-13.777,-64.501,0,"Kr_Luna",19.762,-51.645,0,"Yaksok~",9.629,-66.369,0,"si_ho",36.365,-95.98,0,"-KYU-",-0.884,-106.269,0,"SUGUN",-45.036,-91.918,0,0,0,0,0,0,"",0,0,0,0,6047.252,,,,0,0
133,6,0,4,2,2,2,0,0,0,0,255,255,255,51,6064.304,"Penguin_iDOL",R,13,71,99,-3.247,-2.287,-0.038,1.631,-0.737,0.855,-36.493,10.63,54,46,0,1,0,-321.616,349.714,4.084,-0.655,-19.663,0,3,7,R,"ByeolBam",175.3,90,0.5,0,56,W,Y,0,0,0,0,0,0,0,0,0,0,0,0,0,0,0,0,0.083,-37.692,0,"mungjungh",-0.415,-17.333,0,"HANA_ARASHI",-19.495,-42.952,0,"crani",-13.796,-64.485,0,"Kr_Luna",19.763,-51.586,0,"Yaksok~",11.414,-67.476,0,"si_ho",35.886,-96.061,0,"-KYU-",-1.134,-106.699,0,"SUGUN",-45.039,-91.945,0,0,0,0,0,0,"",0,0,0,0,6064.791,,,,0,0
134,6,0,4,2,3,2,0,0,0,0,255,255,255,52,6080.108,"Penguin_iDOL",R,26,88,140,0.295,0.556,0.271,1.795,0.331,1.735,-36.493,29.693,83,17,0,0,0,-158.095,-200,20.651,0,0,1,3,7,R,"ByeolBam",175.3,90,0.5,0,56,W,Y,0,0,0,0,0,0,0,0,0,0,0,0,0,0,0,0,0.042,-37.616,0,"mungjungh",-0.151,-17.135,0,"HANA_ARASHI",-19.953,-44.281,0,"crani",-13.773,-64.466,0,"Kr_Luna",19.882,-51.467,0,"Yaksok~",8.57,-65.517,0,"si_ho",35.929,-95.478,0,"-KYU-",-1.354,-106.807,0,"SUGUN",-45.032,-91.908,0,0,0,0,0,0,"",0,0,0,0,6080.361,,,,0,0
135,6,0,4,2,0,0,1,0,0,0,255,255,255,53,6103.795,"Penguin_iDOL",R,14,78,104,-0.761,-0.183,-0.191,1.915,-1.05,1.933,-36.493,32.85,94,6,0,0,0,369.138,312.348,10.731,0,0,1,4,1,L,"encounter v",190.2,90.067,0.45,0,56,W,Y,0,0,0,0,0,0,0,0,0,0,0,0,0,0,0,0,-0.074,-37.442,0,"mungjungh",-0.099,-17.092,0,"HANA_ARASHI",-20.086,-47.216,0,"crani",-8,-66.19,0,"Kr_Luna",20.371,-51.349,0,"Yaksok~",13.823,-65.04,0,"si_ho",42.682,-97.054,0,"-KYU-",3.628,-106.682,0,"SUGUN",-45.042,-92.04,0,0,0,0,0,0,"",0,0,0,0,6104.239,,,,0,0
136,6,0,4,2,0,1,1,0,0,0,255,255,255,54,6139.387,"Penguin_iDOL",R,22,68,100,-1.68,-0.979,0.126,1.806,-0.231,1.295,-36.493,25.924,100,0,0,2,0,-243.859,198.557,6.315,0,0,1,4,1,L,"encounter v",190.2,90.067,0.45,3,40,W,Y,6140.433,176,185,81,109,100,145,109,-7.869,40.234,0.93,0,0.634,112.764,187.766,174.299,-0.451,-37.061,0,"mungjungh",-0.233,-17.34,0,"HANA_ARASHI",-19.639,-48.187,85,"crani",-10.033,-64.627,0,"Kr_Luna",20.757,-52.586,0,"Yaksok~",13.983,-65.802,0,"si_ho",41.263,-97.577,0,"-KYU-",-1.865,-105.687,0,"SUGUN",-37.075,-87.007,0,6139.573,-3.262,-24.243,6140.937,2,"HANA_ARASHI",-20.419,-42.753,0,0,,,,,20,2
137,6,0,4,2,0,0,2,0,0,0,255,255,255,55,6164.143,"Penguin_iDOL",R,14,79,104,1.703,0.663,0.16,2.164,0.013,2.458,-36.493,46.295,86,14,0,1,0,369.138,312.348,7.479,0,0,0,5,2,R,"Riyaj",190,80,0.2,0,42,W,Y,0,0,0,0,0,0,0,0,0,0,0,0,0,0,0,0,0.133,-37.482,0,"mungjungh",-0.018,-17.158,0,"HANA_ARASHI",-21.944,-47.105,0,"crani",-13.621,-64.056,0,"Kr_Luna",18.993,-52.924,0,"Yaksok~",11.632,-66.164,0,"si_ho",35.165,-96.407,0,"-KYU-",4.304,-107.741,0,"SUGUN",-44.581,-92.097,0,0,0,0,0,0,"",0,0,0,0,6164.573,,,,0,0
138,6,0,4,2,1,0,2,0,0,0,255,255,255,56,6185.281,"Penguin_iDOL",R,13,70,110,-1.519,-1.019,0.204,1.787,0.02,1.393,-36.493,27.676,100,0,0,1,0,-377.08,328.346,4.471,0,0,0,5,2,R,"Riyaj",190,80,0.2,0,42,W,Y,0,0,0,0,0,0,0,0,0,0,0,0,0,0,0,0,0.102,-37.4,0,"mungjungh",-0.149,-17.163,0,"HANA_ARASHI",-21.339,-46.161,0,"crani",-13.602,-64.09,0,"Kr_Luna",19.105,-51.113,0,"Yaksok~",11.616,-66.151,0,"si_ho",35.103,-96.864,0,"-KYU-",2.143,-109.573,0,"SUGUN",-44.6,-92.204,0,0,0,0,0,0,"",0,0,0,0,6185.604,,,,0,0
139,6,0,4,2,2,0,2,0,0,0,255,255,255,57,6205.448,"Penguin_iDOL",R,14,79,116,0.891,-0.92,0.14,1.789,-0.28,1.399,-36.493,21.731,94,6,0,2,0,390.434,312.348,14.04,0,0,1,5,2,R,"Riyaj",190,80,0.2,3,42,W,Y,6206.327,189,218,73,94,18,145,127,-16.346,-36.736,0.26,0,0.37,-342.061,-260.62,-418.416,0.121,-37.032,0,"mungjungh",-0.049,-17.189,0,"HANA_ARASHI",-22.285,-47.358,0,"crani",-13.592,-64.002,77,"Kr_Luna",18.979,-52.135,0,"Yaksok~",12.29,-66.774,0,"si_ho",35.391,-98.151,0,"-KYU-",3.261,-109.296,0,"SUGUN",-44.834,-92.134,0,6205.428,1.862,-23.079,6211.979,6,"si_ho",66.832,-99.519,1,0,,6216.728,,,196,2
140,6,0,4,2,0,0,2,0,1,0,255,12,255,58,6245.025,"Penguin_iDOL",R,6,72,99,-1.219,0.189,-0.219,1.968,-1.3,1.888,-36.493,30.05,92,8,0,0,0,436.236,122.715,18.979,0,0,0,6,3,R,"DoYaGee",175.4,80,0.451,0,55,W,Y,0,0,0,0,0,0,0,0,0,0,0,0,0,0,0,0,0.049,-37.619,0,"mungjungh",-0.013,-17.064,0,"HANA_ARASHI",-19.831,-44.984,0,"crani",-13.197,-64.479,0,"Kr_Luna",19.298,-44.001,0,"Yaksok~",12.887,-64.423,0,"si_ho",34.71,-94.213,0,"-KYU-",-1.216,-110.803,0,"SUGUN",-44.823,-92.218,0,0,0,0,0,0,"",0,0,0,0,6245.506,6247.303,,,0,0
141,6,0,4,2,0,1,2,0,1,0,255,12,255,59,6262.988,"Penguin_iDOL",R,29,85,137,-2.91,1.539,0.001,1.956,-0.925,2.299,-36.493,35.361,91,9,0,1,0,-250,-200,10.667,0,0,0,6,3,R,"DoYaGee",175.4,80,0.451,0,55,W,Y,0,0,0,0,0,0,0,0,0,0,0,0,0,0,0,0,-0.209,-37.478,0,"mungjungh",-0.612,-17.344,0,"HANA_ARASHI",-20.344,-46.148,0,"crani",-12.833,-64.365,0,"Kr_Luna",19.415,-46.332,0,"Yaksok~",9.356,-65.489,0,"si_ho",33.679,-95.038,0,"-KYU-",-2.005,-110.369,0,"SUGUN",-44.817,-92.305,0,0,0,0,0,0,"",0,0,0,0,6263.288,6265.623,,,0,0
142,6,0,4,2,0,2,2,0,1,0,255,12,255,60,6284.761,"Penguin_iDOL",R,29,74,125,0.755,0.335,0.351,1.751,0.704,1.581,-36.493,34.817,95,5,0,2,0,-250,-200,8.552,0,0,1,6,3,R,"DoYaGee",175.4,80,0.451,3,55,W,Y,6285.689,214,148,105,56,34,145,94,3.043,11.107,-0.35,0,0.203,-29.573,485.932,-28.673,-0.241,-37.465,0,"mungjungh",0.015,-17.378,0,"HANA_ARASHI",-20.345,-45.847,0,"crani",-13.112,-64.101,87,"Kr_Luna",18.492,-47.543,0,"Yaksok~",11.806,-65.236,0,"si_ho",33.724,-95.052,0,"-KYU-",-0.428,-106.602,0,"SUGUN",-44.69,-92.288,0,6285.688,-5.701,-45.783,6286.864,3,"crani",-9.029,-59.322,0,0,,,6291.042,,86,2
143,7,1,4,2,0,0,0,0,0,0,255,255,255,3,6400.343,"わだ、、",R,14,87,110,1.143,-0.303,0.141,1.832,-0.182,1.848,-36.286,26.531,100,0,0,0,0,390.434,312.348,-0.874,0,0,0,0,5,R,"Yaksok~",173.3,80,0.332,0,55,W,Y,0,0,0,0,0,0,0,0,0,0,0,0,0,0,0,0,0.191,-37.084,0,"encounter v",-0.014,-17.638,0,"Riyaj",-19.265,-45.23,0,"DoYaGee",-15.692,-61.535,0,"쟈가리코",20.991,-47.049,0,"muyang_",13.021,-65.264,0,"_송글_",37.655,-87.614,0,"ByeolBam",-3.063,-106.134,0,"Po_cari",-39.566,-88.574,0,0,0,0,0,0,"",0,0,0,0,6400.676,,,,0,0
144,7,1,4,2,0,1,0,0,0,0,255,255,255,4,6416.123,"わだ、、",R,6,87,112,1.958,0.02,0.239,1.758,0.121,1.672,-36.286,29.126,100,0,0,1,0,418.414,42.695,8.219,0,0,0,0,5,R,"Yaksok~",173.3,80,0.332,0,55,W,Y,0,0,0,0,0,0,0,0,0,0,0,0,0,0,0,0,0.219,-36.901,0,"encounter v",-0.016,-17.649,0,"Riyaj",-19.165,-45.131,0,"DoYaGee",-14.58,-62.243,0,"쟈가리코",21.483,-47.056,0,"muyang_",10.324,-65.131,0,"_송글_",38.281,-87.973,0,"ByeolBam",-0.628,-106.361,0,"Po_cari",-39.645,-88.698,0,0,0,0,0,0,"",0,0,0,0,6416.452,,,,0,0
145,7,1,4,2,1,1,0,0,0,0,255,255,255,5,6432.96,"わだ、、",R,26,87,140,0.305,-0.155,0.226,1.465,0.123,1.351,-36.286,14.892,70,30,0,0,0,2.126,-184.488,-1.94,0,0,0,0,5,R,"Yaksok~",173.3,80,0.332,0,55,W,Y,0,0,0,0,0,0,0,0,0,0,0,0,0,0,0,0,0.154,-36.913,0,"encounter v",-0.007,-17.634,0,"Riyaj",-19.265,-45.194,0,"DoYaGee",-15.17,-63.661,0,"쟈가리코",21.017,-47.619,0,"muyang_",10.809,-64.166,0,"_송글_",38.18,-88.065,0,"ByeolBam",-0.659,-106.245,0,"Po_cari",-39.576,-88.563,0,0,0,0,0,0,"",0,0,0,0,6433.082,,,,0,0
146,7,1,4,2,1,2,0,0,0,0,255,255,255,6,6447.83,"わだ、、",R,14,93,115,1.426,-1.302,0.188,1.584,-0.038,1.261,-36.286,16.543,100,0,0,1,0,390.434,312.348,22.692,0.424,-17.371,0,0,5,R,"Yaksok~",173.3,80,0.332,0,55,W,Y,0,0,0,0,0,0,0,0,0,0,0,0,0,0,0,0,0.372,-37.116,0,"encounter v",-0.047,-17.695,0,"Riyaj",-19.161,-45.071,0,"DoYaGee",-15.268,-63.588,0,"쟈가리코",21.073,-47.521,0,"muyang_",12.482,-65.109,0,"_송글_",38.301,-87.93,0,"ByeolBam",-1.293,-106.913,0,"Po_cari",-39.479,-88.513,0,0,0,0,0,0,"",0,0,0,0,6448.106,,,,0,0
147,7,1,4,2,2,2,0,0,0,0,255,255,255,7,6461.484,"わだ、、",R,14,84,109,1.611,-0.145,0.2,1.877,0,1.954,-36.286,35.582,100,0,0,2,0,386.885,312.348,9.86,0,0,1,0,5,R,"Yaksok~",173.3,80,0.332,3,55,W,Y,6462.536,255,84,75,48,0,139,118,-30,39.033,0.2,0,0.147,-286.59,320.931,141.094,0.147,-36.717,0,"encounter v",0.031,-17.76,0,"Riyaj",-19.069,-44.929,85,"DoYaGee",-16.656,-62.479,0,"쟈가리코",20.705,-47.598,0,"muyang_",14.102,-64.534,0,"_송글_",38.205,-87.978,0,"ByeolBam",-1.226,-106.934,0,"Po_cari",-39.56,-88.592,0,6461.434,-0.364,-19.485,6463.01,2,"Riyaj",-18.867,-42.258,0,0,,,,,36,2
148,7,1,4,2,0,0,1,0,0,0,255,255,255,8,6655.555,"わだ、、",R,26,90,140,-1.042,1.07,0.09,1.694,-0.511,2.12,-36.286,17.99,100,0,0,1,0,41.986,-200,5.797,0,0,0,1,4,L,"Kr_Luna",190,95.256,0.504,0,55,W,Y,0,0,0,0,0,0,0,0,0,0,0,0,0,0,0,0,0.359,-37.395,0,"encounter v",-0.03,-17.464,0,"Riyaj",-19.875,-46.144,0,"DoYaGee",-11.574,-65.516,0,"쟈가리코",20.838,-47.636,0,"shimenawa",13.946,-64.724,0,"_송글_",47.047,-99.311,0,"ByeolBam",3.695,-109.188,0,"muyang_",-43.642,-94.555,0,0,0,0,0,0,"",0,0,0,0,6655.439,,,,0,0
149,7,1,4,2,1,0,1,0,0,0,255,255,255,9,6667.846,"わだ、、",R,13,83,122,-0.027,0.636,0.324,1.765,0.578,2.351,-36.286,34.961,100,0,0,0,0,-385.983,317.832,-8.645,0,0,0,1,4,L,"Kr_Luna",190,95.256,0.504,0,55,W,Y,0,0,0,0,0,0,0,0,0,0,0,0,0,0,0,0,0.294,-37.165,0,"encounter v",-0.058,-17.452,0,"Riyaj",-19.68,-45.953,0,"DoYaGee",-12.013,-65.493,0,"쟈가리코",19.891,-47.027,0,"shimenawa",13.968,-64.708,0,"_송글_",47.244,-99.675,0,"ByeolBam",3.193,-107.773,0,"muyang_",-42.084,-89.269,0,0,0,0,0,0,"",0,0,0,0,6667.81,,,,0,0
150,7,1,4,2,1,1,1,0,0,0,255,255,255,10,6683.687,"わだ、、",R,0,78,115,0.711,0.451,0.256,2.043,0.287,1.884,-36.286,55.948,100,0,0,2,0,8.757,2.908,-3.559,0,0,0,1,4,L,"Kr_Luna",190,95.256,0.504,3,55,W,Y,6684.571,172,98,123,103,50,145,130,32.675,-6.638,0.4,0,0.145,225.636,-26.435,-61.14,0.227,-36.674,0,"encounter v",0.027,-17.633,0,"Riyaj",-19.044,-45.41,0,"DoYaGee",-12.327,-65.3,85,"쟈가리코",20.924,-47.913,0,"shimenawa",13.276,-64.957,0,"_송글_",47.289,-99.611,0,"ByeolBam",3.823,-109.601,111,"muyang_",-41.254,-90.522,0,6689.294,15.168,-133.836,6689.779,7,"ByeolBam",15.284,-133.105,1,0,,6694.761,,,76,2
151,7,1,4,2,0,0,1,0,1,0,255,4,255,11,6719.5,"わだ、、",R,26,77,128,1.716,2.157,0.365,1.897,0.765,2.779,-36.286,41.944,100,0,0,4,0,-20.483,-200,-3.268,0,0,1,2,0,R,"Penguin_iDOL",190,80,0.25,0,54,W,Y,0,0,0,0,0,0,0,0,0,0,0,0,0,0,0,0,0.269,-37.18,0,"encounter v",-0.026,-17.457,0,"Riyaj",-19.586,-45.428,0,"DoYaGee",-16.457,-62.101,0,"쟈가리코",20.51,-46.934,0,"shimenawa",7.369,-65.327,0,"_송글_",37.66,-88.026,0,"ByeolBam",-3.923,-112.836,0,"muyang_",-46.886,-92.472,0,0,0,0,0,0,"",0,0,0,0,6719.621,6721.944,,,0,0
152,7,1,4,2,0,1,1,0,1,0,255,4,255,12,6736.667,"わだ、、",R,26,86,140,0.249,0.582,0.23,1.599,0.14,1.812,-36.286,18.705,70,30,0,0,0,-29.578,-200,2.67,0,0,1,2,0,R,"Penguin_iDOL",190,80,0.25,0,54,W,Y,0,0,0,0,0,0,0,0,0,0,0,0,0,0,0,0,0.35,-37.32,0,"encounter v",-0.073,-17.451,0,"Riyaj",-19.621,-45.219,0,"DoYaGee",-16.568,-62.629,0,"쟈가리코",20.262,-47.032,0,"shimenawa",7.164,-65.589,0,"_송글_",37.662,-87.985,0,"ByeolBam",-5.833,-112.061,0,"muyang_",-44.57,-93.799,0,0,0,0,0,0,"",0,0,0,0,6736.682,6739.457,,,0,0
153,7,1,4,2,0,2,1,0,1,0,255,4,255,13,6753.389,"わだ、、",R,10,86,112,0.329,-1.308,0.244,1.578,0.136,1.282,-36.286,16.792,59,41,0,2,0,0,400,6.204,0,0,1,2,0,R,"Penguin_iDOL",190,80,0.25,3,54,W,Y,6754.808,227,130,147,87,49,145,106,-18.294,-14.954,-0.05,0,0.395,-540.442,-96.252,-23.331,0.012,-37.039,0,"encounter v",-0.041,-17.625,0,"Riyaj",-19.254,-45.067,0,"DoYaGee",-16.536,-62.602,0,"쟈가리코",20.211,-47.73,88,"shimenawa",11.674,-66.422,88,"_송글_",37.646,-87.999,0,"ByeolBam",0.163,-111.882,0,"muyang_",-44.643,-90.186,0,6753.513,0.319,-21.25,6755.464,5,"shimenawa",7.732,-59.223,1,2,,,,,134,2
154,7,1,4,2,0,0,2,1,0,0,0,255,255,14,6783.931,"わだ、、",R,26,86,139,0.556,0.305,0.25,1.549,0.235,1.651,-36.286,20.728,56,44,0,0,0,-0.522,-184.894,-2.722,0,0,1,3,1,R,"mungjungh",190,90.096,0.299,0,54,W,Y,0,0,0,0,0,0,0,0,0,0,0,0,0,0,0,0,0.162,-37.093,0,"encounter v",-0.054,-17.446,0,"Riyaj",-20.375,-42.516,0,"DoYaGee",-17.061,-61.569,0,"쟈가리코",22.018,-49.111,0,"shimenawa",8.845,-65.342,0,"_송글_",37.225,-86.922,0,"ByeolBam",-0.933,-106.755,0,"muyang_",-43.807,-92.174,0,0,0,0,0,0,"",0,0,0,0,6783.997,,,,0,0
155,7,1,4,2,0,1,2,1,0,0,0,255,255,15,6798.282,"わだ、、",R,10,88,114,0.188,-1.948,0.224,1.388,0.075,0.872,-36.286,16.5,55,45,0,2,0,0,400,6.884,0,0,1,3,1,R,"mungjungh",190,90.096,0.299,3,54,W,Y,6799.341,238,125,189,65,49,145,117,-12.948,14.82,0.87,0,0.603,-163.381,215.535,-3.15,-0.076,-36.675,0,"encounter v",-0.041,-17.629,0,"Riyaj",-19.073,-44.495,0,"DoYaGee",-17.564,-61.598,0,"쟈가리코",21.363,-48.583,0,"shimenawa",12.812,-64.902,107,"_송글_",39.535,-89.595,0,"ByeolBam",-0.26,-110.418,108,"muyang_",-43.782,-91.063,0,6798.052,-0.319,-22.401,6802.615,7,"ByeolBam",-21.809,-108.074,1,4,,6804.796,6809.808,,143,2
156,7,0,4,2,0,0,0,0,0,0,255,255,255,61,6863.705,"Penguin_iDOL",R,29,88,140,-2.224,1.17,0.054,1.896,-0.681,2.089,-36.493,33.151,92,8,0,2,0,-250,-200,18.627,0,0,1,7,5,L,"shimenawa",175.1,94.576,0.295,3,54,W,Y,6865.03,159,71,109,48,3,145,89,-6.263,44.207,-0.64,0,0.33,-312.052,499.903,-11.928,-0.217,-37.288,0,"mungjungh",-0.161,-17.29,0,"HANA_ARASHI",-19.251,-47.419,0,"crani",-10.867,-64.411,0,"Kr_Luna",20.273,-48.004,0,"Yaksok~",15.223,-66.255,0,"si_ho",40.295,-93.599,0,"-KYU-",2.292,-108.265,0,"SUGUN",-45.283,-93.353,0,6864.124,-7.293,-26.505,6868.918,0,"Penguin_iDOL",-10.517,-34.42,1,0,,,,,4,2
157,7,0,4,2,0,0,0,1,0,0,15,255,255,62,6897.534,"Penguin_iDOL",R,14,73,112,1.123,-0.651,0.155,1.973,-0.21,1.659,-36.493,34.226,87,13,0,0,0,390.434,312.348,14.373,0,0,0,8,8,R,"muyang_",171.1,80,0.498,0,54,W,Y,0,0,0,0,0,0,0,0,0,0,0,0,0,0,0,0,0.178,-37.387,0,"mungjungh",0.053,-17.27,0,"HANA_ARASHI",-19.845,-42.973,0,"crani",-11.125,-62.268,0,"Kr_Luna",17.701,-48.562,0,"Yaksok~",6.128,-61.322,0,"si_ho",36.851,-96.086,0,"-KYU-",0.068,-105.427,0,"SUGUN",-42.015,-95.091,0,0,0,0,0,0,"",0,0,0,0,6897.651,,,,0,0
158,7,0,4,2,0,1,0,1,0,0,15,255,255,63,6920.405,"Penguin_iDOL",R,26,84,136,-0.085,0.871,0.223,1.838,0.108,1.889,-36.493,30.868,81,19,0,0,0,-111.841,-200,25.33,0,0,0,8,8,R,"muyang_",171.1,80,0.498,0,54,W,Y,0,0,0,0,0,0,0,0,0,0,0,0,0,0,0,0,-0.313,-37.655,0,"mungjungh",-0.166,-17.807,0,"HANA_ARASHI",-19.708,-42.206,0,"crani",-13.181,-63.246,0,"Kr_Luna",19.676,-47.66,0,"Yaksok~",0.102,-59.864,0,"si_ho",36.816,-96.097,0,"-KYU-",-1.159,-105.382,0,"SUGUN",-42.5,-94.666,0,0,0,0,0,0,"",0,0,0,0,6920.409,6923.266,,,0,0
159,7,0,4,2,0,2,0,0,1,0,255,15,255,64,6945.32,"Penguin_iDOL",R,14,74,113,3.053,-0.736,0.291,1.989,0.653,1.621,-36.493,37.619,80,20,0,2,0,379.718,325.291,2.073,0,0,0,8,8,R,"muyang_",171.1,80,0.498,3,54,W,Y,6946.386,118,161,60,67,10,136,89,-32.049,-39.276,-0.24,0,0.075,-67.204,-146.777,-48.582,0.057,-37.349,0,"mungjungh",0.192,-17.322,0,"HANA_ARASHI",-19.582,-44.154,70,"crani",-13.728,-63.36,0,"Kr_Luna",19.148,-46.172,100,"Yaksok~",11.693,-63.544,0,"si_ho",39.133,-96.078,0,"-KYU-",0.08,-107.574,0,"SUGUN",-43.253,-94.043,0,6945.161,1.236,-20.168,6946.912,4,"Kr_Luna",17.528,-40.045,0,0,,6949.62,,,22,2
160,7,0,4,2,0,0,1,0,1,0,255,15,255,65,6973.847,"Penguin_iDOL",R,29,77,127,-1.639,1.636,0.127,1.967,-0.34,2.337,-36.493,37.579,87,13,0,4,0,-250,-200,11.205,0,0,1,0,6,R,"_송글_",175.4,90.478,0.316,0,54,W,Y,0,0,0,0,0,0,0,0,0,0,0,0,0,0,0,0,-0.306,-37.53,0,"mungjungh",-0.402,-17.44,0,"HANA_ARASHI",-20.625,-44.756,0,"crani",-14.232,-63.709,0,"Kr_Luna",17.397,-44.763,0,"Yaksok~",7.296,-61.964,0,"si_ho",35.433,-97.271,0,"-KYU-",-2.639,-109.777,0,"SUGUN",-45.006,-91.732,0,0,0,0,0,0,"",0,0,0,0,6973.846,6976.397,,,0,0
161,7,0,4,2,0,1,1,0,1,0,255,15,255,66,7006.303,"Penguin_iDOL",R,3,69,99,-2.587,-1.269,0.077,1.686,-0.38,0.985,-36.493,21.721,100,0,0,4,0,-357.143,63.474,2.242,0,0,1,0,6,R,"_송글_",175.4,90.478,0.316,0,54,W,Y,0,0,0,0,0,0,0,0,0,0,0,0,0,0,0,0,-0.008,-37.706,0,"mungjungh",-0.144,-17.34,0,"HANA_ARASHI",-18.874,-40.476,0,"crani",-14.444,-63.502,0,"Kr_Luna",17.872,-45.438,0,"Yaksok~",6.695,-60.884,0,"si_ho",35.232,-97.432,0,"-KYU-",-1.864,-105.92,0,"SUGUN",-45.218,-91.676,0,0,0,0,0,0,"",0,0,0,0,7006.464,7008.933,,,0,0
162,7,0,4,2,0,2,1,0,1,0,255,15,255,67,7025.795,"Penguin_iDOL",R,13,70,98,-2.777,-2.173,-0.003,1.694,-0.63,1.004,-36.493,21.662,100,0,0,1,0,-271.723,396.205,8.166,-0.568,-19.562,0,0,6,R,"_송글_",175.4,90.478,0.316,0,48,W,Y,0,0,0,0,0,0,0,0,0,0,0,0,0,0,0,0,-0.069,-38.033,0,"mungjungh",-0.8,-17.347,0,"HANA_ARASHI",-19.432,-41.234,0,"crani",-13.697,-64.237,0,"Kr_Luna",16.927,-46.384,0,"Yaksok~",5.722,-60.96,0,"si_ho",35.402,-97.316,0,"-KYU-",-4.857,-106.732,0,"SUGUN",-45.196,-91.533,0,0,0,0,0,0,"",0,0,0,0,7025.985,7028.431,,,0,0
163,7,0,4,2,1,2,1,0,1,0,255,15,255,68,7045.139,"Penguin_iDOL",R,26,90,140,-0.031,1.809,0.243,2.002,0.199,2.459,-36.493,36.668,78,22,0,1,0,-172.229,-200,31.42,0,0,0,0,6,R,"_송글_",175.4,90.478,0.316,0,48,W,Y,0,0,0,0,0,0,0,0,0,0,0,0,0,0,0,0,-0.174,-37.738,0,"mungjungh",-0.116,-17.32,0,"HANA_ARASHI",-19.076,-41.838,0,"crani",-13.707,-63.862,0,"Kr_Luna",17.768,-44.259,0,"Yaksok~",6.849,-60.845,0,"si_ho",34.402,-95.174,0,"-KYU-",-1.785,-106.256,0,"SUGUN",-45.045,-91.599,0,0,0,0,0,0,"",0,0,0,0,7045.063,7048.319,,,0,0
164,7,0,4,2,2,2,1,0,1,0,255,15,255,69,7065.329,"Penguin_iDOL",R,13,67,96,-2.073,-1.673,0.141,1.776,-0.182,1.196,-36.493,25.452,100,0,0,4,0,-330.705,326.205,4.805,-0.517,-18.629,1,0,6,R,"_송글_",175.4,90.478,0.316,0,48,W,Y,0,0,0,0,0,0,0,0,0,0,0,0,0,0,0,0,0.23,-37.615,0,"mungjungh",-0.167,-18.715,0,"HANA_ARASHI",-18.06,-40.526,0,"crani",-13.731,-63.888,0,"Kr_Luna",17.294,-46.17,0,"Yaksok~",6.124,-63.287,0,"si_ho",35.539,-98.479,0,"-KYU-",-1.786,-105.438,0,"SUGUN",-44.988,-91.532,0,0,0,0,0,0,"",0,0,0,1,7065.476,7068.625,,,0,0
165,7,0,4,2,0,0,2,1,1,0,14,15,255,70,7123.002,"Penguin_iDOL",R,29,79,129,-1.23,1.052,0.132,1.973,-0.315,2.304,-36.493,42.03,87,13,0,2,0,-250,-200,14.175,0,0,1,2,0,L,"わだ、、",190,80,0.498,3,53,W,Y,7124.106,255,155,102,128,64,145,91,60.53,44.868,-0.78,0,0.541,384.809,258.227,-363.869,-0.484,-37.169,0,"mungjungh",-0.075,-17.382,0,"HANA_ARASHI",-18.924,-43.875,0,"crani",-9.833,-65.509,0,"Kr_Luna",19.048,-47.435,0,"Yaksok~",16.468,-65.595,0,"si_ho",42.013,-95.147,0,"-KYU-",2.289,-110.501,0,"SUGUN",-45.256,-91.601,0,7128.87,-44.739,-59.403,0,0,"",0,0,0,0,,7129.131,7128.471,,4,3
166,7,0,4,2,0,1,2,1,1,0,14,15,255,71,7154.014,"Penguin_iDOL",R,14,81,106,2.897,-0.962,0.322,1.7,0.532,1.437,-36.493,31.866,93,7,0,2,0,375.96,312.707,8.725,0,0,1,2,0,L,"わだ、、",190,80,0.498,3,53,W,Y,7155.251,255,201,117,132,82,145,93,25.294,-60.872,0.97,0,0.915,192.187,383.65,142.284,-0.039,-37.283,0,"mungjungh",0.088,-17.082,0,"HANA_ARASHI",-18.564,-43.251,0,"crani",-8.789,-65.385,0,"Kr_Luna",19.441,-45.647,0,"Yaksok~",15.875,-65.887,0,"si_ho",43.528,-94.813,0,"-KYU-",2.751,-109.059,0,"SUGUN",-44.604,-91.211,0,7157.524,46.962,-48.913,0,0,"",0,0,0,0,,7163.145,,,4,3
167,7,0,4,2,0,2,2,1,1,0,14,15,255,72,7180.13,"Penguin_iDOL",R,14,79,105,3.88,-1.324,0.453,1.806,0.969,1.224,-36.493,36.018,92,8,0,4,0,364.66,322.579,5.669,0,0,1,2,0,L,"わだ、、",190,80,0.498,0,53,W,Y,0,0,0,0,0,0,0,0,0,0,0,0,0,0,0,0,0.15,-37.877,0,"mungjungh",0.19,-17.283,0,"HANA_ARASHI",-19.945,-43.283,0,"crani",-8.579,-65.406,0,"Kr_Luna",19.355,-42.602,0,"Yaksok~",15.806,-63.479,0,"si_ho",45.067,-93.636,0,"-KYU-",1.913,-110.202,0,"SUGUN",-45.469,-90.955,0,0,0,0,0,0,"",0,0,0,4,7180.445,,,,0,0
168,7,0,4,2,0,2,2,1,1,0,14,15,255,72,7292.369,"Penguin_iDOL",R,14,80,105,2.661,-1.663,0.299,1.728,0.452,1.021,-36.493,30.151,92,8,0,4,0,359.646,328.699,9.525,0,0,1,2,0,L,"わだ、、",190,80,0.498,0,53,W,Y,0,0,0,0,0,0,0,0,0,0,0,0,0,0,0,0,-0.257,-37.177,0,"mungjungh",-0.117,-17.793,0,"HANA_ARASHI",-19.98,-45.867,0,"crani",-12.305,-63.68,0,"Kr_Luna",19.394,-44.937,0,"Yaksok~",16.919,-65.143,0,"si_ho",44.848,-95.18,0,"-KYU-",3.195,-106.681,0,"SUGUN",-43.771,-92.368,0,0,0,0,0,0,"",0,0,0,4,7292.664,,,,0,0
169,8,1,4,2,0,0,0,0,0,0,255,255,255,16,7406.763,"わだ、、",R,10,89,114,0.246,-0.62,0.259,1.75,0.184,1.654,-36.286,26.13,97,3,0,2,0,0,400,4.183,0,0,0,4,2,R,"Yes_Man_",190,84.826,0.502,3,53,W,Y,7407.957,221,71,105,72,51,145,90,7.821,-22.598,-0.82,0,0.525,6.25,184.754,11.023,0.14,-36.873,0,"encounter v",-0.016,-17.61,0,"Riyaj",-19.858,-45.514,87,"DoYaGee",-14.739,-63.852,0,"쟈가리코",21.745,-50.232,0,"shimenawa",11.774,-65.04,0,"_송글_",37.828,-88.65,0,"ByeolBam",-1.861,-110.481,0,"muyang_",-46.112,-93.405,0,7408.282,13.41,-54.285,7408.882,5,"shimenawa",15.236,-59.263,0,0,,,,,164,2
170,8,1,4,2,0,0,1,0,0,0,255,255,255,17,7430.124,"わだ、、",R,26,84,136,0.136,0.245,0.204,1.525,0.02,1.566,-36.286,20.5,70,30,0,0,0,24.332,-200,-5.569,0,0,0,5,7,R,"-KYU-",176.1,84.92,0.453,0,53,W,Y,0,0,0,0,0,0,0,0,0,0,0,0,0,0,0,0,0.045,-37.03,0,"encounter v",-0.063,-17.487,0,"Riyaj",-19.506,-44.475,0,"DoYaGee",-14.129,-63.541,0,"쟈가리코",19.497,-48.3,0,"shimenawa",9.697,-65.549,0,"_송글_",36.727,-88.753,0,"ByeolBam",-3.33,-111.604,0,"muyang_",-46.708,-96.532,0,0,0,0,0,0,"",0,0,0,0,7430.252,,,,0,0
171,8,1,4,2,0,1,1,0,0,0,255,255,255,18,7446.431,"わだ、、",R,8,86,121,-1.94,-0.109,-0.107,1.698,-0.952,1.533,-36.286,19.117,100,0,0,1,0,69.913,1.798,16.727,0,0,0,5,7,R,"-KYU-",176.1,84.92,0.453,0,53,W,Y,0,0,0,0,0,0,0,0,0,0,0,0,0,0,0,0,0.118,-37.035,0,"encounter v",-0.093,-17.527,0,"Riyaj",-19.548,-44.463,0,"DoYaGee",-14.297,-63.692,0,"쟈가리코",19.658,-48.021,0,"shimenawa",13.376,-64.42,0,"_송글_",36.716,-88.731,0,"ByeolBam",-0.949,-111.382,0,"muyang_",-46.748,-95.778,0,0,0,0,0,0,"",0,0,0,0,7446.64,,,,0,0
172,8,1,4,2,1,1,1,0,0,0,255,255,255,19,7460.705,"わだ、、",R,14,86,110,-0.624,0.098,-0.15,1.968,-0.96,2.08,-36.286,34.583,100,0,0,2,0,390.114,312.747,1.323,0,0,1,5,7,R,"-KYU-",176.1,84.92,0.453,3,53,W,Y,7461.865,255,138,121,112,98,145,87,23.235,22.397,-0.75,0,0.55,141.412,307.945,146.664,0.084,-36.739,0,"encounter v",-0.095,-17.641,0,"Riyaj",-19.448,-44.429,0,"DoYaGee",-14.468,-63.552,0,"쟈가리코",19.649,-48.109,0,"shimenawa",11.984,-64.76,60,"_송글_",36.737,-88.744,0,"ByeolBam",-0.88,-111.476,0,"muyang_",-47.219,-95.248,102,7464.579,-30.619,-81.963,7465.36,8,"muyang_",-32.45,-85.196,1,0,,,,,388,2
173,8,1,4,2,0,0,1,1,0,0,7,255,255,20,7488.785,"わだ、、",R,26,90,140,-0.34,-0.287,0.171,1.444,-0.136,1.261,-36.286,16.833,56,44,0,2,0,-14.034,-195.407,-2.839,0,0,1,6,3,R,"crani",166.6,80,0.4,3,53,W,Y,7489.849,198,59,90,62,41,145,122,-30,19.608,0.71,0,0.498,-290.835,482.954,-201.667,-0.398,-36.863,0,"encounter v",-0.087,-17.643,0,"Riyaj",-19.434,-44.228,85,"DoYaGee",-14.493,-62.739,100,"쟈가리코",19.818,-48.857,0,"shimenawa",10.727,-64.353,103,"_송글_",33.361,-87.444,0,"ByeolBam",-1.92,-110.026,0,"muyang_",-41.917,-87.714,0,7488.549,-0.511,-20.841,7490.47,3,"DoYaGee",-13.499,-56.848,0,0,7561.003,7494.399,,,492,2
174,8,0,4,2,0,0,0,0,0,0,255,255,255,0,7731.536,"SUGUN",R,33,79,129,0.168,0.711,0.239,1.944,-0.149,1.932,-36.945,36.475,74,18,8,0,0,138.591,-63.695,24.964,0,0,0,3,7,R,"ByeolBam",175.3,90,0.5,0,53,W,Y,0,0,0,0,0,0,0,0,0,0,0,0,0,0,0,0,-0.096,-38.007,0,"mungjungh",-0.051,-17.118,0,"Yes_Man_",-21.286,-45.692,0,"crani",-13.934,-64.355,0,"Kr_Luna",17.468,-53.104,0,"Yaksok~",6.357,-67.723,0,"-KYU-",37.518,-97.531,0,"k@ster",-8.058,-115.669,0,"Penguin_iDOL",-46.904,-92.411,0,0,0,0,0,0,"",0,0,0,0,7731.524,,,,0,0
175,8,0,4,2,0,1,0,0,0,0,255,255,255,1,7745.634,"SUGUN",R,3,85,109,-2.012,-0.554,0.231,1.694,0.095,1.289,-36.945,28.877,75,14,11,4,0,-495.455,0,26.157,0,0,1,3,7,R,"ByeolBam",175.3,90,0.5,0,53,W,Y,0,0,0,0,0,0,0,0,0,0,0,0,0,0,0,0,-0.055,-38.395,0,"mungjungh",-0.171,-17.059,0,"Yes_Man_",-21.04,-45.984,0,"crani",-13.94,-64.366,0,"Kr_Luna",19.37,-53.562,0,"Yaksok~",6.109,-67.516,0,"-KYU-",38.326,-97.413,0,"k@ster",-8.036,-115.604,0,"Penguin_iDOL",-47.036,-92.536,0,0,0,0,0,0,"",0,0,0,0,7745.736,,,,0,0
176,8,0,4,2,0,2,0,0,0,0,255,255,255,2,7759.714,"SUGUN",R,3,80,105,-3.205,-1.305,0.067,1.512,-0.411,0.864,-36.945,16.08,35,65,0,1,0,-477.273,0,23.13,0,0,0,3,7,R,"ByeolBam",175.3,90,0.5,0,74,W,Y,0,0,0,0,0,0,0,0,0,0,0,0,0,0,0,0,-0.13,-37.916,0,"mungjungh",-0.12,-17.013,0,"Yes_Man_",-20.944,-46.022,0,"crani",-13.958,-64.388,0,"Kr_Luna",19.015,-53.515,0,"Yaksok~",5.743,-67.474,0,"-KYU-",38.391,-97.263,0,"k@ster",-8.06,-115.652,0,"Penguin_iDOL",-46.915,-92.661,0,0,0,0,0,0,"",0,0,0,0,7759.888,,,,0,0
177,8,0,4,2,1,2,0,0,0,0,255,255,255,3,7772.823,"SUGUN",R,13,79,105,-3.263,-1.543,0.042,1.645,-0.657,1.211,-36.945,7.664,53,41,6,1,0,-372.687,312.348,2.214,0,0,0,3,7,R,"ByeolBam",175.3,90,0.5,0,74,W,Y,0,0,0,0,0,0,0,0,0,0,0,0,0,0,0,0,-0.23,-38.108,0,"mungjungh",-0.184,-16.999,0,"Yes_Man_",-20.994,-45.529,0,"crani",-13.935,-64.344,0,"Kr_Luna",19.296,-53.603,0,"Yaksok~",5.65,-67.324,0,"-KYU-",38.432,-97.46,0,"k@ster",-8.064,-115.665,0,"Penguin_iDOL",-46.965,-92.5,0,0,0,0,0,0,"",0,0,0,0,7773.003,,,,0,0
178,8,0,4,2,2,2,0,0,0,0,255,255,255,4,7788.874,"SUGUN",R,13,81,106,-1.28,-1.738,0.264,1.61,0.198,1.092,-36.945,14.495,43,57,0,1,0,-376.237,312.348,-3.816,-0.381,-18.464,0,3,7,R,"ByeolBam",175.3,90,0.5,0,74,W,Y,0,0,0,0,0,0,0,0,0,0,0,0,0,0,0,0,-0.322,-37.757,0,"mungjungh",0.313,-19.614,0,"Yes_Man_",-21.258,-45.941,0,"crani",-13.968,-64.36,0,"Kr_Luna",18.835,-54.435,0,"Yaksok~",5.322,-68.212,0,"-KYU-",37.818,-98.742,0,"k@ster",-8.058,-115.649,0,"Penguin_iDOL",-46.892,-92.486,0,0,0,0,0,0,"",0,0,0,8,7789.046,,,,0,0
179,8,0,4,2,0,0,1,0,0,0,255,255,255,0,7973.29,"Kr_Luna",L,26,78,129,0.573,1.268,-0.175,1.993,0.115,2.201,-36.808,54.08,94,6,0,1,0,91.274,-200,0,0,0,0,4,1,L,"encounter v",190.2,90.067,0.45,0,41,W,Y,0,0,0,0,0,0,0,0,0,0,0,0,0,0,0,0,0.047,-38.03,0,"mungjungh",0.059,-17.241,0,"Yes_Man_",-19.856,-47.103,0,"crani",-7.159,-66.376,0,"Penguin_iDOL",23.424,-50.016,0,"Yaksok~",15.107,-64.199,0,"-KYU-",43.212,-97.525,0,"k@ster",1.581,-111.706,0,"SUGUN",-43.648,-91.764,0,0,0,0,0,0,"",0,0,0,0,7973.258,,,,0,0
180,8,0,4,2,1,0,1,0,0,0,255,255,255,1,7990.694,"Kr_Luna",L,14,79,116,-1.622,-0.221,-0.202,1.984,-0.012,1.847,-36.808,48.973,97,3,0,1,0,-390.434,312.348,0,0,0,0,4,1,L,"encounter v",190.2,90.067,0.45,0,41,W,Y,0,0,0,0,0,0,0,0,0,0,0,0,0,0,0,0,-0.048,-37.918,0,"mungjungh",-0.149,-17.179,0,"Yes_Man_",-19.816,-47.115,0,"crani",-4.193,-67.288,0,"Penguin_iDOL",23.241,-50.048,0,"Yaksok~",11.049,-67.529,0,"-KYU-",42.982,-97.617,0,"k@ster",0.697,-109.27,0,"SUGUN",-38.203,-90.775,0,0,0,0,0,0,"",0,0,0,0,7990.658,,,,0,0
181,8,0,4,2,2,0,1,0,0,0,255,255,255,2,8009.092,"Kr_Luna",L,10,71,101,-1.419,-0.319,-0.487,2.142,-0.604,2.009,-36.808,58.14,91,9,0,0,0,0,400,0,0,0,0,4,1,L,"encounter v",190.2,90.067,0.45,0,41,W,Y,0,0,0,0,0,0,0,0,0,0,0,0,0,0,0,0,-0.184,-37.82,0,"mungjungh",-0.021,-17.177,0,"Yes_Man_",-19.828,-47.221,0,"crani",-5.457,-66.749,0,"Penguin_iDOL",23.22,-50.135,0,"Yaksok~",14.242,-64.359,0,"-KYU-",43.547,-97.309,0,"k@ster",0.012,-108.894,0,"SUGUN",-44.567,-91.826,0,0,0,0,0,0,"",0,0,0,0,8009.179,,,,0,0
182,8,0,4,2,2,1,1,0,0,0,255,255,255,3,8029.281,"Kr_Luna",L,26,78,128,1.191,1.457,-0.146,2.121,0.251,2.332,-36.808,56.739,89,11,0,4,0,175.31,-180.752,0,0,0,1,4,1,L,"encounter v",190.2,90.067,0.45,0,41,W,Y,0,0,0,0,0,0,0,0,0,0,0,0,0,0,0,0,0.105,-38.101,0,"mungjungh",-0.057,-17.152,0,"Yes_Man_",-19.983,-46.879,0,"crani",-5.445,-66.742,0,"Penguin_iDOL",23.41,-49.932,0,"Yaksok~",15.988,-63.89,0,"-KYU-",43.7,-97.356,0,"k@ster",3.434,-108.925,0,"SUGUN",-44.525,-91.783,0,0,0,0,0,0,"",0,0,0,0,8029.258,,,,0,0
183,8,0,4,2,2,2,1,0,0,0,255,255,255,4,8046.654,"Kr_Luna",L,10,76,105,0.731,-1.445,-0.197,1.749,0.319,1.276,-36.808,32.576,97,3,0,2,0,2.152,398.631,0,0,0,1,4,1,L,"encounter v",190.2,90.067,0.45,3,41,W,Y,8047.731,255,177,103,120,63,145,130,-30,-46.228,0.42,0,0.672,251.665,121.738,-138.817,0.027,-38.002,0,"mungjungh",0.137,-17.314,0,"Yes_Man_",-20.069,-46.686,0,"crani",-6.332,-66.681,0,"Penguin_iDOL",23.161,-49.958,0,"Yaksok~",16.622,-66.005,0,"-KYU-",43.729,-97.357,0,"k@ster",0.923,-109.374,0,"SUGUN",-44.068,-91.675,0,8046.36,0.913,-21.312,0,0,"",0,0,0,0,,,,,2,0
184,8,0,4,2,2,2,1,0,0,0,255,255,255,5,8067.708,"Kr_Luna",L,26,89,140,-0.682,0.998,-0.232,1.948,-0.151,2.089,-36.808,47.946,90,7,3,2,0,-100.434,-155.877,0,0,0,1,4,1,L,"encounter v",190.2,90.067,0.45,3,41,W,Y,8068.691,255,92,97,74,26,145,90,111.229,9.835,-0.84,0,0.451,305.536,-36.481,-126.383,-0.041,-37.653,0,"mungjungh",-0.126,-17.252,0,"Yes_Man_",-20.31,-46.421,0,"crani",-8.177,-65.511,0,"Penguin_iDOL",23.061,-49.911,0,"Yaksok~",17.896,-65.688,0,"-KYU-",43.395,-96.705,0,"k@ster",0.316,-108.256,0,"SUGUN",-44.499,-91.658,0,8073.415,7.316,20.035,0,0,"",0,0,0,0,,,,,2,3
185,8,0,4,2,2,2,1,0,0,0,255,255,255,6,8088.904,"Kr_Luna",L,14,84,123,-1.649,-0.52,-0.215,1.817,-0.071,1.63,-36.808,39.365,98,2,0,2,0,-390.434,312.348,0,0,0,1,4,1,L,"encounter v",190.2,90.067,0.45,3,41,W,Y,8089.947,255,94,103,82,45,145,101,-46.905,27.891,-0.28,0,0.437,-368.946,299.301,101.85,-0.026,-37.627,0,"mungjungh",-0.198,-17.107,0,"Yes_Man_",-20.561,-46.323,0,"crani",-6.813,-65.858,0,"Penguin_iDOL",23.872,-50.066,0,"Yaksok~",17.513,-65.785,0,"-KYU-",43.867,-96.259,0,"k@ster",0.271,-109.06,0,"SUGUN",-44.054,-91.925,78,8088.555,-0.632,-20.273,8093.082,8,"SUGUN",-29.281,-74.813,1,0,,,,,258,2
186,8,0,4,2,0,0,1,1,0,0,11,255,255,7,8119.308,"Kr_Luna",L,13,76,105,0.437,-0.625,-0.342,1.956,-0.132,1.722,-36.808,36.033,86,14,0,0,0,161.829,348.484,0,0,0,0,5,2,R,"Riyaj",190,80,0.2,0,53,W,Y,0,0,0,0,0,0,0,0,0,0,0,0,0,0,0,0,0.305,-38.028,0,"mungjungh",0.004,-17.165,0,"Yes_Man_",-20.604,-43.897,0,"crani",-11.026,-64.01,0,"Penguin_iDOL",21.564,-52.189,0,"Yaksok~",5.37,-61.286,0,"-KYU-",42.335,-97.917,0,"k@ster",-0.747,-99.95,0,"SUGUN",-45.244,-91.764,0,0,0,0,0,0,"",0,0,0,0,8119.252,,,,0,0
187,8,0,4,2,0,1,1,1,0,0,11,255,255,8,8138.765,"Kr_Luna",L,10,77,118,0.56,-1.888,-0.246,1.692,0.25,0.902,-36.808,32.393,97,3,0,1,0,0,400,0,0.135,-18.982,0,5,2,R,"Riyaj",190,80,0.2,0,53,W,Y,0,0,0,0,0,0,0,0,0,0,0,0,0,0,0,0,0.356,-38.076,0,"mungjungh",-0.046,-16.967,0,"Yes_Man_",-19.913,-42.953,0,"crani",-9.912,-64.912,0,"Penguin_iDOL",21.524,-52.361,0,"Yaksok~",7.928,-61.336,0,"-KYU-",41.26,-97.547,0,"k@ster",-0.492,-99.869,0,"SUGUN",-42.291,-92.173,0,0,0,0,0,0,"",0,0,0,0,8138.634,,,,0,0
188,8,0,4,2,1,1,1,1,0,0,11,255,255,9,8160.962,"Kr_Luna",L,29,90,140,2.686,-1.366,-0.037,1.546,0.758,0.548,-36.808,14.31,53,47,0,3,0,250,-200,0,0.227,-20.843,0,5,2,R,"Riyaj",190,80,0.2,0,53,W,Y,0,0,0,0,0,0,0,0,0,0,0,0,0,0,0,0,0.29,-37.945,0,"mungjungh",-0.075,-17.895,0,"Yes_Man_",-18.38,-42.964,0,"crani",-12.571,-64.48,0,"Penguin_iDOL",21.77,-52.668,0,"Yaksok~",5.923,-63.619,0,"-KYU-",41.889,-97.264,0,"k@ster",-0.497,-106.362,0,"SUGUN",-43.676,-92.006,0,0,0,0,0,0,"",0,0,0,0,8163.591,,,,0,6
189,8,0,4,2,0,0,1,1,1,0,12,11,255,10,8198.207,"Kr_Luna",L,26,83,135,-0.049,1.336,-0.181,1.97,0.086,2.182,-36.808,49.822,85,12,2,1,0,-68.871,-186.366,0,0,0,0,6,3,R,"DoYaGee",175.4,80,0.451,0,52,W,Y,0,0,0,0,0,0,0,0,0,0,0,0,0,0,0,0,-0.054,-37.971,0,"mungjungh",-0.122,-17.17,0,"Yes_Man_",-20.775,-44.065,0,"crani",-13.755,-64.149,0,"Penguin_iDOL",21.262,-48.131,0,"Yaksok~",10.045,-61.679,0,"-KYU-",39.764,-97.95,0,"k@ster",-1.647,-99.849,0,"SUGUN",-43.611,-92.026,0,0,0,0,0,0,"",0,0,0,0,8198.101,8201.068,,,0,0
190,8,0,4,2,0,1,1,1,1,0,12,11,255,11,8221.852,"Kr_Luna",L,11,73,120,-0.026,-0.07,-0.3,1.954,-0.002,1.758,-36.808,42.348,91,9,0,2,0,0.003,165.033,0,0,0,1,6,3,R,"DoYaGee",175.4,80,0.451,3,52,W,Y,8222.853,174,130,107,69,51,145,127,-15.016,-23.159,0.43,0,0.174,-553.476,121.12,-62.667,0.375,-37.537,0,"mungjungh",0.13,-17.291,0,"Yes_Man_",-21.268,-46.198,0,"crani",-13.715,-64.082,0,"Penguin_iDOL",21.422,-47.946,99,"Yaksok~",11.311,-60.526,0,"-KYU-",41.351,-97.392,112,"k@ster",-0.384,-99.925,0,"SUGUN",-43.173,-91.401,0,8221.566,1.371,-24.1,8224.621,6,"-KYU-",28.617,-90.862,1,16,8229.53,8228.897,8225.642,8230.595,46,2
191,8,0,4,2,0,0,2,1,1,0,13,12,255,0,8366.956,"mungjungh",R,34,67,120,-2.073,-0.28,0.579,1.485,-1.028,1.425,-36.513,14.794,4,96,0,1,0,79.805,-14.96,-100.298,0,0,0,7,5,L,"shimenawa",175.4,94.576,0.295,0,52,W,Y,0,0,0,0,0,0,0,0,0,0,0,0,0,0,0,0,0.206,-38.068,0,"Kr_Luna",-0.064,-17.804,0,"Yes_Man_",-19.885,-45.154,0,"crani",-9.5,-65.88,0,"Penguin_iDOL",22.418,-50.931,0,"Yaksok~",15.396,-64.379,0,"-KYU-",41.179,-98.412,0,"k@ster",1.169,-105.622,0,"SUGUN",-45.015,-92.68,0,0,0,0,0,0,"",0,0,0,0,8366.991,8370.187,,,0,0
192,8,0,4,2,1,0,2,1,1,0,13,12,255,1,8393.198,"mungjungh",R,33,95,140,0.63,0.377,0.82,1.577,0.094,1.749,-36.513,34.982,4,96,0,2,0,115.297,-82.232,19.31,0,0,1,7,5,L,"shimenawa",175.4,94.576,0.295,3,102,W,Y,8394.267,111,67,52,28,0,120,116,-14.636,-25.776,0.31,0,0.302,31.159,-7.182,18.893,0.346,-37.757,0,"Kr_Luna",-0.033,-17.689,0,"Yes_Man_",-20.801,-46.452,0,"crani",-10.881,-63.67,0,"Penguin_iDOL",22.621,-50.528,0,"Yaksok~",16.939,-65.826,106,"-KYU-",42.335,-98.382,0,"k@ster",0.939,-105.628,0,"SUGUN",-45.049,-92.696,0,8392.925,1.776,-23.051,8394.821,5,"Yaksok~",18.996,-58.869,0,128,,8398.612,8400.222,,21,2
193,9,1,4,2,0,0,0,0,0,0,255,255,255,21,8445.865,"わだ、、",R,26,87,140,1.063,1.412,0.301,1.678,0.472,2.147,-36.286,24.119,100,0,0,2,0,-16.183,-200,1.538,0,0,1,7,7,R,"k@ster",160,89.756,0.453,5,52,W,Y,8446.785,83,83,43,23,10,82,62,28.396,-40.663,0.95,0,0.098,69.292,-3.215,-183.232,0.145,-36.555,0,"encounter v",-0.002,-17.808,0,"Riyaj",-19.421,-45.046,0,"DoYaGee",-14.523,-63.717,0,"쟈가리코",21.668,-49.589,78,"shimenawa",13.486,-64.243,0,"_송글_",37.459,-86.299,0,"ByeolBam",-2.359,-106.077,0,"muyang_",-41.238,-85.042,0,0,0,0,8448.827,4,"쟈가리코",26.073,-48.544,0,0,,,,,6,1
194,9,1,4,2,0,0,1,0,0,0,255,255,255,22,8470.302,"わだ、、",R,10,87,113,0.984,-0.406,0.335,1.845,0.419,1.87,-36.286,38.713,100,0,0,0,0,0,400,5.819,0,0,1,8,8,R,"SUGUN",179.9,82.092,0.496,0,52,W,Y,0,0,0,0,0,0,0,0,0,0,0,0,0,0,0,0,0.06,-37.054,0,"encounter v",-0.047,-17.635,0,"Riyaj",-19.142,-44.166,0,"DoYaGee",-14.427,-63.207,0,"쟈가리코",20.399,-47.69,0,"shimenawa",13.294,-64.236,0,"_송글_",38.048,-85.761,0,"ByeolBam",-1.818,-109.29,0,"muyang_",-46.205,-100.851,0,0,0,0,0,0,"",0,0,0,0,8470.203,,,,0,0
195,9,1,4,2,0,1,1,0,0,0,255,255,255,23,8486.246,"わだ、、",R,10,97,121,0.5,-2.201,0.268,1.359,0.21,0.762,-36.286,13.153,58,42,0,1,0,0,400,14.718,0.081,-19.446,0,8,8,R,"SUGUN",179.9,82.092,0.496,0,55,W,Y,0,0,0,0,0,0,0,0,0,0,0,0,0,0,0,0,0.171,-36.981,0,"encounter v",-0.018,-17.661,0,"Riyaj",-20.03,-45.065,0,"DoYaGee",-14.45,-63.257,0,"쟈가리코",21.154,-47.42,0,"shimenawa",13.531,-64.117,0,"_송글_",37.968,-85.818,0,"ByeolBam",-1.267,-108.779,0,"muyang_",-46.658,-96.367,0,0,0,0,0,0,"",0,0,0,0,8486.143,,,,0,0
196,9,1,4,2,1,1,1,0,0,0,255,255,255,24,8500.692,"わだ、、",R,26,86,140,0.552,0.542,0.242,1.58,0.195,1.757,-36.286,21.765,70,30,0,2,0,28.861,-200,-2.33,0,0,1,8,8,R,"SUGUN",179.9,82.092,0.496,3,55,W,Y,8501.592,199,34,52,18,0,120,83,17.006,15.939,-0.13,0,0.297,380.941,-50.039,-128.401,-0.321,-36.754,0,"encounter v",-0.025,-17.79,0,"Riyaj",-19.822,-44.787,0,"DoYaGee",-14.381,-63.268,0,"쟈가리코",21.019,-47.458,0,"shimenawa",13.247,-64.196,0,"_송글_",38.181,-85.934,0,"ByeolBam",-1.054,-109.831,0,"muyang_",-47.226,-96.106,0,0,0,0,8503.385,3,"DoYaGee",-13.552,-69.035,0,0,,,,,68,1
197,9,1,4,2,0,0,2,0,0,0,255,255,255,25,8526.792,"わだ、、",R,26,96,140,0.515,-1.551,0.248,1.433,0.223,0.53,-36.286,15.751,55,45,0,1,0,-5.095,-200,2.043,0,0,0,0,5,R,"Yaksok~",173.3,80,0.332,0,52,W,Y,0,0,0,0,0,0,0,0,0,0,0,0,0,0,0,0,0.295,-37.049,0,"encounter v",0.009,-17.767,0,"Riyaj",-20.046,-44.91,0,"DoYaGee",-15.49,-62.358,0,"쟈가리코",20.448,-48.893,0,"shimenawa",13.462,-64.968,0,"_송글_",36.461,-86.376,0,"ByeolBam",0.142,-110.191,0,"muyang_",-46.035,-92.85,0,0,0,0,0,0,"",0,0,0,0,8526.47,,,,0,0
198,9,1,4,2,1,0,2,0,0,0,255,255,255,26,8541.326,"わだ、、",R,26,90,140,1.074,0.549,0.292,1.58,0.427,1.76,-36.286,22.264,58,42,0,2,0,24.52,-176.93,1.918,0,0,1,0,5,R,"Yaksok~",173.3,80,0.332,3,52,W,Y,8542.264,168,171,110,58,19,145,94,90.381,-89.567,0.94,0,0.131,249.526,251.52,-64.596,0.256,-36.653,0,"encounter v",-0.013,-17.809,0,"Riyaj",-19.915,-44.818,0,"DoYaGee",-15.532,-63.246,0,"쟈가리코",20.619,-48.707,0,"shimenawa",11.788,-65.36,0,"_송글_",36.515,-86.304,0,"ByeolBam",-1.688,-109.598,0,"muyang_",-48.822,-95.657,0,0,0,0,0,0,"",0,0,0,0,,,,,4,3
199,9,1,4,2,1,1,2,0,0,0,255,255,255,27,8558.649,"わだ、、",R,26,76,127,3.469,2.473,0.433,1.889,1.42,2.852,-36.286,49.866,100,0,0,1,0,52.988,-162.708,-6.421,0,0,0,0,5,R,"Yaksok~",173.3,80,0.332,0,52,W,Y,0,0,0,0,0,0,0,0,0,0,0,0,0,0,0,0,0.196,-36.819,0,"encounter v",-0.06,-17.633,0,"Riyaj",-19.723,-44.66,0,"DoYaGee",-16.109,-62.729,0,"쟈가리코",21.507,-49.468,0,"shimenawa",12.159,-65.312,0,"_송글_",34.358,-86.697,0,"ByeolBam",-1.217,-109.527,0,"muyang_",-48.966,-97.579,0,0,0,0,0,0,"",0,0,0,0,8558.36,,,,0,0
200,9,1,4,2,2,1,2,0,0,0,255,255,255,28,8575.662,"わだ、、",R,26,87,140,1.497,0.284,0.333,1.733,0.62,1.594,-36.286,29.981,100,0,0,2,0,16.887,-182.621,3.417,0,0,1,0,5,R,"Yaksok~",173.3,80,0.332,3,52,W,Y,8576.547,138,172,79,59,9,139,126,29.809,11.16,0.54,0,0.293,243.778,180.666,-37.69,0.017,-36.49,0,"encounter v",-0.001,-17.832,0,"Riyaj",-19.712,-44.625,0,"DoYaGee",-16.089,-62.82,0,"쟈가리코",21.836,-49.107,0,"shimenawa",12.505,-64.894,74,"_송글_",34.459,-86.594,0,"ByeolBam",-1.215,-109.59,114,"muyang_",-49.488,-97.3,0,8580.561,-26.463,-130.395,8581.948,7,"ByeolBam",-23.267,-127.392,1,0,,8587.088,,,140,2
201,9,1,4,2,0,0,2,0,1,0,255,5,255,29,8611.263,"わだ、、",R,13,84,123,-1.248,-0.222,0.169,1.768,-0.145,1.713,-36.286,25.326,100,0,0,2,0,-384.84,319.215,3.219,0,0,0,1,1,L,"Kr_Luna",190,95.256,0.504,3,52,W,Y,8612.11,185,135,184,86,38,145,111,24.02,-29.856,0.07,0,0.097,227.964,-537.14,-123.485,0.119,-36.621,0,"encounter v",-0.147,-17.8,0,"Riyaj",-19.478,-44.361,0,"DoYaGee",-8.031,-63.2,0,"쟈가리코",20.934,-46.564,0,"shimenawa",12.76,-64.389,0,"_송글_",46.596,-97.913,114,"ByeolBam",5.056,-117.069,0,"muyang_",-42.62,-84.271,0,0,0,0,8615.597,6,"_송글_",57.715,-96.509,0,0,,,8616.665,,9,1
202,9,0,4,2,0,0,0,0,0,0,255,255,255,2,8666.372,"mungjungh",R,29,97,140,-0.477,0.488,0.809,1.56,0.044,1.691,-36.513,44.946,5,92,3,0,0,-205.731,-200,5.358,0,0,0,8,8,R,"muyang_",171.1,80,0.498,0,52,W,Y,0,0,0,0,0,0,0,0,0,0,0,0,0,0,0,0,0.153,-37.874,0,"Kr_Luna",0.031,-17.67,0,"Yes_Man_",-21.659,-46.728,0,"crani",-13.51,-64.38,0,"Penguin_iDOL",22.112,-50.423,0,"Yaksok~",9.272,-64.04,0,"-KYU-",43.141,-97.312,0,"k@ster",0.068,-106.998,0,"SUGUN",-46.614,-92.977,0,0,0,0,0,0,"",0,0,0,0,8666.209,,,,0,0
203,9,0,4,2,0,1,0,0,0,0,255,255,255,3,8680.833,"mungjungh",R,13,76,114,-3.025,-1.49,0.66,1.423,-0.652,1.198,-36.513,25.426,10,90,0,2,0,-390.434,312.348,42.711,0,0,1,8,8,R,"muyang_",171.1,80,0.498,3,52,W,Y,8681.896,255,174,112,122,35,145,106,-30,53.791,0.92,0,0.275,285.281,-93.226,144.254,0.212,-37.818,0,"Kr_Luna",-0.016,-17.67,0,"Yes_Man_",-21.691,-46.614,0,"crani",-13.466,-64.27,0,"Penguin_iDOL",22.193,-49.85,0,"Yaksok~",12.354,-65.142,0,"-KYU-",42.667,-97.18,0,"k@ster",0.104,-106.99,0,"SUGUN",-46.573,-92.823,0,8680.349,-1.436,-20.741,0,0,"",0,0,0,0,,,,,8,3
204,9,0,4,2,0,2,0,0,0,0,255,255,255,4,8700.284,"mungjungh",R,3,97,127,-4.473,-0.776,0.507,1.465,-1.363,1.35,-36.513,15.356,0,100,0,1,0,-413.889,165.767,43.125,0,0,0,8,8,R,"muyang_",171.1,80,0.498,0,33,W,Y,0,0,0,0,0,0,0,0,0,0,0,0,0,0,0,0,0.22,-37.737,0,"Kr_Luna",0.07,-17.613,0,"Yes_Man_",-20.556,-43.99,0,"crani",-14.146,-64.316,0,"Penguin_iDOL",21.361,-50.098,0,"Yaksok~",9.839,-63.261,0,"-KYU-",42.915,-97.354,0,"k@ster",-0.066,-105.521,0,"SUGUN",-45.883,-90.489,0,0,0,0,0,0,"",0,0,0,0,8700.07,,,,0,0
205,9,0,4,2,1,2,0,0,0,0,255,255,255,5,8716.746,"mungjungh",R,26,99,140,-1.919,1.704,0.567,1.75,-1.081,2.375,-36.513,25.249,62,38,0,4,0,179.01,-200,36.798,0,0,1,8,8,R,"muyang_",171.1,80,0.498,0,33,W,Y,0,0,0,0,0,0,0,0,0,0,0,0,0,0,0,0,0.498,-37.913,0,"Kr_Luna",-0.025,-17.679,0,"Yes_Man_",-21.046,-44.845,0,"crani",-13.926,-64.404,0,"Penguin_iDOL",21.325,-50.153,0,"Yaksok~",8.275,-63.938,0,"-KYU-",42.173,-97.681,0,"k@ster",-0.253,-105.111,0,"SUGUN",-44.898,-92.569,0,0,0,0,0,0,"",0,0,0,0,8716.536,,,,0,0
206,9,0,4,2,0,0,1,0,0,0,255,255,255,6,8739.022,"mungjungh",R,13,93,126,-9.738,-2.073,0.227,1.335,-3.753,0.591,-36.513,15.365,1,99,0,1,0,-390.434,312.348,92.468,-1.977,-19.481,0,0,6,R,"_송글_",175.4,90.478,0.316,0,52,W,Y,0,0,0,0,0,0,0,0,0,0,0,0,0,0,0,0,0.618,-38.212,0,"Kr_Luna",-1.86,-17.398,0,"Yes_Man_",-21.774,-46.865,0,"crani",-14.457,-64.635,0,"Penguin_iDOL",21.349,-50.051,0,"Yaksok~",10.856,-64.743,0,"-KYU-",39.848,-97.454,0,"k@ster",-3.711,-106.665,0,"SUGUN",-45.824,-93.63,0,0,0,0,0,0,"",0,0,0,0,8742.81,,,,0,0
207,9,0,4,2,1,0,1,0,0,0,255,255,255,7,8761.27,"mungjungh",R,32,98,140,-1.343,0.4,0.604,1.55,-0.913,1.654,-36.513,26.592,4,83,13,2,0,250,-200,43.168,0,0,1,0,6,R,"_송글_",175.4,90.478,0.316,3,52,W,Y,8762.225,188,72,80,30,1,138,99,-30,57.72,0.94,0,0.553,-51.83,344.247,-172.384,0.243,-37.888,0,"Kr_Luna",-0.067,-17.669,0,"Yes_Man_",-21.366,-46.13,0,"crani",-14.043,-64.688,0,"Penguin_iDOL",21.151,-48.625,0,"Yaksok~",12.348,-64.529,0,"-KYU-",39.889,-97.658,0,"k@ster",-0.104,-106.037,0,"SUGUN",-45.735,-93.589,0,8760.761,-2.865,-20.139,0,0,"",0,0,0,0,,,,,8,3
208,9,0,4,2,1,1,1,0,0,0,255,255,255,8,8783.323,"mungjungh",R,13,89,126,-4.851,-1.339,0.464,1.412,-1.561,1.171,-36.513,7,1,99,0,1,0,-390.434,312.348,48.466,0,0,0,0,6,R,"_송글_",175.4,90.478,0.316,0,52,W,Y,0,0,0,0,0,0,0,0,0,0,0,0,0,0,0,0,0.27,-38.021,0,"Kr_Luna",0.01,-17.559,0,"Yes_Man_",-20.931,-45.877,0,"crani",-13.987,-63.773,0,"Penguin_iDOL",20.748,-48.046,0,"Yaksok~",12.571,-64.694,0,"-KYU-",40.106,-96.443,0,"k@ster",0.023,-105.857,0,"SUGUN",-45.36,-93.831,0,0,0,0,0,0,"",0,0,0,0,8783.07,,,,0,0
209,9,0,4,2,2,1,1,0,0,0,255,255,255,9,8799.305,"mungjungh",R,27,81,131,2.537,2.951,0.972,1.69,0.936,3.183,-36.513,65.714,49,51,0,1,0,95.446,-142.405,14.341,0,0,0,0,6,R,"_송글_",175.4,90.478,0.316,0,52,W,Y,0,0,0,0,0,0,0,0,0,0,0,0,0,0,0,0,0.253,-37.8,0,"Kr_Luna",-0.158,-17.724,0,"Yes_Man_",-20.892,-45.928,0,"crani",-13.7,-63.934,0,"Penguin_iDOL",20.76,-48.055,0,"Yaksok~",10.909,-65.777,0,"-KYU-",40.57,-97.493,0,"k@ster",-0.016,-105.893,0,"SUGUN",-45.243,-93.833,0,0,0,0,0,0,"",0,0,0,0,8799.076,,,,0,0
210,9,0,4,2,3,1,1,0,0,0,255,255,255,10,8818.406,"mungjungh",R,32,81,131,-0.308,0.801,0.69,1.509,-0.51,1.875,-36.513,29.627,4,96,0,0,0,250,-200,34.146,0,0,0,0,6,R,"_송글_",175.4,90.478,0.316,0,52,W,Y,0,0,0,0,0,0,0,0,0,0,0,0,0,0,0,0,0.091,-37.756,0,"Kr_Luna",0.004,-17.68,0,"Yes_Man_",-21.068,-45.827,0,"crani",-13.968,-63.842,0,"Penguin_iDOL",20.748,-47.982,0,"Yaksok~",9.356,-64.988,0,"-KYU-",41.24,-97.933,0,"k@ster",0.023,-105.85,0,"SUGUN",-48.219,-95.693,0,0,0,0,0,0,"",0,0,0,0,8818.137,,,,0,0
211,9,0,4,2,3,2,1,0,0,0,255,255,255,11,8836.903,"mungjungh",R,3,90,126,-4.992,-0.429,0.494,1.363,-1.422,1.362,-36.513,9.012,0,84,16,1,0,-500,0,23.216,0,0,0,0,6,R,"_송글_",175.4,90.478,0.316,0,52,W,Y,0,0,0,0,0,0,0,0,0,0,0,0,0,0,0,0,0.227,-37.73,0,"Kr_Luna",0.011,-17.655,0,"Yes_Man_",-21,-45.941,0,"crani",-14.154,-63.689,0,"Penguin_iDOL",20.783,-48.855,0,"Yaksok~",8.429,-64.788,0,"-KYU-",41.583,-97.606,0,"k@ster",0.026,-105.911,0,"SUGUN",-47.127,-95.041,0,0,0,0,0,0,"",0,0,0,0,8836.604,,,,0,5
212,9,0,4,2,0,0,1,1,1,0,14,16,255,12,8875.31,"mungjungh",R,32,87,140,1.351,0.868,0.858,1.653,0.27,1.988,-36.513,37.79,0,100,0,0,0,235.648,-200,42.071,0,0,1,2,0,L,"わだ、、",190,80,0.498,0,53,W,Y,0,0,0,0,0,0,0,0,0,0,0,0,0,0,0,0,0.363,-38.005,0,"Kr_Luna",-0.008,-17.667,0,"Yes_Man_",-19.428,-45.75,0,"crani",-7.95,-65.939,0,"Penguin_iDOL",20.601,-48.638,0,"Yaksok~",16.167,-64.536,0,"-KYU-",44.21,-99.234,0,"k@ster",0.098,-105.958,0,"SUGUN",-47.126,-95.135,0,0,0,0,0,0,"",0,0,0,0,8875.161,8877.287,,,0,0
213,9,0,4,2,0,1,1,1,1,0,14,16,255,13,8894.935,"mungjungh",R,13,74,113,-4.687,-2.007,0.547,1.35,-1.174,1.006,-36.513,13.29,0,100,0,3,0,-390.434,312.348,70.738,0,0,0,2,0,L,"わだ、、",190,80,0.498,0,53,W,Y,0,0,0,0,0,0,0,0,0,0,0,0,0,0,0,0,0.162,-38.272,0,"Kr_Luna",-0.552,-18.209,0,"Yes_Man_",-19.348,-44.089,0,"crani",-6.263,-65.541,0,"Penguin_iDOL",21.131,-48.455,0,"Yaksok~",16.906,-63.854,0,"-KYU-",44.602,-99.243,0,"k@ster",1.235,-110.191,0,"SUGUN",-47.205,-95.128,0,0,0,0,0,0,"",0,0,0,0,8896.058,8897.254,,,0,6
214,9,0,4,2,0,0,1,1,1,1,10,14,16,14,8930.304,"mungjungh",R,32,87,140,-0.281,-0.035,0.707,1.491,-0.435,1.448,-36.513,10.817,0,100,0,0,0,250,-150.383,43.809,0,0,0,3,7,R,"ByeolBam",175.3,90,0.5,0,52,W,Y,0,0,0,0,0,0,0,0,0,0,0,0,0,0,0,0,0.469,-38.113,0,"Kr_Luna",0.05,-17.573,0,"Yes_Man_",-20.509,-45.282,0,"crani",-13.451,-63.781,0,"Penguin_iDOL",20.981,-49.125,0,"Yaksok~",10.18,-62.495,0,"-KYU-",41.016,-97.988,0,"k@ster",0.085,-106.67,0,"SUGUN",-45.488,-93.131,0,0,0,0,0,0,"",0,0,0,0,8930.021,8933.312,,,0,0
215,9,0,4,2,0,1,1,1,1,1,10,14,16,15,8947.712,"mungjungh",R,13,83,121,-4.182,-1.389,0.528,1.406,-1.264,1.149,-36.513,13.466,0,100,0,1,0,-390.434,312.348,57.289,0,0,0,3,7,R,"ByeolBam",175.3,90,0.5,0,52,W,Y,0,0,0,0,0,0,0,0,0,0,0,0,0,0,0,0,0.091,-38.415,0,"Kr_Luna",0.274,-17.798,0,"Yes_Man_",-20.536,-45.327,0,"crani",-13.648,-63.89,0,"Penguin_iDOL",21.275,-49.341,0,"Yaksok~",8.722,-63.326,0,"-KYU-",41.107,-97.863,0,"k@ster",-0.546,-107.531,0,"SUGUN",-47.991,-95.283,0,0,0,0,0,0,"",0,0,0,0,8947.543,8952.154,8949.939,,0,0
216,9,0,4,2,1,1,1,1,1,1,10,14,16,16,8964.841,"mungjungh",R,28,82,134,3.618,0.661,1.106,1.619,1.421,1.896,-36.513,58.021,0,100,0,1,0,85.261,-94.155,6.174,0,0,0,3,7,R,"ByeolBam",175.3,90,0.5,0,52,W,Y,0,0,0,0,0,0,0,0,0,0,0,0,0,0,0,0,0.327,-37.914,0,"Kr_Luna",0.039,-17.631,0,"Yes_Man_",-20.505,-44.903,0,"crani",-13.718,-63.383,0,"Penguin_iDOL",21.195,-49.288,0,"Yaksok~",9.341,-63.017,0,"-KYU-",41.119,-97.842,0,"k@ster",-0.562,-107.501,0,"SUGUN",-47.969,-95.268,0,0,0,0,0,0,"",0,0,0,0,8964.543,8967.989,,,0,0
217,9,0,4,2,2,1,1,1,1,1,10,14,16,17,8985.785,"mungjungh",R,13,75,113,-2.54,-1.47,0.682,1.396,-0.55,1.115,-36.513,11.592,8,92,0,1,0,-390.434,312.348,80.69,0,0,0,3,7,R,"ByeolBam",175.3,90,0.5,0,52,W,Y,0,0,0,0,0,0,0,0,0,0,0,0,0,0,0,0,0.257,-38.272,0,"Kr_Luna",-0.056,-18.335,0,"Yes_Man_",-20.189,-42.213,0,"crani",-12.449,-63.752,0,"Penguin_iDOL",20.985,-49.381,0,"Yaksok~",8.313,-63.605,0,"-KYU-",41.832,-98.175,0,"k@ster",-0.513,-107.404,0,"SUGUN",-47.907,-95.302,0,0,0,0,0,0,"",0,0,0,0,8985.585,8989.868,,,0,0
218,9,0,4,2,2,2,1,1,1,1,10,14,16,18,9009.186,"mungjungh",R,26,82,133,3.273,0.972,1.045,1.643,1.138,1.982,-36.513,55.466,4,96,0,1,0,178.407,-190.768,19.161,0,0,0,3,7,R,"ByeolBam",175.3,90,0.5,0,74,W,Y,0,0,0,0,0,0,0,0,0,0,0,0,0,0,0,0,0.361,-37.884,0,"Kr_Luna",0.059,-17.602,0,"Yes_Man_",-20.49,-43.92,0,"crani",-13.708,-63.506,0,"Penguin_iDOL",21.515,-50.106,0,"Yaksok~",10.148,-65.084,0,"-KYU-",42.113,-98.172,0,"k@ster",-0.586,-107.478,0,"SUGUN",-47.918,-95.254,0,0,0,0,0,0,"",0,0,0,0,9008.906,9013.283,,,0,0
219,9,0,4,2,3,2,1,1,1,1,10,14,16,19,9032.607,"mungjungh",R,26,90,140,1.602,0.534,0.91,1.582,0.511,1.766,-36.513,41.712,21,79,0,1,0,120.993,-162.764,24.744,0,0,0,3,7,R,"ByeolBam",175.3,90,0.5,0,74,W,Y,0,0,0,0,0,0,0,0,0,0,0,0,0,0,0,0,0.486,-38.09,0,"Kr_Luna",0.016,-17.616,0,"Yes_Man_",-21.048,-44.464,0,"crani",-13.782,-63.541,0,"Penguin_iDOL",21.57,-50.074,0,"Yaksok~",8.01,-62.081,0,"-KYU-",42.271,-97.875,0,"k@ster",-0.541,-107.4,0,"SUGUN",-47.905,-95.256,0,0,0,0,0,0,"",0,0,0,0,9032.373,9037.352,,,0,5
220,9,0,4,2,0,0,2,1,1,1,10,14,16,20,9061.018,"mungjungh",R,26,89,140,-1.081,-0.143,0.656,1.457,-0.669,1.354,-36.513,14.137,25,75,0,2,0,149.875,-200,44.36,0,0,1,4,1,L,"encounter v",190.2,90.067,0.45,3,41,W,Y,9062.01,225,40,119,22,25,145,130,-30,-42.876,0.5,0,0.352,-376.564,-271.142,107.441,0.203,-38.031,0,"Kr_Luna",-0.063,-17.581,0,"Yes_Man_",-20.404,-45.763,0,"crani",-7.762,-66.274,0,"Penguin_iDOL",23.156,-51.481,120,"Yaksok~",16.237,-66.745,0,"-KYU-",43.586,-98.854,0,"k@ster",0.354,-112.117,0,"SUGUN",-47.547,-95.91,0,9060.53,1.047,-20.15,9062.124,4,"Penguin_iDOL",25.392,-46.182,0,0,,9066.707,9066.391,9067.704,20,2
