id,type,inn,half,scoreA,scoreB,ball,strk,out,b1,b2,b3,b1Idx,b2Idx,b3Idx,pCnt,pSec,pName,pHand,pType,pPow,spdK,zoneX,zoneY,startX,startY,targetX,targetY,zDist,pitchAngle,pOver,pSide,pUnder,call,manual,sH,sV,gyro,plx,plz,bIdx,order1Name,order2Name,order3Name,order4Name,order5Name,order6Name,order7Name,order8Name,order9Name,bPos,bZone,bName,bHCm,batLen,batCen,batType,bFps,bOS,bVR,bSwing,hSec,rotS,rotL,shS,lgS,prepS,gripPen,batSpd,ev,ldeg,sdeg,launchPosX,launchPosY,launchPosZ,hPos,buntGrip,handDist,angVeloX,angVeloY,angVeloZ,ltSec,lx,lz,cSec,cPos,cx,cy,cz,1BSafe,tag,cpSec,bTo1Sec,bTo2Sec,bTo3Sec,bToHSec,r1To2Sec,r1To3Sec,r1ToHSec,r2To3Sec,r2ToHSec,r3ToHSec,r1LeaveSec,r2LeaveSec,r3LeaveSec,out1Sec,out1BatterIndex,out1PrevBase,out1Code,out1Ass,out2Sec,out2BatterIndex,out2PrevBase,out2Code,out2Ass,out3Sec,out3BatterIndex,out3PrevBase,out3Code,out3Ass,ball1Sec,ball1Pos,ball2Sec,ball2Pos,ball3Sec,ball3Pos,ballHSec,ballHPos,PitchPPosX,PitchPPosZ,PitchCPosX,PitchCPosZ,Pitch1BPosX,Pitch1BPosZ,Pitch2BPosX,Pitch2BPosZ,Pitch3BPosX,Pitch3BPosZ,PitchSSPosX,PitchSSPosZ,PitchLFPosX,PitchLFPosZ,PitchCFPosX,PitchCFPosZ,PitchRFPosX,PitchRFPosZ,PPosX,PPosY,PThrSpd,CName,CPosX,CPosY,CThrSpd,1BName,1BPosX,1BPosY,1BThrSpd,2BName,2BPosX,2BPosY,2BThrSpd,3BName,3BPosX,3BPosY,3BThrSpd,SSName,SSPosX,SSPosY,SSThrSpd,LFName,LFPosX,LFPosY,LFThrSpd,CFName,CFPosX,CFPosY,CFThrSpd,RFName,RFPosX,RFPosY,RFThrSpd,PGetSec,PGetX,PGetZ,CGetSec,CGetX,CGetZ,1BGetSec,1BGetX,1BGetZ,2BGetSec,2BGetX,2BGetZ,3BGetSec,3BGetX,3BGetZ,SSGetSec,SSGetX,SSGetZ,LFGetSec,LFGetX,LFGetZ,CFGetSec,CFGetX,CFGetZ,RFGetSec,RFGetX,RFGetZ,PThrSec,PThrX,PThrZ,CThrSec,CThrX,CThrZ,1BThrSec,1BThrX,1BThrZ,2BThrSec,2BThrX,2BThrZ,3BThrSec,3BThrX,3BThrZ,SSThrSec,SSThrX,SSThrZ,LFThrSec,LFThrX,LFThrZ,CFThrSec,CFThrX,CFThrZ,RFThrSec,RFThrX,RFThrZ,errPosDelta,result,swPreDeg,swTargetDeg,swApproachDeg,swCorr,swSource,swProximity,swVRawDeg,swVAdjustedDeg,swVMotionDeg,swVClosestDeg,swVYShrink,swGeometryDeg,balk,cPlr,sb2Sec,sb3Sec,sbhSec,ass,remarks
1,,1,1,0,0,0,0,0,0,0,0,255,255,255,0,1158.974,"白霜らいふ",R,26,92,140,1.118,-1.026,0.217,1.506,0.53,0.826,-36.596,8.412,50,50,0,2,"BA+|BA-",-60.359,-200,41.613,0,0,0,"紅さかな","Pring__","-Alta-","mochi_2929","HalF_HearteD","Pugeuk","Rite_","ame_3","alcohol500",7,R,"紅さかな",172.7,86,0.452,3,93,W,Y,1,1160.034,255,123,144,99,62,,145,116,-30,-27.057,0.206,0.597,-20.329,0.16,0,0.223,-426.733,40.079,-300.773,1160.022,0.679,-21.255,1161.228,4,10.842,2.105,-41.176,0,0,,1165.191,,,,,,,,,,,,,1164.334,0,,147,16,,,,,,,,,,,,,,,,,,,0.04,-37.42,0.145,-16.835,-22.118,-48.803,-16.597,-62.62,15.769,-44.128,9.544,-65.635,36.068,-91.513,0.895,-110.345,-56.154,-106.258,0.181,-36.837,,"P0TA0",0.097,-17.002,,"ʚEveɞ",-22.254,-48.822,88,"Ѕeyeon",-17.137,-64.451,,"인생최패망자",15.474,-43.639,104,"ibqrqki",8.966,-65.064,,"sano jpn",36.067,-91.508,,"カズティー",0.893,-110.341,,"NABIMan",-53.022,-101.167,,1167.805,-0.431,-38.039,,,,1163.699,-19.428,-39.479,,,,1161.26,11.445,-42.344,,,,,,,,,,,,,,,,,,,1166.965,-13.467,-39.113,,,,1162.527,5.512,-41.115,,,,,,,,,,,,,"",2,,,,,,,,,,,,,0,"인생최패망자",,,,50,""
2,,1,1,0,0,0,0,1,0,0,0,255,255,255,1,1185.158,"白霜らいふ",R,26,87,140,-0.918,0.797,0.096,1.581,-0.423,1.883,-36.596,8.144,50,50,0,0,"",20.98,-200,31.672,0,0,1,"=","=","=","=","=","=","=","=","=",5,L,"Pring__",175.1,90.089,0.448,,93,W,Y,0,,,,,,,,,,,,,,,,,,,,,,,,,,,,,0,0,,,,,,,,,,,,,,,,,,,,,,,,,,,,,,,,,,,,,,0.018,-37.454,-0.072,-16.89,-21.665,-47.777,-11.423,-65.291,19.14,-45.895,13.358,-64.365,40.299,-93.915,0.768,-110.355,-45.943,-97.689,,,,"",,,,"",,,,"",,,,"",,,,"",,,,"",,,,"",,,,"",,,,1189.599,-0.113,-37.471,,,,,,,,,,,,,,,,,,,,,,,,,,,,,,,,,,,,,,,,,,,,,,,,,,,,"",0,,,,,,,,,,,,,0,"",,,,0,""
3,,1,1,0,0,0,1,1,0,0,0,255,255,255,2,1201.317,"白霜らいふ",R,3,76,106,-2.079,0.104,0.504,1.614,-0.275,1.693,-36.596,38.376,97,3,0,1,"",-332.138,7.856,-18.175,0,0,1,"=","=","=","=","=","=","=","=","=",5,L,"Pring__",175.1,90.089,0.448,,93,W,Y,0,,,,,,,,,,,,,,,,,,,,,,,,,,,,,0,0,,,,,,,,,,,,,,,,,,,,,,,,,,,,,,,,,,,,,,0.034,-37.418,0.035,-16.998,-21.843,-47.915,-11.479,-65.512,19.107,-45.872,13.46,-64.443,40.29,-94.317,0.776,-110.351,-46.664,-100.56,,,,"",,,,"",,,,"",,,,"",,,,"",,,,"",,,,"",,,,"",,,,1206.998,0.045,-37.445,,,,,,,,,,,,,,,,,,,,,,,,,,,,,,,,,,,,,,,,,,,,,,,,,,,,"",0,,,,,,,,,,,,,0,"",,,,0,""
4,,1,1,0,0,1,1,1,0,0,0,255,255,255,3,1219.99,"白霜らいふ",R,29,75,126,0.472,-0.16,0.143,1.309,0.469,1.479,-36.596,10.504,51,49,0,0,"",-175.17,-38.132,25.927,0,0,1,"=","=","=","=","=","=","=","=","=",5,L,"Pring__",175.1,90.089,0.448,,93,W,Y,0,,,,,,,,,,,,,,,,,,,,,,,,,,,,,0,0,,,,,,,,,,,,,,,,,,,,,,,,,,,,,,,,,,,,,,0.099,-37.541,-0.104,-16.991,-21.861,-48.109,-12.206,-65.485,19.724,-46.624,13.487,-64.065,40.693,-94.659,0.779,-110.328,-43.117,-102.759,,,,"",,,,"",,,,"",,,,"",,,,"",,,,"",,,,"",,,,"",,,,1224.646,-0.18,-37.669,,,,,,,,,,,,,,,,,,,,,,,,,,,,,,,,,,,,,,,,,,,,,,,,,,,,"",0,,,,,,,,,,,,,0,"",,,,0,""
5,,1,1,0,0,1,2,1,0,0,0,255,255,255,4,1267.575,"白霜らいふ",R,10,83,110,0.875,-0.682,0.259,1.792,0.374,1.777,-36.596,27.77,97,3,0,2,"",0,400,21.428,0,0,1,"=","=","=","=","=","=","=","=","=",5,L,"Pring__",175.1,90.089,0.448,5,91,W,Y,1,1268.555,187,210,100,118,62,,145,114,26.534,8.445,0.165,0.8,-20.983,0.81,0,0.456,485.978,-248.11,-11.897,,,,1274.005,7,-9.629,2.927,-119.888,0,0,,1274.031,,,,,,,,,,,,,1274.039,1,,456,0,,,,,,,,,,,,,,,,,,,0.099,-37.711,0.108,-16.944,-21.955,-48.2,-13.011,-65.246,20.135,-47.76,13.269,-64.357,42.644,-99.788,0.518,-110.374,-46.342,-105.343,0.508,-37.009,,"P0TA0",0.079,-16.964,,"ʚEveɞ",-21.974,-48.344,,"Ѕeyeon",-13.317,-66.707,,"인생최패망자",20.132,-47.756,,"ibqrqki",13.167,-64.022,85,"sano jpn",43.944,-102.255,,"カズティー",0.521,-110.357,91,"NABIMan",-45.817,-105.698,,1281.282,0.008,-38.896,,,,,,,,,,,,,1278.443,-0.891,-62.759,,,,1274.046,-9.778,-120.686,,,,,,,,,,,,,,,,,,,1279.984,-0.786,-61.168,,,,1276.024,-7.739,-108.467,,,,"",1,8.791,8.791,5.288,0,2,0.173,51.227,38.416,60.425,50.79,0.055,3.388,0,"カズティー",,,,224,""
6,,1,1,0,0,0,0,2,0,0,0,255,255,255,5,1293.624,"白霜らいふ",R,10,75,104,0.781,-0.391,0.255,1.818,0.241,1.853,-36.596,34.02,100,0,0,0,"",53.904,400,13.814,0.143,-15.638,2,"=","=","=","=","=","=","=","=","=",2,L,"-Alta-",189.8,84,0.479,,90,W,Y,1,,,,,,,,,,,,,,,,,,,,,,,,,,,,,0,0,,,,,,,,,,,,,,,,,,,,,,,,,,,,,,,,,,,,,,0.046,-37.602,0.119,-16.921,-21.468,-47.691,-12.034,-64.98,19.677,-46.911,13.89,-64.357,39.841,-93.05,0.676,-102.842,-46.582,-101.212,,,,"",,,,"",,,,"",,,,"",,,,"",,,,"",,,,"",,,,"",,,,1297.876,0.159,-37.218,,,,,,,,,,,,,,,,,,,,,,,,,,,,,,,,,,,,,,,,,,,,,,,,,,,,"",0,,,,,,,,,,,,,0,"",,,,0,""
7,,1,1,0,0,0,1,2,0,0,0,255,255,255,6,1307.391,"白霜らいふ",R,26,81,132,2.369,0.094,0.5,1.841,1.07,1.474,-36.596,45.977,88,12,0,1,"",-36.077,-200,4.58,0,0,2,"=","=","=","=","=","=","=","=","=",2,L,"-Alta-",189.8,84,0.479,,90,W,Y,0,,,,,,,,,,,,,,,,,,,,,,,,,,,,,0,0,,,,,,,,,,,,,,,,,,,,,,,,,,,,,,,,,,,,,,0.063,-37.646,0.192,-16.928,-21.55,-47.854,-12.5,-65.328,19.86,-47.179,13.088,-64.317,39.81,-93.083,0.674,-102.849,-46.309,-104.363,,,,"",,,,"",,,,"",,,,"",,,,"",,,,"",,,,"",,,,"",,,,1312.139,0.167,-37.219,,,,,,,,,,,,,,,,,,,,,,,,,,,,,,,,,,,,,,,,,,,,,,,,,,,,"",0,,,,,,,,,,,,,0,"",,,,0,""
8,,1,1,0,0,1,1,2,0,0,0,255,255,255,7,1322.016,"白霜らいふ",R,10,90,128,1.481,-0.934,0.315,1.704,0.636,1.441,-36.596,23.279,95,5,0,2,"",0,400,17.948,0,0,2,"=","=","=","=","=","=","=","=","=",2,L,"-Alta-",189.8,84,0.479,3,90,W,Y,1,1322.915,205,153,128,111,54,,145,125,-15.793,-40.502,0.273,0.64,-20.236,0.75,0,0.508,161.444,-153.776,-98.778,1322.916,1.99,-22.243,1324.305,4,21.52,0.252,-42.364,0,0,,,,,,,,,,,,,,,1327.614,2,,147,16,,,,,,,,,,,,,,,,,,,0.075,-37.695,0.083,-16.91,-21.616,-47.981,-12.531,-65.251,19.729,-47.272,13.083,-64.03,39.945,-92.964,0.529,-104.755,-47.65,-102.944,0.316,-36.936,,"P0TA0",0.083,-16.966,,"ʚEveɞ",-21.544,-47.9,,"Ѕeyeon",-13.079,-66.568,,"인생최패망자",19.771,-47.128,104,"ibqrqki",13.154,-63.796,,"sano jpn",39.462,-93.301,,"カズティー",0.531,-104.82,,"NABIMan",-47.718,-105.263,,,,,,,,1326.941,-19.101,-39.658,,,,1324.291,21.822,-43.498,,,,,,,,,,,,,,,,,,,,,,,,,1325.377,15.807,-42.461,,,,,,,,,,,,,"",2,,,,,,,,,,,,,0,"인생최패망자",,,,18,""
9,SIDE,1,1,0,0,0,0,2,0,0,0,255,255,255,,1328.735,,,,,,,,,,,,,,,,,,,,,,,,3,"=","=","=","=","=","=","=","=","=",,,,,,,,,,,,,,,,,,,,,,,,,,,,,,,,,,,,,,,0,0,,,,,,,,,,,,,,,,,,,,,,,,,,,,,,,,,,,,,,,,,,,,,,,,,,,,,,,,,,,,,,,,,,,,,,,,,,,,,,,,,,,,,,,,,,,,,,,,,,,,,,,,,,,,,,,,,,,,,,,,,,,,,,,,,,,,,,,,,,,,,,,,,"",0,,,,,,,,,,,,,0,"",,,,0,""
10,,1,0,0,0,0,0,0,0,0,0,255,255,255,0,1502.874,"Pugeuk",R,29,87,140,0.736,0.679,0.566,1.594,0.522,1.815,-36.587,20.137,67,33,0,2,"",-186.097,-179.255,10.248,0,0,0,"sano jpn","ʚEveɞ","NABIMan","P0TA0","인생최패망자","白霜らいふ","カズティー","ibqrqki","Ѕeyeon",6,R,"sano jpn",170.2,92.118,0.561,5,87,W,Y,1,1503.962,111,94,165,83,39,,137,127,27.035,23.742,0.116,1.097,-19.912,0.58,0.19,0.452,489.231,319.488,-126.9,1509.626,-55.975,-124.698,,,,,,0,0,,1508.746,1513.101,1517.964,1523.712,,,,,,,,,,,,,,,,,,,,,,,,,,,,,,,,,0.225,-37.501,0.035,-16.888,-20.895,-48.087,-14.709,-62.541,21.337,-49.843,11.359,-64.417,49.978,-100.414,-3.515,-120.22,-55.636,-97.211,0.362,-37.126,,"HalF_HearteD",0.03,-16.902,,"-Alta-",-21.044,-48.342,,"Rite_",-14.599,-62.413,,"mochi_2929",21.299,-49.811,,"Pring__",11.401,-64.351,,"alcohol500",48.459,-100.721,,"紅さかな",-3.513,-120.207,,"ame_3",-55.652,-97.208,,,,,,,,,,,,,,,,,,,,,,,,,,,,,,,,,,,,,,,,,,,,,,,,,,,,,,,,"",4,25.826,25.826,9.268,0,2,0.083,84.46,40.551,2.551,83.523,0.063,69.311,0,"",1513.101,1517.964,,0,""
11,,1,0,0,1,0,0,0,0,0,0,255,255,255,1,1548.737,"Pugeuk",R,30,85,138,0.076,-0.142,0.493,1.475,0.184,1.411,-36.587,29.611,60,40,0,0,"",-139.213,-131.413,8.367,0,0,1,"=","=","=","=","=","=","=","=","=",2,L,"ʚEveɞ",190,85,0.478,,80,W,Y,0,,,,,,,,,,,,,,,,,,,,,,,,,,,,,0,0,,,,,,,,,,,,,,,,,,,,,,,,,,,,,,,,,,,,,,0.093,-37.64,-0.085,-16.921,-20.42,-45.995,-12.104,-63.423,20.761,-48.275,14.284,-63.11,52.531,-100.694,0.189,-121.498,-52.736,-104.42,,,,"",,,,"",,,,"",,,,"",,,,"",,,,"",,,,"",,,,"",,,,,,,,,,,,,,,,,,,,,,,,,,,,,,,,,,,,,,,,,,,,,,,,,,,,,,,,,,"",0,,,,,,,,,,,,,0,"",,,,0,""
12,,1,0,0,1,0,1,0,0,0,0,255,255,255,2,1567.141,"Pugeuk",R,6,84,108,2.415,-0.146,0.489,1.691,0.11,1.526,-36.587,18.318,90,10,0,2,"",490.909,0,0,0,0,1,"=","=","=","=","=","=","=","=","=",2,L,"ʚEveɞ",190,85,0.478,5,80,W,Y,1,1568.142,255,115,134,107,57,,145,106,26.475,25.885,0.415,1.034,-21.227,0.94,0,0.429,332.583,-191.73,-285.882,,,,1573.261,8,-35.04,3.065,-103.239,0,0,,1573.599,,,,,,,,,,,,,1573.353,1,,457,0,,,,,,,,,,,,,,,,,,,0.235,-37.538,0.053,-16.971,-21.076,-45.887,-12.239,-63.515,21.83,-47.769,14.296,-63.064,53.09,-100.928,0.276,-121.463,-52.875,-104.487,0.396,-36.946,,"HalF_HearteD",0.028,-16.999,,"-Alta-",-21.068,-45.868,,"Rite_",-12.146,-63.411,92,"mochi_2929",21.828,-47.743,,"Pring__",14.278,-63.063,,"alcohol500",53.078,-100.654,,"紅さかな",0.268,-121.472,,"ame_3",-52.872,-104.486,97,1580.768,-1.942,-41.626,,,,,,,1577.017,-17.777,-73.042,,,,,,,,,,,,,1573.368,-35.232,-104.073,,,,,,,,,,1579.205,-15.297,-68.599,,,,,,,,,,,,,1575.332,-34.637,-102.702,"",1,23.878,23.878,2.351,0,0,1,40.709,40.709,63.002,40.709,0,-179.906,0,"ame_3",,,,224,""
13,,1,0,0,1,0,0,1,0,0,0,255,255,255,3,1598.856,"Pugeuk",R,14,76,102,2.169,-1.276,0.554,1.353,0.31,1.228,-36.587,32.796,44,56,0,1,"",354.788,321.879,13.023,0.496,-17.239,2,"=","=","=","=","=","=","=","=","=",8,L,"NABIMan",190,83.228,0.48,,85,W,Y,0,,,,,,,,,,,,,,,,,,,,,,,,,,,,,0,0,,,,,,,,,,,,,,,,,,,,,,,,,,,,,,,,,,,,,,0.117,-37.425,0.003,-17.013,-21.87,-47.837,-13.577,-62.016,20.671,-46.82,12.306,-65.182,49.923,-102.519,0.353,-120.452,-51.869,-102.649,,,,"",,,,"",,,,"",,,,"",,,,"",,,,"",,,,"",,,,"",,,,1602.97,0.142,-37.391,,,,,,,,,,,,,,,,,,,,,,,,,,,,,,,,,,,,,,,,,,,,,,,,,,,,"",0,,,,,,,,,,,,,0,"",,,,0,""
14,,1,0,0,1,1,0,1,0,0,0,255,255,255,4,1617.847,"Pugeuk",R,6,85,109,-0.058,-0.424,0.145,1.61,-0.957,1.352,-36.587,13.524,54,46,0,2,"",495.455,0,21.974,0,0,2,"=","=","=","=","=","=","=","=","=",8,L,"NABIMan",190,83.228,0.48,3,85,W,Y,1,1618.891,229,238,110,172,112,,145,87,-56.216,-50.951,-0.045,0.943,-21.396,-1,0,0.134,153.675,186.936,-196.734,1618.816,0.678,-21.985,1621.12,4,22.176,1.443,-39.546,0,0,,,,,,,,,,,,,,,,,,,,,,,,,,,,,,,,,,1621.754,4,,,-0.042,-37.533,0,-16.992,-21.991,-47.099,-13.732,-63.019,20.779,-46.951,12.344,-64.807,50.534,-100.137,0.292,-120.5,-52.311,-102.685,0.339,-37.012,,"HalF_HearteD",-0.037,-16.993,,"-Alta-",-21.877,-47.051,,"Rite_",-13.65,-62.889,,"mochi_2929",20.771,-46.945,65,"Pring__",13.602,-65.296,,"alcohol500",50.82,-99.946,,"紅さかな",0.312,-120.483,,"ame_3",-52.32,-102.687,,1624.47,1.307,-38.151,,,,,,,,,,1621.182,22.635,-40.186,,,,,,,,,,,,,,,,,,,,,,,,,1623.554,11.734,-39.859,,,,,,,,,,,,,"",3,,,,,,,,,,,,,0,"mochi_2929",,,,40,""
15,,1,0,0,1,1,1,1,0,0,0,255,255,255,5,1640.696,"Pugeuk",R,14,79,105,1.875,-0.99,0.477,1.652,0.071,1.441,-36.587,20.204,59,41,0,4,"",369.422,316.577,23.714,0,0,2,"=","=","=","=","=","=","=","=","=",8,L,"NABIMan",190,83.228,0.48,,32,W,Y,1,,,,,,,,,,,,,,,,,,,,,,,,,,,,,0,0,,,,,,,,,,,,,,,,,,,,,,,,,,,,,,,,,,,,,,0.204,-37.487,0.002,-16.989,-22.557,-47.158,-14.664,-61.483,21.988,-47.186,12.114,-65.418,50.656,-100.645,-0.186,-119.976,-52.143,-101.976,,,,"",,,,"",,,,"",,,,"",,,,"",,,,"",,,,"",,,,"",,,,1644.762,0.415,-37.39,,,,,,,,,,,,,,,,,,,,,,,,,,,,,,,,,,,,,,,,,,,,,,,,,,,,"",0,,,,,,,,,,,,,0,"",,,,0,""
16,,1,0,0,1,1,2,1,0,0,0,255,255,255,6,1662.346,"Pugeuk",R,6,86,110,2.58,-0.856,0.53,1.323,0.237,1.164,-36.587,25.019,43,57,0,2,"",472.17,57.094,16.072,0,0,2,"=","=","=","=","=","=","=","=","=",8,L,"NABIMan",190,83.228,0.48,3,32,W,Y,1,1663.369,255,72,119,91,95,,145,87,-6.878,-15.779,0.51,0.678,-20.912,1,0,0.471,-383.689,-339.673,211.001,1663.489,1.746,-25.202,1665.566,5,9.14,0.058,-56.884,0,0,,1668.516,,,,,,,,,,,,,1668.203,2,,147,2,,,,,,,,,,,,,,,,,,,0.148,-37.487,-0.015,-16.91,-20.997,-46.494,-12.965,-62.615,21.688,-47.744,12.068,-65.374,50.425,-101.732,0.046,-119.23,-52.133,-102.008,0.653,-36.913,,"HalF_HearteD",-0.024,-17.017,,"-Alta-",-21.006,-46.481,65,"Rite_",-12.928,-62.56,,"mochi_2929",21.588,-47.776,,"Pring__",11.988,-65.208,107,"alcohol500",51.011,-101.617,,"紅さかな",-0.177,-119.17,,"ame_3",-52.134,-102.017,,1671.584,-1.144,-38.485,,,,1667.599,-17.663,-40.359,,,,,,,1665.578,9.37,-57.966,,,,,,,,,,,,,,,,1670.319,-18.123,-40.403,,,,,,,1666.184,6.582,-55.547,,,,,,,,,,"",2,,,,,,,,,,,,,0,"Pring__",,,,38,""
17,,1,0,0,1,0,0,2,0,0,0,255,255,255,7,1687.968,"Pugeuk",R,26,90,140,-1.159,-0.603,0.364,1.376,-0.42,1.089,-36.587,20.312,54,46,0,0,"",-82.247,-171.581,6.609,0,0,3,"=","=","=","=","=","=","=","=","=",1,R,"P0TA0",190,96.215,0.525,,83,W,Y,1,,,,,,,,,,,,,,,,,,,,,,,,,,,,,0,0,,,,,,,,,,,,,,,,,,,,,,,,,,,,,,,,,,,,,,0.104,-37.599,-0.168,-16.946,-20.962,-47.025,-14.201,-61.421,21.553,-48.263,10.607,-65.906,46.747,-103.225,-1.784,-120.036,-56.997,-100.454,,,,"",,,,"",,,,"",,,,"",,,,"",,,,"",,,,"",,,,"",,,,1692.498,0.065,-37.702,,,,,,,,,,,,,,,,,,,,,,,,,,,,,,,,,,,,,,,,,,,,,,,,,,,,"",0,,,,,,,,,,,,,0,"",,,,0,""
18,,1,0,0,1,0,1,2,0,0,0,255,255,255,8,1705.597,"Pugeuk",R,13,75,102,-1.191,-0.673,0.52,1.749,0.206,1.651,-36.587,36.636,85,15,0,0,"",-362.039,312.348,0,0,0,3,"=","=","=","=","=","=","=","=","=",1,R,"P0TA0",190,96.215,0.525,,83,W,Y,0,,,,,,,,,,,,,,,,,,,,,,,,,,,,,0,0,,,,,,,,,,,,,,,,,,,,,,,,,,,,,,,,,,,,,,0.125,-37.714,-0.2,-17.082,-20.789,-47.033,-14.042,-61.101,21.579,-48.321,10.568,-65.805,47.014,-103.664,-0.879,-120.391,-56.957,-100.441,,,,"",,,,"",,,,"",,,,"",,,,"",,,,"",,,,"",,,,"",,,,1710.142,-0.405,-37.378,,,,,,,,,,,,,,,,,,,,,,,,,,,,,,,,,,,,,,,,,,,,,,,,,,,,"",0,,,,,,,,,,,,,0,"",,,,0,""
19,,1,0,0,1,0,2,2,0,0,0,255,255,255,9,1721.208,"Pugeuk",R,2,76,103,-3.217,0.249,0.236,1.642,-0.674,1.421,-36.587,16.328,55,45,0,2,"",-365.589,-312.348,0,0,0,3,"=","=","=","=","=","=","=","=","=",1,R,"P0TA0",190,96.215,0.525,3,83,W,Y,1,1722.271,126,167,93,98,54,,138,83,-30,59.657,-0.669,1.069,-20.126,1,0,0.191,-400.203,443.542,-55.749,1722.336,-3.503,-21.761,,,,,,0,0,,,,,,,,,,,,,,,,,,,,,,,,,,,,,,,,,,,,,,0.074,-37.633,-0.177,-17.084,-20.742,-46.967,-14.033,-61.094,21.575,-48.316,10.535,-65.936,47.833,-103.76,-1.12,-120.396,-57.037,-100.42,-0.14,-36.974,,"HalF_HearteD",-0.546,-17.068,,"-Alta-",-20.729,-46.956,,"Rite_",-14.014,-61.003,,"mochi_2929",21.559,-48.309,,"Pring__",10.467,-65.71,,"alcohol500",47.746,-103.608,,"紅さかな",-1.093,-120.367,,"ame_3",-56.89,-100.378,,,,,,,,,,,,,,,,,,,,,,,,,,,,,,,,,,,,,,,,,,,,,,,,,,,,,,,,"",3,,,,,,,,,,,,,0,"",,,,0,""
20,,1,0,0,1,0,2,2,0,0,0,255,255,255,10,1741.303,"Pugeuk",R,13,85,109,-4.291,-1.59,0.2,1.594,-0.787,1.317,-36.587,13.8,43,57,0,2,"",-345.584,358.288,0.11,-1.422,-21.65,3,"=","=","=","=","=","=","=","=","=",1,R,"P0TA0",190,96.215,0.525,3,83,W,Y,1,1742.302,255,162,162,92,69,,145,87,-10.935,19.573,-0.57,0.614,-20.888,-1,0,0.416,126.243,-153.664,-362.556,1742.291,-1.536,-23.612,1744.347,3,-11.905,0.059,-54.186,0,0,,,,,,,,,,,,,,,1746.803,3,,147,64,,,,,,,,,,,,,,,,,,,0.088,-37.708,-0.207,-17.046,-20.625,-47,-15.525,-61.851,21.555,-49.358,10.566,-64.694,46.856,-103.62,-0.55,-120.134,-58.117,-99.211,-0.597,-37.084,,"HalF_HearteD",-0.327,-17.101,,"-Alta-",-20.745,-47.067,,"Rite_",-15.42,-61.62,83,"mochi_2929",21.518,-49.374,,"Pring__",10.641,-64.599,,"alcohol500",46.782,-103.594,,"紅さかな",-0.632,-120.048,,"ame_3",-58.12,-99.219,,,,,,,,1746.204,-18.957,-40.71,1744.439,-12.455,-55.941,,,,,,,,,,,,,,,,,,,,,,,,,1745.346,-13.538,-52.416,,,,,,,,,,,,,,,,"",2,,,,,,,,,,,,,0,"Rite_",,,,68,""
21,SIDE,1,0,0,1,0,0,2,0,0,0,255,255,255,,1747.924,,,,,,,,,,,,,,,,,,,,,,,,4,"=","=","=","=","=","=","=","=","=",,,,,,,,,,,,,,,,,,,,,,,,,,,,,,,,,,,,,,,0,0,,,,,,,,,,,,,,,,,,,,,,,,,,,,,,,,,,,,,,,,,,,,,,,,,,,,,,,,,,,,,,,,,,,,,,,,,,,,,,,,,,,,,,,,,,,,,,,,,,,,,,,,,,,,,,,,,,,,,,,,,,,,,,,,,,,,,,,,,,,,,,,,,"",0,,,,,,,,,,,,,0,"",,,,0,""
22,,2,1,0,1,0,0,0,0,0,0,255,255,255,8,1795.995,"白霜らいふ",R,4,74,107,-1.588,-0.46,0.443,1.733,-0.317,1.328,-36.596,52.921,97,3,0,4,"",-236.315,0,-14.784,0,0,3,"紅さかな","Pring__","-Alta-","mochi_2929","HalF_HearteD","Pugeuk","Rite_","ame_3","alcohol500",4,R,"mochi_2929",190,88.482,0.523,,82,W,Y,1,,,,,,,,,,,,,,,,,,,,,,,,,,,,,0,0,,,,,,,,,,,,,,,,,,,,,,,,,,,,,,,,,,,,,,-0.06,-37.677,-0.052,-16.93,-22.331,-48.564,-16.648,-62.591,17.009,-46.071,9.986,-65.904,38.41,-90.622,0.694,-110.892,-48.497,-97.141,,,,"",,,,"",,,,"",,,,"",,,,"",,,,"",,,,"",,,,"",,,,,,,,,,,,,,,,,,,,,,,,,,,,,,,,,,,,,,,,,,,,,,,,,,,,,,,,,,"",0,,,,,,,,,,,,,0,"",,,,0,""
23,,2,1,0,1,0,1,0,0,0,0,255,255,255,9,1810.543,"白霜らいふ",R,13,78,104,-1.975,-0.773,0.341,1.624,-0.147,1.587,-36.596,23.489,100,0,0,4,"",-363.528,319.623,-20.23,0,0,3,"=","=","=","=","=","=","=","=","=",4,R,"mochi_2929",190,88.482,0.523,,82,W,Y,1,,,,,,,,,,,,,,,,,,,,,,,,,,,,,0,0,,,,,,,,,,,,,,,,,,,,,,,,,,,,,,,,,,,,,,0.085,-37.709,-0.129,-16.991,-22.048,-48.8,-16.663,-62.578,17.904,-46.337,9.897,-65.846,35.252,-94.822,0.69,-110.897,-49.216,-97.92,,,,"",,,,"",,,,"",,,,"",,,,"",,,,"",,,,"",,,,"",,,,,,,,,,,,,,,,,,,,,,,,,,,,,,,,,,,,,,,,,,,,,,,,,,,,,,,,,,"",0,,,,,,,,,,,,,0,"",,,,0,""
24,,2,1,0,1,0,2,0,0,0,0,255,255,255,10,1831.736,"白霜らいふ",R,3,75,102,-1.356,0.057,0.353,1.533,0.345,1.67,-36.596,19.548,57,43,0,2,"",-463.636,0,-15.467,0,0,3,"=","=","=","=","=","=","=","=","=",4,R,"mochi_2929",190,88.482,0.523,0,82,W,Y,0,1833.031,146,74,40,31,17,,113,73,-30,66.538,-0.377,0.924,-19.019,1,0,0.129,91.086,489.724,71.012,1833.099,-3.554,-20.375,,,,,,0,0,,,,,,,,,,,,,,,,,,,,,,,,,,,,,,,,,,,,,,0.079,-37.451,-0.061,-16.899,-22.069,-48.798,-16.923,-62.938,18.213,-47.411,9.559,-65.679,35.211,-94.842,0.644,-110.884,-50.169,-99.016,0.26,-37.074,,"P0TA0",-0.262,-16.895,,"ʚEveɞ",-22.055,-48.897,,"Ѕeyeon",-17.93,-65.304,,"인생최패망자",18.212,-47.394,,"ibqrqki",9.517,-65.323,,"sano jpn",35.221,-94.826,,"カズティー",0.637,-110.89,,"NABIMan",-50.256,-99.012,,,,,,,,,,,,,,,,,,,,,,,,,,,,,,,,,,,,,,,,,,,,,,,,,,,,,,,,"",3,,,,,,,,,,,,,0,"",,,,0,""
25,,2,1,0,1,0,2,0,0,0,0,255,255,255,11,1850.47,"白霜らいふ",R,13,77,103,-1.665,-1.276,0.292,1.376,-0.047,1.32,-36.596,7.46,63,37,0,2,"",-340.568,343.093,-18.47,0,0,3,"=","=","=","=","=","=","=","=","=",4,R,"mochi_2929",190,88.482,0.523,3,81,W,Y,1,1851.753,255,106,54,63,26,,137,90,99.72,-79.978,-0.344,0.466,-19.938,-0.59,0,0.216,325.994,-58.997,209.243,,,,,,,,,0,0,,,,,,,,,,,,,,,,,,,,,,,,,,,,,,,,,,,,,,0.079,-37.603,-0.008,-16.95,-21.773,-48.128,-17.188,-62.634,17.807,-47.931,9.769,-65.819,33.898,-95.234,0.322,-110.297,-51.287,-98.054,0.37,-36.909,,"P0TA0",-0.333,-16.942,,"ʚEveɞ",-22.083,-48.63,,"Ѕeyeon",-18.093,-64.604,,"인생최패망자",17.595,-47.665,,"ibqrqki",9.737,-65.615,,"sano jpn",33.542,-95.764,,"カズティー",0.321,-110.288,,"NABIMan",-51.28,-97.886,,,,,,,,,,,,,,,,,,,,,,,,,,,,,,,,,,,,,,,,,,,,,,,,,,,,,,,,"",3,,,,,,,,,,,,,0,"",,,,0,""
26,,2,1,0,1,0,2,0,0,0,0,255,255,255,12,1866.989,"白霜らいふ",R,26,80,131,9.427,-0.959,0.285,1.73,-0.392,1.717,-36.596,27.531,92,8,0,2,"",36.955,-170.543,15.089,0,0,3,"=","=","=","=","=","=","=","=","=",4,R,"mochi_2929",190,88.482,0.523,3,81,W,Y,1,1868.081,255,130,94,61,16,,145,130,25.365,31.303,-0.398,1.353,-20.469,0.61,0,0.273,90.453,409.683,251.711,1872.643,-61.576,-103.613,1876.32,,-50.83,0.057,-97.131,1,0,,1873.899,1878.288,,,,,,,,,,,,,,,,,,,,,,,,,,,,,1879.564,5,,,,,0.043,-37.68,0.021,-16.874,-22.561,-48.537,-17.183,-62.503,17.658,-47.728,10.21,-65.722,35.267,-94.389,0.322,-110.366,-51.776,-99.313,0.445,-36.8,,"P0TA0",-0.125,-16.875,,"ʚEveɞ",-22.481,-48.58,,"Ѕeyeon",-17.511,-63.122,,"인생최패망자",17.469,-47.505,,"ibqrqki",9.898,-65.493,85,"sano jpn",35.248,-94.391,,"カズティー",0.325,-110.363,,"NABIMan",-51.788,-99.302,129,1886.108,0.378,-39.47,,,,,,,,,,,,,1879.49,0.093,-59.539,,,,,,,1876.556,-50.842,-97.139,,,,,,,,,,,,,,,,1885.054,-1.743,-56.77,,,,,,,1877.364,-45.461,-94.277,"",2,,,,,,,,,,,,,0,"_이누_",1878.288,,,164,""
27,,2,1,0,1,0,0,0,0,1,0,255,4,255,13,1905.743,"白霜らいふ",R,26,85,137,1.252,0.228,0.229,1.551,0.614,1.58,-36.596,11.454,55,45,0,0,"",-94.728,-200,45.7,0,0,4,"=","=","=","=","=","=","=","=","=",1,R,"HalF_HearteD",190,82,0.446,,80,W,Y,0,,,,,,,,,,,,,,,,,,,,,,,,,,,,,0,0,,,,,,,,,,,,,1921.477,,,,,,,,,,,,,,,,,,,,,,,,,0.131,-37.446,0.178,-16.872,-21.384,-47.886,-14.671,-63.774,16.39,-45.117,6.739,-64.763,31.16,-93.837,0.123,-108.005,-55.058,-101.443,,,,"",,,,"",,,,"",,,,"",,,,"",,,,"",,,,"",,,,"",,,,1910.173,0.022,-37.609,,,,,,,,,,,,,,,,,,,,,,,,,,,,,,,,,,,,,,,,,,,,,,,,,,,,"",0,,,,,,,,,,,,,0,"",1908.418,,,0,""
28,,2,1,0,1,0,1,0,0,1,0,255,4,255,14,1923.151,"白霜らいふ",R,10,74,103,0.631,-0.457,0.288,1.867,0.266,1.899,-36.596,33.485,97,3,0,2,"BH-",0,400,16.596,0,0,4,"=","=","=","=","=","=","=","=","=",1,R,"HalF_HearteD",190,82,0.446,3,80,W,Y,1,1924.322,181,142,111,103,86,,145,87,-12.835,13.608,0.125,0.959,-21.226,-1,0,0.588,-198.789,320.23,41.743,1924.374,-0.774,-24.876,1927.076,,-10.493,0.514,-62.852,1,8,,1930.031,,,,,,,,,,,,,1938.821,3,2,292,144,,,,,,,,,,,,,1929.002,3,,,,,0.079,-37.799,0.129,-16.818,-21.842,-48.221,-15.799,-63.573,17.041,-45.661,4.857,-64.008,31.954,-90.42,0.119,-108.004,-54.499,-102.35,0.675,-37.103,,"P0TA0",0.134,-16.899,,"ʚEveɞ",-21.914,-48.395,,"Ѕeyeon",-16.393,-65.341,100,"인생최패망자",17.093,-45.567,98,"ibqrqki",8.469,-64.253,90,"sano jpn",32.007,-90.521,,"カズティー",0.12,-107.995,,"NABIMan",-54.684,-102.649,,1945.03,3.47,-48.18,,,,,,,1926.899,-9.988,-62.075,1931.239,15.215,-44.648,1933.31,1.186,-58.181,,,,,,,,,,,,,,,,,,,1930.446,4.991,-54.169,1932.572,9.695,-49.932,1934.592,5.772,-53.969,,,,,,,,,,"",2,,,,,,,,,,,,,0,"_이누_",,,,432,""
29,,2,1,0,1,0,0,1,1,0,0,1,255,255,15,1966.382,"白霜らいふ",R,10,80,120,1.386,-0.883,0.494,1.684,0.589,1.514,-36.596,35.566,94,6,0,2,"",0,400,8.231,0,0,5,"=","=","=","=","=","=","=","=","=",0,R,"Pugeuk",190,86.201,0.347,3,80,W,Y,1,1967.478,255,58,134,96,39,,145,121,3.207,19.989,0.201,0.736,-20.927,0.79,0,0.923,-15.527,535.236,251.79,1968.353,-11.659,-50.235,1971.578,,-38.043,0.831,-99.863,1,0,,1973.381,,,,1972.52,,,,,,1966.945,,,,,,,,,,,,,,,,,,,,,,,,,,0.143,-37.598,0.233,-16.903,-19.475,-41.441,-13.113,-60.942,17.2,-46.113,8.467,-63.639,35.762,-90.713,0.141,-101.39,-51.687,-97.371,0.412,-36.843,,"P0TA0",0.207,-16.987,,"ʚEveɞ",-18.47,-44.895,,"Ѕeyeon",-13.634,-62.314,,"인생최패망자",17.789,-46.927,,"ibqrqki",8.473,-63.605,75,"sano jpn",35.759,-90.687,,"カズティー",0.141,-101.373,,"NABIMan",-51.951,-97.689,130,1978.609,0.671,-38.548,,,,,,,,,,,,,1974.458,-0.214,-59.147,,,,,,,1971.356,-35.967,-98.812,,,,,,,,,,,,,,,,1977.318,-1.522,-58.359,,,,,,,1972.793,-29.037,-91.851,"",2,,,,,,,,,,,,,0,"_이누_",1972.52,,,164,""
30,,2,1,0,1,0,0,1,1,1,0,0,1,255,16,1998.188,"白霜らいふ",R,26,84,136,1.547,0.451,0.223,1.468,0.703,1.663,-36.596,5.508,52,48,0,2,"BH-",-49.533,-200,52.28,0,0,6,"=","=","=","=","=","=","=","=","=",3,R,"Rite_",169.8,80,0.455,3,49,W,Y,1,1999.207,195,41,47,37,17,,132,80,-38.528,20.11,0.285,1.007,-19.515,-0.6,0,0.226,112.842,-208.089,-546.223,1999.101,-0.148,-20.696,2002.172,,-13.098,0.493,-55.493,1,0,,2004.504,,,,2004.382,,,2004.252,,,1999.185,1998.244,,2004.269,5,1,166,256,,,,,,,,,,,,,2003.648,5,,,,,0.147,-37.62,0.213,-16.941,-19.957,-41.572,-14.445,-62.844,16.641,-45.291,9.012,-64.331,35.768,-91.94,-0.801,-105.031,-49.668,-100.299,0.218,-36.968,,"P0TA0",0.156,-17.05,,"ʚEveɞ",-19.143,-45.559,,"Ѕeyeon",-14.867,-63.073,94,"인생최패망자",16.269,-44.826,,"ibqrqki",8.711,-64.632,96,"sano jpn",35.762,-91.957,,"カズティー",-0.804,-105.028,,"NABIMan",-50.559,-100.939,,2011.531,-12.186,-37.161,,,,2005.297,-18.335,-40.787,2002.097,-12.287,-54.698,,,,2003.54,0.349,-59.439,,,,,,,,,,,,,,,,,,,2002.856,-8.342,-55.499,,,,2004.169,-2.919,-56.69,,,,,,,,,,"",2,,,,,,,,,,,,,0,"_이누_",2004.382,2004.252,,418,""
31,,2,1,0,1,0,0,2,1,0,1,3,255,1,17,2054.673,"白霜らいふ",R,26,85,138,-0.823,-0.643,0.082,1.371,-0.381,1.046,-36.596,4.313,56,44,0,0,"",29.652,-200,56.356,0,0,7,"=","=","=","=","=","=","=","=","=",8,L,"ame_3",175.2,80.648,0.219,,36,W,Y,0,,,,,,,,,,,,,,,,,,,,,,,,,,,,,0,0,,,,,,,,,,,,2054.796,,2054.826,,,,,,,,,,,,,,,,,,,,,,,,0.085,-37.454,-0.147,-16.986,-20.661,-43.445,-10.666,-65.364,18.446,-40.384,13.484,-64.442,41.618,-89.563,0.184,-102.214,-46.212,-101.238,,,,"",,,,"",,,,"",,,,"",,,,"",,,,"",,,,"",,,,"",,,,2059.127,0.026,-37.394,,,,,,,,,,,,,,,,,,,,,,,,,,,,,,,,,,,,,,,,,,,,,,,,,,,,"",0,,,,,,,,,,,,,0,"",,2056.777,,0,""
32,,2,1,0,1,0,1,2,1,0,1,3,255,1,18,2071.398,"白霜らいふ",R,4,67,103,-0.311,-0.168,0.434,1.619,0.165,1.524,-36.596,34.249,100,0,0,2,"",-155.974,0,-10.86,0,0,7,"=","=","=","=","=","=","=","=","=",8,L,"ame_3",175.2,80.648,0.219,3,36,W,Y,1,2072.461,255,201,130,139,91,,145,82,-17.113,-31.085,-0.027,0.948,-21.112,-1,0,0.412,256.525,537.735,-5.09,2072.468,1.617,-23.877,2073.957,,12.909,0.496,-41.513,0,0,,,,,,2077.177,,,,,2077.299,,,2071.98,2076.803,7,,147,16,,,,,,,,,,,,,,,,,,,0.1,-37.511,-0.019,-16.937,-19.798,-41.061,-10.693,-64.867,16.888,-42.978,14.17,-63.761,40.951,-88.098,0.18,-102.221,-47.489,-103.009,0.065,-37.131,,"P0TA0",-0.077,-16.947,,"ʚEveɞ",-17.371,-44.443,,"Ѕeyeon",-11.513,-65.951,,"인생최패망자",16.841,-42.916,91,"ibqrqki",13.628,-63.4,,"sano jpn",40.36,-87.517,,"カズティー",0.18,-102.19,,"NABIMan",-47.452,-103.049,,,,,,,,2076.182,-18.196,-39.642,,,,2073.942,12.099,-41.251,,,,,,,,,,,,,,,,,,,,,,,,,2074.858,7.28,-40.917,,,,,,,,,,,,,"",2,,,,,,,,,,,,,0,"_이누_",2077.177,,2077.299,18,""
33,SIDE,2,1,0,1,0,0,2,1,0,1,3,255,1,,2077.538,,,,,,,,,,,,,,,,,,,,,,,,8,"=","=","=","=","=","=","=","=","=",,,,,,,,,,,,,,,,,,,,,,,,,,,,,,,,,,,,,,,0,0,,,,,,,,,,,,,,,,,,,,,,,,,,,,,,,,,,,,,,,,,,,,,,,,,,,,,,,,,,,,,,,,,,,,,,,,,,,,,,,,,,,,,,,,,,,,,,,,,,,,,,,,,,,,,,,,,,,,,,,,,,,,,,,,,,,,,,,,,,,,,,,,,"",0,,,,,,,,,,,,,0,"",,,,0,""
34,,2,0,0,1,0,0,0,0,0,0,255,255,255,11,2124.697,"Pugeuk",R,26,81,132,1.948,-0.601,0.665,1.368,0.982,1.065,-36.587,24.833,46,54,0,2,"",-122.026,-188.595,18.068,0,0,4,"sano jpn","ʚEveɞ","NABIMan","P0TA0","인생최패망자","白霜らいふ","カズティー","ibqrqki","Ѕeyeon",4,R,"인생최패망자",190,80,0.351,0,78,W,Y,1,2125.761,255,195,163,120,114,,145,97,-39.564,46.333,0.644,0.934,-21.362,-0.74,0,0.362,103.929,-275.668,-43.107,2125.632,-0.481,-22.439,2130.343,,-18.694,1.134,-39.522,0,0,,,,,,,,,,,,,,,2129.671,4,,147,0,,,,,,,,,,,2129.057,2,,,,,,,0.276,-37.437,0.003,-16.794,-21.562,-48.134,-13.695,-62.486,22.345,-49.848,12.92,-63.025,48.152,-102.175,-0.073,-122.868,-57.564,-98.747,0.655,-36.848,,"HalF_HearteD",0.018,-16.859,,"-Alta-",-21.598,-48.246,85,"Rite_",-13.616,-62.512,,"mochi_2929",22.264,-50.293,,"Pring__",14.513,-62.036,,"alcohol500",48.364,-101.967,,"紅さかな",-0.072,-122.882,,"ame_3",-57.569,-98.767,,2132.883,-1.703,-37.238,,,,2127.744,-21.153,-41.556,,,,,,,,,,,,,,,,,,,,,,,,,2131.911,-17.824,-39.971,,,,,,,,,,,,,,,,,,,"",2,,,,,,,,,,,,,0,"_이누_",,,,36,""
35,,2,0,0,1,0,0,1,0,0,0,255,255,255,12,2149.476,"Pugeuk",R,29,90,140,-0.057,0.213,0.506,1.542,0.243,1.625,-36.587,25.906,57,43,0,0,"",-209.386,-122.247,6.051,0,0,5,"=","=","=","=","=","=","=","=","=",0,R,"白霜らいふ",179.8,80,0.653,,40,W,Y,0,,,,,,,,,,,,,,,,,,,,,,,,,,,,,0,0,,,,,,,,,,,,,,,,,,,,,,,,,,,,,,,,,,,,,,0.102,-37.487,-0.032,-16.882,-22.119,-48.101,-15.811,-61.075,21.53,-50.505,9.804,-65.194,49.583,-102.025,-1.708,-119.836,-54.782,-92.738,,,,"",,,,"",,,,"",,,,"",,,,"",,,,"",,,,"",,,,"",,,,2154.054,0.342,-37.299,,,,,,,,,,,,,,,,,,,,,,,,,,,,,,,,,,,,,,,,,,,,,,,,,,,,"",0,,,,,,,,,,,,,0,"",,,,0,""
36,,2,0,0,1,0,1,1,0,0,0,255,255,255,13,2167.644,"Pugeuk",R,10,86,112,-1.053,-1.53,0.303,1.568,-0.467,1.238,-36.587,17.001,50,50,0,1,"",0,400,-5.015,-0.267,-18.09,5,"=","=","=","=","=","=","=","=","=",0,R,"白霜らいふ",179.8,80,0.653,,40,W,Y,0,,,,,,,,,,,,,,,,,,,,,,,,,,,,,0,0,,,,,,,,,,,,,,,,,,,,,,,,,,,,,,,,,,,,,,0.065,-37.528,-0.202,-16.977,-21.499,-47.259,-15.692,-60.786,21.84,-50.195,9.882,-65.452,49.732,-98.562,-1.992,-119.835,-56.607,-96.71,,,,"",,,,"",,,,"",,,,"",,,,"",,,,"",,,,"",,,,"",,,,2171.954,0.013,-36.912,,,,,,,,,,,,,,,,,,,,,,,,,,,,,,,,,,,,,,,,,,,,,,,,,,,,"",0,,,,,,,,,,,,,0,"",,,,0,""
37,,2,0,0,1,1,1,1,0,0,0,255,255,255,14,2184.082,"Pugeuk",R,13,72,100,-1.143,-0.86,0.505,1.755,0.158,1.666,-36.587,31.92,89,11,0,0,"",-319.349,355.809,8.002,0,0,5,"=","=","=","=","=","=","=","=","=",0,R,"白霜らいふ",179.8,80,0.653,,40,W,Y,1,,,,,,,,,,,,,,,,,,,,,,,,,,,,,0,0,,,,,,,,,,,,,,,,,,,,,,,,,,,,,,,,,,,,,,0.103,-37.473,-0.262,-17.014,-21.126,-46.827,-15.716,-60.789,21.836,-50.184,9.883,-65.44,49.648,-98.752,-2.002,-119.786,-56.493,-96.71,,,,"",,,,"",,,,"",,,,"",,,,"",,,,"",,,,"",,,,"",,,,2188.693,0.181,-36.739,,,,,,,,,,,,,,,,,,,,,,,,,,,,,,,,,,,,,,,,,,,,,,,,,,,,"",0,,,,,,,,,,,,,0,"",,,,0,""
38,,2,0,0,1,1,2,1,0,0,0,255,255,255,15,2201.349,"Pugeuk",R,27,86,139,0.698,0.499,0.538,1.586,0.391,1.777,-36.587,18.565,60,40,0,2,"",-75.971,-139.356,4.956,0,0,5,"=","=","=","=","=","=","=","=","=",0,R,"白霜らいふ",179.8,80,0.653,5,40,W,Y,1,2202.404,221,65,110,42,0,,145,103,-59.081,59.609,0.104,1.097,-19.634,-0.15,0,0.42,-74.359,82.726,7.126,2202.272,-0.422,-19.942,2206.435,,-23.021,1.02,-34.941,0,0,,,,,,,,,,,,,,,,,,,,,,,,,,,,,,,,,,,,,,0.224,-37.421,0.086,-17.044,-21.209,-46.086,-15.978,-60.856,21.962,-50.106,9.885,-65.44,50.68,-99.193,-1.505,-119.831,-56.633,-96.75,0.197,-36.846,,"HalF_HearteD",0.053,-17.081,,"-Alta-",-21.053,-46.373,85,"Rite_",-15.913,-60.705,,"mochi_2929",21.935,-50.124,,"Pring__",9.805,-65.195,,"alcohol500",50.524,-99.061,,"紅さかな",-1.861,-119.758,,"ame_3",-56.686,-96.736,,2208.889,-2.596,-38.798,,,,2205.622,-23.942,-36.568,,,,,,,,,,,,,,,,,,,,,,,,,2207.991,-16.954,-38.034,,,,,,,,,,,,,,,,,,,"",3,92.086,61.3,21.663,1,0,1,-59.081,-59.081,-56.991,-59.081,0,132.057,0,"_이누_",,,,36,""
39,,2,0,0,1,1,2,1,0,0,0,255,255,255,16,2221.467,"Pugeuk",R,29,85,138,0.003,-0.171,0.523,1.667,0.323,1.371,-36.587,34.554,94,6,0,2,"",-245.231,-138.388,11.846,0,0,5,"=","=","=","=","=","=","=","=","=",0,R,"白霜らいふ",179.8,80,0.653,0,40,W,Y,1,2222.491,221,137,50,91,25,,136,131,2.444,40.799,-0.046,0.844,-19.511,0.34,0,0.45,50.966,439.448,-68.126,2223.357,-22.928,-44.572,2225.872,,-18.983,0.864,-40.338,0,0,,,,,,,,,,,,,,,2223.763,5,,451,0,,,,,,,,,,,2225.01,2,,,,,,,0.032,-37.42,-0.035,-17.082,-21.083,-46.781,-14.672,-61.405,21.603,-49.042,12.213,-63.72,50.381,-98.419,-0.82,-120.234,-55.788,-95.968,0.142,-36.805,,"HalF_HearteD",-0.034,-17.131,,"-Alta-",-20.793,-47.01,85,"Rite_",-14.74,-61.485,,"mochi_2929",21.541,-49.019,,"Pring__",12.446,-63.22,,"alcohol500",50.108,-98.656,,"紅さかな",-0.839,-119.849,,"ame_3",-55.781,-95.957,,2228.561,-1.316,-37.815,,,,2223.774,-21.164,-43.357,,,,,,,,,,,,,,,,,,,,,,,,,2227.546,-18.23,-40.206,,,,,,,,,,,,,,,,,,,"",1,,,,,,,,,,,,,0,"_이누_",,,,36,""
40,,2,0,0,1,0,0,2,0,0,0,255,255,255,17,2244.509,"Pugeuk",R,26,83,134,0.571,0.684,0.522,1.594,0.318,1.807,-36.587,22.064,44,56,0,2,"",-69.154,-200,16.384,0,0,6,"=","=","=","=","=","=","=","=","=",7,R,"カズティー",175.4,84.645,0.33,5,76,W,Y,1,2245.495,217,137,111,107,46,,145,129,25.948,38.048,0.082,1.126,-19.643,0.64,0,0.742,279.029,137.246,-513.134,2251.049,-77.1,-114.36,,,,,,0,0,,2251.032,2255.487,2260.543,2266.145,,,,,,,,,,,,,,,,,,,,,,,,,,,,,,,,,0.221,-37.572,0.044,-17.041,-21.755,-48.003,-14.146,-59.959,22.108,-48.63,7.558,-65.252,49.272,-101.459,-0.259,-120.448,-55.157,-94.663,0.149,-37.18,,"HalF_HearteD",0.039,-17.063,,"-Alta-",-21.697,-47.979,,"Rite_",-14.046,-59.777,,"mochi_2929",22.043,-48.85,,"Pring__",8.226,-65.024,,"alcohol500",49.181,-101.445,,"紅さかな",-1.511,-120,,"ame_3",-55.12,-94.69,,,,,,,,,,,,,,,,,,,,,,,,,,,,,,,,,,,,,,,,,,,,,,,,,,,,,,,,"",4,39.734,39.734,11.4,0,2,0.24,88.958,36.021,-1.979,89.515,0.068,141.442,0,"",2255.487,2260.543,,0,""
41,,2,0,0,2,0,0,2,0,0,0,255,255,255,18,2306.639,"Pugeuk",R,6,81,106,-1.002,-0.373,0.055,1.65,-1.236,1.405,-36.587,9.607,52,48,0,2,"",481.818,0,12.569,0,0,7,"=","=","=","=","=","=","=","=","=",5,L,"ibqrqki",164.9,86.895,0.45,5,76,W,Y,1,2307.918,78,60,70,27,25,,109,95,5.096,-28.041,-0.183,0.773,-20.379,0.19,0,0.685,510.253,112.186,216.777,,,,2310.914,,11.72,0.849,-51.424,0,0,,,,,,,,,,,,,,,2309.519,7,,453,0,,,,,,,,,,,,,,,,,,,-0.072,-37.473,-0.176,-16.904,-21.401,-47.352,-12.444,-62.632,19.379,-45.635,13.401,-61.063,46.643,-97.675,0.625,-112.82,-51.914,-99.149,0.469,-36.971,,"HalF_HearteD",-0.27,-16.996,,"-Alta-",-21.411,-47.354,,"Rite_",-12.344,-62.524,,"mochi_2929",19.358,-45.619,,"Pring__",13.409,-61.079,,"alcohol500",46.693,-97.297,,"紅さかな",0.862,-113.05,,"ame_3",-51.93,-99.14,,,,,,,,,,,,,,2309.531,14.69,-47.825,,,,,,,,,,,,,,,,,,,,,,,,,,,,,,,,,,,,,,,,"",1,-29.264,-29.264,-1.815,0,0,1,5.096,5.096,4.965,5.096,0,-35.25,0,"_이누_",,,,8,""
42,SIDE,2,0,0,2,0,0,2,0,0,0,255,255,255,,2312.227,,,,,,,,,,,,,,,,,,,,,,,,8,"=","=","=","=","=","=","=","=","=",,,,,,,,,,,,,,,,,,,,,,,,,,,,,,,,,,,,,,,0,0,,,,,,,,,,,,,,,,,,,,,,,,,,,,,,,,,,,,,,,,,,,,,,,,,,,,,,,,,,,,,,,,,,,,,,,,,,,,,,,,,,,,,,,,,,,,,,,,,,,,,,,,,,,,,,,,,,,,,,,,,,,,,,,,,,,,,,,,,,,,,,,,,"",0,,,,,,,,,,,,,0,"",,,,0,""
43,,3,1,0,2,0,0,0,0,0,0,255,255,255,19,2364.091,"白霜らいふ",R,26,83,135,-0.386,1.054,0.415,1.842,-0.226,2.061,-36.596,30.661,92,8,0,0,"",36.376,-161.038,11.787,-0.09,-18.102,8,"紅さかな","Pring__","-Alta-","mochi_2929","HalF_HearteD","Pugeuk","Rite_","ame_3","alcohol500",6,L,"alcohol500",175.1,90.32,0.398,,75,W,Y,0,,,,,,,,,,,,,,,,,,,,,,,,,,,,,0,0,,,,,,,,,,,,,,,,,,,,,,,,,,,,,,,,,,,,,,0.095,-37.69,-0.16,-16.918,-20.774,-45.821,-12.955,-65.288,17.452,-44.089,13.194,-64.39,39.399,-90.546,0.155,-110.45,-47.059,-96.954,,,,"",,,,"",,,,"",,,,"",,,,"",,,,"",,,,"",,,,"",,,,,,,,,,,,,,,,,,,,,,,,,,,,,,,,,,,,,,,,,,,,,,,,,,,,,,,,,,"",0,,,,,,,,,,,,,0,"",,,,0,""
44,,3,1,0,2,0,1,0,0,0,0,255,255,255,20,2383.35,"白霜らいふ",R,26,84,136,-0.933,-0.903,0.146,1.608,-0.342,0.88,-36.596,17.85,97,3,0,2,"",-49.278,-200,18.263,0,0,8,"=","=","=","=","=","=","=","=","=",6,L,"alcohol500",175.1,90.32,0.398,3,75,W,Y,1,2384.282,123,75,88,89,43,,138,87,7.488,-51.756,-0.004,0.675,-20.635,1,0,0.304,-57.254,-406.003,-209.706,2385.084,18.57,-34.462,,,,,,0,0,,,,,,,,,,,,,,,,,,,,,,,,,,,,,,,,,,,,,,0.041,-37.588,0.039,-16.991,-20.807,-46.817,-13.05,-65.138,17.697,-44.444,13.298,-64.224,39.359,-90.526,0.158,-110.441,-37.457,-102.477,0.169,-36.972,,"P0TA0",-0.116,-17.107,,"ʚEveɞ",-20.718,-47.148,,"Ѕeyeon",-13.63,-67.32,,"인생최패망자",17.417,-44.074,,"ibqrqki",13.261,-64.04,,"sano jpn",39.351,-90.514,,"カズティー",0.158,-110.444,,"NABIMan",-38.707,-102.252,,,,,,,,,,,,,,,,,,,,,,,,,,,,,,,,,,,,,,,,,,,,,,,,,,,,,,,,"",3,,,,,,,,,,,,,0,"",,,,0,""
45,,3,1,0,2,0,2,0,0,0,0,255,255,255,21,2402.54,"白霜らいふ",R,10,90,115,1.167,-1.592,0.371,1.592,0.498,1.215,-36.596,27.785,96,4,0,2,"",0,400,20.773,0,0,8,"=","=","=","=","=","=","=","=","=",6,L,"alcohol500",175.1,90.32,0.398,3,41,W,Y,1,2403.527,99,81,89,98,61,,135,76,-5.275,-32.23,0.263,0.418,-20.609,1,0,0.371,102.837,307.882,-341.436,2403.437,2.113,-23.57,2404.935,,13.785,0.431,-40.677,0,0,,2408.643,,,,,,,,,,,,,2407.49,8,,147,16,,,,,,,,,,,2407.56,2,,,,,,,0.06,-37.711,0.099,-16.98,-20.491,-46.517,-13.064,-65.169,17.258,-43.591,14.649,-63.657,41.614,-89.017,0.158,-110.465,-41.179,-103.137,0.08,-37.038,,"P0TA0",0.084,-17.039,,"ʚEveɞ",-20.38,-46.393,91,"Ѕeyeon",-13.727,-67.054,,"인생최패망자",17.195,-43.479,115,"ibqrqki",14.004,-63.392,,"sano jpn",40.539,-89.714,,"カズティー",0.157,-110.462,,"NABIMan",-40.941,-103.292,,2411.463,-0.516,-37.043,,,,2406.868,-18.865,-39.133,,,,2405.072,13.102,-39.938,,,,,,,,,,,,,,,,,,,2410.553,-15.793,-39.199,,,,2405.681,9.441,-39.252,,,,,,,,,,,,,"",2,,,,,,,,,,,,,0,"_이누_",,,,50,""
46,,3,1,0,2,0,0,1,0,0,0,255,255,255,23,2431.184,"白霜らいふ",R,3,84,108,-2.128,-1.117,0.233,1.219,-0.062,1.22,-36.596,16.047,49,51,0,1,"",-458.411,154.09,-22.74,0,0,0,"=","=","=","=","=","=","=","=","=",7,R,"紅さかな",172.7,86,0.452,,75,W,Y,0,,,,,,,,,,,,,,,,,,,,,,,,,,,,,0,0,,,,,,,,,,,,,,,,,,,,,,,,,,,,,,,,,,,,,,0.048,-37.429,-0.011,-17.048,-20.683,-47.245,-16.588,-63.007,16.651,-45.459,10.247,-65.387,38.178,-92.43,-0.085,-107.537,-52.228,-98.014,,,,"",,,,"",,,,"",,,,"",,,,"",,,,"",,,,"",,,,"",,,,2435.968,0.284,-37.217,,,,,,,,,,,,,,,,,,,,,,,,,,,,,,,,,,,,,,,,,,,,,,,,,,,,"",0,,,,,,,,,,,,,0,"",,,,0,""
47,,3,1,0,2,1,0,1,0,0,0,255,255,255,23,2449.227,"白霜らいふ",R,28,55,111,3.668,2.815,0.666,1.819,1.456,3.108,-36.596,64.584,97,3,0,1,"",66.624,-98.005,3.68,0,0,0,"=","=","=","=","=","=","=","=","=",7,R,"紅さかな",172.7,86,0.452,,75,W,Y,0,,,,,,,,,,,,,,,,,,,,,,,,,,,,,0,0,,,,,,,,,,,,,,,,,,,,,,,,,,,,,,,,,,,,,,0.079,-37.545,0.005,-16.96,-20.789,-47.43,-16.569,-63.063,16.749,-45.603,10.132,-65.647,38.11,-92.564,-0.08,-107.539,-53.57,-101.713,,,,"",,,,"",,,,"",,,,"",,,,"",,,,"",,,,"",,,,"",,,,2454.829,-0.09,-37.288,,,,,,,,,,,,,,,,,,,,,,,,,,,,,,,,,,,,,,,,,,,,,,,,,,,,"",0,,,,,,,,,,,,,0,"",,,,0,""
48,,3,1,0,2,2,0,1,0,0,0,255,255,255,24,2467.957,"白霜らいふ",R,10,85,127,0.99,-1.096,0.393,1.862,0.42,1.434,-36.596,41.202,92,8,0,1,"",0,400,9.902,0.139,-17.074,0,"=","=","=","=","=","=","=","=","=",7,R,"紅さかな",172.7,86,0.452,,75,W,Y,0,,,,,,,,,,,,,,,,,,,,,,,,,,,,,0,0,,,,,,,,,,,,,,,,,,,,,,,,,,,,,,,,,,,,,,0.048,-37.625,0.147,-16.855,-20.966,-47.593,-16.459,-63.222,16.564,-45.328,9.862,-65.865,38.251,-92.461,-0.082,-107.53,-54.494,-101.243,,,,"",,,,"",,,,"",,,,"",,,,"",,,,"",,,,"",,,,"",,,,2473.976,-0.093,-37.319,,,,,,,,,,,,,,,,,,,,,,,,,,,,,,,,,,,,,,,,,,,,,,,,,,,,"",0,,,,,,,,,,,,,0,"",,,,0,""
49,,3,1,0,2,3,0,1,0,0,0,255,255,255,25,2517.634,"白霜らいふ",R,3,67,100,0.725,0.446,0.669,1.663,0.921,1.881,-36.596,49.167,100,0,0,0,"",-298.603,0,-9.581,0,0,0,"=","=","=","=","=","=","=","=","=",7,R,"紅さかな",172.7,86,0.452,,75,W,Y,0,,,,,,,,,,,,,,,,,,,,,,,,,,,,,0,0,,,,,,,,,,,,,,,,,,,,,,,,,,,,,,,,,,,,,,0.182,-37.605,0.184,-17.013,-21.065,-47.949,-16.621,-62.966,16.797,-45.8,9.815,-66.864,34.24,-97.885,-0.087,-107.537,-53.943,-103.161,,,,"",,,,"",,,,"",,,,"",,,,"",,,,"",,,,"",,,,"",,,,2522.144,-0.091,-37.458,,,,,,,,,,,,,,,,,,,,,,,,,,,,,,,,,,,,,,,,,,,,,,,,,,,,"",0,,,,,,,,,,,,,0,"",,,,0,""
50,,3,1,0,2,3,1,1,0,0,0,255,255,255,26,2534.112,"白霜らいふ",R,26,87,140,1.961,0.449,0.164,1.384,0.929,1.697,-36.596,5.809,58,42,0,1,"",-69.013,-184.837,56.123,0.389,-17.603,0,"=","=","=","=","=","=","=","=","=",7,R,"紅さかな",172.7,86,0.452,,75,W,Y,0,,,,,,,,,,,,,,,,,,,,,,,,,,,,,0,0,,2543.323,,,,,,,,,,,,,,,,,,,,,,,,,,,,,,,,,,,,0.203,-37.459,0.314,-17.001,-21.185,-48.115,-16.526,-62.818,17.046,-46.172,9.845,-66.576,34.097,-98.16,-0.088,-107.539,-53.976,-102.562,,,,"",,,,"",,,,"",,,,"",,,,"",,,,"",,,,"",,,,"",,,,2541.41,0.201,-37.082,,,,,,,,,,,,,,,,,,,,,,,,,,,,,,,,,,,,,,,,,,,,,,,,,,,,"",5,,,,,,,,,,,,,0,"",,,,0,""
51,,3,1,0,2,0,0,1,1,0,0,7,255,255,27,2557.755,"白霜らいふ",R,26,79,129,-0.975,0.612,0.275,1.734,-0.439,1.749,-36.596,27.803,94,6,0,2,"",3.665,-200,12.79,0,0,1,"=","=","=","=","=","=","=","=","=",5,L,"Pring__",175.1,90.089,0.448,5,73,W,Y,1,2558.7,183,133,106,85,76,,145,129,26.093,-8.273,-0.176,1.15,-20.597,0.48,0,0.379,516.98,-81.024,293.543,2564.276,18.367,-141.453,,,,,,0,0,,2564.245,2568.651,2573.536,2578.396,2565.458,2570.318,2575.146,,,,2557.954,,,,,,,,,,,,,,,,,,,,,,,,,,0.027,-37.561,-0.037,-16.986,-19.783,-40.991,-5.679,-65.348,19.587,-46.949,10.364,-64.105,39.797,-95.527,-0.087,-107.608,-48.99,-99.765,0.306,-37.038,,"P0TA0",-0.062,-17.017,,"ʚEveɞ",-19.361,-42.599,,"Ѕeyeon",-6.097,-65.293,,"인생최패망자",19.553,-46.885,,"ibqrqki",10.326,-63.925,,"sano jpn",39.224,-94.679,,"カズティー",-0.054,-108.886,,"NABIMan",-47.16,-99.108,,,,,,,,,,,,,,,,,,,,,,,,,,,,,,,,,,,,,,,,,,,,,,,,,,,,,,,,"",4,-6.673,-6.673,6.985,0,2,0.361,89.158,35.02,-2.98,86.858,0.074,-60.668,0,"",2565.458,2570.318,2575.146,0,""
52,,3,1,2,2,0,0,1,0,0,0,255,255,255,28,2600.738,"白霜らいふ",R,0,0,0,0,0,0,0,0,0,0,0,0,0,0,0,"B+",0,0,0,0,0,2,"=","=","=","=","=","=","=","=","=",2,L,"-Alta-",189.8,84,0.479,,73,W,Y,0,,,,,,,,,,,,,,,,,,,,,,,,,,,,,0,0,,,,,,,,,,,,,,,,,,,,,,,,,,,,,,,,,,,,,,0.159,-37.494,0.119,-16.982,-21.229,-47.134,-12.219,-65.194,19.895,-47.054,13.03,-63.962,41.876,-95.537,-1.694,-105.825,-46.32,-100.802,,,,"",,,,"",,,,"",,,,"",,,,"",,,,"",,,,"",,,,"",,,,,,,,,,,,,,,,,,,,,,,,,,,,,,,,,,,,,,,,,,,,,,,,,,,,,,,,,,"",0,,,,,,,,,,,,,0,"",,,,0,""
53,,3,1,2,2,1,0,1,0,0,0,255,255,255,29,2651.626,"白霜らいふ",R,14,79,105,2.315,-0.02,0.2,1.759,0.321,2.12,-36.596,24.916,100,0,0,4,"",334.985,356.151,31.43,0,0,2,"=","=","=","=","=","=","=","=","=",2,L,"-Alta-",189.8,84,0.479,,73,W,Y,1,,,,,,,,,,,,,,,,,,,,,,,,,,,,,0,0,,,,,,,,,,,,,,,,,,,,,,,,,,,,,,,,,,,,,,0.07,-37.563,0.106,-17.006,-21.52,-47.405,-12.482,-64.934,18.97,-45.85,13.218,-63.164,38.41,-91.854,-0.654,-105.021,-46.387,-103.231,,,,"",,,,"",,,,"",,,,"",,,,"",,,,"",,,,"",,,,"",,,,,,,,,,,,,,,,,,,,,,,,,,,,,,,,,,,,,,,,,,,,,,,,,,,,,,,,,,"",0,,,,,,,,,,,,,0,"",,,,0,""
54,,3,1,2,2,1,1,1,0,0,0,255,255,255,30,2667.87,"白霜らいふ",R,10,93,118,1.403,-1.492,0.295,1.448,0.603,1.149,-36.596,14.953,49,51,0,4,"",0,400,26.057,0.254,-17.909,2,"=","=","=","=","=","=","=","=","=",2,L,"-Alta-",189.8,84,0.479,,73,W,Y,1,,,,,,,,,,,,,,,,,,,,,,,,,,,,,0,0,,,,,,,,,,,,,,,,,,,,,,,,,,,,,,,,,,,,,,0.065,-37.555,0.101,-16.944,-21.616,-47.88,-12.612,-65.077,18.979,-45.909,13.413,-63.326,38.435,-91.821,-0.84,-105.097,-45.501,-103.245,,,,"",,,,"",,,,"",,,,"",,,,"",,,,"",,,,"",,,,"",,,,,,,,,,,,,,,,,,,,,,,,,,,,,,,,,,,,,,,,,,,,,,,,,,,,,,,,,,"",0,,,,,,,,,,,,,0,"",,,,0,""
55,,3,1,2,2,1,2,1,0,0,0,255,255,255,31,2683.903,"白霜らいふ",R,26,85,138,2.237,-1.136,0.34,1.484,1.059,0.72,-36.596,16.047,55,45,0,1,"",-70.774,-200,27.15,0,0,2,"=","=","=","=","=","=","=","=","=",2,L,"-Alta-",189.8,84,0.479,,73,W,Y,0,,,,,,,,,,,,,,,,,,,,,,,,,,,,,0,0,,,,,,,,,,,,,,,,,,,,,,,,,,,,,,,,,,,,,,0.078,-37.547,0.365,-16.951,-21.747,-47.988,-12.583,-65.083,18.976,-45.897,13.239,-63.605,38.431,-91.862,-0.839,-105.103,-44.168,-102.807,,,,"",,,,"",,,,"",,,,"",,,,"",,,,"",,,,"",,,,"",,,,,,,,,,,,,,,,,,,,,,,,,,,,,,,,,,,,,,,,,,,,,,,,,,,,,,,,,,"",0,,,,,,,,,,,,,0,"",,,,0,""
56,,3,1,2,2,2,2,1,0,0,0,255,255,255,32,2702.234,"白霜らいふ",R,10,79,107,1.146,-1.474,0.655,1.722,0.48,1.23,-36.596,47.404,95,5,0,4,"",0,400,0.751,0.149,-18.139,2,"=","=","=","=","=","=","=","=","=",2,L,"-Alta-",189.8,84,0.479,,73,W,Y,1,,,,,,,,,,,,,,,,,,,,,,,,,,,,,0,4,,,,,,,,,,,,,,,2707.333,2,,706,0,,,,,,,,,,,,,,,,,,,0.088,-37.538,0.118,-16.957,-21.926,-48.257,-12.842,-65.372,18.879,-45.745,13.559,-64.288,38.442,-91.802,-0.529,-105.147,-44.019,-102.036,,,,"",,,,"",,,,"",,,,"",,,,"",,,,"",,,,"",,,,"",,,,,,,,,,,,,,,,,,,,,,,,,,,,,,,,,,,,,,,,,,,,,,,,,,,,,,,,,,"",0,,,,,,,,,,,,,0,"",,,,0,""
57,,3,1,2,2,0,0,2,0,0,0,255,255,255,33,2723.084,"白霜らいふ",R,13,84,108,-2.155,-1.547,0.139,1.234,-0.28,1.128,-36.596,10.548,51,49,0,1,"",-350.42,350.165,-17.987,-0.593,-17.791,3,"=","=","=","=","=","=","=","=","=",4,R,"mochi_2929",190,88.482,0.523,,72,W,Y,0,,,,,,,,,,,,,,,,,,,,,,,,,,,,,0,0,,,,,,,,,,,,,,,,,,,,,,,,,,,,,,,,,,,,,,0.056,-37.387,-0.392,-16.716,-21.339,-47.438,-16.805,-62.521,17.192,-46.399,9.879,-65.155,38.47,-91.817,-0.527,-105.147,-47.89,-96.183,,,,"",,,,"",,,,"",,,,"",,,,"",,,,"",,,,"",,,,"",,,,,,,,,,,,,,,,,,,,,,,,,,,,,,,,,,,,,,,,,,,,,,,,,,,,,,,,,,"",0,,,,,,,,,,,,,0,"",,,,0,""
58,,3,1,2,2,1,0,2,0,0,0,255,255,255,34,2744.777,"白霜らいふ",R,13,83,107,-1.514,-1.132,0.101,1.279,-0.047,1.43,-36.596,11.695,51,49,0,1,"",-320.965,375.665,-20.028,-0.514,-16.767,3,"=","=","=","=","=","=","=","=","=",4,R,"mochi_2929",190,88.482,0.523,,72,W,Y,0,,,,,,,,,,,,,,,,,,,,,,,,,,,,,0,0,,,,,,,,,,,,,,,,,,,,,,,,,,,,,,,,,,,,,,0.087,-37.632,-0.277,-16.863,-21.162,-47.898,-16.524,-62.766,17.372,-46.792,9.962,-64.882,33.349,-96.525,-0.534,-105.138,-46.979,-96.692,,,,"",,,,"",,,,"",,,,"",,,,"",,,,"",,,,"",,,,"",,,,,,,,,,,,,,,,,,,,,,,,,,,,,,,,,,,,,,,,,,,,,,,,,,,,,,,,,,"",0,,,,,,,,,,,,,0,"",,,,0,""
59,,3,1,2,2,2,0,2,0,0,0,255,255,255,35,2762.605,"白霜らいふ",R,26,82,133,2.292,0.937,0.415,1.721,0.994,1.8,-36.596,33.645,94,6,0,2,"",-57.189,-200,18.839,0,0,3,"=","=","=","=","=","=","=","=","=",4,R,"mochi_2929",190,88.482,0.523,3,72,W,Y,1,2763.694,255,127,134,80,41,,145,130,23.261,-5.588,0.47,1.586,-21.025,0.63,0,0.207,-26.627,393.933,357.723,2768.239,-0.739,-133.282,2769.837,,-0.736,0.68,-125.687,1,8,,2769.399,2773.779,,,,,,,,,,,,2774.44,3,1,276,64,,,,,,,,,,,,,,,,,,,0.139,-37.54,0.181,-16.842,-21.301,-48.037,-16.668,-62.842,17.373,-46.778,9.935,-64.845,33.422,-96.443,-0.531,-105.128,-46.707,-97.475,0.034,-37.165,,"P0TA0",0.178,-16.898,,"ʚEveɞ",-21.205,-47.948,,"Ѕeyeon",-17.21,-64.522,,"인생최패망자",17.078,-46.383,,"ibqrqki",10.055,-64.777,,"sano jpn",33.436,-96.406,,"カズティー",-0.533,-105.124,,"NABIMan",-46.188,-96.999,,,,,,,,,,,2774.12,-0.498,-59.714,,,,,,,,,,2769.764,-1.591,-128.351,,,,,,,,,,,,,,,,,,,,,,,,,,,,,,,"",2,,,,,,,,,,,,,0,"_이누_",2773.779,,,320,""
60,SIDE,3,1,2,2,0,0,2,0,0,0,255,255,255,,2777.564,,,,,,,,,,,,,,,,,,,,,,,,4,"=","=","=","=","=","=","=","=","=",,,,,,,,,,,,,,,,,,,,,,,,,,,,,,,,,,,,,,,0,0,,,,,,,,,,,,,,,,,,,,,,,,,,,,,,,,,,,,,,,,,,,,,,,,,,,,,,,,,,,,,,,,,,,,,,,,,,,,,,,,,,,,,,,,,,,,,,,,,,,,,,,,,,,,,,,,,,,,,,,,,,,,,,,,,,,,,,,,,,,,,,,,,"",0,,,,,,,,,,,,,0,"",,,,0,""
61,,3,0,2,2,0,0,0,0,0,0,255,255,255,19,2823.75,"Pugeuk",R,29,88,140,-0.304,-0.362,0.473,1.434,0.088,1.236,-36.587,28.75,56,44,0,0,"",-200.031,-174.341,14.051,0,0,8,"sano jpn","ʚEveɞ","NABIMan","P0TA0","인생최패망자","白霜らいふ","カズティー","ibqrqki","Ѕeyeon",3,R,"Ѕeyeon",171.3,80,0.4,,71,W,Y,0,,,,,,,,,,,,,,,,,,,,,,,,,,,,,0,0,,,,,,,,,,,,,,,,,,,,,,,,,,,,,,,,,,,,,,0.018,-37.423,-0.075,-16.921,-21.32,-48.617,-16.615,-61.814,21.923,-50.431,10.518,-65.194,46.797,-102.067,-0.163,-121.167,-56.801,-98.723,,,,"",,,,"",,,,"",,,,"",,,,"",,,,"",,,,"",,,,"",,,,,,,,,,,,,,,,,,,,,,,,,,,,,,,,,,,,,,,,,,,,,,,,,,,,,,,,,,"",0,,,,,,,,,,,,,0,"",,,,0,""
62,,3,0,2,2,0,1,0,0,0,0,255,255,255,20,2837.038,"Pugeuk",R,29,86,140,1.177,0.794,0.612,1.645,0.738,1.996,-36.587,35.445,60,40,0,0,"",-179.721,-59.579,13.519,0,0,8,"=","=","=","=","=","=","=","=","=",3,R,"Ѕeyeon",171.3,80,0.4,,71,W,Y,0,,,,,,,,,,,,,,,,,,,,,,,,,,,,,0,0,,,,,,,,,,,,,,,,,,,,,,,,,,,,,,,,,,,,,,0.091,-37.421,-0.086,-16.974,-21.857,-49.173,-16.514,-61.981,21.817,-50.124,10.562,-65.285,48.055,-101.809,-0.261,-120.204,-56.622,-98.61,,,,"",,,,"",,,,"",,,,"",,,,"",,,,"",,,,"",,,,"",,,,,,,,,,,,,,,,,,,,,,,,,,,,,,,,,,,,,,,,,,,,,,,,,,,,,,,,,,"",0,,,,,,,,,,,,,0,"",,,,0,""
63,,3,0,2,2,0,2,0,0,0,0,255,255,255,21,2852.213,"Pugeuk",R,13,72,100,-1.151,-0.837,0.521,1.76,0.209,1.678,-36.587,35.381,89,11,0,2,"",-345.369,325.072,4.706,0,0,8,"=","=","=","=","=","=","=","=","=",3,R,"Ѕeyeon",171.3,80,0.4,5,71,W,Y,1,2853.335,203,126,80,75,57,,145,83,-27.75,-52.119,-0.169,0.743,-20.978,1,0,0.595,-288.276,81.188,-203.028,2853.087,0.84,-21.764,,,,,,0,0,,,,,,,,,,,,,,,,,,,,,,,,,,,,,,,,,,,,,,0.116,-37.524,-0.307,-16.953,-21.457,-48.013,-16.442,-61.837,21.502,-49.835,9.284,-62.214,48.954,-101.693,-2.645,-118.551,-56.799,-98.734,-0.335,-37.143,,"HalF_HearteD",-0.372,-17.032,,"-Alta-",-21.406,-48.017,,"Rite_",-16.363,-61.731,,"mochi_2929",21.432,-49.875,,"Pring__",9.107,-60.807,,"alcohol500",48.868,-101.674,,"紅さかな",-2.702,-118.594,,"ame_3",-56.644,-98.728,,,,,,,,,,,,,,,,,,,,,,,,,,,,,,,,,,,,,,,,,,,,,,,,,,,,,,,,"",3,-47.817,-47.817,-13.869,0,2,0.556,-43.63,-29.209,-12.895,-49.493,0.045,-69.889,0,"",,,,0,""
64,,3,0,2,2,0,2,0,0,0,0,255,255,255,22,2868.714,"Pugeuk",R,29,89,140,0.509,0.702,0.551,1.615,0.452,1.888,-36.587,19.657,54,46,0,2,"",-182.446,-119.131,4.795,0,0,8,"=","=","=","=","=","=","=","=","=",3,R,"Ѕeyeon",171.3,80,0.4,5,89,W,Y,1,2869.676,112,53,72,45,12,,136,124,27.705,66.309,0.055,1.09,-19.497,0.66,0,0.404,168.685,-4.582,-330.349,,,,,,,,,0,0,,,,,,,,,,,,,,,,,,,,,,,,,,,,,,,,,,,,,,0.202,-37.465,0.04,-16.974,-21.541,-47.559,-15.618,-62.162,20.168,-47.611,11.763,-64.622,52.591,-99.408,1.399,-118.185,-55.964,-96.336,0.24,-37.148,,"HalF_HearteD",0.041,-17.063,,"-Alta-",-21.637,-47.645,,"Rite_",-15.454,-62.487,,"mochi_2929",20.098,-47.499,,"Pring__",12.866,-65.696,,"alcohol500",52.351,-99.8,,"紅さかな",0.972,-118.172,,"ame_3",-55.96,-96.322,,,,,,,,,,,,,,,,,,,,,,,,,,,,,,,,,,,,,,,,,,,,,,,,,,,,,,,,"",3,74.98,65.204,32.517,0.653,2,0.057,60.574,49.596,61.178,60.464,0.048,130.634,0,"",,,,0,""
65,,3,0,2,2,0,2,0,0,0,0,255,255,255,23,2885.619,"Pugeuk",R,29,91,140,-1.719,-0.811,0.357,1.574,-0.452,1.022,-36.587,20.52,54,46,0,1,"",-227.25,-121.986,9.155,0,0,8,"=","=","=","=","=","=","=","=","=",3,R,"Ѕeyeon",171.3,80,0.4,,89,W,Y,0,,,,,,,,,,,,,,,,,,,,,,,,,,,,,0,0,,,,,,,,,,,,,,,,,,,,,,,,,,,,,,,,,,,,,,0.028,-37.464,0.006,-16.963,-23.255,-47.726,-14.321,-62.045,21.107,-47.267,10.381,-64.49,51.84,-100.358,-0.644,-119.433,-56.039,-97.747,,,,"",,,,"",,,,"",,,,"",,,,"",,,,"",,,,"",,,,"",,,,,,,,,,,,,,,,,,,,,,,,,,,,,,,,,,,,,,,,,,,,,,,,,,,,,,,,,,"",0,,,,,,,,,,,,,0,"",,,,0,""
66,,3,0,2,2,1,2,0,0,0,0,255,255,255,24,2902.738,"Pugeuk",R,13,64,94,-1.601,-0.739,0.464,1.802,0.031,1.777,-36.587,38.021,87,13,0,4,"",-326.517,322.497,-6.749,-0.615,-17.059,8,"=","=","=","=","=","=","=","=","=",3,R,"Ѕeyeon",171.3,80,0.4,,89,W,Y,1,,,,,,,,,,,,,,,,,,,,,,,,,,,,,0,0,,,,,,,,,,,,,,,2906.989,8,,706,0,,,,,,,,,,,,,,,,,,,0.045,-37.44,-0.194,-16.991,-21.839,-47.009,-14.347,-61.36,20.738,-47.478,10.868,-65.317,51.801,-101.051,-0.495,-116.85,-55.944,-97.721,,,,"",,,,"",,,,"",,,,"",,,,"",,,,"",,,,"",,,,"",,,,,,,,,,,,,,,,,,,,,,,,,,,,,,,,,,,,,,,,,,,,,,,,,,,,,,,,,,"",0,,,,,,,,,,,,,0,"",,,,0,""
67,,3,0,2,2,0,0,1,0,0,0,255,255,255,25,2927.059,"Pugeuk",R,6,82,120,1.917,-0.363,0.47,1.554,0.075,1.667,-36.587,8.947,62,38,0,1,"",453.274,211.052,12.717,0.699,-17.234,0,"=","=","=","=","=","=","=","=","=",6,R,"sano jpn",170.2,92.118,0.561,,71,W,Y,0,,,,,,,,,,,,,,,,,,,,,,,,,,,,,0,0,,,,,,,,,,,,,,,,,,,,,,,,,,,,,,,,,,,,,,0.283,-37.496,-0.195,-17.073,-20.578,-46.415,-14.35,-60.559,21.966,-49.702,10.264,-65.536,50.98,-100.408,-4.156,-121.021,-54.822,-99.349,,,,"",,,,"",,,,"",,,,"",,,,"",,,,"",,,,"",,,,"",,,,,,,,,,,,,,,,,,,,,,,,,,,,,,,,,,,,,,,,,,,,,,,,,,,,,,,,,,"",0,,,,,,,,,,,,,0,"",,,,0,""
68,,3,0,2,2,1,0,1,0,0,0,255,255,255,26,2942.02,"Pugeuk",R,14,81,119,1.431,-1.164,0.447,1.47,-0.031,1.365,-36.587,11.67,52,48,0,1,"",384.43,319.709,13.662,0,0,0,"=","=","=","=","=","=","=","=","=",6,R,"sano jpn",170.2,92.118,0.561,,71,W,Y,0,,,,,,,,,,,,,,,,,,,,,,,,,,,,,0,0,,,,,,,,,,,,,,,,,,,,,,,,,,,,,,,,,,,,,,0.229,-37.427,0.137,-17.012,-20.651,-46.48,-14.363,-60.577,21.964,-49.7,9.955,-65.689,50.658,-100.766,-8.105,-123.688,-55.292,-99.115,,,,"",,,,"",,,,"",,,,"",,,,"",,,,"",,,,"",,,,"",,,,,,,,,,,,,,,,,,,,,,,,,,,,,,,,,,,,,,,,,,,,,,,,,,,,,,,,,,"",0,,,,,,,,,,,,,0,"",,,,0,""
69,,3,0,2,2,2,0,1,0,0,0,255,255,255,27,2962.591,"Pugeuk",R,13,72,100,-1.466,-0.713,0.472,1.778,0.055,1.721,-36.587,37.641,83,17,0,2,"",-354.94,312.348,10.246,0,0,0,"=","=","=","=","=","=","=","=","=",6,R,"sano jpn",170.2,92.118,0.561,5,71,W,Y,1,2963.806,51,65,143,134,81,,98,66,-18.574,19.952,-0.34,0.676,-20.479,1,0.286,0.319,292.591,-169.076,-263.302,2963.649,-0.929,-22.106,2966.885,,-8.494,0.274,-53.539,0,0,,2968.332,,,,,,,,,,,,,2968.885,0,,147,64,,,,,,,,,,,,,,,,,,,0.059,-37.689,-0.345,-17.085,-20.79,-47.511,-14.619,-60.612,21.961,-49.684,10.46,-65.427,49.409,-102.766,-10.636,-124.543,-55.006,-99,-0.554,-37.281,,"HalF_HearteD",-0.389,-17.12,,"-Alta-",-20.796,-47.5,81,"Rite_",-14.56,-60.46,96,"mochi_2929",21.95,-49.681,,"Pring__",10.377,-65.181,,"alcohol500",48.641,-102.683,,"紅さかな",-10.635,-124.542,,"ame_3",-55.118,-98.995,,2972.557,-1.068,-37.977,,,,2968.333,-18.071,-41.205,2966.899,-8.096,-52.792,,,,,,,,,,,,,,,,,,,,,,2971.495,-17.721,-40.209,2967.613,-10.265,-49.995,,,,,,,,,,,,,,,,"",2,24.59,24.59,-4.629,0,0,1,-24.299,-24.299,-55.379,-24.299,0,34.371,0,"_이누_",,,,100,""
70,,3,0,2,2,0,0,2,0,0,0,255,255,255,28,2991.597,"Pugeuk",R,29,82,133,0.993,-0.605,0.62,1.588,0.775,1.128,-36.587,26.236,53,47,0,2,"",-250,-108.038,10.804,0,0,1,"=","=","=","=","=","=","=","=","=",2,L,"ʚEveɞ",190,85,0.478,5,70,W,Y,1,2992.579,245,178,128,89,32,,145,119,-0.122,15.834,0.301,0.825,-21.18,0.08,0,0.239,94.989,-513.588,-50.095,2992.964,-4.596,-39.903,2997.949,,-21.385,0.468,-116.99,1,0,,2998.014,,,,,,,,,,,,,,,,,,,,,,,,,,,,,,,,,,,,0.215,-37.389,0.061,-17.031,-20.676,-47.512,-12.041,-62.693,22.053,-48.282,13.473,-64.56,54.235,-98.126,0.277,-120.273,-51.984,-103.165,0.539,-37.09,,"HalF_HearteD",0.056,-17.032,,"-Alta-",-20.69,-47.498,,"Rite_",-12.715,-63.508,,"mochi_2929",22.028,-48.264,,"Pring__",13.418,-64.371,85,"alcohol500",54.321,-98.151,,"紅さかな",0.296,-120.273,79,"ame_3",-51.776,-102.848,,3006.657,-1.15,-38.616,,,,,,,,,,,,,3002.285,-0.187,-60.139,,,,2997.695,-21.506,-116.099,,,,,,,,,,,,,,,,,,,3005.476,-0.135,-58.03,,,,2999.163,-18.889,-107.276,,,,"",2,18.149,18.149,-10.093,0,0,1,-0.122,-0.122,-3.278,-0.122,0,28.796,0,"_이누_",,,,35,""
71,,3,0,2,2,0,0,2,1,0,0,12,255,255,29,3020.801,"Pugeuk",R,26,85,138,1.521,-0.297,0.615,1.624,0.748,1.245,-36.587,23.351,60,40,0,2,"",-75.98,-200,7.959,0,0,2,"=","=","=","=","=","=","=","=","=",8,L,"NABIMan",190,83.228,0.48,5,70,W,Y,1,3021.742,229,49,92,87,36,,145,131,30.093,-54.706,0.266,0.87,-19.878,0.61,0,0.415,401.014,-274.822,96.922,3027.314,103.713,-81.108,,,,,,0,0,,,,,,,,,,,,3022.079,,,,,,,,,,,,,,,,,,,,,,,,,,0.262,-37.669,0.18,-16.878,-20.184,-41.693,-11.705,-63.16,21.282,-47.587,11.462,-63.543,48.614,-99.625,-0.183,-119.367,-51.313,-102.021,0.217,-36.838,,"HalF_HearteD",0.228,-17.03,,"-Alta-",-18.88,-43.827,,"Rite_",-11.843,-62.632,,"mochi_2929",21.248,-47.569,,"Pring__",11.427,-63.431,,"alcohol500",48.881,-100.182,,"紅さかな",-0.224,-119.241,,"ame_3",-51.306,-102.019,,,,,,,,,,,,,,,,,,,,,,,,,,,,,,,,,,,,,,,,,,,,,,,,,,,,,,,,"",3,-53.353,-53.353,-24.058,0,0,1,59.008,59.008,57.515,59.008,0,-54.155,0,"",,,,0,""
72,,3,0,2,2,0,1,2,1,0,0,12,255,255,30,3044.024,"Pugeuk",R,14,72,100,1.479,-0.727,0.415,1.741,-0.122,1.635,-36.587,22.07,92,8,0,4,"",354.94,312.348,23.56,0,0,2,"=","=","=","=","=","=","=","=","=",8,L,"NABIMan",190,83.228,0.48,,29,W,Y,1,,,,,,,,,,,,,,,,,,,,,,,,,,,,,0,0,,,,,,,,,,,,3053.607,,,,,,,,,,,,,,,,,,,,,,,,,,0.216,-37.535,-0.036,-17.022,-20.276,-41.348,-11.237,-62.751,22.546,-49.854,11.549,-64.681,52.995,-100.817,0.403,-120.296,-50.715,-102.739,,,,"",,,,"",,,,"",,,,"",,,,"",,,,"",,,,"",,,,"",,,,,,,,,,,,,,,,,,,,,,,,,,,,,,,,,,,,,,,,,,,,,,,,,,,,,,,,,,"",0,,,,,,,,,,,,,0,"",,,,0,""
73,,3,0,2,2,0,2,2,1,0,0,12,255,255,31,3064.987,"Pugeuk",R,14,80,106,2.738,-1.374,0.59,1.522,0.421,1.161,-36.587,24.982,52,48,0,4,"",389.624,294.143,0,0,0,2,"=","=","=","=","=","=","=","=","=",8,L,"NABIMan",190,83.228,0.48,,29,W,Y,1,,,,,,,,,,,,,,,,,,,,,,,,,,,,,0,0,,,,,,,,,,,,3065.054,,,3067.638,2,,578,0,,,,,,,,,,,,,,,,,,,0.191,-37.395,0.036,-16.985,-19.593,-40.795,-9.406,-63.842,22.593,-49.627,11.283,-64.597,52.781,-100.614,0.257,-120.817,-50.891,-101.084,,,,"",,,,"",,,,"",,,,"",,,,"",,,,"",,,,"",,,,"",,,,,,,,,,,,,,,,,,,,,,,,,,,,,,,,,,,,,,,,,,,,,,,,,,,,,,,,,,"",0,,,,,,,,,,,,,0,"",,,,0,""
74,SIDE,3,0,2,2,0,0,2,1,0,0,12,255,255,,3070.485,,,,,,,,,,,,,,,,,,,,,,,,3,"=","=","=","=","=","=","=","=","=",,,,,,,,,,,,,,,,,,,,,,,,,,,,,,,,,,,,,,,0,0,,,,,,,,,,,,,,,,,,,,,,,,,,,,,,,,,,,,,,,,,,,,,,,,,,,,,,,,,,,,,,,,,,,,,,,,,,,,,,,,,,,,,,,,,,,,,,,,,,,,,,,,,,,,,,,,,,,,,,,,,,,,,,,,,,,,,,,,,,,,,,,,,"",0,,,,,,,,,,,,,0,"",,,,0,""
75,,4,1,2,2,0,0,0,0,0,0,255,255,255,36,3119.146,"白霜らいふ",R,3,74,103,-1.671,0.225,0.521,1.62,0.034,1.772,-36.596,39.012,100,0,0,4,"",-386.146,0,-10.604,0,0,4,"紅さかな","Pring__","-Alta-","mochi_2929","HalF_HearteD","Pugeuk","Rite_","ame_3","alcohol500",1,R,"HalF_HearteD",190,82,0.446,,34,W,Y,1,,,,,,,,,,,,,,,,,,,,,,,,,,,,,0,0,,,,,,,,,,,,,,,,,,,,,,,,,,,,,,,,,,,,,,0.091,-37.732,-0.074,-16.745,-21.219,-47.234,-16.509,-62.651,18.021,-50.003,8.528,-66.019,34.473,-101.388,-0.228,-111.235,-49.568,-95.478,,,,"",,,,"",,,,"",,,,"",,,,"",,,,"",,,,"",,,,"",,,,,,,,,,,,,,,,,,,,,,,,,,,,,,,,,,,,,,,,,,,,,,,,,,,,,,,,,,"",0,,,,,,,,,,,,,0,"",,,,0,""
76,,4,1,2,2,0,1,0,0,0,0,255,255,255,37,3141.044,"白霜らいふ",R,10,72,114,1.468,-0.906,0.424,1.861,0.627,1.531,-36.596,37.986,95,5,0,2,"",0,400,13.049,0,0,4,"=","=","=","=","=","=","=","=","=",1,R,"HalF_HearteD",190,82,0.446,3,34,W,Y,1,3142.187,255,170,120,110,92,,145,130,-30,-22.009,0.28,0.809,-21.374,0.57,0,0.246,-85.638,61.521,-106.265,3141.993,0.802,-22.666,3145.266,,28.7,1.053,-91.579,1,0,,3148.1,,,,,,,,,,,,,,,,,,,,,,,,,,,,,,,,,,,,0.129,-37.692,0.093,-16.956,-21.393,-47.594,-16.8,-62.419,18.251,-50.319,8.008,-66.23,34.375,-101.423,-0.231,-111.245,-46.501,-99.594,0.373,-37.186,,"P0TA0",0.101,-16.997,,"ʚEveɞ",-21.253,-47.527,,"Ѕeyeon",-17.433,-63.664,98,"인생최패망자",18.025,-49.931,,"ibqrqki",8.078,-65.874,,"sano jpn",34.375,-101.427,108,"カズティー",-0.236,-111.232,,"NABIMan",-46.722,-98.996,,3151.249,0.25,-38.842,,,,,,,3147.569,-0.129,-59.657,,,,,,,3145.415,27.808,-88.876,,,,,,,,,,,,,,,,3150.327,-0.911,-55.998,,,,,,,3145.98,24.888,-85.295,,,,,,,"",2,,,,,,,,,,,,,0,"_이누_",,,,289,""
77,,4,1,2,2,0,0,0,1,0,0,1,255,255,38,3275.889,"白霜らいふ",R,13,61,92,0.854,-0.104,0.58,1.69,1.14,2.102,-36.596,32.94,100,0,0,0,"",-326.545,312.348,-26.475,0,0,5,"=","=","=","=","=","=","=","=","=",0,R,"Pugeuk",190,86.201,0.347,,68,W,Y,0,,,,,,,,,,,,,,,,,,,,,,,,,,,,,0,0,,,,,,,,,,,,3276.116,,,,,,,,,,,,,,,,,,3279.631,2,,,,,,,0.166,-37.528,0.029,-16.883,-20.008,-40.314,-15.641,-62.995,17.313,-49.388,7.354,-63.729,33.083,-92.168,-0.278,-108.679,-50.912,-102.163,,,,"",,,,"",,,,"",,,,"",,,,"",,,,"",,,,"",,,,"",,,,3283.802,-0.57,-38.316,,,,,,,,,,,,,,,,,,,,,,,,,,,,,,,,,,,,,,,,,,,,,,,,,,,,"",0,,,,,,,,,,,,,0,"",,,,0,""
78,,4,1,2,2,0,1,0,1,0,0,1,255,255,39,3300.276,"白霜らいふ",R,10,78,118,0.873,-1.446,0.427,1.761,0.368,1.167,-36.596,32.319,94,6,0,2,"",0,400,10.402,0,0,5,"=","=","=","=","=","=","=","=","=",0,R,"Pugeuk",190,86.201,0.347,0,68,W,Y,1,3301.348,251,36,113,33,0,,145,133,4.722,-10.941,0.208,0.579,-20.821,0.56,0,0.758,371.082,-344.326,18.884,,,,3303.051,,8.699,1.598,-60.844,0,16,,,,,,,,,,,,3306.911,,,3302.857,5,,454,0,3305.674,4,1,275,128,,,,,,,,,,,,,,0.15,-37.573,0.128,-16.821,-19.611,-40.566,-15.682,-63.369,17.473,-48.835,7.223,-62.968,32.526,-91.934,-0.286,-108.624,-49.908,-102.366,0.467,-36.956,,"P0TA0",0.114,-16.909,,"ʚEveɞ",-17.701,-45.206,93,"Ѕeyeon",-15.979,-63.909,,"인생최패망자",17.2,-48.357,,"ibqrqki",7.181,-62.76,99,"sano jpn",32.522,-91.93,,"カズティー",-0.287,-108.628,,"NABIMan",-49.723,-102.23,,3310.66,-0.383,-37.781,,,,3305.314,-18.083,-40.182,,,,,,,3302.879,8.717,-60.803,,,,,,,,,,,,,,,,3309.754,-14.47,-39.789,,,,,,,3303.943,4.522,-57.086,,,,,,,,,,"",1,,,,,,,,,,,,,0,"_이누_",,,,162,""
79,,4,1,2,2,0,0,2,0,0,0,255,255,255,40,3330.647,"白霜らいふ",R,13,85,109,-0.934,-0.697,0.315,1.285,0.303,1.693,-36.596,14.228,45,55,0,0,"",-386.885,312.348,-46.748,0,0,6,"=","=","=","=","=","=","=","=","=",3,R,"Rite_",169.8,80,0.455,,47,W,Y,0,,,,,,,,,,,,,,,,,,,,,,,,,,,,,0,0,,,,,,,,,,,,,,,,,,,,,,,,,,,,,,,,,,,,,,0.089,-37.625,0.019,-16.884,-21.208,-47.062,-15.779,-62.652,16.503,-47.072,9.072,-64.55,31.525,-89.543,-0.955,-104.634,-46.814,-93.357,,,,"",,,,"",,,,"",,,,"",,,,"",,,,"",,,,"",,,,"",,,,3336.631,-0.01,-37.637,,,,,,,,,,,,,,,,,,,,,,,,,,,,,,,,,,,,,,,,,,,,,,,,,,,,"",0,,,,,,,,,,,,,0,"",,,,0,""
80,,4,1,2,2,0,1,2,0,0,0,255,255,255,41,3351.412,"白霜らいふ",R,32,63,117,1.898,0.629,0.228,1.237,0.471,1.746,-36.596,18.982,43,57,0,1,"",250,-200,-78.489,0.681,-17.721,6,"=","=","=","=","=","=","=","=","=",3,R,"Rite_",169.8,80,0.455,,47,W,Y,0,,,,,,,,,,,,,,,,,,,,,,,,,,,,,0,0,,,,,,,,,,,,,,,,,,,,,,,,,,,,,,,,,,,,,,0.158,-37.468,0.316,-16.898,-21.558,-47.371,-16.627,-63.082,16.533,-47.357,8.115,-64.477,31.431,-89.289,-0.962,-104.602,-46.949,-96.33,,,,"",,,,"",,,,"",,,,"",,,,"",,,,"",,,,"",,,,"",,,,3357.684,-0.145,-37.712,,,,,,,,,,,,,,,,,,,,,,,,,,,,,,,,,,,,,,,,,,,,,,,,,,,,"",0,,,,,,,,,,,,,0,"",,,,0,""
81,,4,1,2,2,1,1,2,0,0,0,255,255,255,42,3370.519,"白霜らいふ",R,26,76,126,2.462,1.999,0.421,1.789,1.036,2.506,-36.596,29.542,96,4,0,1,"",15.322,-200,16.148,0,0,6,"=","=","=","=","=","=","=","=","=",3,R,"Rite_",169.8,80,0.455,,47,W,Y,0,,,,,,,,,,,,,,,,,,,,,,,,,,,,,0,0,,,,,,,,,,,,,,,,,,,,,,,,,,,,,,,,,,,,,,0.154,-37.584,0.191,-16.937,-21.663,-48.045,-16.399,-63.065,16.626,-47.336,8.165,-63.899,31.415,-89.436,-0.945,-104.581,-47.308,-96.883,,,,"",,,,"",,,,"",,,,"",,,,"",,,,"",,,,"",,,,"",,,,3375.342,-0.214,-37.189,,,,,,,,,,,,,,,,,,,,,,,,,,,,,,,,,,,,,,,,,,,,,,,,,,,,"",0,,,,,,,,,,,,,0,"",,,,0,""
82,,4,1,2,2,2,1,2,0,0,0,255,255,255,43,3387.631,"白霜らいふ",R,13,69,97,0.45,-0.097,0.472,1.508,0.901,2.188,-36.596,16.618,51,49,0,0,"",-320.187,343.743,-25.07,0,0,6,"=","=","=","=","=","=","=","=","=",3,R,"Rite_",169.8,80,0.455,,47,W,Y,0,,,,,,,,,,,,,,,,,,,,,,,,,,,,,0,0,,,,,,,,,,,,,,,,,,,,,,,,,,,,,,,,,,,,,,0.192,-37.602,0.201,-16.931,-21.803,-48.373,-16.298,-63.246,16.671,-47.39,8.154,-64.325,31.391,-89.405,-0.928,-104.587,-48.06,-98.793,,,,"",,,,"",,,,"",,,,"",,,,"",,,,"",,,,"",,,,"",,,,3392.823,-0.237,-37.565,,,,,,,,,,,,,,,,,,,,,,,,,,,,,,,,,,,,,,,,,,,,,,,,,,,,"",0,,,,,,,,,,,,,0,"",,,,0,""
83,,4,1,2,2,2,2,2,0,0,0,255,255,255,44,3403.618,"白霜らいふ",R,10,90,128,-0.757,-1.979,0.049,1.353,-0.331,0.912,-36.596,6.662,63,37,0,2,"",0,400,56.049,-0.622,-19.9,6,"=","=","=","=","=","=","=","=","=",3,R,"Rite_",169.8,80,0.455,3,47,W,Y,1,3404.655,238,136,77,86,51,,145,80,-15.012,57.685,-0.284,0.262,-20.418,1,0,0.277,-340.449,376.916,176.209,3404.282,-1.522,-21.197,,,,,,0,0,,,,,,,,,,,,,,,,,,,,,,,,,,,,,,,,,,,,,,0.041,-37.411,-0.056,-16.837,-21.985,-48.73,-16.48,-62.986,16.678,-47.395,8.24,-64.443,31.395,-89.454,-0.665,-104.723,-48.314,-99.255,-0.001,-37.07,,"P0TA0",-0.187,-16.994,,"ʚEveɞ",-21.762,-48.688,,"Ѕeyeon",-17.153,-64.959,,"인생최패망자",16.428,-47.038,,"ibqrqki",8.153,-64.149,,"sano jpn",31.397,-89.455,,"カズティー",-0.665,-104.715,,"NABIMan",-48.688,-99.842,,,,,,,,,,,,,,,,,,,,,,,,,,,,,,,,,,,,,,,,,,,,,,,,,,,,,,,,"",3,,,,,,,,,,,,,0,"",,,,0,""
84,,4,1,2,2,2,2,2,0,0,0,255,255,255,45,3423.192,"白霜らいふ",R,3,58,92,0.573,1.275,0.385,1.893,0.912,2.341,-36.596,93.359,84,16,0,1,"",-291.499,0,-2.527,0,0,6,"=","=","=","=","=","=","=","=","=",3,R,"Rite_",169.8,80,0.455,,47,W,Y,0,,,,,,,,,,,,,,,,,,,,,,,,,,,,,0,0,,,,,,,,,,,,,,,,,,,,,,,,,,,,,,,,,,,,,,0.071,-37.599,-0.085,-16.898,-21.154,-48.514,-17.234,-62.496,16.645,-47.505,8.057,-64.621,32.841,-87.315,-1.654,-102.621,-47.686,-97.5,,,,"",,,,"",,,,"",,,,"",,,,"",,,,"",,,,"",,,,"",,,,,,,,,,,,,,,,,,,,,,,,,,,,,,,,,,,,,,,,,,,,,,,,,,,,,,,,,,"",0,,,,,,,,,,,,,0,"",,,,0,""
85,,4,1,2,2,3,2,2,0,0,0,255,255,255,46,3438.95,"白霜らいふ",R,26,80,130,1.269,1.023,0.389,1.778,0.554,1.971,-36.596,30.031,93,7,0,2,"",-8.603,-190.275,17.852,0,0,6,"=","=","=","=","=","=","=","=","=",3,R,"Rite_",169.8,80,0.455,3,47,W,Y,1,3440.023,181,57,52,26,14,,126,76,27.692,34.483,0.186,1.186,-19.428,-0.62,0,0.261,3.327,28.042,-351.247,,,,3443.607,3,-30.39,2.668,-64.367,0,0,,3445.21,,,,,,,,,,,,,3444.008,6,,452,0,,,,,,,,,,,,,,,,,,,0.123,-37.546,0.158,-16.945,-21.406,-48.82,-17.109,-62.342,16.558,-47.369,7.831,-64.266,32.961,-87.202,-1.665,-102.611,-48.452,-98.522,0.372,-37.096,,"P0TA0",0.119,-16.976,,"ʚEveɞ",-21.446,-49.061,,"Ѕeyeon",-17.967,-64.204,,"인생최패망자",16.409,-47.157,,"ibqrqki",7.963,-64.109,,"sano jpn",32.946,-87.179,,"カズティー",-1.673,-102.6,,"NABIMan",-48.738,-98.928,,,,,,,,,,,3444.013,-30.49,-64.738,,,,,,,,,,,,,,,,,,,,,,,,,,,,,,,,,,,,,,,,,,,"",1,,,,,,,,,,,,,0,"Ѕeyeon",,,,256,""
86,SIDE,4,1,2,2,0,0,2,0,0,0,255,255,255,,3445.964,,,,,,,,,,,,,,,,,,,,,,,,7,"=","=","=","=","=","=","=","=","=",,,,,,,,,,,,,,,,,,,,,,,,,,,,,,,,,,,,,,,0,0,,,,,,,,,,,,,,,,,,,,,,,,,,,,,,,,,,,,,,,,,,,,,,,,,,,,,,,,,,,,,,,,,,,,,,,,,,,,,,,,,,,,,,,,,,,,,,,,,,,,,,,,,,,,,,,,,,,,,,,,,,,,,,,,,,,,,,,,,,,,,,,,,"",0,,,,,,,,,,,,,0,"",,,,0,""
87,,4,0,2,2,0,0,0,0,0,0,255,255,255,32,3494.945,"Pugeuk",R,29,82,133,-2.877,0.213,0.25,1.738,-0.948,1.616,-36.587,23.917,95,5,0,4,"",-216.924,-134.007,10.435,0,0,3,"sano jpn","ʚEveɞ","NABIMan","P0TA0","인생최패망자","白霜らいふ","カズティー","ibqrqki","Ѕeyeon",1,R,"P0TA0",190,96.215,0.525,,67,W,Y,1,,,,,,,,,,,,,,,,,,,,,,,,,,,,,0,0,,,,,,,,,,,,,,,,,,,,,,,,,,,,,,,,,,,,,,0.002,-37.607,-0.1,-16.682,-21.718,-48.788,-13.264,-61.073,22.469,-50.945,9.783,-65.602,47.983,-103.506,0.069,-120.602,-55.857,-100.335,,,,"",,,,"",,,,"",,,,"",,,,"",,,,"",,,,"",,,,"",,,,,,,,,,,,,,,,,,,,,,,,,,,,,,,,,,,,,,,,,,,,,,,,,,,,,,,,,,"",0,,,,,,,,,,,,,0,"",,,,0,""
88,,4,0,2,2,0,1,0,0,0,0,255,255,255,33,3510.696,"Pugeuk",R,13,76,103,-1.527,-1.005,0.455,1.671,0.004,1.483,-36.587,25.563,59,41,0,2,"",-338.596,345.312,0,0,0,3,"=","=","=","=","=","=","=","=","=",1,R,"P0TA0",190,96.215,0.525,3,67,W,Y,1,3511.796,255,90,129,90,68,,145,87,1.865,23.018,-0.322,0.564,-19.938,-1,0,0.305,422.161,-335.486,-28.665,3512.222,-7.329,-37.175,3513.409,3,-13.509,0.058,-51.932,0,0,,,,,,,,,,,,,,,3516.062,3,,147,64,,,,,,,,,,,,,,,,,,,0.132,-37.671,-0.161,-16.702,-21.704,-48.654,-13.111,-60.056,22.288,-50.792,9.837,-65.457,49.461,-101.377,-0.119,-120.576,-55.852,-100.355,-0.328,-37.386,,"HalF_HearteD",-0.295,-16.854,,"-Alta-",-21.59,-48.41,80,"Rite_",-13.003,-59.911,69,"mochi_2929",22.273,-50.79,,"Pring__",9.671,-65.464,,"alcohol500",49.275,-101.365,,"紅さかな",-0.11,-120.595,,"ame_3",-55.845,-100.346,,3519.678,-1.37,-37.211,,,,3515.49,-19.276,-40.856,3513.822,-14.1,-53.168,,,,,,,,,,,,,,,,,,,,,,3518.6,-17.936,-40.223,3514.689,-15.613,-50.083,,,,,,,,,,,,,,,,"",2,,,,,,,,,,,,,0,"Rite_",,,,100,""
89,,4,0,2,2,0,0,1,0,0,0,255,255,255,34,3537.607,"Pugeuk",R,6,71,99,0.632,-0.647,0.261,1.669,-0.599,1.48,-36.587,14.449,93,7,0,2,"",408.46,173.564,6.858,0,0,4,"=","=","=","=","=","=","=","=","=",4,R,"인생최패망자",190,80,0.351,0,67,W,Y,1,3538.81,189,120,67,86,99,,140,133,-30,-27.87,0.1,0.839,-20.957,0.36,0,0.443,-492.722,-185.269,-183.797,3538.48,0.951,-22.562,3540.124,4,16.814,2.611,-50.745,0,0,,,,,,,,,,,,,,,3543.583,4,,147,8,,,,,,,,,,,,,,,,,,,0.182,-37.6,0.036,-16.837,-21.487,-48.388,-14.245,-60.92,21.88,-49.625,14.172,-63.818,46.485,-100.168,-0.684,-120.897,-55.866,-98.743,0.535,-37.114,,"HalF_HearteD",0.152,-16.944,,"-Alta-",-21.385,-48.366,85,"Rite_",-14.208,-60.501,,"mochi_2929",21.791,-49.637,94,"Pring__",14.109,-63.57,,"alcohol500",46.566,-103.873,,"紅さかな",-1.149,-121.18,,"ame_3",-55.875,-98.734,,3546.634,-1.192,-37.351,,,,3542.969,-17.821,-40.456,,,,3540.475,17.624,-51.652,,,,,,,,,,,,,,,,,,,3545.603,-17.736,-40.073,,,,3541.238,14.142,-52.478,,,,,,,,,,,,,"",2,,,,,,,,,,,,,0,"mochi_2929",,,,44,""
90,,4,0,2,2,0,0,2,0,0,0,255,255,255,35,3561.35,"Pugeuk",R,26,89,140,-0.306,-0.572,0.477,1.582,0.109,1.08,-36.587,28.676,54,46,0,0,"",-189.659,-200,6.669,0,0,5,"=","=","=","=","=","=","=","=","=",0,R,"白霜らいふ",179.8,80,0.653,,67,W,Y,0,,,,,,,,,,,,,,,,,,,,,,,,,,,,,0,0,,,,,,,,,,,,,,,,,,,,,,,,,,,,,,,,,,,,,,0.033,-37.526,-0.143,-16.805,-21.271,-48.256,-13.809,-62.992,22.113,-49.806,9.019,-64.838,48.389,-99.668,-0.916,-118.75,-57.114,-98.18,,,,"",,,,"",,,,"",,,,"",,,,"",,,,"",,,,"",,,,"",,,,3568.016,-1.47,-32.066,,,,,,,,,,,,,,,,,,,,,,,,,,,,,,,,,,,,,,,,,,,,,,,,,,,,"",0,,,,,,,,,,,,,0,"",,,,0,""
91,,4,0,2,2,0,1,2,0,0,0,255,255,255,36,3578.08,"Pugeuk",R,29,87,140,-0.817,-0.723,0.432,1.58,-0.103,1.072,-36.587,23.211,57,43,0,0,"",-196.562,-109.968,10.629,0,0,5,"=","=","=","=","=","=","=","=","=",0,R,"白霜らいふ",179.8,80,0.653,,67,W,Y,1,,,,,,,,,,,,,,,,,,,,,,,,,,,,,0,0,,,,,,,,,,,,,,,,,,,,,,,,,,,,,,,,,,,,,,0.076,-37.549,-0.11,-16.772,-21.099,-48.407,-14.169,-62.136,21.687,-49.242,9.695,-65.292,49.709,-98.672,-0.52,-118.786,-57.084,-98.359,,,,"",,,,"",,,,"",,,,"",,,,"",,,,"",,,,"",,,,"",,,,3582.596,-0.268,-37.723,,,,,,,,,,,,,,,,,,,,,,,,,,,,,,,,,,,,,,,,,,,,,,,,,,,,"",0,,,,,,,,,,,,,0,"",,,,0,""
92,,4,0,2,2,0,2,2,0,0,0,255,255,255,37,3591.196,"Pugeuk",R,29,81,132,-1.878,-1.197,0.332,1.496,-0.568,0.783,-36.587,25.425,59,41,0,1,"",-178.879,-109.871,10.8,0,0,5,"=","=","=","=","=","=","=","=","=",0,R,"白霜らいふ",179.8,80,0.653,,67,W,Y,0,,,,,,,,,,,,,,,,,,,,,,,,,,,,,0,0,,,,,,,,,,,,,,,,,,,,,,,,,,,,,,,,,,,,,,-0.033,-37.592,-0.196,-16.862,-21.039,-48.033,-14.183,-62.137,21.692,-49.296,9.29,-65.368,50.81,-99.955,-0.948,-118.726,-57.125,-98.243,,,,"",,,,"",,,,"",,,,"",,,,"",,,,"",,,,"",,,,"",,,,3595.715,-0.263,-37.606,,,,,,,,,,,,,,,,,,,,,,,,,,,,,,,,,,,,,,,,,,,,,,,,,,,,"",0,,,,,,,,,,,,,0,"",,,,0,""
93,,4,0,2,2,1,2,2,0,0,0,255,255,255,38,3606.545,"Pugeuk",R,13,61,92,-1.338,-0.869,0.5,1.758,0.144,1.672,-36.587,38.926,87,13,0,0,"",-318.947,323.377,-5.946,-0.539,-17.292,5,"=","=","=","=","=","=","=","=","=",0,R,"白霜らいふ",179.8,80,0.653,,67,W,Y,1,,,,,,,,,,,,,,,,,,,,,,,,,,,,,0,32,,,,,,,,,,,,,,,3610.67,5,,274,0,,,,,,,,,,,,,,,,,3610.163,1,0.096,-37.648,-0.285,-16.979,-20.792,-47.06,-14.36,-61.865,21.928,-49.343,10.465,-65.474,50.181,-101.336,-0.178,-118.789,-57.014,-98.218,,,,"",,,,"",,,,"",,,,"",,,,"",,,,"",,,,"",,,,"",,,,,,,,,,,,,,,,,,,,,,,,,,,,,,,,,,,,,,,,,,,,,,,,,,,,,,,,,,"",0,,,,,,,,,,,,,0,"",,,,0,""
94,SIDE,4,0,2,2,0,0,2,0,0,0,255,255,255,,3611.503,,,,,,,,,,,,,,,,,,,,,,,,6,"=","=","=","=","=","=","=","=","=",,,,,,,,,,,,,,,,,,,,,,,,,,,,,,,,,,,,,,,0,0,,,,,,,,,,,,,,,,,,,,,,,,,,,,,,,,,,,,,,,,,,,,,,,,,,,,,,,,,,,,,,,,,,,,,,,,,,,,,,,,,,,,,,,,,,,,,,,,,,,,,,,,,,,,,,,,,,,,,,,,,,,,,,,,,,,,,,,,,,,,,,,,,"",0,,,,,,,,,,,,,0,"",,,,0,""
95,,5,1,2,2,0,0,0,0,0,0,255,255,255,47,3655.928,"白霜らいふ",R,26,84,136,-0.208,-0.073,0.197,1.558,-0.053,1.368,-36.596,12.605,100,0,0,0,"",-33.148,-200,41.021,0,0,7,"紅さかな","Pring__","-Alta-","mochi_2929","HalF_HearteD","Pugeuk","Rite_","ame_3","alcohol500",8,L,"ame_3",175.2,80.648,0.219,,35,W,Y,0,,,,,,,,,,,,,,,,,,,,,,,,,,,,,0,0,,,,,,,,,,,,,,,,,,,,,,,,,,,,,,,,,,,,,,0.097,-37.686,-0.088,-17.066,-19.811,-48.364,-12.939,-64.968,16.946,-43.255,13.119,-63.314,40.241,-94.267,0.195,-110.88,-42.111,-95.262,,,,"",,,,"",,,,"",,,,"",,,,"",,,,"",,,,"",,,,"",,,,,,,,,,,,,,,,,,,,,,,,,,,,,,,,,,,,,,,,,,,,,,,,,,,,,,,,,,"",0,,,,,,,,,,,,,0,"",,,,0,""
96,,5,1,2,2,0,1,0,0,0,0,255,255,255,48,3671.33,"白霜らいふ",R,13,81,106,-1.486,-0.901,0.341,1.322,0.071,1.609,-36.596,16.871,58,42,0,2,"",-363.932,327.672,-30.997,0,0,7,"=","=","=","=","=","=","=","=","=",8,L,"ame_3",175.2,80.648,0.219,3,35,W,Y,1,3672.438,255,137,90,88,37,,145,90,-27.687,4.959,-0.366,0.513,-19.461,-0.59,0,0.347,-85.237,327.245,-98.884,3671.959,-0.442,-20.32,3673.159,0,-1.817,1.338,-35.65,0,0,,3677.974,,,,,,,,,,,,,3677.236,7,,147,32,,,,,,,,,,,,,,,,,,,0.087,-37.572,-0.06,-16.965,-20.136,-48.007,-12.952,-65.148,16.958,-43.302,12.963,-64.016,40.314,-94.125,0.19,-110.903,-40.786,-96.642,-0.051,-37.153,85,"P0TA0",-0.254,-17.061,,"ʚEveɞ",-20.107,-48.16,88,"Ѕeyeon",-13.874,-67.386,,"인생최패망자",16.693,-42.897,,"ibqrqki",12.794,-63.71,,"sano jpn",40.289,-94.129,,"カズティー",0.19,-110.896,,"NABIMan",-42.123,-99.041,,3673.601,-1.8,-36.859,,,,3676.595,-19.045,-39.872,,,,,,,,,,,,,,,,,,,3675.956,-10.546,-38.793,,,,3679.795,-16.362,-39.122,,,,,,,,,,,,,,,,,,,"",2,,,,,,,,,,,,,0,"白霜らいふ",,,,34,""
97,,5,1,2,2,0,0,1,0,0,0,255,255,255,49,3696.343,"白霜らいふ",R,3,74,101,-2.06,0.221,0.497,1.69,-0.049,1.955,-36.596,35.54,100,0,0,2,"",-416.1,127.014,-11.968,0,0,8,"=","=","=","=","=","=","=","=","=",6,L,"alcohol500",175.1,90.32,0.398,3,66,W,Y,1,3697.423,109,46,57,71,88,,135,127,27.529,5.447,-0.369,1.195,-20.896,0.42,0,0.234,485.436,102.013,-325.75,3702.872,-12.368,-132.439,3703.687,7,-11.702,0.684,-129.188,1,0,,3702.57,3706.996,,,,,,,,,,,,,,,,,,,,,,,,,,,,,,,,,,,0.093,-37.593,0.046,-16.948,-21.107,-47.108,-13.035,-65.158,18.118,-44.654,13.794,-64.078,41.528,-94.94,-0.75,-105.527,-43.481,-97.049,0.071,-37.347,,"P0TA0",-0.124,-17.041,,"ʚEveɞ",-20.735,-47.577,,"Ѕeyeon",-13.728,-67.253,,"인생최패망자",17.82,-44.327,55,"ibqrqki",13.216,-63.927,,"sano jpn",41.521,-94.945,,"カズティー",-0.75,-105.52,100,"NABIMan",-43.516,-97.238,,3714.834,17.095,-37.563,,,,,,,,,,3711.5,16.56,-45.403,,,,,,,3704.133,-11.449,-128.792,,,,,,,,,,,,,,,,3714.217,16.772,-43.304,,,,,,,3705.365,-11.609,-120.563,,,,"",2,,,,,,,,,,,,,0,"カズティー",3706.996,,,112,""
98,,5,1,2,2,0,0,1,0,1,0,255,6,255,50,3735.362,"白霜らいふ",R,10,82,123,1.135,-1.594,0.397,1.612,0.483,1.177,-36.596,28.34,100,0,0,2,"",0,400,7.074,0,0,0,"=","=","=","=","=","=","=","=","=",7,R,"紅さかな",172.7,86,0.452,3,66,W,Y,1,3736.538,204,171,101,115,77,,145,81,-30,27.202,0.213,0.5,-21.164,1,0,0.336,-66.262,190.035,-177.701,3736.045,-0.169,-21.905,3739.089,3,-11.375,0.055,-56.831,0,0,,3741.867,,,,,,,3741.55,,,,,,3741.658,0,,147,256,,,,,,,,,,,,,,,,,,,0.08,-37.587,0.103,-16.89,-21.694,-48.184,-13.93,-64.223,16.963,-45.759,5.155,-64.542,34.068,-98.761,-0.173,-112.585,-47.951,-97.187,0.406,-36.846,,"P0TA0",0.069,-16.959,,"ʚEveɞ",-21.665,-48.286,120,"Ѕeyeon",-14.323,-65.844,100,"인생최패망자",16.783,-45.497,81,"ibqrqki",9.295,-64.362,,"sano jpn",34.039,-98.742,,"カズティー",-0.173,-112.567,,"NABIMan",-47.773,-95.859,,3747.85,0.752,-37.765,,,,3740.996,-19.026,-40.865,3739.534,-11.702,-57.329,3743.011,17.365,-40.134,,,,,,,,,,,,,,,,,,,3741.576,-16.522,-40.542,3740.253,-12.567,-53.222,3746.903,15.945,-40.075,,,,,,,,,,,,,"",2,,,,,,,,,,,,,0,"Ѕeyeon",,3741.55,,306,""
99,,5,1,2,2,0,0,2,0,0,1,255,255,6,51,3768.462,"白霜らいふ",R,12,66,104,1.149,0.661,0.506,1.824,0.485,2.133,-36.596,55.422,94,6,0,2,"",0,88.722,2.743,0,0,1,"=","=","=","=","=","=","=","=","=",5,L,"Pring__",175.1,90.089,0.448,5,65,W,Y,1,3769.494,225,192,100,101,86,,145,84,-30,72.11,0.232,1.256,-21.511,1,0,0.563,-11.964,-287.173,62.691,3769.199,-1.685,-22.135,,,,,,0,0,,,,,,,,,,,,,,3768.707,,,,,,,,,,,,,,,,,,,,,,,,0.075,-37.694,-0.082,-16.831,-21.896,-47.908,-11.882,-65.34,17.577,-43.822,12.365,-64.988,43.475,-103.652,-0.487,-106.678,-43.148,-100.094,0.231,-37.148,,"P0TA0",-0.045,-16.873,,"ʚEveɞ",-21.827,-48.117,,"Ѕeyeon",-12.687,-67.764,,"인생최패망자",17.557,-43.806,,"ibqrqki",12.297,-64.771,,"sano jpn",40.521,-99.829,,"カズティー",-0.495,-106.669,,"NABIMan",-42.164,-99.633,,,,,,,,,,,,,,,,,,,,,,,,,,,,,,,,,,,,,,,,,,,,,,,,,,,,,,,,"",3,102.325,73.151,38.71,1,2,0.203,-64.059,-52.348,-15.896,-63.823,0.055,-159.191,0,"",,3775.32,,0,""
100,,5,1,2,2,0,1,2,0,0,1,255,255,6,52,3789.704,"白霜らいふ",R,10,82,109,-0.441,-1.845,0.406,1.702,-0.203,1.109,-36.596,32.488,98,2,0,4,"",0,400,5.443,-0.131,-18.791,1,"=","=","=","=","=","=","=","=","=",5,L,"Pring__",175.1,90.089,0.448,,65,W,Y,1,,,,,,,,,,,,,,,,,,,,,,,,,,,,,0,0,,,,,,,,,,,,,,3789.828,,,,,,,,,,,,,,,,,,,,,,,,0.078,-37.564,0.01,-16.855,-21.234,-46.668,-12.39,-65.259,17.148,-43.454,12.648,-64.609,41.165,-102.25,-0.399,-106.468,-41.436,-94.713,,,,"",,,,"",,,,"",,,,"",,,,"",,,,"",,,,"",,,,"",,,,,,,,,,,,,,,,,,,,,,,,,,,,,,,,,,,,,,,,,,,,,,,,,,,,,,,,,,"",0,,,,,,,,,,,,,0,"",,3792.598,,0,""
101,,5,1,2,2,0,2,2,0,0,1,255,255,6,53,3812.972,"白霜らいふ",R,10,81,121,-0.355,-0.078,0.421,1.863,-0.167,2.043,-36.596,52.843,95,5,0,2,"",-0.085,400,2.2,0,0,1,"=","=","=","=","=","=","=","=","=",5,L,"Pring__",175.1,90.089,0.448,0,65,W,Y,1,3813.918,182,147,90,84,55,,145,105,0.461,-30.516,-0.064,0.922,-20.482,-0.03,0,0.224,172.132,-42.006,125.253,3814.303,10.639,-38.569,3814.81,4,12.401,0.121,-41.606,0,0,,,,,,,,,,,3819.22,,,3813.092,3818.319,1,,147,16,,,,,,,,,,,,,,,,,,,0.006,-37.509,-0.023,-16.847,-21.551,-47.237,-12.68,-65.097,17.221,-43.351,12.71,-64.578,44.68,-97.506,-0.405,-106.433,-40.351,-97.146,0.227,-37.043,,"P0TA0",-0.027,-16.846,,"ʚEveɞ",-21.309,-47.163,,"Ѕeyeon",-13.238,-66.414,,"인생최패망자",17.196,-43.322,99,"ibqrqki",12.532,-64.328,,"sano jpn",44.728,-97.496,,"カズティー",-0.403,-106.427,,"NABIMan",-40.246,-97.293,,,,,,,,3817.662,-19.152,-39.342,,,,3815.262,13.394,-42.567,,,,,,,,,,,,,,,,,,,,,,,,,3816.395,7.487,-41.586,,,,,,,,,,,,,"",2,,,,,,,,,,,,,0,"인생최패망자",,,3819.22,18,""
102,SIDE,5,1,2,2,0,0,2,0,0,1,255,255,6,,3819.485,,,,,,,,,,,,,,,,,,,,,,,,2,"=","=","=","=","=","=","=","=","=",,,,,,,,,,,,,,,,,,,,,,,,,,,,,,,,,,,,,,,0,0,,,,,,,,,,,,,,,,,,,,,,,,,,,,,,,,,,,,,,,,,,,,,,,,,,,,,,,,,,,,,,,,,,,,,,,,,,,,,,,,,,,,,,,,,,,3858.417,0.258,-38.209,,,,,,,,,,,,,,,,,,,,,,,,,,,,,,,,,,,,,,,,,,,,,,,,,,,,"",0,,,,,,,,,,,,,0,"",,,,32,""
103,,5,0,2,2,0,0,0,0,0,0,255,255,255,39,3861.203,"Pugeuk",R,29,89,140,-1.737,-1.339,0.362,1.477,-0.429,0.695,-36.587,23.023,52,48,0,1,"",-250,-140.534,13.16,-0.677,-15.119,6,"sano jpn","ʚEveɞ","NABIMan","P0TA0","인생최패망자","白霜らいふ","カズティー","ibqrqki","Ѕeyeon",7,R,"カズティー",175.4,84.645,0.33,,65,W,Y,0,,,,,,,,,,,,,,,,,,,,,,,,,,,,,0,0,,,,,,,,,,,,,,,,,,,,,,,,,,,,,,,,,,,,,,0.039,-37.543,-0.125,-16.982,-21.381,-48.425,-14.27,-61.941,22.02,-51.9,10.457,-65.125,46.133,-101.093,-0.004,-121.175,-55.813,-99.257,,,,"",,,,"",,,,"",,,,"",,,,"",,,,"",,,,"",,,,"",,,,3865.159,0.265,-37.017,,,,,,,,,,,,,,,,,,,,,,,,,,,,,,,,,,,,,,,,,,,,,,,,,,,,"",0,,,,,,,,,,,,,0,"",,,,0,""
104,,5,0,2,2,1,0,0,0,0,0,255,255,255,40,3877.074,"Pugeuk",R,13,78,105,-0.661,-1.293,0.482,1.67,0.089,1.466,-36.587,26.536,57,43,0,2,"",-198.371,400,-10.983,0,0,6,"=","=","=","=","=","=","=","=","=",7,R,"カズティー",175.4,84.645,0.33,3,65,W,Y,1,3878.177,255,194,153,92,62,,145,82,-30,47.737,-0.063,0.684,-21.518,1,0,1.062,-171.939,332.11,-90.912,3877.714,-1.233,-22.576,3879.628,2,-22.044,0.063,-41.616,0,0,,,,,,,,,,,,,,,,,,,,,,,,,,,,,,3883.036,2,,,,,,,0.153,-37.57,-0.224,-16.987,-21.411,-48.511,-15.405,-60.414,21.924,-51.493,10.569,-64.912,47.378,-102.195,0.403,-121.267,-56.073,-99.363,-0.159,-37.096,,"HalF_HearteD",-0.243,-17.001,,"-Alta-",-21.337,-48.492,84,"Rite_",-15.047,-60.771,,"mochi_2929",21.902,-51.501,,"Pring__",10.382,-64.848,,"alcohol500",47.247,-101.817,,"紅さかな",0.404,-121.263,,"ame_3",-56.074,-99.352,,3884.251,-1.776,-37.25,,,,3880.111,-22.249,-42.595,,,,,,,,,,,,,,,,,,,,,,,,,3883.277,-17.52,-40.311,,,,,,,,,,,,,,,,,,,"",3,,,,,,,,,,,,,0,"-Alta-",,,,36,""
105,,5,0,2,2,1,1,0,0,0,0,255,255,255,41,3898.218,"Pugeuk",R,14,82,107,1.336,-1.541,0.403,1.546,-0.156,1.178,-36.587,20.342,65,35,0,2,"",379.786,312.348,16.889,0,0,6,"=","=","=","=","=","=","=","=","=",7,R,"カズティー",175.4,84.645,0.33,5,65,W,Y,1,3899.255,161,183,48,59,38,0.418,133,129,-15.174,-7.43,0.239,0.487,-20.753,0.55,0,0.845,-104.798,-86.484,14.086,3898.774,0.439,-22.277,3903.091,7,10.699,0.06,-108.641,1,0,,3904.892,,,,,,,,,,,,,,,,,,,,,,,,,,,,,,,,,,,,0.077,-37.555,-0.204,-16.872,-21.946,-48.733,-13.86,-61.074,21.96,-49.147,13.19,-64.12,48.447,-100.812,-1.032,-120.46,-56.302,-101.503,0.549,-36.903,,"HalF_HearteD",-0.022,-17.026,,"-Alta-",-21.876,-48.714,,"Rite_",-13.864,-60.747,74,"mochi_2929",21.807,-49.261,,"Pring__",14.588,-62.647,,"alcohol500",48.451,-100.787,,"紅さかな",-0.052,-121.432,103,"ame_3",-56.319,-101.52,,3911.506,0.131,-42.221,,,,,,,3906.712,0.057,-59.893,,,,3906.456,0.684,-62.882,,,,3903.651,10.784,-109.419,,,,,,,,,,,,,3910.434,0.056,-58.13,,,,,,,,,,3904.79,9.37,-101.729,,,,"",2,-8.414,-8.413,-6.922,0,2,0.101,-27.016,-18.396,-42.707,-26.85,0.033,13.243,0,"紅さかな",,,,99,""
106,,5,0,2,2,0,0,0,1,0,0,17,255,255,42,3929.193,"Pugeuk",R,29,81,132,0.756,-0.779,0.596,1.569,0.66,0.977,-36.587,26.884,64,36,0,0,"",-238.778,-181.673,0.693,0,0,7,"=","=","=","=","=","=","=","=","=",5,L,"ibqrqki",164.9,86.895,0.45,,65,W,Y,0,,,,,,,,,,,,,,,,,,,,,,,,,,,,,0,0,,,,,,,,,,,,3944.087,,,,,,,,,,,,,,,,,,,,,,,,,,0.23,-37.557,0.103,-16.883,-20.452,-41.098,-11.017,-62.643,19.568,-45.82,10.738,-64.946,47.926,-96.966,1.255,-115.143,-51.968,-100.783,,,120,"",,,,"",,,,"",,,,"",,,,"",,,,"",,,,"",,,,"",,,,3934.257,-0.116,-37.439,,,,,,,,,,,,,,,,,,,,,,,,,3947.516,-1.501,-38.923,,,,,,,,,,,,,,,,,,,,,,,,,"",0,,,,,,,,,,,,,0,"",,,,0,""
107,,5,0,2,2,0,1,0,1,0,0,17,255,255,43,3967.637,"Pugeuk",R,6,75,101,2.746,-0.938,0.531,1.543,0.241,1.139,-36.587,21.938,56,44,0,2,"",455.467,19.515,0,0,0,7,"=","=","=","=","=","=","=","=","=",5,L,"ibqrqki",164.9,86.895,0.45,5,65,W,Y,1,3968.923,136,139,97,110,45,,142,79,-30,59.176,0.471,0.713,-21.337,1,0,0.173,-150.956,-269.564,-18.795,3968.474,-0.489,-21.912,,,,,,0,0,,,,,,,,,,,,3986.763,,,,,,,,,,,,,,,,,,,,,,,,,,0.185,-37.45,0.131,-16.934,-20.055,-40.677,-9.107,-61.958,20.479,-46.126,12.729,-64.811,49.5,-100.017,-0.82,-114.415,-52.335,-100.655,0.529,-36.975,,"HalF_HearteD",0.088,-17.035,,"-Alta-",-19.255,-42.167,,"Rite_",-8.595,-61.652,,"mochi_2929",20.438,-46.128,,"Pring__",12.729,-64.536,,"alcohol500",49.576,-99.948,,"紅さかな",-0.844,-114.43,,"ame_3",-52.335,-100.622,,,,,,,,,,,,,,,,,,,,,,,,,,,,,,,,,,,,,,,,,,,,,,,,,,,,,,,,"",3,60.566,52.914,16.323,0.451,2,0.383,-52.65,-38.18,-11.233,-52.72,0.049,-174.708,0,"",,,,0,""
108,,5,0,2,2,0,2,0,1,0,0,17,255,255,44,4011.45,"Pugeuk",R,29,83,135,0.888,0.428,0.609,1.745,0.723,1.636,-36.587,25.412,96,4,0,2,"",-250,-183.049,11.233,0,0,7,"=","=","=","=","=","=","=","=","=",5,L,"ibqrqki",164.9,86.895,0.45,0,64,W,Y,1,4012.534,107,14,24,34,12,,48,53,27.717,-49.805,0.257,1.033,-19.24,0.95,0,0.109,-158.081,-400.799,295.295,4014.407,22.922,-36.573,4014.57,4,21.149,1.055,-35.365,0,0,,,,,,,,,,,,4039.211,,,4015.104,7,,453,0,,,,,,,,,,,,,,,,,,,0.226,-37.708,0.099,-16.867,-20.13,-41.055,-9.5,-61.263,20.944,-44.877,12.102,-64.759,47.189,-100.27,-0.672,-115.141,-51.314,-96.798,0.099,-36.83,,"HalF_HearteD",0.105,-16.897,,"-Alta-",-19.32,-45.072,,"Rite_",-9.38,-61.102,,"mochi_2929",20.78,-44.813,99,"Pring__",11.879,-64.528,,"alcohol500",47.335,-100.439,,"紅さかな",-0.666,-115.148,,"ame_3",-50.895,-96.527,,4038.881,0.325,-38.136,,,,4017.54,-18.497,-39.48,,,,4015.115,21.49,-36.03,,,,,,,,,,,,,,,,,,,,,,,,,4015.732,17.839,-36.129,,,,,,,,,,,,,"",1,,,,,,,,,,,,,0,"mochi_2929",,,,44,""
109,,5,0,2,2,0,0,1,1,0,0,17,255,255,45,4042.183,"Pugeuk",R,10,68,99,0.458,-0.646,0.513,1.858,0.185,1.912,-36.587,41.071,88,12,0,0,"",0,400,1.193,0,0,8,"=","=","=","=","=","=","=","=","=",3,R,"Ѕeyeon",171.3,80,0.4,,64,W,Y,0,,,,,,,,,,,,,,,,,,,,,,,,,,,,,0,0,,,,,,,,,,,,4054.626,,,,,,,,,,,,,,,,,,,,,,,,,,0.141,-37.763,-0.264,-16.916,-20.164,-41.519,-11.707,-59.005,20.866,-48.668,10.609,-62.201,50.765,-98.403,-1.066,-115.114,-56.804,-96.29,,,,"",,,,"",,,,"",,,,"",,,,"",,,,"",,,,"",,,,"",,,,4047.329,-0.009,-37.006,,,,,,,,,,,,,,,,,,,,,,,,,,,,,,,,,,,,,,,,,,,,,,,,,,,,"",0,,,,,,,,,,,,,0,"",,,,0,""
110,,5,0,2,2,0,1,1,1,0,0,17,255,255,46,4060.369,"Pugeuk",R,29,83,134,-1.423,-0.685,0.377,1.585,-0.355,1.062,-36.587,22.065,55,45,0,0,"",-193.333,-147.104,2.726,0,0,8,"=","=","=","=","=","=","=","=","=",3,R,"Ѕeyeon",171.3,80,0.4,,64,W,Y,0,,,,,,,,,,,,,,,,,,,,,,,,,,,,,0,0,,,,,,,,,,,,4076.324,,,,,,,,,,,,,,,,,,,,,,,,,,0.069,-37.469,-0.205,-17.048,-20.197,-40.858,-11.247,-58.748,20.9,-48.697,9.886,-62.129,47.989,-97.418,-0.875,-115.025,-56.657,-96.298,,,,"",,,,"",,,,"",,,,"",,,,"",,,,"",,,,"",,,,"",,,,4067.743,-1.08,-38.373,,,,,,,,,,,,,,,,,,,,,,,,,,,,,,,,,,,,,,,,,,,,,,,,,,,,"",0,,,,,,,,,,,,,0,"",,,,0,""
111,,5,0,2,2,0,2,1,1,0,0,17,255,255,47,4079.111,"Pugeuk",R,10,77,106,-0.877,-1.275,0.328,1.684,-0.391,1.496,-36.587,29.199,38,62,0,2,"",0,400,-3.101,0,0,8,"=","=","=","=","=","=","=","=","=",3,R,"Ѕeyeon",171.3,80,0.4,5,64,W,Y,1,4080.177,141,152,76,93,70,,141,81,-15.001,-36.296,-0.1,0.55,-21.084,1,0,0.584,-492.024,74.164,-335.279,4079.739,0.937,-22.497,4081.595,4,17.106,0.055,-44.725,0,0,,4085.48,,,,4084.602,,,,,,,,,4084.086,6,1,164,8,4086.073,8,,147,64,,,,,,,,,,,,,,-0.006,-37.53,-0.217,-16.961,-20.163,-41.302,-11.29,-58.486,21.258,-49.044,10.04,-62.147,48.175,-98.374,-0.525,-115.278,-56.89,-96.275,-0.577,-37.199,,"HalF_HearteD",-0.355,-17.106,,"-Alta-",-19.643,-43.924,,"Rite_",-11.225,-58.318,103,"mochi_2929",21.241,-49.034,109,"Pring__",9.899,-61.831,,"alcohol500",46.347,-98.641,,"紅さかな",-0.199,-115.366,,"ame_3",-56.899,-96.274,,,,,,,,4085.455,-18.124,-40.71,4083.487,0.526,-58.589,4082.043,18.244,-45.951,,,,,,,,,,,,,,,,,,,,,,4084.311,-1.711,-57.167,4082.492,16.349,-46.608,,,,,,,,,,,,,"",2,-34.554,-34.554,-12.722,0,2,0.073,-22.691,-15.504,-10.069,-22.831,0.025,-66.608,0,"mochi_2929",4084.602,,,76,""
112,SIDE,5,0,2,2,0,0,2,0,0,0,255,255,255,,4088.069,,,,,,,,,,,,,,,,,,,,,,,,0,"=","=","=","=","=","=","=","=","=",,,,,,,,,,,,,,,,,,,,,,,,,,,,,,,,,,,,,,,0,0,,,,,,,,,,,,,,,,,,,,,,,,,,,,,,,,,,,,,,,,,,,,,,,,,,,,,,,,,,,,,,,,,,,,,,,,,,,,,,,,,,,,,,,,,,,,,,,,,,,,,,,,,,,,,,,,,,,,,,,,,,,,,,,,,,,,,,,,,,,,,,,,,"",0,,,,,,,,,,,,,0,"",,,,0,""
113,,6,1,2,2,0,0,0,0,0,0,255,255,255,54,4129.384,"白霜らいふ",R,10,79,119,1.099,-1.758,0.249,1.661,0.469,0.968,-36.596,14.013,93,7,0,1,"",1.27,400,19.475,0.199,-18.693,2,"紅さかな","Pring__","-Alta-","mochi_2929","HalF_HearteD","Pugeuk","Rite_","ame_3","alcohol500",2,L,"-Alta-",189.8,84,0.479,,64,W,Y,0,,,,,,,,,,,,,,,,,,,,,,,,,,,,,0,0,,,,,,,,,,,,,,,,,,,,,,,,,,,,,,,,,,,,,,0.1,-37.693,0.084,-16.886,-20.967,-47.944,-13.194,-64.325,19.422,-46.986,13.201,-63.671,36.188,-92.393,0.136,-110.875,-45.751,-98.406,,,,"",,,,"",,,,"",,,,"",,,,"",,,,"",,,,"",,,,"",,,,,,,,,,,,,,,,,,,,,,,,,,,,,,,,,,,,,,,,,,,,,,,,,,,,,,,,,,"",0,,,,,,,,,,,,,0,"",,,,0,""
114,,6,1,2,2,1,0,0,0,0,0,255,255,255,55,4141.893,"白霜らいふ",R,26,84,137,1.607,-0.388,0.306,1.439,0.764,1.195,-36.596,17.187,54,46,0,2,"",-54.27,-200,31.932,0,0,2,"=","=","=","=","=","=","=","=","=",2,L,"-Alta-",189.8,84,0.479,5,64,W,Y,1,4142.762,191,131,132,90,58,,145,120,26.038,-5.883,0.296,0.861,-20.23,0.79,0,0.548,-519.51,295.682,-51.779,4146.395,3.914,-115.276,4146.505,7,4.017,2.555,-111.317,0,0,,,,,,,,,,,,,,,4147.06,2,,456,0,,,,,,,,,,,,,,,,,,,0.067,-37.7,0.108,-16.931,-21.028,-48.268,-12.622,-65.068,19.671,-47.154,12.511,-63.939,36.155,-92.373,0.134,-110.861,-44.614,-99.105,0.346,-36.97,,"P0TA0",0.082,-17.075,,"ʚEveɞ",-20.973,-48.185,,"Ѕeyeon",-13.008,-66.695,,"인생최패망자",19.607,-47.099,,"ibqrqki",12.868,-63.472,91,"sano jpn",36.156,-92.373,,"カズティー",0.137,-110.83,,"NABIMan",-44.666,-99.236,,4154.424,0.544,-38.297,,,,,,,,,,,,,4151.039,-2.45,-75.97,,,,4147.066,3.897,-112.503,,,,,,,,,,,,,,,,,,,4152.762,0.744,-69.018,,,,,,,,,,"",1,-5.607,-5.607,-2.176,0,2,0.125,79.28,36.907,-1.093,87.167,0.065,-10.783,0,"カズティー",,,,224,""
115,,6,1,2,2,0,0,1,0,0,0,255,255,255,56,4171.151,"白霜らいふ",R,26,85,138,1.787,0.105,0.305,1.57,0.845,1.501,-36.596,17.897,51,49,0,2,"",-54.838,-200,20.173,0,0,3,"=","=","=","=","=","=","=","=","=",4,R,"mochi_2929",190,88.482,0.523,3,63,W,Y,1,4172.27,175,85,67,39,15,,137,82,2.906,32.768,0.01,1.022,-19.718,-1,0,0.275,263.464,392.145,-330.742,4172.833,-13.115,-39.052,4173.678,2,-17.109,0.069,-45.104,0,0,,,,,,,,,,,,,,,4176.065,3,,147,0,,,,,,,,,,,4175.442,2,,,,,,,0.091,-37.599,0.327,-16.967,-20.479,-47.264,-16.18,-63.251,17.904,-48.438,9.469,-66.443,30.012,-99.193,-0.161,-105.585,-47.937,-102.853,0.226,-37.075,,"P0TA0",0.291,-17.006,,"ʚEveɞ",-20.678,-47.73,89,"Ѕeyeon",-16.742,-65.251,,"인생최패망자",17.63,-48.088,,"ibqrqki",9.295,-65.749,,"sano jpn",30.003,-99.185,,"カズティー",-0.158,-105.582,,"NABIMan",-48.033,-102.867,,4177.995,-0.665,-38.334,,,,4174.137,-17.642,-45.607,,,,,,,,,,,,,,,,,,,,,,,,,4176.994,-17.062,-39.629,,,,,,,,,,,,,,,,,,,"",2,,,,,,,,,,,,,0,"ʚEveɞ",,,,34,""
116,,6,1,2,2,0,0,2,0,0,0,255,255,255,57,4191.592,"白霜らいふ",R,10,84,111,-0.559,-1.898,0.186,1.494,-0.248,0.94,-36.596,10.251,60,40,0,1,"",0,400,22.678,-0.129,-18.98,4,"=","=","=","=","=","=","=","=","=",1,R,"HalF_HearteD",190,82,0.446,,33,W,Y,0,,,,,,,,,,,,,,,,,,,,,,,,,,,,,0,0,,,,,,,,,,,,,,,,,,,,,,,,,,,,,,,,,,,,,,0.055,-37.545,-0.012,-16.766,-21.094,-48.709,-16.832,-62.88,17.522,-47.598,10.111,-65.817,34.662,-96.399,-0.386,-102.984,-46.176,-96.62,,,,"",,,,"",,,,"",,,,"",,,,"",,,,"",,,,"",,,,"",,,,4195.653,-0.147,-37.251,,,,,,,,,,,,,,,,,,,,,,,,,,,,,,,,,,,,,,,,,,,,,,,,,,,,"",0,,,,,,,,,,,,,0,"",,,,0,""
117,,6,1,2,2,1,0,2,0,0,0,255,255,255,58,4207.238,"白霜らいふ",R,13,80,105,0.419,-0.81,0.517,1.399,0.922,1.57,-36.596,23.52,57,43,0,0,"",-372.687,312.348,-29.782,0,0,4,"=","=","=","=","=","=","=","=","=",1,R,"HalF_HearteD",190,82,0.446,,33,W,Y,1,,,,,,,,,,,,,,,,,,,,,,,,,,,,,0,0,,,,,,,,,,,,,,,,,,,,,,,,,,,,,,,,,,,,,,0.138,-37.549,0.084,-16.71,-21.28,-48.812,-17.123,-62.532,15.689,-49.099,6.49,-65.797,29.042,-98.107,-0.346,-103.126,-47.641,-96.062,,,,"",,,,"",,,,"",,,,"",,,,"",,,,"",,,,"",,,,"",,,,4211.786,-0.061,-37.293,,,,,,,,,,,,,,,,,,,,,,,,,,,,,,,,,,,,,,,,,,,,,,,,,,,,"",0,,,,,,,,,,,,,0,"",,,,0,""
118,,6,1,2,2,1,1,2,0,0,0,255,255,255,59,4223.108,"白霜らいふ",R,10,80,119,-0.794,-1.255,0.426,1.83,-0.357,1.279,-36.596,43.706,90,10,0,1,"",0,400,9.28,0,0,4,"=","=","=","=","=","=","=","=","=",1,R,"HalF_HearteD",190,82,0.446,,33,W,Y,0,,,,,,,,,,,,,,,,,,,,,,,,,,,,,0,0,,,,,,,,,,,,,,,,,,,,,,,,,,,,,,,,,,,,,,0.036,-37.546,0.085,-16.852,-21.491,-48.534,-17.135,-62.725,15.951,-48.962,7.853,-65.515,29.459,-98.475,-0.344,-103.126,-46.985,-97.495,,,,"",,,,"",,,,"",,,,"",,,,"",,,,"",,,,"",,,,"",,,,4228.505,-0.223,-37.044,,,,,,,,,,,,,,,,,,,,,,,,,,,,,,,,,,,,,,,,,,,,,,,,,,,,"",0,,,,,,,,,,,,,0,"",,,,0,""
119,,6,1,2,2,2,1,2,0,0,0,255,255,255,60,4237.421,"白霜らいふ",R,10,83,110,0.139,-0.707,0.222,1.545,0.054,1.709,-36.596,12.744,52,48,0,2,"",0,400,28.989,0,0,4,"=","=","=","=","=","=","=","=","=",1,R,"HalF_HearteD",190,82,0.446,3,33,W,Y,1,4238.583,255,100,114,120,116,,145,103,5.28,54.818,0.044,0.949,-21.972,0.95,0,0.414,167.84,-235.962,336.171,4239.047,-21.006,-37.297,,,,,,0,0,,,,,,,,,,,,,,,,,,,,,,,,,,,,,,,,,,,,,,0.017,-37.557,0.056,-16.705,-21.515,-48.783,-16.911,-62.599,16.006,-49.074,7.536,-64.752,29.622,-98.359,-0.421,-103.047,-46.719,-97.319,0.311,-36.851,,"P0TA0",-0.012,-16.962,,"ʚEveɞ",-21.687,-49.023,,"Ѕeyeon",-17.692,-64.408,,"인생최패망자",15.834,-48.87,,"ibqrqki",7.684,-64.791,,"sano jpn",29.61,-98.346,,"カズティー",-0.444,-102.999,,"NABIMan",-48.613,-98.514,,,,,,,,,,,,,,,,,,,,,,,,,,,,,,,,,,,,,,,,,,,,,,,,,,,,,,,,"",3,,,,,,,,,,,,,0,"",,,,0,""
120,,6,1,2,2,2,2,2,0,0,0,255,255,255,61,4254.034,"白霜らいふ",R,5,71,108,0.259,-0.142,0.39,1.561,0.239,1.537,-36.596,32.695,98,2,0,2,"",-73.128,1.5,-6.405,0,0,4,"=","=","=","=","=","=","=","=","=",1,R,"HalF_HearteD",190,82,0.446,3,33,W,Y,1,4255.195,255,117,127,108,121,,145,104,-8.749,43.648,0.083,1.064,-21.716,-0.16,0,0.513,107.064,-221.994,392.731,4254.97,-5.016,-27.116,4256.208,2,-19.675,0.055,-42.681,0,0,,,,,,,,,,,,,,,4258.201,4,,147,0,,,,,,,,,,,4257.533,2,,,,,,,0.096,-37.787,0.101,-16.88,-21.792,-45.826,-17.085,-62.273,16.924,-49.24,7.576,-65.7,29.481,-98.519,-0.424,-102.971,-48.699,-94.881,-0.012,-37.223,,"P0TA0",0.016,-16.925,,"ʚEveɞ",-21.971,-45.762,,"Ѕeyeon",-18.288,-64.439,,"인생최패망자",16.676,-48.904,,"ibqrqki",7.444,-65.351,,"sano jpn",29.62,-98.365,,"カズティー",-0.435,-102.989,,"NABIMan",-48.691,-94.837,,,,,,,,4256.664,-20.436,-43.626,,,,,,,,,,,,,,,,,,,,,,,,,,,,,,,,,,,,,,,,,,,,,,"",2,,,,,,,,,,,,,0,"ʚEveɞ",,,,2,""
121,SIDE,6,1,2,2,0,0,2,0,0,0,255,255,255,,4259.366,,,,,,,,,,,,,,,,,,,,,,,,5,"=","=","=","=","=","=","=","=","=",,,,,,,,,,,,,,,,,,,,,,,,,,,,,,,,,,,,,,,0,0,,,,,,,,,,,,,,,,,,,,,,,,,,,,,,,,,,,,,,,,,,,,,,,,,,,,,,,,,,,,,,,,,,,,,,,,,,,,,,,,,,,,,,,,,,,,,,,,,,,,,,,,,,,,,,,,,,,,,,,,,,,,,,,,,,,,,,,,,,,,,,,,,"",0,,,,,,,,,,,,,0,"",,,,0,""
122,,6,0,2,2,0,0,0,0,0,0,255,255,255,48,4305.798,"Pugeuk",R,14,81,106,1.832,-1.264,0.472,1.635,0.056,1.376,-36.587,17.918,55,45,0,1,"",376.237,312.348,6.979,0.447,-17.496,0,"sano jpn","ʚEveɞ","NABIMan","P0TA0","인생최패망자","白霜らいふ","カズティー","ibqrqki","Ѕeyeon",6,R,"sano jpn",170.2,92.118,0.561,,63,W,Y,0,,,,,,,,,,,,,,,,,,,,,,,,,,,,,0,0,,,,,,,,,,,,,,,,,,,,,,,,,,,,,,,,,,,,,,0.212,-37.595,0.105,-16.889,-21.655,-48.397,-14.417,-61.865,22.101,-51.42,10.47,-65.323,47.832,-101.888,-0.352,-121.101,-52.838,-96.442,,,,"",,,,"",,,,"",,,,"",,,,"",,,,"",,,,"",,,,"",,,,,,,,,,,,,,,,,,,,,,,,,,,,,,,,,,,,,,,,,,,,,,,,,,,,,,,,,,"",0,,,,,,,,,,,,,0,"",,,,0,""
123,,6,0,2,2,1,0,0,0,0,0,255,255,255,49,4325.895,"Pugeuk",R,13,73,100,-1.32,-1.265,0.484,1.68,0.094,1.485,-36.587,28.889,55,45,0,2,"",-324.827,349.757,0.5,0,0,0,"=","=","=","=","=","=","=","=","=",6,R,"sano jpn",170.2,92.118,0.561,3,63,W,Y,1,4327.162,61,61,129,129,55,,113,63,-30,56.654,-0.254,0.507,-20.305,1,0.095,0.143,-257.175,1.11,542.088,4326.604,-1.342,-21.021,,,,,,0,0,,,,,,,,,,,,,,,,,,,,,,,,,,,,,,,,,,,,,,0.166,-37.61,-0.02,-16.767,-21.713,-47.452,-13.943,-61.046,22.106,-51.438,9.759,-65.592,48.353,-100.966,-6.068,-121.672,-52.569,-96.366,-0.136,-37.33,,"HalF_HearteD",-0.372,-16.955,,"-Alta-",-21.72,-47.441,,"Rite_",-14.168,-61.475,,"mochi_2929",22.086,-51.427,,"Pring__",9.685,-65.433,,"alcohol500",46.522,-100.991,,"紅さかな",-6.541,-121.83,,"ame_3",-52.537,-96.383,,,,,,,,,,,,,,,,,,,,,,,,,,,,,,,,,,,,,,,,,,,,,,,,,,,,,,,,"",3,,,,,,,,,,,,,0,"",,,,0,""
124,,6,0,2,2,1,1,0,0,0,0,255,255,255,50,4343.648,"Pugeuk",R,29,88,140,-0.445,-1.131,0.465,1.526,0.052,0.845,-36.587,26.165,55,45,0,1,"",-191.716,-121.449,7.089,-0.387,-14.715,0,"=","=","=","=","=","=","=","=","=",6,R,"sano jpn",170.2,92.118,0.561,,63,W,Y,0,,,,,,,,,,,,,,,,,,,,,,,,,,,,,0,0,,,,,,,,,,,,,,,,,,,,,,,,,,,,,,,,,,,,,,0.071,-37.607,-0.19,-16.958,-21.989,-48.44,-13.207,-61.243,19.373,-47.883,10.295,-65.28,48.289,-98.315,-5.003,-123.048,-50.348,-94.255,,,,"",,,,"",,,,"",,,,"",,,,"",,,,"",,,,"",,,,"",,,,,,,,,,,,,,,,,,,,,,,,,,,,,,,,,,,,,,,,,,,,,,,,,,,,,,,,,,"",0,,,,,,,,,,,,,0,"",,,,0,""
125,,6,0,2,2,2,1,0,0,0,0,255,255,255,51,4372.112,"Pugeuk",R,10,77,106,-0.236,-1.462,0.417,1.645,-0.115,1.4,-36.587,22.73,50,50,0,2,"",0,400,-3.618,0,0,0,"=","=","=","=","=","=","=","=","=",6,R,"sano jpn",170.2,92.118,0.561,0,63,W,Y,1,4373.274,51,103,133,169,101,,105,103,26.818,36.52,-0.032,0.532,-20.851,0.34,0.143,0.216,-393.044,-445.056,86.266,4376.422,-39.998,-87.21,4382.699,7,-52.675,0.055,-115.402,1,0,,4377.896,4384.164,4389.04,,,,,,,,,,,,,,,,,,,,,,,,,,,,,,4390.388,4,,,0.128,-37.468,-0.223,-16.973,-21.534,-46.1,-12.979,-61.357,20.229,-47.797,10.153,-65.078,50.203,-101.671,-3.661,-122.563,-53.219,-99.052,-0.23,-37.164,,"HalF_HearteD",-0.275,-16.995,,"-Alta-",-21.386,-46.558,,"Rite_",-13.018,-61.446,,"mochi_2929",20.104,-47.825,,"Pring__",10.12,-65.048,102,"alcohol500",49.769,-101.878,,"紅さかな",-3.658,-122.544,97,"ame_3",-53.21,-99.041,,4424.669,0.26,-38.215,,,,,,,,,,4389.915,19.956,-39.858,4387.459,-6.483,-65.188,,,,4383.282,-51.612,-115.501,,,,,,,,,,,,,,,,,,,4388.434,-2.993,-61.072,,,,4384.275,-49.457,-110.976,,,,"",2,,,,,,,,,,,,,0,"紅さかな",4384.164,4389.04,,43,""
126,,6,0,2,2,0,0,0,0,0,1,255,255,16,52,4428.372,"Pugeuk",R,14,83,108,2.373,-1.614,0.548,1.458,0.293,1.024,-36.587,24.202,55,45,0,2,"",383.336,312.348,0,0,0,1,"=","=","=","=","=","=","=","=","=",2,L,"ʚEveɞ",190,85,0.478,3,62,W,Y,1,4429.43,253,157,120,106,31,,145,87,-30,-66.339,0.425,0.473,-20.932,1,0,0.404,115.465,-446.31,-24.804,4428.976,2.019,-21.626,,,,,,0,0,,,,,,,,,,,,,,4428.626,,,,,,,,,,,,,,,,,,,,,,,,0.164,-37.536,0.026,-16.589,-20.671,-46.029,-9.766,-61.09,18.971,-40.092,11.484,-60.762,49.918,-96.174,-0.085,-121.27,-50.017,-105.2,0.609,-36.965,,"HalF_HearteD",0.067,-16.893,,"-Alta-",-20.741,-46.365,,"Rite_",-9.728,-61.01,,"mochi_2929",18.39,-42.296,,"Pring__",11.453,-60.65,,"alcohol500",49.805,-96.163,,"紅さかな",-0.087,-121.214,,"ame_3",-50.015,-105.222,,,,,,,,,,,,,,,,,,,,,,,,,,,,,,,,,,,,,,,,,,,,,,,,,,,,,,,,"",3,,,,,,,,,,,,,0,"",,4431.621,,0,""
127,,6,0,2,2,0,1,0,0,0,1,255,255,16,53,4449.307,"Pugeuk",R,6,70,100,1.516,-0.353,0.386,1.635,-0.21,1.405,-36.587,16.827,61,39,0,4,"",410.34,0,0,0,0,1,"=","=","=","=","=","=","=","=","=",2,L,"ʚEveɞ",190,85,0.478,,77,W,Y,1,,,,,,,,,,,,,,,,,,,,,,,,,,,,,0,0,,,,,,,,,,,,,,4449.409,,,,,,,,,,,,,,,,,,,,,,,,0.226,-37.589,0.069,-16.756,-20.853,-46.031,-10.414,-62.849,19.123,-40.219,12.034,-62.88,53.019,-94.84,-0.061,-119.648,-51.663,-99.811,,,,"",,,,"",,,,"",,,,"",,,,"",,,,"",,,,"",,,,"",,,,,,,,,,,,,,,,,,,,,,,,,,,,,,,,,,,,,,,,,,,,,,,,,,,,,,,,,,"",0,,,,,,,,,,,,,0,"",,4451.738,,0,""
128,,6,0,2,2,0,2,0,0,0,1,255,255,16,54,4467.749,"Pugeuk",R,26,88,140,-0.618,-1.773,0.399,1.156,-0.254,0.331,-36.587,22.476,43,57,0,4,"",-20.253,-200,17.444,0,0,1,"=","=","=","=","=","=","=","=","=",2,L,"ʚEveɞ",190,85,0.478,,77,W,Y,1,,,,,,,,,,,,,,,,,,,,,,,,,,,,,0,0,,,,,,,,,,,,,,4467.867,4470.408,1,,578,0,,,,,,,,,,,,,,,4471.758,4,,,0.185,-37.528,0.103,-16.846,-21.819,-47.279,-9.548,-63.141,19.168,-41.785,11.441,-64.02,51.434,-95.268,1.376,-119.594,-51.335,-99.306,,,,"",,,,"",,,,"",,,,"",,,,"",,,,"",,,,"",,,,"",,,,,,,,,,,,,,,,,,,,,,,,,,,,,,,,,,,,,,,,,,,,,,,,,,,,,,,,,,"",0,,,,,,,,,,,,,0,"",,4467.895,,0,""
129,,6,0,2,2,0,0,1,0,0,1,255,255,16,55,4492.508,"Pugeuk",R,3,69,97,-0.712,-0.073,0.658,1.719,0.633,1.586,-36.587,41.688,82,18,0,2,"",-440.909,0,17.917,0,0,2,"=","=","=","=","=","=","=","=","=",8,L,"NABIMan",190,83.228,0.48,5,28,W,Y,1,4493.624,255,99,122,71,76,,145,89,-13.982,24.699,-0.117,1.009,-20.614,-1,0,0.276,-283.344,-125.566,484.487,4493.209,-1.59,-23.835,4498.56,8,-32.501,0.056,-88.074,1,0,,4499.224,,,,,,,,,4498.522,,,4492.661,,,,,,,,,,,,,,,,,,,,,,,,0.194,-37.522,-0.12,-16.902,-21.905,-46.79,-9.126,-61.719,19.587,-40.629,11.482,-64.39,51.385,-96.855,0.663,-120.859,-52.191,-98.747,-0.01,-37.229,,"HalF_HearteD",-0.17,-16.955,,"-Alta-",-22.048,-47.082,85,"Rite_",-9.046,-61.571,,"mochi_2929",19.034,-43.4,,"Pring__",11.421,-64.212,,"alcohol500",52.356,-96.536,,"紅さかな",0.049,-120.972,,"ame_3",-52.189,-98.741,106,4505.528,-0.82,-38.429,,,,4502.242,-18.795,-40.927,,,,,,,,,,,,,,,,4499.132,-32.806,-88.605,,,,,,,4504.5,-17.882,-40.279,,,,,,,,,,,,,,,,4500.31,-30.427,-80.797,"",2,29.313,29.313,-11.144,0,0,1,-13.982,-13.982,-29.91,-13.982,0,74.203,0,"ame_3",,,4498.522,164,""
130,,6,0,2,3,0,0,1,1,0,0,18,255,255,56,4524.432,"Pugeuk",R,3,54,86,-1.683,0.276,0.59,1.839,0.217,1.811,-36.587,49.719,79,21,0,1,"",-390.909,0,-3.265,0,0,3,"=","=","=","=","=","=","=","=","=",1,R,"P0TA0",190,96.215,0.525,,62,W,Y,0,,,,,,,,,,,,,,,,,,,,,,,,,,,,,0,0,,,,,,,,,,,,4543.992,,,,,,,,,,,,,,,,,,,,,,,,,,0.106,-37.598,-0.141,-16.666,-21.137,-43.871,-14.38,-61.914,21.992,-49.418,6.183,-62.689,49.004,-99.531,-0.014,-121.208,-56.941,-99.58,,,120,"",,,,"",,,,"",,,,"",,,,"",,,,"",,,,"",,,,"",,,,4530.825,0.191,-32.041,,,,,,,,,,,,,,,,,,,,,,,,,4547.155,-1.545,-38.714,,,,,,,,,,,,,,,,,,,,,,,,,"",0,,,,,,,,,,,,,0,"",,,,0,""
131,,6,0,2,3,1,0,1,1,0,0,18,255,255,57,4577.239,"Pugeuk",R,3,60,91,-1.642,0.184,0.584,1.809,0.236,1.75,-36.587,44.382,83,17,0,2,"",-413.636,0,14.56,0,0,3,"=","=","=","=","=","=","=","=","=",1,R,"P0TA0",190,96.215,0.525,3,40,W,Y,1,4578.423,255,225,123,157,111,,145,87,-15.882,33.189,-0.352,1.04,-19.967,-1,0,0.449,-28.631,17.495,-582.948,4577.987,-2.475,-23.202,4580.339,3,-18.753,0.056,-53.61,0,8,,4584.355,,,,4583.367,,,,,,,,,4583.381,3,,147,64,,,,,,,,,,,,,,,,,,,0.122,-37.515,-0.233,-16.726,-20.152,-44.466,-13.737,-61.17,21.307,-49.844,7.475,-63.486,50.307,-98.054,-1.186,-120.533,-57.017,-99.641,-0.217,-37.184,,"HalF_HearteD",-0.301,-16.743,,"-Alta-",-20.114,-43.992,85,"Rite_",-13.766,-61.518,65,"mochi_2929",21.243,-49.863,,"Pring__",7.225,-63.279,,"alcohol500",50.28,-98.016,,"紅さかな",-1.186,-120.554,,"ame_3",-56.873,-99.591,,4588.233,-1.509,-37.513,,,,4582.761,-18.51,-40.782,4580.883,-18.993,-54.808,,,,,,,,,,,,,,,,,,,,,,4587.244,-17.85,-39.964,4581.855,-18.94,-51.248,,,,,,,,,,,,,,,,"",2,,,,,,,,,,,,,0,"Rite_",4583.367,,,100,""
132,,6,0,2,3,0,0,2,0,1,0,255,18,255,58,4616.893,"Pugeuk",R,6,85,109,2.066,-0.569,0.463,1.682,0.029,1.507,-36.587,21.987,94,6,0,4,"",458.805,188.727,13.335,0,0,4,"=","=","=","=","=","=","=","=","=",4,R,"인생최패망자",190,80,0.351,,62,W,Y,1,,,,,,,,,,,,,,,,,,,,,,,,,,,,,0,0,,,,,,,,,,,,,,,,,,,,,,,,,,,,,,,,,,,,,,0.156,-37.564,-0.04,-16.75,-20.49,-47.91,-15.432,-60.37,21.731,-46.685,10.936,-64,50.284,-100.256,0.581,-119.634,-56.963,-98.399,,,,"",,,,"",,,,"",,,,"",,,,"",,,,"",,,,"",,,,"",,,,4621.834,-0.233,-37.459,,,,,,,,,,,,,,,,,,,,,,,,,,,,,,,,,,,,,,,,,,,,,,,,,,,,"",0,,,,,,,,,,,,,0,"",4619.977,,,0,""
133,,6,0,2,3,0,1,2,0,1,0,255,18,255,59,4638.004,"Pugeuk",R,6,79,105,2.398,0.02,0.484,1.74,0.094,1.633,-36.587,23.452,94,6,0,2,"",477.273,0,8.449,0,0,4,"=","=","=","=","=","=","=","=","=",4,R,"인생최패망자",190,80,0.351,0,62,W,Y,1,4639.164,255,151,186,107,55,,145,92,57.22,-11.704,0.399,1.177,-20.924,-1,0,0.335,182.407,-319.067,463.521,4644.72,12.176,-73.705,4644.841,5,11.712,2.738,-72.465,0,0,,4644.905,,,,,,,4645.25,,,,4639.132,,4645.396,4,,454,0,,,,,,,,,,,,,,,,,,,0.229,-37.642,0.041,-16.8,-21.037,-47.362,-15.608,-60.316,21.109,-46.92,2.103,-61.613,50.837,-99.177,1.25,-120.712,-56.959,-98.432,0.589,-37.266,,"HalF_HearteD",0.044,-16.806,,"-Alta-",-21.191,-47.649,,"Rite_",-15.53,-60.19,,"mochi_2929",21.092,-46.922,,"Pring__",7.845,-61.043,,"alcohol500",50.823,-99.168,,"紅さかな",1.789,-120.601,,"ame_3",-56.955,-98.434,,,,,,,,,,,,,,,,,4645.401,11.757,-72.891,,,,,,,,,,,,,,,,,,,,,,,,,,,,,,,,,,,,,"",1,,,,,,,,,,,,,0,"Pring__",,4645.25,,2,""
134,SIDE,6,0,2,3,0,0,2,0,1,0,255,18,255,,4647.217,,,,,,,,,,,,,,,,,,,,,,,,5,"=","=","=","=","=","=","=","=","=",,,,,,,,,,,,,,,,,,,,,,,,,,,,,,,,,,,,,,,0,0,,,,,,,,,,,,,,,,,,,,,,,,,,,,,,,,,,,,,,,,,,,,,,,,,,,,,,,,,,,,,,,,,,,,,,,,,,,,,,,,,,,,,,,,,,,,,,,,,,,,,,,,,,,,,,,,,,,,,,,,,,,,,,,,,,,,,,,,,,,,,,,,,"",0,,,,,,,,,,,,,0,"",,,,0,""
135,,7,1,2,3,0,0,0,0,0,0,255,255,255,62,4825.969,"P0TA0",R,13,65,106,-0.433,-0.069,0.383,1.622,0.428,1.952,-36.636,48.848,98,2,0,2,"",-376.237,312.348,-74.798,0,0,5,"紅さかな","Pring__","-Alta-","mochi_2929","HalF_HearteD","Pugeuk","Rite_","ame_3","alcohol500",0,R,"Pugeuk",190,86.201,0.347,3,61,W,Y,1,4827.089,196,75,104,147,66,,145,87,22.231,42.238,0.008,1.143,-21.555,1,0,0.596,-144.514,503.337,181.073,4829.347,-39.344,-58.271,4832.868,8,-60.75,0.056,-75.209,0,0,,,,,,,,,,,,,,,,,,,,,,,,,,,,,,,,,,,,,,0.022,-37.86,0.028,-18.146,-22.233,-48.144,-17.144,-62.312,16.994,-50.558,8.194,-66.524,34.221,-102.667,-0.57,-112.834,-48.396,-97.957,-0.47,-37.45,,"白霜らいふ",-0.007,-18.207,,"ʚEveɞ",-22.476,-48.139,,"Ѕeyeon",-18.072,-64.312,,"인생최패망자",16.729,-50.182,,"ibqrqki",8.131,-66.2,,"sano jpn",34.209,-102.663,,"カズティー",-0.569,-112.828,,"NABIMan",-48.42,-97.265,,,,,,,,,,,,,,,,,,,,,,,,,,4833.443,-61.61,-75.916,,,,,,,,,,,,,,,,,,,,,,,,,,,,"",3,,,,,,,,,,,,,0,"NABIMan",,,,4,""
136,,7,1,2,3,0,1,0,0,0,0,255,255,255,63,4886.248,"P0TA0",R,13,69,97,-2.666,-0.581,0.143,1.59,-0.496,1.741,-36.636,21.575,93,7,0,4,"",-331.333,329.879,-63.629,0,0,5,"=","=","=","=","=","=","=","=","=",0,R,"Pugeuk",190,86.201,0.347,,61,W,Y,1,,,,,,,,,,,,,,,,,,,,,,,,,,,,,0,0,,,,,,,,,,,,,,,,,,,,,,,,,,,,,,,,,,,,,,-0.115,-37.726,-0.023,-18.115,-21.797,-48.128,-16.984,-62.479,18.137,-49.82,8.677,-65.975,34.121,-102.649,-0.56,-112.644,-49.875,-97.226,,,,"",,,,"",,,,"",,,,"",,,,"",,,,"",,,,"",,,,"",,,,,,,,,,,,,,,,,,,,,,,,,,,,,,,,,,,,,,,,,,,,,,,,,,,,,,,,,,"",0,,,,,,,,,,,,,0,"",,,,0,""
137,,7,1,2,3,0,2,0,0,0,0,255,255,255,64,4903.117,"P0TA0",R,10,64,108,-0.692,-1.701,0.245,1.382,-0.268,1.108,-36.636,21.86,100,0,0,1,"",-20.14,400,-39.34,0,0,5,"=","=","=","=","=","=","=","=","=",0,R,"Pugeuk",190,86.201,0.347,,61,W,Y,0,,,,,,,,,,,,,,,,,,,,,,,,,,,,,0,0,,,,,,,,,,,,,,,,,,,,,,,,,,,,,,,,,,,,,,-0.033,-37.577,0.017,-17.989,-21.985,-48.49,-16.653,-62.547,18.063,-49.645,8.902,-66.609,34.093,-102.666,-0.421,-112.803,-49.544,-97.428,,,,"",,,,"",,,,"",,,,"",,,,"",,,,"",,,,"",,,,"",,,,,,,,,,,,,,,,,,,,,,,,,,,,,,,,,,,,,,,,,,,,,,,,,,,,,,,,,,"",0,,,,,,,,,,,,,0,"",,,,0,""
138,,7,1,2,3,1,2,0,0,0,0,255,255,255,65,4919.646,"P0TA0",R,27,87,140,-2.863,-1.19,0.017,1.359,-1.329,0.743,-36.636,16.288,54,46,0,4,"",59.033,-141.719,-1.231,0,0,5,"=","=","=","=","=","=","=","=","=",0,R,"Pugeuk",190,86.201,0.347,,61,W,Y,1,,,,,,,,,,,,,,,,,,,,,,,,,,,,,0,32,,,,,,,,,,,,,,,4922.237,5,,578,0,,,,,,,,,,,,,,,,,4922.109,1,-0.213,-37.732,0.011,-17.976,-22.193,-49.022,-16.912,-62.574,18.215,-49.843,8.746,-66.559,34.036,-102.657,-0.419,-112.794,-49.916,-98.053,,,,"",,,,"",,,,"",,,,"",,,,"",,,,"",,,,"",,,,"",,,,,,,,,,,,,,,,,,,,,,,,,,,,,,,,,,,,,,,,,,,,,,,,,,,,,,,,,,"",0,,,,,,,,,,,,,0,"",,,,0,""
139,,7,1,2,3,0,0,1,0,0,0,255,255,255,66,4942.445,"P0TA0",R,27,85,138,0.251,-0.163,0.31,1.559,-0.041,1.363,-36.636,38.683,95,5,0,0,"",101.491,-147.711,-9.302,0,0,6,"=","=","=","=","=","=","=","=","=",3,R,"Rite_",169.8,80,0.455,,47,W,Y,0,,,,,,,,,,,,,,,,,,,,,,,,,,,,,0,0,,,,,,,,,,,,,,,,,,,,,,,,,,,,,,,,,,,,,,-0.078,-37.823,0.061,-18.021,-21.998,-49.065,-16.983,-62.71,16.164,-47.485,8.649,-64.721,34.148,-102.675,-0.226,-107.244,-45.927,-92.944,,,,"",,,,"",,,,"",,,,"",,,,"",,,,"",,,,"",,,,"",,,,,,,,,,,,,,,,,,,,,,,,,,,,,,,,,,,,,,,,,,,,,,,,,,,,,,,,,,"",0,,,,,,,,,,,,,0,"",,,,0,""
140,,7,1,2,3,0,1,1,0,0,0,255,255,255,67,4954.699,"P0TA0",R,13,63,93,-2.192,-0.363,0.206,1.661,-0.298,1.922,-36.636,30.965,96,4,0,4,"",-330.095,312.348,-70.544,0,0,6,"=","=","=","=","=","=","=","=","=",3,R,"Rite_",169.8,80,0.455,,47,W,Y,1,,,,,,,,,,,,,,,,,,,,,,,,,,,,,0,0,,,,,,,,,,,,,,,,,,,,,,,,,,,,,,,,,,,,,,-0.017,-37.801,0.072,-18.112,-21.821,-49.341,-16.89,-62.75,16.619,-47.288,8.724,-65.141,34.156,-102.694,-0.361,-107.249,-46.323,-95.207,,,,"",,,,"",,,,"",,,,"",,,,"",,,,"",,,,"",,,,"",,,,,,,,,,,,,,,,,,,,,,,,,,,,,,,,,,,,,,,,,,,,,,,,,,,,,,,,,,"",0,,,,,,,,,,,,,0,"",,,,0,""
141,,7,1,2,3,0,2,1,0,0,0,255,255,255,68,4967.928,"P0TA0",R,13,72,112,-2.27,-1.546,0.216,1.419,-0.403,1.179,-36.636,21.875,57,43,0,2,"",-366.168,340.472,-63.008,0,0,6,"=","=","=","=","=","=","=","=","=",3,R,"Rite_",169.8,80,0.455,3,47,W,Y,1,4969.084,255,162,98,79,65,,145,93,-23.451,37.582,-0.362,0.534,-21.051,0.97,0,0.435,-47.788,-14.17,-111.556,4968.562,-1.193,-22.131,4970.426,2,-17.569,0.078,-47.15,0,0,,4973.965,,,,,,,,,,,,,4973.372,6,,147,0,,,,,,,,,,,4972.666,2,,,,,,,-0.027,-37.636,0.05,-18.074,-21.972,-49.613,-16.993,-62.473,16.627,-47.32,9.108,-64.696,34.093,-102.71,-0.39,-107.268,-47.015,-94.248,-0.353,-37.324,,"白霜らいふ",-0.031,-18.222,,"ʚEveɞ",-21.935,-49.71,89,"Ѕeyeon",-17.919,-64.103,,"인생최패망자",16.402,-47.021,,"ibqrqki",8.68,-64.382,,"sano jpn",34.11,-102.694,,"カズティー",-0.391,-107.25,,"NABIMan",-47.735,-94.897,,4976.832,-0.671,-38.11,,,,4970.928,-18.199,-47.289,,,,,,,,,,,,,,,,,,,,,,,,,4975.884,-15.3,-39.957,,,,,,,,,,,,,,,,,,,"",2,,,,,,,,,,,,,0,"ʚEveɞ",,,,10,""
142,,7,1,2,3,0,0,2,0,0,0,255,255,255,69,4992.861,"P0TA0",R,26,94,140,-1.529,-1.237,0.136,1.282,-0.774,0.714,-36.636,21.021,55,45,0,1,"",75.296,-191.003,-3.37,0,0,7,"=","=","=","=","=","=","=","=","=",8,L,"ame_3",175.2,80.648,0.219,,34,W,Y,0,,,,,,,,,,,,,,,,,,,,,,,,,,,,,0,0,,,,,,,,,,,,,,,,,,,,,,,,,,,,,,,,,,,,,,-0.166,-37.731,0.071,-18.089,-21.184,-48.982,-12.743,-65.042,17.305,-43.618,12.462,-64.282,38.637,-90.765,-0.395,-107.24,-45.338,-94.663,,,,"",,,,"",,,,"",,,,"",,,,"",,,,"",,,,"",,,,"",,,,4996.385,-0.306,-37.397,,,,,,,,,,,,,,,,,,,,,,,,,,,,,,,,,,,,,,,,,,,,,,,,,,,,"",0,,,,,,,,,,,,,0,"",,,,0,""
143,,7,1,2,3,1,0,2,0,0,0,255,255,255,70,5004.859,"P0TA0",R,26,78,128,-2.034,-0.359,0.094,1.418,-0.969,1.191,-36.636,26.808,55,45,0,2,"",52.236,-200,-2.923,0,0,7,"=","=","=","=","=","=","=","=","=",8,L,"ame_3",175.2,80.648,0.219,3,34,W,Y,1,5005.848,255,179,59,124,66,,138,78,93.801,-72.498,-0.377,0.821,-20.377,-1,0,0.454,505.892,251.435,202.122,5010.999,-19.095,-9.375,,,,,,0,0,,5011.413,,,,,,,,,,,,,,,,,,,,,,,,,,,,,,,,,,,,-0.239,-37.63,0.084,-18.129,-21.092,-49.06,-13.073,-64.957,17.474,-43.933,12.36,-64.429,38.78,-90.678,-0.399,-107.233,-44.95,-97.354,-0.598,-37.086,,"白霜らいふ",0.049,-18.195,,"ʚEveɞ",-21.033,-49.056,,"Ѕeyeon",-13.56,-66.869,,"인생최패망자",17.169,-43.581,,"ibqrqki",12.132,-64.176,,"sano jpn",38.776,-90.659,,"カズティー",-0.402,-107.229,,"NABIMan",-44.815,-97.631,,,,,,,,,,,,,,,,,,,,,,,,,,,,,,,,,,,,,,,,,,,,,,,,,,,,,,,,"",3,,,,,,,,,,,,,0,"",,,,0,""
144,,7,1,2,3,1,1,2,0,0,0,255,255,255,71,5036.27,"P0TA0",R,10,64,107,-2.586,-2.728,0.319,1.368,0.002,1.056,-36.636,38.577,100,0,0,2,"",-132.993,400,-70.786,-0.404,-22.294,7,"=","=","=","=","=","=","=","=","=",8,L,"ame_3",175.2,80.648,0.219,3,34,W,Y,1,5037.433,255,200,120,110,91,,145,82,-13.788,12.686,-0.02,0.59,-21.968,-1,0,0.424,192.57,176.796,170.546,5036.878,-0.491,-24.054,5039.564,3,-11.875,0.058,-59.29,0,0,,5042.779,,,,,,,,,,,,,5042.385,7,,147,256,,,,,,,,,,,,,,,,,,,-0.088,-37.846,0.132,-17.942,-21.216,-47.957,-13.036,-65.17,17.923,-44.247,13.307,-63.887,37.181,-96.043,-0.312,-107.075,-45.849,-96.625,-0.656,-37.4,,"白霜らいふ",0.084,-18.115,,"ʚEveɞ",-20.704,-48.146,,"Ѕeyeon",-13.641,-67.167,95,"인생최패망자",17.672,-43.902,,"ibqrqki",13.164,-63.66,,"sano jpn",37.634,-95.661,,"カズティー",-0.313,-107.064,,"NABIMan",-46.326,-97.374,,,,,,,,5041.724,-18.918,-40.535,5040.182,-12.212,-59.903,,,,,,,,,,,,,,,,,,,,,,,,,5040.906,-12.928,-56.192,,,,,,,,,,,,,,,,"",2,,,,,,,,,,,,,0,"Ѕeyeon",,,,258,""
145,SIDE,7,1,2,3,0,0,2,0,0,0,255,255,255,,5043.352,,,,,,,,,,,,,,,,,,,,,,,,8,"=","=","=","=","=","=","=","=","=",,,,,,,,,,,,,,,,,,,,,,,,,,,,,,,,,,,,,,,0,0,,,,,,,,,,,,,,,,,,,,,,,,,,,,,,,,,,,,,,,,,,,,,,,,,,,,,,,,,,,,,,,,,,,,,,,,,,,,,,,,,,,,,,,,,,,,,,,,,,,,,,,,,,,,,,,,,,,,,,,,,,,,,,,,,,,,,,,,,,,,,,,,,"",0,,,,,,,,,,,,,0,"",,,,0,""
146,,7,0,2,3,0,0,0,0,0,0,255,255,255,0,5299.509,"mochi_2929",R,13,87,126,-3.041,-1.12,0.042,1.587,-0.734,1.284,-36.47,10.796,56,44,0,4,"",-390.434,312.348,15.762,0,0,5,"sano jpn","ʚEveɞ","NABIMan","P0TA0","인생최패망자","白霜らいふ","カズティー","ibqrqki","Ѕeyeon",1,R,"白霜らいふ",179.8,80,0.653,,41,W,Y,1,,,,,,,,,,,,,,,,,,,,,,,,,,,,,0,0,,,,,,,,,,,,,,,,,,,,,,,,,,,,,,,,,,,,,,-0.122,-37.337,-0.144,-16.919,-21.304,-47.168,-13.944,-61.457,17.681,-49.043,11.088,-64.079,50.036,-98.789,-0.383,-120.519,-57.256,-99.545,,,,"",,,,"",,,,"",,,,"",,,,"",,,,"",,,,"",,,,"",,,,,,,,,,,,,,,,,,,,,,,,,,,,,,,,,,,,,,,,,,,,,,,,,,,,,,,,,,"",0,,,,,,,,,,,,,0,"",,,,0,""
147,,7,0,2,3,0,1,0,0,0,0,255,255,255,1,5318.136,"mochi_2929",R,13,109,126,-8.463,-2.662,-0.492,1.255,-3.128,0.195,-36.47,33.234,41,59,0,1,"",-368.271,338.196,4.614,-1.476,-21.495,5,"=","=","=","=","=","=","=","=","=",1,R,"白霜らいふ",179.8,80,0.653,,41,W,Y,0,,,,,,,,,,,,,,,,,,,,,,,,,,,,,0,0,,,,,,,,,,,,,,,,,,,,,,,,,,,,,,,,,,,,,,-0.137,-37.38,-0.172,-16.941,-21.526,-47.539,-13.962,-61.455,17.311,-48.942,10.873,-64.179,53.641,-96.088,-0.346,-120.435,-57.323,-99.563,,,,"",,,,"",,,,"",,,,"",,,,"",,,,"",,,,"",,,,"",,,,,,,,,,,,,,,,,,,,,,,,,,,,,,,,,,,,,,,,,,,,,,,,,,,,,,,,,,"",0,,,,,,,,,,,,,0,"",,,,0,""
148,,7,0,2,3,1,1,0,0,0,0,255,255,255,2,5336.661,"mochi_2929",R,13,78,115,-0.595,-0.501,0.275,1.722,0.348,1.75,-36.47,34.928,100,0,0,0,"",-359.24,347.774,16.013,0,0,5,"=","=","=","=","=","=","=","=","=",1,R,"白霜らいふ",179.8,80,0.653,,41,W,Y,1,,,,,,,,,,,,,,,,,,,,,,,,,,,,,0,0,,,,,,,,,,,,,,,,,,,,,,,,,,,,,,,,,,,,,,-0.145,-37.216,-0.287,-16.715,-21.001,-46.915,-13.949,-61.45,16.917,-48.684,10.94,-64.349,50.324,-99.465,-0.57,-120.357,-57.273,-99.584,,,,"",,,,"",,,,"",,,,"",,,,"",,,,"",,,,"",,,,"",,,,,,,,,,,,,,,,,,,,,,,,,,,,,,,,,,,,,,,,,,,,,,,,,,,,,,,,,,"",0,,,,,,,,,,,,,0,"",,,,0,""
149,,7,0,2,3,1,2,0,0,0,0,255,255,255,3,5352.906,"mochi_2929",R,13,84,124,-1.75,-2.311,0.115,1.412,-0.398,0.69,-36.47,15.84,53,47,0,4,"",-235.78,400,-5.784,-0.362,-19.602,5,"=","=","=","=","=","=","=","=","=",1,R,"白霜らいふ",179.8,80,0.653,,41,W,Y,1,,,,,,,,,,,,,,,,,,,,,,,,,,,,,0,0,,,,,,,,,,,,,,,5357.9,5,,147,16,,,,,,,,,,,,,,,,,,,-0.063,-37.448,-0.122,-17.099,-20.399,-45.396,-13.946,-61.449,16.813,-48.512,9.954,-65.217,49.508,-98.949,-0.555,-120.362,-57.125,-100.077,,,,"",,,,"",,,,"",,,,"",,,,"",,,,"",,,,"",,,,"",,,,,,,,,,,,,,,,,,,,,,,,,,,,,,,,,,,,,,,,,,,,,,,,,,,,,,,,,,"",0,,,,,,,,,,,,,0,"",,,,0,""
150,,7,0,2,3,0,0,1,0,0,0,255,255,255,4,5435.26,"mochi_2929",R,13,80,118,0.501,-0.31,0.383,1.739,0.851,1.812,-36.47,43.433,100,0,0,2,"",-390.434,312.348,-7.617,0,0,6,"=","=","=","=","=","=","=","=","=",7,R,"カズティー",175.4,84.645,0.33,5,60,W,Y,1,5436.313,186,151,146,100,87,,145,110,21.239,31.544,0.084,0.823,-20.278,0.88,0,0.755,333.409,368.945,-248.072,,,,5440.864,8,-55.338,3.078,-97.242,0,0,,5441.786,,,,,,,,,,,,,5441.416,6,,457,0,,,,,,,,,,,,,,,,,,,-0.107,-37.196,-0.248,-16.882,-20.952,-48.144,-14.272,-60.662,17.009,-48.197,9.546,-66.165,46.67,-104.405,-0.817,-121.267,-56.798,-98.225,0.129,-37.232,,"HalF_HearteD",-0.196,-16.891,,"-Alta-",-20.93,-48.139,86,"Rite_",-14.195,-60.51,,"Pugeuk",17.007,-48.157,,"Pring__",9.425,-66.187,,"alcohol500",48.084,-103.912,,"紅さかな",-0.876,-121.189,,"ame_3",-56.781,-98.219,88,5450.167,-1.622,-40.414,,,,5446.581,-22.478,-45.875,,,,,,,,,,,,,,,,5441.433,-55.725,-97.992,,,,,,,5449.244,-14.02,-48.461,,,,,,,,,,,,,,,,5443.124,-54.377,-96.652,"",1,34.13,34.13,-3.223,0,1,0.629,34.666,21.239,16.563,61.591,0.027,88.089,0,"ame_3",,,,140,""
151,,7,0,2,3,0,0,2,0,0,0,255,255,255,5,5471.26,"mochi_2929",R,0,89,140,-0.617,-0.466,0.141,1.61,-0.273,1.34,-36.47,24.471,100,0,0,0,"",0,0,-74.986,0,0,7,"=","=","=","=","=","=","=","=","=",5,L,"ibqrqki",164.9,86.895,0.45,,59,W,Y,0,,,,,,,,,,,,,,,,,,,,,,,,,,,,,0,0,,,,,,,,,,,,,,,,,,,,,,,,,,,,,,,,,,,,,,-0.163,-37.263,0.18,-16.929,-21.529,-48.684,-11.99,-63.086,19.199,-47.179,14.993,-61.358,48.588,-96.626,0.213,-121.879,-50.699,-98.057,,,,"",,,,"",,,,"",,,,"",,,,"",,,,"",,,,"",,,,"",,,,5475.99,-0.264,-37.205,,,,,,,,,,,,,,,,,,,,,,,,,,,,,,,,,,,,,,,,,,,,,,,,,,,,"",0,,,,,,,,,,,,,0,"",,,,0,""
152,,7,0,2,3,0,1,2,0,0,0,255,255,255,6,5491.295,"mochi_2929",R,2,81,119,-2.274,0.736,0.117,1.69,-0.385,1.639,-36.47,25.827,100,0,0,1,"",-390.434,-312.348,-48.183,-1.321,-15.306,7,"=","=","=","=","=","=","=","=","=",5,L,"ibqrqki",164.9,86.895,0.45,,59,W,Y,0,,,,,,,,,,,,,,,,,,,,,,,,,,,,,0,0,,,,,,,,,,,,,,,,,,,,,,,,,,,,,,,,,,,,,,-0.18,-37.147,0.158,-16.966,-21.419,-47.51,-12.501,-62.301,19.239,-47.34,15.113,-61.2,48.291,-97.141,-1.344,-118.372,-50.914,-97.943,,,,"",,,,"",,,,"",,,,"",,,,"",,,,"",,,,"",,,,"",,,,5499.321,-0.247,-37.389,,,,,,,,,,,,,,,,,,,,,,,,,,,,,,,,,,,,,,,,,,,,,,,,,,,,"",0,,,,,,,,,,,,,0,"",,,,0,""
153,,7,0,2,3,1,1,2,0,0,0,255,255,255,7,5513.059,"mochi_2929",R,14,76,114,1.825,0.983,0.178,1.971,0.125,2.597,-36.47,51.194,100,0,0,2,"",377.825,327.488,-35.744,0,0,7,"=","=","=","=","=","=","=","=","=",5,L,"ibqrqki",164.9,86.895,0.45,5,59,W,Y,1,5514.206,133,67,82,61,53,,138,103,-30,5.491,0.333,1.178,-20.5,0.93,0,0.15,-587.998,46.69,109.903,5513.63,0.151,-22.392,5514.643,0,-1.161,1.778,-36.014,0,0,,,,,,,,,,,,,,,5518.329,7,,147,8,,,,,,,,,,,,,,,,,,,-0.187,-37.351,0.156,-16.832,-21.155,-47.559,-12.47,-62.247,19.132,-47.283,15.114,-61.114,50.921,-98.36,-0.141,-116.891,-50.934,-97.938,0.236,-37.421,120,"HalF_HearteD",0.128,-16.811,,"-Alta-",-21.146,-47.898,,"Rite_",-12.42,-62.177,,"Pugeuk",19.036,-47.141,,"Pring__",15.095,-61.157,,"alcohol500",52.234,-97.369,,"紅さかな",-0.121,-116.89,,"ame_3",-50.864,-97.883,,5515.222,-1.108,-36.375,,,,5517.697,-18.201,-40.136,,,,,,,,,,,,,,,,,,,5517.015,-5.527,-38.149,,,,,,,,,,,,,,,,,,,,,,,,,"",2,2.967,2.967,0.493,0,2,0.071,-88.394,-87.582,-8.313,-84.691,0.075,14.858,0,"mochi_2929",,,,12,""
154,SIDE,7,0,2,3,0,0,2,0,0,0,255,255,255,,5519.14,,,,,,,,,,,,,,,,,,,,,,,,8,"=","=","=","=","=","=","=","=","=",,,,,,,,,,,,,,,,,,,,,,,,,,,,,,,,,,,,,,,0,0,,,,,,,,,,,,,,,,,,,,,,,,,,,,,,,,,,,,,,,,,,,,,,,,,,,,,,,,,,,,,,,,,,,,,,,,,,,,,,,,,,,,,,,,,,,,,,,,,,,,,,,,,,,,,,,,,,,,,,,,,,,,,,,,,,,,,,,,,,,,,,,,,"",0,,,,,,,,,,,,,0,"",,,,0,""
155,,8,1,2,3,0,0,0,0,0,0,255,255,255,10,5564.704,"P0TA0",R,26,86,139,0.713,-1.039,0.361,1.405,0.219,0.838,-36.636,36.124,59,41,0,0,"",58.86,-174.651,-3.309,0,0,8,"紅さかな","Pring__","-Alta-","mochi_2929","HalF_HearteD","Pugeuk","Rite_","ame_3","alcohol500",6,L,"alcohol500",175.1,90.32,0.398,,59,W,Y,0,,,,,,,,,,,,,,,,,,,,,,,,,,,,,0,0,,,,,,,,,,,,,,,,,,,,,,,,,,,,,,,,,,,,,,-0.005,-37.987,-0.008,-18.09,-21.604,-47.184,-12.961,-64.664,17.777,-44.224,13.392,-64.414,39.987,-91.376,-0.102,-110.182,-44.91,-100.399,,,,"",,,,"",,,,"",,,,"",,,,"",,,,"",,,,"",,,,"",,,,,,,,,,,,,,,,,,,,,,,,,,,,,,,,,,,,,,,,,,,,,,,,,,,,,,,,,,"",0,,,,,,,,,,,,,0,"",,,,0,""
156,,8,1,2,3,0,1,0,0,0,0,255,255,255,11,5576.005,"P0TA0",R,10,71,113,0.913,-2.146,0.385,1.316,0.386,0.831,-36.636,30.367,59,41,0,1,"",0,400,-78.641,0.155,-19.376,8,"=","=","=","=","=","=","=","=","=",6,L,"alcohol500",175.1,90.32,0.398,,59,W,Y,0,,,,,,,,,,,,,,,,,,,,,,,,,,,,,0,0,,,,,,,,,,,,,,,,,,,,,,,,,,,,,,,,,,,,,,-0.061,-37.768,0.025,-18.115,-21.506,-47.486,-13.177,-64.895,17.709,-44.127,13.162,-64.363,39.977,-91.38,-0.102,-110.18,-43.951,-100.789,,,,"",,,,"",,,,"",,,,"",,,,"",,,,"",,,,"",,,,"",,,,,,,,,,,,,,,,,,,,,,,,,,,,,,,,,,,,,,,,,,,,,,,,,,,,,,,,,,"",0,,,,,,,,,,,,,0,"",,,,0,""
157,,8,1,2,3,1,1,0,0,0,0,255,255,255,12,5587.259,"P0TA0",R,45,57,99,1.683,-0.242,0.501,1.592,0.362,1.329,-36.636,59.377,93,7,0,2,"",174.723,-118.164,-57.085,0,0,8,"=","=","=","=","=","=","=","=","=",6,L,"alcohol500",175.1,90.32,0.398,3,59,W,Y,1,5588.358,104,62,116,91,89,,136,77,-4.356,-61.709,0.313,0.858,-20.388,1,0,0.384,-20.292,226.965,-546.461,5588.051,7.914,-24.549,,,,,,0,0,,,,,,,,,,,,,,,,,,,,,,,,,,,,,,,,,,,,,,0.002,-37.767,-0.014,-18.173,-21.478,-47.727,-13.184,-65.013,17.699,-44.133,12.795,-64.323,39.804,-91.456,-0.104,-110.183,-44.423,-100.865,0.143,-37.439,,"白霜らいふ",-0.007,-18.224,,"ʚEveɞ",-21.498,-47.778,,"Ѕeyeon",-13.892,-67.025,,"인생최패망자",17.436,-43.797,,"ibqrqki",12.677,-64.04,,"sano jpn",39.96,-91.352,,"カズティー",-0.105,-110.179,,"NABIMan",-44.36,-101.376,,,,,,,,,,,,,,,,,,,,,,,,,,,,,,,,,,,,,,,,,,,,,,,,,,,,,,,,"",3,,,,,,,,,,,,,0,"",,,,0,""
158,,8,1,2,3,1,2,0,0,0,0,255,255,255,13,5606.781,"P0TA0",R,15,66,110,0.713,-0.038,0.402,1.391,0.298,1.123,-36.636,22.797,57,43,0,0,"",0,-400,28.167,0,0,8,"=","=","=","=","=","=","=","=","=",6,L,"alcohol500",175.1,90.32,0.398,,40,W,Y,0,,,,,,,,,,,,,,,,,,,,,,,,,,,,,0,0,,,,,,,,,,,,,,,5609.349,8,,578,0,,,,,,,,,,,,,,,,,,,0.088,-37.812,0.02,-18.181,-21.594,-47.863,-13.055,-65.137,18.032,-44.433,13.365,-63.691,39.548,-92.126,0.014,-110.112,-46.438,-97.359,,,,"",,,,"",,,,"",,,,"",,,,"",,,,"",,,,"",,,,"",,,,,,,,,,,,,,,,,,,,,,,,,,,,,,,,,,,,,,,,,,,,,,,,,,,,,,,,,,"",0,,,,,,,,,,,,,0,"",,,,0,""
159,,8,1,2,3,0,0,1,0,0,0,255,255,255,14,5630.333,"P0TA0",R,14,70,110,5.601,0.128,0.561,1.731,1.714,2.232,-36.636,54.189,96,4,0,3,"",390.434,312.348,-18.706,1.82,-21.402,0,"=","=","=","=","=","=","=","=","=",7,R,"紅さかな",172.7,86,0.452,,59,W,Y,0,,,,,,,,,,,,,,,,,,,,,,,,,,,,,0,0,,,,,,,,,,,,,,,,,,,,,,,,,,,,,,,,,,,,,,-0.028,-37.702,0.062,-18.097,-21.61,-47.867,-15.678,-63.146,16.691,-46.502,9.73,-63.873,39.46,-92.289,0.181,-110.18,-46.023,-96.791,,,,"",,,,"",,,,"",,,,"",,,,"",,,,"",,,,"",,,,"",,,,,,,,,,,,,,,,,,,,,,,,,,,,,,,,,,,,,,,,,,,,,,,,,,,,,,,,,,"",6,,,,,,,,,,,,,0,"",,,,0,""
160,,8,1,2,3,0,0,1,1,0,0,7,255,255,18,5655.851,"P0TA0",R,15,65,109,0.944,-0.411,0.425,1.382,0.418,0.905,-36.636,30.161,54,46,0,0,"TW+",-10.762,-400,37.74,0,0,1,"=","=","=","=","=","=","=","=","=",5,L,"Pring__",175.1,90.089,0.448,,59,W,Y,0,,,,,,,,,,,,,,,,,,,,,,,,,,,,,0,0,,,,,,,,,,,,5670.614,,,,,,,,,,,,,,,,,,,,,,,,,,0.056,-37.893,-0.207,-18.173,-19.725,-41.198,-4.034,-66.394,19.962,-47.202,12.017,-63.017,46.895,-99.846,0.083,-113.778,-44.987,-97.365,,,,"",,,,"",,,,"",,,,"",,,,"",,,,"",,,,"",,,,"",,,,,,,,,,,,,,,,,,,,,,,,,,,,,,,,,,,,,,,,,,,,,,,,,,,,,,,,,,"",0,,,,,,,,,,,,,0,"",,,,0,""
161,,8,1,2,3,0,1,1,1,0,0,7,255,255,19,5670.807,"P0TA0",R,13,62,104,-2.227,-2.288,0.377,1.415,-0.252,0.843,-36.636,27.726,100,0,0,2,"",-347.507,338.974,-36.875,0,0,1,"=","=","=","=","=","=","=","=","=",5,L,"Pring__",175.1,90.089,0.448,0,59,W,Y,1,5671.794,227,127,59,79,85,,138,110,-30,-20.292,-0.32,0.356,-21.363,0.91,0,0.677,-256.857,-389.241,377.513,5671.229,-0.129,-21.878,5673.155,5,12.784,1.367,-56.538,1,0,,5676.978,,,,5676.312,,,,,,,,,5675.685,0,1,164,128,,,,,,,,,,,,,,,,,,,0,-37.859,0,-18.202,-19.626,-40.59,-4.144,-64.6,19.894,-46.765,13.142,-63.597,49.476,-108.916,0.157,-113.683,-43.549,-98.157,-0.321,-37.633,,"白霜らいふ",-0.007,-18.255,,"ʚEveɞ",-17.887,-44.294,90,"Ѕeyeon",-6.843,-65.653,104,"인생최패망자",19.594,-46.335,,"ibqrqki",13.182,-63.432,99,"sano jpn",49.564,-109.263,,"カズティー",0.161,-113.695,,"NABIMan",-43.519,-98.167,,5685.305,-0.661,-38.894,,,,5677.128,-17.957,-40.972,5675.112,0.696,-58.908,,,,5673.852,13.151,-57.774,,,,,,,,,,,,,,,,5684.46,-14.267,-39.834,5676.046,-2.162,-57.247,,,,5674.55,8.606,-57.753,,,,,,,,,,"",2,,,,,,,,,,,,,0,"ibqrqki",5676.312,,,394,""
162,,8,1,2,3,0,0,2,1,0,0,5,255,255,20,5700.767,"P0TA0",R,32,64,104,2.916,0.147,0.587,1.641,0.759,1.622,-36.636,56.901,91,9,0,4,"",236.364,-83.743,-35.365,1.141,-10.958,2,"=","=","=","=","=","=","=","=","=",2,L,"-Alta-",189.8,84,0.479,,59,W,Y,1,,,,,,,,,,,,,,,,,,,,,,,,,,,,,0,0,,,,,,,,,,,,5719.614,,,,,,,,,,,,,,,,,,,,,,,,,,0.044,-37.877,0.131,-18.183,-19.579,-40.644,-4.236,-63.749,19.958,-47.259,13.15,-63.99,40.385,-95.858,-0.832,-107.519,-37.696,-104.177,,,,"",,,,"",,,,"",,,,"",,,,"",,,,"",,,,"",,,,"",,,,5706.95,0.094,-38.056,,,,,,,,,,,,,,,,,,,,,,,,,,,,,,,,,,,,,,,,,,,,,,,,,,,,"",0,,,,,,,,,,,,,0,"",,,,0,""
163,,8,1,2,3,0,1,2,1,0,0,5,255,255,21,5720.088,"P0TA0",R,32,63,104,2.697,-0.12,0.535,1.462,0.688,1.429,-36.636,42.958,58,42,0,4,"",236.364,-110.184,-49.134,1.709,-16.359,2,"=","=","=","=","=","=","=","=","=",2,L,"-Alta-",189.8,84,0.479,,59,W,Y,1,,,,,,,,,,,,,,,,,,,,,,,,,,,,,0,0,,,,,,,,,,,,5735.326,,,,,,,,,,,,,,,,,,,,,,,,,,0.055,-37.922,0.039,-18.235,-19.727,-40.909,-3.86,-64.54,19.995,-47.261,13.079,-64.558,39.366,-96.075,-0.833,-107.502,-39.033,-101.688,,,,"",,,,"",,,,"",,,,"",,,,"",,,,"",,,,"",,,,"",,,,5726.152,0.154,-37.595,,,,,,,,,,,,,,,,,,,,,,,,,,,,,,,,,,,,,,,,,,,,,,,,,,,,"",0,,,,,,,,,,,,,0,"",,,,0,""
164,,8,1,2,3,0,2,2,1,0,0,5,255,255,22,5738.771,"P0TA0",R,32,62,103,3.115,-0.115,0.576,1.448,0.924,1.478,-36.636,32.689,53,47,0,2,"",216.151,-72.145,-56.887,0,0,2,"=","=","=","=","=","=","=","=","=",2,L,"-Alta-",189.8,84,0.479,3,59,W,Y,1,5739.741,185,127,84,127,53,,145,86,103.885,76.336,0.562,1.005,-20.817,1,0,0.501,398.003,-225.689,-384.604,,,,,,,,,0,0,,,,,,,,,,,,5870.186,,,,,,,,,,,,,,,,,,,,,,,,,,0.155,-37.895,0.053,-18.282,-19.653,-40.782,-4.354,-64.839,19.835,-47.104,13.277,-64.143,40.617,-95.05,-0.834,-107.501,-39.781,-102.887,-0.143,-37.64,,"白霜らいふ",0.131,-18.352,,"ʚEveɞ",-19.081,-44.51,,"Ѕeyeon",-6.68,-65.901,,"인생최패망자",19.774,-46.979,,"ibqrqki",13.164,-63.88,,"sano jpn",40.792,-95.145,,"カズティー",-0.834,-107.496,,"NABIMan",-39.852,-101.902,,,,,,,,,,,,,,,,,,,,,,,,,,,,,,,,,,,,,,,,,,,,,,,,,,,,,,,,"",3,,,,,,,,,,,,,0,"",,,,0,""
165,,8,1,2,3,0,2,2,1,0,0,5,255,255,23,5870.568,"P0TA0",R,10,64,96,0.023,-1.999,0.39,1.404,0,1.048,-36.636,32.614,100,0,0,4,"",0,400,-42.314,0,0,2,"=","=","=","=","=","=","=","=","=",2,L,"-Alta-",189.8,84,0.479,,58,W,Y,1,,,,,,,,,,,,,,,,,,,,,,,,,,,,,0,4,,,,,,,,,,,,,,,5873.22,2,,578,0,,,,,,,,,,,,,,,,,5872.932,1,-0.005,-38.003,0.003,-18.017,-19.805,-40.724,-4.828,-64.948,19.235,-46.051,13.296,-64.03,45.294,-97.164,-0.468,-107.59,-40.643,-95.203,,,,"",,,,"",,,,"",,,,"",,,,"",,,,"",,,,"",,,,"",,,,,,,,,,,,,,,,,,,,,,,,,,,,,,,,,,,,,,,,,,,,,,,,,,,,,,,,,,"",0,,,,,,,,,,,,,0,"",,,,0,""
166,SIDE,8,1,2,3,0,0,2,1,0,0,5,255,255,,5874.699,,,,,,,,,,,,,,,,,,,,,,,,3,"=","=","=","=","=","=","=","=","=",,,,,,,,,,,,,,,,,,,,,,,,,,,,,,,,,,,,,,,0,0,,,,,,,,,,,,,,,,,,,,,,,,,,,,,,,,,,,,,,,,,,,,,,,,,,,,,,,,,,,,,,,,,,,,,,,,,,,,,,,,,,,,,,,,,,,,,,,,,,,,,,,,,,,,,,,,,,,,,,,,,,,,,,,,,,,,,,,,,,,,,,,,,"",0,,,,,,,,,,,,,0,"",,,,0,""
167,,8,0,2,3,0,0,0,0,0,0,255,255,255,8,5933.965,"mochi_2929",R,26,93,140,-1.559,-0.815,0.018,1.47,-0.846,0.929,-36.47,10.101,52,48,0,1,"",143.914,-200,15.37,0,0,8,"sano jpn","ʚEveɞ","NABIMan","P0TA0","인생최패망자","白霜らいふ","カズティー","ibqrqki","あおいぬ",3,R,"あおいぬ",190,90.486,0.43,,58,W,Y,0,,,,,,,,,,,,,,,,,,,,,,,,,,,,,0,0,,,,,,,,,,,,,,,,,,,,,,,,,,,,,,,,,,,,,,-0.124,-37.451,-0.136,-16.995,-20.849,-49.589,-13.707,-61.539,17.705,-49.487,11.573,-64.398,48.945,-102.154,-9.766,-124.043,-58.003,-98.572,,,,"",,,,"",,,,"",,,,"",,,,"",,,,"",,,,"",,,,"",,,,,,,,,,,,,,,,,,,,,,,,,,,,,,,,,,,,,,,,,,,,,,,,,,,,,,,,,,"",0,,,,,,,,,,,,,0,"",,,,0,""
168,,8,0,2,3,1,0,0,0,0,0,255,255,255,9,5951.368,"mochi_2929",R,13,74,114,1.145,-0.299,0.365,1.773,0.769,1.91,-36.47,42.792,100,0,0,0,"",-162.158,400,0.07,0,0,8,"=","=","=","=","=","=","=","=","=",3,R,"あおいぬ",190,90.486,0.43,,58,W,Y,1,,,,,,,,,,,,,,,,,,,,,,,,,,,,,0,0,,,,,,,,,,,,,,,,,,,,,,,,,,,,,,,,,,,,,,-0.068,-37.572,-0.162,-17,-20.915,-49.303,-13.725,-61.642,16.923,-49.699,11.543,-64.287,50.297,-99.085,-9.866,-123.779,-55.781,-103.783,,,,"",,,,"",,,,"",,,,"",,,,"",,,,"",,,,"",,,,"",,,,,,,,,,,,,,,,,,,,,,,,,,,,,,,,,,,,,,,,,,,,,,,,,,,,,,,,,,"",0,,,,,,,,,,,,,0,"",,,,0,""
169,,8,0,2,3,1,1,0,0,0,0,255,255,255,10,5967.91,"mochi_2929",R,26,86,139,2.63,0.939,0.407,1.809,0.965,2.026,-36.47,44.878,100,0,0,2,"",125.387,-200,-7.442,0,0,8,"=","=","=","=","=","=","=","=","=",3,R,"あおいぬ",190,90.486,0.43,3,58,W,Y,1,5969.064,104,11,46,21,2,,80,67,-25.463,35.168,0.282,1.202,-19.392,-0.82,0,0.287,51.972,-72.03,-133.179,5968.501,-1.326,-21.677,5970.718,2,-15.869,0.058,-43.246,0,0,,,,,,,,,,,,,,,5973.02,8,,147,0,,,,,,,,,,,5972.406,2,,,,,,,-0.062,-37.583,0.104,-17.058,-21.14,-48.967,-15.159,-60.953,16.788,-49.743,14.064,-63.491,41.407,-102.498,-9.423,-123.854,-56.751,-102.247,0.373,-37.383,,"HalF_HearteD",0.083,-17.091,,"-Alta-",-21.035,-48.916,86,"Rite_",-15.073,-60.803,,"Pugeuk",16.66,-49.581,,"Pring__",14.004,-63.296,,"alcohol500",42.077,-102.615,,"紅さかな",-9.939,-123.794,,"ame_3",-56.754,-102.248,,5975.601,-0.655,-37.577,,,,5971.377,-16.451,-43.818,,,,,,,,,,,,,,,,,,,,,,,,,5974.558,-17.863,-40.012,,,,,,,,,,,,,,,,,,,"",2,,,,,,,,,,,,,0,"-Alta-",,,,12,""
170,,8,0,2,3,0,0,1,0,0,0,255,255,255,11,5996.189,"mochi_2929",R,13,73,112,1.001,0.665,0.39,1.82,1.112,2.411,-36.47,52.975,100,0,0,0,"",-390.434,312.348,-1.808,0,0,0,"=","=","=","=","=","=","=","=","=",6,R,"sano jpn",170.2,92.118,0.561,,58,W,Y,0,,,,,,,,,,,,,,,,,,,,,,,,,,,,,0,0,,,,,,,,,,,,,,,,,,,,,,,,,,,,,,,,,,,,,,-0.135,-37.586,-0.088,-16.981,-21.08,-47.284,-14.63,-60.74,17.322,-48.949,9.28,-65.64,44.412,-100.894,-7.139,-122.773,-55.939,-99.045,,,,"",,,,"",,,,"",,,,"",,,,"",,,,"",,,,"",,,,"",,,,6000.695,0.262,-37.087,,,,,,,,,,,,,,,,,,,,,,,,,,,,,,,,,,,,,,,,,,,,,,,,,,,,"",0,,,,,,,,,,,,,0,"",,,,0,""
171,,8,0,2,3,0,1,1,0,0,0,255,255,255,12,6012.62,"mochi_2929",R,6,93,126,2.056,-0.962,0.232,1.549,0.151,1.13,-36.47,23.772,52,48,0,4,"",500,0,-67.471,-0.782,-20.991,0,"=","=","=","=","=","=","=","=","=",6,R,"sano jpn",170.2,92.118,0.561,,58,W,Y,1,,,,,,,,,,,,,,,,,,,,,,,,,,,,,0,0,,,,,,,,,,,,,,,,,,,,,,,,,,,,,,,,,,,,,,-0.099,-37.601,0.035,-17.057,-21.479,-47.986,-14.634,-60.752,17.31,-49.051,10.801,-65.072,46.284,-102.043,-8.159,-122.648,-56.01,-99.058,,,,"",,,,"",,,,"",,,,"",,,,"",,,,"",,,,"",,,,"",,,,,,,,,,,,,,,,,,,,,,,,,,,,,,,,,,,,,,,,,,,,,,,,,,,,,,,,,,"",0,,,,,,,,,,,,,0,"",,,,0,""
172,,8,0,2,3,0,2,1,0,0,0,255,255,255,13,6031.177,"mochi_2929",R,14,74,114,0.883,0.253,0.202,1.867,0.009,2.278,-36.47,46.339,100,0,0,0,"",216.212,400,-44.417,0,0,0,"=","=","=","=","=","=","=","=","=",6,R,"sano jpn",170.2,92.118,0.561,,58,W,Y,1,,,,,,,,,,,,,,,,,,,,,,,,,,,,,0,0,,,,,,,,,,,,,,,6033.894,0,,578,0,,,,,,,,,,,,,,,,,,,-0.117,-37.518,0.146,-17.016,-21.479,-47.129,-14.633,-60.722,17.417,-49.102,9.519,-65.868,46.13,-104.164,-8.459,-122.665,-55.986,-99.091,,,,"",,,,"",,,,"",,,,"",,,,"",,,,"",,,,"",,,,"",,,,6036.053,0.037,-37.122,,,,,,,,,,,,,,,,,,,,,,,,,,,,,,,,,,,,,,,,,,,,,,,,,,,,"",0,,,,,,,,,,,,,0,"",,,,0,""
173,,8,0,2,3,0,0,2,0,0,0,255,255,255,14,6080.768,"mochi_2929",R,26,82,134,1.235,0.062,0.293,1.637,0.433,1.469,-36.47,30.641,100,0,0,0,"",68.477,-200,-4.794,0,0,1,"=","=","=","=","=","=","=","=","=",2,L,"ʚEveɞ",190,85,0.478,,77,W,Y,1,,,,,,,,,,,,,,,,,,,,,,,,,,,,,0,0,,,,,,,,,,,,,,,,,,,,,,,,,,,,,,,,,,,,,,-0.094,-37.416,0.097,-16.835,-21.523,-47.746,-13.969,-63.394,19.808,-48.758,11.087,-65.219,52.369,-101.222,0.689,-120.802,-49.593,-96.818,,,,"",,,,"",,,,"",,,,"",,,,"",,,,"",,,,"",,,,"",,,,6085.397,0.232,-37.459,,,,,,,,,,,,,,,,,,,,,,,,,,,,,,,,,,,,,,,,,,,,,,,,,,,,"",0,,,,,,,,,,,,,0,"",,,,0,""
174,,8,0,2,3,0,1,2,0,0,0,255,255,255,15,6098.097,"mochi_2929",R,13,87,126,-0.302,-1.328,0.298,1.525,0.456,1.107,-36.47,22.484,54,46,0,2,"",-390.434,312.348,-1.124,0,0,1,"=","=","=","=","=","=","=","=","=",2,L,"ʚEveɞ",190,85,0.478,5,77,W,Y,1,6099.181,246,170,189,85,36,,145,131,0.486,0.86,-0.005,0.635,-21.49,0.59,0,0.405,-13.773,10.904,-1.277,6098.999,-0.255,-37.88,6102.084,7,-1.771,0.21,-108.788,1,0,,6104.53,,,,,,,,,,,,,,,,,,,,,,,,,,,,,,,,,,,,0.039,-37.463,0.131,-16.81,-21.274,-46.647,-13.156,-62.069,19.943,-48.867,11.802,-64.83,53.242,-100.222,-0.771,-120.973,-49.681,-96.812,0.282,-37.325,,"HalF_HearteD",0.003,-16.815,,"-Alta-",-21.17,-47.202,,"Rite_",-12.97,-62.073,,"Pugeuk",19.833,-48.743,,"Pring__",11.727,-64.606,92,"alcohol500",53.048,-100.337,,"紅さかな",-0.777,-120.96,107,"ame_3",-49.665,-96.809,,6110.621,-0.015,-39.846,,,,,,,,,,,,,6105.561,-0.126,-66.307,,,,6102.837,-1.838,-109.722,,,,,,,,,,,,,,,,,,,6109.282,-0.361,-64.272,,,,6103.984,-1.821,-103.159,,,,"",2,3.219,3.219,4.709,0,1,0.652,0.866,0.486,-0.794,1.747,0.001,-3.509,0,"紅さかな",,,,11,""
175,,8,0,2,3,0,0,2,1,0,0,12,255,255,16,6130.069,"mochi_2929",R,14,87,126,1.813,-2.003,0.242,1.393,0.194,0.679,-36.47,28.078,59,41,0,1,"",390.434,312.348,-22.188,0.398,-18.94,2,"=","=","=","=","=","=","=","=","=",8,R,"NABIMan",190,83.228,0.48,,58,W,Y,0,,,,,,,,,,,,,,,,,,,,,,,,,,,,,0,0,,,,,,,,,,,,6143.066,,,,,,,,,,,,,,,,,,,,,,,,,,-0.114,-37.312,0.115,-16.723,-20.284,-46.166,-15.225,-60.815,17.651,-48.16,7.745,-65.191,48.114,-101.979,-0.154,-119.491,-55.536,-98.589,,,,"",,,,"",,,,"",,,,"",,,,"",,,,"",,,,"",,,,"",,,,6134.116,-0.18,-37.466,,,,,,,,,,,,,,,,,,,,,,,,,,,,,,,,,,,,,,,,,,,,,,,,,,,,"",0,,,,,,,,,,,,,0,"",,,,0,""
176,,8,0,2,3,1,0,2,1,0,0,12,255,255,17,6146.567,"mochi_2929",R,13,81,119,0.058,-0.096,0.341,1.771,0.655,1.904,-36.47,42.562,100,0,0,0,"",-390.434,312.348,0.412,0,0,2,"=","=","=","=","=","=","=","=","=",8,R,"NABIMan",190,83.228,0.48,,58,W,Y,1,,,,,,,,,,,,,,,,,,,,,,,,,,,,,0,0,,,,,,,,,,,,6147.506,,,,,,,,,,,,,,,,,,,,,,,,,,-0.11,-37.629,0.076,-16.744,-20.23,-43.397,-14.907,-60.498,17.387,-48.316,3.531,-63.347,49.509,-101.204,-0.247,-119.431,-55.195,-98.898,,,,"",,,,"",,,,"",,,,"",,,,"",,,,"",,,,"",,,,"",,,,6152.826,-0.108,-36.915,,,,,,,,,,,,,,,,,,,,,,,,,,,,,,,,,,,,,,,,,,,,,,,,,,,,"",0,,,,,,,,,,,,,0,"",,,,0,""
177,,8,0,2,3,1,1,2,1,0,0,12,255,255,18,6166.145,"mochi_2929",R,13,75,113,-0.419,-0.34,0.297,1.746,0.45,1.822,-36.47,39.201,100,0,0,2,"",-364.706,342.037,6.169,0,0,2,"=","=","=","=","=","=","=","=","=",8,R,"NABIMan",190,83.228,0.48,3,27,W,Y,1,6167.183,140,102,54,143,50,,136,81,9.941,52.239,-0.308,0.972,-20.988,1,0,0.356,15.503,532.039,241.601,6167.768,-21.702,-36.103,,,,,,0,0,,,,,,,,,,,,6166.376,,,,,,,,,,,,,,,,,,,,,,,,,,-0.1,-37.457,-0.503,-16.83,-21.02,-45.464,-15.302,-61.171,17.864,-48.579,3.696,-62.091,47.833,-100.9,-0.613,-119.486,-55.13,-98.932,0.256,-37.295,,"HalF_HearteD",-0.511,-16.869,,"-Alta-",-20.645,-45.531,,"Rite_",-15.207,-61.021,,"Pugeuk",17.706,-48.459,,"Pring__",6.977,-62.972,,"alcohol500",47.058,-101.333,,"紅さかな",-0.742,-119.581,,"ame_3",-55.139,-98.932,,,,,,,,,,,,,,,,,,,,,,,,,,,,,,,,,,,,,,,,,,,,,,,,,,,,,,,,"",3,,,,,,,,,,,,,0,"",,,,0,""
178,,8,0,2,3,1,2,2,1,0,0,12,255,255,19,6185.425,"mochi_2929",R,26,85,137,-1.83,-0.396,-0.002,1.55,-0.941,1.187,-36.47,11.625,60,40,0,4,"BA-",105.052,-200,9.667,0,0,2,"=","=","=","=","=","=","=","=","=",8,R,"NABIMan",190,83.228,0.48,,27,W,Y,1,,,,,,,,,,,,,,,,,,,,,,,,,,,,,0,0,,,,,,,,,,,,6186.322,,,6188.04,2,,578,0,,,,,,,,,,,,,,,,,,,-0.14,-37.261,-0.33,-17.126,-20.703,-42.577,-14.923,-61.671,18.22,-48.807,0.141,-59.49,47.424,-101.097,-0.32,-121.475,-53.475,-97.73,,,,"",,,,"",,,,"",,,,"",,,,"",,,,"",,,,"",,,,"",,,,,,,,,,,,,,,,,,,,,,,,,,,,,,,,,,,,,,,,,,,,,,,,,,,,,,,,,,"",0,,,,,,,,,,,,,0,"",,,,0,""
179,SIDE,8,0,2,3,0,0,2,1,0,0,12,255,255,,6189.676,,,,,,,,,,,,,,,,,,,,,,,,3,"=","=","=","=","=","=","=","=","=",,,,,,,,,,,,,,,,,,,,,,,,,,,,,,,,,,,,,,,0,0,,,,,,,,,,,,,,,,,,,,,,,,,,,,,,,,,,,,,,,,,,,,,,,,,,,,,,,,,,,,,,,,,,,,,,,,,,,,,,,,,,,,,,,,,,,,,,,,,,,,,,,,,,,,,,,,,,,,,,,,,,,,,,,,,,,,,,,,,,,,,,,,,"",0,,,,,,,,,,,,,0,"",,,,0,""
180,,9,1,2,3,0,0,0,0,0,0,255,255,255,24,6275.585,"P0TA0",R,3,65,107,-1.168,-0.32,0.387,1.7,0.269,1.726,-36.636,52.869,89,11,0,0,"",-399.425,219.601,-25.167,0,0,3,"紅さかな","Pring__","-Alta-","mochi_2929","HalF_HearteD","Pugeuk","Rite_","ame_3","alcohol500",0,R,"mochi_2929",190,88.482,0.523,,57,W,Y,0,,,,,,,,,,,,,,,,,,,,,,,,,,,,,0,0,,,,,,,,,,,,,,,,,,,,,,,,,,,,,,,,,,,,,,-0.043,-38.072,0.029,-18.08,-20.597,-45.843,-15.259,-63.139,17.799,-47.316,9.602,-65.506,36.494,-93.254,0.205,-110.772,-47.99,-96.398,,,,"",,,,"",,,,"",,,,"",,,,"",,,,"",,,,"",,,,"",,,,,,,,,,,,,,,,,,,,,,,,,,,,,,,,,,,,,,,,,,,,,,,,,,,,,,,,,,"",0,,,,,,,,,,,,,0,"",,,,0,""
181,,9,1,2,3,0,1,0,0,0,0,255,255,255,25,6288.445,"P0TA0",R,3,65,108,-3.566,-0.2,0.232,1.68,-0.775,1.7,-36.636,41.014,90,10,0,1,"",-406.506,150.199,-26.178,0,0,3,"=","=","=","=","=","=","=","=","=",0,R,"mochi_2929",190,88.482,0.523,,57,W,Y,0,,,,,,,,,,,,,,,,,,,,,,,,,,,,,0,0,,,,,,,,,,,,,,,,,,,,,,,,,,,,,,,,,,,,,,-0.046,-37.782,0.017,-18.063,-21.027,-47.441,-15.46,-63.414,18.043,-47.705,9.141,-65.736,36.538,-93.808,0.202,-110.754,-49.293,-97.316,,,,"",,,,"",,,,"",,,,"",,,,"",,,,"",,,,"",,,,"",,,,,,,,,,,,,,,,,,,,,,,,,,,,,,,,,,,,,,,,,,,,,,,,,,,,,,,,,,"",0,,,,,,,,,,,,,0,"",,,,0,""
182,,9,1,2,3,1,1,0,0,0,0,255,255,255,26,6301.306,"P0TA0",R,13,61,103,-0.856,-1.164,0.432,1.603,0.34,1.405,-36.636,49.457,93,7,0,2,"",-342.499,340.893,-31.658,0,0,3,"=","=","=","=","=","=","=","=","=",0,R,"mochi_2929",190,88.482,0.523,3,57,W,Y,1,6302.555,255,76,82,57,30,,145,87,-20.912,46.642,-0.198,0.503,-19.987,-1,0,0.253,357.214,21.692,258.886,6301.941,-1.371,-21.095,,,,,,0,0,,,,,,,,,,,,,,,,,,,,,,,,,,,,,,,,,,,,,,-0.049,-38.096,0.069,-18.068,-21.09,-47.637,-15.123,-63.165,18.029,-47.66,8.76,-65.628,36.387,-94.378,-0.478,-112.037,-49.691,-98.194,-0.354,-37.507,,"白霜らいふ",0.066,-18.11,,"ʚEveɞ",-21.081,-47.534,,"sano jpn",-15.648,-64.661,,"인생최패망자",17.83,-47.362,,"ibqrqki",8.634,-65.348,,"IbikiKai_JP",36.387,-94.371,,"カズティー",-0.288,-111.843,,"NABIMan",-49.547,-97.781,,,,,,,,,,,,,,,,,,,,,,,,,,,,,,,,,,,,,,,,,,,,,,,,,,,,,,,,"",3,,,,,,,,,,,,,0,"",,,,0,""
183,,9,1,2,3,1,2,0,0,0,0,255,255,255,27,6320.491,"P0TA0",R,26,86,140,-0.012,-0.518,0.263,1.494,-0.189,1.139,-36.636,34.441,96,4,0,2,"",128.827,-169.208,-0.981,0,0,3,"=","=","=","=","=","=","=","=","=",0,R,"mochi_2929",190,88.482,0.523,5,57,W,Y,1,6321.633,232,105,100,63,30,,145,101,111.625,21.617,-0.106,0.789,-20.124,-0.42,0,0.319,217.332,485.157,121.928,,,,,,,,,0,0,,,,,,,,,,,,,,,,,,,,,,,,,,,,,,,,,,,,,,-0.113,-37.749,0.053,-18.211,-20.149,-46.977,-15.336,-63.232,17.384,-46.796,9.118,-65.629,35.135,-89.537,-0.445,-110.779,-49.349,-98.001,-0.105,-37.503,,"白霜らいふ",0.023,-18.248,,"ʚEveɞ",-20.104,-46.783,,"sano jpn",-15.628,-64.048,,"인생최패망자",17.158,-46.478,,"ibqrqki",8.78,-65.376,,"IbikiKai_JP",35.242,-89.498,,"カズティー",-0.445,-110.765,,"NABIMan",-49.35,-98,,,,,,,,,,,,,,,,,,,,,,,,,,,,,,,,,,,,,,,,,,,,,,,,,,,,,,,,"",3,22.1,22.1,10.994,0,0,1,68.375,68.375,22.058,68.375,0,21.456,0,"",,,,0,""
184,,9,1,2,3,1,2,0,0,0,0,255,255,255,28,6338.684,"P0TA0",R,13,59,90,-2.45,-0.265,0.21,1.741,-0.286,2.066,-36.636,32.424,90,10,0,2,"",-307.302,330.047,-35.445,0,0,3,"=","=","=","=","=","=","=","=","=",0,R,"mochi_2929",190,88.482,0.523,3,40,W,Y,1,6340.063,255,91,70,54,29,,139,94,-2.889,36.652,-0.506,0.824,-19.91,-0.44,0,0.197,218.548,-182.703,18.05,6339.751,-6.806,-28.464,6341.102,2,-19.377,0.058,-44.471,0,0,,,,,,,,,,,,,,,6343.55,3,,147,0,,,,,,,,,,,6342.929,2,,,,,,,-0.059,-37.864,0.016,-18.315,-21.262,-47.884,-15.097,-63.476,17.254,-46.906,8.874,-65.981,34.893,-88.971,-0.446,-110.782,-46.453,-98.265,-0.397,-37.493,,"白霜らいふ",-0.032,-18.292,,"ʚEveɞ",-20.993,-47.747,88,"sano jpn",-15.522,-64.786,,"인생최패망자",17.086,-46.955,,"ibqrqki",8.718,-65.587,,"IbikiKai_JP",34.891,-88.966,,"カズティー",-0.443,-110.743,,"NABIMan",-47.891,-98.881,,6346.835,-0.342,-38.139,,,,6341.735,-19.704,-45.309,,,,,,,,,,,,,,,,,,,,,,,,,6345.847,-16.775,-39.548,,,,,,,,,,,,,,,,,,,"",2,,,,,,,,,,,,,0,"ʚEveɞ",,,,10,""
185,,9,1,2,3,0,0,1,0,0,0,255,255,255,29,6363.381,"P0TA0",R,3,61,105,-0.187,0.211,0.514,1.7,0.754,1.757,-36.636,58.666,93,7,0,0,"",-418.25,0,-28.691,0,0,4,"=","=","=","=","=","=","=","=","=",1,R,"HalF_HearteD",190,82,0.446,,57,W,Y,0,,,,,,,,,,,,,,,,,,,,,,,,,,,,,0,0,,,,,,,,,,,,,,,,,,,,,,,,,,,,,,,,,,,,,,0.063,-37.908,0.021,-18.258,-21.852,-48.867,-15.937,-62.432,17.343,-50.455,6.465,-66.929,35.458,-88.428,-0.063,-110.795,-47.448,-97.184,,,,"",,,,"",,,,"",,,,"",,,,"",,,,"",,,,"",,,,"",,,,6367.239,-0.163,-37.424,,,,,,,,,,,,,,,,,,,,,,,,,,,,,,,,,,,,,,,,,,,,,,,,,,,,"",0,,,,,,,,,,,,,0,"",,,,0,""
186,,9,1,2,3,0,1,1,0,0,0,255,255,255,30,6377.3,"P0TA0",R,10,65,109,-1.862,-2.529,0.127,1.017,-0.814,-0.073,-36.636,16.393,51,49,0,1,"",0,394.242,-42.108,-0.278,-22.714,4,"=","=","=","=","=","=","=","=","=",1,R,"HalF_HearteD",190,82,0.446,,57,W,Y,0,,,,,,,,,,,,,,,,,,,,,,,,,,,,,0,0,,,,,,,,,,,,,,,,,,,,,,,,,,,,,,,,,,,,,,-0.084,-38.134,0.035,-18.316,-22.123,-49.121,-15.444,-62.982,17.366,-50.463,6.821,-66.288,35.545,-88.386,-0.055,-110.821,-48.103,-96.5,,,,"",,,,"",,,,"",,,,"",,,,"",,,,"",,,,"",,,,"",,,,6381.009,-0.277,-37.819,,,,,,,,,,,,,,,,,,,,,,,,,,,,,,,,,,,,,,,,,,,,,,,,,,,,"",0,,,,,,,,,,,,,0,"",,,,0,""
187,,9,1,2,3,1,1,1,0,0,0,255,255,255,31,6391.647,"P0TA0",R,33,76,127,-0.698,0.773,0.208,1.736,-0.499,1.979,-36.636,45.949,94,6,0,0,"",122.024,-117.078,2.66,0,0,4,"=","=","=","=","=","=","=","=","=",1,R,"HalF_HearteD",190,82,0.446,,57,W,Y,0,,,,,,,,,,,,,,,,,,,,,,,,,,,,,0,0,,,,,,,,,,,,,,,,,,,,,,,,,,,,,,,,,,,,,,-0.144,-37.834,0.04,-18.319,-22.279,-49.422,-15.636,-62.975,17.278,-50.534,7.072,-66.238,35.598,-88.38,-0.058,-110.793,-48.233,-96.41,,,,"",,,,"",,,,"",,,,"",,,,"",,,,"",,,,"",,,,"",,,,6395.449,-0.219,-37.33,,,,,,,,,,,,,,,,,,,,,,,,,,,,,,,,,,,,,,,,,,,,,,,,,,,,"",0,,,,,,,,,,,,,0,"",,,,0,""
188,,9,1,2,3,1,2,1,0,0,0,255,255,255,32,6405.752,"P0TA0",R,3,61,92,1.154,0.11,0.558,1.583,1.328,1.711,-36.636,57.363,98,2,0,0,"",-418.182,0,-101.749,0,0,4,"=","=","=","=","=","=","=","=","=",1,R,"HalF_HearteD",190,82,0.446,,57,W,Y,1,,,,,,,,,,,,,,,,,,,,,,,,,,,,,0,0,,,,,,,,,,,,,,,6408.704,4,,578,0,,,,,,,,,,,,,,,,,,,0.042,-37.775,0.033,-18.423,-22.346,-49.388,-15.758,-63.029,17.37,-50.502,7.255,-66.335,35.088,-88.666,-0.064,-110.795,-48.171,-96.462,,,,"",,,,"",,,,"",,,,"",,,,"",,,,"",,,,"",,,,"",,,,6410.764,-0.081,-37.542,,,,,,,,,,,,,,,,,,,,,,,,,,,,,,,,,,,,,,,,,,,,,,,,,,,,"",0,,,,,,,,,,,,,0,"",,,,0,""
189,,9,1,2,3,0,0,2,0,0,0,255,255,255,33,6507.157,"P0TA0",R,32,78,129,2.295,0.875,0.377,1.666,0.78,2.01,-36.636,54.565,95,5,0,2,"",166.554,-141.503,7.822,0,0,5,"=","=","=","=","=","bdg06213","=","=","=",4,R,"bdg06213",189.9,87,0.502,5,57,W,Y,1,6508.27,107,108,120,108,100,,137,130,-14.518,21.88,0.403,1.411,-20.79,0.41,0,0.588,170.123,231.966,107.02,6507.75,-1.48,-25.455,6509.401,3,-18.451,0.129,-60.382,0,0,,6515.059,,,,,,,,,,,,,6512.916,5,,147,1,,,,,,,,,,,,,,,,,,,-0.122,-37.842,0.04,-18.231,-22.328,-49.383,-15.349,-63.323,18.793,-51.905,6.842,-66.651,34.558,-89.561,-5.684,-111.9,-47.848,-95.914,-0.364,-37.329,,"白霜らいふ",0.038,-18.237,,"ʚEveɞ",-22.18,-49.226,,"sano jpn",-15.886,-65.133,86,"인생최패망자",18.837,-51.847,,"ibqrqki",6.804,-66.341,,"IbikiKai_JP",34.562,-89.545,,"カズティー",-5.694,-111.907,,"NABIMan",-48.694,-95.906,,,,,,,,6512.263,-19.204,-40.342,6510.088,-18.517,-61.022,,,,,,,,,,,,,,,,,,,,,,,,,6511.282,-18.705,-57.045,,,,,,,,,,,,,,,,"",2,21.266,21.266,5.089,0,1,0.798,-24.713,-14.518,-27.898,-62.122,0.031,27.152,0,"sano jpn",,,,3,""
190,END,9,0,2,3,0,0,0,0,0,0,255,255,255,,6569.425,,,,,,,,,,,,,,,,,,,,,,,,,,,,,,,,,,,,,,,,,,,,,,,,,,,,,,,,,,,,,,,,,,,,,,,,,,,,,,,,,,,,,,,,,,,,,,,,,,,,,,,,,,,,,,,,,,,,,,,,,,,,,,,,,,,,,,,,,,,,,,,,,,,,,,,,,,,,,,,,,,,,,,,,,,,,,,,,,,,,,,,,,,,,,,,,,,,,,,,,,,,,,,,,,,,,,,,,,,,,,,,,,,,,,,,,,,,,,,,"{""schemaVersion"":16,""gameTimeZeroUtc"":""2026-08-14T12:18:44.725Z"",""exportedAtUtc"":""2026-08-14T14:08:14.150Z"",""teamNameA"":""AT"",""teamNameB"":""RB""}"
