id,inn,half,scoreA,scoreB,ball,strk,out,b1,b2,b3,b1Idx,b2Idx,b3Idx,pCnt,pSec,pName,pHand,pType,pPow,spdK,zoneX,zoneY,startX,startY,targetX,targetY,zDist,pitchAngle,pOver,pSide,pUnder,call,balk,sH,sV,gyro,plx,plz,bSwing,bIdx,bPos,bZone,bName,bHCm,batLen,batCen,batType,bFps,bOS,bVR,hSec,rotS,rotL,shS,lgS,prepS,batSpd,ev,ldeg,sdeg,hPos,buntGrip,handDist,angVeloX,angVeloY,angVeloZ,PPosX,PPosY,PThrSpd,CName,CPosX,CPosY,CThrSpd,1BName,1BPosX,1BPosY,1BThrSpd,2BName,2BPosX,2BPosY,2BThrSpd,3BName,3BPosX,3BPosY,3BThrSpd,SSName,SSPosX,SSPosY,SSThrSpd,LFName,LFPosX,LFPosY,LFThrSpd,CFName,CFPosX,CFPosY,CFThrSpd,RFName,RFPosX,RFPosY,RFThrSpd,ltSec,lx,lz,cSec,cPos,cPlr,cx,cz,1BSafe,tag,cpSec,sb2Sec,sb3Sec,sbhSec,ass,result
1,1,1,0,0,0,0,0,0,0,0,255,255,255,0,992.86,"ゆっち一",R,13,92,126,-1.381,-0.386,0.182,1.569,-0.084,1.716,-36.94,22.489,41,59,0,2,0,-367.636,338.886,-1.979,0,0,1,0,2,L,"Sabo_10",185.3,88,0.452,3,157,W,Y,993.842,255,64,77,150,57,145,120,14.939,13.888,0.19,0,0.597,-329.038,-358.011,-150.235,0.105,-37.534,0,"_Chun",-0.068,-17.436,0,"檸檬の残骸",-20.8,-46.854,0,"わかなで",-14.049,-67.025,69,"MODECO",20.545,-45.353,0,"ke ro",13.355,-64.31,0,"「론구」",49.67,-104.072,0,"-つる３-",4.307,-114.801,101,"まととまと",-49.763,-84.857,0,996.609,-14.264,-99.474,1000.276,7,"-つる３-",-15.625,-131.701,1,0,,1003.709,,,131,2
2,1,1,0,0,0,0,0,0,1,0,255,2,255,1,1028.728,"ゆっち一",R,32,87,140,0.985,-0.168,0.235,1.502,0.161,1.499,-36.94,18.807,31,66,3,2,0,208.807,-10.482,13.642,0,0,1,1,1,R,"Megu3568",190,88.251,0.405,3,156,W,Y,1029.824,255,54,94,75,35,145,95,-69.897,30.538,-0.61,0,0.643,-272.694,-33.719,0.689,-0.049,-37.567,0,"_Chun",-0.005,-17.665,0,"檸檬の残骸",-20.886,-48.103,66,"わかなで",-16.787,-66.693,0,"MODECO",18.924,-44.314,0,"ke ro",9.924,-63.43,0,"「론구」",37.663,-90.51,0,"-つる３-",-4.511,-117.475,0,"まととまと",-54.946,-89.484,0,1029.547,0.02,-19.187,1032.859,2,"檸檬の残骸",-12.353,-40.103,0,0,,,1035.223,,66,2
3,1,1,0,0,0,0,1,0,0,1,255,255,2,2,1057.859,"ゆっち一",R,32,74,113,1.923,0.348,0.453,1.799,0.473,1.76,-36.94,47.773,86,14,0,2,0,216.202,-61.46,8.884,0,0,1,2,4,R,"なおｐ--",190,90.37,0.405,3,155,W,Y,1059.088,255,79,87,75,44,145,91,28.035,12.184,-0.8,0,0.68,155.024,-410.054,-33.226,0.16,-37.281,0,"_Chun",-0.117,-17.391,0,"檸檬の残骸",-21.334,-50.188,0,"わかなで",-17.794,-66.991,0,"MODECO",19.241,-44.057,0,"ke ro",10.311,-65.507,77,"「론구」",39.935,-99.037,0,"-つる３-",-12.775,-123.279,114,"まととまと",-54.636,-89.901,0,1063.63,-8.818,-95.192,1064.547,7,"-つる３-",-8.98,-100.501,1,0,,,1060.983,1067.559,386,2
4,1,1,1,0,0,0,1,1,0,0,4,255,255,3,1092.971,"ゆっち一",R,3,69,97,-1.687,-0.158,0.312,1.503,0.038,1.543,-36.94,36.441,46,54,0,1,0,-440.909,0,-35.914,0,0,0,3,3,L,"Fresh825",172.8,80,0.2,0,153,W,Y,0,0,0,0,0,0,0,0,0,0,0,0,0,0,0,0,0.07,-37.766,0,"_Chun",0.357,-17.415,0,"檸檬の残骸",-20.409,-42.809,0,"わかなで",-12.824,-69.205,0,"MODECO",20.066,-42.764,0,"ke ro",12.418,-63.538,0,"「론구」",44.067,-96.685,0,"-つる３-",3.495,-111.484,0,"まととまと",-47.991,-92.543,0,0,0,0,0,0,"",0,0,0,0,1094.248,,,,0,0
5,1,1,1,0,1,0,1,1,0,0,4,255,255,4,1116.309,"ゆっち一",R,0,83,135,0.59,0.172,0.34,1.563,0.247,1.701,-36.94,35.123,41,59,0,0,0,0,0,0,0,0,0,3,3,L,"Fresh825",172.8,80,0.2,0,153,W,Y,0,0,0,0,0,0,0,0,0,0,0,0,0,0,0,0,0.138,-37.769,0,"_Chun",0.45,-17.319,0,"檸檬の残骸",-20.477,-42.554,0,"わかなで",-14.28,-68.875,0,"MODECO",21.02,-42.964,0,"ke ro",12.634,-63.38,0,"「론구」",43.508,-97.556,0,"-つる３-",3.446,-111.4,0,"まととまと",-48.15,-92.726,0,0,0,0,0,0,"",0,0,0,0,1117.436,,,,0,0
6,1,1,1,0,1,1,1,1,0,0,4,255,255,5,1134.748,"ゆっち一",R,3,81,106,-2.594,-0.894,0.102,1.324,-0.304,1.118,-36.94,25.374,44,56,0,2,0,-481.818,0,-79.727,0,0,1,3,3,L,"Fresh825",172.8,80,0.2,3,153,W,Y,1135.911,211,124,108,107,211,145,85,-59.722,44.288,-0.8,0,0.17,31.589,300.074,148.979,-0.003,-37.499,0,"_Chun",0.112,-17.322,0,"檸檬の残骸",-19.597,-45.658,112,"わかなで",-15.097,-67.798,0,"MODECO",21.256,-45.312,0,"ke ro",11.764,-63.263,98,"「론구」",43.455,-97.559,0,"-つる３-",3.53,-111.362,0,"まととまと",-47.193,-93.09,0,1135.7,-0.839,-20.404,1138.026,2,"檸檬の残骸",-18.264,-38.225,0,4,1183.456,1140.562,,,346,2
7,1,0,1,0,0,0,0,0,0,0,255,255,255,0,1325.809,"Muna_328",R,0,99,140,-2.07,0.008,0.012,2.229,-0.874,1.571,-36.74,32.945,84,12,4,1,0,-23.614,4.542,2.973,0,0,0,0,3,L,"わかなで",160,94.33,0.2,0,147,W,Y,0,0,0,0,0,0,0,0,0,0,0,0,0,0,0,0,0.209,-37.197,0,"Megu3568",-0.135,-18.205,0,"Sabo_10",-20.851,-42.689,0,"Fresh825",-10.034,-61.169,0,"なおｐ--",17.201,-42.291,0,"schmoneymikey",12.955,-59.267,0,"Dοpi",46.684,-90.818,0,"うよすま",4.487,-105.668,0,"하루（Haru）",-39.562,-86.373,0,0,0,0,0,0,"",0,0,0,0,1326.887,,,,0,0
8,1,0,1,0,1,0,0,0,0,0,255,255,255,1,1343.494,"Muna_328",R,6,87,129,2.696,-1.071,0.324,2.079,0.576,0.994,-36.74,31.122,90,7,3,1,0,384.467,0,19.145,0,0,0,0,3,L,"わかなで",160,94.33,0.2,0,147,W,Y,0,0,0,0,0,0,0,0,0,0,0,0,0,0,0,0,0.311,-37.372,0,"Megu3568",0.27,-18.088,0,"Sabo_10",-18.896,-44.201,0,"Fresh825",-9.997,-61.092,0,"なおｐ--",17.273,-42.357,0,"schmoneymikey",12.881,-59.119,0,"Dοpi",44.887,-86.776,0,"うよすま",3.017,-105.505,0,"하루（Haru）",-42.494,-91.768,0,0,0,0,0,0,"",0,0,0,0,1344.609,,,,0,0
9,1,0,1,0,2,0,0,0,0,0,255,255,255,2,1362.476,"Muna_328",R,0,94,140,1.087,-0.522,0.306,2.149,0.491,1.266,-36.74,34.298,85,11,4,0,0,-19.493,-21.037,3.958,0,0,0,0,3,L,"わかなで",160,94.33,0.2,0,47,W,Y,0,0,0,0,0,0,0,0,0,0,0,0,0,0,0,0,0.247,-37.327,0,"Megu3568",0.131,-18.035,0,"Sabo_10",-18.654,-42.704,0,"Fresh825",-10.007,-61.128,0,"なおｐ--",17.697,-42.656,0,"schmoneymikey",12.851,-59.238,0,"Dοpi",45.584,-86.565,0,"うよすま",4.746,-104.537,0,"하루（Haru）",-42.026,-90.957,0,0,0,0,0,0,"",0,0,0,0,1363.554,,,,0,0
10,1,0,1,0,2,1,0,0,0,0,255,255,255,3,1381.493,"Muna_328",R,0,85,138,0.05,-0.862,0.215,2.098,0.069,1.071,-36.74,29.192,87,13,0,0,0,-38.595,-34.895,9.651,0,0,0,0,3,L,"わかなで",160,94.33,0.2,0,47,W,Y,0,0,0,0,0,0,0,0,0,0,0,0,0,0,0,0,0.283,-37.39,0,"Megu3568",-0.021,-18.17,0,"Sabo_10",-19.683,-41.138,0,"Fresh825",-9.98,-61.161,0,"なおｐ--",18.058,-42.992,0,"schmoneymikey",12.868,-59.225,0,"Dοpi",42.542,-86.495,0,"うよすま",2.865,-99.946,0,"하루（Haru）",-39.929,-93.999,0,0,0,0,0,0,"",0,0,0,0,1382.519,,,,0,0
11,1,0,1,0,2,2,0,0,0,0,255,255,255,4,1399.466,"Muna_328",R,6,86,128,-0.17,0.37,0.048,2.276,-0.706,1.753,-36.74,40.13,86,12,2,0,0,407.75,0,10.394,0,0,0,0,3,L,"わかなで",160,94.33,0.2,0,47,W,Y,0,0,0,0,0,0,0,0,0,0,0,0,0,0,0,0,0.214,-37.235,0,"Megu3568",-0.165,-18.031,0,"Sabo_10",-19.486,-41.735,0,"Fresh825",-10.041,-61.172,0,"なおｐ--",17.886,-42.44,0,"schmoneymikey",13.21,-60.34,0,"Dοpi",44.037,-84.93,0,"うよすま",1.471,-102.088,0,"하루（Haru）",-39.902,-94.041,0,0,0,0,0,0,"",0,0,0,0,1400.561,,,,0,0
12,1,0,1,0,0,0,1,0,0,0,255,255,255,5,1474.064,"Muna_328",R,6,94,128,2.146,-0.244,0.266,2.18,0.308,1.427,-36.74,33.988,88,8,4,1,0,404.239,0,12.311,0,0,0,1,0,L,"ゆっち一",190,83.623,0.399,0,72,W,Y,0,0,0,0,0,0,0,0,0,0,0,0,0,0,0,0,0.303,-37.297,0,"Megu3568",0.141,-18.075,0,"Sabo_10",-21.646,-46.433,0,"Fresh825",-13.11,-64.931,0,"なおｐ--",21.564,-47.374,0,"schmoneymikey",14.635,-62.249,0,"Dοpi",55.929,-104.561,0,"うよすま",12.255,-123.222,0,"하루（Haru）",-36.546,-109.184,0,0,0,0,0,0,"",0,0,0,0,1475.22,,,,0,0
13,1,0,1,0,1,0,1,0,0,0,255,255,255,6,1492.133,"Muna_328",R,14,85,123,0.658,-0.535,0.129,2.237,-0.333,1.613,-36.74,34.81,86,8,6,2,0,379.81,325.184,20.908,0,0,1,1,0,L,"ゆっち一",190,83.623,0.399,3,72,W,Y,1493.317,255,143,129,82,42,145,130,29.005,-18.196,0.67,0,0.36,-114.139,173.095,39.335,0.082,-36.805,0,"Megu3568",0.089,-18.152,0,"Sabo_10",-21.607,-46.502,0,"Fresh825",-12.946,-64.773,0,"なおｐ--",21.917,-47.904,0,"schmoneymikey",14.81,-62.734,0,"Dοpi",55.954,-103.259,0,"うよすま",13.05,-124.422,114,"하루（Haru）",-36.765,-109.751,0,1498.012,30.433,-127.704,1498.172,7,"うよすま",29.585,-124.137,0,0,,,,,272,1
14,1,0,1,0,0,0,2,0,0,0,255,255,255,7,1523.537,"Muna_328",R,14,81,119,1.466,0.049,0.229,2.355,0.137,1.994,-36.74,48.381,87,10,3,2,0,336.858,369.495,13.401,0,0,1,2,1,L,"_Chun",190,80,0.455,3,141,W,Y,1524.618,209,128,78,78,55,145,111,33.177,-40.903,0.89,0,0.283,130.82,-291.324,79.942,0.026,-36.822,0,"Megu3568",0.164,-17.981,0,"Sabo_10",-20.576,-46.171,0,"Fresh825",-12.754,-64.344,0,"なおｐ--",21.291,-46.352,0,"schmoneymikey",14.58,-62.476,0,"Dοpi",54.829,-104.738,0,"うよすま",10.289,-124.02,0,"하루（Haru）",-34.949,-106.076,0,1529.213,67.84,-87.335,0,0,"",0,0,0,0,,,,,16,3
15,1,0,1,0,0,1,2,0,0,0,255,255,255,8,1550.508,"Muna_328",R,28,88,140,-1.422,0.768,0.071,2.363,-0.6,2.021,-36.74,46.461,81,14,5,0,0,-15.43,-50.479,7.921,0,0,0,2,1,L,"_Chun",190,80,0.455,0,86,W,Y,0,0,0,0,0,0,0,0,0,0,0,0,0,0,0,0,0.068,-37.098,0,"Megu3568",-0.222,-18.173,0,"Sabo_10",-20.551,-44.255,0,"Fresh825",-12.964,-65.198,0,"なおｐ--",22.13,-47.842,0,"schmoneymikey",15.861,-61.764,0,"Dοpi",55.245,-105.582,0,"うよすま",10.023,-123.064,0,"하루（Haru）",-35.086,-110.036,0,0,0,0,0,0,"",0,0,0,0,1551.352,,,,0,0
16,1,0,1,0,0,2,2,0,0,0,255,255,255,9,1573.457,"Muna_328",R,6,94,127,2.923,-0.706,0.261,2.083,0.284,1.114,-36.74,26.874,85,10,6,2,0,452.486,4.655,31.782,0,0,1,2,1,L,"_Chun",190,80,0.455,3,86,W,Y,1574.485,255,154,43,99,64,132,130,25.054,0.003,0.4,0,0.505,72.064,-85.286,-72.67,0.136,-36.821,0,"Megu3568",0.302,-18.488,0,"Sabo_10",-20.75,-46.193,0,"Fresh825",-12.715,-65.291,0,"なおｐ--",19.908,-45.452,0,"schmoneymikey",15.44,-62.226,0,"Dοpi",56.495,-102.87,0,"うよすま",13.189,-123.583,0,"하루（Haru）",-35.231,-109.054,0,0,0,0,1579.338,7,"うよすま",2.804,-130.83,0,0,,,,,258,1
17,2,1,1,0,0,0,0,0,0,0,255,255,255,6,1635.269,"ゆっち一",R,32,88,140,1.097,0.091,0.228,1.501,0.13,1.494,-36.94,18.875,31,69,0,0,0,248.891,-200,35.821,0,0,0,4,0,R,"Muna_328",190.3,89.724,0.4,0,89,W,Y,0,0,0,0,0,0,0,0,0,0,0,0,0,0,0,0,-0.072,-37.912,0,"_Chun",0.036,-17.337,0,"檸檬の残骸",-20.468,-48.96,0,"わかなで",-18.566,-66.688,0,"MODECO",20.262,-43.558,0,"ke ro",12.308,-63.572,0,"「론구」",36.879,-91.392,0,"-つる３-",-6.387,-119.716,0,"まととまと",-54.887,-92.56,0,0,0,0,0,0,"",0,0,0,0,1636.331,,,,0,0
18,2,1,1,0,0,1,0,0,0,0,255,255,255,7,1652.106,"ゆっち一",R,13,82,107,-2.252,-0.989,0.234,1.657,-0.206,1.452,-36.94,29.176,50,50,0,4,0,-379.786,312.348,-29.178,0,0,1,4,0,R,"Muna_328",190.3,89.724,0.4,0,89,W,Y,0,0,0,0,0,0,0,0,0,0,0,0,0,0,0,0,-0.005,-37.556,0,"_Chun",-0.119,-17.331,0,"檸檬の残骸",-20.414,-47.546,0,"わかなで",-18.536,-66.606,0,"MODECO",19.574,-45.199,0,"ke ro",12.292,-63.597,0,"「론구」",36.964,-91.488,0,"-つる３-",-6.39,-119.64,0,"まととまと",-56.077,-91.507,0,0,0,0,0,0,"",0,0,0,0,1653.325,,,,0,0
19,2,1,1,0,0,2,0,0,0,0,255,255,255,8,1670.322,"ゆっち一",R,13,83,107,-2.612,-1.041,0.177,1.636,-0.381,1.408,-36.94,25.474,40,60,0,4,0,-379.786,312.348,-12.91,0,0,1,4,0,R,"Muna_328",190.3,89.724,0.4,0,89,W,Y,0,0,0,0,0,0,0,0,0,0,0,0,0,0,0,0,0.104,-37.78,0,"_Chun",-0.187,-17.372,0,"檸檬の残骸",-20.401,-45.644,0,"わかなで",-18.47,-68.055,0,"MODECO",19.728,-43.08,0,"ke ro",12.293,-63.603,0,"「론구」",36.941,-91.422,0,"-つる３-",-6.407,-119.723,0,"まととまと",-56.022,-91.471,0,0,0,0,0,0,"",0,0,0,0,1671.547,,,,0,0
20,2,1,1,0,0,0,1,0,0,0,255,255,255,9,1694.269,"ゆっち一",R,0,88,140,-0.815,0.614,0.222,1.638,-0.362,1.961,-36.94,29.051,45,55,0,2,0,0,0,0,0,0,1,5,5,L,"schmoneymikey",175.4,80,0.304,3,136,W,Y,1695.401,144,125,159,53,0,145,127,93.286,84.091,0.64,0,0.468,67.03,-544.872,226.068,0.309,-37.445,0,"_Chun",-0.081,-17.339,0,"檸檬の残骸",-20.447,-47.878,0,"わかなで",-13.73,-66.311,0,"MODECO",19.436,-44.083,0,"ke ro",13.976,-63.207,0,"「론구」",44.365,-96.632,0,"-つる３-",0,-114.118,0,"まととまと",-47.956,-89.491,0,0,0,0,0,0,"",0,0,0,0,,,,,2,3
21,2,1,1,0,0,1,1,0,0,0,255,255,255,10,1713.773,"ゆっち一",R,13,85,109,-1.493,-1.409,0.333,1.388,0.103,1.274,-36.94,36.726,41,59,0,4,0,-386.885,312.348,-24.473,0,0,1,5,5,L,"schmoneymikey",175.4,80,0.304,0,136,W,Y,0,0,0,0,0,0,0,0,0,0,0,0,0,0,0,0,0.026,-37.847,0,"_Chun",0.05,-17.094,0,"檸檬の残骸",-20.655,-46.504,0,"わかなで",-13.024,-68.047,0,"MODECO",20.473,-43.461,0,"ke ro",13.117,-64.562,0,"「론구」",42.922,-98.78,0,"-つる３-",0.317,-113.65,0,"まととまと",-46.614,-91.456,0,0,0,0,0,0,"",0,0,0,0,1714.963,,,,0,0
22,2,1,1,0,0,2,1,0,0,0,255,255,255,11,1731.751,"ゆっち一",R,0,75,113,2.821,0.013,0.622,1.577,1.21,1.619,-36.94,50.151,44,56,0,1,0,0,0,0,0,0,0,5,5,L,"schmoneymikey",175.4,80,0.304,0,136,W,Y,0,0,0,0,0,0,0,0,0,0,0,0,0,0,0,0,-0.033,-37.99,0,"_Chun",0.025,-17.091,0,"檸檬の残骸",-20.391,-46.184,0,"わかなで",-12.6,-68.808,0,"MODECO",20.348,-43.432,0,"ke ro",13.05,-63.657,0,"「론구」",42.968,-98.868,0,"-つる３-",0.328,-113.667,0,"まととまと",-46.625,-91.453,0,0,0,0,0,0,"",0,0,0,0,1732.991,,,,0,0
23,2,1,1,0,1,2,1,0,0,0,255,255,255,12,1748.773,"ゆっち一",R,0,96,140,-2.61,-1.36,0.055,1.312,-1.139,0.821,-36.94,27.267,45,55,0,1,0,0,0,0,0,0,0,5,5,L,"schmoneymikey",175.4,80,0.304,0,136,W,Y,0,0,0,0,0,0,0,0,0,0,0,0,0,0,0,0,-0.158,-37.85,0,"_Chun",0.357,-17.083,0,"檸檬の残骸",-20.25,-47.878,0,"わかなで",-13.996,-68.87,0,"MODECO",20.088,-43.392,0,"ke ro",11.534,-64.32,0,"「론구」",42.948,-98.818,0,"-つる３-",0.359,-113.634,0,"まととまと",-46.936,-91.457,0,0,0,0,0,0,"",0,0,0,0,1749.706,,,,0,0
24,2,1,1,0,2,2,1,0,0,0,255,255,255,13,1763.454,"ゆっち一",R,3,81,106,-1.204,-0.507,0.364,1.538,0.441,1.327,-36.94,53.543,46,54,0,2,0,-481.818,0,4.45,0,0,1,5,5,L,"schmoneymikey",175.4,80,0.304,3,136,W,Y,1764.656,255,157,86,127,90,145,85,105.199,62.585,-0.82,0,0.29,192.837,104.462,-133.194,0.278,-37.242,0,"_Chun",0.223,-17.305,0,"檸檬の残骸",-20.551,-48.148,0,"わかなで",-13.841,-66.305,0,"MODECO",20.469,-45.146,0,"ke ro",12.541,-62.769,0,"「론구」",42.913,-98.774,0,"-つる３-",0.332,-113.672,0,"まととまと",-46.672,-91.335,0,0,0,0,0,0,"",0,0,0,0,,,,,2,3
25,2,1,1,0,2,2,1,0,0,0,255,255,255,14,1783.069,"ゆっち一",R,26,86,139,0.608,0.164,0.204,1.509,0.019,1.51,-36.94,23.638,57,43,0,0,0,167.288,-200,19.145,0,0,0,5,5,L,"schmoneymikey",175.4,80,0.304,0,136,W,Y,0,0,0,0,0,0,0,0,0,0,0,0,0,0,0,0,0.072,-37.739,0,"_Chun",0.252,-17.066,0,"檸檬の残骸",-20.584,-47.371,0,"わかなで",-14.581,-69.543,0,"MODECO",20.44,-43.953,0,"ke ro",13.256,-62.818,0,"「론구」",44.037,-97.938,0,"-つる３-",1.081,-113.327,0,"まととまと",-45.34,-90.692,0,0,0,0,0,0,"",0,0,0,0,1783.825,,,,0,0
26,2,1,1,0,0,0,2,0,0,0,255,255,255,15,1808.485,"ゆっち一",R,0,82,133,0.996,1.546,0.291,1.788,0.425,2.493,-36.94,39.389,91,9,0,1,0,0,0,0,0,0,0,6,8,L,"하루（Haru）",174.6,85.172,0.403,0,134,W,Y,0,0,0,0,0,0,0,0,0,0,0,0,0,0,0,0,0.047,-37.66,0,"_Chun",0.22,-17.177,0,"檸檬の残骸",-20.639,-48.632,0,"わかなで",-13.941,-67.695,0,"MODECO",21.141,-44.064,0,"ke ro",13.393,-62.671,0,"「론구」",47.711,-96.252,0,"-つる３-",4.289,-113.918,0,"まととまと",-36.945,-92.142,0,0,0,0,0,0,"",0,0,0,0,1809.151,,,,0,0
27,2,1,1,0,1,0,2,0,0,0,255,255,255,16,1825.604,"ゆっち一",R,10,85,111,-0.21,-2.285,0.169,1.42,-0.096,0.878,-36.94,24.666,38,62,0,1,0,0,400,15.57,0,0,0,6,8,L,"하루（Haru）",174.6,85.172,0.403,0,134,W,Y,0,0,0,0,0,0,0,0,0,0,0,0,0,0,0,0,-0.033,-37.88,0,"_Chun",0.204,-17.238,0,"檸檬の残骸",-20.626,-47.303,0,"わかなで",-11.228,-64.623,0,"MODECO",19.373,-41.661,0,"ke ro",13.386,-62.724,0,"「론구」",47.697,-96.28,0,"-つる３-",4.033,-113.913,0,"まととまと",-37.12,-92.018,0,0,0,0,0,0,"",0,0,0,0,1826.463,,,,0,0
28,2,1,1,0,2,0,2,0,0,0,255,255,255,17,1842.067,"ゆっち一",R,0,77,128,-0.62,0.622,0.24,1.834,-0.277,1.95,-36.94,33.027,87,13,0,2,0,0,0,0,0,0,1,6,8,L,"하루（Haru）",174.6,85.172,0.403,3,134,W,Y,1843.186,219,55,43,42,30,132,80,100.311,68.164,-0.64,0,0.167,54.474,-572.363,142.129,0.131,-37.437,0,"_Chun",-0.071,-17.208,0,"檸檬の残骸",-21.25,-48.716,0,"わかなで",-13.255,-65.459,0,"MODECO",20.154,-44.411,0,"ke ro",13.394,-62.656,0,"「론구」",47.673,-96.198,0,"-つる３-",4.013,-113.806,0,"まととまと",-36.927,-92.033,0,0,0,0,0,0,"",0,0,0,0,,,,,2,3
29,2,1,1,0,2,1,2,0,0,0,255,255,255,18,1864.397,"ゆっち一",R,13,82,120,-0.832,-1.163,0.236,1.491,0.169,1.446,-36.94,26.271,43,57,0,2,0,-312.425,390.372,16.515,0,0,1,6,8,L,"하루（Haru）",174.6,85.172,0.403,3,133,W,Y,1865.558,255,108,57,58,42,137,126,25.678,43.197,0.41,0,0.192,409.309,58.823,22.684,0.004,-37.591,0,"_Chun",-0.003,-17.364,0,"檸檬の残骸",-20.742,-49.074,0,"わかなで",-14.21,-67.838,0,"MODECO",20.116,-45.214,0,"ke ro",12.659,-62.542,0,"「론구」",48.227,-95.623,0,"-つる３-",2.65,-112.717,0,"まととまと",-37.633,-96.668,0,1869.72,-81.324,-102.698,0,0,"",0,0,0,0,,1875.039,1879.899,,2,4
30,2,1,2,0,0,0,2,0,0,0,255,255,255,19,1905.33,"ゆっち一",R,13,89,112,-1.914,-1.129,0.236,1.603,-0.197,1.319,-36.94,25.902,40,60,0,1,0,-390.434,312.348,-9.184,0,0,0,7,6,R,"Dοpi",180.6,90,0.35,0,132,W,Y,0,0,0,0,0,0,0,0,0,0,0,0,0,0,0,0,-0.043,-37.668,0,"_Chun",-0.09,-17.44,0,"檸檬の残骸",-22.356,-49.711,0,"わかなで",-18.898,-66.773,0,"MODECO",19.742,-43.911,0,"ke ro",12.48,-63.195,0,"「론구」",37.74,-95.282,0,"-つる３-",-5.263,-114.475,0,"まととまと",-52.387,-89.924,0,0,0,0,0,0,"",0,0,0,0,1905.665,,,,0,0
31,2,1,2,0,1,1,2,0,0,0,255,255,255,21,1943.869,"ゆっち一",R,32,86,139,2.238,0.37,0.354,1.558,0.716,1.68,-36.94,28.334,31,69,0,2,0,175.744,-158.451,22.464,0,0,0,7,6,R,"Dοpi",180.6,90,0.35,3,132,W,Y,1944.671,142,89,29,45,26,85,65,21.038,-17.368,-0.78,0,0.126,-170.69,-37.96,59.111,0.383,-37.222,0,"_Chun",-0.026,-17.353,0,"檸檬の残骸",-21.031,-48.527,0,"わかなで",-17.548,-65.221,0,"MODECO",19.341,-45.006,0,"ke ro",11.776,-63.736,0,"「론구」",37.56,-95.085,0,"-つる３-",-5.625,-117.269,0,"まととまと",-48.625,-91.188,0,1946.47,12.026,-55.283,1946.838,5,"ke ro",11.848,-54.739,0,0,,,,,336,1
32,2,0,2,0,0,0,0,0,0,0,255,255,255,10,2049.093,"Muna_328",R,13,89,126,3.165,0.791,0.587,2.314,1.896,2.38,-36.74,51.472,97,3,0,1,0,-390.434,312.348,18.793,0,0,0,3,4,R,"MODECO",190,85,0.451,0,129,W,Y,0,0,0,0,0,0,0,0,0,0,0,0,0,0,0,0,0.229,-37.478,0,"Megu3568",0.081,-17.756,0,"Sabo_10",-22.847,-47.444,0,"Fresh825",-16.67,-63.037,0,"なおｐ--",20.26,-49.412,0,"schmoneymikey",8.631,-65.859,0,"Dοpi",40.923,-108.171,0,"うよすま",-2.235,-116.625,0,"하루（Haru）",-47.09,-101.569,0,0,0,0,0,0,"",0,0,0,0,2049.498,,,,0,0
33,2,0,2,0,1,0,0,0,0,0,255,255,255,11,2066.638,"Muna_328",R,29,90,140,-0.995,-0.129,0.155,2.163,-0.209,1.374,-36.74,31.329,88,10,2,0,0,-166.709,-147.352,18.732,0,0,0,3,4,R,"MODECO",190,85,0.451,0,129,W,Y,0,0,0,0,0,0,0,0,0,0,0,0,0,0,0,0,0.158,-37.301,0,"Megu3568",0.07,-17.971,0,"Sabo_10",-22.436,-45.845,0,"Fresh825",-16.797,-63.111,0,"なおｐ--",20.755,-49.253,0,"schmoneymikey",8.586,-65.893,0,"Dοpi",44.293,-111.285,0,"うよすま",-1.336,-118.609,0,"하루（Haru）",-47.092,-101.566,0,0,0,0,0,0,"",0,0,0,0,2067.012,,,,0,0
34,2,0,2,0,1,1,0,0,0,0,255,255,255,12,2088.388,"Muna_328",R,6,87,128,0.622,0.133,0.121,2.253,-0.369,1.662,-36.74,35.916,81,13,7,0,0,412.495,0,10.171,0,0,0,3,4,R,"MODECO",190,85,0.451,0,129,W,Y,0,0,0,0,0,0,0,0,0,0,0,0,0,0,0,0,0.201,-37.304,0,"Megu3568",0.077,-17.861,0,"Sabo_10",-21.732,-44.988,0,"Fresh825",-16.772,-63.129,0,"なおｐ--",20.785,-49.271,0,"schmoneymikey",8.588,-65.908,0,"Dοpi",45.696,-107.063,0,"うよすま",-3.08,-115.959,0,"하루（Haru）",-47.097,-101.574,0,0,0,0,0,0,"",0,0,0,0,2088.832,,,,0,0
35,2,0,2,0,1,2,0,0,0,0,255,255,255,13,2106.457,"Muna_328",R,13,59,91,-1.345,-0.089,0.31,2.381,0.232,2.122,-36.74,52.587,91,9,0,2,0,-322.996,312.348,31.94,0,0,1,3,4,R,"MODECO",190,85,0.451,3,129,W,Y,2107.744,255,127,55,84,53,137,110,90.553,-88.876,0.1,0,0.762,79.862,393.711,412.114,-0.084,-36.944,0,"Megu3568",-0.249,-17.771,0,"Sabo_10",-22.347,-46.722,0,"Fresh825",-16.664,-62.979,0,"なおｐ--",20.858,-49.394,0,"schmoneymikey",8.405,-65.766,0,"Dοpi",43.425,-107.545,0,"うよすま",-5.652,-115.931,0,"하루（Haru）",-46.627,-101.955,0,0,0,0,0,0,"",0,0,0,0,,,,,16,3
36,2,0,2,0,1,2,0,0,0,0,255,255,255,14,2127.534,"Muna_328",R,0,84,137,1.318,-0.527,0.334,2.114,0.624,1.214,-36.74,30.72,86,12,2,2,0,-42.718,-44.272,14.331,0,0,1,3,4,R,"MODECO",190,85,0.451,3,129,W,Y,2128.582,202,109,90,62,32,145,96,94.777,84.966,-0.54,0,0.269,-220.532,-313.16,-442.073,0.163,-36.696,0,"Megu3568",0.129,-18.071,0,"Sabo_10",-21.458,-46.912,0,"Fresh825",-16.256,-62.901,0,"なおｐ--",20.869,-49.414,0,"schmoneymikey",8.37,-65.838,0,"Dοpi",46.418,-105.836,0,"うよすま",1.095,-114.115,0,"하루（Haru）",-46.921,-100.988,0,0,0,0,0,0,"",0,0,0,0,,,,,16,3
37,2,0,2,0,1,2,0,0,0,0,255,255,255,15,2146.37,"Muna_328",R,13,92,126,-1.798,-0.864,0.163,2.168,-0.17,1.387,-36.74,34.059,100,0,0,2,0,-390.434,312.348,12.051,0,0,1,3,4,R,"MODECO",190,85,0.451,3,128,W,Y,2147.474,234,135,121,84,49,145,111,25.138,35.874,0.89,0,0.575,240.438,64.202,90.917,0.075,-37.13,0,"Megu3568",-0.293,-18.176,0,"Sabo_10",-22.361,-45.427,93,"Fresh825",-16.573,-62.72,0,"なおｐ--",19.824,-49.522,0,"schmoneymikey",8.112,-66.071,0,"Dοpi",42.944,-107.639,0,"うよすま",-5.989,-115.591,0,"하루（Haru）",-46.662,-99.409,88,0,0,0,2151.588,8,"하루（Haru）",-58.42,-96.404,0,0,,,,,81,1
38,2,0,2,0,0,0,1,0,0,0,255,255,255,16,2174.808,"Muna_328",R,28,84,137,1.637,-0.169,0.359,2.173,0.742,1.391,-36.74,34.295,86,9,4,1,0,-32.002,-90.746,14.169,0,0,0,4,6,R,"「론구」",179.9,80,0.3,0,127,W,Y,0,0,0,0,0,0,0,0,0,0,0,0,0,0,0,0,0.558,-37.446,0,"Megu3568",0.151,-18.126,0,"Sabo_10",-21.05,-45.404,0,"Fresh825",-15.864,-62.883,0,"なおｐ--",21.459,-48.656,0,"schmoneymikey",8.441,-65.528,0,"Dοpi",46.193,-110.396,0,"うよすま",-0.507,-113.948,0,"하루（Haru）",-44.279,-102.808,0,0,0,0,0,0,"",0,0,0,0,2175.199,,,,0,0
39,2,0,2,0,1,0,1,0,0,0,255,255,255,17,2192.384,"Muna_328",R,26,70,122,2.112,1.832,0.396,2.452,1.061,2.45,-36.74,59.343,79,14,7,1,0,-93.401,-200,19.326,0,0,0,4,6,R,"「론구」",179.9,80,0.3,0,127,W,Y,0,0,0,0,0,0,0,0,0,0,0,0,0,0,0,0,0.267,-37.091,0,"Megu3568",0.07,-17.906,0,"Sabo_10",-21.618,-46.253,0,"Fresh825",-15.779,-61.565,0,"なおｐ--",21.478,-48.683,0,"schmoneymikey",8.386,-65.591,0,"Dοpi",42.527,-105.269,0,"うよすま",-2.313,-114.143,0,"하루（Haru）",-45.369,-102.09,0,0,0,0,0,0,"",0,0,0,0,2192.845,,,,0,0
40,2,0,2,0,2,0,1,0,0,0,255,255,255,18,2208.82,"Muna_328",R,32,85,138,1.085,-0.336,0.247,2.179,0.217,1.41,-36.74,30.58,86,12,2,2,0,175.85,31.099,8.803,0,0,1,4,6,R,"「론구」",179.9,80,0.3,3,127,W,Y,2209.919,189,130,118,95,67,145,128,108.31,-67.765,0.69,0,0.307,177.418,290.585,-78.187,0.184,-36.871,0,"Megu3568",0.004,-18.039,0,"Sabo_10",-21.93,-47.272,0,"Fresh825",-15.787,-61.582,0,"なおｐ--",21.456,-48.643,0,"schmoneymikey",8.443,-65.544,0,"Dοpi",44.376,-107.236,0,"うよすま",-3.264,-116.046,0,"하루（Haru）",-45.351,-102.313,0,0,0,0,0,0,"",0,0,0,0,,,,,16,3
41,2,0,2,0,2,1,1,0,0,0,255,255,255,19,2227.328,"Muna_328",R,13,91,126,-1.57,-1.276,0.164,2.096,-0.169,1.127,-36.74,28.06,100,0,0,2,0,-390.434,312.348,63.963,0,0,1,4,6,R,"「론구」",179.9,80,0.3,3,75,W,Y,2228.489,255,94,111,118,93,145,105,-30,52.299,0.94,0,0.343,339.456,-270.918,52.891,0.045,-36.865,0,"Megu3568",-0.254,-18.205,0,"Sabo_10",-22.832,-46.732,0,"Fresh825",-15.871,-61.649,0,"なおｐ--",21.453,-48.654,0,"schmoneymikey",8.664,-65.702,0,"Dοpi",41.672,-104.595,0,"うよすま",-3.527,-115.586,0,"하루（Haru）",-46.892,-101.325,0,2227.512,-0.861,-19.224,0,0,"",0,0,0,0,,,,,16,3
42,2,0,2,0,2,2,1,0,0,0,255,255,255,20,2249.453,"Muna_328",R,28,93,140,1.233,-0.199,0.321,2.177,0.561,1.406,-36.74,33.245,84,11,5,2,0,-24.371,-58.812,11.42,0,0,1,4,6,R,"「론구」",179.9,80,0.3,3,75,W,Y,2250.497,212,98,108,108,66,145,95,3.323,8.929,-0.41,0,0.309,-114.936,563.158,7.676,0.171,-36.729,0,"Megu3568",0.176,-18.13,0,"Sabo_10",-21.987,-46.79,110,"Fresh825",-15.59,-62.702,91,"なおｐ--",21.447,-48.644,0,"schmoneymikey",8.826,-65.778,0,"Dοpi",43.688,-102.498,0,"うよすま",-3.873,-116.014,0,"하루（Haru）",-42.918,-99.902,0,2250.463,-4.467,-42.749,2251.707,3,"Fresh825",-8.445,-60.929,0,0,,,,,25,2
43,2,0,2,0,0,0,2,0,0,0,255,255,255,21,2277.158,"Muna_328",R,10,80,120,0.805,-0.41,0.274,2.225,0.342,1.569,-36.74,32.151,100,0,0,0,0,0,400,63.676,0,0,0,5,8,R,"まととまと",180.1,85.159,0.353,0,32,W,Y,0,0,0,0,0,0,0,0,0,0,0,0,0,0,0,0,0.216,-37.393,0,"Megu3568",0.068,-18.022,0,"Sabo_10",-20.828,-44.605,0,"Fresh825",-15.945,-61.753,0,"なおｐ--",21.462,-48.66,0,"schmoneymikey",8.371,-65.428,0,"Dοpi",40.169,-97.739,0,"うよすま",-3.949,-117.052,0,"하루（Haru）",-43.957,-96.538,0,0,0,0,0,0,"",0,0,0,0,2277.699,,,,0,0
44,2,0,2,0,0,1,2,0,0,0,255,255,255,22,2295.96,"Muna_328",R,28,83,135,1.711,1.622,0.361,2.421,0.76,2.454,-36.74,61.754,79,17,5,2,0,-17.439,-91.686,7.77,0,0,1,5,8,R,"まととまと",180.1,85.159,0.353,3,32,W,Y,2297.106,178,32,95,58,31,145,88,31.971,-2.983,-0.78,0,0.268,-52.436,37.321,-107.885,0.116,-36.714,120,"Megu3568",0.181,-17.765,0,"Sabo_10",-22.237,-46.962,116,"Fresh825",-15.882,-61.24,69,"なおｐ--",21.472,-48.674,0,"schmoneymikey",9.053,-66.539,0,"Dοpi",40.979,-99.601,0,"うよすま",-3.606,-115.264,115,"하루（Haru）",-44.737,-98.135,0,2300.755,3.74,-88.928,2301.637,7,"うよすま",3.889,-93.374,1,0,,2330.022,,,313,2
45,2,0,2,0,0,0,2,0,1,0,255,18,255,23,2396.351,"Muna_328",R,32,78,128,1.711,-0.883,0.311,2.125,0.515,1.248,-36.74,31.144,90,7,3,2,0,208.484,137.814,-17.906,0,0,1,6,2,R,"檸檬の残骸",190,80,0.409,3,42,W,Y,2397.416,255,156,176,0,0,145,108,-6.32,7.051,0.02,0.286,0.568,-169.558,454.025,-124.766,0.163,-37.118,0,"Megu3568",0.207,-17.98,0,"Sabo_10",-20.816,-46.626,0,"Fresh825",-15.063,-62.794,0,"なおｐ--",19.086,-45.875,0,"schmoneymikey",7.332,-61.412,0,"Dοpi",36.171,-102.16,0,"うよすま",-8.446,-120.567,0,"하루（Haru）",-46.232,-101.572,0,2396.568,-0.296,-25.021,2400.79,7,"うよすま",-5.783,-98.893,1,0,2404.873,,2401.459,,274,2
46,2,0,2,0,0,0,2,1,0,1,12,255,18,24,2444.879,"Muna_328",R,32,76,127,15.967,-0.568,0.281,2.186,0.376,1.431,-36.74,36.25,84,14,2,2,0,250,200,-8.611,0,0,1,7,7,L,"-つる３-",175.4,89.687,0.49,3,40,W,Y,2446.003,255,79,148,89,33,145,127,7.891,-35.659,0.47,0,0.431,17.864,-384.751,-25.576,0.538,-36.876,0,"Megu3568",0.167,-18.686,0,"Sabo_10",-19.105,-45.455,0,"Fresh825",-6.667,-64.077,0,"なおｐ--",18.541,-42.932,86,"schmoneymikey",13.435,-63.391,0,"Dοpi",47.59,-97.947,0,"うよすま",11.36,-121.63,0,"하루（Haru）",-40.473,-106.874,0,0,0,0,2446.109,4,"なおｐ--",16.618,-41.369,0,0,,,,,6,1
47,3,1,2,0,0,0,0,0,0,0,255,255,255,22,2499.695,"ゆっち一",R,13,74,101,-0.443,-0.503,0.351,1.726,0.157,1.598,-36.94,37.766,61,39,0,0,0,-341.709,333.914,99.96,0,0,1,8,7,R,"うよすま",175,85.385,0.5,0,123,W,Y,0,0,0,0,0,0,0,0,0,0,0,0,0,0,0,0,0.047,-37.816,0,"_Chun",-0.175,-17.125,0,"檸檬の残骸",-20.818,-47.448,0,"わかなで",-18.847,-67.781,0,"MODECO",20.125,-44.392,0,"ke ro",11.933,-62.939,0,"「론구」",37.303,-92.486,0,"-つる３-",-9.856,-118.827,0,"まととまと",-55.68,-90.758,0,0,0,0,0,0,"",0,0,0,0,2500.102,,,,0,0
48,3,1,2,0,0,1,0,0,0,0,255,255,255,23,2519.021,"ゆっち一",R,13,68,97,-2.207,-1.294,0.184,1.626,-0.048,1.364,-36.94,32.757,57,43,0,1,0,-376.685,259.86,33.59,0,0,0,8,7,R,"うよすま",175,85.385,0.5,0,123,W,Y,0,0,0,0,0,0,0,0,0,0,0,0,0,0,0,0,-0.091,-37.689,0,"_Chun",-0.13,-17.218,0,"檸檬の残骸",-21.024,-48.564,0,"わかなで",-17.196,-67.74,0,"MODECO",20.151,-43.996,0,"ke ro",10.991,-62.762,0,"「론구」",37.327,-92.515,0,"-つる３-",-9.821,-118.813,0,"まととまと",-55.67,-90.649,0,0,0,0,0,0,"",0,0,0,0,2519.547,,,,0,0
49,3,1,2,0,1,1,0,0,0,0,255,255,255,24,2539.207,"ゆっち一",R,32,82,133,1.307,-0.29,0.249,1.628,0.229,1.225,-36.94,28.314,29,71,0,2,0,224.572,-200,25.34,0,0,1,8,7,R,"うよすま",175,85.385,0.5,3,123,W,Y,2540.182,188,76,147,57,0,145,127,-30,-35.576,0.49,0,0.363,-190.634,-88.138,26.466,0.034,-37.497,0,"_Chun",0.038,-17.28,0,"檸檬の残骸",-21.028,-48.449,85,"わかなで",-15.762,-65.452,0,"MODECO",20.237,-45.856,84,"ke ro",12.706,-62.684,0,"「론구」",37.151,-92.343,0,"-つる３-",-9.787,-118.791,0,"まととまと",-55.463,-90.651,0,2539.207,1.101,-19.929,2540.769,4,"MODECO",16.875,-45.332,0,0,,,,,74,2
50,3,1,2,0,0,0,1,0,0,0,255,255,255,25,2566.743,"ゆっち一",R,6,80,111,2.373,-0.66,0.37,1.354,0.526,1.221,-36.94,40.937,50,50,0,1,0,270.618,0,-51.272,0,0,0,0,2,L,"Sabo_10",185.3,88,0.452,0,122,W,Y,0,0,0,0,0,0,0,0,0,0,0,0,0,0,0,0,0.017,-37.5,0,"_Chun",0.623,-17.213,0,"檸檬の残骸",-20.925,-48.028,0,"わかなで",-14.127,-69.763,0,"MODECO",21.361,-44.644,0,"ke ro",14.483,-62.413,0,"「론구」",50.197,-103.691,0,"-つる３-",1.6,-117.299,0,"まととまと",-49.401,-84.493,0,0,0,0,0,0,"",0,0,0,0,2567.026,,,,0,0
51,3,1,2,0,1,0,1,0,0,0,255,255,255,26,2585.717,"ゆっち一",R,5,81,116,0.362,0.012,0.292,1.536,0.285,1.622,-36.94,39.167,53,47,0,2,0,-75.233,0,-32.04,0,0,1,0,2,L,"Sabo_10",185.3,88,0.452,3,122,W,Y,2586.574,255,147,85,132,68,145,101,12.423,-52.111,0.93,0,0.819,58.21,87.135,-35.472,0.01,-37.55,0,"_Chun",-0.03,-17.325,0,"檸檬の残骸",-20.996,-48.172,0,"わかなで",-13.118,-67.688,0,"MODECO",21.065,-45.263,0,"ke ro",14.479,-62.308,0,"「론구」",49.662,-104.066,0,"-つる３-",6.802,-113.703,0,"まととまと",-49.468,-84.458,0,2587.449,36.945,-50.451,0,0,"",0,0,0,0,,,,,2,3
52,3,1,2,0,1,1,1,0,0,0,255,255,255,27,2608.69,"ゆっち一",R,13,79,104,-1.877,-1.452,0.163,1.57,-0.114,1.256,-36.94,24.18,53,47,0,4,0,-340.082,347.296,7.569,0,0,1,0,2,L,"Sabo_10",185.3,88,0.452,0,121,W,Y,0,0,0,0,0,0,0,0,0,0,0,0,0,0,0,0,-0.014,-37.928,0,"_Chun",0.506,-17.396,0,"檸檬の残骸",-20.428,-48.646,0,"わかなで",-10.445,-69.947,0,"MODECO",21.348,-43.592,0,"ke ro",14.063,-61.419,0,"「론구」",50.406,-103.625,0,"-つる３-",7.094,-111.362,0,"まととまと",-46.716,-82.298,0,0,0,0,0,0,"",0,0,0,0,2608.915,,,,0,0
53,3,1,2,0,1,2,1,0,0,0,255,255,255,28,2624.281,"ゆっち一",R,13,87,112,-1.22,-1.487,0.145,1.567,-0.171,1.248,-36.94,23.614,50,50,0,2,1,-192.769,400,6.495,0,0,1,0,2,L,"Sabo_10",185.3,88,0.452,3,121,W,Y,2625.162,226,117,99,131,69,145,101,12.736,-26.513,0.93,0,0.672,-176.129,-414.98,-119.248,0.082,-37.407,120,"_Chun",-0.035,-17.308,102,"檸檬の残骸",-20.057,-48.044,0,"わかなで",-14.518,-66.504,85,"MODECO",20.609,-45.033,0,"ke ro",14.378,-62.278,0,"「론구」",50.355,-103.599,95,"-つる３-",7.009,-111.299,0,"まととまと",-46.756,-82.403,0,2626.297,25.955,-67.138,2628.318,6,"「론구」",40.681,-89.855,1,0,2652.762,,,,23,2
54,3,1,2,0,0,0,1,0,1,0,255,2,255,29,2752.224,"ゆっち一",R,13,67,96,-0.816,-1.068,0.368,1.732,0.432,1.456,-36.94,52.449,96,4,0,1,0,-345.254,305.774,-0.205,0,0,0,1,1,R,"Megu3568",190,88.251,0.405,0,120,W,Y,0,0,0,0,0,0,0,0,0,0,0,0,0,0,0,0,0.145,-37.905,0,"_Chun",-0.04,-17.209,0,"檸檬の残骸",-19.945,-46.818,0,"わかなで",-17.972,-68.015,0,"MODECO",19.659,-42.989,0,"ke ro",12.317,-64.301,0,"「론구」",36.163,-92.913,0,"-つる３-",-1.369,-115.949,0,"まととまと",-52.858,-87.567,0,0,0,0,0,0,"",0,0,0,0,2752.769,2754.978,,,0,0
55,3,1,2,0,1,0,1,0,1,0,255,2,255,30,2773.418,"ゆっち一",R,13,83,122,-1.899,-1.568,0.211,1.577,-0.415,1.093,-36.94,27.103,51,49,0,1,0,-247.27,400,13.346,-0.494,-17.985,0,1,1,R,"Megu3568",190,88.251,0.405,0,120,W,Y,0,0,0,0,0,0,0,0,0,0,0,0,0,0,0,0,-0.178,-37.906,0,"_Chun",-0.05,-17.214,0,"檸檬の残骸",-19.698,-46.567,0,"わかなで",-17.488,-68.055,0,"MODECO",20.09,-43.985,0,"ke ro",11.872,-64.086,0,"「론구」",36.166,-92.927,0,"-つる３-",-1.413,-115.953,0,"まととまと",-52.878,-87.671,0,0,0,0,0,0,"",0,0,0,0,2773.824,2775.846,,,0,0
56,3,1,2,0,2,0,1,0,1,0,255,2,255,31,2804.751,"ゆっち一",R,13,78,104,-0.788,-0.494,0.324,1.814,0.386,1.792,-36.94,47.392,89,11,0,2,0,-355.341,329.763,17.606,0,0,1,1,1,R,"Megu3568",190,88.251,0.405,3,119,W,Y,2806.04,255,131,150,116,73,145,102,28.185,36.411,-0.27,0,0.616,264.656,-39.385,155.586,0.125,-37.446,0,"_Chun",-0.102,-17.413,0,"檸檬の残骸",-19.459,-47.048,0,"わかなで",-16.507,-66.884,0,"MODECO",19.511,-45.319,0,"ke ro",10.282,-61.423,85,"「론구」",36.124,-92.875,0,"-つる３-",-1.405,-116.054,0,"まととまと",-52.684,-87.461,104,2809.776,-54.213,-93.051,2809.991,8,"まととまと",-52.089,-90.073,0,0,,2811.412,,,290,1
57,3,1,2,0,0,0,2,0,1,0,255,2,255,32,2834.808,"ゆっち一",R,32,84,136,2.179,0.327,0.335,1.566,0.627,1.705,-36.94,28.973,45,55,0,2,1,215.897,-121.465,23.553,0,0,1,2,4,R,"なおｐ--",190,90.37,0.405,3,119,W,Y,2835.903,218,61,48,46,30,135,94,-49.003,50.964,-0.33,0,0.228,-389.449,434.607,-71.878,0.016,-37.509,0,"_Chun",0.042,-17.298,0,"檸檬の残骸",-20.746,-49.272,0,"わかなで",-17.558,-66.029,0,"MODECO",19.869,-45.011,0,"ke ro",13.611,-63.182,0,"「론구」",40.588,-96.035,0,"-つる３-",-6.024,-118.459,0,"まととまと",-61.514,-93.153,0,2834.845,-0.684,-19.575,0,0,"",0,0,0,0,2860.943,2841.324,,,6,3
58,3,1,2,0,0,1,2,0,0,1,255,255,2,33,2926.217,"ゆっち一",R,10,86,112,0.139,-1.703,0.317,1.486,0.052,1.084,-36.94,34.784,54,46,0,4,0,0,400,-30.437,-0.005,-18.681,1,2,4,R,"なおｐ--",190,90.37,0.405,0,64,W,Y,0,0,0,0,0,0,0,0,0,0,0,0,0,0,0,0,-0.119,-37.881,0,"_Chun",-0.101,-17.301,0,"檸檬の残骸",-20.331,-49.48,0,"わかなで",-19.155,-66.189,0,"MODECO",19.334,-41.74,0,"ke ro",10.281,-61.662,0,"「론구」",40.157,-95.308,0,"-つる３-",-5.081,-116.881,0,"まととまと",-62.454,-93.376,0,0,0,0,0,0,"",0,0,0,0,2926.554,,2928.561,,0,0
59,3,1,2,0,0,2,2,0,0,1,255,255,2,34,2944.633,"ゆっち一",R,3,66,95,-1.627,-0.424,0.285,1.719,0.078,1.434,-36.94,44.586,61,39,0,2,0,-431.818,0,9.703,0,0,1,2,4,R,"なおｐ--",190,90.37,0.405,3,64,W,Y,2945.895,199,131,46,126,48,134,130,-12.482,15.715,0.53,0,0.377,165.454,312.948,24.917,-0.013,-37.403,0,"_Chun",-0.097,-17.387,0,"檸檬の残骸",-20.254,-49.484,87,"わかなで",-18.516,-66.525,95,"MODECO",18.773,-44.812,0,"ke ro",12.24,-60.344,0,"「론구」",39.834,-95.776,0,"-つる３-",-5.054,-116.831,0,"まととまと",-62.29,-93.303,0,2944.832,-1.647,-23.683,2946.568,3,"わかなで",-13.632,-64.888,0,0,,,,,81,2
60,3,0,2,0,0,0,0,0,0,0,255,255,255,25,3008.897,"Muna_328",R,27,87,140,1.201,0.432,0.333,2.259,0.618,1.689,-36.74,40.333,84,12,4,2,0,-86.577,-111.119,13.78,0,0,1,8,5,R,"ke ro",164.5,80.196,0.347,3,117,W,Y,3009.857,145,50,65,55,0,137,88,33.427,26.91,-0.23,0,0.512,146.057,490.34,-265.639,0.177,-37.117,0,"Megu3568",0.022,-17.816,0,"Sabo_10",-21.268,-46.272,0,"Fresh825",-13.728,-59.949,0,"なおｐ--",21.093,-48.665,0,"schmoneymikey",8.815,-66.429,85,"Dοpi",37.558,-91.653,0,"うよすま",-2.121,-108.236,0,"하루（Haru）",-42.715,-100.626,85,3013.199,-38.381,-80.326,3013.449,8,"하루（Haru）",-37.373,-79.074,0,0,,,,,112,1
61,3,0,2,0,0,0,1,0,0,0,255,255,255,26,3042.573,"Muna_328",R,28,96,140,-0.532,0.089,0.166,2.219,-0.156,1.536,-36.74,31.857,85,9,6,0,0,-58.126,-71.348,17.486,0,0,0,0,3,L,"わかなで",160,94.33,0.2,0,117,W,Y,0,0,0,0,0,0,0,0,0,0,0,0,0,0,0,0,0.314,-37.354,0,"Megu3568",-0.007,-17.889,0,"Sabo_10",-19.206,-43.709,0,"Fresh825",-9.903,-61.294,0,"なおｐ--",19.022,-44.919,0,"schmoneymikey",12.214,-61.322,0,"Dοpi",40.932,-86.284,0,"うよすま",3.803,-107.017,0,"하루（Haru）",-41.279,-94.429,0,0,0,0,0,0,"",0,0,0,0,3042.304,,,,0,0
62,3,0,2,0,0,1,1,0,0,0,255,255,255,27,3055.023,"Muna_328",R,0,87,140,-0.405,0.075,0.167,2.234,-0.152,1.591,-36.74,35.909,87,11,2,2,0,-21.296,-11.03,4.734,0,0,1,0,3,L,"わかなで",160,94.33,0.2,3,117,W,Y,3056.085,189,83,115,81,33,145,80,-52.406,-32.332,-0.78,0,0.282,-441.138,-237.085,-46.255,0.27,-37.162,0,"Megu3568",-0.06,-17.899,0,"Sabo_10",-19.641,-44.607,98,"Fresh825",-9.872,-61.017,0,"なおｐ--",19.821,-45.366,120,"schmoneymikey",12.276,-61.496,0,"Dοpi",42.775,-87.795,0,"うよすま",2.355,-110.322,0,"하루（Haru）",-43,-94.784,0,3054.602,0.26,-19.785,3056.88,4,"なおｐ--",13.828,-41.108,1,0,,,,,21,2
63,3,0,2,0,0,0,1,1,0,0,13,255,255,28,3105.044,"Muna_328",R,26,86,140,1.411,-0.296,0.353,2.123,0.711,1.241,-36.74,34.075,89,6,5,0,0,-77.635,-178.896,17.611,0,0,0,1,0,L,"ゆっち一",190,83.623,0.399,0,71,W,Y,0,0,0,0,0,0,0,0,0,0,0,0,0,0,0,0,2.961,-37.206,0,"Megu3568",-0.729,-21.748,0,"Sabo_10",-19.085,-40.881,0,"Fresh825",-0.797,-59.821,0,"なおｐ--",20.009,-46.275,0,"schmoneymikey",14.145,-63.027,0,"Dοpi",57.402,-102.229,0,"うよすま",8.924,-123.353,0,"하루（Haru）",-38.933,-108.726,0,0,0,0,0,0,"",0,0,0,0,3104.894,3115.078,,,0,0
64,3,0,2,0,0,1,1,0,1,0,255,13,255,29,3152.564,"Muna_328",R,26,76,127,-0.219,-0.356,0.195,2.099,-0.021,1.164,-36.74,30.694,86,14,0,0,0,-51.529,-200,18.08,0,0,1,1,0,L,"ゆっち一",190,83.623,0.399,0,71,W,Y,0,0,0,0,0,0,0,0,0,0,0,0,0,0,0,0,0.332,-37.452,0,"Megu3568",2.029,-21.025,0,"Sabo_10",-20.348,-42.151,0,"Fresh825",-5.466,-63.876,0,"なおｐ--",19.644,-41.648,0,"schmoneymikey",11.038,-60.037,0,"Dοpi",55.395,-103.693,0,"うよすま",10.983,-124.563,0,"하루（Haru）",-39.578,-106.357,0,0,0,0,0,0,"",0,0,0,0,3152.283,3155.147,,,0,0
65,3,0,2,0,0,2,1,0,1,0,255,13,255,30,3179.801,"Muna_328",R,6,76,114,3.616,-0.832,0.345,2.069,0.675,1.069,-36.74,31.565,94,6,0,1,0,496.938,0,16.974,0,0,0,1,0,L,"ゆっち一",190,83.623,0.399,0,71,W,Y,0,0,0,0,0,0,0,0,0,0,0,0,0,0,0,0,-0.448,-38.527,0,"Megu3568",1.848,-21.947,0,"Sabo_10",-20.371,-43.726,0,"Fresh825",-5.673,-62.972,0,"なおｐ--",20.059,-40.223,0,"schmoneymikey",13.145,-60.961,0,"Dοpi",56.778,-101.528,0,"うよすま",11.381,-123.787,0,"하루（Haru）",-37.807,-104.774,0,0,0,0,0,0,"",0,0,0,2,3179.609,3183.17,,,0,0
66,3,0,2,0,1,2,1,0,1,0,255,13,255,31,3205.871,"Muna_328",R,10,95,128,-0.02,-1.042,0.197,2.076,-0.014,1.276,-36.74,24.242,100,0,0,1,0,0,400,78.777,-0.363,-20.659,0,1,0,L,"ゆっち一",190,83.623,0.399,0,71,W,Y,0,0,0,0,0,0,0,0,0,0,0,0,0,0,0,0,0.191,-37.574,0,"Megu3568",-0.012,-20.819,0,"Sabo_10",-19.812,-42.91,0,"Fresh825",-5.664,-62.854,0,"なおｐ--",19.64,-41.152,0,"schmoneymikey",13.165,-60.896,0,"Dοpi",55.413,-102.61,0,"うよすま",12.115,-123.507,0,"하루（Haru）",-38.821,-107.298,0,0,0,0,0,0,"",0,0,0,0,3207.283,3208.674,,,0,0
67,3,0,2,0,2,2,1,0,1,0,255,13,255,32,3228.855,"Muna_328",R,13,93,126,-2.218,-0.716,0.104,2.123,-0.448,1.427,-36.74,25.659,100,0,0,1,0,-390.434,312.348,62.937,0,0,0,1,0,L,"ゆっち一",190,83.623,0.399,0,71,W,Y,0,0,0,0,0,0,0,0,0,0,0,0,0,0,0,0,0.213,-37.098,0,"Megu3568",1.714,-21.316,0,"Sabo_10",-19.538,-41.969,0,"Fresh825",-6.001,-63.134,0,"なおｐ--",19.837,-40.76,0,"schmoneymikey",13.422,-61.841,0,"Dοpi",55.037,-105.173,0,"うよすま",14.308,-124.648,0,"하루（Haru）",-36.681,-106.424,0,0,0,0,0,0,"",0,0,0,0,3228.373,3232.168,,,0,0
68,3,0,2,0,3,2,1,0,1,0,255,13,255,33,3252.311,"Muna_328",R,10,84,125,1.96,-0.18,0.381,2.27,0.842,1.905,-36.74,41.604,97,3,0,4,0,0,400,38.939,0.357,-15.83,1,1,0,L,"ゆっち一",190,83.623,0.399,0,71,W,Y,0,0,0,0,0,0,0,0,0,0,0,0,0,0,0,0,0.155,-37.536,0,"Megu3568",2.233,-21.859,0,"Sabo_10",-19.63,-42.156,0,"Fresh825",-5.083,-62.328,0,"なおｐ--",19.799,-41.062,0,"schmoneymikey",13.508,-61.758,0,"Dοpi",56.689,-102.248,0,"うよすま",11.467,-124.916,0,"하루（Haru）",-36.185,-104.379,0,0,0,0,0,0,"",0,0,0,0,3251.873,,3255.071,,0,0
69,3,0,2,0,0,0,2,0,0,1,255,255,13,34,3282.047,"Muna_328",R,31,86,139,-1.209,0.959,0.109,2.354,-0.421,2.176,-36.74,41.032,83,13,4,2,0,-77.891,-23.603,14.297,0,0,1,2,1,L,"_Chun",190,80,0.455,3,114,W,Y,3283.035,161,83,64,54,22,137,130,-30,-44.551,0.52,0,0.202,-324.689,-497.232,16.666,0.148,-36.749,0,"Megu3568",-0.24,-18.096,0,"Sabo_10",-19.813,-45.275,0,"Fresh825",-13.047,-65.303,0,"なおｐ--",17.831,-42.951,0,"schmoneymikey",13.763,-62.046,0,"Dοpi",55.704,-103.606,0,"うよすま",12.755,-123.945,0,"하루（Haru）",-36.85,-111.458,0,3281.047,1.711,-20.517,0,0,"",0,0,0,0,,,,,16,3
70,3,0,2,0,0,1,2,0,0,1,255,255,13,35,3320.126,"Muna_328",R,13,75,115,0.727,0.189,0.38,2.341,0.687,2.21,-36.74,50.424,96,4,0,2,0,-213.994,400,26.136,0,0,1,2,1,L,"_Chun",190,80,0.455,3,87,W,Y,3321.265,226,158,95,85,57,145,99,-56.993,33.382,-0.4,0,0.398,-398.723,130.292,-37.97,0.038,-37.075,0,"Megu3568",-0.247,-18.207,0,"Sabo_10",-19.681,-44.782,0,"Fresh825",-13.63,-65.045,0,"なおｐ--",18.02,-43.294,0,"schmoneymikey",16.869,-61.47,0,"Dοpi",56.763,-102.017,0,"うよすま",12.759,-123.825,0,"하루（Haru）",-34.672,-106.918,0,3319.199,-0.277,-20,3321.582,2,"Sabo_10",-16.262,-44.112,0,0,,,,3326.259,3,2
71,4,1,2,0,0,0,0,0,0,0,255,255,255,35,3389.897,"ゆっち一",R,0,82,133,-0.221,0.673,0.278,1.643,-0.105,1.986,-36.94,33.536,52,48,0,2,0,0,0,0,0,0,1,3,3,L,"Fresh825",172.8,80,0.2,3,114,W,Y,3391.004,214,104,127,97,81,145,90,106.423,3.616,-0.52,0,0.162,327.852,-142.398,44.668,0.104,-37.471,0,"_Chun",-0.018,-17.324,0,"檸檬の残骸",-19.465,-47.191,0,"わかなで",-12.448,-67.895,0,"MODECO",20.535,-45.431,0,"ke ro",15.103,-62.639,0,"「론구」",44.682,-95.549,0,"-つる３-",5.651,-111.338,0,"まととまと",-42.96,-88.323,0,0,0,0,0,0,"",0,0,0,0,,,,,2,3
72,4,1,2,0,0,1,0,0,0,0,255,255,255,36,3409.992,"ゆっち一",R,14,80,105,2.226,-0.86,0.3,1.507,0.311,1.553,-36.94,42.375,44,56,0,4,0,372.687,312.348,-88.523,0,0,1,3,3,L,"Fresh825",172.8,80,0.2,0,113,W,Y,0,0,0,0,0,0,0,0,0,0,0,0,0,0,0,0,-0.074,-37.716,0,"_Chun",0.79,-17.33,0,"檸檬の残骸",-20.428,-45.376,0,"わかなで",-14.433,-69.927,0,"MODECO",20.726,-44.405,0,"ke ro",16.543,-62.409,0,"「론구」",44.362,-94.52,0,"-つる３-",6.162,-112.656,0,"まととまと",-43.884,-88.351,0,0,0,0,0,0,"",0,0,0,0,3409.422,,,,0,0
73,4,1,2,0,0,2,0,0,0,0,255,255,255,37,3425.02,"ゆっち一",R,11,79,111,0.303,-1.124,0.244,1.395,0.135,1.287,-36.94,38.668,44,56,0,2,0,-5.993,235.514,-62.237,0,0,1,3,3,L,"Fresh825",172.8,80,0.2,3,113,W,Y,3426.155,172,108,93,111,72,145,126,-6.48,8.891,0.6,0,0.103,-237.08,-183.629,-111.507,-0.09,-37.525,0,"_Chun",0.035,-17.432,0,"檸檬の残骸",-19.786,-45.519,0,"わかなで",-14.841,-68.135,87,"MODECO",20.681,-44.873,0,"ke ro",16.505,-62.373,0,"「론구」",44.18,-94.358,0,"-つる３-",6.113,-112.567,0,"まととまと",-45.267,-89.495,0,3424.144,-0.573,-24.358,3425.963,3,"わかなで",-6.908,-67.968,1,0,,,,,3,2
74,4,1,2,0,0,0,0,1,0,0,3,255,255,38,3456.393,"ゆっち一",R,32,82,134,2.895,0.787,0.394,1.632,0.904,1.92,-36.94,32.188,40,60,0,4,1,250,-200,45.806,0,0,1,4,0,R,"Muna_328",190.3,89.724,0.4,0,113,W,Y,0,0,0,0,0,0,0,0,0,0,0,0,0,0,0,0,0.146,-37.665,0,"_Chun",0.022,-17.243,0,"檸檬の残骸",-19.761,-42.164,0,"わかなで",-16.705,-65.136,0,"MODECO",20.363,-43.373,0,"ke ro",11.42,-61.968,0,"「론구」",38.008,-92.708,0,"-つる３-",-5.602,-113.7,0,"まととまと",-53.296,-92.511,0,0,0,0,0,0,"",0,0,0,0,3455.741,3476.647,,,0,0
75,4,1,2,0,0,1,0,0,1,0,255,3,255,39,3498.247,"ゆっち一",R,32,81,132,1.528,0.204,0.287,1.553,0.405,1.665,-36.94,24.659,50,50,0,2,0,165.676,-79.272,20.586,0,0,1,4,0,R,"Muna_328",190.3,89.724,0.4,3,113,W,Y,3499.344,244,115,129,28,0,145,90,57.907,-48.939,-0.83,0,0.834,364.51,-347.535,211.273,0.098,-37.549,0,"_Chun",0.062,-17.333,0,"檸檬の残骸",-19.501,-44.993,0,"わかなで",-17.044,-67.064,0,"MODECO",19.629,-45.365,0,"ke ro",11.66,-62.437,0,"「론구」",38.063,-92.396,0,"-つる３-",-7.024,-114.846,0,"まととまと",-53.145,-92.788,0,3502.936,52.257,-57.656,0,0,"",0,0,0,0,,3506.89,,,2,3
76,4,1,2,0,0,2,0,0,1,0,255,3,255,40,3524.632,"ゆっち一",R,32,83,135,2.571,0.285,0.371,1.545,0.795,1.637,-36.94,32.156,44,56,0,2,0,211.261,-168.603,13.021,0,0,1,4,0,R,"Muna_328",190.3,89.724,0.4,3,90,W,Y,3525.673,210,116,140,12,0,145,90,51.848,-37.032,-0.82,0,0.74,-3.875,-265.197,73.996,0.213,-37.532,0,"_Chun",0.137,-17.512,0,"檸檬の残骸",-21.713,-48.795,0,"わかなで",-18.109,-66.321,0,"MODECO",19.438,-45.216,56,"ke ro",11.826,-62.991,0,"「론구」",38.609,-92.368,99,"-つる３-",-6.955,-117.812,0,"まととまと",-54.838,-92.463,0,3528.936,42.627,-69.136,3529.47,6,"「론구」",43.213,-69.731,1,0,,,3533.558,,26,2
77,4,1,2,0,0,0,0,1,0,1,0,255,3,41,3558.759,"ゆっち一",R,3,85,111,-1.596,-1.07,0.188,1.272,-0.038,1.004,-36.94,32.041,40,60,0,1,0,-415.338,0,-82.401,0,0,0,5,5,L,"schmoneymikey",175.4,80,0.304,0,112,W,Y,0,0,0,0,0,0,0,0,0,0,0,0,0,0,0,0,-0.259,-37.867,0,"_Chun",0.117,-21.022,0,"檸檬の残骸",-18.985,-41.469,0,"わかなで",-0.387,-62.82,0,"MODECO",19.559,-41.205,0,"ke ro",16.986,-59.078,0,"「론구」",46.343,-95.002,0,"-つる３-",-0.202,-110.73,0,"まととまと",-44.09,-92.908,0,0,0,0,0,0,"",0,0,0,0,3558.345,3561.822,3561.807,,0,0
78,4,1,2,0,1,0,0,0,1,1,255,0,3,42,3579.5,"ゆっち一",R,0,95,140,-2.588,-0.292,0.057,1.488,-1.129,1.438,-36.94,16.701,44,56,0,2,0,0,0,0,0,0,1,5,5,L,"schmoneymikey",175.4,80,0.304,3,112,W,Y,3580.61,183,100,151,38,0,145,86,31.879,28.5,-0.77,0,0.265,40.31,-33.295,131.716,-0.082,-37.734,0,"_Chun",-0.197,-17.346,108,"檸檬の残骸",-19.568,-43.737,0,"わかなで",-13.497,-67.737,0,"MODECO",18.961,-43.82,0,"ke ro",15.955,-60.586,0,"「론구」",46.314,-94.929,0,"-つる３-",0.487,-112.251,0,"まととまと",-46.181,-92.695,0,3583.387,-35.089,-83.851,3583.561,8,"まととまと",-33.805,-81.397,0,0,3587.318,3585.351,3582.722,,38,1
79,4,1,2,0,0,0,1,0,1,1,255,0,3,43,3614.12,"ゆっち一",R,0,97,140,-2.764,-0.803,0.041,1.405,-1.205,1.144,-36.94,18.261,41,59,0,1,0,0,0,0,0,0,0,6,8,L,"하루（Haru）",174.6,85.172,0.403,0,112,W,Y,0,0,0,0,0,0,0,0,0,0,0,0,0,0,0,0,-0.131,-37.922,0,"_Chun",0.727,-16.959,0,"檸檬の残骸",-19.787,-46.153,0,"わかなで",-14.429,-68.003,0,"MODECO",20.176,-41.245,0,"ke ro",16.718,-60.413,0,"「론구」",50.063,-94.621,0,"-つる３-",1.79,-116.94,0,"まととまと",-38.103,-92.051,0,0,0,0,0,0,"",0,0,0,0,3613.457,3617.153,3617.113,,0,0
80,4,1,2,0,1,0,1,0,1,1,255,0,3,44,3634.306,"ゆっち一",R,3,80,107,-3.573,-0.831,0.107,1.334,-0.599,1.147,-36.94,25.654,40,60,0,3,0,-433.481,0,-38.745,-0.097,-21.32,0,6,8,L,"하루（Haru）",174.6,85.172,0.403,0,112,W,Y,0,0,0,0,0,0,0,0,0,0,0,0,0,0,0,0,-0.072,-37.994,0,"_Chun",0.05,-17.974,0,"檸檬の残骸",-19.771,-45.693,0,"わかなで",-13.831,-69.22,0,"MODECO",20.187,-41.902,0,"ke ro",14.406,-61.075,0,"「론구」",49.919,-94.53,0,"-つる３-",1.744,-116.859,0,"まととまと",-37.477,-92.116,0,0,0,0,0,0,"",0,0,0,0,3636.797,,3637.836,,0,6
81,4,1,2,0,0,0,1,1,1,1,8,0,3,45,3663.173,"ゆっち一",R,26,89,140,-0.043,-0.077,0.195,1.469,-0.025,1.377,-36.94,17.088,52,48,0,0,0,-0.063,-200,16.419,0,0,0,7,6,R,"Dοpi",180.6,90,0.35,0,111,W,Y,0,0,0,0,0,0,0,0,0,0,0,0,0,0,0,0,-0.07,-37.816,0,"_Chun",0.026,-17.302,0,"檸檬の残骸",-20.011,-44.778,0,"わかなで",-17.472,-66.792,0,"MODECO",19.345,-40.993,0,"ke ro",12.108,-63.9,0,"「론구」",37.23,-92.223,0,"-つる３-",3.207,-114.865,0,"まととまと",-50.024,-88.64,0,0,0,0,0,0,"",0,0,0,0,3662.332,3665.949,3665.687,,0,0
82,4,1,2,0,0,1,1,1,1,1,8,0,3,46,3681.995,"ゆっち一",R,3,64,94,-1.986,-0.221,0.281,1.754,0.137,1.531,-36.94,50.416,95,5,0,4,0,-426.952,19.362,10.715,0,0,1,7,6,R,"Dοpi",180.6,90,0.35,0,111,W,Y,0,0,0,0,0,0,0,0,0,0,0,0,0,0,0,0,-0.097,-37.621,0,"_Chun",-0.166,-17.351,0,"檸檬の残骸",-19.969,-42.149,0,"わかなで",-16.564,-67.168,0,"MODECO",19.31,-40.953,0,"ke ro",7.944,-63.104,0,"「론구」",37.155,-92.081,0,"-つる３-",3.25,-114.897,0,"まととまと",-49.179,-90.831,0,0,0,0,0,0,"",0,0,0,0,3681.422,3684.77,3684.665,,0,0
83,4,1,2,0,0,2,1,1,1,1,8,0,3,47,3700.35,"ゆっち一",R,3,68,97,-1.609,-0.33,0.321,1.717,0.292,1.4,-36.94,53.204,55,45,0,2,0,-440.483,-21.98,1.166,0,0,0,7,6,R,"Dοpi",180.6,90,0.35,3,111,W,Y,3701.324,114,43,33,90,83,97,67,22.01,11.126,0.93,0,0.228,19.619,211.578,170.602,0.051,-37.459,0,"_Chun",-0.027,-17.431,0,"檸檬の残骸",-19.371,-46.001,0,"わかなで",-17.24,-65.267,63,"MODECO",18.714,-44.481,0,"ke ro",10.17,-61.487,0,"「론구」",37.036,-92.012,0,"-つる３-",3.193,-114.866,0,"まととまと",-49.185,-90.883,0,3702.394,-10.381,-62.495,3702.63,3,"わかなで",-10.025,-61.19,0,0,,3704.407,3705.844,,3,1
84,4,1,2,0,0,0,2,1,1,1,8,0,3,48,3730.244,"ゆっち一",R,32,81,132,2.36,-0.132,0.338,1.662,0.64,1.344,-36.94,37.328,45,55,0,2,0,250,-200,40.535,0,0,1,8,7,R,"うよすま",175,85.385,0.5,3,111,W,Y,3731.263,255,75,158,75,7,145,108,25.032,11.134,0.11,0,0.43,108.153,383.907,294.982,0.162,-37.282,0,"_Chun",0.089,-17.39,0,"檸檬の残骸",-19.709,-46.286,0,"わかなで",-16.278,-65.929,0,"MODECO",18.548,-43.956,0,"ke ro",11.718,-64.394,94,"「론구」",37.891,-92,0,"-つる３-",-2.026,-114.031,101,"まととまと",-52.567,-87.773,0,3733.832,-26.626,-108.377,3737.088,7,"-つる３-",-32.635,-124.345,1,0,3744.005,3735.273,3736.121,3735.313,390,2
85,4,1,5,0,0,0,2,0,1,0,255,7,255,49,3771.267,"ゆっち一",R,0,72,124,0.996,1.741,0.311,2.034,0.424,2.66,-36.94,63.107,79,21,0,1,0,0,0,0,0,0,0,0,2,L,"Sabo_10",185.3,88,0.452,0,110,W,Y,0,0,0,0,0,0,0,0,0,0,0,0,0,0,0,0,-0.066,-37.594,0,"_Chun",0.419,-17.31,0,"檸檬の残骸",-19.796,-45.348,0,"わかなで",-8.445,-68.815,0,"MODECO",19.495,-41.798,0,"ke ro",11.138,-62.5,0,"「론구」",49.746,-105.021,0,"-つる３-",2.191,-122.741,0,"まととまと",-48.26,-82.391,0,0,0,0,0,0,"",0,0,0,0,3770.394,3773.662,,,0,0
86,4,1,5,0,1,0,2,0,1,0,255,7,255,50,3787.629,"ゆっち一",R,0,84,136,-2.344,-0.444,0.08,1.653,-1.024,1.33,-36.94,17.777,57,43,0,1,0,0,0,0,0,0,0,0,2,L,"Sabo_10",185.3,88,0.452,0,110,W,Y,0,0,0,0,0,0,0,0,0,0,0,0,0,0,0,0,-0.189,-37.886,0,"_Chun",0.973,-17.739,0,"檸檬の残骸",-19.735,-46.621,0,"わかなで",-6.862,-65.898,0,"MODECO",19.476,-41.647,0,"ke ro",11.64,-62.68,0,"「론구」",49.755,-105.017,0,"-つる３-",2.136,-119.031,0,"まととまと",-48.471,-82.184,0,0,0,0,0,0,"",0,0,0,0,3786.658,3790.323,,,0,0
87,4,1,5,0,2,0,2,0,1,0,255,7,255,51,3805.172,"ゆっち一",R,10,78,106,-0.386,-0.608,0.145,1.593,-0.172,1.75,-36.94,29.137,49,51,0,2,0,0,400,-92.011,0,0,1,0,2,L,"Sabo_10",185.3,88,0.452,3,110,W,Y,3806.155,255,128,122,106,61,145,101,-35.075,9.084,-0.19,0,0.593,-145.07,144.057,166.894,-0.181,-37.486,0,"_Chun",-0.003,-17.325,0,"檸檬の残骸",-19.922,-46.698,93,"わかなで",-7.747,-65.893,0,"MODECO",19.31,-43.081,0,"ke ro",13.709,-60.484,0,"「론구」",49.749,-105.008,0,"-つる３-",3.747,-116.893,0,"まととまと",-48.326,-82.322,0,3804.082,-0.247,-21.836,3805.074,0,"ゆっち一",-2.579,-36.402,0,0,,,3809.976,,82,2
88,4,0,5,0,0,0,0,0,0,0,255,255,255,36,4047.2,"Muna_328",R,29,87,140,0.42,0.931,0.293,2.368,0.433,2.037,-36.74,47.24,81,14,4,0,0,-188.342,-147.238,20.038,0,0,0,3,4,R,"MODECO",190,85,0.451,0,109,W,Y,0,0,0,0,0,0,0,0,0,0,0,0,0,0,0,0,0.247,-37.051,0,"Megu3568",0.073,-18.165,0,"Sabo_10",-21.722,-47.492,0,"Fresh825",-15.386,-63.721,0,"なおｐ--",19.224,-47.384,0,"schmoneymikey",8.703,-66.145,0,"Dοpi",44.709,-99.282,0,"うよすま",-4.672,-120.515,0,"하루（Haru）",-44.143,-104.521,0,0,0,0,0,0,"",0,0,0,0,4046.241,,,,0,0
89,4,0,5,0,0,1,0,0,0,0,255,255,255,37,4063.792,"Muna_328",R,30,85,138,-0.332,0.459,0.2,2.289,0.002,1.782,-36.74,42.687,87,11,3,2,0,-110.705,-99.916,23.962,0,0,1,3,4,R,"MODECO",190,85,0.451,3,109,W,Y,4064.87,230,102,84,65,32,145,130,28.265,27.707,0.45,0,0.473,41.058,499.966,-142.96,0.07,-37.073,0,"Megu3568",-0.042,-17.805,0,"Sabo_10",-21.792,-47.682,0,"Fresh825",-15.252,-63.563,0,"なおｐ--",19.228,-47.4,0,"schmoneymikey",7.508,-65.487,0,"Dοpi",45.457,-108.061,0,"うよすま",-6.067,-122.111,0,"하루（Haru）",-44.09,-104.559,0,4067.755,-65.955,-114.993,0,0,"",0,0,0,0,,4075.425,4080.457,,16,4
90,4,0,5,1,0,0,0,0,0,0,255,255,255,38,4107.499,"Muna_328",R,0,85,138,-0.328,-0.745,0.177,2.098,-0.107,1.136,-36.74,29.526,89,9,2,0,0,-28.982,0.781,5.05,0,0,1,4,6,R,"「론구」",179.9,80,0.3,0,109,W,Y,0,0,0,0,0,0,0,0,0,0,0,0,0,0,0,0,0.41,-37.606,0,"Megu3568",0.062,-17.77,0,"Sabo_10",-21.235,-45.696,0,"Fresh825",-14.188,-60.878,0,"なおｐ--",22.186,-50.516,0,"schmoneymikey",6.347,-65.102,0,"Dοpi",39.818,-97.18,0,"うよすま",-3.55,-112.656,0,"하루（Haru）",-42.062,-104.125,0,0,0,0,0,0,"",0,0,0,0,4106.464,,,,0,0
91,4,0,5,1,0,1,0,0,0,0,255,255,255,39,4121.955,"Muna_328",R,31,88,140,0.733,-0.589,0.296,2.139,0.447,1.276,-36.74,30.751,88,12,0,0,0,-99.089,46.031,11.408,0,0,0,4,6,R,"「론구」",179.9,80,0.3,0,109,W,Y,0,0,0,0,0,0,0,0,0,0,0,0,0,0,0,0,0.312,-37.646,0,"Megu3568",0.016,-17.738,0,"Sabo_10",-21.616,-45.732,0,"Fresh825",-14.138,-60.794,0,"なおｐ--",21.837,-49.841,0,"schmoneymikey",7.134,-65.573,0,"Dοpi",40.751,-97.476,0,"うよすま",-4.172,-111.787,0,"하루（Haru）",-45.13,-103.03,0,0,0,0,0,0,"",0,0,0,0,4120.922,,,,0,0
92,4,0,5,1,0,2,0,0,0,0,255,255,255,40,4135.615,"Muna_328",R,31,84,137,-1.033,-0.551,0.124,2.126,-0.352,1.229,-36.74,29.114,88,12,0,2,0,-71.635,-22.659,11.116,0,0,1,4,6,R,"「론구」",179.9,80,0.3,3,109,W,Y,4136.749,255,93,126,93,71,145,94,26.687,55.858,0.95,0,0.321,55.897,381.729,-99.128,0.096,-37.061,0,"Megu3568",-0.123,-18.095,0,"Sabo_10",-21.594,-47.435,0,"Fresh825",-14.076,-60.648,0,"なおｐ--",21.851,-49.845,0,"schmoneymikey",7.252,-65.547,0,"Dοpi",40.632,-97.358,0,"うよすま",-3.238,-118.337,0,"하루（Haru）",-46.499,-103.445,0,4137.797,-58.191,-53.09,0,0,"",0,0,0,0,,,,,16,3
93,4,0,5,1,0,2,0,0,0,0,255,255,255,41,4154.703,"Muna_328",R,0,97,140,-1.399,-0.802,0.068,2.089,-0.612,1.102,-36.74,25.179,100,0,0,0,0,0,0,-95.168,0,0,0,4,6,R,"「론구」",179.9,80,0.3,0,71,W,Y,0,0,0,0,0,0,0,0,0,0,0,0,0,0,0,0,0.076,-36.853,0,"Megu3568",-0.307,-18.195,0,"Sabo_10",-21.896,-44.368,0,"Fresh825",-15.579,-62.337,0,"なおｐ--",21.867,-49.855,0,"schmoneymikey",8.684,-65.503,0,"Dοpi",40.423,-96.788,0,"うよすま",-4.632,-113.868,0,"하루（Haru）",-44.733,-104.245,0,0,0,0,0,0,"",0,0,0,0,4153.762,,,,0,0
94,4,0,5,1,0,0,1,0,0,0,255,255,255,42,4177.971,"Muna_328",R,32,81,132,-0.276,-0.348,0.106,2.221,-0.435,1.553,-36.74,29.588,100,0,0,0,0,250,200,61.212,-0.107,-21.979,0,5,8,R,"まととまと",180.1,85.159,0.353,0,108,W,Y,0,0,0,0,0,0,0,0,0,0,0,0,0,0,0,0,0.223,-37.337,0,"Megu3568",-0.02,-18.165,0,"Sabo_10",-22.338,-45.19,0,"Fresh825",-15.179,-62.198,0,"なおｐ--",22.014,-49.728,0,"schmoneymikey",8.514,-65.47,0,"Dοpi",40.423,-96.812,0,"うよすま",-7.552,-115.899,0,"하루（Haru）",-46.188,-99.696,0,0,0,0,0,0,"",0,0,0,0,4179.568,,,,0,0
95,4,0,5,1,0,1,1,0,0,0,255,255,255,43,4197.116,"Muna_328",R,31,89,140,-0.186,-0.061,0.201,2.21,0.003,1.519,-36.74,33.636,89,9,3,0,0,-65.56,-24.695,7.859,0,0,0,5,8,R,"まととまと",180.1,85.159,0.353,0,108,W,Y,0,0,0,0,0,0,0,0,0,0,0,0,0,0,0,0,0.206,-37.542,0,"Megu3568",0.004,-17.536,0,"Sabo_10",-21.536,-43.915,0,"Fresh825",-15.161,-62.101,0,"なおｐ--",22.094,-49.974,0,"schmoneymikey",8.701,-65.441,0,"Dοpi",34.69,-104.959,0,"うよすま",-6.137,-118.396,0,"하루（Haru）",-49.354,-98.338,0,0,0,0,0,0,"",0,0,0,0,4195.887,,,,0,0
96,4,0,5,1,0,2,1,0,0,0,255,255,255,44,4213.199,"Muna_328",R,31,92,140,-0.057,0.792,0.218,2.347,0.085,1.985,-36.74,43.939,81,14,5,2,0,-84.679,-68.728,19.48,0,0,1,5,8,R,"まととまと",180.1,85.159,0.353,3,108,W,Y,4214.266,255,52,108,68,27,145,88,1.867,39.917,-0.75,0,0.262,-25.359,352.268,-306.714,0.201,-36.953,0,"Megu3568",-0.123,-17.722,0,"Sabo_10",-21.409,-46.86,100,"Fresh825",-15.267,-61.904,0,"なおｐ--",22.377,-50.158,0,"schmoneymikey",8.566,-65.481,0,"Dοpi",36.82,-105.86,0,"うよすま",-4.82,-116.862,0,"하루（Haru）",-48.958,-98.62,0,4212.603,-14.716,-35.85,4213.346,2,"Sabo_10",-19.384,-41.365,0,0,,,,,17,2
97,4,0,5,1,0,0,2,0,0,0,255,255,255,45,4255.734,"Muna_328",R,30,83,135,1.046,-0.426,0.326,2.128,0.588,1.258,-36.74,31.188,89,8,2,0,0,-100.54,-63.768,25.406,0,0,0,6,2,R,"檸檬の残骸",190,80,0.409,0,108,W,Y,0,0,0,0,0,0,0,0,0,0,0,0,0,0,0,0,0.34,-37.556,0,"Megu3568",0.136,-17.741,0,"Sabo_10",-22.374,-44.763,0,"Fresh825",-15.863,-63.125,0,"なおｐ--",22.198,-50.006,0,"schmoneymikey",8.615,-65.453,0,"Dοpi",33.131,-106.767,0,"うよすま",-6.758,-118.564,0,"하루（Haru）",-47.939,-101.426,0,0,0,0,0,0,"",0,0,0,0,4254.387,,,,0,0
98,4,0,5,1,0,1,2,0,0,0,255,255,255,46,4272.433,"Muna_328",R,10,110,128,-0.123,-1.209,0.206,2.101,0.026,1.17,-36.74,29.885,100,0,0,1,0,-69.477,400,78.245,0,0,0,6,2,R,"檸檬の残骸",190,80,0.409,0,108,W,Y,0,0,0,0,0,0,0,0,0,0,0,0,0,0,0,0,0.477,-37.147,0,"Megu3568",-0.204,-18.046,0,"Sabo_10",-21.717,-45.113,0,"Fresh825",-15.868,-63.051,0,"なおｐ--",22.388,-50.404,0,"schmoneymikey",7.709,-65.564,0,"Dοpi",39.508,-105.218,0,"うよすま",-5.752,-118.374,0,"하루（Haru）",-48.737,-101.722,0,0,0,0,0,0,"",0,0,0,0,4271.089,,,,0,0
99,4,0,5,1,1,1,2,0,0,0,255,255,255,47,4292.928,"Muna_328",R,29,82,133,0.912,1.151,0.333,2.407,0.62,2.164,-36.74,51.516,85,7,8,1,0,-158.559,-150.751,11.082,0,0,0,6,2,R,"檸檬の残骸",190,80,0.409,0,108,W,Y,0,0,0,0,0,0,0,0,0,0,0,0,0,0,0,0,0.235,-37.396,0,"Megu3568",0.164,-18.216,0,"Sabo_10",-21.957,-45.389,0,"Fresh825",-15.778,-62.944,0,"なおｐ--",22.6,-50.448,0,"schmoneymikey",7.044,-65.972,0,"Dοpi",37.847,-103.856,0,"うよすま",-8.208,-119.096,0,"하루（Haru）",-48.765,-101.703,0,0,0,0,0,0,"",0,0,0,0,4291.582,,,,0,0
100,4,0,5,1,2,1,2,0,0,0,255,255,255,48,4310.872,"Muna_328",R,0,93,140,1.187,-0.463,0.323,2.14,0.574,1.298,-36.74,31.879,90,6,4,2,0,-48.488,3.914,11.982,0,0,1,6,2,R,"檸檬の残骸",190,80,0.409,3,108,W,Y,4311.931,219,186,149,80,0,145,111,21.186,-12.345,0.88,0.286,0.515,-54.279,-62.083,1.846,0.174,-36.751,0,"Megu3568",0.092,-18.007,0,"Sabo_10",-22.138,-47.796,0,"Fresh825",-15.749,-62.95,0,"なおｐ--",22.611,-50.462,0,"schmoneymikey",9.047,-65.375,0,"Dοpi",35.741,-107.886,0,"うよすま",-8.152,-119.827,0,"하루（Haru）",-48.777,-101.686,0,4313.755,21.842,-111.944,4313.984,6,"Dοpi",21.139,-109.11,0,0,4387.54,,,,134,1
101,5,1,5,1,0,0,0,0,0,0,255,255,255,0,4590.737,"_Chun",L,26,93,140,2.556,-0.027,-0.209,1.935,1.032,1.416,-36.623,26.123,86,14,0,1,0,68.502,-187.117,-25.936,0,0,0,1,1,R,"Megu3568",190,88.251,0.405,0,107,W,Y,0,0,0,0,0,0,0,0,0,0,0,0,0,0,0,0,-0.189,-37.586,0,"ゆっち一",-0.12,-17.408,0,"檸檬の残骸",-20.988,-48.231,0,"わかなで",-18.369,-66.718,0,"MODECO",19.585,-44.088,0,"ke ro",10.267,-64.288,0,"「론구」",39.007,-94.556,0,"TaeGeuk_",-1.064,-106.988,0,"まととまと",-51.389,-91.269,0,0,0,0,0,0,"",0,0,0,0,4589.193,,,,0,0
102,5,1,5,1,1,0,0,0,0,0,255,255,255,1,4611.497,"_Chun",L,26,89,140,1.478,0.501,-0.312,2.034,0.551,1.737,-36.623,35.346,80,20,0,1,0,75.687,-200,-16.702,0,0,0,1,1,R,"Megu3568",190,88.251,0.405,0,107,W,Y,0,0,0,0,0,0,0,0,0,0,0,0,0,0,0,0,-0.39,-37.58,0,"ゆっち一",-0.104,-17.287,0,"檸檬の残骸",-21.141,-48.416,0,"わかなで",-18.138,-67.985,0,"MODECO",19.911,-43.586,0,"ke ro",9.951,-64.307,0,"「론구」",39.006,-94.57,0,"TaeGeuk_",-1.377,-111.495,0,"まととまと",-51.518,-91.315,0,0,0,0,0,0,"",0,0,0,0,4609.915,,,,0,0
103,5,1,5,1,2,0,0,0,0,0,255,255,255,2,4632.106,"_Chun",L,10,68,114,0.122,0.841,-0.499,2.144,0.068,2.488,-36.623,72.464,70,30,0,0,0,0,289.467,-5.523,0,0,0,1,1,R,"Megu3568",190,88.251,0.405,0,106,W,Y,0,0,0,0,0,0,0,0,0,0,0,0,0,0,0,0,-0.225,-37.106,0,"ゆっち一",-0.068,-17.337,0,"檸檬の残骸",-21.243,-48.74,0,"わかなで",-17.901,-68.545,0,"MODECO",19.468,-43.052,0,"ke ro",9.915,-63.979,0,"「론구」",40.531,-93.582,0,"TaeGeuk_",-1.089,-111.607,0,"まととまと",-51.698,-91.325,0,0,0,0,0,0,"",0,0,0,0,4630.776,,,,0,0
104,5,1,5,1,2,1,0,0,0,0,255,255,255,3,4653.37,"_Chun",L,14,79,104,-2.42,-0.781,-0.488,2.018,-0.36,1.611,-36.623,38.435,83,17,0,2,0,-339.316,348.134,-21.531,0,0,1,1,1,R,"Megu3568",190,88.251,0.405,3,106,W,Y,4654.628,255,88,88,128,47,145,115,11.313,5.658,0.81,0,0.735,-35.555,36.502,-13.579,-0.243,-37.15,0,"ゆっち一",-0.445,-17.699,0,"檸檬の残骸",-20.987,-48.581,0,"わかなで",-18.262,-66.442,0,"MODECO",18.856,-45.234,0,"ke ro",9.578,-64.385,76,"「론구」",40.535,-93.591,0,"TaeGeuk_",-1.448,-113.474,115,"まととまと",-51.565,-91.479,0,4654.408,-7.948,-90.677,4655.353,7,"TaeGeuk_",-8.876,-99.717,1,0,,,,,388,2
105,5,1,5,1,0,0,0,1,0,0,1,255,255,4,4691.864,"_Chun",L,26,87,140,0.717,0.377,-0.325,2.043,0.275,1.664,-36.623,38.603,82,18,0,2,0,35.808,-189.212,-14.536,0,0,1,2,4,R,"なおｐ--",190,90.37,0.405,3,106,W,Y,4692.897,255,80,110,53,37,145,93,21.565,7.64,-0.71,0,0.345,126.664,333.901,87.29,-0.331,-36.886,0,"ゆっち一",-0.088,-17.281,0,"檸檬の残骸",-19.19,-47.724,0,"わかなで",-16.412,-65.039,0,"MODECO",19.816,-44.763,0,"ke ro",10.601,-63.472,79,"「론구」",37.008,-94.305,0,"TaeGeuk_",-0.929,-115.37,110,"まととまと",-62.306,-94.004,0,4694.311,-15.915,-93.808,4699.005,7,"TaeGeuk_",-24.332,-120.246,1,0,,4698.958,4704.35,,388,2
106,5,1,5,1,0,0,0,0,1,1,255,4,1,5,4744.534,"_Chun",L,13,73,103,1.013,-0.413,-0.519,2.047,-0.076,1.707,-36.623,49.297,78,22,0,0,0,267.231,220.23,-2.248,0,0,1,3,3,L,"Fresh825",172.8,80,0.2,0,106,W,Y,0,0,0,0,0,0,0,0,0,0,0,0,0,0,0,0,-0.338,-37.509,0,"ゆっち一",-0.089,-17.387,0,"檸檬の残骸",-19.966,-46.262,0,"わかなで",-7.984,-66.364,0,"MODECO",19.233,-40.489,0,"ke ro",13.71,-62.605,0,"「론구」",42.427,-93.003,0,"TaeGeuk_",11.33,-110.798,0,"まととまと",-48.093,-94.342,0,0,0,0,0,0,"",0,0,0,0,4743.179,4747.052,4747.197,,0,0
107,5,1,5,1,0,1,0,0,1,1,255,4,1,6,4763.39,"_Chun",L,26,82,133,-1.6,0.444,-0.545,2.043,-0.727,1.644,-36.623,40.47,83,17,0,2,0,32.266,-190.67,-10.362,0,0,1,3,3,L,"Fresh825",172.8,80,0.2,3,106,W,Y,4764.415,241,92,131,103,37,145,88,37.28,17.177,-0.64,0,0.169,439.72,70.976,162.214,-0.496,-37.103,0,"ゆっち一",-0.296,-17.633,0,"檸檬の残骸",-20.079,-46.754,0,"わかなで",-13.497,-67.044,0,"MODECO",19.281,-43.529,0,"ke ro",13.964,-62.554,0,"「론구」",42.352,-92.925,0,"TaeGeuk_",12.998,-111.161,0,"まととまと",-43.972,-96.78,0,0,0,0,4766.637,3,"わかなで",-21.871,-81.524,0,0,,4769.824,4766.539,,5,1
108,5,1,5,1,0,0,1,0,1,1,255,4,1,7,4798.706,"_Chun",L,10,75,104,-2.104,-0.016,-0.702,2.187,-0.896,2.15,-36.623,65.412,80,20,0,4,0,0,400,-6.88,0,0,1,4,0,R,"Muna_328",190.3,89.724,0.4,0,89,W,Y,0,0,0,0,0,0,0,0,0,0,0,0,0,0,0,0,-0.318,-37.428,0,"ゆっち一",-0.095,-17.093,0,"檸檬の残骸",-21.071,-46.926,0,"わかなで",-17.828,-69.155,0,"MODECO",19.792,-42.169,0,"ke ro",11.065,-63.635,0,"「론구」",34.815,-88.809,0,"TaeGeuk_",-5.661,-113.099,0,"まととまと",-54.023,-91.333,0,0,0,0,0,0,"",0,0,0,0,4797.353,4801.23,4800.708,,0,0
109,5,1,5,1,0,1,1,0,1,1,255,4,1,8,4814.862,"_Chun",L,26,73,124,-0.263,1.04,-0.449,2.122,-0.067,2.086,-36.623,62.623,83,17,0,2,0,-20.889,-161.584,-6.689,0,0,1,4,0,R,"Muna_328",190.3,89.724,0.4,3,89,W,Y,4815.909,178,139,174,48,0,145,123,106.737,14.285,0.75,0,0.982,60.248,-332.38,-41.774,-0.577,-36.803,0,"ゆっち一",-0.02,-17.27,0,"檸檬の残骸",-20.766,-47.606,0,"わかなで",-16.42,-66.641,0,"MODECO",19.086,-43.775,0,"ke ro",10.378,-64.189,0,"「론구」",34.76,-88.731,0,"TaeGeuk_",-4.745,-111.127,0,"まととまと",-54.343,-91.533,0,0,0,0,0,0,"",0,0,0,0,,4817.74,4817.856,,4,3
110,5,1,5,1,0,2,1,0,1,1,255,4,1,9,4836.06,"_Chun",L,13,78,104,1.459,-1.244,-0.435,1.864,-0.012,1.341,-36.623,33.588,85,15,0,2,0,329.085,358.952,2.376,0,0,1,4,0,R,"Muna_328",190.3,89.724,0.4,3,89,W,Y,4837.198,255,87,81,83,49,145,104,59.838,-24.901,-0.16,0,0.828,-406.753,410.27,161.958,-0.177,-37.266,0,"ゆっち一",0.048,-17.323,100,"檸檬の残骸",-20.617,-46.991,0,"わかなで",-13.627,-67.002,0,"MODECO",18.692,-43.738,0,"ke ro",13.05,-62.575,0,"「론구」",36.618,-92.051,101,"TaeGeuk_",-4.764,-112.538,0,"まととまと",-55.03,-92.195,0,4840.492,17.642,-84.866,4840.714,6,"「론구」",17.425,-83.743,0,0,4844.45,4840.473,4839.161,,22,1
111,5,1,5,1,0,0,2,0,1,1,255,4,1,10,4870.682,"_Chun",L,10,87,128,-0.734,-0.398,-0.511,2.048,-0.373,1.79,-36.623,37.927,85,15,0,2,0,2.479,400,-3.883,0,0,1,5,5,L,"schmoneymikey",175.4,80,0.304,3,105,W,Y,4871.723,199,159,152,82,0,145,89,35.984,3.388,-0.64,0,0.296,-24.483,-565.706,96.316,-0.412,-37.383,0,"ゆっち一",-0.088,-17.682,0,"檸檬の残骸",-19.575,-47.545,0,"わかなで",-14.585,-67.987,0,"MODECO",19.317,-43.566,0,"ke ro",16.121,-62.349,0,"「론구」",45.89,-98.903,0,"TaeGeuk_",12.292,-120.036,116,"まととまと",-43.109,-94.758,0,4873.721,4.738,-88.94,4875.012,7,"TaeGeuk_",5.504,-94.956,1,0,,,4876.468,4877.606,132,2
112,5,1,7,1,0,0,2,1,0,0,5,255,255,11,4907.616,"_Chun",L,26,89,140,0.81,0.992,-0.367,2.098,0.294,1.969,-36.623,42.507,80,20,0,0,0,52.722,-200,-21.066,0,0,0,6,8,R,"하루（Haru）",174.6,85.172,0.403,0,105,W,Y,0,0,0,0,0,0,0,0,0,0,0,0,0,0,0,0,-0.311,-36.953,0,"ゆっち一",-0.111,-17.028,0,"檸檬の残骸",-20.321,-46.617,0,"わかなで",-16.652,-67.44,0,"MODECO",20.491,-42.59,0,"ke ro",11.102,-63.552,0,"「론구」",32.122,-89.153,0,"TaeGeuk_",-1.226,-102.411,0,"まととまと",-39.639,-94.084,0,0,0,0,0,0,"",0,0,0,0,4906.012,,,,0,0
113,5,1,7,1,0,1,2,1,0,0,5,255,255,12,4928.486,"_Chun",L,14,85,109,-2.947,-0.967,-0.551,1.962,-0.532,1.495,-36.623,34.16,89,11,0,2,0,-386.885,312.348,-26.251,0,0,1,6,8,R,"하루（Haru）",174.6,85.172,0.403,3,105,W,Y,4929.631,255,139,98,81,48,145,108,112.256,-65.248,0.86,0,0.256,12.89,20.446,26.378,-0.402,-37.256,0,"ゆっち一",-0.336,-17.349,0,"檸檬の残骸",-20.754,-47.064,0,"わかなで",-15.506,-67.852,0,"MODECO",20.012,-43.882,0,"ke ro",12.964,-63.521,0,"「론구」",32.142,-89.177,0,"TaeGeuk_",-0.026,-104.772,0,"まととまと",-40.397,-95.876,0,0,0,0,0,0,"",0,0,0,0,,,,,4,3
114,5,1,7,1,0,2,2,1,0,0,5,255,255,13,4951.281,"_Chun",L,26,85,138,0.27,1.796,-0.412,2.163,0.027,2.431,-36.623,49.256,80,20,0,4,0,75.025,-200,-13.927,0,0,1,6,8,R,"하루（Haru）",174.6,85.172,0.403,0,105,W,Y,0,0,0,0,0,0,0,0,0,0,0,0,0,0,0,0,-0.416,-37.585,0,"ゆっち一",-0.092,-17.069,0,"檸檬の残骸",-20.71,-45.186,0,"わかなで",-18.652,-69.598,0,"MODECO",20.443,-42.726,0,"ke ro",11.885,-63.442,0,"「론구」",31.774,-88.584,0,"TaeGeuk_",-1.104,-107.101,0,"まととまと",-41.517,-94.555,0,0,0,0,0,0,"",0,0,0,0,4949.603,,,,0,0
115,5,0,7,1,0,0,0,0,0,0,255,255,255,0,5170.829,"Sabo_10",L,26,91,140,1.035,-0.125,-0.526,1.52,0.556,1.377,-36.536,33.832,0,100,0,0,0,-67.033,-171.223,-24.345,0,0,1,7,7,R,"TaeGeuk_",177.7,82,0.365,0,104,W,Y,0,0,0,0,0,0,0,0,0,0,0,0,0,0,0,0,-0.304,-37.46,0,"Megu3568",-0.107,-17.884,0,"Muna_328",-23.759,-48.416,0,"Fresh825",-13.227,-62.119,0,"なおｐ--",21.353,-48.86,0,"schmoneymikey",8.791,-66.039,0,"Dοpi",37.909,-98.777,0,"うよすま",-3.83,-116.454,0,"하루（Haru）",-45.884,-106.99,0,0,0,0,0,0,"",0,0,0,0,5168.658,,,,0,0
116,5,0,7,1,0,1,0,0,0,0,255,255,255,1,5188.506,"Sabo_10",L,26,83,134,-0.685,-0.189,-0.669,1.503,-0.113,1.316,-36.536,50.15,0,100,0,0,0,-115.64,-186.558,-10.606,0,0,1,7,7,R,"TaeGeuk_",177.7,82,0.365,0,104,W,Y,0,0,0,0,0,0,0,0,0,0,0,0,0,0,0,0,-0.173,-37.794,0,"Megu3568",-0.037,-17.678,0,"Muna_328",-23.666,-48.558,0,"Fresh825",-13.516,-62.296,0,"なおｐ--",21.775,-49.218,0,"schmoneymikey",8.32,-66.062,0,"Dοpi",38.564,-100.085,0,"うよすま",-4.257,-115.65,0,"하루（Haru）",-45.134,-105.847,0,0,0,0,0,0,"",0,0,0,0,5186.443,,,,0,0
117,5,0,7,1,0,2,0,0,0,0,255,255,255,2,5204.789,"Sabo_10",L,13,82,120,0.233,-0.371,-0.746,1.646,-0.469,1.812,-36.536,55.566,0,100,0,2,0,360.434,346.536,-12.731,0,0,1,7,7,R,"TaeGeuk_",177.7,82,0.365,3,104,W,Y,5205.631,255,93,139,94,52,145,127,-14.682,-38.477,0.56,0,0.242,-243.906,-179.618,-517.926,-0.004,-37.323,0,"Megu3568",-0.233,-17.804,0,"Muna_328",-23.653,-48.271,86,"Fresh825",-13.315,-62.245,0,"なおｐ--",21.757,-49.146,114,"schmoneymikey",8.391,-65.768,0,"Dοpi",37.352,-100.274,0,"うよすま",-4.068,-114.513,0,"하루（Haru）",-46.844,-104.771,0,5202.561,2.384,-23.523,5203.901,4,"なおｐ--",22.378,-45.577,0,0,,,,,21,2
118,5,0,7,1,0,0,1,0,0,0,255,255,255,3,5229.229,"Sabo_10",L,32,78,128,-2.148,0.232,-0.792,1.591,-0.685,1.618,-36.536,64.489,0,100,0,1,0,-152.131,-93.997,-1.89,0,0,0,8,5,R,"ke ro",164.5,80.196,0.347,0,104,W,Y,0,0,0,0,0,0,0,0,0,0,0,0,0,0,0,0,-0.096,-37.742,0,"Megu3568",-0.084,-17.692,0,"Muna_328",-21.178,-45.71,0,"Fresh825",-12.472,-58.794,0,"なおｐ--",22.376,-49.294,0,"schmoneymikey",8.375,-65.03,0,"Dοpi",36.712,-95.447,0,"うよすま",-2.117,-105.222,0,"하루（Haru）",-43.341,-97.499,0,0,0,0,0,0,"",0,0,0,0,5227.29,,,,0,0
119,5,0,7,1,1,0,1,0,0,0,255,255,255,4,5241.206,"Sabo_10",L,13,79,116,0.152,-1.056,-0.748,1.573,-0.48,1.55,-36.536,49.969,0,100,0,2,0,330.634,375.075,-9.397,0,0,1,8,5,R,"ke ro",164.5,80.196,0.347,3,104,W,Y,5242.195,163,92,64,79,64,138,124,-26.097,-43.403,0.53,0,0.619,-496.664,109.101,-318.468,-0.326,-37.411,0,"Megu3568",-0.1,-17.812,0,"Muna_328",-20.971,-45.54,85,"Fresh825",-12.607,-58.984,0,"なおｐ--",22.374,-49.287,116,"schmoneymikey",8.524,-65.019,0,"Dοpi",36.11,-95.899,0,"うよすま",-4.472,-108.305,0,"하루（Haru）",-43.689,-97.443,0,5239.089,1.011,-21.59,5240.457,4,"なおｐ--",21.945,-45.844,0,0,,,,,21,2
120,5,0,7,1,0,0,2,0,0,0,255,255,255,5,5268.499,"Sabo_10",L,33,80,131,-1.408,1.664,-0.732,1.59,-0.405,2.381,-36.536,56.957,0,100,0,1,0,-128.286,-90.336,-5.662,0,0,0,0,3,L,"わかなで",160,94.33,0.2,0,47,W,Y,0,0,0,0,0,0,0,0,0,0,0,0,0,0,0,0,0.182,-37.863,0,"Megu3568",-0.134,-17.751,0,"Muna_328",-18.033,-48.125,0,"Fresh825",-7.514,-59.15,0,"なおｐ--",17.199,-42.768,0,"schmoneymikey",13.208,-61.461,0,"Dοpi",44.497,-82.438,0,"うよすま",5.009,-103.389,0,"하루（Haru）",-38.845,-99.175,0,0,0,0,0,0,"",0,0,0,0,5266.651,,,,0,0
121,5,0,7,1,1,0,2,0,0,0,255,255,255,6,5286.191,"Sabo_10",L,26,87,140,0.016,1.512,-0.606,1.543,0.181,2.201,-36.536,44.976,0,100,0,1,0,-117.377,-200,-23.844,0,0,0,0,3,L,"わかなで",160,94.33,0.2,0,47,W,Y,0,0,0,0,0,0,0,0,0,0,0,0,0,0,0,0,0.064,-37.974,0,"Megu3568",-0.073,-17.606,0,"Muna_328",-17.87,-48.02,0,"Fresh825",-7.502,-59.184,0,"なおｐ--",18.293,-44.089,0,"schmoneymikey",13.247,-61.563,0,"Dοpi",42.272,-86.236,0,"うよすま",6.081,-106.189,0,"하루（Haru）",-39.579,-97.562,0,0,0,0,0,0,"",0,0,0,0,5284.339,,,,0,0
122,5,0,7,1,2,0,2,0,0,0,255,255,255,7,5305.753,"Sabo_10",L,26,86,139,0.541,0.955,-0.554,1.466,0.424,1.906,-36.536,36.467,0,100,0,0,0,-128.452,-200,-25.719,0,0,0,0,3,L,"わかなで",160,94.33,0.2,0,47,W,Y,0,0,0,0,0,0,0,0,0,0,0,0,0,0,0,0,-0.05,-37.817,0,"Megu3568",-0.139,-17.726,0,"Muna_328",-17.752,-47.957,0,"Fresh825",-7.617,-58.945,0,"なおｐ--",18.236,-44.056,0,"schmoneymikey",13.13,-61.506,0,"Dοpi",42.266,-86.211,0,"うよすま",4.481,-105.704,0,"하루（Haru）",-38.321,-99.194,0,0,0,0,0,0,"",0,0,0,0,5303.811,,,,0,0
123,5,0,7,1,2,1,2,0,0,0,255,255,255,8,5327.281,"Sabo_10",L,3,76,120,-1.056,0.227,-0.841,1.615,-0.913,1.712,-36.536,74.064,0,100,0,0,0,292.303,0,-3.096,0,0,0,0,3,L,"わかなで",160,94.33,0.2,0,47,W,Y,0,0,0,0,0,0,0,0,0,0,0,0,0,0,0,0,0.016,-37.983,0,"Megu3568",-0.207,-17.612,0,"Muna_328",-17.766,-47.921,0,"Fresh825",-7.786,-59.862,0,"なおｐ--",18.245,-44.066,0,"schmoneymikey",13.045,-61.425,0,"Dοpi",43.937,-88.605,0,"うよすま",6.634,-106.88,0,"하루（Haru）",-38.584,-98.901,0,0,0,0,0,0,"",0,0,0,0,5325.283,,,,0,0
124,5,0,7,1,2,2,2,0,0,0,255,255,255,9,5345.992,"Sabo_10",L,3,79,117,1.174,-0.255,-0.794,1.551,-0.227,1.465,-36.536,62.759,0,100,0,2,0,449.483,0,0.073,0,0,1,0,3,L,"わかなで",160,94.33,0.2,3,47,W,Y,5347.059,190,119,106,100,91,145,115,-30,-24.87,0.77,0,0.496,-59.708,323.301,112.788,-0.353,-37.381,0,"Megu3568",0.292,-17.779,0,"Muna_328",-17.689,-47.968,0,"Fresh825",-7.721,-59.651,0,"なおｐ--",18.244,-44.051,0,"schmoneymikey",13.248,-61.668,56,"Dοpi",47.394,-84.927,0,"うよすま",5.963,-106.139,0,"하루（Haru）",-39.072,-98.044,0,5343.679,0.818,-21.117,5346.012,4,"なおｐ--",19.867,-62.484,1,0,,,,,49,2
125,5,0,7,1,0,0,2,1,0,0,13,255,255,10,5415.584,"Sabo_10",L,0,7,10,-2.384,-2.529,-0.395,1.268,-1.026,5.988,-36.536,44.43,0,0,100,1,1,0,0,4.053,-0.402,-34.031,0,1,1,L,"ゆっち一",190,83.623,0.399,0,103,W,Y,0,0,0,0,0,0,0,0,0,0,0,0,0,0,0,0,0.029,-34.78,0,"Megu3568",-0.247,-23.433,0,"Muna_328",-17.002,-47.701,0,"Fresh825",-0.268,-58.116,0,"なおｐ--",17.908,-42.881,0,"schmoneymikey",15.933,-62.139,0,"Dοpi",54.384,-102.274,0,"うよすま",5.043,-111.202,0,"하루（Haru）",-32.297,-114.479,0,0,0,0,0,0,"",0,0,0,0,,5417.401,,,0,0
126,5,0,7,1,0,0,2,0,1,0,255,13,255,10,5596.223,"Sabo_10",L,26,84,136,-0.025,1.138,-0.633,1.567,0.057,2.193,-36.536,40.008,0,100,0,1,1,-34.62,-157.467,-21.002,0,0,0,1,1,L,"ゆっち一",190,83.623,0.399,0,103,W,Y,0,0,0,0,0,0,0,0,0,0,0,0,0,0,0,0,-0.186,-37.846,116,"Megu3568",-0.184,-17.867,0,"Muna_328",-17.147,-47.953,0,"Fresh825",-0.496,-60.323,0,"なおｐ--",20.526,-43.285,0,"schmoneymikey",16.725,-61.657,0,"Dοpi",55.468,-102.663,0,"うよすま",11.994,-122.34,0,"하루（Haru）",-35.513,-113.532,0,0,0,0,0,0,"",0,0,0,0,5593.978,5598.827,5619.537,,0,0
127,5,0,7,1,1,0,2,0,0,1,255,255,13,11,5644.727,"Sabo_10",L,33,45,103,6.052,-1.994,-0.015,1.087,2.928,0.314,-36.536,37.059,0,61,39,1,0,-144.531,-60.008,-5.884,0,0,0,1,1,L,"ゆっち一",190,83.623,0.399,0,103,W,Y,0,0,0,0,0,0,0,0,0,0,0,0,0,0,0,0,0.024,-37.817,0,"Megu3568",1.855,-19.698,0,"Muna_328",-17.337,-48.017,0,"Fresh825",-7.8,-66.473,0,"なおｐ--",19.629,-40.917,0,"schmoneymikey",16.411,-61.974,0,"Dοpi",57.738,-101.224,0,"うよすま",11.26,-124.556,0,"하루（Haru）",-34.315,-114.627,0,0,0,0,0,0,"",0,0,0,0,5642.387,,5662.835,,0,0
128,5,0,7,1,2,0,2,0,0,1,255,255,13,12,5663.617,"Sabo_10",L,3,77,119,-1.249,0.703,-0.867,1.624,-1.033,2.055,-36.536,70.046,0,100,0,0,0,311.242,0,-0.844,0,0,1,1,1,L,"ゆっち一",190,83.623,0.399,0,103,W,Y,0,0,0,0,0,0,0,0,0,0,0,0,0,0,0,0,-0.162,-37.774,0,"Megu3568",-0.105,-18.201,0,"Muna_328",-17.062,-48.072,0,"Fresh825",-7.769,-66.452,0,"なおｐ--",19.47,-41.625,0,"schmoneymikey",16.442,-61.884,0,"Dοpi",58.055,-101.151,0,"うよすま",10.525,-124.756,0,"하루（Haru）",-34.541,-113.639,0,0,0,0,0,0,"",0,0,0,0,5661.075,,5678.282,5684.88,0,0
129,5,0,7,2,2,1,2,0,0,0,255,255,255,13,5742.989,"Sabo_10",L,13,77,115,-1.211,0.407,-0.835,1.765,-1.178,2.248,-36.536,64.964,55,45,0,0,0,390.434,312.348,-4.657,0,0,0,1,1,L,"ゆっち一",190,83.623,0.399,0,71,W,Y,0,0,0,0,0,0,0,0,0,0,0,0,0,0,0,0,-0.068,-37.836,0,"Megu3568",-0.145,-18.13,0,"Muna_328",-16.337,-48.595,0,"Fresh825",-11.382,-65.836,0,"なおｐ--",20.335,-45.615,0,"schmoneymikey",15.451,-63.044,0,"Dοpi",56.783,-103.268,0,"うよすま",11.062,-123.412,0,"하루（Haru）",-38.431,-111.582,0,0,0,0,0,0,"",0,0,0,0,5740.478,,,,0,0
130,5,0,7,2,2,2,2,0,0,0,255,255,255,14,5765.241,"Sabo_10",L,3,72,101,1.544,0.101,-0.743,1.547,-0.123,1.7,-36.536,88.263,0,100,0,2,0,397.202,0,0.881,0,0,1,1,1,L,"ゆっち一",190,83.623,0.399,3,71,W,Y,5766.405,255,157,72,99,37,145,116,-0.255,18.562,0.88,0,0.385,94.463,-405.316,-46.92,0.176,-37.251,0,"Megu3568",0.371,-18.167,0,"Muna_328",-16.324,-48.575,0,"Fresh825",-11.354,-65.455,97,"なおｐ--",20.558,-45.807,0,"schmoneymikey",15.366,-62.985,0,"Dοpi",56.769,-102.717,0,"うよすま",10.148,-123.808,0,"하루（Haru）",-37.123,-112.273,0,5763.137,-5.944,-41.251,5764.242,3,"Fresh825",-11.069,-59.129,0,0,,,,,60,2
131,6,1,7,2,0,0,0,0,0,0,255,255,255,14,5815.918,"_Chun",L,26,85,138,1.77,-0.998,-0.247,1.838,0.725,0.85,-36.623,28.18,84,16,0,4,0,40.151,-153.592,-16.201,0,0,1,7,6,R,"Dοpi",180.6,90,0.35,0,102,W,Y,0,0,0,0,0,0,0,0,0,0,0,0,0,0,0,0,-0.091,-37.197,0,"ゆっち一",-0.093,-17.44,0,"檸檬の残骸",-20.441,-47.962,0,"わかなで",-17.038,-66.77,0,"MODECO",19.429,-43.6,0,"ke ro",12.341,-63.986,0,"「론구」",37.505,-92.174,0,"TaeGeuk_",-7.071,-114.023,0,"まととまと",-47.624,-92.008,0,0,0,0,0,0,"",0,0,0,0,5812.943,,,,0,0
132,6,1,7,2,0,1,0,0,0,0,255,255,255,15,5830.583,"_Chun",L,14,74,101,-2.895,-0.236,-0.603,2.154,-0.61,2.039,-36.623,55.487,75,25,0,1,0,-305.253,373.463,-5.806,0,0,0,7,6,R,"Dοpi",180.6,90,0.35,0,102,W,Y,0,0,0,0,0,0,0,0,0,0,0,0,0,0,0,0,-0.404,-37.412,0,"ゆっち一",-0.269,-17.439,0,"檸檬の残骸",-19.574,-46.778,0,"わかなで",-16.856,-67.177,0,"MODECO",19.42,-45.218,0,"ke ro",12.355,-64.042,0,"「론구」",37.502,-92.185,0,"TaeGeuk_",-7.08,-114.008,0,"まととまと",-47.621,-91.867,0,0,0,0,0,0,"",0,0,0,0,5827.609,,,,0,0
133,6,1,7,2,1,1,0,0,0,0,255,255,255,16,5840.303,"_Chun",L,14,72,99,-3.513,0.374,-0.617,2.225,-0.841,2.395,-36.623,68.423,79,21,0,2,0,-314.825,357.262,-4.788,0,0,0,7,6,R,"Dοpi",180.6,90,0.35,3,102,W,Y,5841.324,137,127,68,53,24,137,96,9.676,41.479,0.92,0,0.337,-23.25,125.888,76.011,-0.36,-37.159,0,"ゆっち一",-0.392,-17.429,0,"檸檬の残骸",-20.043,-48.015,85,"わかなで",-16.487,-65.082,0,"MODECO",19.526,-45.291,0,"ke ro",12.351,-64.017,0,"「론구」",37.5,-92.18,0,"TaeGeuk_",-7.195,-113.327,0,"まととまと",-47.751,-91.936,0,0,0,0,5838.63,2,"檸檬の残骸",-21.883,-43.125,0,0,,,,,68,1
134,6,1,7,2,0,0,1,0,0,0,255,255,255,17,5877.821,"_Chun",L,26,84,136,1.754,-0.018,-0.26,1.961,0.586,1.388,-36.623,34.193,84,16,0,2,0,137.659,-192.585,-24.238,0,0,1,8,7,R,"うよすま",175,85.385,0.5,3,101,W,Y,5878.767,140,74,98,36,0,140,83,-26.643,16.086,-0.78,0,0.354,-254.731,324.568,-416.487,-0.141,-37.003,0,"ゆっち一",-0.042,-17.457,0,"檸檬の残骸",-21.958,-48.246,86,"わかなで",-18.421,-65.178,95,"MODECO",19.423,-45.402,0,"ke ro",10.455,-64.511,0,"「론구」",35.78,-90.556,0,"TaeGeuk_",-7.18,-104.083,0,"まととまと",-48.556,-86.396,0,5874.408,-0.064,-20.765,5877.193,3,"わかなで",-10.614,-59.783,0,0,,,,,69,2
135,6,1,7,2,0,0,2,0,0,0,255,255,255,18,5918.91,"_Chun",L,14,70,110,0.968,-0.416,-0.215,2.105,1.076,1.806,-36.623,40.731,83,17,0,0,0,-355.029,352.071,-19.014,0,0,0,0,0,L,"Sabo_10",185.3,88,0.452,0,101,W,Y,0,0,0,0,0,0,0,0,0,0,0,0,0,0,0,0,-0.21,-37.617,0,"ゆっち一",-0.075,-17.039,0,"檸檬の残骸",-20.435,-46.709,0,"わかなで",-14.677,-66.184,0,"MODECO",20.938,-43.884,0,"ke ro",14.443,-60.931,0,"「론구」",48.797,-104.207,0,"TaeGeuk_",6.471,-118.236,0,"まととまと",-46.477,-78.862,0,0,0,0,0,0,"",0,0,0,0,5915.742,,,,0,0
136,6,1,7,2,0,1,2,0,0,0,255,255,255,19,5928.609,"_Chun",L,3,74,103,2.114,0.104,-0.442,2.101,0.186,1.924,-36.623,59.141,72,28,0,2,0,368.844,171.078,-3.168,0,0,1,0,0,L,"Sabo_10",185.3,88,0.452,3,101,W,Y,5929.603,167,128,101,118,83,145,119,114.565,32.173,0.77,0,0.463,356.145,-49.627,-322.13,-0.135,-36.949,0,"ゆっち一",0.136,-17.245,0,"檸檬の残骸",-20.88,-47.143,0,"わかなで",-13.248,-67.56,0,"MODECO",20.293,-45.03,0,"ke ro",14.291,-60.5,0,"「론구」",48.902,-104.289,0,"TaeGeuk_",6.387,-118.23,0,"まととまと",-46.32,-79.024,0,0,0,0,0,0,"",0,0,0,0,,,,,4,3
137,6,1,7,2,0,2,2,0,0,0,255,255,255,20,5947.924,"_Chun",L,27,84,136,-0.752,1.597,-0.471,2.173,-0.344,2.473,-36.623,49.033,75,25,0,4,0,22.281,-106.361,-3.624,0,0,1,0,0,L,"Sabo_10",185.3,88,0.452,0,101,W,Y,0,0,0,0,0,0,0,0,0,0,0,0,0,0,0,0,-0.306,-37.213,0,"ゆっち一",-0.167,-17.482,0,"檸檬の残骸",-20.814,-47.098,0,"わかなで",-15.872,-67.753,0,"MODECO",20.474,-43.64,0,"ke ro",14.772,-61.71,0,"「론구」",50.579,-105.231,0,"TaeGeuk_",6.142,-120.366,0,"まととまと",-51.24,-84.572,0,0,0,0,0,0,"",0,0,0,0,5944.693,,,,0,0
138,6,0,7,2,0,0,0,0,0,0,255,255,255,15,6000.464,"Sabo_10",L,13,78,116,0.584,0.375,-0.715,1.594,-0.323,2.282,-36.536,54.432,0,100,0,2,0,350.493,356.588,-2.612,0,0,1,2,0,L,"_Chun",190,80,0.455,3,101,W,Y,6001.428,255,123,118,84,56,145,130,-10.508,19.582,0.62,0,0.559,-550.406,-58.921,169.929,0.041,-37.442,0,"Megu3568",-0.149,-17.827,0,"Muna_328",-17.807,-49.112,0,"Fresh825",-11.767,-65.231,87,"なおｐ--",22.229,-48.243,0,"schmoneymikey",15.097,-62.468,0,"Dοpi",57.291,-103.302,0,"うよすま",12.45,-124.199,0,"하루（Haru）",-35.086,-111.849,0,5996.846,-1.49,-25.21,5998.242,3,"Fresh825",-13.427,-59.902,0,0,,,,,25,2
139,6,0,7,2,0,0,1,0,0,0,255,255,255,16,6027.205,"Sabo_10",L,33,77,127,-2.918,1.244,-0.75,1.621,-1.035,2.364,-36.536,69.197,0,97,3,1,0,-141.641,-32.279,-2.53,0,0,0,3,4,R,"MODECO",190,85,0.451,0,101,W,Y,0,0,0,0,0,0,0,0,0,0,0,0,0,0,0,0,-0.012,-37.661,0,"Megu3568",0.16,-17.735,0,"Muna_328",-24.002,-48.634,0,"Fresh825",-14.928,-63.779,0,"なおｐ--",21.558,-49.069,0,"schmoneymikey",8.615,-65.631,0,"Dοpi",40.248,-104.772,0,"うよすま",-4.995,-120.427,0,"하루（Haru）",-45.369,-101.498,0,0,0,0,0,0,"",0,0,0,0,6023.762,,,,0,0
140,6,0,7,2,0,1,1,0,0,0,255,255,255,17,6062.37,"Sabo_10",L,3,75,116,-1.588,0.619,-0.846,1.612,-1.334,2.006,-36.536,74.506,0,98,2,1,0,391.291,0,0.133,0,0,0,3,4,R,"MODECO",190,85,0.451,0,101,W,Y,0,0,0,0,0,0,0,0,0,0,0,0,0,0,0,0,0.019,-37.823,0,"Megu3568",-0.063,-17.992,0,"Muna_328",-23.989,-48.623,0,"Fresh825",-14.851,-63.521,0,"なおｐ--",21.533,-49.043,0,"schmoneymikey",8.018,-65.581,0,"Dοpi",39.048,-108.792,0,"うよすま",-8.072,-121.795,0,"하루（Haru）",-45.793,-105.132,0,0,0,0,0,0,"",0,0,0,0,6058.95,,,,0,0
141,6,0,7,2,1,1,1,0,0,0,255,255,255,18,6081.597,"Sabo_10",L,32,73,124,-2.756,1.382,-0.812,1.529,-0.919,2.437,-36.536,75.593,0,99,1,1,0,-163.402,-49.979,-4.737,0,0,0,3,4,R,"MODECO",190,85,0.451,0,101,W,Y,0,0,0,0,0,0,0,0,0,0,0,0,0,0,0,0,0.18,-37.823,0,"Megu3568",0.258,-17.574,0,"Muna_328",-23.991,-48.593,0,"Fresh825",-14.778,-63.494,0,"なおｐ--",21.539,-49.048,0,"schmoneymikey",8.667,-66.144,0,"Dοpi",41.449,-100.732,0,"うよすま",-4.804,-118.183,0,"하루（Haru）",-45.802,-105.147,0,0,0,0,0,0,"",0,0,0,0,6078.103,,,,0,0
142,6,0,7,2,2,1,1,0,0,0,255,255,255,19,6100.382,"Sabo_10",L,3,73,114,-1.004,-0.365,-0.83,1.558,-1.116,1.491,-36.536,64.973,0,99,1,2,0,401.923,83.333,-0.893,0,0,1,3,4,R,"MODECO",190,85,0.451,3,101,W,Y,6101.46,187,162,101,102,68,145,102,108.665,-75.311,0.93,0,0.775,280.16,-36.141,209.936,-0.068,-37.499,0,"Megu3568",-0.097,-17.863,0,"Muna_328",-24.151,-48.361,0,"Fresh825",-14.845,-63.545,0,"なおｐ--",21.616,-49.253,0,"schmoneymikey",8.427,-65.648,0,"Dοpi",39.666,-111.236,0,"うよすま",-7.642,-123.488,0,"하루（Haru）",-45.796,-105.131,0,0,0,0,0,0,"",0,0,0,0,,,,,1,3
143,6,0,7,2,2,2,1,0,0,0,255,255,255,20,6119.473,"Sabo_10",L,33,77,127,-0.704,1.519,-0.779,1.585,-0.074,2.518,-36.536,65.552,0,98,2,2,0,-137.134,-53.854,-5.631,0,0,1,3,4,R,"MODECO",190,85,0.451,3,101,W,Y,6120.521,144,76,75,59,34,139,103,26.502,34.893,0.01,0,0.409,-26.847,334.026,-416.778,-0.127,-37.571,0,"Megu3568",0.082,-17.868,0,"Muna_328",-24.562,-48.147,0,"Fresh825",-15.002,-63.647,0,"なおｐ--",21.722,-49.248,0,"schmoneymikey",8.568,-66.201,69,"Dοpi",35.389,-115.338,0,"うよすま",-7.188,-117.079,0,"하루（Haru）",-46.732,-100.694,89,6120.617,-57.154,-91.457,6120.776,8,"하루（Haru）",-54.714,-88.833,0,0,,,,,97,1
144,6,0,7,2,0,0,2,0,0,0,255,255,255,21,6148.252,"Sabo_10",L,26,82,134,2.065,0.161,-0.514,1.367,1.076,1.539,-36.536,40.348,0,100,0,1,0,-113.221,-181.879,-15.044,0,0,0,4,6,R,"「론구」",179.9,80,0.3,0,100,W,Y,0,0,0,0,0,0,0,0,0,0,0,0,0,0,0,0,-0.037,-37.988,0,"Megu3568",0.222,-17.837,0,"Muna_328",-22.719,-47.892,0,"Fresh825",-13.527,-62.292,0,"なおｐ--",20.807,-47.952,0,"schmoneymikey",7.981,-65.168,0,"Dοpi",39.201,-96.481,0,"うよすま",-6.263,-114.946,0,"하루（Haru）",-45.356,-103.199,0,0,0,0,0,0,"",0,0,0,0,6144.734,,,,0,0
145,6,0,7,2,1,0,2,0,0,0,255,255,255,22,6162.545,"Sabo_10",L,3,79,118,-0.238,-0.142,-0.769,1.54,-0.757,1.525,-36.536,58.914,0,99,1,0,0,404.024,0,-0.371,0,0,0,4,6,R,"「론구」",179.9,80,0.3,0,100,W,Y,0,0,0,0,0,0,0,0,0,0,0,0,0,0,0,0,0.018,-38.007,0,"Megu3568",-0.076,-17.719,0,"Muna_328",-23.171,-47.925,0,"Fresh825",-13.539,-62.297,0,"なおｐ--",22.011,-49.765,0,"schmoneymikey",8.052,-65.255,0,"Dοpi",34.834,-106.326,0,"うよすま",-4.318,-115.573,0,"하루（Haru）",-45.387,-103.204,0,0,0,0,0,0,"",0,0,0,0,6159.172,,,,0,0
146,6,0,7,2,1,1,2,0,0,0,255,255,255,23,6178.04,"Sabo_10",L,26,81,131,1.132,0.763,-0.597,1.471,0.689,1.894,-36.536,47.309,0,100,0,0,0,-120.863,-179.153,-14.027,0,0,1,4,6,R,"「론구」",179.9,80,0.3,0,100,W,Y,0,0,0,0,0,0,0,0,0,0,0,0,0,0,0,0,-0.294,-37.399,0,"Megu3568",0.223,-17.811,0,"Muna_328",-23.241,-47.825,0,"Fresh825",-13.668,-61.96,0,"なおｐ--",22.017,-49.78,0,"schmoneymikey",8.087,-65.273,0,"Dοpi",38.687,-97.177,0,"うよすま",-3.929,-117.187,0,"하루（Haru）",-45.369,-103.188,0,0,0,0,0,0,"",0,0,0,0,6174.45,,,,0,0
147,6,0,7,2,1,2,2,0,0,0,255,255,255,24,6196.4,"Sabo_10",L,3,77,115,-0.2,-0.197,-0.831,1.506,-0.902,1.498,-36.536,66.977,0,100,0,2,0,484.237,0,-1.023,0,0,1,4,6,R,"「론구」",179.9,80,0.3,3,100,W,Y,6197.51,226,132,110,73,84,145,128,-30,-38.058,0.32,0,0.28,-451.716,353.504,176.031,-0.131,-37.799,0,"Megu3568",-0.15,-17.977,0,"Muna_328",-21.889,-46.234,0,"Fresh825",-14.65,-62.068,0,"なおｐ--",21.995,-49.764,114,"schmoneymikey",8.012,-65.204,0,"Dοpi",32.515,-112.625,0,"うよすま",-6.419,-114.59,0,"하루（Haru）",-45.37,-103.208,0,6192.499,1.084,-21.623,6194.026,4,"なおｐ--",16.77,-48.665,0,0,,,,,20,2
148,7,1,7,2,0,0,0,0,0,0,255,255,255,21,6257.096,"_Chun",L,26,83,135,-0.229,1.032,-0.437,2.142,-0.088,2.06,-36.623,54.897,79,21,0,1,0,1.832,-200,-10.805,0,0,0,1,1,R,"Megu3568",190,88.251,0.405,0,100,W,Y,0,0,0,0,0,0,0,0,0,0,0,0,0,0,0,0,-0.451,-36.904,0,"ゆっち一",-0.092,-17.177,0,"檸檬の残骸",-21.14,-48.758,0,"わかなで",-18.598,-67.541,0,"MODECO",19.674,-44.991,0,"ke ro",12.365,-64.734,0,"「론구」",36.804,-92.224,0,"TaeGeuk_",-3.58,-110.472,0,"まととまと",-55.935,-92.356,0,0,0,0,0,0,"",0,0,0,0,6253.276,,,,0,0
149,7,1,7,2,1,0,0,0,0,0,255,255,255,22,6276.305,"_Chun",L,13,86,125,0.674,-0.481,-0.531,2.051,-0.253,1.674,-36.623,49.345,75,25,0,2,0,356.589,350.491,-6.262,0,0,1,1,1,R,"Megu3568",190,88.251,0.405,3,100,W,Y,6277.423,255,37,149,109,23,145,90,22.647,0.478,-0.85,0,0.366,277.341,248.964,139.259,-0.32,-36.936,0,"ゆっち一",-0.043,-17.279,0,"檸檬の残骸",-21.133,-48.803,0,"わかなで",-16.845,-66.231,0,"MODECO",19.308,-45.122,0,"ke ro",12.039,-64.164,0,"「론구」",36.814,-92.231,0,"TaeGeuk_",-3.807,-109.747,111,"まととまと",-56.345,-92.432,0,0,0,0,6276.894,7,"TaeGeuk_",-4.275,-92.093,0,0,,,,,132,1
150,7,1,7,2,0,0,1,0,0,0,255,255,255,23,6299.657,"_Chun",L,26,80,130,-0.154,1.533,-0.435,2.137,-0.088,2.368,-36.623,52.636,71,29,0,1,0,23.237,-200,-13.503,0,0,0,2,4,R,"なおｐ--",190,90.37,0.405,0,100,W,Y,0,0,0,0,0,0,0,0,0,0,0,0,0,0,0,0,-0.323,-37.405,0,"ゆっち一",-0.056,-17.29,0,"檸檬の残骸",-20.707,-49.174,0,"わかなで",-18.754,-66.878,0,"MODECO",19.903,-44.269,0,"ke ro",10.542,-64.355,0,"「론구」",37.005,-92.707,0,"TaeGeuk_",-6.315,-115.295,0,"まととまと",-60.349,-97.48,0,0,0,0,0,0,"",0,0,0,0,6295.734,,,,0,0
151,7,1,7,2,0,1,1,0,0,0,255,255,255,24,6327.106,"_Chun",L,14,70,98,2.908,0.901,-0.057,2.249,1.102,2.393,-36.623,46.043,85,15,0,2,0,-347.842,312.348,-30.335,0,0,0,2,4,R,"なおｐ--",190,90.37,0.405,3,100,W,Y,6328.319,255,93,42,36,35,128,83,36.216,-23.58,-0.66,0,0.276,-36.863,512.067,-37.021,0.194,-37.031,0,"ゆっち一",-0.015,-17.353,0,"檸檬の残骸",-20.594,-49.069,0,"わかなで",-17.911,-65.027,0,"MODECO",20.817,-45.114,0,"ke ro",11.399,-63.417,0,"「론구」",37.026,-92.72,93,"TaeGeuk_",-6.668,-115.243,0,"まととまと",-60.63,-97.411,0,6327.665,18.43,-81.762,6327.978,6,"「론구」",18.346,-81.267,0,0,,,,,20,1
152,7,1,7,2,0,0,2,0,0,0,255,255,255,25,6357.077,"_Chun",L,10,79,107,1.495,-0.365,-0.28,2.083,0.554,1.984,-36.623,43.777,84,16,0,4,0,54.363,400,1.68,0,0,1,3,3,L,"Fresh825",172.8,80,0.2,0,100,W,Y,0,0,0,0,0,0,0,0,0,0,0,0,0,0,0,0,-0.193,-37.71,0,"ゆっち一",-0.078,-17.118,0,"檸檬の残骸",-19.823,-46.707,0,"わかなで",-14.162,-70.17,0,"MODECO",20.602,-44.434,0,"ke ro",14.829,-62.602,0,"「론구」",43.742,-95.596,0,"TaeGeuk_",5.849,-108.013,0,"まととまと",-42.385,-91.46,0,0,0,0,0,0,"",0,0,0,0,6353.234,,,,0,0
153,7,1,7,2,0,1,2,0,0,0,255,255,255,26,6368.68,"_Chun",L,26,89,140,3.783,0.485,-0.094,1.922,1.566,1.701,-36.623,27.653,89,11,0,1,0,63.123,-173.897,-14.451,0,0,0,3,3,L,"Fresh825",172.8,80,0.2,0,100,W,Y,0,0,0,0,0,0,0,0,0,0,0,0,0,0,0,0,-0.006,-37.846,0,"ゆっち一",-0.089,-17.144,0,"檸檬の残骸",-20.138,-46.692,0,"わかなで",-13.18,-70,0,"MODECO",20.86,-42.921,0,"ke ro",14.838,-62.566,0,"「론구」",43.733,-95.577,0,"TaeGeuk_",5.168,-107.318,0,"まととまと",-42.418,-91.499,0,0,0,0,0,0,"",0,0,0,0,6364.672,,,,0,0
154,7,1,7,2,1,1,2,0,0,0,255,255,255,27,6378.874,"_Chun",L,26,87,140,2.864,0.796,-0.156,2,1.148,1.852,-36.623,35.501,84,16,0,1,0,79.147,-200,-24.317,0,0,0,3,3,L,"Fresh825",172.8,80,0.2,0,100,W,Y,0,0,0,0,0,0,0,0,0,0,0,0,0,0,0,0,-0.024,-37.745,0,"ゆっち一",-0.058,-17.129,0,"檸檬の残骸",-20.113,-46.661,0,"わかなで",-13.176,-69.136,0,"MODECO",21.495,-43.25,0,"ke ro",13.833,-62.663,0,"「론구」",43.75,-95.59,0,"TaeGeuk_",5.195,-107.909,0,"まととまと",-42.391,-91.366,0,0,0,0,0,0,"",0,0,0,0,6374.859,,,,0,0
155,7,1,7,2,2,1,2,0,0,0,255,255,255,28,6392.195,"_Chun",L,10,77,117,0.462,-0.726,-0.351,1.986,0.32,1.701,-36.623,38.326,84,16,0,0,0,-63.594,400,-12.335,0,0,0,3,3,L,"Fresh825",172.8,80,0.2,0,100,W,Y,0,0,0,0,0,0,0,0,0,0,0,0,0,0,0,0,-0.309,-37.719,0,"ゆっち一",-0.06,-17.117,0,"檸檬の残骸",-20.114,-46.673,0,"わかなで",-13.031,-68.83,0,"MODECO",20.138,-44.529,0,"ke ro",14.413,-62.821,0,"「론구」",43.752,-95.581,0,"TaeGeuk_",5.213,-108.557,0,"まととまと",-42.234,-91.3,0,0,0,0,0,0,"",0,0,0,0,6388.269,,,,0,0
156,7,1,7,2,2,2,2,0,0,0,255,255,255,29,6408.986,"_Chun",L,22,75,108,2.318,0.648,-0.285,2.147,0.698,2.241,-36.623,51.061,81,19,0,2,0,168.547,186.871,-7.185,0,0,1,3,3,L,"Fresh825",172.8,80,0.2,3,100,W,Y,6410.118,233,110,92,74,57,145,94,35.835,-41.605,0.94,0,0.175,157.372,40.622,-3.547,-0.181,-36.963,0,"ゆっち一",0.062,-17.315,0,"檸檬の残骸",-20.452,-48.024,0,"わかなで",-12.416,-67.618,0,"MODECO",19.607,-44.951,0,"ke ro",13.889,-61.188,0,"「론구」",43.755,-95.605,100,"TaeGeuk_",3.981,-107.157,0,"まととまと",-44.073,-92.946,0,6409.575,52.177,-78.051,6409.957,6,"「론구」",51.69,-77.483,0,0,,,,,25,1
157,7,0,7,2,0,0,0,0,0,0,255,255,255,25,6471.045,"Sabo_10",L,0,81,132,-0.911,-0.217,-0.726,1.548,-0.374,1.475,-36.536,51.735,0,100,0,2,0,0,0,-4.243,0,0,1,5,8,R,"まととまと",180.1,85.159,0.353,3,30,W,Y,6472.148,255,107,168,143,72,145,128,20.399,3.64,0.66,0,0.293,251.915,-354.992,55.282,-0.289,-37.643,0,"Megu3568",-0.094,-17.895,0,"Muna_328",-23.864,-48.234,0,"Fresh825",-14.741,-64.236,0,"なおｐ--",22.09,-49.462,0,"schmoneymikey",8.722,-66.312,0,"Dοpi",41.686,-100.599,0,"うよすま",-6.018,-119.914,78,"하루（Haru）",-44.631,-97.382,0,0,0,0,6472.124,5,"schmoneymikey",0.93,-132.573,0,0,6478.7,,,,387,1
158,7,0,7,2,0,0,1,0,0,0,255,255,255,26,6523.275,"Sabo_10",L,3,78,117,1.293,-0.179,-0.749,1.571,-0.128,1.594,-36.536,52.635,0,100,0,2,0,424.771,77.598,-5.056,0,0,1,6,2,R,"檸檬の残骸",190,80,0.409,3,41,W,Y,6524.326,251,151,143,135,99,145,116,-12.89,38.172,0.89,0.286,0.555,-170.099,524.217,86.072,-0.229,-37.77,0,"Megu3568",0.167,-17.945,0,"Muna_328",-24.29,-48.627,86,"Fresh825",-14.18,-63.78,0,"なおｐ--",20.454,-48.538,0,"schmoneymikey",8.531,-65.429,0,"Dοpi",39.337,-107.198,0,"うよすま",-5.48,-117.13,0,"하루（Haru）",-45.684,-97.753,0,6518.846,-2.87,-24.908,6520.339,2,"Muna_328",-20.501,-47.653,0,0,,,,,17,2
159,7,0,7,2,0,0,2,0,0,0,255,255,255,27,6550.148,"Sabo_10",L,26,83,134,1.604,0.656,-0.561,1.45,0.855,1.824,-36.536,35.88,0,100,0,1,0,-96.846,-182.338,-19.04,0,0,0,7,7,R,"TaeGeuk_",177.7,82,0.365,0,99,W,Y,0,0,0,0,0,0,0,0,0,0,0,0,0,0,0,0,-0.326,-37.652,0,"Megu3568",0.203,-17.893,0,"Muna_328",-23.029,-48.148,0,"Fresh825",-15.868,-63.274,0,"なおｐ--",20.951,-49.053,0,"schmoneymikey",8.641,-65.864,0,"Dοpi",35.944,-95.407,0,"うよすま",-1.053,-118.142,0,"하루（Haru）",-41.356,-104.907,0,0,0,0,0,0,"",0,0,0,0,6545.63,,,,0,0
160,7,0,7,2,0,1,2,0,0,0,255,255,255,28,6572.959,"Sabo_10",L,3,64,109,-0.902,-1.827,-0.851,1.506,-1.363,1.764,-36.536,84.902,0,100,0,2,0,344.503,0,-1.906,0,0,1,7,7,R,"TaeGeuk_",177.7,82,0.365,3,99,W,Y,6573.872,221,146,105,118,38,145,100,-21.598,-8.882,-0.12,0,0.169,-478.286,209.885,-48.853,-0.281,-37.53,0,"Megu3568",-0.109,-17.902,0,"Muna_328",-23.013,-48.133,0,"Fresh825",-15.721,-63.125,0,"なおｐ--",20.635,-49.008,0,"schmoneymikey",9.131,-66.434,95,"Dοpi",37.933,-96.682,0,"うよすま",-0.909,-116.516,0,"하루（Haru）",-43.271,-102.854,0,6568.415,0.091,-22.722,6571.096,8,"まととまと",6.581,-62.037,0,0,6662.276,,,,180,2
161,8,1,7,2,0,0,0,0,0,0,255,255,255,0,6828.429,"TaeGeuk_",R,32,88,140,0.196,0.744,0.405,1.176,-0.219,2.222,-36.83,8.315,2,64,34,2,0,217.039,128.18,30.771,0,0,1,4,2,R,"Muna_328",190.3,89.724,0.4,3,99,W,Y,6829.487,183,51,93,0,0,129,87,108.535,3.452,-0.46,0,0.848,417.335,250.096,-351.118,0.2,-37.804,0,"_Chun",-0.028,-17.333,0,"檸檬の残骸",-21.361,-48.997,0,"わかなで",-16.293,-66.86,0,"MODECO",20.249,-46.008,0,"まととまと",12.69,-65.125,0,"「론구」",36.342,-91.032,0,"별이__",-0.675,-108.293,0,"ゆっち一",-43.761,-89.797,0,0,0,0,0,0,"",0,0,0,0,,,,,128,3
162,8,1,7,2,0,1,0,0,0,0,255,255,255,1,6853.074,"TaeGeuk_",R,13,92,126,-3.063,-1.204,0.286,0.878,-0.771,1.258,-36.83,23.412,14,45,42,2,0,-362.509,344.365,33.64,0,0,1,4,2,R,"Muna_328",190.3,89.724,0.4,3,99,W,Y,6854.147,255,86,169,36,0,145,111,-30,37.399,0.92,0,0.846,-362.455,227.066,-277.269,-0.086,-37.597,0,"_Chun",-0.077,-17.584,0,"檸檬の残骸",-21.914,-48.78,85,"わかなで",-16.328,-66.043,0,"MODECO",19.969,-46.185,0,"まととまと",12.761,-64.951,0,"「론구」",36.028,-89.627,0,"별이__",-1.769,-109.24,0,"ゆっち一",-44.101,-89.041,0,6848.609,-1.238,-21.748,6850.061,2,"檸檬の残骸",-18.815,-44.621,0,0,,,,,192,2
163,8,1,7,2,0,0,1,0,0,0,255,255,255,2,6881.172,"TaeGeuk_",R,32,94,140,-0.27,1.248,0.36,1.186,-0.427,2.307,-36.83,19.815,6,51,43,1,0,210.842,-48.372,16.296,0,0,0,5,5,L,"schmoneymikey",175.4,80,0.304,0,99,W,Y,0,0,0,0,0,0,0,0,0,0,0,0,0,0,0,0,-0.119,-37.804,0,"_Chun",0.459,-17.469,0,"檸檬の残骸",-21.273,-48.729,0,"わかなで",-12.265,-68.335,0,"MODECO",20.918,-44.201,0,"まととまと",15.559,-62.841,0,"「론구」",43.229,-96.413,0,"별이__",1.955,-108.195,0,"ゆっち一",-43.306,-88.488,0,0,0,0,0,0,"",0,0,0,0,6877.124,,,,0,0
164,8,1,7,2,1,0,1,0,0,0,255,255,255,3,6898.435,"TaeGeuk_",R,32,81,131,2.592,-0.041,0.641,0.995,0.878,1.636,-36.83,35.823,7,51,42,4,0,152.241,27.584,9.209,0,0,1,5,5,L,"schmoneymikey",175.4,80,0.304,0,99,W,Y,0,0,0,0,0,0,0,0,0,0,0,0,0,0,0,0,0.398,-37.428,0,"_Chun",0.215,-17.695,0,"檸檬の残骸",-20.42,-48.197,0,"わかなで",-13.975,-69.946,0,"MODECO",21.316,-44.923,0,"まととまと",15.627,-62.894,0,"「론구」",43.25,-96.419,0,"별이__",1.974,-108.201,0,"ゆっち一",-33.938,-91.953,0,0,0,0,0,0,"",0,0,0,0,6894.422,,,,0,0
165,8,1,7,2,1,1,1,0,0,0,255,255,255,4,6918.715,"TaeGeuk_",R,3,90,126,-2.894,0.35,0.344,1.05,-0.504,1.83,-36.83,16.716,8,35,57,2,0,-478.332,0,19.128,0,0,1,5,5,L,"schmoneymikey",175.4,80,0.304,3,99,W,Y,6919.894,175,155,89,88,54,145,88,43.171,9.486,-0.68,0,0.293,71.954,-140.737,106.394,0.123,-38.312,0,"_Chun",-0.263,-17.556,0,"檸檬の残骸",-20.195,-48.329,0,"わかなで",-13.855,-67.733,93,"MODECO",21.103,-45.465,0,"まととまと",15.522,-62.844,0,"「론구」",43.222,-96.43,0,"별이__",0.259,-108.467,0,"ゆっち一",-36.491,-94.532,0,6919.29,-9.815,-83.495,6919.374,3,"わかなで",-9.629,-81.654,0,0,,,,,129,1
166,8,1,7,2,0,0,2,0,0,0,255,255,255,5,6947.458,"TaeGeuk_",R,32,88,140,-2.266,1.475,0.184,1.252,-1.244,2.543,-36.83,5.119,6,60,34,1,0,179.645,60.401,22.143,0,0,0,6,8,L,"하루（Haru）",174.6,85.172,0.403,0,99,W,Y,0,0,0,0,0,0,0,0,0,0,0,0,0,0,0,0,-0.402,-38.416,0,"_Chun",1.399,-17.163,0,"檸檬の残骸",-20.367,-46.787,0,"わかなで",-14.462,-68.009,0,"MODECO",19.691,-43.171,0,"まととまと",16.896,-62.705,0,"「론구」",43.947,-91.403,0,"별이__",1.795,-107.048,0,"ゆっち一",-36.152,-93.251,0,0,0,0,0,0,"",0,0,0,0,6943.117,,,,0,0
167,8,1,7,2,1,0,2,0,0,0,255,255,255,6,6965.519,"TaeGeuk_",R,5,83,134,-1.151,-0.725,0.359,0.875,-0.43,1.213,-36.83,25.287,16,31,54,2,0,-57.814,0,32.242,0,0,1,6,8,L,"하루（Haru）",174.6,85.172,0.403,3,99,W,Y,6966.623,231,147,68,63,39,141,85,-38.339,-45.615,-0.68,0,0.184,-255.99,-514.12,8.895,0.281,-37.233,0,"_Chun",-0.044,-17.204,0,"檸檬の残骸",-19.949,-47.223,0,"わかなで",-13.958,-67.612,0,"MODECO",20.849,-44.522,103,"まととまと",17.396,-64.72,0,"「론구」",43.944,-91.402,0,"별이__",0.945,-108.046,0,"ゆっち一",-36.079,-93.109,0,6960.832,0.569,-20.054,6962.762,4,"MODECO",17.114,-40.985,0,0,,,,,73,2
168,8,0,7,2,0,0,0,0,0,0,255,255,255,29,7023.519,"Sabo_10",L,13,72,114,-0.771,-1.812,-0.741,1.474,-0.761,1.018,-36.536,49.833,0,100,0,1,0,298.53,300.244,-4.181,0,-18.197,0,8,7,R,"별이__",160,80,0.3,0,22,A,Y,0,0,0,0,0,0,0,0,0,0,0,0,0,0,0,0,-0.121,-37.935,0,"Megu3568",-0.092,-17.713,0,"Muna_328",-24.999,-49.092,0,"Fresh825",-12.868,-59.503,0,"なおｐ--",19.532,-46.687,0,"schmoneymikey",8.544,-65.393,0,"Dοpi",34.393,-93.486,0,"うよすま",-2.715,-110.419,0,"하루（Haru）",-43.927,-98.011,0,0,0,0,0,0,"",0,0,0,0,7019.089,,,,0,0
169,8,0,7,2,1,0,0,0,0,0,255,255,255,30,7039.118,"Sabo_10",L,13,79,116,0.202,-1.542,-0.68,1.534,-0.481,1.302,-36.536,49.569,0,100,0,1,0,343.588,363.246,-7.326,0,0,0,8,7,R,"별이__",160,80,0.3,0,22,A,Y,0,0,0,0,0,0,0,0,0,0,0,0,0,0,0,0,0.138,-38.065,0,"Megu3568",-0.075,-17.704,0,"Muna_328",-24.397,-48.449,0,"Fresh825",-13.087,-59.738,0,"なおｐ--",19.667,-47.157,0,"schmoneymikey",8.507,-65.341,0,"Dοpi",34.738,-94.008,0,"うよすま",-2.965,-110.671,0,"하루（Haru）",-43.952,-98.761,0,0,0,0,0,0,"",0,0,0,0,7034.776,,,,0,0
170,8,0,7,2,2,0,0,0,0,0,255,255,255,31,7056.652,"Sabo_10",L,26,86,140,1.833,0.319,-0.523,1.582,1.033,1.581,-36.536,38.035,0,100,0,1,0,-161.155,-178.58,-20.366,0.698,-8.525,0,8,7,R,"별이__",160,80,0.3,0,22,A,Y,0,0,0,0,0,0,0,0,0,0,0,0,0,0,0,0,0.05,-38.125,0,"Megu3568",0.808,-17.465,0,"Muna_328",-24.364,-48.484,0,"Fresh825",-13.019,-59.675,0,"なおｐ--",19.656,-47.143,0,"schmoneymikey",8.492,-65.291,0,"Dοpi",35.249,-93.435,0,"うよすま",-4.545,-110.924,0,"하루（Haru）",-43.503,-97.511,0,0,0,0,0,0,"",0,0,0,0,7056.332,,,,0,0
171,8,0,7,2,3,0,0,0,0,0,255,255,255,32,7073.485,"Sabo_10",L,26,77,127,1.464,0.001,-0.56,1.534,0.862,1.397,-36.536,41.765,0,98,2,0,0,-135.271,-172.687,-12.944,0,0,0,8,7,R,"별이__",160,80,0.3,0,22,A,Y,0,0,0,0,0,0,0,0,0,0,0,0,0,0,0,0,0.068,-38.038,0,"Megu3568",0.005,-17.875,0,"Muna_328",-22.65,-46.211,0,"Fresh825",-13.108,-59.727,0,"なおｐ--",20.05,-46.945,0,"schmoneymikey",8.519,-65.282,0,"Dοpi",35.427,-93.957,0,"うよすま",-3.4,-112.653,0,"하루（Haru）",-45.427,-99.486,0,0,0,0,0,0,"",0,0,0,0,7069.019,,,,0,0
172,8,0,7,2,3,1,0,0,0,0,255,255,255,33,7090.422,"Sabo_10",L,32,79,129,-0.46,0.634,-0.707,1.505,0.178,1.711,-36.536,51.328,0,100,0,0,0,-238.913,-200,-20.493,0,0,0,8,7,R,"별이__",160,80,0.3,0,22,A,Y,0,0,0,0,0,0,0,0,0,0,0,0,0,0,0,0,0.127,-38.087,0,"Megu3568",0.001,-17.785,0,"Muna_328",-22.844,-47.576,0,"Fresh825",-13.085,-59.755,0,"なおｐ--",20.599,-47.398,0,"schmoneymikey",8.497,-65.297,0,"Dοpi",35.412,-93.951,0,"うよすま",-4.649,-109.99,0,"하루（Haru）",-45.747,-98.196,0,0,0,0,0,0,"",0,0,0,0,7085.922,,,,0,0
173,8,0,7,2,3,2,0,0,0,0,255,255,255,34,7105.154,"Sabo_10",L,32,82,134,0.192,0.289,-0.659,1.468,0.401,1.568,-36.536,41.836,0,99,1,0,0,-208.972,-171.782,-18.701,0,0,0,8,7,R,"별이__",160,80,0.3,0,22,A,Y,0,0,0,0,0,0,0,0,0,0,0,0,0,0,0,0,0.13,-38.017,0,"Megu3568",0.017,-17.676,0,"Muna_328",-19.861,-41.397,0,"Fresh825",-13.144,-59.848,0,"なおｐ--",20.583,-47.386,0,"schmoneymikey",7.432,-62.305,0,"Dοpi",35.4,-93.94,0,"うよすま",-2.941,-108.493,0,"하루（Haru）",-45.914,-98.811,0,0,0,0,0,0,"",0,0,0,0,7100.637,,,,0,0
174,8,0,7,2,0,0,1,0,0,0,255,255,255,35,7129.293,"Sabo_10",L,13,76,114,-0.426,-0.481,-0.819,1.57,-0.795,1.857,-36.536,54.034,0,99,1,0,0,361.074,345.869,-12.602,0,0,0,0,3,L,"わかなで",160,94.33,0.2,0,98,W,Y,0,0,0,0,0,0,0,0,0,0,0,0,0,0,0,0,0.358,-37.913,0,"Megu3568",-0.179,-17.955,0,"Muna_328",-16.72,-47.046,0,"Fresh825",-9.34,-60.049,0,"なおｐ--",17.393,-42.731,0,"schmoneymikey",9.809,-57.477,0,"Dοpi",41.107,-85.615,0,"うよすま",4.224,-105.519,0,"하루（Haru）",-39.588,-101.495,0,0,0,0,0,0,"",0,0,0,0,7124.825,,,,0,0
175,8,0,7,2,0,1,1,0,0,0,255,255,255,36,7145.575,"Sabo_10",L,13,78,116,2.649,-1.417,-0.641,1.494,0.484,1.246,-36.536,49.385,0,100,0,1,0,399.809,274.042,-6.137,0,0,0,0,3,L,"わかなで",160,94.33,0.2,0,98,W,Y,0,0,0,0,0,0,0,0,0,0,0,0,0,0,0,0,0.013,-37.857,0,"Megu3568",0.437,-17.995,0,"Muna_328",-16.869,-47.062,0,"Fresh825",-9.323,-60.112,0,"なおｐ--",17.229,-42.737,0,"schmoneymikey",9.843,-57.237,0,"Dοpi",42.013,-82.834,0,"うよすま",4.157,-105.282,0,"하루（Haru）",-39.567,-101.857,0,0,0,0,0,0,"",0,0,0,0,7141.047,,,,0,0
176,8,0,7,2,1,1,1,0,0,0,255,255,255,37,7159.351,"Sabo_10",L,3,72,115,-1.171,0.015,-0.901,1.517,-1.09,1.612,-36.536,73.95,0,100,0,0,0,351.132,0,-1.21,0,0,0,0,3,L,"わかなで",160,94.33,0.2,0,98,W,Y,0,0,0,0,0,0,0,0,0,0,0,0,0,0,0,0,-0.163,-37.8,0,"Megu3568",-0.176,-17.933,0,"Muna_328",-16.762,-47.014,0,"Fresh825",-9.317,-60.018,0,"なおｐ--",17.234,-42.778,0,"schmoneymikey",9.864,-57.184,0,"Dοpi",37.156,-85.67,0,"うよすま",4.295,-105.889,0,"하루（Haru）",-39.576,-101.853,0,0,0,0,0,0,"",0,0,0,0,7154.846,,,,0,0
177,8,0,7,2,1,2,1,0,0,0,255,255,255,38,7175.12,"Sabo_10",L,3,75,114,2.599,-0.328,-0.649,1.546,0.335,1.49,-36.536,50.994,0,100,0,2,1,463.836,39.197,-3.751,0,0,1,0,3,L,"わかなで",160,94.33,0.2,3,98,W,Y,7176.212,202,122,108,90,75,145,122,-30,7.087,0.57,0,0.582,-320.723,36.099,405.272,-0.311,-37.59,0,"Megu3568",0.483,-17.956,0,"Muna_328",-16.851,-46.815,85,"Fresh825",-9.152,-60.213,105,"なおｐ--",17.139,-42.719,0,"schmoneymikey",9.825,-57.15,85,"Dοpi",43.192,-83.311,0,"うよすま",4.35,-105.823,115,"하루（Haru）",-39.513,-101.852,0,7170.304,0.369,-21.465,7173.971,7,"うよすま",-8.999,-95.956,1,0,,7257.011,,,313,2
178,8,0,7,2,0,0,1,0,1,0,255,13,255,39,7282.44,"Sabo_10",L,32,83,135,-1.542,0.47,-0.722,1.661,-0.333,1.75,-36.536,47.918,0,100,0,2,0,-224.513,-173.163,-18.662,0,0,1,1,8,L,"ゆっち一",190,83.623,0.399,3,98,W,Y,7283.486,255,99,81,82,55,145,103,98.476,74.81,-0.22,0,0.329,191.788,-2.829,-6.796,-0.057,-37.576,0,"Megu3568",-0.247,-18.093,0,"Muna_328",-18.515,-46.82,0,"Fresh825",-2.388,-62.819,0,"なおｐ--",19.144,-43.552,0,"schmoneymikey",14.247,-62.375,0,"Dοpi",59.223,-100.628,0,"うよすま",10.868,-124.729,0,"하루（Haru）",-33.647,-111.132,0,0,0,0,0,0,"",0,0,0,0,,7285.573,,,1,3
179,8,0,7,2,0,1,1,0,1,0,255,13,255,40,7299.838,"Sabo_10",L,13,81,118,0.136,-0.642,-0.751,1.635,-0.533,1.606,-36.536,46.454,0,99,1,0,0,366.95,339.628,-12.022,0,0,0,1,8,L,"ゆっち一",190,83.623,0.399,0,72,W,Y,0,0,0,0,0,0,0,0,0,0,0,0,0,0,0,0,-0.042,-37.883,0,"Megu3568",0.965,-21.836,0,"Muna_328",-17.695,-48.028,0,"Fresh825",-2.178,-62.485,0,"なおｐ--",20.261,-41.569,0,"schmoneymikey",14.82,-61.24,0,"Dοpi",58.559,-100.87,0,"うよすま",11.566,-123.569,0,"하루（Haru）",-32.041,-108.007,0,0,0,0,0,0,"",0,0,0,0,7295.249,7302.453,,,0,0
180,8,0,7,2,0,2,1,0,1,0,255,13,255,41,7317.355,"Sabo_10",L,3,81,122,1.403,-0.227,-0.644,1.542,0.006,1.466,-36.536,47.698,0,99,1,2,0,388.985,0,-8.768,0,0,1,1,8,L,"ゆっち一",190,83.623,0.399,3,72,W,Y,7318.407,255,65,79,97,73,145,117,-8.843,-40.386,0.11,0,0.431,57.316,421.762,69.776,0,-37.614,0,"Megu3568",0.692,-19.273,0,"Muna_328",-18.136,-47.68,0,"Fresh825",-3.772,-64.129,0,"なおｐ--",18.7,-43.894,120,"schmoneymikey",14.487,-63.247,0,"Dοpi",58.586,-100.125,0,"うよすま",12.113,-124.357,0,"하루（Haru）",-35.257,-111.651,0,7312.617,4.352,-24.414,7313.686,4,"なおｐ--",18.207,-41.146,0,3,,,,,148,2
181,9,1,7,2,0,0,0,0,0,0,255,255,255,7,7379.858,"TaeGeuk_",R,33,80,130,1.057,0.638,0.503,1.12,0.24,2.062,-36.83,24.804,5,47,48,0,0,132.331,46.162,10.18,0,0,1,7,6,R,"Dοpi",180.6,90,0.35,0,97,W,Y,0,0,0,0,0,0,0,0,0,0,0,0,0,0,0,0,0.31,-37.454,0,"_Chun",0.055,-17.237,0,"檸檬の残骸",-20.842,-48.385,0,"わかなで",-17.203,-67.517,0,"MODECO",18.32,-45.973,0,"まととまと",10.926,-62.047,0,"「론구」",37.358,-90.978,0,"별이__",-0.837,-106.839,0,"ゆっち一",-40.896,-86.297,0,0,0,0,0,0,"",0,0,0,0,7375.13,,,,0,0
182,9,1,7,2,0,1,0,0,0,0,255,255,255,8,7400.577,"TaeGeuk_",R,2,93,126,-3.906,1.588,0.217,1.176,-1.091,2.254,-36.83,3.102,9,34,57,4,0,-390.434,-312.348,33.278,0,0,1,7,6,R,"Dοpi",180.6,90,0.35,0,97,W,Y,0,0,0,0,0,0,0,0,0,0,0,0,0,0,0,0,-0.129,-37.722,0,"_Chun",-0.343,-17.206,0,"檸檬の残骸",-20.85,-48.257,0,"わかなで",-16.878,-67.136,0,"MODECO",18.232,-45.168,0,"まととまと",10.854,-62.068,0,"「론구」",37.323,-90.933,0,"별이__",-0.755,-102.914,0,"ゆっち一",-40.891,-86.286,0,0,0,0,0,0,"",0,0,0,0,7395.867,,,,0,0
183,9,1,7,2,0,2,0,0,0,0,255,255,255,9,7419.529,"TaeGeuk_",R,10,68,100,1.689,-1.902,0.651,0.989,0.717,1.14,-36.83,33.846,16,57,27,4,0,0,374.89,41.752,0,0,1,7,6,R,"Dοpi",180.6,90,0.35,0,97,W,Y,0,0,0,0,0,0,0,0,0,0,0,0,0,0,0,0,0.109,-37.7,0,"_Chun",-0.056,-17.37,0,"檸檬の残骸",-20.775,-46.811,0,"わかなで",-16.643,-68.157,0,"MODECO",18.501,-44.537,0,"まととまと",8.649,-61.175,0,"「론구」",37.337,-90.937,0,"별이__",-0.748,-102.815,0,"ゆっち一",-40.908,-86.294,0,0,0,0,0,0,"",0,0,0,0,7414.971,,,,0,0
184,9,1,7,2,0,0,1,0,0,0,255,255,255,10,7444.904,"TaeGeuk_",R,33,80,130,3.675,-1.94,0.649,0.642,1.425,0.562,-36.83,53.728,15,9,76,1,0,100.717,42.806,2.108,0,0,0,8,7,R,"うよすま",175,85.385,0.5,0,97,W,Y,0,0,0,0,0,0,0,0,0,0,0,0,0,0,0,0,0.681,-37.172,0,"_Chun",0.007,-17.224,0,"檸檬の残骸",-20.904,-48.764,0,"わかなで",-16.893,-66.73,0,"MODECO",19.157,-43.218,0,"まととまと",11.33,-62.771,0,"「론구」",35.674,-89.958,0,"별이__",-0.553,-106.277,0,"ゆっち一",-40.877,-86.315,0,0,0,0,0,0,"",0,0,0,0,7440.276,,,,0,0
185,9,1,7,2,1,0,1,0,0,0,255,255,255,11,7462.662,"TaeGeuk_",R,33,78,129,0.917,-0.434,0.489,0.934,0.172,1.423,-36.83,27.506,7,8,85,0,0,136.935,39.269,8.123,0,0,1,8,7,R,"うよすま",175,85.385,0.5,0,97,W,Y,0,0,0,0,0,0,0,0,0,0,0,0,0,0,0,0,0.132,-37.817,0,"_Chun",0.025,-17.191,0,"檸檬の残骸",-20.91,-49.027,0,"わかなで",-16.369,-67.406,0,"MODECO",19.138,-43.354,0,"まととまと",8.684,-63.083,0,"「론구」",35.705,-89.991,0,"별이__",-1.123,-106.243,0,"ゆっち一",-43.529,-89.356,0,0,0,0,0,0,"",0,0,0,0,7458.012,,,,0,0
186,9,1,7,2,1,1,1,0,0,0,255,255,255,12,7478.559,"TaeGeuk_",R,3,79,118,-2.407,-0.109,0.376,0.976,-0.353,1.57,-36.83,16.672,0,10,90,4,0,-405.888,0,12.157,0,0,1,8,7,R,"うよすま",175,85.385,0.5,0,97,W,Y,0,0,0,0,0,0,0,0,0,0,0,0,0,0,0,0,0.514,-37.13,0,"_Chun",-0.235,-17.184,0,"檸檬の残骸",-21.046,-49.136,0,"わかなで",-17.32,-67.985,0,"MODECO",19.202,-43.318,0,"まととまと",8.812,-59.659,0,"「론구」",35.721,-90.015,0,"별이__",-0.521,-106.32,0,"ゆっち一",-42.783,-92.652,0,0,0,0,0,0,"",0,0,0,0,7473.915,,,,0,0
187,9,1,7,2,1,2,1,0,0,0,255,255,255,13,7496.693,"TaeGeuk_",R,0,68,108,-0.299,-1.101,0.406,0.931,-0.143,1.023,-36.83,31.408,10,12,78,4,0,0,12.464,12.689,0,0,1,8,7,R,"うよすま",175,85.385,0.5,0,97,W,Y,0,0,0,0,0,0,0,0,0,0,0,0,0,0,0,0,0.396,-37.289,0,"_Chun",0.035,-17.459,0,"檸檬の残骸",-21.001,-46.289,0,"わかなで",-17.009,-67.871,0,"MODECO",19.215,-42.905,0,"まととまと",9.653,-60.717,0,"「론구」",35.687,-90.023,0,"별이__",-0.58,-106.273,0,"ゆっち一",-42.149,-90.069,0,0,0,0,0,0,"",0,0,0,0,7492.158,,,,0,0
188,9,1,7,2,1,0,2,0,0,0,255,255,255,14,7524.553,"TaeGeuk_",R,0,0,0,0,0,0,0,0,0,0,0,0,0,0,0,0,0,0,0,0,0,0,0,0,L,"Sabo_10",185.3,88,0.452,0,97,W,Y,0,0,0,0,0,0,0,0,0,0,0,0,0,0,0,0,0,0,0,"",0,0,0,"",0,0,0,"",0,0,0,"",0,0,0,"",0,0,0,"",0,0,0,"",0,0,0,"",0,0,0,0,0,0,0,0,"",0,0,0,0,7519.734,,,,0,0
189,9,1,7,2,1,0,2,0,0,0,255,255,255,14,7547.181,"TaeGeuk_",R,35,90,140,-1.291,0.91,0.291,1.211,-0.746,2.355,-36.83,8.508,4,46,50,2,0,126.524,167.028,22.093,0,0,1,0,0,L,"Sabo_10",185.3,88,0.452,3,97,W,Y,7548.058,209,57,113,61,15,145,129,94.761,68.024,0.39,0,0.41,188.975,-186.85,82.836,0.195,-37.543,0,"_Chun",-0.15,-17.123,0,"檸檬の残骸",-20.431,-47.403,0,"わかなで",-12.83,-66.272,0,"MODECO",20.693,-44.87,0,"まととまと",15.64,-63.144,0,"「론구」",49.585,-104.076,0,"별이__",1.105,-112.085,0,"ゆっち一",-34.779,-93.703,0,0,0,0,0,0,"",0,0,0,0,,,,,128,3
190,9,1,7,2,1,1,2,0,0,0,255,255,255,15,7570.183,"TaeGeuk_",R,10,72,101,-0.579,-1.573,0.367,1.041,-0.263,1.302,-36.83,22.592,9,91,0,4,0,0,400,21.295,0,0,1,0,0,L,"Sabo_10",185.3,88,0.452,0,97,W,Y,0,0,0,0,0,0,0,0,0,0,0,0,0,0,0,0,0.386,-37.281,0,"_Chun",0.536,-17.352,0,"檸檬の残骸",-20.537,-47.067,0,"わかなで",-11.809,-66.581,0,"MODECO",20.261,-44.104,0,"まととまと",16.302,-62.048,0,"「론구」",50.902,-105.671,0,"별이__",2.86,-112.171,0,"ゆっち一",-36.218,-93.664,0,0,0,0,0,0,"",0,0,0,0,7565.547,,,,0,0
191,9,1,7,2,1,2,2,0,0,0,255,255,255,16,7589.935,"TaeGeuk_",R,2,81,119,-3.81,3.194,0.212,1.481,-1.115,3.252,-36.83,20.933,38,19,43,1,0,-388.721,-314.478,71.121,0,0,0,0,0,L,"Sabo_10",185.3,88,0.452,0,97,W,Y,0,0,0,0,0,0,0,0,0,0,0,0,0,0,0,0,0.041,-38.406,0,"_Chun",-0.183,-17.494,0,"檸檬の残骸",-20.557,-47.434,0,"わかなで",-13.302,-65.502,0,"MODECO",19.093,-43.278,0,"まととまと",16.235,-62.453,0,"「론구」",50.898,-105.649,0,"별이__",2.755,-112.165,0,"ゆっち一",-40.291,-92.91,0,0,0,0,0,0,"",0,0,0,0,7585.276,,,,0,0
192,9,1,7,2,2,2,2,0,0,0,255,255,255,17,7606.547,"TaeGeuk_",R,2,77,115,-3.352,1.457,0.32,1.15,-0.611,2.152,-36.83,11.992,2,52,46,4,0,-390.434,-312.348,42.832,0.293,-20.905,1,0,0,L,"Sabo_10",185.3,88,0.452,0,97,W,Y,0,0,0,0,0,0,0,0,0,0,0,0,0,0,0,0,-0.224,-37.669,0,"_Chun",0.412,-17.966,0,"檸檬の残骸",-20.395,-47.914,0,"わかなで",-11.16,-65.756,0,"MODECO",19.588,-44.467,0,"まととまと",16.239,-62.036,0,"「론구」",50.825,-105.563,0,"별이__",2.82,-112.06,0,"ゆっち一",-38.298,-92.22,0,0,0,0,0,0,"",0,0,0,0,7603.797,,,,0,0
193,9,0,7,2,0,0,0,0,0,0,255,255,255,42,7655.764,"Sabo_10",L,33,80,130,-4.979,-0.837,-0.814,1.589,-0.787,1.905,-36.536,62.692,0,98,2,2,0,-119.503,-53.165,-3.06,0,0,1,2,1,L,"_Chun",190,80,0.455,3,97,W,Y,7656.63,255,125,93,74,44,145,102,114.005,40.882,-0.24,0,0.377,149.439,-554.911,163.83,0.153,-37.289,0,"Megu3568",-0.212,-17.562,0,"Muna_328",-16.832,-48.949,0,"Fresh825",-11.62,-65.679,0,"なおｐ--",21.486,-47.968,0,"schmoneymikey",14.291,-63.467,0,"Dοpi",57.955,-101.841,0,"うよすま",9.948,-123.946,0,"하루（Haru）",-38.236,-99.301,0,0,0,0,0,0,"",0,0,0,0,,,,,1,3
194,9,0,7,2,0,1,0,0,0,0,255,255,255,43,7676.438,"Sabo_10",L,3,81,120,2.45,-0.313,-0.656,1.535,0.413,1.441,-36.536,53.434,0,100,0,1,0,409.98,22.887,-5.896,0,0,0,2,1,L,"_Chun",190,80,0.455,0,86,W,Y,0,0,0,0,0,0,0,0,0,0,0,0,0,0,0,0,-0.093,-37.909,0,"Megu3568",0.376,-17.693,0,"Muna_328",-16.593,-48.397,0,"Fresh825",-11.891,-65.678,0,"なおｐ--",21.491,-47.987,0,"schmoneymikey",14.618,-63.487,0,"Dοpi",57.933,-101.333,0,"うよすま",11.817,-124.013,0,"하루（Haru）",-38.989,-98.836,0,0,0,0,0,0,"",0,0,0,0,7671.7,,,,0,0
195,9,0,7,2,1,1,0,0,0,0,255,255,255,44,7695.647,"Sabo_10",L,3,74,114,-0.794,-0.045,-0.82,1.533,-1.097,1.592,-36.536,58.416,0,98,2,0,0,443.31,0,-3.505,0,0,1,2,1,L,"_Chun",190,80,0.455,0,86,W,Y,0,0,0,0,0,0,0,0,0,0,0,0,0,0,0,0,-0.15,-37.703,0,"Megu3568",-0.199,-17.595,0,"Muna_328",-16.57,-48.622,0,"Fresh825",-11.837,-65.607,0,"なおｐ--",21.526,-48.008,0,"schmoneymikey",13.237,-63.703,0,"Dοpi",57.632,-101.368,0,"うよすま",9.239,-124.145,0,"하루（Haru）",-33.807,-114.54,0,0,0,0,0,0,"",0,0,0,0,7690.894,,,,0,0
196,9,0,7,2,1,2,0,0,0,0,255,255,255,45,7712.605,"Sabo_10",L,33,80,130,-1.806,0.898,-0.768,1.541,-0.569,2.11,-36.536,61.232,0,96,4,2,0,-131.075,-75.054,-7.825,0,0,1,2,1,L,"_Chun",190,80,0.455,3,86,W,Y,7713.505,255,122,95,95,49,145,130,-2.995,-3.397,0.69,0,0.443,93.325,85.588,-8.161,-0.059,-37.314,0,"Megu3568",-0.208,-17.935,0,"Muna_328",-16.643,-48.481,0,"Fresh825",-11.723,-65.608,0,"なおｐ--",21.5,-48.031,0,"schmoneymikey",13.106,-63.798,0,"Dοpi",57.625,-101.379,0,"うよすま",11.997,-123.256,0,"하루（Haru）",-36.401,-114.084,0,7707.999,0.611,-35.38,7714.492,7,"うよすま",21.373,-104.38,1,0,,7732.556,,,269,2
197,9,0,7,2,0,0,0,0,1,0,255,11,255,46,7790.357,"Sabo_10",L,3,75,115,-1.471,0.379,-0.996,1.43,-1.384,1.863,-36.536,70.106,0,95,5,0,0,444.755,0,0.412,0,0,0,3,4,R,"MODECO",190,85,0.451,0,96,W,Y,0,0,0,0,0,0,0,0,0,0,0,0,0,0,0,0,-0.174,-37.665,0,"Megu3568",-0.034,-17.614,0,"Muna_328",-24.472,-48.925,0,"Fresh825",-13.065,-63.078,0,"なおｐ--",19.9,-41.941,0,"schmoneymikey",4.578,-63.213,0,"Dοpi",40.664,-104.413,0,"うよすま",-4.842,-118.867,0,"하루（Haru）",-45.339,-101.233,0,0,0,0,0,0,"",0,0,0,0,7785.728,7793.01,,,0,0
198,9,0,7,2,0,1,0,0,1,0,255,11,255,47,7809.378,"Sabo_10",L,32,82,133,-1.242,1.018,-0.755,1.558,-0.232,2.129,-36.536,53.345,0,98,2,2,0,-198.873,-139.232,-8.846,0,0,1,3,4,R,"MODECO",190,85,0.451,3,96,W,Y,7810.384,205,93,85,53,40,145,130,109.558,-40.78,0.54,0,0.482,218.349,186.592,-104.836,-0.348,-37.423,0,"Megu3568",0.187,-17.788,0,"Muna_328",-23.314,-47.702,0,"Fresh825",-13.026,-62.91,0,"なおｐ--",19.693,-46.003,0,"schmoneymikey",6.454,-63.49,0,"Dοpi",39.977,-104.567,0,"うよすま",-5.689,-118.341,0,"하루（Haru）",-44.501,-101.602,0,0,0,0,0,0,"",0,0,0,0,,7813.636,,,1,3
199,9,0,7,2,0,2,0,0,1,0,255,11,255,48,7827.412,"Sabo_10",L,26,86,140,2.419,0.234,-0.408,1.385,1.103,1.603,-36.536,21.667,0,98,2,2,0,-27.096,-191.407,-20.814,0,0,1,3,4,R,"MODECO",190,85,0.451,3,96,W,Y,7828.37,116,58,41,43,33,120,76,52.28,-42.336,-0.74,0,0.27,91.304,149.639,384.442,-0.271,-37.381,0,"Megu3568",0.279,-17.878,0,"Muna_328",-23.465,-47.29,0,"Fresh825",-13.592,-64.108,0,"なおｐ--",19.65,-45.973,0,"schmoneymikey",4.796,-63.834,0,"Dοpi",42.273,-108.805,85,"うよすま",-5.918,-122.138,0,"하루（Haru）",-43.849,-102.02,0,7827.464,34.002,-60.132,7832.117,6,"Dοpi",36.894,-68.99,1,0,,,7836.274,,129,2
200,9,0,7,2,0,0,0,1,0,1,14,255,11,49,7876.489,"Sabo_10",L,26,83,134,1.743,0.503,-0.532,1.421,0.977,1.725,-36.536,34.01,0,100,0,1,0,-144.99,-200,-29.467,0,0,0,4,6,R,"「론구」",179.9,80,0.3,0,96,W,Y,0,0,0,0,0,0,0,0,0,0,0,0,0,0,0,0,0.093,-37.8,0,"Megu3568",-1.737,-21.624,0,"Muna_328",-20.364,-41.647,0,"Fresh825",-12.203,-62.66,0,"なおｐ--",19.444,-42.263,0,"schmoneymikey",5.13,-63.529,0,"Dοpi",35.198,-105.54,0,"うよすま",-1.578,-110.983,0,"하루（Haru）",-39.694,-97.529,0,0,0,0,0,0,"",0,0,0,0,7871.859,,7878.808,,0,0
201,9,0,7,2,0,1,0,1,0,1,14,255,11,50,7899.773,"Sabo_10",L,3,74,115,-1.617,0.097,-0.912,1.541,-1.399,1.671,-36.536,55.067,0,99,1,1,0,417.701,0,-1.837,0,0,0,4,6,R,"「론구」",179.9,80,0.3,0,96,W,Y,0,0,0,0,0,0,0,0,0,0,0,0,0,0,0,0,-0.099,-38.033,0,"Megu3568",-0.677,-19.481,0,"Muna_328",-20.184,-41.484,0,"Fresh825",-12.252,-62.736,0,"なおｐ--",19.677,-42.274,0,"schmoneymikey",6.549,-64.285,0,"Dοpi",35.282,-99.027,0,"うよすま",-2.58,-112.183,0,"하루（Haru）",-41.763,-102.484,0,0,0,0,0,0,"",0,0,0,0,7895.144,,7902.431,,0,0
202,9,0,7,2,1,1,0,1,0,1,14,255,11,51,7919.869,"Sabo_10",L,32,77,128,-1.327,-0.043,-0.813,1.545,-0.315,1.463,-36.536,56.04,0,98,2,2,0,-157.757,-116.082,-11.543,0,0,1,4,6,R,"「론구」",179.9,80,0.3,3,96,W,Y,7920.937,211,124,139,75,32,145,92,30.181,60.296,0.96,0,0.19,11.913,471.265,-177.966,0.072,-37.44,0,"Megu3568",-0.506,-19.634,0,"Muna_328",-21.112,-44.598,0,"Fresh825",-12.343,-62.094,0,"なおｐ--",18.544,-44.282,0,"schmoneymikey",7.195,-64.961,0,"Dοpi",36.003,-109.549,0,"うよすま",-2.431,-114.837,0,"하루（Haru）",-41.936,-101.137,0,7918.387,-60.956,-47.319,0,0,"",0,0,0,0,,,7924.49,,1,3
203,9,0,7,2,1,2,0,1,0,1,14,255,11,52,7939.485,"Sabo_10",L,3,75,116,-0.29,0.296,-0.885,1.564,-0.792,1.79,-36.536,71.613,0,100,0,0,0,403.943,0,-2.185,0,0,0,4,6,R,"「론구」",179.9,80,0.3,0,68,W,Y,0,0,0,0,0,0,0,0,0,0,0,0,0,0,0,0,-0.184,-37.746,0,"Megu3568",-1.889,-20.648,0,"Muna_328",-20.82,-43.757,0,"Fresh825",-12.32,-62.273,0,"なおｐ--",19.768,-43.083,0,"schmoneymikey",4.939,-63.789,0,"Dοpi",36.609,-108.009,0,"うよすま",-6.558,-113.27,0,"하루（Haru）",-44.637,-99.412,0,0,0,0,0,0,"",0,0,0,0,7934.901,,7941.672,,0,0
204,9,0,7,2,0,0,1,1,0,1,14,255,11,53,7967.232,"Sabo_10",L,3,79,117,-0.098,-0.684,-0.755,1.54,-0.725,1.448,-36.536,51.127,0,100,0,2,0,415.415,195.391,-9.139,0,0,1,5,5,R,"まととまと",180.1,85.159,0.353,3,96,W,Y,7968.376,255,115,184,172,64,145,117,6.378,32.107,0.78,0,0.459,160.545,-356.382,-71.24,-0.042,-37.506,0,"Megu3568",-0.032,-18.546,0,"Muna_328",-20.769,-44.576,0,"Fresh825",-12.073,-62.178,0,"なおｐ--",18.578,-44.725,0,"schmoneymikey",6.868,-64.536,64,"Dοpi",33.093,-100.196,0,"うよすま",-7.237,-121.277,0,"하루（Haru）",-44.641,-96.385,113,7964.255,-25.9,-65.411,7965.832,8,"하루（Haru）",-36.683,-85.429,1,0,,7973.697,,7974.156,97,2
205,9,0,7,3,0,0,1,1,1,0,15,14,255,54,8000.393,"Sabo_10",L,32,76,127,-1.816,0.367,-0.776,1.578,-0.513,1.792,-36.536,61.705,0,99,1,2,0,-166.469,-50.888,-4.997,0,0,1,6,2,R,"檸檬の残骸",190,80,0.409,3,95,W,Y,8001.542,240,136,129,121,109,145,102,25.279,24.724,0.93,0.333,0.561,161.292,46.095,28.847,-0.073,-37.399,0,"Megu3568",0.142,-18.002,0,"Muna_328",-20.842,-45.018,0,"Fresh825",-14.902,-62.424,0,"なおｐ--",19.082,-47.137,0,"schmoneymikey",6.425,-64.86,78,"Dοpi",35.934,-98.869,0,"うよすま",-6.585,-116.692,0,"하루（Haru）",-44.685,-101.935,100,8000.436,-39.146,-100.776,8000.554,8,"하루（Haru）",-37.489,-97.345,0,0,,8004.138,,,97,1
206,9,0,7,3,0,0,2,1,1,0,15,14,255,55,8034.707,"Sabo_10",L,10,83,125,1.824,-1.046,-0.772,1.573,-0.126,1.559,-36.536,41.794,0,100,0,2,0,96.691,334.834,-14.694,0,0,1,7,0,R,"TaeGeuk_",177.7,82,0.365,3,72,W,Y,8035.55,108,116,139,83,37,137,82,47.414,39.208,-0.77,0,0.163,260.72,385.075,38.784,-0.247,-37.494,0,"Megu3568",-0.08,-18.398,0,"Muna_328",-21.141,-44.564,0,"Fresh825",-15.086,-63.062,0,"なおｐ--",18.619,-45.781,0,"schmoneymikey",7.982,-63.593,0,"Dοpi",30.771,-95.212,0,"うよすま",-4.851,-115.405,0,"하루（Haru）",-45.152,-102.461,97,8034.609,-43.471,-62.979,8037.637,8,"하루（Haru）",-50.536,-69.727,0,0,,8039.609,8041.427,,81,2
207,9,0,7,3,0,1,2,1,1,0,15,14,255,56,8071.447,"Sabo_10",L,3,75,115,-0.109,0.87,-0.936,1.672,-0.786,2.125,-36.536,63.904,0,100,0,0,0,442.37,1.817,-1.729,0,0,1,7,0,R,"TaeGeuk_",177.7,82,0.365,0,72,W,Y,0,0,0,0,0,0,0,0,0,0,0,0,0,0,0,0,0.029,-37.532,0,"Megu3568",-1.54,-21.511,0,"Muna_328",-19.817,-41.145,0,"Fresh825",-15.729,-62.918,0,"なおｐ--",19.914,-44.661,0,"schmoneymikey",7.298,-64.478,0,"Dοpi",26.083,-98.043,0,"うよすま",-7.995,-116.924,0,"하루（Haru）",-47.228,-102.343,0,0,0,0,0,0,"",0,0,0,0,8066.658,8074.19,,,0,0
208,9,0,7,3,0,2,2,1,1,0,15,14,255,57,8092.189,"Sabo_10",L,26,86,139,1.172,1.307,-0.584,1.557,0.747,2.197,-36.536,33.747,0,98,2,1,0,-163.313,-200,-25.007,0,0,0,7,0,R,"TaeGeuk_",177.7,82,0.365,0,72,W,Y,0,0,0,0,0,0,0,0,0,0,0,0,0,0,0,0,-0.16,-37.351,0,"Megu3568",-0.187,-18.268,0,"Muna_328",-20.41,-42.436,0,"Fresh825",-15.581,-62.914,0,"なおｐ--",20.12,-44.876,0,"schmoneymikey",7.923,-64.757,0,"Dοpi",30.311,-99.519,0,"うよすま",-7.475,-115.534,0,"하루（Haru）",-47.566,-103.186,0,0,0,0,0,0,"",0,0,0,0,8087.29,8096.876,,,0,0
209,9,0,7,3,1,2,2,1,1,0,15,14,255,58,8114.143,"Sabo_10",L,26,82,133,0.675,0.679,-0.643,1.448,0.476,1.82,-36.536,40.147,0,100,0,0,0,-115.94,-200,-33.538,0,0,0,7,0,R,"TaeGeuk_",177.7,82,0.365,0,72,W,Y,0,0,0,0,0,0,0,0,0,0,0,0,0,0,0,0,-0.231,-37.921,0,"Megu3568",-1.531,-19.819,0,"Muna_328",-20.141,-42.303,0,"Fresh825",-15.449,-62.989,0,"なおｐ--",20.827,-44.835,0,"schmoneymikey",7.267,-65.381,0,"Dοpi",32.072,-99.575,0,"うよすま",-6.069,-116.142,0,"하루（Haru）",-44.424,-101.968,0,0,0,0,0,0,"",0,0,0,0,8109.221,,,,0,0
