id,inn,half,scoreA,scoreB,ball,strk,out,b1,b2,b3,b1Idx,b2Idx,b3Idx,pCnt,pSec,pName,pHand,pType,pPow,spdK,zoneX,zoneY,startX,startY,targetX,targetY,zDist,pitchAngle,pOver,pSide,pUnder,call,balk,sH,sV,gyro,plx,plz,bSwing,bIdx,bPos,bZone,bName,bHCm,batLen,batCen,batType,bFps,bOS,bVR,hSec,rotS,rotL,shS,lgS,prepS,batSpd,ev,ldeg,sdeg,hPos,buntGrip,handDist,angVeloX,angVeloY,angVeloZ,PPosX,PPosY,PThrSpd,CName,CPosX,CPosY,CThrSpd,1BName,1BPosX,1BPosY,1BThrSpd,2BName,2BPosX,2BPosY,2BThrSpd,3BName,3BPosX,3BPosY,3BThrSpd,SSName,SSPosX,SSPosY,SSThrSpd,LFName,LFPosX,LFPosY,LFThrSpd,CFName,CFPosX,CFPosY,CFThrSpd,RFName,RFPosX,RFPosY,RFThrSpd,ltSec,lx,lz,cSec,cPos,cPlr,cx,cz,1BSafe,tag,cpSec,sb2Sec,sb3Sec,sbhSec,ass,result
1,1,1,0,0,0,0,0,0,0,0,255,255,255,0,1534.477,Metalu,R,27,97,140,-0.647,0.461,0.127,1.805,-0.34,1.8,-36.505,19.084,95,5,0,0,0,46.309,-109.529,1.874,0,0,0,0,8,L,NABIMan,190,83.228,0.48,0,55,W,Y,0,0,0,0,0,0,0,0,0,0,0,0,0,0,0,0,-0.208,-37.325,0,kneesohime,-0.127,-17.353,0,にゃんこ65K,-21.403,-50.915,0,vovopo 보보포,-7.609,-61.594,0,Parottey,19.467,-43.844,0,CoalCat,13.604,-61.261,0,あくせる,47.318,-101.934,0,「yune」,2.392,-111.229,0,Roscosmos,-41.43,-87.187,0,0,0,0,0,0,,0,0,0,0,1535.403,,,,0,0
2,1,1,0,0,0,1,0,0,0,0,255,255,255,1,1551.079,Metalu,R,3,57,101,-1.053,0.276,0.334,1.866,0.447,1.796,-36.505,40.05,86,14,0,0,0,-447.998,0,-14.104,0,0,1,0,8,L,NABIMan,190,83.228,0.48,0,55,W,Y,0,0,0,0,0,0,0,0,0,0,0,0,0,0,0,0,0.032,-37.112,0,kneesohime,-0.097,-17.339,0,にゃんこ65K,-21.957,-50.364,0,vovopo 보보포,-8.678,-62.014,0,Parottey,21.814,-46.785,0,CoalCat,13.559,-61.276,0,あくせる,47.28,-101.922,0,「yune」,2.022,-110.994,0,Roscosmos,-41.845,-87.453,0,0,0,0,0,0,,0,0,0,0,1552.153,,,,0,0
3,1,1,0,0,0,2,0,0,0,0,255,255,255,2,1568.863,Metalu,R,28,88,140,-2.055,0.724,-0.002,1.86,-0.937,1.979,-36.505,21.461,96,4,0,2,0,30.919,-92.883,1.213,0,0,1,0,8,L,NABIMan,190,83.228,0.48,3,55,W,Y,1569.943,114,96,137,118,58,137,118,93.919,69.371,0.75,0,0.698,214.462,-526.755,80.184,0.085,-36.921,0,kneesohime,-0.341,-17.315,0,にゃんこ65K,-22.425,-52.591,0,vovopo 보보포,-10.103,-60.693,0,Parottey,21.591,-45.69,0,CoalCat,13.649,-61.212,0,あくせる,47.51,-101.971,0,「yune」,2.24,-111.178,0,Roscosmos,-41.629,-86.803,0,0,0,0,0,0,,0,0,0,0,,,,,0,3
4,1,1,0,0,0,2,0,0,0,0,255,255,255,3,1598.976,Metalu,R,27,86,139,1.374,1.103,0.305,1.981,0.517,2.205,-36.505,36.107,95,5,0,4,0,53.08,-102.076,-0.801,0,0,1,0,8,L,NABIMan,190,83.228,0.48,0,56,W,Y,0,0,0,0,0,0,0,0,0,0,0,0,0,0,0,0,0.253,-37.331,0,kneesohime,-0.003,-17.366,0,にゃんこ65K,-23.363,-49.719,0,vovopo 보보포,-8.821,-62.188,0,Parottey,21.329,-46.349,0,CoalCat,14.582,-61.095,0,あくせる,47.139,-100.522,0,「yune」,1.597,-111.916,0,Roscosmos,-40.782,-87.9,0,0,0,0,0,0,,0,0,0,0,1599.82,,,,0,0
5,1,1,0,0,0,0,1,0,0,0,255,255,255,4,1624.762,Metalu,R,26,102,140,-0.272,-1.716,0.166,1.361,-0.16,0.364,-36.505,13.213,57,43,0,2,0,31.311,-200,-0.17,0,0,1,1,2,L,ʚEveɞ,190,85.404,0.402,3,56,W,Y,1625.8,255,161,94,80,23,145,130,-30,22.497,0.37,0,0.369,55.104,384.767,23.822,-0.048,-36.858,0,kneesohime,-0.011,-17.6,0,にゃんこ65K,-22.511,-53.13,75,vovopo 보보포,-9.971,-60.395,0,Parottey,20.814,-45.261,0,CoalCat,14.623,-60.938,0,あくせる,46.458,-101.781,0,「yune」,0.411,-115.937,0,Roscosmos,-40.4,-89.896,103,1625.436,-0.262,-20.719,1628.57,8,Roscosmos,-27.491,-86.15,1,0,,,,,264,2
6,1,1,0,0,0,0,1,1,0,0,2,255,255,5,1653.976,Metalu,R,27,90,140,1.612,0.731,0.343,1.947,0.634,1.964,-36.505,31.351,93,7,0,2,0,49.884,-112.154,-1.866,0,0,1,2,4,R,인생최패망자,190,80,0.351,3,56,W,Y,1655.081,255,178,151,149,53,145,90,25.184,11.227,-0.84,0,0.378,233.478,-477.237,52.015,0.233,-36.879,0,kneesohime,0.157,-17.491,0,にゃんこ65K,-19.06,-44.842,0,vovopo 보보포,-14.971,-59.019,0,Parottey,18.561,-45.8,0,CoalCat,9.233,-61.144,78,あくせる,38.389,-97.864,0,「yune」,-7.166,-111.374,99,Roscosmos,-42.644,-85.531,0,0,0,0,1659.786,7,「yune」,-7.05,-95.359,0,0,,,,,65,1
7,1,1,0,0,0,0,2,1,0,0,2,255,255,6,1683.074,Metalu,R,27,91,140,-1.071,0.604,0.099,1.916,-0.54,1.857,-36.505,27.811,92,8,0,2,0,60,-140.324,2.011,0,0,0,3,1,R,P0TA0,189.5,96.215,0.525,3,56,W,Y,1684.077,241,12,80,53,21,143,116,-30,42.362,0.88,0,0.085,-79.648,293.157,-57.85,-0.278,-36.91,0,kneesohime,-0.149,-17.439,0,にゃんこ65K,-19.517,-43.583,0,vovopo 보보포,-15.536,-60.354,0,Parottey,19.842,-45.258,0,CoalCat,9.736,-64.988,0,あくせる,37.912,-98.288,0,「yune」,-6.495,-117.368,0,Roscosmos,-42.39,-84.218,0,1683.753,-1.747,-18.938,1685.136,2,にゃんこ65K,-18.212,-38.706,0,0,1732.82,,,,40,2
8,1,0,0,0,0,0,0,0,0,0,255,255,255,0,1841.345,sano jpn,R,32,83,134,1.706,0.201,0.559,1.363,0.303,1.46,-36.24,26.779,0,100,0,2,0,163.788,-53.104,-7.94,0,0,1,0,7,R,「yune」,174.8,80,0.28,3,32,W,Y,1842.41,152,102,83,57,35,143,89,13.477,8.27,-0.53,0,0.185,-466.548,298.742,4.993,0.148,-37.148,0,P0TA0,0.177,-17.092,0,ʚEveɞ,-21.473,-48.871,89,白霜らいふ,-14.237,-64.45,107,인생최패망자,15.817,-45.428,0,ibqrqki,10.229,-64.519,0,Ѕeyeon,39.901,-97.647,0,カズティー,0.205,-114.829,0,NABIMan,-50.817,-97.823,0,1844.103,-7.698,-62.324,1844.57,3,白霜らいふ,-7.604,-61.996,0,1,,,,,98,2
9,1,0,0,0,0,0,1,0,0,0,255,255,255,1,1870.584,sano jpn,R,33,74,126,0.427,0.292,0.299,1.34,-0.012,1.74,-36.24,19.473,0,100,0,0,0,149.999,-67.918,-13.527,0,0,0,1,9,R,Gonyong,190,85,0.2,0,55,W,Y,0,0,0,0,0,0,0,0,0,0,0,0,0,0,0,0,-0.629,-38.382,0,P0TA0,0.147,-16.905,0,ʚEveɞ,-21.068,-47.699,0,白霜らいふ,-15.083,-64.123,0,인생최패망자,16.982,-46.286,0,ibqrqki,10.262,-65.529,0,Ѕeyeon,47.514,-94.243,0,カズティー,-4.203,-122.429,0,NABIMan,-51.677,-101.251,0,0,0,0,0,0,,0,0,0,0,1871.603,,,,0,0
10,1,0,0,0,0,1,1,0,0,0,255,255,255,2,1889.387,sano jpn,R,0,82,119,0.144,-1.543,0.462,1.197,0.048,0.648,-36.24,36.952,34,66,0,1,0,0,0,-10.773,-0.08,-16.55,0,1,9,R,Gonyong,190,85,0.2,0,53,W,Y,0,0,0,0,0,0,0,0,0,0,0,0,0,0,0,0,0.132,-37.439,0,P0TA0,0.1,-16.709,0,ʚEveɞ,-21.159,-47.629,0,白霜らいふ,-13.505,-64.533,0,인생최패망자,16.916,-46.208,0,ibqrqki,10.308,-65.487,0,Ѕeyeon,47.536,-94.242,0,カズティー,-4.205,-122.427,0,NABIMan,-52.775,-101.218,0,0,0,0,0,0,,0,0,0,0,1890.653,,,,0,0
11,1,0,0,0,1,1,1,0,0,0,255,255,255,3,1905.252,sano jpn,R,33,81,131,1.95,0.431,0.515,1.438,0.629,1.842,-36.24,29.98,0,100,0,2,0,145.926,-51.303,-6.933,0,0,1,1,9,R,Gonyong,190,85,0.2,3,53,W,Y,1906.309,198,115,174,64,37,145,118,-5.965,25.245,0.12,0.095,0.494,106.005,-41.665,-15.161,0.109,-37.127,0,P0TA0,0.147,-17.036,0,ʚEveɞ,-21.053,-47.679,95,白霜らいふ,-13.916,-64.583,92,인생최패망자,16.579,-46.025,0,ibqrqki,9.747,-64.996,0,Ѕeyeon,46.131,-96.347,0,カズティー,-4.21,-122.424,0,NABIMan,-52.832,-101.954,0,1906.203,-3.521,-26.525,1907.953,3,白霜らいふ,-19.302,-59.636,0,0,,,,,98,2
12,1,0,0,0,0,0,2,0,0,0,255,255,255,4,1932.768,sano jpn,R,33,70,122,1.492,0.109,0.571,1.421,0.437,1.637,-36.24,33.281,0,100,0,1,0,148.797,-47.843,-12.324,0,0,0,2,6,R,あくせる,190,89.801,0.5,0,75,W,Y,0,0,0,0,0,0,0,0,0,0,0,0,0,0,0,0,0.062,-37.581,0,P0TA0,0.15,-17.063,0,ʚEveɞ,-20.891,-47.876,0,白霜らいふ,-15.085,-63.726,0,인생최패망자,20.734,-51.184,0,ibqrqki,10.13,-65.323,0,Ѕeyeon,43.539,-101.144,0,カズティー,1.264,-123.133,0,NABIMan,-54.915,-102.616,0,0,0,0,0,0,,0,0,0,0,1933.786,,,,0,0
13,1,0,0,0,1,0,2,0,0,0,255,255,255,5,1950.389,sano jpn,R,33,81,132,1.039,0.343,0.413,1.404,0.301,1.751,-36.24,20.227,0,100,0,2,0,100.011,-94.195,-3.167,0,0,1,2,6,R,あくせる,190,89.801,0.5,3,75,W,Y,1951.474,255,55,197,86,40,145,130,-15.002,30.542,0.65,0,0.187,-111.082,268.331,-30.831,0.176,-37.143,0,P0TA0,0.12,-17.075,0,ʚEveɞ,-20.797,-47.726,87,白霜らいふ,-14.909,-63.751,0,인생최패망자,20.617,-50.916,0,ibqrqki,10.215,-65.964,0,Ѕeyeon,43.536,-101.18,0,カズティー,0.544,-123.1,0,NABIMan,-56.071,-103.117,0,1951.136,-1.864,-21.202,1952.57,2,ʚEveɞ,-16.528,-47.969,0,0,,,,,2,2
14,2,1,0,0,0,0,0,0,0,0,255,255,255,7,2009.165,Metalu,R,26,51,108,-0.904,0.056,0.153,1.689,-0.22,1.406,-36.505,12.601,59,41,0,0,0,-143.424,-200,41.082,0,0,0,4,7,R,カズティー,175,84.645,0.33,0,48,W,Y,0,0,0,0,0,0,0,0,0,0,0,0,0,0,0,0,-0.177,-37.357,0,kneesohime,-0.048,-17.33,0,にゃんこ65K,-21.495,-49.643,0,vovopo 보보포,-14.406,-61.133,0,Parottey,20.415,-47.931,0,CoalCat,11.838,-64.057,0,あくせる,30.415,-105.98,0,「yune」,-14.21,-113.707,0,Roscosmos,-39.374,-85.916,0,0,0,0,0,0,,0,0,0,0,2010.203,,,,0,0
15,2,1,0,0,0,1,0,0,0,0,255,255,255,8,2028.686,Metalu,R,26,100,140,0.143,-2.003,0.206,1.369,0.03,0.279,-36.505,15.889,60,40,0,1,0,19.207,-176.781,5.954,0,0,0,4,7,R,カズティー,175,84.645,0.33,0,48,W,Y,0,0,0,0,0,0,0,0,0,0,0,0,0,0,0,0,-0.045,-37.344,0,kneesohime,0.062,-17.292,0,にゃんこ65K,-21.902,-50.236,0,vovopo 보보포,-13.889,-60.356,0,Parottey,20.388,-47.592,0,CoalCat,11.779,-64.157,0,あくせる,30.04,-106.275,0,「yune」,-13.849,-113.798,0,Roscosmos,-39.701,-86.28,0,0,0,0,0,0,,0,0,0,0,2029.603,,,,0,0
16,2,1,0,0,1,1,0,0,0,0,255,255,255,9,2046.355,Metalu,R,27,87,140,2.198,1.053,0.383,1.943,0.866,2.092,-36.505,34.217,93,7,0,1,0,59.397,-118.243,-0.548,0,0,0,4,7,R,カズティー,175,84.645,0.33,0,48,W,Y,0,0,0,0,0,0,0,0,0,0,0,0,0,0,0,0,-0.074,-37.34,0,kneesohime,0.272,-17.301,0,にゃんこ65K,-22.025,-50.104,0,vovopo 보보포,-14.571,-62.089,0,Parottey,20.809,-47.463,0,CoalCat,11.752,-64.123,0,あくせる,29.644,-106.538,0,「yune」,-14.01,-113.676,0,Roscosmos,-40.812,-86.386,0,0,0,0,0,0,,0,0,0,0,2047.32,,,,0,0
17,2,1,0,0,2,1,0,0,0,0,255,255,255,10,2066.187,Metalu,R,27,87,140,1.314,1.272,0.301,1.971,0.487,2.224,-36.505,34.842,94,6,0,1,0,57.267,-112.206,0.526,0,0,0,4,7,R,カズティー,175,84.645,0.33,0,48,W,Y,0,0,0,0,0,0,0,0,0,0,0,0,0,0,0,0,0.098,-37.232,0,kneesohime,0.07,-17.327,0,にゃんこ65K,-21.987,-50.108,0,vovopo 보보포,-14.245,-62.277,0,Parottey,20.969,-47.71,0,CoalCat,11.746,-64.144,0,あくせる,29.51,-106.508,0,「yune」,-13.419,-115.343,0,Roscosmos,-41.948,-85.427,0,0,0,0,0,0,,0,0,0,0,2067.036,,,,0,0
18,2,1,0,0,3,1,0,0,0,0,255,255,255,11,2082.784,Metalu,R,28,79,129,-0.143,0.921,0.177,1.928,-0.117,2.05,-36.505,28.869,100,0,0,0,0,32.896,-71.513,0.328,0,0,0,4,7,R,カズティー,175,84.645,0.33,0,48,W,Y,0,0,0,0,0,0,0,0,0,0,0,0,0,0,0,0,0.087,-37.304,0,kneesohime,0.012,-17.296,0,にゃんこ65K,-21.864,-50.076,0,vovopo 보보포,-13.29,-61.134,0,Parottey,21.169,-47.413,0,CoalCat,11.285,-64.229,0,あくせる,29.471,-106.535,0,「yune」,-14.823,-115.324,0,Roscosmos,-43.961,-87.023,0,0,0,0,0,0,,0,0,0,0,2083.77,,,,0,0
19,2,1,0,0,3,2,0,0,0,0,255,255,255,12,2099.505,Metalu,R,27,82,133,0.03,1.892,0.2,2.066,-0.071,2.579,-36.505,41.273,93,7,0,4,0,54.217,-107.744,1.947,0,0,1,4,7,R,カズティー,175,84.645,0.33,0,48,W,Y,0,0,0,0,0,0,0,0,0,0,0,0,0,0,0,0,0.293,-37.017,0,kneesohime,-0.051,-17.328,0,にゃんこ65K,-21.93,-49.967,0,vovopo 보보포,-14.029,-61.656,0,Parottey,20.912,-47.634,0,CoalCat,11.004,-66.456,0,あくせる,25.657,-105.897,0,「yune」,-12.709,-115.529,0,Roscosmos,-44.194,-85.914,0,0,0,0,0,0,,0,0,0,0,2100.486,,,,0,0
20,2,1,0,0,0,0,1,0,0,0,255,255,255,13,2159.213,Metalu,R,27,99,140,-1.079,-0.642,0.079,1.59,-0.564,1.103,-36.505,5.981,50,50,0,0,0,78.471,-117.416,2.578,0,0,0,5,0,R,sano jpn,190,90.118,0.561,0,56,W,Y,0,0,0,0,0,0,0,0,0,0,0,0,0,0,0,0,-0.039,-37.348,0,kneesohime,-0.025,-17.361,0,にゃんこ65K,-22.498,-50.943,0,vovopo 보보포,-13.43,-61.18,0,Parottey,20.532,-47.977,0,CoalCat,11.925,-65.175,0,あくせる,26.58,-105.526,0,「yune」,-14.672,-115.153,0,Roscosmos,-43.208,-85.075,0,0,0,0,0,0,,0,0,0,0,2160.27,,,,0,0
21,2,1,0,0,0,1,1,0,0,0,255,255,255,14,2175.095,Metalu,R,10,63,107,0.91,0.959,0.361,1.907,0.419,1.76,-36.505,26.564,97,3,0,2,0,-76.867,400,-68.154,0,0,1,5,0,R,sano jpn,190,90.118,0.561,3,56,W,Y,2176.305,112,38,91,95,51,137,130,-30,5.429,0.58,0.286,0.533,-409.922,8.106,109.034,0.502,-36.957,0,kneesohime,0.23,-17.346,0,にゃんこ65K,-22.772,-51.071,0,vovopo 보보포,-13.592,-61.403,0,Parottey,20.868,-48.47,0,CoalCat,11.89,-65.075,77,あくせる,26.638,-105.539,0,「yune」,-11.397,-117.183,85,Roscosmos,-43.165,-85.499,0,2175.97,0.003,-21.508,2179.72,7,「yune」,-7.824,-102.789,1,0,,,,,65,2
22,2,1,0,0,0,0,1,1,0,0,0,255,255,15,2206.922,Metalu,R,26,85,137,0.35,1.923,0.215,2.072,0.046,2.549,-36.505,40.494,90,10,0,1,0,83.691,-163.592,2.645,0,0,0,6,3,R,白霜らいふ,175.2,80,0.653,0,56,W,Y,0,0,0,0,0,0,0,0,0,0,0,0,0,0,0,0,-0.101,-37.429,0,kneesohime,0.147,-17.566,0,にゃんこ65K,-20.26,-43.135,0,vovopo 보보포,-14.552,-60.453,0,Parottey,20.842,-47.56,0,CoalCat,6.548,-60.778,0,あくせる,24.586,-100.758,0,「yune」,-6.641,-114.006,0,Roscosmos,-42.237,-85.488,0,0,0,0,0,0,,0,0,0,0,2207.97,,,,0,0
23,2,1,0,0,1,0,1,1,0,0,0,255,255,16,2223.031,Metalu,R,27,93,140,-2.255,-1.948,-0.029,1.389,-1.066,0.353,-36.505,12.849,43,57,0,1,0,62.579,-123.456,2.287,0,0,0,6,3,R,白霜らいふ,175.2,80,0.653,0,56,W,Y,0,0,0,0,0,0,0,0,0,0,0,0,0,0,0,0,-0.306,-37.394,0,kneesohime,-0.618,-17.348,0,にゃんこ65K,-19.791,-42.17,0,vovopo 보보포,-14.562,-59.586,0,Parottey,20.558,-48.072,0,CoalCat,6.621,-60.862,0,あくせる,24.772,-101.301,0,「yune」,-11.925,-113.696,0,Roscosmos,-43.297,-84.897,0,0,0,0,0,0,,0,0,0,0,2224.136,,,,0,0
24,2,1,0,0,2,0,1,1,0,0,0,255,255,17,2239.671,Metalu,R,27,88,140,0.716,-0.42,0.245,1.723,0.262,1.241,-36.505,18.349,97,3,0,2,0,31.296,-118.727,-1.922,0,0,1,6,3,R,白霜らいふ,175.2,80,0.653,3,56,W,Y,2240.779,255,216,88,139,72,145,104,25.984,-33.479,0.9,0,0.551,169.568,-502.813,276.268,-0.098,-37.078,0,kneesohime,-0.013,-17.516,0,にゃんこ65K,-19.863,-44.606,0,vovopo 보보포,-14.255,-59.73,0,Parottey,20.588,-47.856,0,CoalCat,6.769,-60.765,85,あくせる,24.542,-101.699,118,「yune」,-12.173,-113.52,0,Roscosmos,-43.014,-84.545,0,2245.453,60.201,-93.505,2248.503,6,あくせる,63.118,-97.832,1,0,,2245.864,2250.971,,68,2
25,2,1,0,0,0,0,1,0,1,1,255,3,0,18,2275.184,Metalu,R,26,95,140,-1.248,-1.535,0.079,1.465,-0.562,0.589,-36.505,9.521,56,44,0,1,0,12.999,-151.024,4.264,0,0,0,7,6,R,Ѕeyeon,170.5,85,0.35,0,56,W,Y,0,0,0,0,0,0,0,0,0,0,0,0,0,0,0,0,-0.318,-37.53,0,kneesohime,-0.066,-17.392,0,にゃんこ65K,-19.158,-42.92,0,vovopo 보보포,-13.451,-58.453,0,Parottey,20.219,-46.508,0,CoalCat,7.909,-60.094,0,あくせる,30.807,-95.374,0,「yune」,-9.001,-105.452,0,Roscosmos,-40.474,-84.12,0,0,0,0,0,0,,0,0,0,0,2276.169,2277.3,2277.46,,0,0
26,2,1,0,0,1,0,1,0,1,1,255,3,0,19,2291.319,Metalu,R,27,89,140,-0.852,-0.731,0.116,1.596,-0.389,1.063,-36.505,6.462,55,45,0,0,0,10.12,-127.277,4.676,0,0,1,7,6,R,Ѕeyeon,170.5,85,0.35,0,56,W,Y,0,0,0,0,0,0,0,0,0,0,0,0,0,0,0,0,-0.215,-37.512,0,kneesohime,-0.01,-17.531,0,にゃんこ65K,-19.428,-43.722,0,vovopo 보보포,-13.833,-57.833,0,Parottey,18.516,-43.131,0,CoalCat,7.91,-60.104,0,あくせる,30.615,-95.108,0,「yune」,-9.851,-106.453,0,Roscosmos,-40.398,-84.067,0,0,0,0,0,0,,0,0,0,0,2292.27,2293.862,2294.243,,0,0
27,2,1,0,0,1,1,1,0,1,1,255,3,0,20,2304.615,Metalu,R,13,64,106,-2.568,-0.979,0.172,1.772,-0.373,1.546,-36.505,16.354,96,4,0,1,0,-376.237,312.348,-34.663,0,0,0,7,6,R,Ѕeyeon,170.5,85,0.35,0,56,W,Y,0,0,0,0,0,0,0,0,0,0,0,0,0,0,0,0,-0.146,-37.544,0,kneesohime,-0.331,-17.444,0,にゃんこ65K,-19.742,-44.014,0,vovopo 보보포,-13.747,-57.925,0,Parottey,19.037,-43.396,0,CoalCat,8.027,-60.143,0,あくせる,30.77,-95.749,0,「yune」,-9.891,-106.838,0,Roscosmos,-41.133,-84.255,0,0,0,0,0,0,,0,0,0,0,2305.736,2306.765,2307.436,,0,0
28,2,1,0,0,2,1,1,0,1,1,255,3,0,21,2316.927,Metalu,R,3,61,104,1.173,0.694,0.561,2.023,1.38,2.175,-36.505,45.925,94,6,0,0,0,-451.038,116.311,-19.091,0,0,0,7,6,R,Ѕeyeon,170.5,85,0.35,0,56,W,Y,0,0,0,0,0,0,0,0,0,0,0,0,0,0,0,0,-0.01,-37.404,0,kneesohime,0.071,-17.541,0,にゃんこ65K,-19.682,-43.817,0,vovopo 보보포,-13.735,-57.943,0,Parottey,18.861,-43.154,0,CoalCat,8.084,-59.668,0,あくせる,31.206,-94.177,0,「yune」,-10.329,-107.964,0,Roscosmos,-41.592,-84.605,0,0,0,0,0,0,,0,0,0,0,2317.97,2319.158,2319.446,,0,0
29,2,1,0,0,2,2,1,0,1,1,255,3,0,22,2328.475,Metalu,R,27,96,140,-1.231,-0.435,0.073,1.645,-0.592,1.241,-36.505,5.802,59,41,0,0,0,39.716,-114.697,4.243,0,0,0,7,6,R,Ѕeyeon,170.5,85,0.35,0,56,W,Y,0,0,0,0,0,0,0,0,0,0,0,0,0,0,0,0,-0.229,-37.453,0,kneesohime,-0.046,-17.532,0,にゃんこ65K,-19.394,-43.804,0,vovopo 보보포,-13.769,-57.86,0,Parottey,18.922,-43.713,0,CoalCat,8.074,-59.673,0,あくせる,31.238,-94.26,0,「yune」,-10.006,-107.631,0,Roscosmos,-41.896,-85.285,0,0,0,0,0,0,,0,0,0,0,2329.336,2331.736,2330.953,,0,0
30,2,1,0,0,0,0,2,0,1,1,255,3,0,23,2350.827,Metalu,R,28,80,131,-0.287,1.38,0.166,1.988,-0.172,2.233,-36.505,31.66,94,6,0,1,0,33.049,-95.796,1.976,0,0,0,8,5,L,ibqrqki,164.9,86.676,0.604,0,56,W,Y,0,0,0,0,0,0,0,0,0,0,0,0,0,0,0,0,-0.084,-37.471,0,kneesohime,-0.076,-17.671,0,にゃんこ65K,-21.243,-48.003,0,vovopo 보보포,-10.518,-59.934,0,Parottey,19.491,-42.235,0,CoalCat,12.754,-61.348,0,あくせる,41.986,-87.458,0,「yune」,-1.334,-107.425,0,Roscosmos,-40.189,-88.685,0,0,0,0,0,0,,0,0,0,0,2351.986,2354.016,2353.206,,0,0
31,2,1,0,0,1,0,2,0,1,1,255,3,0,24,2368.482,Metalu,R,27,93,140,-1.056,0.416,0.089,1.771,-0.516,1.697,-36.505,17.679,93,7,0,0,0,39.806,-122.372,1.969,0,0,1,8,5,L,ibqrqki,164.9,86.676,0.604,0,56,W,Y,0,0,0,0,0,0,0,0,0,0,0,0,0,0,0,0,-0.149,-37.547,0,kneesohime,-0.102,-17.63,0,にゃんこ65K,-21.546,-48.392,0,vovopo 보보포,-10.648,-60.067,0,Parottey,18.345,-41.43,0,CoalCat,12.713,-61.316,0,あくせる,41.754,-87.354,0,「yune」,-1.385,-107.314,0,Roscosmos,-39.902,-88.859,0,0,0,0,0,0,,0,0,0,0,2369.536,2371.219,2371.303,,0,0
32,2,1,0,0,1,1,2,0,1,1,255,3,0,25,2388.715,Metalu,R,13,69,109,-1.914,0.181,0.222,1.968,-0.117,2.171,-36.505,32.87,98,2,0,2,0,-386.885,312.348,-25.169,0,0,1,8,5,L,ibqrqki,164.9,86.676,0.604,3,56,W,Y,2390.034,255,62,78,59,24,145,82,-10.859,26.27,-0.81,0,0.159,305.546,476.243,137.013,0.043,-36.843,0,kneesohime,-0.23,-17.694,0,にゃんこ65K,-21.73,-49.223,85,vovopo 보보포,-10.218,-59.979,0,Parottey,19.327,-43.989,0,CoalCat,13.316,-60.234,0,あくせる,41.568,-87.35,0,「yune」,4.231,-110.533,0,Roscosmos,-40.339,-89.285,0,2389.903,-2.196,-23.02,2394.32,8,Roscosmos,-30.674,-69.849,1,0,,,2395.128,2394.553,264,2
33,2,1,1,0,0,0,2,1,0,1,5,255,3,26,2418.782,Metalu,R,27,91,140,1.015,0.459,0.267,1.892,0.361,1.791,-36.505,28.939,93,7,0,2,0,54.819,-114.267,-2.059,0,0,1,0,8,L,NABIMan,190,83.228,0.48,3,56,W,Y,2419.75,255,151,60,126,121,138,97,110.427,-49.091,0.93,0,0.307,80,474.275,73.031,0.005,-37.067,0,kneesohime,0.097,-17.294,0,にゃんこ65K,-19.562,-43.78,0,vovopo 보보포,-12.185,-58.941,0,Parottey,19.351,-42.346,0,CoalCat,13.487,-60.419,0,あくせる,48.372,-99.11,0,「yune」,5.009,-111.065,0,Roscosmos,-38.562,-85.687,0,0,0,0,0,0,,0,0,0,0,,,,,0,3
34,2,1,1,0,0,1,2,1,0,1,5,255,3,27,2440.017,Metalu,R,27,86,139,2.348,0.309,0.377,1.844,0.946,1.7,-36.505,29.822,96,4,0,4,0,47.989,-111.64,-1.959,0,0,1,0,8,L,NABIMan,190,83.228,0.48,0,56,W,Y,0,0,0,0,0,0,0,0,0,0,0,0,0,0,0,0,-0.16,-37.405,0,kneesohime,0.075,-17.362,0,にゃんこ65K,-20.515,-43.818,0,vovopo 보보포,-12.913,-59.694,0,Parottey,18.014,-42.22,0,CoalCat,13.795,-61.92,0,あくせる,49.369,-98.46,0,「yune」,3.137,-111.279,0,Roscosmos,-38.807,-83.956,0,0,0,0,0,0,,0,0,0,0,2440.886,,2442.357,,0,0
35,2,1,1,0,0,2,2,1,0,1,5,255,3,28,2459.974,Metalu,R,27,89,140,-1.703,-0.79,0.017,1.651,-0.754,1.015,-36.505,9.065,63,37,0,2,0,8.498,-107.39,2.538,0,0,1,0,8,L,NABIMan,190,83.228,0.48,3,56,W,Y,2460.951,255,122,79,112,125,145,128,92.701,85.063,0.28,0,0.103,112.866,554.635,50.879,-0.09,-36.886,0,kneesohime,-0.251,-17.615,0,にゃんこ65K,-20.68,-47.751,0,vovopo 보보포,-12.737,-59.642,0,Parottey,18.996,-42.324,0,CoalCat,14.599,-61.466,0,あくせる,49.402,-98.409,0,「yune」,-1.337,-113.718,0,Roscosmos,-38.253,-83.235,0,0,0,0,0,0,,0,0,0,0,,,2461.187,,0,3
36,2,1,1,0,0,2,2,1,0,1,5,255,3,29,2478.225,Metalu,R,26,59,114,0.811,-0.392,0.246,1.607,0.213,1.159,-36.505,3.591,57,43,0,2,0,80.574,-200,-53.047,0,0,1,0,8,L,NABIMan,190,83.228,0.48,3,56,W,Y,2479.304,237,189,183,124,141,145,123,25.755,-32.639,0.74,0,0.275,74.031,56.654,141.108,0.373,-36.711,0,kneesohime,0.1,-17.5,0,にゃんこ65K,-20.191,-46.449,0,vovopo 보보포,-12.437,-59.613,0,Parottey,18.895,-43.157,0,CoalCat,14.21,-62.096,0,あくせる,50.432,-96.755,95,「yune」,5.04,-113.873,0,Roscosmos,-37.287,-82.56,0,0,0,0,2483.786,6,あくせる,54.119,-108.099,0,0,,2483.719,,2485.729,36,1
37,2,0,1,0,0,0,0,0,0,0,255,255,255,6,2534.42,sano jpn,R,26,83,135,-1.004,-1.171,0.203,1.065,-0.466,0.731,-36.24,34.718,16,43,41,1,0,18.94,-185.249,-8.425,0,0,0,3,2,R,にゃんこ65K,190,91.072,0.596,0,91,W,Y,0,0,0,0,0,0,0,0,0,0,0,0,0,0,0,0,0.109,-37.249,0,P0TA0,0.097,-17.08,0,ʚEveɞ,-21.661,-49.617,0,白霜らいふ,-13.441,-64.253,0,인생최패망자,19.036,-50.596,0,ibqrqki,10.652,-65.183,0,Ѕeyeon,40.328,-99.751,0,カズティー,-0.331,-123.704,0,NABIMan,-50.291,-97.173,0,0,0,0,0,0,,0,0,0,0,2535.419,,,,0,0
38,2,0,1,0,1,0,0,0,0,0,255,255,255,7,2550.428,sano jpn,R,34,86,139,1.567,-0.375,0.419,1.247,0.54,1.321,-36.24,25.101,13,87,0,2,0,99.088,-81.064,-10.398,0,0,1,3,2,R,にゃんこ65K,190,91.072,0.596,3,91,W,Y,2551.498,207,109,124,79,50,145,100,26.467,34.129,-0.36,0,0.318,355.758,-76.068,47.508,0.152,-36.898,0,P0TA0,0.118,-16.987,0,ʚEveɞ,-21.687,-49.452,0,白霜らいふ,-14.428,-64.434,86,인생최패망자,18.807,-50.251,0,ibqrqki,10.389,-65.272,0,Ѕeyeon,39.766,-100.148,0,カズティー,-0.338,-123.704,0,NABIMan,-50.985,-98.175,105,0,0,0,2556.303,8,NABIMan,-47.726,-91.014,0,0,,,,,97,1
39,2,0,1,0,0,0,1,0,0,0,255,255,255,8,2599.135,sano jpn,R,4,78,110,-1.73,-0.504,0.356,1.418,-0.458,1.443,-36.24,16.146,26,74,0,2,0,-206.049,126.119,-5.822,0,0,1,4,1,R,kneesohime,190,84.513,0.501,3,56,W,Y,2600.259,255,145,82,149,70,145,130,-30,30.186,0.58,0,0.243,413.75,181.271,240.639,0.087,-37.356,0,P0TA0,-0.132,-17.011,0,ʚEveɞ,-21.819,-48.621,100,白霜らいふ,-14.533,-64.351,0,인생최패망자,19.551,-49.98,0,ibqrqki,10.137,-65.294,0,Ѕeyeon,39.549,-100.331,0,カズティー,-1.669,-122.318,0,NABIMan,-52.377,-97.84,0,2599.903,-1.089,-21.607,2601.353,2,ʚEveɞ,-17.035,-49.03,0,0,,,,,34,2
40,2,0,1,0,0,0,2,0,0,0,255,255,255,9,2625.918,sano jpn,R,32,81,131,1.07,-0.089,0.458,1.313,0.241,1.545,-36.24,26.185,0,100,0,0,0,175.257,-21.082,-16.52,0,0,0,5,4,R,Parottey,190,84,0.442,0,56,W,Y,0,0,0,0,0,0,0,0,0,0,0,0,0,0,0,0,0.244,-37.579,0,P0TA0,0.176,-16.826,0,ʚEveɞ,-21.339,-48.071,0,白霜らいふ,-15.276,-63.575,0,인생최패망자,19.688,-50.804,0,ibqrqki,9.802,-65.85,0,Ѕeyeon,39.865,-100.136,0,カズティー,-0.568,-122.343,0,NABIMan,-50.04,-94.069,0,0,0,0,0,0,,0,0,0,0,2626.936,,,,0,0
41,2,0,1,0,0,1,2,0,0,0,255,255,255,10,2644.303,sano jpn,R,3,77,115,-3.499,-0.812,0.176,1.238,-0.688,1.118,-36.24,22.952,0,100,0,1,0,-500,0,-33.41,0,0,0,5,4,R,Parottey,190,84,0.442,0,56,W,Y,0,0,0,0,0,0,0,0,0,0,0,0,0,0,0,0,0.09,-37.756,0,P0TA0,-0.094,-16.918,0,ʚEveɞ,-21.373,-48.289,0,白霜らいふ,-15.361,-63.555,0,인생최패망자,19.798,-50.278,0,ibqrqki,9.728,-65.893,0,Ѕeyeon,39.821,-100.101,0,カズティー,-1.066,-122.032,0,NABIMan,-52.284,-98.229,0,0,0,0,0,0,,0,0,0,0,2645.436,,,,0,0
42,2,0,1,0,1,1,2,0,0,0,255,255,255,11,2658.912,sano jpn,R,27,77,128,1.104,0.601,0.381,1.423,0.363,1.89,-36.24,19.277,0,100,0,2,0,73.118,-117.828,-12.354,0,0,1,5,4,R,Parottey,190,84,0.442,3,56,W,Y,2660.048,164,109,67,59,34,138,120,-30,44.061,0.77,0,0.325,-282.84,481.533,47.418,0.122,-37.263,0,P0TA0,0.137,-16.807,0,ʚEveɞ,-21.32,-48.468,0,白霜らいふ,-15.158,-63.605,0,인생최패망자,19.208,-49.969,0,ibqrqki,9.727,-65.756,0,Ѕeyeon,39.85,-100.128,0,カズティー,-0.645,-124.636,0,NABIMan,-52.501,-98.365,0,2659.753,-1.82,-20.701,0,0,,0,0,0,0,,,,,32,3
43,2,0,1,0,1,2,2,0,0,0,255,255,255,12,2675.605,sano jpn,R,11,77,121,-1.032,-0.377,0.277,1.528,-0.456,1.636,-36.24,22.519,70,30,0,2,0,-1.371,240.112,2.924,0,0,1,5,4,R,Parottey,190,84,0.442,3,56,W,Y,2676.774,255,193,105,67,33,145,130,10.013,38.607,0.61,0,0.623,45.803,381.572,234.276,-0.161,-37.19,0,P0TA0,-0.146,-16.795,0,ʚEveɞ,-20.616,-47.899,0,白霜らいふ,-15.257,-63.413,0,인생최패망자,17.715,-47.78,0,ibqrqki,8.843,-65.902,0,Ѕeyeon,39.244,-100.799,0,カズティー,-0.596,-123.174,0,NABIMan,-52.474,-96.367,0,2678.52,-44.344,-69.234,0,0,,0,0,1,0,2872.02,2687.231,,,104,0
44,2,0,1,0,0,0,2,0,1,0,255,14,255,13,2984.41,sano jpn,R,33,77,128,0.88,-0.648,0.537,1.341,0.24,1.184,-36.24,29.341,0,100,0,0,0,103.039,-48.569,-4.831,0,0,0,6,5,R,CoalCat,174.7,82.838,0.435,0,37,W,Y,0,0,0,0,0,0,0,0,0,0,0,0,0,0,0,0,0.155,-37.771,0,P0TA0,0.119,-16.815,0,ʚEveɞ,-20.99,-48.509,0,白霜らいふ,-15.436,-63.002,0,인생최패망자,16.855,-42.845,0,ibqrqki,5.286,-63.13,0,Ѕeyeon,41.448,-96.534,0,カズティー,0.011,-117.312,0,NABIMan,-48.325,-96.446,0,0,0,0,0,0,,0,0,0,0,2985.436,2987.007,,,0,0
45,2,0,1,0,0,1,2,0,1,0,255,14,255,14,3005.092,sano jpn,R,3,73,100,-3.23,-0.645,0.344,1.309,-0.505,1.268,-36.24,22.486,26,74,0,4,0,-454.545,0.954,-14.307,0,0,1,6,5,R,CoalCat,174.7,82.838,0.435,0,37,W,Y,0,0,0,0,0,0,0,0,0,0,0,0,0,0,0,0,0.239,-37.667,0,P0TA0,-0.198,-17.595,0,ʚEveɞ,-21.09,-48.804,0,白霜らいふ,-15.529,-62.942,0,인생최패망자,16.811,-44.716,0,ibqrqki,6.888,-63.214,0,Ѕeyeon,39.567,-97.844,0,カズティー,1.85,-117.042,0,NABIMan,-47.722,-93.687,0,0,0,0,0,0,,0,0,0,0,3006.22,3007.867,,,0,0
46,2,0,1,0,0,2,2,0,1,0,255,14,255,15,3021.484,sano jpn,R,3,76,102,-2.591,-0.33,0.444,1.392,-0.237,1.445,-36.24,36.679,0,100,0,4,0,-463.636,0,-13.823,0,0,1,6,5,R,CoalCat,174.7,82.838,0.435,0,37,W,Y,0,0,0,0,0,0,0,0,0,0,0,0,0,0,0,0,0.327,-37.164,0,P0TA0,-0.185,-18.644,0,ʚEveɞ,-21.161,-48.458,0,白霜らいふ,-16.272,-63.085,0,인생최패망자,16.183,-44.141,0,ibqrqki,8.15,-62.684,0,Ѕeyeon,40.259,-97.429,0,カズティー,-0.54,-115.621,0,NABIMan,-48.406,-95.648,0,0,0,0,0,0,,0,0,0,64,3022.586,,,,0,0
47,3,1,1,0,0,0,0,0,0,0,255,255,255,30,3079.979,Metalu,R,28,88,140,-1.818,-0.062,0.021,1.708,-0.832,1.486,-36.505,13.725,55,45,0,2,0,29.02,-94.617,0.829,0,0,1,1,2,L,ʚEveɞ,190,85.404,0.402,3,55,W,Y,3081.026,255,99,62,49,21,137,84,-14.83,-23.826,-0.88,0,0.239,21.829,-368.584,-423.469,-0.24,-36.913,0,kneesohime,-0.301,-17.311,0,にゃんこ65K,-21.95,-52.166,86,vovopo 보보포,-12.305,-60.069,0,Parottey,20.72,-45.759,105,CoalCat,13.32,-61.422,0,あくせる,48.203,-99.89,0,「yune」,4.33,-115.765,0,Roscosmos,-37.8,-86.905,0,3080.82,1.094,-23.145,3082.67,4,Parottey,14.631,-47.348,0,0,,,,,40,2
48,3,1,1,0,0,0,1,0,0,0,255,255,255,31,3108.008,Metalu,R,13,71,111,-1.584,-1.001,0.245,1.826,-0.084,1.453,-36.505,22.511,99,1,0,1,0,-337.272,369.117,-43.377,0,0,0,2,4,R,인생최패망자,190,80,0.351,0,55,W,Y,0,0,0,0,0,0,0,0,0,0,0,0,0,0,0,0,-0.091,-37.472,0,kneesohime,-0.137,-17.334,0,にゃんこ65K,-22.407,-50.98,0,vovopo 보보포,-12.163,-58.985,0,Parottey,20.144,-48.736,0,CoalCat,12.121,-63.365,0,あくせる,41.02,-98.22,0,「yune」,-5.974,-108.837,0,Roscosmos,-41.869,-85.163,0,0,0,0,0,0,,0,0,0,0,3109.236,,,,0,0
49,3,1,1,0,1,0,1,0,0,0,255,255,255,32,3124.252,Metalu,R,13,64,106,0.735,-0.437,0.488,1.948,1.051,1.781,-36.505,39.084,94,6,0,2,0,-374.031,315.187,-35.363,0,0,1,2,4,R,인생최패망자,190,80,0.351,3,55,W,Y,3125.502,169,190,128,149,83,145,125,-26.985,-21.718,0.74,0,0.4,-47.03,-102.402,-146.877,0.098,-37.118,0,kneesohime,0.028,-17.305,0,にゃんこ65K,-22.308,-51.049,0,vovopo 보보포,-11.956,-59.012,0,Parottey,20.423,-48.337,0,CoalCat,12.185,-63.269,105,あくせる,41.249,-98.129,0,「yune」,-5.77,-108.947,0,Roscosmos,-41.372,-86.727,0,3125.203,0.951,-22.95,3127.17,5,CoalCat,12.01,-56.73,0,0,,,,,72,2
50,3,1,1,0,0,0,2,0,0,0,255,255,255,33,3153.827,Metalu,R,28,91,140,1.51,0.503,0.325,1.898,0.591,1.83,-36.505,30.118,93,7,0,1,0,42.032,-99.532,-1.536,0,0,0,3,1,R,P0TA0,189.5,96.215,0.525,0,55,W,Y,0,0,0,0,0,0,0,0,0,0,0,0,0,0,0,0,-0.049,-37.266,0,kneesohime,0.027,-17.313,0,にゃんこ65K,-23.224,-52.248,0,vovopo 보보포,-12.63,-58.036,0,Parottey,19.681,-46.691,0,CoalCat,11.172,-63.831,0,あくせる,38.145,-97.009,0,「yune」,-4.549,-115.724,0,Roscosmos,-41.257,-85.386,0,0,0,0,0,0,,0,0,0,0,3154.72,,,,0,0
51,3,1,1,0,1,0,2,0,0,0,255,255,255,34,3171.018,Metalu,R,26,67,120,-0.024,-0.775,0.245,1.602,-0.076,0.956,-36.505,11,50,50,0,2,0,24.137,-200,-41.055,0,0,0,3,1,R,P0TA0,189.5,96.215,0.525,3,55,W,Y,3172.057,253,120,154,94,50,145,111,25.173,7.469,0.89,0,0.203,-63.722,412.178,267.777,0.279,-37.083,0,kneesohime,-0.015,-17.389,0,にゃんこ65K,-23.139,-51.957,0,vovopo 보보포,-12.603,-58.024,0,Parottey,19.884,-46.367,0,CoalCat,11.233,-63.72,0,あくせる,38.262,-96.834,0,「yune」,-3.907,-115.777,71,Roscosmos,-40.918,-84.692,0,3176.236,-21.918,-111.339,3176.536,7,「yune」,-21.347,-109.602,0,0,,,,,33,1
52,3,0,1,0,0,0,0,0,0,0,255,255,255,16,3223.896,sano jpn,R,26,80,130,-1.262,-0.166,0.275,1.469,-0.36,1.31,-36.24,12.331,41,59,0,0,0,-195.024,-200,29.484,0,0,0,7,3,L,vovopo 보보포,169.8,80.084,0.55,0,55,W,Y,0,0,0,0,0,0,0,0,0,0,0,0,0,0,0,0,0.201,-37.267,0,P0TA0,-0.02,-17.05,0,ʚEveɞ,-21.314,-48.771,0,白霜らいふ,-12.218,-64.628,0,인생최패망자,16.774,-44.047,0,ibqrqki,11.78,-60.578,0,Ѕeyeon,42.884,-92.049,0,カズティー,-0.094,-111.994,0,NABIMan,-45.035,-98.176,0,0,0,0,0,0,,0,0,0,0,3224.92,,,,0,0
53,3,0,1,0,0,1,0,0,0,0,255,255,255,17,3243.652,sano jpn,R,28,68,108,-0.407,-0.052,0.199,1.286,-0.324,1.5,-36.24,19.339,0,100,0,2,0,77.308,-84.252,-5.978,0,0,1,7,3,L,vovopo 보보포,169.8,80.084,0.55,3,55,W,Y,3244.79,255,255,147,135,49,145,84,-2.416,-58.769,0.98,0,0.408,60.172,289.053,196.386,0.16,-37.268,0,P0TA0,-0.088,-17.06,0,ʚEveɞ,-21.025,-48.621,0,白霜らいふ,-12.076,-64.627,0,인생최패망자,16.384,-43.527,0,ibqrqki,12.725,-62.632,0,Ѕeyeon,42.91,-92.085,0,カズティー,-0.102,-111.985,0,NABIMan,-44.817,-101.165,0,3245.02,10.775,-27.603,0,0,,0,0,0,0,,,,,32,3
54,3,0,1,0,0,2,0,0,0,0,255,255,255,18,3263.36,sano jpn,R,14,85,124,2.646,-2.053,0.433,1.265,0.555,0.822,-36.24,21.712,53,47,0,4,0,388.884,314.276,22.383,0,0,1,7,3,L,vovopo 보보포,169.8,80.084,0.55,0,55,W,Y,0,0,0,0,0,0,0,0,0,0,0,0,0,0,0,0,0.062,-37.511,0,P0TA0,-0.98,-18.765,0,ʚEveɞ,-21.299,-48.323,0,白霜らいふ,-13.179,-64.011,0,인생최패망자,16.075,-43.485,0,ibqrqki,12.808,-62.641,0,Ѕeyeon,42.592,-92.638,0,カズティー,-0.075,-111.982,0,NABIMan,-43.494,-97.483,0,0,0,0,0,0,,0,0,0,0,3264.453,,,,0,0
55,3,0,1,0,0,0,1,0,0,0,255,255,255,19,3298.993,sano jpn,R,33,81,131,0.249,-0.286,0.523,1.397,-0.053,1.41,-36.24,40.406,0,100,0,0,0,120.662,-33.367,-5.41,0,0,0,8,8,R,Roscosmos,175,90.135,0.473,0,55,W,Y,0,0,0,0,0,0,0,0,0,0,0,0,0,0,0,0,-0.115,-37.069,0,P0TA0,0.105,-16.678,0,ʚEveɞ,-21.152,-48.643,0,白霜らいふ,-14.334,-64.241,0,인생최패망자,18.263,-47.465,0,ibqrqki,9.235,-62.151,0,Ѕeyeon,38.266,-96.419,0,カズティー,0.282,-117.817,0,NABIMan,-52.128,-97.181,0,0,0,0,0,0,,0,0,0,0,3299.77,,,,0,0
56,3,0,1,0,0,1,1,0,0,0,255,255,255,20,3317.567,sano jpn,R,10,75,104,0.985,-2.293,0.5,1.306,0.338,1.173,-36.24,34.466,37,63,0,4,0,0,400,-14.984,-0.567,-19.613,1,8,8,R,Roscosmos,175,90.135,0.473,0,55,W,Y,0,0,0,0,0,0,0,0,0,0,0,0,0,0,0,0,0.064,-37.177,0,P0TA0,-0.839,-17.578,0,ʚEveɞ,-21.392,-47.728,0,白霜らいふ,-14.285,-64.239,0,인생최패망자,18.243,-47.427,0,ibqrqki,10.538,-65.494,0,Ѕeyeon,38.285,-96.468,0,カズティー,0.266,-117.698,0,NABIMan,-54.744,-99.633,0,0,0,0,0,0,,0,0,0,0,3321.486,,,,0,0
57,3,0,1,0,0,2,1,0,0,0,255,255,255,21,3340.293,sano jpn,R,0,76,125,-1.126,-0.818,0.334,1.265,-0.456,1.182,-36.24,28.389,40,60,0,0,0,-30.58,40.13,-5.282,0,0,0,8,8,R,Roscosmos,175,90.135,0.473,0,47,W,Y,0,0,0,0,0,0,0,0,0,0,0,0,0,0,0,0,0.072,-37.201,0,P0TA0,-0.091,-16.916,0,ʚEveɞ,-21.286,-48.391,0,白霜らいふ,-14.384,-64.232,0,인생최패망자,17.178,-46.728,0,ibqrqki,10.367,-65.515,0,Ѕeyeon,37.713,-96.954,0,カズティー,0.276,-117.809,0,NABIMan,-54.481,-99.588,0,0,0,0,0,0,,0,0,0,256,3341.07,,,,0,0
58,3,0,1,0,0,0,2,0,0,0,255,255,255,22,3782.086,sano jpn,R,34,87,140,0.575,-0.443,0.505,1.337,0.108,1.318,-36.24,31.325,0,100,0,0,0,97.905,-41.67,-7.781,0,0,0,0,7,R,「yune」,174.8,80,0.28,0,31,W,Y,0,0,0,0,0,0,0,0,0,0,0,0,0,0,0,0,-0.107,-37.275,0,P0TA0,0.088,-16.983,0,ʚEveɞ,-20.84,-48.689,0,白霜らいふ,-14.317,-64.05,0,인생최패망자,15.23,-43.26,0,ibqrqki,8.358,-63.893,0,Ѕeyeon,36.361,-94.881,0,カズティー,0.466,-116.069,0,NABIMan,-51.589,-96.451,0,0,0,0,0,0,,0,0,0,0,3783.12,,,,0,0
59,3,0,1,0,0,1,2,0,0,0,255,255,255,23,3797.799,sano jpn,R,32,83,135,2.063,0.642,0.569,1.495,0.677,1.952,-36.24,35.919,0,100,0,2,0,151.088,-29.674,-6.888,0,0,1,0,7,R,「yune」,174.8,80,0.28,3,31,W,Y,3798.924,255,53,90,44,33,145,126,-30,-1.509,0.63,0,0.105,-286.723,-172.023,144.453,0.271,-36.95,0,P0TA0,0.135,-17.01,0,ʚEveɞ,-20.873,-48.557,0,白霜らいふ,-14.288,-64.051,0,인생최패망자,14.704,-43.34,0,ibqrqki,10.247,-65.296,72,Ѕeyeon,36.376,-94.953,0,カズティー,-0.344,-116.591,97,NABIMan,-50.676,-95.79,0,3798.62,0.43,-20.92,3802.336,7,カズティー,1.519,-99.354,1,0,,,,,304,2
60,3,0,1,0,0,0,2,1,0,0,17,255,255,24,3829.887,sano jpn,R,34,84,136,2.672,-0.233,0.498,1.41,-0.197,1.022,-36.24,32.278,0,100,0,2,0,56.086,-39.789,-3.507,0,0,0,1,9,R,Gonyong,190,85,0.2,3,52,W,Y,3830.879,236,94,111,78,16,145,130,-15.016,31.631,0.67,0.095,0.503,-207.182,549.927,-121.064,0.224,-37.233,0,P0TA0,0.138,-17.026,0,ʚEveɞ,-18.471,-44.09,93,白霜らいふ,-13.761,-63.777,0,인생최패망자,18.157,-48.277,0,ibqrqki,8.061,-65.084,0,Ѕeyeon,41.85,-99.765,0,カズティー,0.102,-121.634,0,NABIMan,-57.57,-100.716,110,3830.553,-1.333,-21.497,3839.536,8,NABIMan,-50.681,-118.354,1,0,,3835.202,3842.223,,35,2
61,3,0,1,0,0,0,2,0,1,1,255,19,17,25,3924.799,sano jpn,R,3,65,107,0.514,0.675,0.64,1.552,1.043,2.056,-36.24,57.075,0,100,0,0,0,-458.4,0,0.225,0,0,0,2,6,R,あくせる,190,89.801,0.5,0,73,W,Y,0,0,0,0,0,0,0,0,0,0,0,0,0,0,0,0,0.138,-37.724,0,P0TA0,0.042,-16.808,0,ʚEveɞ,-20.576,-47.973,0,白霜らいふ,-14.575,-63.655,0,인생최패망자,17.132,-41.152,0,ibqrqki,9.269,-64.951,0,Ѕeyeon,42.081,-102.02,0,カズティー,0.085,-121.946,0,NABIMan,-54.611,-100.756,0,0,0,0,0,0,,0,0,0,0,3925.936,3928.172,3927.66,,0,0
62,3,0,1,0,0,1,2,0,1,1,255,19,17,26,3939.745,sano jpn,R,3,61,92,-2.414,-0.213,0.501,1.473,-0.161,1.513,-36.24,47.949,0,100,0,1,0,-408.751,0,-9.911,0,0,0,2,6,R,あくせる,190,89.801,0.5,0,73,W,Y,0,0,0,0,0,0,0,0,0,0,0,0,0,0,0,0,0.226,-37.603,0,P0TA0,0.126,-16.922,0,ʚEveɞ,-20.576,-48.024,0,白霜らいふ,-14.811,-63.573,0,인생최패망자,17.305,-41.754,0,ibqrqki,9.87,-64.974,0,Ѕeyeon,42.087,-101.997,0,カズティー,0.076,-121.939,0,NABIMan,-55.213,-101.567,0,0,0,0,0,0,,0,0,0,0,3940.953,3943.217,3942.943,,0,0
63,3,0,1,0,1,1,2,0,1,1,255,19,17,27,3955.333,sano jpn,R,10,75,104,-0.312,-1.25,0.435,1.457,-0.139,1.378,-36.24,37.843,0,100,0,1,0,-4.827,400,-2.511,0,0,0,2,6,R,あくせる,190,89.801,0.5,0,73,W,Y,0,0,0,0,0,0,0,0,0,0,0,0,0,0,0,0,-0.018,-37.849,0,P0TA0,1.683,-18.35,0,ʚEveɞ,-20.629,-48.538,0,白霜らいふ,-14.743,-63.603,0,인생최패망자,17.085,-42.193,0,ibqrqki,9.98,-65.113,0,Ѕeyeon,42.098,-102.04,0,カズティー,-0.426,-121.648,0,NABIMan,-53.968,-101.563,0,0,0,0,0,0,,0,0,0,0,3956.486,3958.766,3958.31,,0,0
64,3,0,1,0,2,1,2,0,1,1,255,19,17,28,3978.748,sano jpn,R,32,77,128,1.687,0.151,0.567,1.446,0.474,1.666,-36.24,41.327,0,100,0,2,0,168.166,-46.278,-7.81,0,0,1,2,6,R,あくせる,190,89.801,0.5,3,73,W,Y,3979.897,255,50,185,78,40,145,130,-30,31.842,0.36,0,0.117,-244.945,126.238,4.779,0.237,-37.543,0,P0TA0,0.121,-17.052,0,ʚEveɞ,-20.551,-48.242,0,白霜らいふ,-14.759,-63.553,0,인생최패망자,16.205,-43.303,0,ibqrqki,9.843,-65.513,0,Ѕeyeon,42.068,-102.013,0,カズティー,-1.039,-122.187,0,NABIMan,-51.455,-98.32,0,3979.586,-0.639,-19.903,3980.936,2,ʚEveɞ,-16.858,-45.923,0,0,,,3984.396,3984.627,2,2
65,4,1,1,0,0,0,0,0,0,0,255,255,255,35,4026.812,Metalu,R,28,85,138,2.001,1.859,0.338,2.051,0.793,2.58,-36.505,45.604,90,10,0,1,0,50.09,-92.96,1.113,0,0,0,4,7,R,カズティー,175,84.645,0.33,0,55,W,Y,0,0,0,0,0,0,0,0,0,0,0,0,0,0,0,0,0.07,-37.21,0,kneesohime,0.053,-17.265,0,にゃんこ65K,-22.262,-51.848,0,vovopo 보보포,-13.381,-59.441,0,Parottey,20.102,-48.171,0,CoalCat,10.482,-64.255,0,あくせる,35.64,-97.23,0,「yune」,-4.88,-114.279,0,Roscosmos,-39.333,-88.176,0,0,0,0,0,0,,0,0,0,0,4027.77,,,,0,0
66,4,1,1,0,1,0,0,0,0,0,255,255,255,36,4045.226,Metalu,R,3,56,100,0.688,0.877,0.426,2.076,1.149,2.533,-36.505,50.56,96,4,0,0,0,-395.008,247.391,-38.417,0,0,0,4,7,R,カズティー,175,84.645,0.33,0,55,W,Y,0,0,0,0,0,0,0,0,0,0,0,0,0,0,0,0,-0.06,-37.549,0,kneesohime,0.037,-17.262,0,にゃんこ65K,-22.405,-51.799,0,vovopo 보보포,-13.941,-59.669,0,Parottey,20.243,-49.147,0,CoalCat,10.404,-64.283,0,あくせる,34.499,-97.409,0,「yune」,-7.786,-114.246,0,Roscosmos,-39.708,-88.882,0,0,0,0,0,0,,0,0,0,0,4046.453,,,,0,0
67,4,1,1,0,1,1,0,0,0,0,255,255,255,37,4061.981,Metalu,R,27,87,140,0.938,0.341,0.278,1.771,0.363,1.694,-36.505,19.525,96,4,0,2,0,27.434,-108.235,-1.28,0,0,0,4,7,R,カズティー,175,84.645,0.33,3,55,W,Y,4063.047,255,50,115,49,0,145,86,-18.216,41.394,-0.75,0,0.616,51.693,179.212,-550.799,0.169,-36.972,0,kneesohime,0.227,-17.206,0,にゃんこ65K,-22.072,-52.092,87,vovopo 보보포,-13.501,-59.17,0,Parottey,20.513,-48.563,0,CoalCat,10.36,-64.493,0,あくせる,34.376,-97.321,0,「yune」,-0.184,-114.972,0,Roscosmos,-39.747,-89.153,0,4062.803,-2.212,-22.118,4064.603,2,にゃんこ65K,-21.745,-44.57,0,0,,,,,8,2
68,4,1,1,0,0,0,1,0,0,0,255,255,255,38,4086.379,Metalu,R,27,87,140,1.019,-0.125,0.287,1.686,0.406,1.414,-36.505,21.374,98,2,0,2,0,21.874,-133.09,-4.977,0,0,1,5,0,R,sano jpn,190,90.118,0.561,3,55,W,Y,4087.536,121,55,97,86,30,138,130,-14.028,32.716,0.56,0.19,0.55,-211.487,542.802,-65.026,0.117,-36.946,0,kneesohime,0.053,-17.032,0,にゃんこ65K,-22.552,-51.471,92,vovopo 보보포,-13.985,-58.523,0,Parottey,21.109,-48.051,0,CoalCat,9.648,-65.009,0,あくせる,33.409,-100.126,0,「yune」,-10.211,-112.595,0,Roscosmos,-40.178,-88.211,0,4087.27,-1.973,-22.582,4088.603,2,にゃんこ65K,-18.867,-48.37,0,0,,,,,8,2
69,4,1,1,0,0,0,2,0,0,0,255,255,255,39,4113.148,Metalu,R,27,92,140,0.747,-0.476,0.262,1.637,0.29,1.223,-36.505,15.765,58,42,0,0,0,20.366,-106.706,-1.638,0,0,0,6,3,R,白霜らいふ,175.2,80,0.653,0,55,W,Y,0,0,0,0,0,0,0,0,0,0,0,0,0,0,0,0,0.275,-37.261,0,kneesohime,0.016,-17.084,0,にゃんこ65K,-22.155,-51.521,0,vovopo 보보포,-13.185,-59.063,0,Parottey,20.418,-47.807,0,CoalCat,10.289,-65.024,0,あくせる,35.685,-95.931,0,「yune」,-6.514,-109.934,0,Roscosmos,-41.933,-86.421,0,0,0,0,0,0,,0,0,0,0,4114.187,,,,0,0
70,4,1,1,0,0,1,2,0,0,0,255,255,255,40,4129.425,Metalu,R,10,64,108,-0.831,-1.379,0.22,1.77,-0.214,1.397,-36.505,22.278,100,0,0,2,0,-79.851,400,-38.332,0,0,1,6,3,R,白霜らいふ,175.2,80,0.653,3,55,W,Y,4130.68,255,255,168,118,78,145,113,-15.03,19.835,0.89,0,0.624,170.151,-357.364,-182.916,0.002,-36.803,0,kneesohime,-0.59,-18.102,0,にゃんこ65K,-21.617,-49.68,0,vovopo 보보포,-13.584,-58.438,85,Parottey,20.786,-47.092,0,CoalCat,10.262,-64.928,0,あくせる,31.876,-97.201,0,「yune」,-10.231,-111.908,0,Roscosmos,-41.639,-85.983,0,4130.37,-0.831,-22.883,4132.437,0,Metalu,-12.619,-55.915,0,0,,,,,168,2
71,4,0,1,0,0,0,0,0,0,0,255,255,255,29,4186.606,sano jpn,R,3,82,120,-1,-1.526,0.311,1.177,0.237,0.936,-36.24,31.441,26,30,45,1,0,-433.923,248.417,-30.939,-0.463,-17.511,0,3,2,R,にゃんこ65K,190,91.072,0.596,0,91,W,Y,0,0,0,0,0,0,0,0,0,0,0,0,0,0,0,0,-0.085,-37.655,0,P0TA0,0.006,-16.849,0,ʚEveɞ,-20.943,-48.809,0,白霜らいふ,-14.317,-64.033,0,인생최패망자,20.232,-49.965,0,ibqrqki,10.305,-65.451,0,Ѕeyeon,39.083,-100.909,0,カズティー,-0.591,-123.727,0,NABIMan,-51.446,-99.65,0,0,0,0,0,0,,0,0,0,0,4187.703,,,,0,0
72,4,0,1,0,1,0,0,0,0,0,255,255,255,30,4205.443,sano jpn,R,33,87,140,0.191,-0.742,0.362,1.244,-0.119,1.097,-36.24,25.665,0,100,0,0,0,146.937,-70.109,-6.958,0,0,0,3,2,R,にゃんこ65K,190,91.072,0.596,0,91,W,Y,0,0,0,0,0,0,0,0,0,0,0,0,0,0,0,0,-0.053,-37.296,0,P0TA0,0.092,-16.799,0,ʚEveɞ,-21.03,-48.787,0,白霜らいふ,-14.325,-64.02,0,인생최패망자,20.181,-49.905,0,ibqrqki,10.397,-65.535,0,Ѕeyeon,39.092,-100.918,0,カズティー,-0.599,-123.723,0,NABIMan,-51.948,-99.667,0,0,0,0,0,0,,0,0,0,0,4206.403,,,,0,0
73,4,0,1,0,1,1,0,0,0,0,255,255,255,31,4224.187,sano jpn,R,33,80,130,0.627,-0.472,0.412,1.233,0.103,1.272,-36.24,28.654,0,100,0,0,0,110.655,-58.667,-14.407,0,0,0,3,2,R,にゃんこ65K,190,91.072,0.596,0,91,W,Y,0,0,0,0,0,0,0,0,0,0,0,0,0,0,0,0,0.139,-37.482,0,P0TA0,0.111,-16.834,0,ʚEveɞ,-21.023,-48.79,0,白霜らいふ,-14.456,-64.039,0,인생최패망자,20.221,-49.97,0,ibqrqki,10.532,-65.215,0,Ѕeyeon,39.068,-100.862,0,カズティー,-0.593,-123.709,0,NABIMan,-52.655,-99.917,0,0,0,0,0,0,,0,0,0,0,4225.136,,,,0,0
74,4,0,1,0,1,2,0,0,0,0,255,255,255,32,4244.066,sano jpn,R,3,87,110,-2.929,-0.73,0.303,1.278,-0.458,1.344,-36.24,23.154,29,71,0,2,0,-467.507,136.175,-17.805,0,0,1,3,2,R,にゃんこ65K,190,91.072,0.596,3,91,W,Y,4245.242,255,87,121,71,37,145,116,-30,38.752,0.08,0,0.23,166.554,-297.814,-49.381,-0.014,-37.158,0,P0TA0,-0.462,-16.986,0,ʚEveɞ,-20.775,-48.83,99,白霜らいふ,-14.37,-63.817,0,인생최패망자,20.116,-49.77,0,ibqrqki,10.382,-65.133,0,Ѕeyeon,39.055,-100.819,0,カズティー,-0.615,-123.709,0,NABIMan,-51.927,-100.391,0,4244.937,-1.498,-20.094,4246.62,2,ʚEveɞ,-21.26,-43.114,0,0,,,,,34,2
75,4,0,1,0,0,0,1,0,0,0,255,255,255,33,4269.422,sano jpn,R,5,69,105,-1.92,-0.542,0.359,1.454,-0.607,1.29,-36.24,27.287,42,58,0,1,0,-128.29,0,-7.747,0,0,0,4,1,R,kneesohime,190,84.513,0.501,0,55,W,Y,0,0,0,0,0,0,0,0,0,0,0,0,0,0,0,0,0.168,-37.463,0,P0TA0,-0.08,-16.856,0,ʚEveɞ,-21.276,-48.69,0,白霜らいふ,-14.754,-63.727,0,인생최패망자,20.103,-51.53,0,ibqrqki,8.962,-66.164,0,Ѕeyeon,39.843,-100.801,0,カズティー,-0.438,-124.992,0,NABIMan,-54.521,-102.63,0,0,0,0,0,0,,0,0,0,0,4270.62,,,,0,0
76,4,0,1,0,1,0,1,0,0,0,255,255,255,34,4288.526,sano jpn,R,32,82,134,0.133,-0.298,0.384,1.327,-0.173,1.393,-36.24,27.699,0,100,0,0,0,159.624,-44.305,-12.655,0,0,0,4,1,R,kneesohime,190,84.513,0.501,0,55,W,Y,0,0,0,0,0,0,0,0,0,0,0,0,0,0,0,0,0.073,-37.369,0,P0TA0,0.086,-16.768,0,ʚEveɞ,-21.209,-48.675,0,白霜らいふ,-14.641,-63.839,0,인생최패망자,20.075,-51.47,0,ibqrqki,8.882,-66.204,0,Ѕeyeon,39.846,-100.794,0,カズティー,-0.447,-124.998,0,NABIMan,-54.433,-102.933,0,0,0,0,0,0,,0,0,0,0,4289.503,,,,0,0
77,4,0,1,0,1,1,1,0,0,0,255,255,255,35,4305.602,sano jpn,R,26,85,138,0.558,-0.938,0.327,1.108,0.109,0.869,-36.24,33.697,28,31,41,0,0,93.47,-200,-16.107,0,0,0,4,1,R,kneesohime,190,84.513,0.501,0,55,W,Y,0,0,0,0,0,0,0,0,0,0,0,0,0,0,0,0,0.02,-37.414,0,P0TA0,0.116,-17.044,0,ʚEveɞ,-21.16,-48.649,0,白霜らいふ,-14.568,-63.757,0,인생최패망자,20.108,-51.534,0,ibqrqki,9.098,-66.141,0,Ѕeyeon,39.979,-101.091,0,カズティー,-0.449,-124.995,0,NABIMan,-54.149,-102.319,0,0,0,0,0,0,,0,0,0,0,4306.569,,,,0,0
78,4,0,1,0,1,2,1,0,0,0,255,255,255,36,4326.29,sano jpn,R,3,81,121,-1.648,-0.424,0.425,1.386,-0.075,1.348,-36.24,29.782,19,81,0,4,0,-420.292,0,-8.825,0,0,1,4,1,R,kneesohime,190,84.513,0.501,0,55,W,Y,0,0,0,0,0,0,0,0,0,0,0,0,0,0,0,0,0.087,-37.424,0,P0TA0,0.294,-19.005,0,ʚEveɞ,-21.231,-48.667,0,白霜らいふ,-17.109,-61.992,0,인생최패망자,18.943,-49.926,0,ibqrqki,8.935,-66.017,0,Ѕeyeon,40.431,-100.734,0,カズティー,-0.446,-124.993,0,NABIMan,-53.861,-100.729,0,0,0,0,0,0,,0,0,0,16,4327.387,,,,0,0
79,4,0,1,0,0,0,2,0,0,0,255,255,255,37,4354.625,sano jpn,R,33,79,129,1.12,0.29,0.523,1.47,0.298,1.736,-36.24,29.079,0,100,0,0,0,120.2,-68.167,-3.511,0,0,0,5,4,R,Parottey,190,84,0.442,0,55,W,Y,0,0,0,0,0,0,0,0,0,0,0,0,0,0,0,0,-0.079,-37.936,0,P0TA0,0.114,-16.945,0,ʚEveɞ,-21.124,-48.369,0,白霜らいふ,-14.888,-63.431,0,인생최패망자,18.795,-48.361,0,ibqrqki,7.903,-64.722,0,Ѕeyeon,40.815,-100.459,0,カズティー,-0.43,-124.993,0,NABIMan,-52.492,-100.623,0,0,0,0,0,0,,0,0,0,0,4355.637,,,,0,0
80,4,0,1,0,0,1,2,0,0,0,255,255,255,38,4375.063,sano jpn,R,3,76,108,-2.286,-0.467,0.365,1.388,-0.506,1.338,-36.24,25.219,26,74,0,1,0,-277.132,0,-10.649,0,0,0,5,4,R,Parottey,190,84,0.442,0,55,W,Y,0,0,0,0,0,0,0,0,0,0,0,0,0,0,0,0,0.036,-37.625,0,P0TA0,0.016,-16.677,0,ʚEveɞ,-21.214,-48.387,0,白霜らいふ,-14.788,-63.456,0,인생최패망자,18.728,-48.22,0,ibqrqki,8.651,-65.797,0,Ѕeyeon,40.812,-100.474,0,カズティー,-0.437,-124.997,0,NABIMan,-52.93,-100.777,0,0,0,0,0,0,,0,0,0,0,4376.27,,,,0,0
81,4,0,1,0,1,1,2,0,0,0,255,255,255,39,4396.538,sano jpn,R,3,77,105,1.063,0.132,0.693,1.381,1.208,1.721,-36.24,36.302,12,88,0,0,0,-395.047,0,-30.013,0,0,0,5,4,R,Parottey,190,84,0.442,0,55,W,Y,0,0,0,0,0,0,0,0,0,0,0,0,0,0,0,0,0.151,-37.489,0,P0TA0,0.055,-16.949,0,ʚEveɞ,-21.148,-48.393,0,白霜らいふ,-14.807,-63.444,0,인생최패망자,18.884,-48.421,0,ibqrqki,8.817,-65.956,0,Ѕeyeon,40.819,-100.476,0,カズティー,-0.432,-124.996,0,NABIMan,-52.465,-100.633,0,0,0,0,0,0,,0,0,0,0,4397.603,,,,0,0
82,4,0,1,0,1,2,2,0,0,0,255,255,255,40,4415.458,sano jpn,R,3,82,109,-3.463,-0.702,0.159,1.176,-0.778,1.197,-36.24,28.683,0,56,44,1,0,-410.849,0,-16.509,0,0,0,5,4,R,Parottey,190,84,0.442,0,55,W,Y,0,0,0,0,0,0,0,0,0,0,0,0,0,0,0,0,0.091,-37.728,0,P0TA0,-0.143,-16.851,0,ʚEveɞ,-21.127,-48.402,0,白霜らいふ,-15.103,-63.273,0,인생최패망자,19.156,-48.235,0,ibqrqki,8.833,-65.912,0,Ѕeyeon,40.819,-100.459,0,カズティー,-0.44,-124.989,0,NABIMan,-54.472,-100.935,0,0,0,0,0,0,,0,0,0,0,4416.586,,,,0,0
83,4,0,1,0,2,2,2,0,0,0,255,255,255,41,4435.305,sano jpn,R,33,81,132,1.892,0.16,0.578,1.42,0.599,1.684,-36.24,37.303,0,100,0,2,0,149.034,-38.426,-9.288,0,0,1,5,4,R,Parottey,190,84,0.442,3,55,W,Y,4436.383,255,90,129,19,46,145,130,27.293,-13.794,0.35,0,0.435,379.719,406.861,5.782,0.174,-37.108,0,P0TA0,0.183,-16.862,0,ʚEveɞ,-21.008,-48.398,0,白霜らいふ,-14.954,-63.428,58,인생최패망자,18.322,-47.845,0,ibqrqki,9.01,-65.835,0,Ѕeyeon,40.814,-100.458,0,カズティー,-0.438,-124.986,0,NABIMan,-54.414,-100.825,0,4441.77,18.828,-132.143,4444.47,7,カズティー,20.392,-123.722,1,0,,4446.989,,,112,2
84,4,0,1,0,0,0,2,0,1,0,255,14,255,42,4476.633,sano jpn,R,33,68,121,3.254,0.354,0.703,1.566,1.171,1.772,-36.24,61.749,0,100,0,2,0,144.61,-32.069,-4.472,0,0,1,6,5,R,CoalCat,174.7,82.838,0.435,3,55,W,Y,4477.697,237,83,96,70,0,145,86,96.428,82.766,-0.78,0,0.496,190.091,-213.607,-7.945,0.282,-36.929,0,P0TA0,0.155,-16.925,0,ʚEveɞ,-21.226,-47.571,0,白霜らいふ,-10.162,-64.984,0,인생최패망자,16.179,-45.361,0,ibqrqki,8.349,-64.255,0,Ѕeyeon,38.969,-98.898,0,カズティー,-0.698,-118.543,0,NABIMan,-50.269,-97.94,0,0,0,0,0,0,,0,0,0,0,,4482.426,,,32,3
85,4,0,1,0,0,1,2,0,1,0,255,14,255,43,4494.113,sano jpn,R,3,66,96,-0.592,0.042,0.686,1.493,0.645,1.663,-36.24,56.5,0,97,3,2,0,-436.364,0,-3.234,0,0,1,6,5,R,CoalCat,174.7,82.838,0.435,3,37,W,Y,4495.28,255,136,177,126,84,145,115,105.893,-70.374,0.78,0,0.637,71.227,-419.967,4.754,0.255,-37.283,0,P0TA0,0.004,-16.97,0,ʚEveɞ,-21.353,-47.492,0,白霜らいふ,-9.74,-66.199,0,인생최패망자,16.49,-45.284,0,ibqrqki,9.28,-65.131,0,Ѕeyeon,42.314,-97.277,0,カズティー,-0.578,-120.359,0,NABIMan,-48.913,-99.301,0,0,0,0,0,0,,0,0,0,0,,4500.257,,,32,3
86,4,0,1,0,0,2,2,0,1,0,255,14,255,44,4515.205,sano jpn,R,3,77,105,-2.797,-0.488,0.37,1.403,-0.51,1.348,-36.24,32.327,0,100,0,2,0,-382.921,0,-11.732,0,0,1,6,5,R,CoalCat,174.7,82.838,0.435,3,37,W,Y,4516.31,162,126,90,65,47,145,114,21.064,-18.382,0.79,0,0.487,-344.403,245.559,-408.315,0.211,-37.397,0,P0TA0,-0.319,-16.906,0,ʚEveɞ,-21.609,-47.828,0,白霜らいふ,-15.481,-63.081,66,인생최패망자,15.578,-45.578,0,ibqrqki,9.388,-65.798,0,Ѕeyeon,41.825,-96.766,0,カズティー,-1.124,-120.229,100,NABIMan,-53.402,-97.169,0,4519.569,23.005,-102.684,4523.236,7,カズティー,30.292,-125.301,1,0,,4525.476,4520.97,4525.985,112,2
87,4,0,1,1,0,0,2,0,1,0,255,15,255,45,4563.907,sano jpn,R,32,79,129,-1.073,0.082,0.425,1.481,-0.698,1.564,-36.24,27.954,0,100,0,0,0,150.288,-84.592,-5.33,0,0,1,7,3,L,vovopo 보보포,169.8,80.084,0.55,0,55,W,Y,0,0,0,0,0,0,0,0,0,0,0,0,0,0,0,0,0.341,-37.541,0,P0TA0,0.064,-16.781,0,ʚEveɞ,-21.419,-48.115,0,白霜らいふ,-8.803,-65.483,0,인생최패망자,17.236,-40.986,0,ibqrqki,12.924,-64.482,0,Ѕeyeon,42.164,-91.241,0,カズティー,-0.379,-116.313,0,NABIMan,-45.901,-100.068,0,0,0,0,0,0,,0,0,0,0,4564.937,4566.74,,,0,0
88,4,0,1,1,0,1,2,0,1,0,255,15,255,46,4596.212,sano jpn,R,33,67,120,3.603,-0.262,0.653,1.397,1.319,1.422,-36.24,49.735,0,100,0,1,0,146.572,-34.283,-10.44,0,0,0,7,3,L,vovopo 보보포,169.8,80.084,0.55,0,55,W,Y,0,0,0,0,0,0,0,0,0,0,0,0,0,0,0,0,0.171,-37.906,0,P0TA0,0.055,-16.716,0,ʚEveɞ,-21.307,-48.114,0,白霜らいふ,-8.044,-63.691,0,인생최패망자,17.26,-42.484,0,ibqrqki,12.365,-64.044,0,Ѕeyeon,42.172,-91.259,0,カズティー,-0.378,-116.372,0,NABIMan,-46.552,-103.698,0,0,0,0,0,0,,0,0,0,0,4597.353,4599.044,,,0,0
89,4,0,1,1,1,1,2,0,1,0,255,15,255,47,4618.75,sano jpn,R,32,71,123,6.248,3.101,0.545,1.538,0.509,2,-36.24,45.912,0,100,0,2,0,164.993,-36.167,-2.572,0,0,1,7,3,L,vovopo 보보포,169.8,80.084,0.55,3,55,W,Y,4619.86,227,187,128,19,22,145,125,25.051,-24.171,0.66,0,0.632,338.677,-380.022,-194.704,0.213,-36.951,0,P0TA0,0.044,-16.956,0,ʚEveɞ,-21.261,-48.112,0,白霜らいふ,-11.743,-65.501,0,인생최패망자,16.647,-44.337,75,ibqrqki,12.567,-64.512,0,Ѕeyeon,42.164,-91.258,99,カズティー,-0.375,-116.365,0,NABIMan,-45.466,-100.945,0,4624.603,54.494,-115.959,4625.887,6,Ѕeyeon,48.861,-114.017,1,0,,4619.119,4624.464,4629.252,164,2
90,4,0,1,2,0,0,2,0,1,0,255,13,255,48,4714.863,sano jpn,R,10,79,119,-1.004,-1.805,0.285,1.306,-0.446,1.053,-36.24,29.478,31,69,0,1,0,0,400,-6.08,0,0,0,8,8,R,Roscosmos,175,90.135,0.473,0,55,W,Y,0,0,0,0,0,0,0,0,0,0,0,0,0,0,0,0,0.062,-37.357,0,P0TA0,0.046,-16.792,0,ʚEveɞ,-21.358,-48.307,0,白霜らいふ,-10.916,-62.771,0,인생최패망자,17.95,-43.859,0,ibqrqki,6.511,-62.982,0,Ѕeyeon,39.694,-100.73,0,カズティー,1.4,-113.825,0,NABIMan,-50.951,-94.013,0,0,0,0,0,0,,0,0,0,0,4715.72,4717.059,,,0,0
91,4,0,1,2,1,0,2,0,1,0,255,13,255,49,4738.7,sano jpn,R,32,82,133,1.275,-0.797,0.492,1.309,0.289,1.087,-36.24,37.819,0,100,0,2,1,181.369,-65.167,-9.197,0,0,1,8,8,R,Roscosmos,175,90.135,0.473,3,55,W,Y,4739.48,104,71,88,89,18,136,82,22.86,36.098,-0.73,0,0.2,150.59,357.16,34.557,0.177,-37.26,0,P0TA0,0.094,-17.053,0,ʚEveɞ,-21.435,-48.469,88,白霜らいふ,-12.894,-64.688,0,인생최패망자,16.737,-45.325,0,ibqrqki,7.79,-64.832,0,Ѕeyeon,39.682,-100.739,0,カズティー,1.161,-113.23,0,NABIMan,-50.437,-94.438,0,4742.486,-36.412,-63.077,4744.67,8,NABIMan,-48.148,-73.11,1,0,,4990.882,4744.524,,35,2
92,4,0,1,3,0,0,2,0,1,0,255,18,255,50,5000.515,sano jpn,R,3,64,96,-0.424,0.295,0.586,1.539,0.482,1.807,-36.24,58.926,0,100,0,2,0,-323.946,0,-1.756,0,0,1,0,7,R,「yune」,174.8,80,0.28,3,31,W,Y,5001.771,20,6,14,13,4,5,30,-65.516,66.897,0.91,0,0.383,460.42,-82.695,159.794,-0.024,-36.718,0,P0TA0,-0.177,-17.625,119,ʚEveɞ,-21.088,-48.763,0,白霜らいふ,-14.445,-63.771,0,인생최패망자,15.757,-43.968,0,ibqrqki,9.304,-65.486,0,Ѕeyeon,41.094,-101.719,0,カズティー,1.126,-112.012,0,NABIMan,-47.55,-92.531,0,5001.553,-1.055,-20.798,5006.12,1,P0TA0,-12.571,-24.897,0,0,5006.12,5010.559,,,40,2
93,4,0,1,3,0,1,2,0,1,0,255,18,255,51,5033.834,sano jpn,R,33,88,140,-0.288,-0.928,0.386,1.347,-0.284,0.998,-36.24,25.429,0,100,0,0,0,113.541,-81.609,-1.532,0,0,1,0,7,R,「yune」,174.8,80,0.28,0,55,W,Y,0,0,0,0,0,0,0,0,0,0,0,0,0,0,0,0,0.21,-37.556,0,P0TA0,-0.03,-17.1,0,ʚEveɞ,-19.947,-48.12,0,白霜らいふ,-14.196,-63.408,0,인생최패망자,16.86,-41.5,0,ibqrqki,7.353,-63.544,0,Ѕeyeon,40.203,-99.698,0,カズティー,0.313,-112.496,0,NABIMan,-45.069,-92.836,0,0,0,0,0,0,,0,0,0,0,5034.853,5035.93,,,0,0
94,4,0,1,3,0,2,2,0,1,0,255,18,255,52,5054.84,sano jpn,R,3,64,107,-1.96,0.389,0.441,1.553,-0.076,1.85,-36.24,35.501,36,64,0,4,0,-431.753,0,-4.029,0,0,1,0,7,R,「yune」,174.8,80,0.28,0,55,W,Y,0,0,0,0,0,0,0,0,0,0,0,0,0,0,0,0,0.297,-37.185,0,P0TA0,-0.037,-17.298,0,ʚEveɞ,-20.242,-47.979,0,白霜らいふ,-14.152,-63.088,0,인생최패망자,15.533,-42.395,0,ibqrqki,10.072,-64.323,0,Ѕeyeon,40.494,-100.229,0,カズティー,0.164,-112.684,0,NABIMan,-45.732,-93.063,0,0,0,0,0,0,,0,0,0,1,5056.07,5057.457,,,0,0
95,5,1,1,3,0,0,0,0,0,0,255,255,255,41,5104.843,Metalu,R,27,83,135,-2.118,3.432,0.332,1.978,0.496,2.175,-36.505,40.902,91,9,0,2,0,114.288,-116.355,-0.542,0,0,1,7,6,R,Ѕeyeon,170.5,85,0.35,3,55,W,Y,5105.923,220,59,81,43,16,141,85,28.138,3.985,-0.62,0,0.477,444.516,338.909,-67.404,-0.189,-36.995,0,kneesohime,-0.043,-17.31,0,にゃんこ65K,-22.224,-51.648,0,vovopo 보보포,-13.418,-60.079,0,Parottey,20.42,-47.793,0,CoalCat,11.143,-64.971,82,あくせる,31.827,-92.587,0,「yune」,-7.728,-109.808,75,Roscosmos,-37.285,-84.234,0,5110.486,-9.584,-91.017,5110.653,7,「yune」,-9.165,-88.998,0,0,,,,,65,1
96,5,1,1,3,0,0,1,0,0,0,255,255,255,42,5140.085,Metalu,R,10,61,106,-0.651,-1.749,0.236,1.786,-0.229,1.282,-36.505,16.858,63,37,0,1,0,-30.835,400,-26.057,0,0,0,8,5,L,ibqrqki,164.9,86.676,0.604,0,55,W,Y,0,0,0,0,0,0,0,0,0,0,0,0,0,0,0,0,-0.07,-37.548,0,kneesohime,-0.136,-17.476,0,にゃんこ65K,-19.804,-50.127,0,vovopo 보보포,-11.152,-59.394,0,Parottey,19.892,-45.5,0,CoalCat,12.24,-63.621,0,あくせる,39.975,-88.262,0,「yune」,5.349,-111.306,0,Roscosmos,-35.512,-87.58,0,0,0,0,0,0,,0,0,0,0,5141.354,,,,0,0
97,5,1,1,3,1,0,1,0,0,0,255,255,255,43,5158.382,Metalu,R,28,89,140,-0.546,-0.184,0.13,1.87,-0.326,2.067,-36.505,22.529,95,5,0,2,0,25.218,-86.701,0.96,0,0,1,8,5,L,ibqrqki,164.9,86.676,0.604,3,55,W,Y,5159.577,157,29,45,42,12,129,74,57.257,4.415,-0.75,0,0.116,575.92,35.879,164.406,-0.053,-37.042,0,kneesohime,-0.132,-17.338,0,にゃんこ65K,-20.247,-49.848,0,vovopo 보보포,-10.44,-59.614,87,Parottey,19.585,-45.365,0,CoalCat,13.527,-62.597,0,あくせる,41.035,-88.924,0,「yune」,5.611,-111.375,0,Roscosmos,-37.321,-87.834,0,5164.687,-4.652,-58.019,5164.903,3,vovopo 보보포,-4.535,-56.773,0,0,,,,,128,1
98,5,1,1,3,0,0,2,0,0,0,255,255,255,44,5185.819,Metalu,R,28,82,133,3.283,1.863,0.438,2.087,1.292,2.681,-36.505,54.254,93,7,0,2,0,87.783,-97.384,2.217,0,0,1,0,8,L,NABIMan,190,83.228,0.48,3,55,W,Y,5186.853,255,96,143,112,108,145,102,17.552,-49.736,0.93,0,0.185,-406.989,-257.35,290.886,0.127,-37.051,0,kneesohime,0.196,-17.488,0,にゃんこ65K,-22.038,-52.805,0,vovopo 보보포,-11.578,-59.589,0,Parottey,20.453,-45.937,0,CoalCat,14.227,-62.253,0,あくせる,50.065,-98.879,0,「yune」,4.177,-118.268,0,Roscosmos,-36.24,-89.71,0,5189.637,40.849,-55.911,0,0,,0,0,0,0,,,,,0,3
99,5,1,1,3,0,1,2,0,0,0,255,255,255,45,5207.078,Metalu,R,27,90,140,-1.539,-0.504,0.052,1.617,-0.687,1.191,-36.505,4.287,64,36,0,4,0,11.097,-115.937,5.464,0,0,1,0,8,L,NABIMan,190,83.228,0.48,0,55,W,Y,0,0,0,0,0,0,0,0,0,0,0,0,0,0,0,0,-0.148,-37.414,0,kneesohime,-0.114,-17.371,0,にゃんこ65K,-22.071,-50.94,0,vovopo 보보포,-11.19,-59.284,0,Parottey,19.33,-46.918,0,CoalCat,14.22,-62.775,0,あくせる,49.112,-98.496,0,「yune」,2.807,-116.782,0,Roscosmos,-38.723,-88.381,0,0,0,0,0,0,,0,0,0,0,5208.036,,,,0,0
100,5,1,1,3,0,2,2,0,0,0,255,255,255,46,5223.126,Metalu,R,26,96,140,8.502,-0.097,0.357,1.595,0.904,0.799,-36.505,16.674,54,46,0,2,0,19.397,-167.416,-0.488,0,0,1,0,8,L,NABIMan,190,83.228,0.48,3,55,W,Y,5224.12,255,111,49,114,75,136,130,25.08,-40.031,0.57,0,0.229,92.729,-253.977,-229.33,0.104,-37.08,0,kneesohime,0.521,-17.599,0,にゃんこ65K,-21.552,-51.758,0,vovopo 보보포,-10.176,-59.458,0,Parottey,20.298,-46.995,0,CoalCat,14.397,-62.686,0,あくせる,48.949,-98.394,0,「yune」,6.69,-117.773,0,Roscosmos,-38.42,-88.933,0,5228.503,80.77,-103.017,0,0,,0,0,0,0,,5234.83,5239.96,,0,4
101,5,1,2,3,0,0,2,0,0,0,255,255,255,47,5319.332,Metalu,R,27,97,140,-1.901,-0.861,0.015,1.541,-0.86,0.944,-36.505,5.44,38,62,0,2,0,23.276,-144.061,3.925,0,0,1,1,2,L,ʚEveɞ,190,85.404,0.402,3,55,W,Y,5320.309,255,188,96,75,20,145,97,108.343,38.758,-0.47,0,0.362,159.871,-344.128,-242.715,-0.413,-36.989,0,kneesohime,-0.377,-17.2,0,にゃんこ65K,-21.995,-51.548,0,vovopo 보보포,-11.044,-58.204,0,Parottey,21.331,-46.129,0,CoalCat,14.273,-60.673,0,あくせる,47.358,-100.247,0,「yune」,4.792,-111.165,0,Roscosmos,-38.773,-88.541,0,0,0,0,0,0,,0,0,0,0,,,,,0,3
102,5,1,2,3,0,1,2,0,0,0,255,255,255,48,5370.634,Metalu,R,27,88,140,0.367,-0.551,0.231,1.612,0.143,1.174,-36.505,14.803,64,36,0,2,0,7.257,-100.866,-0.776,0,0,1,1,2,L,ʚEveɞ,190,85.404,0.402,3,55,W,Y,5371.646,255,185,85,95,29,145,126,95.009,81.172,0.71,0,0.463,96.547,176.047,-20.56,-0.194,-36.783,0,kneesohime,-0.022,-17.172,0,にゃんこ65K,-22.179,-52.196,0,vovopo 보보포,-11.121,-58.026,0,Parottey,20.803,-45.46,0,CoalCat,13.848,-61.263,0,あくせる,47.55,-98.433,0,「yune」,6.7,-117.213,0,Roscosmos,-39.946,-88.854,0,0,0,0,0,0,,0,0,0,0,,,,,0,3
103,5,1,2,3,0,2,2,0,0,0,255,255,255,49,5394.825,Metalu,R,10,70,112,-1.392,-2.529,0.127,1.498,-0.609,0.44,-36.505,11.487,58,42,0,2,0,0,400,-19.1,0,0,0,1,2,L,ʚEveɞ,190,85.404,0.402,3,55,W,Y,5395.987,255,139,94,99,56,145,106,5.167,36.016,0.91,0,0.726,94.675,148.407,126.006,-0.303,-37.168,0,kneesohime,-0.076,-17.333,0,にゃんこ65K,-22.206,-51.848,0,vovopo 보보포,-11.736,-57.938,0,Parottey,21.191,-46.555,0,CoalCat,14.426,-61.56,0,あくせる,47.086,-96.818,0,「yune」,10.791,-115.798,0,Roscosmos,-40.124,-88.531,0,5396.703,-16.395,-43.556,5397.17,2,にゃんこ65K,-19.271,-47.185,0,0,,,,,136,2
104,5,1,2,3,0,2,2,0,0,0,255,255,255,49,5565.793,Metalu,R,27,91,140,2.312,0.222,0.398,1.761,0.923,1.657,-36.505,24.827,97,3,0,4,0,53.964,-102.032,-4.068,0,0,0,1,2,L,ʚEveɞ,190,85.404,0.402,0,55,W,Y,0,0,0,0,0,0,0,0,0,0,0,0,0,0,0,0,0.346,-37.355,0,kneesohime,0.153,-17.09,0,にゃんこ65K,-23.269,-51.432,0,vovopo 보보포,-11.229,-59.098,0,Parottey,21.347,-47.252,0,CoalCat,13.821,-61.939,0,あくせる,45.653,-99.018,0,「yune」,8.124,-117.835,0,Roscosmos,-38.871,-88.33,0,0,0,0,0,0,,0,0,0,0,5566.836,,,,0,0
105,5,1,2,3,1,2,2,0,0,0,255,255,255,50,5594.09,Metalu,R,13,71,111,-1.931,-0.499,0.136,1.813,-0.132,1.7,-36.505,18.281,100,0,0,2,0,-390.434,312.348,-27.025,0,0,1,1,2,L,ʚEveɞ,190,85.404,0.402,3,55,W,Y,5595.166,255,107,67,49,26,138,86,-41.269,27.551,-0.82,0,0.315,-422.153,189.822,40.075,-0.451,-37.133,0,kneesohime,-0.517,-17.191,0,にゃんこ65K,-22.593,-53.384,0,vovopo 보보포,-12.365,-58.896,0,Parottey,21.09,-47.118,0,CoalCat,13.867,-61.91,0,あくせる,46.597,-100.771,0,「yune」,6.093,-117.539,0,Roscosmos,-39.725,-89.382,0,5594.92,-0.624,-21.183,5597.47,3,vovopo 보보포,-16.222,-51.233,0,0,,,,,168,2
106,5,0,2,3,0,0,0,0,0,0,255,255,255,53,5656.248,sano jpn,R,32,70,109,-0.934,-0.647,0.281,1.162,-0.659,0.987,-36.24,29.652,29,71,0,2,0,158.179,-91.256,-18.36,0,0,0,1,9,R,Gonyong,190,85,0.2,3,55,W,Y,5657.513,102,108,70,95,50,134,115,-30,-14.377,0.85,0,0.2,-518.738,-164.661,252.581,0.16,-37.243,0,P0TA0,-0.127,-17.057,0,ʚEveɞ,-21.669,-49.282,102,白霜らいふ,-12.874,-63.237,0,인생최패망자,17.222,-46.514,0,ibqrqki,9.926,-65.208,99,Ѕeyeon,39.344,-102.78,0,カズティー,0.34,-123.626,0,NABIMan,-47.56,-98.369,0,5657.203,0.098,-20.893,5659.137,5,ibqrqki,9.607,-57.648,0,0,,,,,290,2
107,5,0,2,3,0,0,1,0,0,0,255,255,255,54,5682.235,sano jpn,R,33,89,124,-0.344,-0.682,0.194,1.103,-0.338,1.12,-36.24,29.201,27,28,45,0,0,120.605,-78.421,-8.881,0,0,0,2,6,R,あくせる,190,89.801,0.5,0,55,W,Y,0,0,0,0,0,0,0,0,0,0,0,0,0,0,0,0,0.074,-37.605,0,P0TA0,0.17,-16.794,0,ʚEveɞ,-22.265,-47.585,0,白霜らいふ,-13.698,-63.08,0,인생최패망자,21.058,-51.008,0,ibqrqki,9.688,-65.706,0,Ѕeyeon,41.818,-102.887,0,カズティー,-0.449,-123.334,0,NABIMan,-56.574,-98.068,0,0,0,0,0,0,,0,0,0,0,5683.37,,,,0,0
108,5,0,2,3,0,1,1,0,0,0,255,255,255,55,5695.574,sano jpn,R,3,76,104,-2.18,-0.423,0.466,1.445,-0.183,1.368,-36.24,37.837,37,63,0,4,0,-410.817,0,-10.147,0,0,1,2,6,R,あくせる,190,89.801,0.5,0,55,W,Y,0,0,0,0,0,0,0,0,0,0,0,0,0,0,0,0,0.124,-37.329,0,P0TA0,-0.015,-16.831,0,ʚEveɞ,-21.139,-47.355,0,白霜らいふ,-13.913,-63.237,0,인생최패망자,20.862,-50.781,0,ibqrqki,9.666,-65.643,0,Ѕeyeon,41.821,-102.898,0,カズティー,-0.464,-123.35,0,NABIMan,-56.241,-99.449,0,0,0,0,0,0,,0,0,0,0,5696.736,,,,0,0
109,5,0,2,3,0,2,1,0,0,0,255,255,255,56,5707.16,sano jpn,R,26,89,140,-1.786,-0.721,0.118,1.156,-0.862,1.027,-36.24,26.123,21,39,41,1,0,61.72,-174.655,-0.702,0,0,0,2,6,R,あくせる,190,89.801,0.5,0,55,W,Y,0,0,0,0,0,0,0,0,0,0,0,0,0,0,0,0,0.015,-37.57,0,P0TA0,-0.049,-16.965,0,ʚEveɞ,-21.392,-47.416,0,白霜らいふ,-14.055,-63.227,0,인생최패망자,21.191,-51.13,0,ibqrqki,9.574,-65.625,0,Ѕeyeon,41.827,-102.91,0,カズティー,-0.451,-123.369,0,NABIMan,-55.781,-99.649,0,0,0,0,0,0,,0,0,0,0,5708.27,,,,0,0
110,5,0,2,3,1,2,1,0,0,0,255,255,255,57,5720.664,sano jpn,R,33,80,130,1.214,-0.824,0.502,1.196,0.353,1.084,-36.24,37.384,0,100,0,0,0,112.635,-20.515,-11.726,0.198,-12.002,1,2,6,R,あくせる,190,89.801,0.5,0,55,W,Y,0,0,0,0,0,0,0,0,0,0,0,0,0,0,0,0,0.289,-37.531,0,P0TA0,0.142,-18.459,0,ʚEveɞ,-21.294,-47.669,0,白霜らいふ,-13.387,-63.659,0,인생최패망자,19.988,-49.724,0,ibqrqki,9.619,-65.586,0,Ѕeyeon,41.827,-102.908,0,カズティー,-0.439,-123.361,0,NABIMan,-55.546,-100.868,0,0,0,0,0,0,,0,0,0,0,5723.319,,,,0,0
111,5,0,2,3,0,0,2,0,0,0,255,255,255,58,5761.774,sano jpn,R,13,84,109,-0.556,-1.008,0.457,1.356,0.136,1.501,-36.24,26.217,32,68,0,2,0,-218.698,400,-17.005,0,0,1,3,2,R,にゃんこ65K,190,91.072,0.596,3,55,W,Y,5762.951,172,79,87,70,45,145,130,26.955,25.346,0.39,0,0.264,295.222,358.874,316.803,0.014,-37.076,0,P0TA0,-0.443,-17.076,0,ʚEveɞ,-21.171,-47.669,0,白霜らいふ,-13.846,-64.282,0,인생최패망자,20.052,-50.02,0,ibqrqki,9.673,-66.029,0,Ѕeyeon,44.78,-102.573,0,カズティー,-0.282,-123.443,0,NABIMan,-55.854,-100.162,0,5767.687,-60.241,-118.641,0,0,,0,0,0,0,,5773.858,5778.96,,32,4
112,5,0,2,4,0,0,2,0,0,0,255,255,255,59,5803.263,sano jpn,R,32,81,132,1.421,0.777,0.532,1.516,0.349,2.009,-36.24,27.232,0,100,0,0,0,181.505,-109.456,-4.677,0,0,1,4,1,R,kneesohime,190,84.513,0.501,0,55,W,Y,0,0,0,0,0,0,0,0,0,0,0,0,0,0,0,0,0.237,-37.509,0,P0TA0,0.087,-16.901,0,ʚEveɞ,-22.26,-47.968,0,白霜らいふ,-12.719,-63.448,0,인생최패망자,20.639,-50.828,0,ibqrqki,10.176,-66.009,0,Ѕeyeon,42.1,-101.851,0,カズティー,1.461,-123.32,0,NABIMan,-54.854,-103.279,0,0,0,0,0,0,,0,0,0,0,5804.354,,,,0,0
113,5,0,2,4,0,1,2,0,0,0,255,255,255,60,5815.93,sano jpn,R,5,74,110,-1.111,-0.281,0.404,1.468,-0.289,1.449,-36.24,27.897,42,58,0,2,0,-117.764,0,-4.287,0,0,1,4,1,R,kneesohime,190,84.513,0.501,3,55,W,Y,5817.04,255,117,74,119,69,145,130,26.789,29.698,0.43,0,0.253,-160.031,-240.546,-70.105,0.152,-37.037,0,P0TA0,-0.181,-17.022,0,ʚEveɞ,-21.837,-48.165,0,白霜らいふ,-13.5,-63.353,0,인생최패망자,20.336,-50.567,0,ibqrqki,10.054,-65.784,0,Ѕeyeon,42.099,-101.832,0,カズティー,1.449,-123.33,0,NABIMan,-55.854,-103.081,108,5821.319,-49.124,-120.017,5822.77,8,NABIMan,-45.615,-114.405,1,16,,5827.631,,,257,2
114,6,1,2,4,0,0,0,0,0,0,255,255,255,51,5879.426,Metalu,R,27,93,140,-1.061,0.065,0.092,1.725,-0.501,1.542,-36.505,12.409,67,33,0,2,0,26.794,-122.38,2.011,0,0,1,2,4,R,인생최패망자,190,80,0.351,3,55,W,Y,5880.553,255,89,152,109,49,145,130,2.016,-24.815,0.32,0,0.368,117.184,-385.698,88.741,-0.32,-37.096,0,kneesohime,-0.137,-17.331,0,にゃんこ65K,-22.302,-50.591,0,vovopo 보보포,-12.876,-58.637,85,Parottey,20.559,-48.435,0,CoalCat,11.245,-62.797,0,あくせる,38.274,-96.131,109,「yune」,-7.529,-115.067,0,Roscosmos,-40.517,-84.347,0,5881.319,16.158,-53.53,5883.203,6,あくせる,34.292,-88.979,1,0,,,,,132,2
115,6,1,2,4,0,0,0,1,0,0,4,255,255,52,5913.595,Metalu,R,27,92,140,0.897,-0.48,0.254,1.741,0.317,1.186,-36.505,19.568,54,46,0,0,0,49.087,-132.323,-4.255,0,0,0,3,1,R,P0TA0,189.5,96.215,0.525,0,55,W,Y,0,0,0,0,0,0,0,0,0,0,0,0,0,0,0,0,-0.24,-37.352,0,kneesohime,-0.095,-17.37,0,にゃんこ65K,-20.112,-40.728,0,vovopo 보보포,-14.796,-58.22,0,Parottey,20.303,-46.454,0,CoalCat,7.707,-60.806,0,あくせる,38.189,-95.465,0,「yune」,-7.032,-112.346,0,Roscosmos,-38.426,-83.807,0,0,0,0,0,0,,0,0,0,0,5914.486,,,,0,0
116,6,1,2,4,0,1,0,1,0,0,4,255,255,53,5934.674,Metalu,R,13,73,112,-2.264,0.652,0.236,2.083,-0.296,2.407,-36.505,43.051,92,8,0,2,0,-390.298,312.518,-13.802,0,0,1,3,1,R,P0TA0,189.5,96.215,0.525,3,55,W,Y,5935.755,200,194,174,128,68,145,129,17.305,38.644,0.38,0,0.219,380.371,-420.465,147.395,-0.224,-37.127,0,kneesohime,-0.143,-17.315,0,にゃんこ65K,-18.862,-42.766,0,vovopo 보보포,-14.16,-59.122,0,Parottey,19.831,-46.189,66,CoalCat,7.7,-60.738,0,あくせる,39.36,-96.161,0,「yune」,-8.805,-110.201,0,Roscosmos,-39.071,-84.109,113,5939.837,-59.051,-108.438,5942.736,8,Roscosmos,-46.221,-104.742,1,0,,5942.095,5947.046,,288,2
117,6,1,2,4,0,0,0,0,1,1,255,1,4,54,5972.861,Metalu,R,3,62,105,0.952,1.658,0.489,2.131,1.259,2.585,-36.505,49.092,95,5,0,1,0,-442.658,13.841,-15.067,0,0,0,4,7,R,カズティー,175,84.645,0.33,0,55,W,Y,0,0,0,0,0,0,0,0,0,0,0,0,0,0,0,0,-0.087,-37.537,0,kneesohime,-0.007,-17.197,0,にゃんこ65K,-20.609,-45.866,0,vovopo 보보포,-13.027,-58.634,0,Parottey,18.435,-42.868,0,CoalCat,7.586,-60.536,0,あくせる,32.213,-96.383,0,「yune」,-8.663,-112.923,0,Roscosmos,-42.301,-88.132,0,0,0,0,0,0,,0,0,0,0,5974.069,5975.572,5975.218,,0,0
118,6,1,2,4,1,0,0,0,1,1,255,1,4,55,5983.603,Metalu,R,27,87,140,1.979,1.663,0.337,2.037,0.748,2.436,-36.505,39.429,94,6,0,1,0,77.034,-126.902,-0.956,0,0,0,4,7,R,カズティー,175,84.645,0.33,0,55,W,Y,0,0,0,0,0,0,0,0,0,0,0,0,0,0,0,0,-0.201,-37.488,0,kneesohime,0.015,-17.157,0,にゃんこ65K,-20.533,-46.569,0,vovopo 보보포,-13.438,-59.348,0,Parottey,18.898,-42.086,0,CoalCat,7.607,-60.49,0,あくせる,32.576,-97.425,0,「yune」,-8.397,-112.727,0,Roscosmos,-42.957,-89.4,0,0,0,0,0,0,,0,0,0,0,5984.536,5986.324,,,0,0
119,6,1,2,4,2,0,0,0,1,1,255,1,4,56,5999.334,Metalu,R,27,88,140,1.351,0.295,0.311,1.846,0.452,1.664,-36.505,28.636,95,5,0,2,0,94.71,-107.055,-1.45,0,0,1,4,7,R,カズティー,175,84.645,0.33,3,55,W,Y,6000.358,255,190,94,94,17,145,85,13.426,7.36,-0.81,0,0.703,458.395,92.818,-264.963,-0.348,-37.242,0,kneesohime,0,-17.191,0,にゃんこ65K,-20.507,-47.531,0,vovopo 보보포,-13.084,-58.819,0,Parottey,18.657,-42.793,0,CoalCat,7.686,-60.411,0,あくせる,35.47,-97.217,0,「yune」,-9.464,-111.911,92,Roscosmos,-44.699,-88.953,0,6003.203,-7.968,-78.062,6004.687,7,「yune」,-8.387,-90.785,1,0,6084.303,,6007.251,6006.005,247,2
120,6,1,3,4,0,0,0,1,0,1,7,255,1,0,6219.642,あくせる,R,13,69,97,-2.296,-1.305,0.167,1.382,-0.268,1.292,-36.443,32.332,0,100,0,1,0,-344.292,312.348,-12.1,0,0,0,5,0,R,sano jpn,190,90.118,0.561,0,55,W,Y,0,0,0,0,0,0,0,0,0,0,0,0,0,0,0,0,-0.111,-37.101,0,kneesohime,-0.513,-17.447,0,にゃんこ65K,-19.614,-41.579,0,vovopo 보보포,-14.415,-56.688,0,Parottey,18.829,-42.668,0,CoalCat,12.112,-62.582,0,Gonyong,43.126,-97.781,0,「yune」,-8.975,-112.454,0,Roscosmos,-42.952,-87.063,0,0,0,0,0,0,,0,0,0,0,6220.77,,6219.796,,0,0
121,6,1,3,4,1,0,0,1,0,1,7,255,1,1,6240.653,あくせる,R,33,89,140,-2.067,-1.077,0.022,1.303,-1.076,0.856,-36.443,21.206,0,100,0,1,0,130.972,-99.599,18.039,0,0,0,5,0,R,sano jpn,190,90.118,0.561,0,55,W,Y,0,0,0,0,0,0,0,0,0,0,0,0,0,0,0,0,-0.1,-36.843,0,kneesohime,-0.082,-17.426,0,にゃんこ65K,-19.348,-41.583,0,vovopo 보보포,-14.261,-57.341,0,Parottey,18.937,-41.911,0,CoalCat,12.088,-62.55,0,Gonyong,43.022,-97.633,0,「yune」,-8.868,-112.462,0,Roscosmos,-42.977,-87.053,0,0,0,0,0,0,,0,0,0,0,6241.536,,6242.597,,0,0
122,6,1,3,4,2,0,0,1,0,1,7,255,1,2,6263.359,あくせる,R,34,73,125,0.298,0.152,0.256,1.549,0.012,1.654,-36.443,16.521,0,100,0,2,0,71.611,-53.582,7.599,0,0,1,5,0,R,sano jpn,190,90.118,0.561,3,55,W,Y,6264.489,76,42,116,76,42,124,104,32.762,46.216,0.89,0.19,0.561,-113.268,332.332,-118.725,0.054,-36.672,0,kneesohime,0.033,-17.425,0,にゃんこ65K,-18.654,-44.231,0,vovopo 보보포,-14.256,-56.799,0,Parottey,18.456,-44.525,0,CoalCat,11.572,-61.833,0,Gonyong,42.439,-97.84,0,「yune」,-8.917,-112.388,0,Roscosmos,-42.88,-87.323,0,6268.903,-69.768,-76.909,0,0,,0,0,0,0,,,6267.625,,4,3
123,6,1,3,4,2,1,0,1,0,1,7,255,1,3,6288.274,あくせる,R,13,69,98,0.313,-0.921,0.535,1.494,0.872,1.534,-36.443,31.967,0,100,0,0,0,-347.842,312.348,-24.517,0,0,0,5,0,R,sano jpn,190,90.118,0.561,0,55,W,Y,0,0,0,0,0,0,0,0,0,0,0,0,0,0,0,0,0.294,-37.672,0,kneesohime,0.038,-17.457,0,にゃんこ65K,-19.689,-41.001,0,vovopo 보보포,-14.39,-57.213,0,Parottey,18.841,-43.035,0,CoalCat,10.704,-61.213,0,Gonyong,43.581,-98.889,0,「yune」,-6.541,-114.735,0,Roscosmos,-43.118,-85.273,0,0,0,0,0,0,,0,0,0,0,6289.453,,6290.407,,0,0
124,6,1,3,4,2,2,0,1,0,1,7,255,1,4,6305.466,あくせる,R,33,88,140,0.309,0.522,0.242,1.613,-0.052,1.86,-36.443,12.33,0,100,0,2,0,135.081,-95.979,13.224,0,0,1,5,0,R,sano jpn,190,90.118,0.561,3,55,W,Y,6306.544,104,22,70,42,9,133,130,25.135,42.509,0.59,0.048,0.327,-48.585,483.621,-314.622,0.159,-36.6,0,kneesohime,0.031,-17.42,0,にゃんこ65K,-18.372,-43.385,0,vovopo 보보포,-14.243,-56.855,0,Parottey,18.788,-43.896,0,CoalCat,10.978,-61.518,0,Gonyong,45.882,-92.536,0,「yune」,-9.735,-114.425,0,Roscosmos,-42.927,-85.06,0,6311.12,-87.5,-97.546,0,0,,0,0,0,0,,,6310.889,,4,3
125,6,1,3,4,2,2,0,1,0,1,7,255,1,5,6331.53,あくせる,R,34,91,140,3.287,-0.097,0.196,1.355,-0.267,1.026,-36.443,26.029,0,100,0,2,0,93.454,-75.375,9.109,0,0,1,5,0,R,sano jpn,190,90.118,0.561,3,55,W,Y,6332.595,83,68,130,107,49,130,116,-15,29.797,0.17,0.238,0.404,-80.282,433.433,-316.787,-0.037,-36.474,0,kneesohime,-0.073,-17.426,120,にゃんこ65K,-18.993,-44.517,0,vovopo 보보포,-14.839,-55.804,0,Parottey,18.854,-42.595,0,CoalCat,9.233,-62.876,0,Gonyong,41.81,-98.707,0,「yune」,-11.466,-115.763,0,Roscosmos,-43.455,-84.924,0,6332.337,-1.386,-22.036,6333.52,2,にゃんこ65K,-14.623,-44.868,0,0,6342.703,6336.89,6343.845,6338.254,28,2
126,6,1,4,4,0,0,1,0,0,1,255,255,7,6,6384.181,あくせる,R,33,88,140,-0.183,0.675,0.176,1.635,-0.362,1.953,-36.443,15.68,0,100,0,2,0,100.646,-84.559,17.339,0,0,1,6,3,R,白霜らいふ,175.2,80,0.653,3,55,W,Y,6385.214,255,75,100,76,32,145,91,38.621,-6.508,-0.51,0,0.599,41.874,353.094,-72.631,-0.001,-36.335,0,kneesohime,0.024,-17.283,0,にゃんこ65K,-19.829,-45.595,0,vovopo 보보포,-14.436,-56.434,87,Parottey,18.226,-43.639,0,CoalCat,9.2,-55.435,0,Gonyong,41.219,-97.031,0,「yune」,-7.961,-110.058,102,Roscosmos,-40.615,-84.013,0,6389.953,2.132,-90.021,6390.253,7,「yune」,2.128,-90.104,1,64,6396.253,6399.473,6388.245,6395.53,149,2
127,6,1,5,4,0,0,2,0,0,0,255,255,255,7,6422.888,あくせる,R,34,90,140,1.179,0.291,0.334,1.558,0.376,1.686,-36.443,20.022,0,100,0,2,0,95.535,-87.141,14.41,0,0,1,7,6,R,Ѕeyeon,170.5,85,0.35,3,55,W,Y,6423.783,201,63,82,45,9,141,82,12.232,-19.047,-0.81,0,0.518,198.762,112.649,10.774,-0.11,-36.375,0,kneesohime,0.189,-17.231,0,にゃんこ65K,-21.785,-48.824,0,vovopo 보보포,-14.422,-56.007,0,Parottey,19.165,-46.467,0,CoalCat,10.241,-64.324,0,Gonyong,41.94,-87.688,0,「yune」,-1.048,-112.989,0,Roscosmos,-40.387,-85.57,0,0,0,0,6425.837,5,CoalCat,12.349,-56.615,0,0,6462.319,,,,76,1
128,6,0,5,4,0,0,0,0,0,0,255,255,255,0,6559.116,인생최패망자,R,32,83,134,2.982,-0.599,0.915,1.164,0.906,1.244,-36.743,77.723,5,95,0,1,0,250,-4.327,-2.302,0,0,0,5,4,R,Parottey,190,84,0.442,0,55,W,Y,0,0,0,0,0,0,0,0,0,0,0,0,0,0,0,0,0.169,-37.657,0,P0TA0,0.107,-16.91,0,ʚEveɞ,-21.418,-49.525,0,白霜らいふ,-13.749,-63.397,0,sano jpn,19.152,-45.875,0,ibqrqki,9.926,-65.277,0,Ѕeyeon,42.932,-101.301,0,カズティー,-0.386,-124.582,0,NABIMan,-54.4,-103.754,0,0,0,0,0,0,,0,0,0,0,6560.153,,,,0,0
129,6,0,5,4,1,0,0,0,0,0,255,255,255,1,6569.488,인생최패망자,R,32,83,134,2.845,-1.015,0.895,1.094,0.987,0.987,-36.743,80.918,6,28,65,1,0,153.941,0.389,-2.588,0.497,-12.408,0,5,4,R,Parottey,190,84,0.442,0,55,W,Y,0,0,0,0,0,0,0,0,0,0,0,0,0,0,0,0,0.197,-37.431,0,P0TA0,0.607,-17.841,0,ʚEveɞ,-21.502,-49.524,0,白霜らいふ,-13.119,-63.671,0,sano jpn,19.351,-45.92,0,ibqrqki,10.237,-65.644,0,Ѕeyeon,42.944,-101.331,0,カズティー,0.188,-124.988,0,NABIMan,-55.357,-104.569,0,0,0,0,0,0,,0,0,0,0,6571.803,,,,0,0
130,6,0,5,4,2,0,0,0,0,0,255,255,255,2,6583.407,인생최패망자,R,32,84,136,0.765,-0.276,0.798,1.313,-0.009,1.363,-36.743,59.924,0,100,0,0,0,221.413,-92.331,5.013,0,0,0,5,4,R,Parottey,190,84,0.442,0,55,W,Y,0,0,0,0,0,0,0,0,0,0,0,0,0,0,0,0,0.121,-37.587,0,P0TA0,0.081,-16.618,0,ʚEveɞ,-21.425,-49.529,0,白霜らいふ,-13.631,-63.698,0,sano jpn,19.271,-45.953,0,ibqrqki,10.214,-65.612,0,Ѕeyeon,43.276,-101.846,0,カズティー,0.512,-125.069,0,NABIMan,-55.631,-103.566,0,0,0,0,0,0,,0,0,0,0,6584.453,,,,0,0
131,6,0,5,4,2,1,0,0,0,0,255,255,255,3,6596.932,인생최패망자,R,32,89,140,1.312,0.363,0.843,1.434,0.199,1.78,-36.743,57.156,0,100,0,2,0,250,-76.661,11.473,0,0,1,5,4,R,Parottey,190,84,0.442,3,55,W,Y,6598.111,176,103,84,52,0,144,130,-30,35.278,0.49,0,0.362,-380.608,311.344,99.258,0.254,-36.974,0,P0TA0,0.059,-16.925,0,ʚEveɞ,-21.169,-49.17,98,白霜らいふ,-13.549,-63.579,0,sano jpn,19.1,-46.156,0,ibqrqki,10.036,-65.481,0,Ѕeyeon,43.315,-101.511,0,カズティー,-0.195,-125.031,0,NABIMan,-55.417,-103.658,0,6597.753,-1.125,-20.589,6599.337,2,ʚEveɞ,-20.777,-44.33,0,0,,,,,6,2
132,6,0,5,4,0,0,1,0,0,0,255,255,255,4,6616.263,인생최패망자,R,32,87,140,0.913,-0.47,0.806,1.197,0.027,1.295,-36.743,59.16,0,100,0,0,0,244.31,-54.145,7.482,0,0,0,6,5,R,CoalCat,174.7,82.838,0.435,0,55,W,Y,0,0,0,0,0,0,0,0,0,0,0,0,0,0,0,0,-0.039,-37.817,0,P0TA0,0.068,-16.753,0,ʚEveɞ,-22.237,-49.153,0,白霜らいふ,-11.913,-63.96,0,sano jpn,19.654,-45.482,0,ibqrqki,7.747,-65.675,0,Ѕeyeon,41.34,-99.458,0,カズティー,-1.059,-116.01,0,NABIMan,-51.515,-99.539,0,0,0,0,0,0,,0,0,0,0,6617.604,,,,0,0
133,6,0,5,4,0,1,1,0,0,0,255,255,255,5,6628.114,인생최패망자,R,4,75,108,-2.077,-0.187,0.738,1.441,-0.501,1.517,-36.743,61.941,0,100,0,2,0,-219.864,0,6.59,0,0,1,6,5,R,CoalCat,174.7,82.838,0.435,3,55,W,Y,6629.198,255,103,160,95,63,145,113,5.805,-33.898,0.8,0,0.428,-158.584,1.655,-143.109,0.144,-37,0,P0TA0,-0.082,-16.999,0,ʚEveɞ,-21.794,-48.921,0,白霜らいふ,-11.73,-64.074,0,sano jpn,19.564,-45.421,85,ibqrqki,7.457,-66.339,0,Ѕeyeon,41.407,-99.565,0,カズティー,-1.059,-115.963,0,NABIMan,-51.384,-93.037,0,6630.087,20.09,-52.014,6630.187,4,sano jpn,16.366,-46.466,0,0,,,,,36,1
134,6,0,5,4,0,0,2,0,0,0,255,255,255,6,6647.05,인생최패망자,R,32,85,137,0.717,0.233,0.898,1.408,-0.01,1.697,-36.743,61.65,0,100,0,0,0,201.986,-43.036,5.201,0,0,0,7,3,L,vovopo 보보포,169.8,80.084,0.55,0,55,W,Y,0,0,0,0,0,0,0,0,0,0,0,0,0,0,0,0,0.239,-37.528,0,P0TA0,0.073,-16.765,0,ʚEveɞ,-22.225,-49.106,0,白霜らいふ,-8.95,-65.65,0,sano jpn,19.441,-46.388,0,ibqrqki,13.73,-63.53,0,Ѕeyeon,45.438,-93.991,0,カズティー,-0.255,-114.091,0,NABIMan,-48.395,-97.805,0,0,0,0,0,0,,0,0,0,0,6648.153,,,,0,0
135,6,0,5,4,0,1,2,0,0,0,255,255,255,7,6657.147,인생최패망자,R,32,93,140,-1.912,-0.171,0.649,1.238,-1.166,1.434,-36.743,37.963,3,85,12,1,0,225.235,-87.95,19.12,0,0,0,7,3,L,vovopo 보보포,169.8,80.084,0.55,0,55,W,Y,0,0,0,0,0,0,0,0,0,0,0,0,0,0,0,0,0.032,-37.588,0,P0TA0,0.026,-16.957,0,ʚEveɞ,-22.239,-49.162,0,白霜らいふ,-9.288,-65.629,0,sano jpn,19.461,-46.369,0,ibqrqki,13.202,-64.319,0,Ѕeyeon,46.48,-96.981,0,カズティー,-0.254,-114.088,0,NABIMan,-47.508,-98.368,0,0,0,0,0,0,,0,0,0,0,6658.203,,,,0,0
136,6,0,5,4,1,1,2,0,0,0,255,255,255,8,6667.712,인생최패망자,R,32,90,140,-0.52,-0.044,0.784,1.263,-0.538,1.525,-36.743,50.281,2,98,0,0,0,207.048,-67.622,11.725,0,0,0,7,3,L,vovopo 보보포,169.8,80.084,0.55,0,55,W,Y,0,0,0,0,0,0,0,0,0,0,0,0,0,0,0,0,0.314,-37.434,0,P0TA0,0.069,-16.757,0,ʚEveɞ,-22.218,-48.956,0,白霜らいふ,-8.844,-65.692,0,sano jpn,19.457,-46.157,0,ibqrqki,13.155,-64.233,0,Ѕeyeon,46.481,-96.986,0,カズティー,-0.255,-114.086,0,NABIMan,-49.136,-101.148,0,0,0,0,0,0,,0,0,0,0,6668.736,,,,0,0
137,6,0,5,4,1,2,2,0,0,0,255,255,255,9,6682.67,인생최패망자,R,32,89,140,-0.015,-0.809,0.819,1.152,-0.379,1.12,-36.743,49.868,4,56,40,2,0,250,-43.44,11.213,0,0,1,7,3,L,vovopo 보보포,169.8,80.084,0.55,3,55,W,Y,6683.703,255,255,57,28,19,133,119,-30,12.034,0.27,0,0.514,-141.18,55.695,-91.715,0.105,-36.734,0,P0TA0,0.022,-17.046,0,ʚEveɞ,-22.025,-49.149,0,白霜らいふ,-9.047,-65.547,89,sano jpn,19.417,-46.183,0,ibqrqki,13.172,-64.207,0,Ѕeyeon,46.479,-96.974,0,カズティー,-0.242,-114.04,0,NABIMan,-49.573,-101.371,0,6683.47,-0.239,-20.657,6685.319,3,白霜らいふ,-8.468,-59.15,0,0,,,,,70,2
138,7,1,5,4,0,0,0,0,0,0,255,255,255,8,6739.043,あくせる,R,29,81,132,-2.466,0.316,0.079,1.532,-0.814,1.588,-36.443,18.112,12,88,0,2,0,-185.504,-178.431,21.314,0,0,1,8,5,L,ibqrqki,164.9,86.676,0.604,3,55,W,Y,6740.126,239,111,98,65,38,145,82,25.6,34.916,-0.8,0,0.111,300.619,503.209,26.414,-0.097,-36.688,0,kneesohime,-0.018,-17.313,0,にゃんこ65K,-19.757,-49.074,0,vovopo 보보포,-11.619,-57.62,0,Parottey,20.325,-45.454,0,CoalCat,13.661,-62.421,0,Gonyong,46.465,-80.416,0,「yune」,3.227,-113.837,0,Roscosmos,-37.038,-84.566,0,6743.819,-42.262,-67.738,6744.137,8,Roscosmos,-41.547,-67.047,0,0,,,,,260,1
139,7,1,5,4,0,0,1,0,0,0,255,255,255,9,6769.932,あくせる,R,33,87,140,0.106,0.073,0.232,1.526,-0.1,1.578,-36.443,27.078,0,100,0,0,0,104.755,-96.353,16.533,0,0,1,0,8,L,NABIMan,190,83.228,0.48,0,55,W,Y,0,0,0,0,0,0,0,0,0,0,0,0,0,0,0,0,-0.04,-36.794,0,kneesohime,-0.095,-17.276,0,にゃんこ65K,-22.409,-50.476,0,vovopo 보보포,-12.452,-58.84,0,Parottey,20.063,-45.576,0,CoalCat,13.069,-61.694,0,Gonyong,51.945,-91.143,0,「yune」,11.497,-117.716,0,Roscosmos,-39.409,-82.942,0,0,0,0,0,0,,0,0,0,0,6770.887,,,,0,0
140,7,1,5,4,0,1,1,0,0,0,255,255,255,10,6788.369,あくせる,R,10,70,113,2.127,-0.564,0.45,1.581,0.913,1.756,-36.443,25.73,0,100,0,2,0,0,400,-2.158,0,0,1,0,8,L,NABIMan,190,83.228,0.48,3,55,W,Y,6789.35,206,108,21,94,92,84,92,-9.215,0.571,0.33,0,0.247,-16.591,-139.406,17.197,0.21,-36.71,0,kneesohime,0.272,-17.5,0,にゃんこ65K,-21.957,-50.259,0,vovopo 보보포,-11.868,-58.816,85,Parottey,20.272,-46.011,0,CoalCat,14.112,-61.079,0,Gonyong,53.14,-91.278,0,「yune」,12.554,-116.266,94,Roscosmos,-39.039,-84.75,0,6789.153,0.987,-23.843,6795.17,7,「yune」,0.115,-98.288,1,0,,,,,133,2
141,7,1,5,4,0,0,1,1,0,0,8,255,255,11,6821.253,あくせる,R,10,81,121,1.705,-0.827,0.411,1.513,0.731,1.538,-36.443,26.553,0,100,0,4,0,0,400,19.436,0,0,1,1,2,L,ʚEveɞ,190,85.404,0.402,0,55,W,Y,0,0,0,0,0,0,0,0,0,0,0,0,0,0,0,0,0.204,-37.16,0,kneesohime,0.062,-17.429,0,にゃんこ65K,-20.276,-43.055,0,vovopo 보보포,-11.236,-57.216,0,Parottey,19.216,-45.433,0,CoalCat,13.257,-61.637,0,Gonyong,52.216,-100.206,0,「yune」,7.342,-113.93,0,Roscosmos,-38.697,-90.434,0,0,0,0,0,0,,0,0,0,0,6822.303,,,,0,0
142,7,1,5,4,0,1,1,1,0,0,8,255,255,12,6837.861,あくせる,R,10,82,122,1.785,-0.899,0.418,1.498,0.765,1.487,-36.443,22.56,0,100,0,4,0,0,400,12.291,0,0,1,1,2,L,ʚEveɞ,190,85.404,0.402,0,55,W,Y,0,0,0,0,0,0,0,0,0,0,0,0,0,0,0,0,0.235,-37.299,0,kneesohime,0.059,-17.372,0,にゃんこ65K,-20.801,-43.428,0,vovopo 보보포,-8.855,-57.701,0,Parottey,19.235,-45.319,0,CoalCat,12.955,-61.536,0,Gonyong,51.537,-99.955,0,「yune」,6.997,-112.952,0,Roscosmos,-38.16,-90.565,0,0,0,0,0,0,,0,0,0,0,6838.953,,,,0,0
143,7,1,5,4,0,2,1,1,0,0,8,255,255,13,6860.471,あくせる,R,14,81,119,3.39,-0.717,0.44,1.518,0.865,1.552,-36.443,25.244,0,100,0,4,0,366.05,340.598,14.794,0,0,0,1,2,L,ʚEveɞ,190,85.404,0.402,0,55,W,Y,0,0,0,0,0,0,0,0,0,0,0,0,0,0,0,0,-0.002,-37.286,0,kneesohime,-0.61,-20.066,0,にゃんこ65K,-19.775,-43.553,0,vovopo 보보포,-11.799,-56.592,0,Parottey,21.97,-47.522,0,CoalCat,13.021,-61.546,0,Gonyong,51.45,-99.948,0,「yune」,6.322,-113.284,0,Roscosmos,-38.261,-89.145,0,0,0,0,0,0,,0,0,0,2,6861.403,,,,0,0
144,7,1,5,4,0,0,2,1,0,0,8,255,255,14,6886.437,あくせる,R,33,88,140,1.412,0.102,0.353,1.542,0.46,1.629,-36.443,18.075,0,100,0,2,0,108.67,-56.978,18.438,0,0,1,2,0,R,인생최패망자,190,80,0.351,3,55,W,Y,6887.461,219,100,145,108,29,145,102,-82.676,-39.906,-0.27,0,0.419,-349.754,-44.392,25.01,0.094,-36.568,0,kneesohime,0.181,-17.309,107,にゃんこ65K,-20.389,-46.852,0,vovopo 보보포,-13.91,-55.859,0,Parottey,20.212,-49.078,0,CoalCat,12.4,-62.644,0,Gonyong,51.617,-102.711,0,「yune」,-4.717,-117.11,0,Roscosmos,-42.656,-88.878,0,6887.137,0.316,-19.707,6893.286,1,kneesohime,9.324,-20.915,0,0,6893.286,,,,20,2
145,7,1,5,4,0,1,2,1,0,0,8,255,255,15,6925.244,あくせる,R,13,69,97,-2.503,-1.146,0.139,1.428,-0.356,1.392,-36.443,29.595,19,81,0,2,0,-344.292,312.348,-15.546,0,0,1,2,0,R,인생최패망자,190,80,0.351,3,55,W,Y,6926.508,208,176,99,136,73,145,112,-21.236,36.355,0.91,0,0.414,-299.828,297.908,-119.099,-0.322,-36.572,0,kneesohime,-0.812,-17.774,0,にゃんこ65K,-20.584,-47.214,0,vovopo 보보포,-15.357,-56.768,0,Parottey,21.233,-48.696,0,CoalCat,12.693,-62.927,0,Gonyong,50.918,-99.936,0,「yune」,0.141,-116.043,0,Roscosmos,-44.646,-88.92,0,6926.236,-1.515,-22.004,6927.703,2,にゃんこ65K,-16.36,-46.421,0,0,,,,,12,2
146,7,0,5,4,0,0,0,0,0,0,255,255,255,10,6971.603,인생최패망자,R,32,83,135,0.947,-1.07,0.903,1.113,0.013,0.999,-36.743,73.585,9,31,60,4,0,250,0.226,-1.091,0,0,1,8,8,R,Roscosmos,175,90.135,0.473,0,55,W,Y,0,0,0,0,0,0,0,0,0,0,0,0,0,0,0,0,0.137,-37.596,0,P0TA0,0.097,-16.73,0,ʚEveɞ,-21.411,-48.777,0,白霜らいふ,-16.976,-61.88,0,sano jpn,19.282,-45.622,0,ibqrqki,8.771,-66.422,0,Ѕeyeon,40.386,-99.373,0,カズティー,-0.185,-114.092,0,NABIMan,-45.261,-91.794,0,0,0,0,0,0,,0,0,0,0,6972.453,,,,0,0
147,7,0,5,4,0,1,0,0,0,0,255,255,255,11,6984.781,인생최패망자,R,32,87,140,4.138,-0.025,0.997,1.366,1.456,1.587,-36.743,78.933,0,100,0,2,0,228.16,-13.263,-7.497,0,0,1,8,8,R,Roscosmos,175,90.135,0.473,3,47,W,Y,6985.574,116,55,78,102,82,137,80,50.645,-55.604,-0.84,0,0.242,94.701,-525.13,-64.713,0.643,-36.73,0,P0TA0,0.119,-16.873,0,ʚEveɞ,-21.539,-48.945,0,白霜らいふ,-16.311,-62.529,0,sano jpn,19.222,-45.746,0,ibqrqki,9.546,-65.141,0,Ѕeyeon,40.368,-99.4,0,カズティー,-0.715,-117.164,0,NABIMan,-49.955,-97.717,0,6989.937,55.908,-47.549,0,0,,0,0,0,0,,,,,36,3
148,7,0,5,4,0,2,0,0,0,0,255,255,255,12,7007.543,인생최패망자,R,3,75,104,-2.472,0.362,0.789,1.435,-0.299,1.844,-36.743,68.843,0,100,0,2,0,-393.043,0,16.799,0,0,1,8,8,R,Roscosmos,175,90.135,0.473,3,47,W,Y,7008.459,164,84,63,90,65,138,93,27.504,47.187,0.93,0,0.403,111.756,66.051,250.544,0.047,-37,0,P0TA0,-0.016,-16.931,0,ʚEveɞ,-21.914,-49.555,0,白霜らいふ,-11.831,-65.193,0,sano jpn,19.238,-45.693,0,ibqrqki,11.107,-64.811,0,Ѕeyeon,40.937,-99.376,0,カズティー,0.384,-116.302,0,NABIMan,-51.694,-100.896,0,7011.687,-51.069,-65.641,0,0,,0,0,0,0,,,,,4,3
149,7,0,5,4,0,2,0,0,0,0,255,255,255,13,7022.711,인생최패망자,R,32,90,140,-0.173,1.639,0.806,1.533,-0.438,2.476,-36.743,50.453,0,100,0,2,0,243.395,-90.625,10.421,0,0,1,8,8,R,Roscosmos,175,90.135,0.473,3,47,W,Y,7023.483,245,54,96,58,66,145,84,64.876,-49.835,-0.88,0,0.306,366.696,-398.944,212.441,0.294,-37.038,0,P0TA0,0.042,-16.888,0,ʚEveɞ,-21.704,-48.54,0,白霜らいふ,-15.838,-62.606,0,sano jpn,20.269,-46.457,0,ibqrqki,10.461,-65.574,0,Ѕeyeon,41.216,-100.514,0,カズティー,-1.695,-115.681,0,NABIMan,-51.631,-99.02,0,7028.92,41.977,-47.482,7028.97,4,sano jpn,41.083,-46.97,0,0,,,,,36,1
150,7,0,5,4,0,0,1,0,0,0,255,255,255,14,7052.535,인생최패망자,R,32,88,140,0.824,0.222,0.796,1.404,-0.019,1.683,-36.743,53.296,0,100,0,0,0,250,-59.536,11.31,0,0,0,0,7,R,「yune」,174.8,80,0.28,0,30,W,Y,0,0,0,0,0,0,0,0,0,0,0,0,0,0,0,0,0.214,-37.404,0,P0TA0,0.084,-16.777,0,ʚEveɞ,-20.585,-46.661,0,白霜らいふ,-13.857,-64.264,0,sano jpn,19.411,-46.475,0,ibqrqki,10.193,-66.236,0,Ѕeyeon,40.418,-101.421,0,カズティー,1.804,-113.349,0,NABIMan,-54.863,-99.98,0,0,0,0,0,0,,0,0,0,0,7053.62,,,,0,0
151,7,0,5,4,0,1,1,0,0,0,255,255,255,15,7063.534,인생최패망자,R,3,79,106,-0.295,-0.866,0.834,1.153,0.711,1.137,-36.743,88.389,9,91,0,2,0,-436.484,0,5.672,0,0,1,0,7,R,「yune」,174.8,80,0.28,3,30,W,Y,7064.736,255,164,83,149,40,145,93,25.444,52.662,0.95,0,0.444,137.132,-210.285,-58.029,-0.031,-36.901,0,P0TA0,0.049,-17.024,0,ʚEveɞ,-21.035,-47.51,0,白霜らいふ,-13.934,-64.266,0,sano jpn,19.495,-46.442,0,ibqrqki,9.575,-65.384,0,Ѕeyeon,40.312,-101.263,0,カズティー,1.243,-113.542,0,NABIMan,-55.017,-99.787,0,7067.803,-50.936,-62.342,0,0,,0,0,0,0,,,,,4,3
152,7,0,5,4,0,2,1,0,0,0,255,255,255,16,7080.749,인생최패망자,R,32,89,140,-0.257,1.611,0.697,1.522,-0.479,2.438,-36.743,41.143,0,100,0,1,0,250,-111.511,18.37,0,0,0,0,7,R,「yune」,174.8,80,0.28,0,55,W,Y,0,0,0,0,0,0,0,0,0,0,0,0,0,0,0,0,0.253,-37.427,0,P0TA0,0.058,-16.843,0,ʚEveɞ,-21.329,-47.736,0,白霜らいふ,-14.81,-63.122,0,sano jpn,18.309,-45.986,0,ibqrqki,9.828,-65.857,0,Ѕeyeon,41.172,-100.771,0,カズティー,-0.179,-113.098,0,NABIMan,-53.304,-99.209,0,0,0,0,0,0,,0,0,0,0,7081.753,,,,0,0
153,7,0,5,4,1,2,1,0,0,0,255,255,255,17,7092.108,인생최패망자,R,32,90,140,-0.387,-0.198,0.692,1.243,-0.502,1.457,-36.743,50.284,4,96,0,0,0,226.193,-47.683,7.621,0,0,0,0,7,R,「yune」,174.8,80,0.28,0,55,W,Y,0,0,0,0,0,0,0,0,0,0,0,0,0,0,0,0,0.271,-37.285,0,P0TA0,0.192,-17.523,0,ʚEveɞ,-21.399,-47.747,0,白霜らいふ,-14.953,-63.027,0,sano jpn,18.451,-46.167,0,ibqrqki,9.854,-65.85,0,Ѕeyeon,41.174,-100.787,0,カズティー,-0.181,-113.083,0,NABIMan,-53.462,-98.226,0,0,0,0,0,0,,0,0,0,1,7093.236,,,,0,0
154,7,0,5,4,0,0,2,0,0,0,255,255,255,18,7113.067,인생최패망자,R,3,85,111,-3.572,-0.096,0.654,1.459,-0.762,1.567,-36.743,53.507,0,100,0,4,0,-420.32,0,22.095,-2.189,-10.982,1,1,6,R,Gonyong,190,85,0.2,0,55,W,Y,0,0,0,0,0,0,0,0,0,0,0,0,0,0,0,0,-0.182,-37.825,0,P0TA0,-1.16,-15.653,0,ʚEveɞ,-21.472,-48.908,0,白霜らいふ,-13.801,-63.896,0,sano jpn,20.16,-46.646,0,ibqrqki,9.973,-65.926,0,Ѕeyeon,44.237,-100.656,0,カズティー,-0.555,-123.621,0,NABIMan,-54.201,-100.126,0,0,0,0,0,0,,0,0,0,0,7117.687,,,,0,0
155,7,0,5,4,0,1,2,0,0,0,255,255,255,19,7132.266,인생최패망자,R,32,86,140,0.155,-0.538,0.836,1.183,-0.3,1.278,-36.743,63.237,6,81,13,0,0,247.172,-9.521,0.868,0,0,1,1,6,R,Gonyong,190,85,0.2,0,55,W,Y,0,0,0,0,0,0,0,0,0,0,0,0,0,0,0,0,0.071,-37.656,0,P0TA0,0.044,-16.876,0,ʚEveɞ,-20.837,-47.942,0,白霜らいふ,-13.751,-64.191,0,sano jpn,19.519,-46.461,0,ibqrqki,9.907,-66.049,0,Ѕeyeon,44.244,-100.679,0,カズティー,-0.81,-120.031,0,NABIMan,-55.818,-101.595,0,0,0,0,0,0,,0,0,0,0,7133.387,,,,0,0
156,7,0,5,4,0,2,2,0,0,0,255,255,255,20,7145.811,인생최패망자,R,3,65,95,-1.509,-0.647,0.786,1.13,0.293,1.249,-36.743,94.711,2,43,54,2,0,-425.003,0,7.104,0,0,1,1,6,R,Gonyong,190,85,0.2,3,55,W,Y,7147.183,125,141,72,111,41,137,129,12.352,-34.109,0.64,0,0.297,-442.143,327.882,192.167,0.108,-37.245,0,P0TA0,-0.072,-17.157,0,ʚEveɞ,-20.718,-48.335,0,白霜らいふ,-12.947,-64.113,66,sano jpn,19.322,-46.578,0,ibqrqki,9.863,-66.021,0,Ѕeyeon,44.232,-100.651,101,カズティー,-0.812,-120.033,0,NABIMan,-59.102,-101.146,0,7149.286,36.541,-81.417,7150.12,6,Ѕeyeon,41.296,-91.636,1,0,,,,,196,2
157,7,0,5,4,0,0,2,1,0,0,16,255,255,21,7172.112,인생최패망자,R,32,82,133,1.255,0.239,0.845,1.42,0.208,1.714,-36.743,63.679,0,100,0,2,0,208.838,-57.939,2.47,0,0,1,2,0,R,あくせる,190,89.801,0.5,3,55,W,Y,7173.253,255,88,184,98,47,145,100,113.815,-53.741,-0.35,0,0.234,228.56,-181.697,51.696,0.162,-36.877,0,P0TA0,0.064,-16.956,0,ʚEveɞ,-18.132,-45.003,0,白霜らいふ,-12.741,-63.651,0,sano jpn,19.681,-46.705,0,ibqrqki,9.333,-65.74,0,Ѕeyeon,45.306,-100.086,0,カズティー,0.938,-122.57,0,NABIMan,-56.436,-105.023,0,0,0,0,0,0,,0,0,0,0,,,,,4,3
158,7,0,5,4,0,1,2,1,0,0,16,255,255,22,7189.151,인생최패망자,R,3,84,110,-3.059,0.182,0.741,1.443,-0.494,1.744,-36.743,66.407,3,97,0,1,0,-454.937,0,15.093,0,0,0,2,0,R,あくせる,190,89.801,0.5,0,73,W,Y,0,0,0,0,0,0,0,0,0,0,0,0,0,0,0,0,0.429,-37.396,0,P0TA0,-0.141,-16.935,0,ʚEveɞ,-19.697,-44.358,0,白霜らいふ,-13.928,-63.883,0,sano jpn,19.286,-46.753,0,ibqrqki,8.367,-65.828,0,Ѕeyeon,44.659,-100.552,0,カズティー,0.303,-122.577,0,NABIMan,-56.927,-103.053,0,0,0,0,0,0,,0,0,0,0,7190.387,,,,0,0
159,7,0,5,4,1,1,2,1,0,0,16,255,255,23,7204.602,인생최패망자,R,32,80,131,0.888,-0.492,0.908,1.187,0.037,1.29,-36.743,74.9,5,95,0,2,0,213.991,-24.828,-2.82,0,0,1,2,0,R,あくせる,190,89.801,0.5,3,73,W,Y,7205.722,255,70,148,113,47,145,102,10.541,19.814,-0.24,0,0.213,-101.471,547.508,-14.661,0.352,-37.137,0,P0TA0,0.031,-17.113,0,ʚEveɞ,-18.6,-44.766,0,白霜らいふ,-13.732,-63.992,0,sano jpn,19.258,-46.735,0,ibqrqki,8.466,-66.346,0,Ѕeyeon,45.245,-102.193,0,カズティー,0.302,-122.583,0,NABIMan,-55.838,-102.637,0,0,0,0,7207.437,3,白霜らいふ,-16.781,-58.518,0,0,,7210.137,,,68,1
160,8,1,5,4,0,0,0,0,0,0,255,255,255,16,7264.269,あくせる,R,14,98,126,2.134,-0.996,0.334,1.454,0.376,1.344,-36.443,24.061,15,85,0,1,0,364.72,342.022,24.567,0,0,0,3,1,R,P0TA0,189.5,96.215,0.525,0,39,W,Y,0,0,0,0,0,0,0,0,0,0,0,0,0,0,0,0,0.175,-37.234,0,kneesohime,0.034,-17.229,0,にゃんこ65K,-23.233,-52.546,0,vovopo 보보포,-14.671,-58.04,0,Parottey,21.793,-49.97,0,CoalCat,10.636,-64.192,0,Gonyong,44.407,-98.346,0,「yune」,-10.749,-112,0,Roscosmos,-40.373,-85.248,0,0,0,0,0,0,,0,0,0,0,7265.153,,,,0,0
161,8,1,5,4,1,0,0,0,0,0,255,255,255,17,7285.255,あくせる,R,26,92,140,-2.584,-1.316,-0.023,1.237,-1.286,0.638,-36.443,26.117,0,100,0,1,0,124.475,-181.342,26.704,0,0,0,3,1,R,P0TA0,189.5,96.215,0.525,0,39,W,Y,0,0,0,0,0,0,0,0,0,0,0,0,0,0,0,0,-0.091,-36.828,0,kneesohime,-0.603,-17.19,0,にゃんこ65K,-22.76,-51.706,0,vovopo 보보포,-14.144,-58.05,0,Parottey,21.542,-50.239,0,CoalCat,10.672,-64.253,0,Gonyong,44.303,-98.333,0,「yune」,-8.761,-115.459,0,Roscosmos,-40.837,-85.437,0,0,0,0,0,0,,0,0,0,0,7286.07,,,,0,0
162,8,1,5,4,2,0,0,0,0,0,255,255,255,18,7303.811,あくせる,R,14,75,113,-0.168,-1.532,0.099,1.368,-0.717,1.066,-36.443,21.66,0,100,0,1,0,372.626,333.391,45.186,0.098,-18.175,0,3,1,R,P0TA0,189.5,96.215,0.525,0,39,W,Y,0,0,0,0,0,0,0,0,0,0,0,0,0,0,0,0,-0.006,-36.937,0,kneesohime,0.033,-17.365,0,にゃんこ65K,-22.856,-51.631,0,vovopo 보보포,-14.189,-57.982,0,Parottey,21.616,-49.96,0,CoalCat,10.658,-64.326,0,Gonyong,44.597,-98.976,0,「yune」,-7.999,-115.923,0,Roscosmos,-41.007,-85.402,0,0,0,0,0,0,,0,0,0,0,7304.653,,,,0,0
163,8,1,5,4,3,0,0,0,0,0,255,255,255,19,7355.974,あくせる,R,32,90,140,-2.684,-1.005,-0.048,1.325,-1.404,0.925,-36.443,17.997,0,100,0,1,0,177.396,-71.652,19.544,0,0,0,3,1,R,P0TA0,189.5,96.215,0.525,0,39,W,Y,0,0,0,0,0,0,0,0,0,0,0,0,0,0,0,0,0.25,-37.188,0,kneesohime,-0.297,-17.287,0,にゃんこ65K,-22.958,-51.679,0,vovopo 보보포,-14.312,-58.012,0,Parottey,20.308,-48.088,0,CoalCat,10.531,-64.482,0,Gonyong,44.65,-98.982,0,「yune」,-10.233,-115.281,0,Roscosmos,-41.259,-86.867,0,0,0,0,0,0,,0,0,0,0,7356.803,,,,0,5
164,8,1,5,4,0,0,0,1,0,0,1,255,255,20,7381.797,あくせる,R,10,81,121,0.887,-0.655,0.334,1.565,0.376,1.709,-36.443,22.419,0,100,0,2,0,0,400,17.811,0,0,1,4,7,R,カズティー,175,84.645,0.33,3,55,W,Y,7382.756,255,164,95,101,53,145,127,-30,5.635,0.38,0,0.79,-559.02,112.813,-62.152,0.052,-36.974,0,kneesohime,0.072,-17.655,0,にゃんこ65K,-20.008,-46.65,0,vovopo 보보포,-16.124,-58.638,0,Parottey,20.27,-47.572,0,CoalCat,8.075,-62.265,85,Gonyong,44.665,-94.524,0,「yune」,-5.209,-113.115,91,Roscosmos,-41.075,-86.001,0,7382.387,0.081,-20.231,7385.986,7,「yune」,-6.729,-97.306,1,0,,7387.726,,,69,2
165,8,1,5,4,0,0,0,1,1,0,7,1,255,21,7412.765,あくせる,R,33,90,140,0.17,0.864,0.239,1.683,-0.066,2.086,-36.443,13.641,0,100,0,0,0,101.53,-81.024,22.819,0,0,0,5,4,R,sano jpn,190,90.118,0.561,0,55,W,Y,0,0,0,0,0,0,0,0,0,0,0,0,0,0,0,0,0.154,-37.176,0,kneesohime,-0.092,-17.525,0,にゃんこ65K,-21.411,-46.045,0,vovopo 보보포,-14.818,-57.769,0,Parottey,21.726,-47.025,0,CoalCat,3.318,-60.619,0,Gonyong,43.286,-90.933,0,「yune」,-11.854,-114.397,0,Roscosmos,-41.861,-86.603,0,0,0,0,0,0,,0,0,0,0,7413.803,7415.465,,,0,0
166,8,1,5,4,0,1,0,1,1,0,7,1,255,22,7435.454,あくせる,R,33,79,129,-0.377,-0.567,0.172,1.4,-0.381,1.171,-36.443,20.036,0,100,0,0,0,143.711,-93.455,20.212,0,0,0,5,4,R,sano jpn,190,90.118,0.561,0,55,W,Y,0,0,0,0,0,0,0,0,0,0,0,0,0,0,0,0,0.113,-37.028,0,kneesohime,-0.014,-17.633,0,にゃんこ65K,-21.838,-45.608,0,vovopo 보보포,-14.837,-57.74,0,Parottey,20.839,-46.639,0,CoalCat,2.965,-60.847,0,Gonyong,45.609,-96.402,0,「yune」,-11.324,-115.541,0,Roscosmos,-41.606,-87.307,0,0,0,0,0,0,,0,0,0,0,7436.42,7438.09,,,0,0
167,8,1,5,4,0,2,0,1,1,0,7,1,255,23,7457.271,あくせる,R,13,75,102,-3.303,-1.462,0.026,1.323,-0.704,1.165,-36.443,22.278,10,90,0,4,0,-362.039,312.348,-23.625,0,0,1,5,4,R,sano jpn,190,90.118,0.561,0,55,W,Y,0,0,0,0,0,0,0,0,0,0,0,0,0,0,0,0,0.101,-37.321,0,kneesohime,-1.119,-18.8,0,にゃんこ65K,-20.859,-44.119,0,vovopo 보보포,-14.84,-57.711,0,Parottey,19.897,-44.784,0,CoalCat,3.929,-61.058,0,Gonyong,45.633,-96.51,0,「yune」,-13.057,-115.856,0,Roscosmos,-41.4,-88.891,0,0,0,0,0,0,,0,0,0,32,7458.32,7461.048,,,0,0
168,8,1,5,4,0,0,1,1,1,0,7,1,255,24,7482.947,あくせる,R,13,67,96,-2.135,-1.302,0.202,1.451,-0.161,1.423,-36.443,30.611,20,80,0,1,0,-340.743,312.348,-27.796,0,0,0,6,3,R,白霜らいふ,175.2,80,0.653,0,55,W,Y,0,0,0,0,0,0,0,0,0,0,0,0,0,0,0,0,0.076,-37.196,0,kneesohime,-0.197,-17.505,0,にゃんこ65K,-21.208,-45.206,0,vovopo 보보포,-14.458,-57.655,0,Parottey,20.535,-46.703,0,CoalCat,4.141,-61.428,0,Gonyong,44.67,-94.081,0,「yune」,-11.017,-110.173,0,Roscosmos,-39.928,-86.697,0,0,0,0,0,0,,0,0,0,0,7484.187,7485.814,,,0,0
169,8,1,5,4,1,0,1,1,1,0,7,1,255,25,7522.93,あくせる,R,32,91,140,-2.487,0.061,-0.034,1.522,-1.336,1.559,-36.443,11.632,0,100,0,4,0,194.119,-89.048,24.133,0,0,1,6,3,R,白霜らいふ,175.2,80,0.653,0,55,W,Y,0,0,0,0,0,0,0,0,0,0,0,0,0,0,0,0,0.243,-37.437,0,kneesohime,-0.954,-17.63,0,にゃんこ65K,-21.221,-46.631,0,vovopo 보보포,-14.722,-57.565,0,Parottey,19.928,-45.374,0,CoalCat,3.334,-61.249,0,Gonyong,43.862,-94.453,0,「yune」,-10.224,-110.381,0,Roscosmos,-40.689,-86.169,0,0,0,0,0,0,,0,0,0,0,7523.92,7525.5,,,0,0
170,8,1,5,4,1,1,1,1,1,0,7,1,255,26,7544.756,あくせる,R,32,93,140,-4.476,-0.036,-0.21,1.503,-2.157,1.493,-36.443,8.435,0,100,0,1,0,159.658,-100.64,13.113,0,0,0,6,3,R,白霜らいふ,175.2,80,0.653,0,38,W,Y,0,0,0,0,0,0,0,0,0,0,0,0,0,0,0,0,-0.196,-36.251,0,kneesohime,-0.452,-17.586,0,にゃんこ65K,-21.58,-45.605,0,vovopo 보보포,-14.758,-57.596,0,Parottey,18.717,-44.683,0,CoalCat,3.712,-61.46,0,Gonyong,43.863,-95.096,0,「yune」,-10.679,-111.216,0,Roscosmos,-39.875,-85.082,0,0,0,0,0,0,,0,0,0,0,7545.72,7547.417,,,0,0
171,8,1,5,4,2,1,1,1,1,0,7,1,255,27,7566.713,あくせる,R,33,78,128,0.192,0.703,0.237,1.636,-0.075,1.957,-36.443,12.564,0,100,0,2,0,102.676,-50.951,23.405,0,0,1,6,3,R,白霜らいふ,175.2,80,0.653,3,38,W,Y,7567.794,255,66,85,71,36,145,127,-30,13.542,0.51,0,0.481,-333.06,200.65,68.203,-0.009,-36.461,0,kneesohime,0.053,-17.683,120,にゃんこ65K,-21.005,-46.923,108,vovopo 보보포,-14.69,-57.409,76,Parottey,19.077,-44.644,104,CoalCat,4.093,-61.467,107,Gonyong,44.261,-94.962,0,「yune」,-6.496,-110.204,0,Roscosmos,-39.736,-84.981,0,7567.486,-0.549,-20.263,7569.32,3,vovopo 보보포,-9.084,-55.445,1,8,7575.637,7572.148,7572.306,7580.343,252,2
172,8,0,5,4,0,0,0,0,0,0,255,255,255,24,7673.762,인생최패망자,R,13,82,107,-2.801,-1.28,0.754,1.307,-0.441,1.24,-36.743,66.328,7,93,0,4,0,-396.853,289.055,8.353,-1.071,-16.627,1,3,2,R,にゃんこ65K,190,91.072,0.596,0,91,W,Y,0,0,0,0,0,0,0,0,0,0,0,0,0,0,0,0,-0.025,-37.563,0,P0TA0,-1.211,-15.866,0,ʚEveɞ,-22.557,-50.158,0,白霜らいふ,-12.932,-62.815,0,sano jpn,20.266,-46.524,0,ibqrqki,10.349,-65.275,0,Ѕeyeon,40.238,-100.784,0,カズティー,1.239,-124.101,0,NABIMan,-54.97,-100.444,0,0,0,0,0,0,,0,0,0,0,7676.453,,,,0,0
173,8,0,5,4,0,1,0,0,0,0,255,255,255,25,7688.809,인생최패망자,R,32,87,140,-0.411,-0.51,0.782,1.179,-0.547,1.266,-36.743,57.612,6,94,0,0,0,247.253,-45.099,0.585,0,0,0,3,2,R,にゃんこ65K,190,91.072,0.596,0,91,W,Y,0,0,0,0,0,0,0,0,0,0,0,0,0,0,0,0,0.421,-37.644,0,P0TA0,0.084,-16.663,0,ʚEveɞ,-22.478,-50.554,0,白霜らいふ,-12.758,-63.849,0,sano jpn,20.323,-46.599,0,ibqrqki,10.344,-65.216,0,Ѕeyeon,40.906,-102.157,0,カズティー,1.113,-124.112,0,NABIMan,-55.209,-101.666,0,0,0,0,0,0,,0,0,0,0,7689.87,,,,0,0
174,8,0,5,4,0,2,0,0,0,0,255,255,255,26,7700.823,인생최패망자,R,32,89,140,0.327,1.231,0.855,1.51,-0.208,2.336,-36.743,52.59,0,100,0,2,0,233.369,-66.605,8.975,0,0,1,3,2,R,にゃんこ65K,190,91.072,0.596,3,91,W,Y,7701.941,189,83,91,52,28,145,128,25.662,30.586,0.28,0,0.193,122.784,253.345,-90.963,0.392,-37.311,0,P0TA0,0.049,-16.857,0,ʚEveɞ,-21.805,-49.837,0,白霜らいふ,-13.369,-64.483,0,sano jpn,20.44,-46.577,0,ibqrqki,10.328,-65.217,89,Ѕeyeon,40.943,-102.255,0,カズティー,1.062,-124.114,0,NABIMan,-54.486,-99.988,85,0,0,0,7706.604,8,NABIMan,-59.675,-109.171,0,0,,,,,261,1
175,8,0,5,4,0,0,1,0,0,0,255,255,255,27,7733.677,인생최패망자,R,32,96,140,-3.573,-0.163,0.486,1.21,-1.924,1.365,-36.743,28.388,4,96,0,1,0,250,-180.583,29.161,0,0,0,4,1,R,kneesohime,190,84.513,0.501,0,55,W,Y,0,0,0,0,0,0,0,0,0,0,0,0,0,0,0,0,0.292,-37.55,0,P0TA0,-0.066,-16.757,0,ʚEveɞ,-21.368,-48.55,0,白霜らいふ,-13.791,-63.9,0,sano jpn,19.351,-46.196,0,ibqrqki,9.604,-65.964,0,Ѕeyeon,41.036,-100.736,0,カズティー,-0.15,-125.992,0,NABIMan,-54.662,-102.122,0,0,0,0,0,0,,0,0,0,0,7734.653,,,,0,0
176,8,0,5,4,1,0,1,0,0,0,255,255,255,28,7746.836,인생최패망자,R,32,90,140,-0.193,-0.432,0.802,1.194,-0.456,1.312,-36.743,48.622,3,85,12,2,0,250,-46.838,11.985,0,0,1,4,1,R,kneesohime,190,84.513,0.501,3,55,W,Y,7747.91,255,83,133,78,45,145,130,25.688,30.388,0.66,0,0.279,157.054,456.056,281.009,0.42,-36.921,0,P0TA0,0.017,-16.915,0,ʚEveɞ,-21.293,-48.659,0,白霜らいふ,-13.498,-64.1,0,sano jpn,19.409,-46.239,0,ibqrqki,9.637,-65.896,0,Ѕeyeon,40.789,-100.403,0,カズティー,-0.347,-125.017,0,NABIMan,-53.298,-104.643,0,7754.47,-79.833,-120.978,0,0,,0,0,0,0,,7758.334,7763.512,,4,4
177,8,0,5,5,0,0,1,0,0,0,255,255,255,29,7781.82,인생최패망자,R,32,92,140,-0.234,0.578,0.709,1.48,-0.422,1.902,-36.743,39.504,0,100,0,0,0,214.71,-90.679,10.226,0,0,0,5,4,R,Parottey,190,84,0.442,0,55,W,Y,0,0,0,0,0,0,0,0,0,0,0,0,0,0,0,0,0.377,-37.419,0,P0TA0,0.085,-16.759,0,ʚEveɞ,-21.721,-48.731,0,白霜らいふ,-13.296,-63.744,0,sano jpn,20.183,-46.745,0,ibqrqki,9.403,-65.699,0,Ѕeyeon,43.924,-103.829,0,カズティー,-2.233,-122.187,0,NABIMan,-55.037,-103.36,0,0,0,0,0,0,,0,0,0,0,7782.903,,,,0,0
178,8,0,5,5,0,1,1,0,0,0,255,255,255,30,7792.797,인생최패망자,R,3,89,114,-3.831,0.14,0.598,1.492,-0.935,1.845,-36.743,43.406,0,100,0,1,0,-415.303,104.874,22.376,0,0,0,5,4,R,Parottey,190,84,0.442,0,55,W,Y,0,0,0,0,0,0,0,0,0,0,0,0,0,0,0,0,-0.144,-37.792,0,P0TA0,0.089,-16.676,0,ʚEveɞ,-21.435,-48.338,0,白霜らいふ,-13.201,-64.092,0,sano jpn,20.055,-46.955,0,ibqrqki,9.408,-65.741,0,Ѕeyeon,43.964,-103.894,0,カズティー,-1.52,-123.444,0,NABIMan,-54.381,-104.884,0,0,0,0,0,0,,0,0,0,0,7794.003,,,,0,0
179,8,0,5,5,1,1,1,0,0,0,255,255,255,31,7803.92,인생최패망자,R,32,82,133,3.554,0.598,0.964,1.46,1.18,1.937,-36.743,74.453,0,100,0,2,0,229.817,-60.477,1.929,0,0,1,5,4,R,Parottey,190,84,0.442,3,55,W,Y,7805.093,116,91,58,84,33,136,92,27.569,41.919,0.95,0,0.364,-15.745,565.801,-197.922,0.402,-37.169,0,P0TA0,0.091,-16.956,0,ʚEveɞ,-21.352,-48.293,0,白霜らいふ,-12.797,-64.116,0,sano jpn,19.913,-46.814,0,ibqrqki,9.403,-65.638,0,Ѕeyeon,43.896,-103.752,0,カズティー,-1.517,-123.423,0,NABIMan,-55.085,-106.166,0,7809.02,-55.81,-68.879,0,0,,0,0,0,0,,,,,4,3
180,8,0,5,5,1,2,1,0,0,0,255,255,255,32,7822.618,인생최패망자,R,32,89,140,-0.243,-0.297,0.797,1.206,-0.478,1.353,-36.743,53.47,5,95,0,0,0,250,-97.458,8.145,0,0,0,5,4,R,Parottey,190,84,0.442,0,55,W,Y,0,0,0,0,0,0,0,0,0,0,0,0,0,0,0,0,0.336,-37.434,0,P0TA0,0.078,-17.066,0,ʚEveɞ,-21.384,-48.167,0,白霜らいふ,-14.497,-63.311,0,sano jpn,19.393,-45.897,0,ibqrqki,9.925,-65.554,0,Ѕeyeon,44.314,-105.164,0,カズティー,-0.003,-122.768,0,NABIMan,-55.729,-102.981,0,0,0,0,0,0,,0,0,0,32,7823.67,,,,0,0
181,8,0,5,5,0,0,2,0,0,0,255,255,255,33,7839.181,인생최패망자,R,13,88,111,-2.3,-0.5,0.806,1.55,-0.293,1.774,-36.743,48.708,0,100,0,2,0,-391.139,311.465,20.195,0,0,1,6,5,R,CoalCat,174.7,82.838,0.435,3,55,W,Y,7840.363,255,81,147,99,39,145,126,25.308,21.971,0.54,0,0.401,65.963,493.381,-52.806,-0.018,-37.355,0,P0TA0,-0.067,-16.951,0,ʚEveɞ,-21.291,-48.12,0,白霜らいふ,-12.185,-64.364,0,sano jpn,19.16,-46.036,0,ibqrqki,9.687,-65.914,0,Ѕeyeon,42.448,-101.289,0,カズティー,0.137,-112.994,0,NABIMan,-55.631,-102.941,0,0,0,0,7845.02,8,NABIMan,-49.96,-113.415,0,0,7904.82,,,,151,1
182,9,1,5,5,0,0,0,0,0,0,255,255,255,0,8049.359,Espressο,R,27,108,140,0.549,-1.54,0.414,1.571,0.134,0.617,-36.608,20.866,55,45,0,1,0,67.368,-111.543,3.531,0,0,0,7,6,R,Ѕeyeon,170.5,85,0.35,0,55,W,Y,0,0,0,0,0,0,0,0,0,0,0,0,0,0,0,0,0.172,-37.302,0,kneesohime,-0.037,-17.184,0,にゃんこ65K,-21.812,-50.959,0,vovopo 보보포,-13.859,-58.416,0,Parottey,20.157,-47.72,0,CoalCat,10.48,-64.634,0,あくせる,31.049,-95.648,0,「yune」,-6.369,-114.937,0,Roscosmos,-41.096,-87.696,0,0,0,0,0,0,,0,0,0,0,8050.253,,,,0,0
183,9,1,5,5,1,0,0,0,0,0,255,255,255,1,8063.946,Espressο,R,26,103,138,1.188,0.634,0.511,1.851,0.434,1.773,-36.608,29.048,83,17,0,2,0,48.62,-180.311,0.035,0,0,1,7,6,R,Ѕeyeon,170.5,85,0.35,3,55,W,Y,8064.865,204,48,70,46,21,138,81,29.314,-13.184,-0.74,0,0.667,548.3,167.54,61.05,0.237,-37.344,0,kneesohime,0.052,-17.163,0,にゃんこ65K,-22.385,-51.244,0,vovopo 보보포,-13.876,-58.415,0,Parottey,20.054,-47.731,0,CoalCat,11.285,-64.275,0,あくせる,30.869,-95.658,121,「yune」,-6.362,-114.945,0,Roscosmos,-40.955,-87.646,0,8069.52,13.705,-87.423,8069.753,6,あくせる,13.574,-86.635,1,0,,,,,142,2
184,9,1,5,5,0,0,1,0,0,0,255,255,255,2,8166.766,Espressο,R,26,97,131,-0.823,0.37,0.229,1.966,-0.439,1.566,-36.608,31.546,85,15,0,0,0,48.746,-200,-1.049,0,0,0,8,5,L,ibqrqki,164.9,86.676,0.604,0,55,W,Y,0,0,0,0,0,0,0,0,0,0,0,0,0,0,0,0,0.178,-37.34,0,kneesohime,-0.115,-17.177,0,にゃんこ65K,-20.574,-49.479,0,vovopo 보보포,-11.991,-57.787,0,Parottey,20.412,-45.578,0,CoalCat,12.631,-61.058,0,あくせる,37.533,-92.23,0,「yune」,6.96,-109.558,0,Roscosmos,-36.978,-87.225,0,0,0,0,0,0,,0,0,0,0,8167.786,,,,0,0
185,9,1,5,5,0,1,1,0,0,0,255,255,255,3,8183.835,Espressο,R,26,100,135,-1.444,-0.304,0.145,1.825,-0.702,1.215,-36.608,22.739,86,14,0,2,0,47.378,-195.195,6.01,0,0,1,8,5,L,ibqrqki,164.9,86.676,0.604,3,55,W,Y,8184.882,255,60,93,44,20,145,80,-3.065,8.413,-0.9,0,0.159,-316.922,-278.209,190.563,-0.077,-37.102,0,kneesohime,-0.159,-17.187,0,にゃんこ65K,-20.47,-49.202,86,vovopo 보보포,-11.655,-57.69,100,Parottey,20.655,-46.357,0,CoalCat,12.589,-60.913,0,あくせる,37.142,-92.169,0,「yune」,6.857,-109.57,0,Roscosmos,-36.657,-89.579,0,8184.87,-1.372,-27.878,8186.753,3,vovopo 보보포,-6.071,-53.474,0,0,,,,,138,2
186,9,1,5,5,0,0,2,0,0,0,255,255,255,4,8214.054,Espressο,R,26,100,135,-1.474,0.174,0.134,1.942,-0.735,1.525,-36.608,27.568,93,7,0,2,0,61.831,-200,8.028,0,0,1,0,8,L,NABIMan,190,83.228,0.48,3,55,W,Y,8214.984,231,57,112,101,80,145,96,46.673,-43.183,-0.54,0,0.274,100.08,-359.631,-260.551,-0.138,-37.068,0,kneesohime,-0.156,-17.262,0,にゃんこ65K,-21.271,-50.79,0,vovopo 보보포,-10.8,-58.293,0,Parottey,21.307,-46.748,0,CoalCat,14.749,-61.913,0,あくせる,46.728,-99.709,0,「yune」,5.37,-116.879,0,Roscosmos,-39.488,-89.208,0,8219.637,56.146,-68.226,0,0,,0,0,0,0,,,,,2,3
187,9,1,5,5,0,1,2,0,0,0,255,255,255,5,8256.361,Espressο,R,26,117,140,2.667,-0.206,0.686,1.84,0.978,1.304,-36.608,38.993,36,64,0,2,0,119.458,-190.588,5.074,0,0,1,0,8,L,NABIMan,190,83.228,0.48,3,55,W,Y,8257.225,255,134,39,105,40,127,80,-30,48.451,0.98,0,0.361,-164.78,-112.788,231.215,0.154,-37.112,0,kneesohime,0.758,-17.558,0,にゃんこ65K,-21.964,-51.347,0,vovopo 보보포,-10.725,-58.031,0,Parottey,21.535,-46.714,0,CoalCat,15.088,-61.51,0,あくせる,46.192,-98.522,0,「yune」,8.998,-116.174,0,Roscosmos,-38.398,-90.335,0,8257.003,0.018,-21.236,0,0,,0,0,0,0,,,,,2,0
188,9,1,5,5,0,2,2,0,0,0,255,255,255,6,8282.946,Espressο,R,26,125,140,-2.334,0.277,0.022,1.975,-1.083,1.597,-36.608,22.956,78,22,0,2,0,47.836,-200,3.289,0,0,1,0,8,L,NABIMan,190,83.228,0.48,3,55,W,Y,8283.814,255,122,83,133,53,145,129,-30,18.964,0.28,0,0.542,559.376,-27.591,74.126,0.138,-37.252,0,kneesohime,-0.08,-17.233,0,にゃんこ65K,-22.056,-50.723,0,vovopo 보보포,-11.445,-57.802,86,Parottey,21.3,-46.652,0,CoalCat,13.574,-62.566,0,あくせる,49.625,-99.12,0,「yune」,3.906,-117.233,0,Roscosmos,-42.116,-88.972,0,8283.587,-1.048,-21.24,8285.203,3,vovopo 보보포,-11.709,-52.392,0,0,,,,,140,2
189,9,0,5,5,0,0,0,0,0,0,255,255,255,34,8332.258,인생최패망자,R,26,85,138,0.091,1.195,0.419,2.254,-0.138,2.045,-36.743,47.456,61,27,12,1,0,117.046,-200,16.229,0,0,0,7,3,L,vovopo 보보포,169.8,80.084,0.55,0,55,W,Y,0,0,0,0,0,0,0,0,0,0,0,0,0,0,0,0,0.329,-37.33,0,P0TA0,0.092,-16.741,0,ʚEveɞ,-20.502,-48.323,0,白霜らいふ,-9.28,-66.783,0,sano jpn,20.104,-46.459,0,ibqrqki,13.335,-64.382,0,Ѕeyeon,46.163,-94.973,0,カズティー,0.148,-117.444,0,NABIMan,-45.312,-94.06,0,0,0,0,0,0,,0,0,0,0,8333.337,,,,0,0
190,9,0,5,5,1,0,0,0,0,0,255,255,255,35,8344.066,인생최패망자,R,26,87,140,0.596,0.906,0.5,2.215,0.148,1.903,-36.743,51.803,72,18,11,0,0,69.037,-183.659,8.914,0,0,0,7,3,L,vovopo 보보포,169.8,80.084,0.55,0,55,W,Y,0,0,0,0,0,0,0,0,0,0,0,0,0,0,0,0,0.183,-37.185,0,P0TA0,0.092,-16.897,0,ʚEveɞ,-20.865,-48.299,0,白霜らいふ,-9.536,-66.491,0,sano jpn,20.053,-46.577,0,ibqrqki,13.326,-64.374,0,Ѕeyeon,46.196,-95.035,0,カズティー,0.72,-115.285,0,NABIMan,-44.152,-95.265,0,0,0,0,0,0,,0,0,0,0,8345.054,,,,0,0
191,9,0,5,5,1,1,0,0,0,0,255,255,255,36,8355.51,인생최패망자,R,10,81,108,-1.142,-2.808,0.385,1.884,-0.258,0.77,-36.743,41.505,47,53,0,4,0,-128.706,400,-10.267,-0.231,-20.036,1,7,3,L,vovopo 보보포,169.8,80.084,0.55,0,55,W,Y,0,0,0,0,0,0,0,0,0,0,0,0,0,0,0,0,-0.036,-37.78,0,P0TA0,0.052,-16.77,0,ʚEveɞ,-20.868,-48.469,0,白霜らいふ,-9.606,-66.545,0,sano jpn,20.059,-46.545,0,ibqrqki,13.324,-64.356,0,Ѕeyeon,46.203,-95.038,0,カズティー,0.04,-115.28,0,NABIMan,-46.591,-99.373,0,0,0,0,0,0,,0,0,0,0,8356.786,,,,0,0
192,9,0,5,5,1,2,0,0,0,0,255,255,255,37,8368.75,인생최패망자,R,26,89,140,0.82,-0.496,0.51,2.104,0.192,1.125,-36.743,52.216,74,19,7,2,0,107.42,-171.617,10.634,0,0,1,7,3,L,vovopo 보보포,169.8,80.084,0.55,3,55,W,Y,8369.792,213,255,104,59,15,145,116,-30,-38.247,0.79,0,0.607,-230.278,-138.48,204.007,0.206,-37.062,0,P0TA0,0.072,-17.037,0,ʚEveɞ,-20.796,-48.435,96,白霜らいふ,-9.309,-66.565,0,sano jpn,20.015,-46.619,95,ibqrqki,13.446,-64.269,0,Ѕeyeon,46.182,-95.027,0,カズティー,0.044,-115.253,0,NABIMan,-46.97,-100.201,0,8369.536,0.839,-20.098,8370.87,4,sano jpn,18.573,-42.568,0,0,,,,,38,2
193,9,0,5,5,0,0,1,0,0,0,255,255,255,38,8389.722,인생최패망자,R,26,90,140,0.799,0.785,0.494,2.203,0.213,1.842,-36.743,46.753,72,20,8,0,0,86.693,-200,18.52,0,0,0,8,8,R,Roscosmos,175,90.135,0.473,0,55,W,Y,0,0,0,0,0,0,0,0,0,0,0,0,0,0,0,0,0.211,-37.491,0,P0TA0,0.091,-16.585,0,ʚEveɞ,-21.559,-48.021,0,白霜らいふ,-14.921,-63.53,0,sano jpn,19.668,-46.133,0,ibqrqki,10.657,-65.606,0,Ѕeyeon,43.864,-100.741,0,カズティー,2.264,-114.013,0,NABIMan,-50.719,-100.447,0,0,0,0,0,0,,0,0,0,0,8390.52,,,,0,0
194,9,0,5,5,0,1,1,0,0,0,255,255,255,39,8399.699,인생최패망자,R,26,89,140,1.223,0.958,0.53,2.234,0.38,1.948,-36.743,47.453,75,16,9,2,0,98.02,-193.038,12.375,0,0,1,8,8,R,Roscosmos,175,90.135,0.473,3,55,W,Y,8400.519,182,53,96,89,57,145,112,29.409,-23.005,0.16,0,0.204,-414.532,229.737,225.418,0.54,-36.914,0,P0TA0,0.081,-16.859,0,ʚEveɞ,-21.541,-47.803,0,白霜らいふ,-14.99,-63.644,76,sano jpn,19.619,-46.021,0,ibqrqki,10.125,-65.589,0,Ѕeyeon,43.452,-100.093,0,カズティー,1.07,-114.874,113,NABIMan,-53.185,-105.899,0,8404.604,29.852,-106.22,8407.87,7,カズティー,33.197,-124.327,1,0,,8410.535,,,84,2
195,9,0,5,5,0,0,1,0,1,0,255,18,255,40,8432.546,인생최패망자,R,10,71,101,0.546,-1.903,0.521,1.937,0.224,1.154,-36.743,53.449,80,20,0,2,0,0,400,16.996,0,0,0,0,7,R,「yune」,174.8,80,0.28,3,55,W,Y,8433.754,170,255,38,58,38,120,88,-30,43.807,0.93,0,0.278,18.164,-85.627,-83.15,0.102,-37.059,0,P0TA0,0.074,-17.032,0,ʚEveɞ,-22.002,-47.914,100,白霜らいふ,-13.243,-63.481,0,sano jpn,19.536,-44.932,85,ibqrqki,9.298,-64.653,0,Ѕeyeon,42.055,-101.43,0,カズティー,0.112,-113.834,0,NABIMan,-51.897,-101.348,0,8433.47,-0.535,-21.811,8435.437,2,ʚEveɞ,-19.37,-42.821,0,0,,8436.45,,,38,2
196,9,0,5,5,0,0,2,0,1,0,255,18,255,41,8460.782,인생최패망자,R,10,70,101,0.044,-1.617,0.436,2.037,-0.038,1.194,-36.743,62.957,71,29,0,1,0,21.508,400,0.206,0,0,0,1,0,R,Espressο,190,85.398,0.251,0,55,W,Y,0,0,0,0,0,0,0,0,0,0,0,0,0,0,0,0,-0.13,-37.689,0,P0TA0,0.133,-16.658,0,ʚEveɞ,-22.772,-48.821,0,白霜らいふ,-13.387,-64.584,0,sano jpn,20.179,-46.587,0,ibqrqki,8.629,-65.477,0,Ѕeyeon,39.967,-103.204,0,カズティー,-0.611,-124.643,0,NABIMan,-52.876,-104.643,0,0,0,0,0,0,,0,0,0,0,8462.003,8462.997,,,0,0
197,9,0,5,5,0,1,2,0,1,0,255,18,255,42,8476.626,인생최패망자,R,12,62,100,1.064,-0.448,0.515,2.039,0.448,1.518,-36.743,85.724,69,31,0,0,0,0,124.861,0.243,0,0,0,1,0,R,Espressο,190,85.398,0.251,0,55,W,Y,0,0,0,0,0,0,0,0,0,0,0,0,0,0,0,0,0.156,-37.529,0,P0TA0,0.119,-16.473,0,ʚEveɞ,-21.49,-48.243,0,白霜らいふ,-13.356,-64.624,0,sano jpn,20.191,-46.623,0,ibqrqki,6.768,-64.611,0,Ѕeyeon,39.837,-103.754,0,カズティー,-0.004,-123.596,0,NABIMan,-53.277,-106.003,0,0,0,0,0,0,,0,0,0,0,8477.736,8479.089,,,0,0
198,9,0,5,5,0,2,2,0,1,0,255,18,255,43,8489.477,인생최패망자,R,14,74,101,1.251,-1.621,0.388,1.987,-0.189,1.086,-36.743,47.489,73,27,0,4,0,343.002,332.337,5.377,0.284,-18.729,1,1,0,R,Espressο,190,85.398,0.251,0,55,W,Y,0,0,0,0,0,0,0,0,0,0,0,0,0,0,0,0,-0.094,-37.306,0,P0TA0,0.268,-19.11,0,ʚEveɞ,-21.608,-47.773,0,白霜らいふ,-13.831,-63.026,0,sano jpn,20.128,-46.158,0,ibqrqki,7.932,-63.968,0,Ѕeyeon,39.753,-104.088,0,カズティー,-0.554,-122.881,0,NABIMan,-53.228,-105.335,0,0,0,0,0,0,,0,0,0,2,8490.604,8494.272,,,0,0
199,10,1,5,5,0,0,0,1,1,0,8,5,255,7,8622.824,Espressο,R,13,95,117,1.346,-0.891,0.672,1.941,0.934,1.523,-36.608,46.064,91,9,0,0,0,-213.356,400,-4.317,0.063,-16.747,0,1,2,L,ʚEveɞ,190,85.404,0.402,0,55,W,Y,0,0,0,0,0,0,0,0,0,0,0,0,0,0,0,0,0.191,-37.249,0,kneesohime,0.087,-17.265,0,にゃんこ65K,-19.279,-43.136,0,vovopo 보보포,-5.029,-60.303,0,Parottey,19.855,-43.513,0,CoalCat,14.798,-61.143,0,あくせる,48.545,-101.07,0,「yune」,0.45,-113.675,0,Roscosmos,-40.61,-85.79,0,0,0,0,0,0,,0,0,0,0,8623.92,8627.806,,,0,0
200,10,1,5,5,0,1,0,1,1,0,8,5,255,8,8639.579,Espressο,R,10,91,115,2.276,-1.402,0.684,1.812,1.073,1.214,-36.608,57.615,100,0,0,2,0,-58.429,400,-8.622,0,0,1,1,2,L,ʚEveɞ,190,85.404,0.402,3,55,W,Y,8640.521,249,156,105,81,36,145,117,-17.728,23.904,0.87,0,0.326,-513.81,-158.418,182.37,-0.135,-37.117,0,kneesohime,0.136,-17.403,0,にゃんこ65K,-19.331,-43.669,0,vovopo 보보포,-7.454,-59.081,0,Parottey,19.663,-44.717,0,CoalCat,14.443,-60.994,84,あくせる,48.504,-101.114,0,「yune」,5.095,-115.046,0,Roscosmos,-40.497,-85.476,0,8640.253,0.376,-21.382,8643.236,8,Roscosmos,-25.666,-83.289,1,0,,8644.684,8645.204,,322,2
201,10,1,5,5,0,0,0,1,1,1,2,8,5,9,8668.494,Espressο,R,10,96,120,-2.586,-1.302,0.008,1.813,-1.126,1.247,-36.608,11.856,57,43,0,1,0,0,400,10.498,-0.565,-17.552,0,2,0,R,인생최패망자,190,80,0.351,0,55,W,Y,0,0,0,0,0,0,0,0,0,0,0,0,0,0,0,0,0.078,-37.272,0,kneesohime,-0.345,-17.288,0,にゃんこ65K,-21.977,-46.281,0,vovopo 보보포,-12.415,-56.454,0,Parottey,19.451,-44.323,0,CoalCat,9.765,-60.269,0,あくせる,40.851,-94.832,0,「yune」,-6.75,-106.591,0,Roscosmos,-41.203,-89.86,0,0,0,0,0,0,,0,0,0,0,8669.587,8671.513,8670.643,,0,0
202,10,1,5,5,1,0,0,1,1,1,2,8,5,10,8686.686,Espressο,R,27,98,133,1.793,-0.304,0.571,1.824,0.62,1.271,-36.608,37.763,53,47,0,2,0,98.991,-148.016,3.271,0,0,1,2,0,R,인생최패망자,190,80,0.351,3,55,W,Y,8687.704,241,205,135,128,41,145,90,52.189,-1.321,-0.84,0,0.391,365.588,330.7,102.195,-0.026,-37.162,0,kneesohime,0.113,-17.307,0,にゃんこ65K,-20.155,-46.797,0,vovopo 보보포,-12.263,-56.58,0,Parottey,19.48,-45.024,0,CoalCat,9.779,-60.279,85,あくせる,40.515,-95.657,0,「yune」,-6.788,-106.565,0,Roscosmos,-40.523,-89.325,0,0,0,0,8693.453,5,CoalCat,-3.476,-76.118,0,0,,8690.659,8692.069,,66,1
203,10,1,5,5,1,0,1,1,1,1,2,8,5,11,8750.169,Espressο,R,10,102,126,1.209,-1.195,0.536,1.832,0.511,1.286,-36.608,44.388,92,8,0,2,0,0,400,-5.211,0,0,1,3,1,R,P0TA0,189.5,96.215,0.525,3,39,W,Y,8751.09,255,133,178,86,50,145,129,9.378,1.426,0.59,0,0.221,-146.771,398.481,-21.509,-0.028,-37.105,0,kneesohime,0.103,-17.059,111,にゃんこ65K,-22.096,-49.55,0,vovopo 보보포,-13.655,-56.383,0,Parottey,18.321,-43.91,0,CoalCat,7.881,-60.961,107,あくせる,40.806,-98.361,0,「yune」,-9.247,-105.135,113,Roscosmos,-40.786,-85.611,0,8753.153,-5.782,-93.74,8753.653,7,「yune」,-5.849,-94.218,1,1,8758.637,8755.589,8754.962,8757.574,83,2
204,10,1,6,5,0,0,2,1,1,0,1,2,255,12,8795.889,Espressο,R,26,109,140,0.529,-1.348,0.376,1.571,0.016,0.646,-36.608,15.509,61,39,0,1,0,147.509,-181.357,0.607,0,0,0,4,7,R,カズティー,175,84.645,0.33,0,44,W,Y,0,0,0,0,0,0,0,0,0,0,0,0,0,0,0,0,0.335,-37.236,0,kneesohime,-0.03,-17.116,0,にゃんこ65K,-21.052,-45.943,0,vovopo 보보포,-13.605,-56.648,0,Parottey,18.22,-45.358,0,CoalCat,5.243,-61.944,0,あくせる,31.651,-92.277,0,「yune」,-8.949,-103.604,0,Roscosmos,-38.238,-86.864,0,0,0,0,0,0,,0,0,0,0,8796.786,8797.993,,,0,0
205,10,1,6,5,1,0,2,1,1,0,1,2,255,13,8816.692,Espressο,R,10,84,110,1.884,0.733,0.615,2.253,0.838,2.582,-36.608,62.098,83,17,0,1,0,-19.136,400,1.516,0,0,0,4,7,R,カズティー,175,84.645,0.33,0,44,W,Y,0,0,0,0,0,0,0,0,0,0,0,0,0,0,0,0,0.216,-37.254,0,kneesohime,0.024,-17.083,0,にゃんこ65K,-21.019,-46.117,0,vovopo 보보포,-13.571,-56.733,0,Parottey,19.36,-45.213,0,CoalCat,3.655,-61.913,0,あくせる,31.582,-92.492,0,「yune」,-8.707,-104.485,0,Roscosmos,-38.54,-85.56,0,0,0,0,0,0,,0,0,0,0,8817.736,8819.466,,,0,0
206,10,1,6,5,2,0,2,1,1,0,1,2,255,14,8837.052,Espressο,R,27,102,138,0.257,-0.482,0.369,1.599,-0.005,1.179,-36.608,14.05,49,51,0,2,0,76.277,-148.697,-4.097,0,0,1,4,7,R,カズティー,175,84.645,0.33,3,44,W,Y,8837.944,255,134,88,66,29,145,98,-57.328,46.307,-0.14,0,0.665,78.951,14.084,-122.123,0.121,-37.247,0,kneesohime,-0.002,-17.102,0,にゃんこ65K,-21.543,-48.117,0,vovopo 보보포,-13.568,-56.622,0,Parottey,19.124,-45.651,0,CoalCat,4.285,-61.439,0,あくせる,31.67,-93.597,0,「yune」,-9.302,-103.41,0,Roscosmos,-38.585,-86.029,0,8837.67,-0.407,-19.909,8839.854,2,にゃんこ65K,-22.287,-40.804,0,0,,8844.509,,,10,2
207,10,1,6,5,2,1,2,1,1,0,1,2,255,15,8856.871,Espressο,R,10,93,117,-1.83,-1.339,0.219,1.817,-0.78,1.222,-36.608,23.166,62,38,0,2,0,0,400,-5.679,0,0,1,4,7,R,カズティー,175,84.645,0.33,3,44,W,Y,8857.839,255,147,144,106,94,145,127,-30,-10.008,0.39,0,0.96,18.31,-115.246,-87.304,-0.048,-37.252,0,kneesohime,-0.614,-17.249,0,にゃんこ65K,-21.903,-48.778,0,vovopo 보보포,-14.653,-56.774,0,Parottey,19.635,-45.059,0,CoalCat,5.773,-62.048,0,あくせる,36.989,-90.565,0,「yune」,-9.958,-106.822,87,Roscosmos,-40.244,-86.098,0,8857.554,-0.269,-20.343,8866.97,7,「yune」,20.731,-134.079,1,0,,8862.897,8863.063,8868.083,195,2
208,10,1,8,5,0,0,2,0,0,1,255,255,7,16,8901.305,Espressο,R,27,104,140,2.144,-0.219,0.482,1.665,0.343,1.358,-36.608,30.536,61,39,0,2,0,84.305,-135.96,4.479,0,0,1,5,4,R,sano jpn,190,90.118,0.561,3,55,W,Y,8902.318,110,62,127,114,48,137,112,5.123,29.738,0.14,0.286,0.599,121.571,384.811,311.635,0.082,-37.249,0,kneesohime,0.077,-16.918,0,にゃんこ65K,-21.893,-49.637,0,vovopo 보보포,-13.398,-57.386,0,Parottey,18.548,-44.915,0,CoalCat,7.398,-62.645,0,あくせる,33.718,-97.242,0,「yune」,-9.116,-108.682,0,Roscosmos,-40.353,-86.581,0,8903.304,-19.708,-52.173,8903.503,2,にゃんこ65K,-17.178,-48.301,0,0,,,,,12,1
209,10,0,8,5,0,0,0,1,1,0,10,17,255,44,8992.905,인생최패망자,R,14,85,109,0.507,-0.516,0.28,2.195,-0.524,1.755,-36.743,36.554,78,19,3,0,0,365.122,337.977,33.334,-0.11,-19.586,0,2,6,R,あくせる,190,89.801,0.5,0,73,W,Y,0,0,0,0,0,0,0,0,0,0,0,0,0,0,0,0,-0.025,-37.694,0,P0TA0,-0.015,-18.023,0,ʚEveɞ,-21.137,-47.346,0,白霜らいふ,-10.411,-60.736,0,sano jpn,18.683,-45.942,0,ibqrqki,7.934,-62.851,0,Ѕeyeon,39.658,-104.137,0,カズティー,1.508,-126.09,0,あおいぬ,-48.079,-92.406,0,0,0,0,0,0,,0,0,0,0,8995.653,8997.082,,,0,0
210,10,0,8,5,0,1,0,1,1,0,10,17,255,45,9006.61,인생최패망자,R,14,68,97,1.981,-1.691,0.463,1.987,0.045,1.086,-36.743,55.081,62,38,0,1,0,340.001,318.335,32.85,0.444,-19.055,0,2,6,R,あくせる,190,89.801,0.5,0,73,W,Y,0,0,0,0,0,0,0,0,0,0,0,0,0,0,0,0,0.287,-37.543,0,P0TA0,-1.14,-17.329,0,ʚEveɞ,-20.446,-44.887,0,白霜らいふ,-11.394,-61.248,0,sano jpn,18.95,-44.86,0,ibqrqki,6.976,-63.547,0,Ѕeyeon,39.677,-104.222,0,カズティー,1.502,-126.087,0,あおいぬ,-47.91,-92.569,0,0,0,0,0,0,,0,0,0,0,9007.953,9010.265,,,0,0
211,10,0,8,5,1,1,0,1,1,0,10,17,255,46,9019.675,인생최패망자,R,14,87,110,0.767,-0.984,0.314,2.132,-0.419,1.399,-36.743,37.853,78,18,4,1,0,390.434,312.348,40.494,0,0,0,2,6,R,あくせる,190,89.801,0.5,0,73,W,Y,0,0,0,0,0,0,0,0,0,0,0,0,0,0,0,0,-0.034,-37.685,0,P0TA0,-0.016,-16.773,0,ʚEveɞ,-19.634,-44.278,0,白霜らいふ,-11.5,-61.248,0,sano jpn,19.29,-44.233,0,ibqrqki,6.619,-63.077,0,Ѕeyeon,39.68,-104.215,0,カズティー,1.654,-125.395,0,あおいぬ,-47.888,-92.589,0,0,0,0,0,0,,0,0,0,0,9020.837,9023.062,,,0,0
212,10,0,8,5,2,1,0,1,1,0,10,17,255,47,9034.751,인생최패망자,R,26,85,138,-0.247,0.762,0.402,2.224,-0.218,1.886,-36.743,40.469,70,19,12,2,0,72.089,-200,33.444,0,0,1,2,6,R,あくせる,190,89.801,0.5,3,73,W,Y,9035.857,255,120,217,39,35,145,130,29.682,18.437,0.57,0,0.245,340.336,-131.601,17.43,0.123,-36.824,0,P0TA0,0.04,-17.024,0,ʚEveɞ,-19.24,-45.446,0,白霜らいふ,-11.59,-61.176,0,sano jpn,18.94,-44.994,0,ibqrqki,7.324,-63.812,0,Ѕeyeon,40.36,-104.108,0,カズティー,1.147,-125.389,0,あおいぬ,-47.906,-92.573,0,9041.187,-35.29,-133.123,0,0,,0,0,0,0,9180.953,9041.807,9043.332,9048.4,14,4
213,10,0,8,8,0,0,0,0,0,0,255,255,255,0,9253.724,ʚEveɞ,R,10,89,128,-0.225,-0.323,0.259,2.187,-0.105,1.795,-36.442,40.076,82,14,4,0,0,0,400,4.142,0,0,0,3,2,R,にゃんこ65K,190,91.072,0.596,0,91,W,Y,0,0,0,0,0,0,0,0,0,0,0,0,0,0,0,0,-0.036,-37.624,0,P0TA0,0.073,-16.772,0,sano jpn,-21.146,-46.188,0,白霜らいふ,-12.584,-63.653,0,인생최패망자,18.466,-49.123,0,ibqrqki,10.17,-65.351,0,Ѕeyeon,42.382,-103.583,0,カズティー,1.132,-124.823,0,あおいぬ,-49.335,-95.222,0,0,0,0,0,0,,0,0,0,0,9254.786,,,,0,0
214,10,0,8,8,0,1,0,0,0,0,255,255,255,1,9269.605,ʚEveɞ,R,10,83,124,1.51,0.547,0.354,2.168,0.741,2.367,-36.442,53.843,75,22,3,1,0,-60.744,400,-1.559,0,0,0,3,2,R,にゃんこ65K,190,91.072,0.596,0,91,W,Y,0,0,0,0,0,0,0,0,0,0,0,0,0,0,0,0,-0.069,-37.57,0,P0TA0,0.072,-16.901,0,sano jpn,-20.973,-46.565,0,白霜らいふ,-13.586,-64.054,0,인생최패망자,18.379,-48.952,0,ibqrqki,10.181,-65.363,0,Ѕeyeon,41.812,-104.096,0,カズティー,1.148,-124.871,0,あおいぬ,-49.347,-95.241,0,0,0,0,0,0,,0,0,0,0,9270.72,,,,0,0
215,10,0,8,8,1,1,0,0,0,0,255,255,255,2,9285.559,ʚEveɞ,R,0,72,123,0.284,0.368,0.341,2.173,0.113,1.813,-36.442,55.688,82,15,3,0,0,0,0,1.188,0,0,1,3,2,R,にゃんこ65K,190,91.072,0.596,0,91,W,Y,0,0,0,0,0,0,0,0,0,0,0,0,0,0,0,0,0.219,-37.227,0,P0TA0,0.079,-16.831,0,sano jpn,-21,-46.596,0,白霜らいふ,-13.255,-64.121,0,인생최패망자,18.735,-48.642,0,ibqrqki,10.116,-65.276,0,Ѕeyeon,41.808,-104.13,0,カズティー,1.12,-125.458,0,あおいぬ,-49.353,-95.228,0,0,0,0,0,0,,0,0,0,0,9286.736,,,,0,0
216,10,0,8,8,1,2,0,0,0,0,255,255,255,3,9302.389,ʚEveɞ,R,26,87,140,17.358,-0.959,0.321,2.094,0.201,1.487,-36.442,40.371,83,16,1,2,0,-20.834,-170.804,0.369,0,0,1,3,2,R,にゃんこ65K,190,91.072,0.596,3,91,W,Y,9303.487,226,80,164,74,55,145,106,26.503,18.91,-0.05,0,0.253,63.767,363.753,278.012,-0.054,-36.835,0,P0TA0,0.079,-17.041,0,sano jpn,-20.838,-46.612,0,白霜らいふ,-12.628,-63.829,0,인생최패망자,18.375,-48.694,0,ibqrqki,10.169,-65.325,71,Ѕeyeon,41.807,-104.139,0,カズティー,1.129,-125.549,0,あおいぬ,-49.268,-95.262,95,0,0,0,9307.887,8,あおいぬ,-35.508,-98.389,0,0,,,,,259,1
217,10,0,8,9,0,0,1,0,0,0,255,255,255,4,9332.929,ʚEveɞ,R,26,93,140,-0.234,-0.836,0.298,1.952,-0.078,0.895,-36.442,34.613,84,15,1,2,0,-26.076,-200,-3.41,0,0,1,4,1,R,kneesohime,190,84.513,0.501,3,55,W,Y,9333.961,255,229,130,121,77,145,130,27.298,39.819,0.56,0,0.391,244.834,119.825,364.68,-0.007,-36.757,0,P0TA0,0.077,-17.136,0,sano jpn,-21.218,-46.629,0,白霜らいふ,-11.734,-64.706,0,인생최패망자,15.951,-46.047,0,ibqrqki,10.063,-65.616,0,Ѕeyeon,40.63,-103.954,0,カズティー,0.364,-123.325,0,あおいぬ,-49.049,-96.13,0,9338.187,-75.71,-103.534,0,0,,0,0,0,0,,9344.269,9349.493,,0,4
