id,type,inn,half,scoreA,scoreB,ball,strk,out,b1,b2,b3,b1Idx,b2Idx,b3Idx,pCnt,pSec,pName,pHand,pType,pPow,spdK,zoneX,zoneY,startX,startY,targetX,targetY,zDist,pitchAngle,pOver,pSide,pUnder,call,manual,sH,sV,gyro,plx,plz,bIdx,order1Name,order2Name,order3Name,order4Name,order5Name,order6Name,order7Name,order8Name,order9Name,bPos,bZone,bName,bHCm,batLen,batCen,batType,bFps,bOS,bVR,bSwing,hSec,rotS,rotL,shS,lgS,prepS,gripPen,batSpd,ev,ldeg,sdeg,launchPosX,launchPosY,launchPosZ,hPos,buntGrip,handDist,angVeloX,angVeloY,angVeloZ,ltSec,lx,lz,cSec,cPos,cx,cy,cz,1BSafe,tag,cpSec,bTo1Sec,bTo2Sec,bTo3Sec,bToHSec,r1To2Sec,r1To3Sec,r1ToHSec,r2To3Sec,r2ToHSec,r3ToHSec,r1LeaveSec,r2LeaveSec,r3LeaveSec,out1Sec,out1BatterIndex,out1PrevBase,out1Code,out1Ass,out2Sec,out2BatterIndex,out2PrevBase,out2Code,out2Ass,out3Sec,out3BatterIndex,out3PrevBase,out3Code,out3Ass,ball1Sec,ball1Pos,ball2Sec,ball2Pos,ball3Sec,ball3Pos,ballHSec,ballHPos,PitchPPosX,PitchPPosZ,PitchCPosX,PitchCPosZ,Pitch1BPosX,Pitch1BPosZ,Pitch2BPosX,Pitch2BPosZ,Pitch3BPosX,Pitch3BPosZ,PitchSSPosX,PitchSSPosZ,PitchLFPosX,PitchLFPosZ,PitchCFPosX,PitchCFPosZ,PitchRFPosX,PitchRFPosZ,PPosX,PPosY,PThrSpd,CName,CPosX,CPosY,CThrSpd,1BName,1BPosX,1BPosY,1BThrSpd,2BName,2BPosX,2BPosY,2BThrSpd,3BName,3BPosX,3BPosY,3BThrSpd,SSName,SSPosX,SSPosY,SSThrSpd,LFName,LFPosX,LFPosY,LFThrSpd,CFName,CFPosX,CFPosY,CFThrSpd,RFName,RFPosX,RFPosY,RFThrSpd,PGetSec,PGetX,PGetZ,CGetSec,CGetX,CGetZ,1BGetSec,1BGetX,1BGetZ,2BGetSec,2BGetX,2BGetZ,3BGetSec,3BGetX,3BGetZ,SSGetSec,SSGetX,SSGetZ,LFGetSec,LFGetX,LFGetZ,CFGetSec,CFGetX,CFGetZ,RFGetSec,RFGetX,RFGetZ,PThrSec,PThrX,PThrZ,CThrSec,CThrX,CThrZ,1BThrSec,1BThrX,1BThrZ,2BThrSec,2BThrX,2BThrZ,3BThrSec,3BThrX,3BThrZ,SSThrSec,SSThrX,SSThrZ,LFThrSec,LFThrX,LFThrZ,CFThrSec,CFThrX,CFThrZ,RFThrSec,RFThrX,RFThrZ,errPosDelta,result,swPreDeg,swTargetDeg,swApproachDeg,swCorr,swSource,swProximity,swVRawDeg,swVAdjustedDeg,swVMotionDeg,swVClosestDeg,swVYShrink,swGeometryDeg,balk,cPlr,sb2Sec,sb3Sec,sbhSec,ass,remarks
1,,1,1,0,0,0,0,0,0,0,0,255,255,255,0,1146.903,"하루（Haru）",R,26,91,140,-1.91,-1.387,0.109,1.491,-0.905,0.657,-36.44,16.209,47,53,0,2,"BA+|BA-",81.447,-200,37.012,0,0,0,"わかなで","ゆっち一","_Chun","MODECO","「론구」","Mr․D VRC","檸檬の残骸","TaeGeuk_","ke ro",3,L,"わかなで",160,94.246,0.2,3,50,W,Y,1,1147.998,166,113,106,101,37,,145,90,-49.132,44.072,-0.369,0.429,-19.751,-0.28,0,0.322,125.459,559.471,-176.784,1147.897,-0.666,-20.058,1150.214,2,-18.157,0.596,-39.388,0,0,,,,,,,,,,,,,,,1150.922,0,,147,0,,,,,,,,,,,1150.736,2,,,,,,,-0.122,-37.099,-0.062,-18.035,-19.693,-43.736,-9.67,-61.884,16.491,-41.537,10.465,-56.677,43.39,-82.979,7.096,-114.534,-40.799,-88.324,-0.217,-36.634,,"Megu3568",-0.228,-18.29,,"濃いめのラー油",-19.6,-43.728,74,"Fresh825",-9.749,-61.87,,"Muna_328",15.633,-40.307,,"schmoneymikey",10.352,-56.303,,"Dοpi",44.172,-82.796,,"うよすま",6.743,-114.547,,"Sabo_10",-40.718,-88.196,,1154.191,-4.143,-38.807,,,,1150.377,-19.051,-40.487,,,,,,,,,,,,,,,,,,,,,,,,,1153.498,-12.316,-37.835,,,,,,,,,,,,,,,,,,,"",2,,,,,,,,,,,,,0,"濃いめのラー油",,,,48,""
2,,1,1,0,0,0,0,1,0,0,0,255,255,255,1,1175.421,"하루（Haru）",R,32,86,139,2.108,0.153,0.459,1.725,0.725,1.567,-36.44,28.173,17,83,0,1,"",155.793,-139.395,7.896,0,0,1,"=","=","=","=","=","=","=","=","=",8,L,"ゆっち一",181.4,84,0.401,,54,W,Y,0,,,,,,,,,,,,,,,,,,,,,,,,,,,,,0,0,,,,,,,,,,,,,,,,,,,,,,,,,,,,,,,,,,,,,,0.01,-37.003,0.117,-17.986,-19.728,-44.215,-12.76,-65.294,25.148,-50.194,14.937,-61.698,53.397,-100.92,10.995,-125.637,-40.037,-103.796,,,,"",,,,"",,,,"",,,,"",,,,"",,,,"",,,,"",,,,"",,,,1179.684,-0.079,-36.793,,,,,,,,,,,,,,,,,,,,,,,,,,,,,,,,,,,,,,,,,,,,,,,,,,,,"",0,,,,,,,,,,,,,0,"",,,,0,""
3,,1,1,0,0,1,0,1,0,0,0,255,255,255,2,1194.227,"하루（Haru）",R,0,70,122,2.245,0.517,0.511,1.824,0.967,1.904,-36.44,60.216,89,11,0,1,"",-2.652,0,0.635,0,0,1,"=","=","=","=","=","=","=","=","=",8,L,"ゆっち一",181.4,84,0.401,,54,W,Y,0,,,,,,,,,,,,,,,,,,,,,,,,,,,,,0,0,,,,,,,,,,,,,,,,,,,,,,,,,,,,,,,,,,,,,,-0.171,-36.947,-0.008,-17.867,-19.753,-45.136,-12.845,-65.364,25.117,-50.261,14.932,-61.672,53.414,-100.94,10.617,-124.913,-40.264,-106.976,,,,"",,,,"",,,,"",,,,"",,,,"",,,,"",,,,"",,,,"",,,,1198.293,0.103,-36.72,,,,,,,,,,,,,,,,,,,,,,,,,,,,,,,,,,,,,,,,,,,,,,,,,,,,"",0,,,,,,,,,,,,,0,"",,,,0,""
4,,1,1,0,0,2,0,1,0,0,0,255,255,255,3,1211.051,"하루（Haru）",R,3,56,102,-0.556,-0.093,0.503,1.752,0.506,1.564,-36.44,66.464,0,100,0,2,"",-382.716,0,12.329,0,0,1,"=","=","=","=","=","=","=","=","=",8,L,"ゆっち一",181.4,84,0.401,5,54,W,Y,1,1212.343,237,93,104,70,32,,145,114,25.455,-43.111,-0.152,0.879,-19.806,0.12,0,0.367,462.735,-292.185,245.977,1217.48,75.368,-89.989,,,,,,0,0,,,,,,,,,,,,,,,,,,,,,,,,,,,,,,,,,,,,,,-0.146,-37.05,-0.03,-17.893,-19.771,-45.035,-12.859,-65.355,25.19,-50.23,14.749,-61.26,53.413,-100.326,4.261,-125.806,-40.21,-107.978,-0.08,-36.784,,"Megu3568",-0.011,-18.005,,"濃いめのラー油",-19.771,-44.982,,"Fresh825",-12.905,-65.339,,"Muna_328",25.17,-50.215,,"schmoneymikey",14.705,-61.138,,"Dοpi",53.169,-100.473,,"うよすま",3.635,-125.8,,"Sabo_10",-45.713,-103.99,,,,,,,,,,,,,,,,,,,,,,,,,,,,,,,,,,,,,,,,,,,,,,,,,,,,,,,,"",3,-38.764,-38.764,-16.147,0,2,0.252,80.069,30.678,-7.322,80.393,0.065,-69.167,0,"",,,,0,""
5,,1,1,0,0,2,1,1,0,0,0,255,255,255,4,1239.838,"하루（Haru）",R,10,36,91,-1.203,-0.929,0.185,1.788,-0.529,1.517,-36.44,63.422,100,0,0,2,"",0,263.791,-8.278,0,0,1,"=","=","=","=","=","=","=","=","=",8,L,"ゆっち一",181.4,84,0.401,3,73,W,Y,1,1241.181,255,200,153,72,60,,145,117,27.005,-40.517,-0.23,0.604,-20.139,0.79,0,0.583,86.731,-383.088,-321.679,1245.497,71.567,-89.056,,,,,,0,0,,,,,,,,,,,,,,,,,,,,,,,,,,,,,,,,,,,,,,-0.128,-37.021,-0.052,-17.989,-19.858,-45.441,-13.089,-65.179,24.855,-48.298,14.647,-60.93,56.87,-102.242,6.838,-125.779,-44.947,-105.256,0.108,-36.866,,"Megu3568",-0.113,-18.118,,"濃いめのラー油",-19.97,-45.28,,"Fresh825",-13.128,-65.152,,"Muna_328",24.841,-48.27,,"schmoneymikey",14.637,-60.903,,"Dοpi",56.833,-101.848,,"うよすま",6.947,-125.488,,"Sabo_10",-44.908,-105.112,,,,,,,,,,,,,,,,,,,,,,,,,,,,,,,,,,,,,,,,,,,,,,,,,,,,,,,,"",3,,,,,,,,,,,,,0,"",,,,0,""
6,,1,1,0,0,2,2,1,0,0,0,255,255,255,5,1264.667,"하루（Haru）",R,26,68,107,3.059,0.1,0.655,1.667,1.09,1.465,-36.44,45.811,0,100,0,1,"",119.153,-183.14,5.277,0,0,1,"=","=","=","=","=","=","=","=","=",8,L,"ゆっち一",181.4,84,0.401,,73,W,Y,0,,,,,,,,,,,,,,,,,,,,,,,,,,,,,0,0,,,,,,,,,,,,,,,,,,,,,,,,,,,,,,,,,,,,,,0.024,-36.914,0.243,-17.779,-20.154,-44.75,-12.773,-65.032,25.644,-49.211,14.933,-61.98,59.378,-100.486,7.861,-125.177,-43.845,-106.257,,,,"",,,,"",,,,"",,,,"",,,,"",,,,"",,,,"",,,,"",,,,,,,,,,,,,,,,,,,,,,,,,,,,,,,,,,,,,,,,,,,,,,,,,,,,,,,,,,"",0,,,,,,,,,,,,,0,"",,,,0,""
7,,1,1,0,0,3,2,1,0,0,0,255,255,255,6,1282.803,"하루（Haru）",R,28,61,102,2.416,-0.163,0.606,1.761,0.938,1.451,-36.44,67.173,88,12,0,1,"",47.977,-56.377,1.637,0,0,1,"=","=","=","=","=","=","=","=","=",8,L,"ゆっち一",181.4,84,0.401,,73,W,Y,0,,,,,,,,,,,,,,,,,,,,,,,,,,,,,0,0,,1291.481,,,,,,,,,,,,,,,,,,,,,,,,,,,,,,,,,,,,-0.032,-36.972,-0.041,-17.705,-20.614,-45.172,-12.742,-65.088,25.604,-49.315,15.052,-62.018,59.945,-99.004,10.807,-125.115,-38.159,-113.558,,,,"",,,,"",,,,"",,,,"",,,,"",,,,"",,,,"",,,,"",,,,,,,,,,,,,,,,,,,,,,,,,,,,,,,,,,,,,,,,,,,,,,,,,,,,,,,,,,"",5,,,,,,,,,,,,,0,"",,,,0,""
8,,1,1,0,0,0,0,1,1,0,0,8,255,255,7,1319.306,"하루（Haru）",R,27,80,130,-1.501,0.093,0.15,1.813,-0.712,1.535,-36.44,26.501,93,7,0,1,"",42.586,-133.58,14.28,0,0,2,"=","=","=","=","=","=","=","=","=",0,L,"_Chun",190,80,0.455,,54,W,Y,0,,,,,,,,,,,,,,,,,,,,,,,,,,,,,0,4,,,,,,,,,,,,1336.481,,,,,,,,,,,,,,,,,,,,,,,,1321.193,1,-0.17,-36.965,-0.13,-17.831,-18.304,-39.102,-6.325,-64.932,25.681,-49.304,15.653,-62.135,57.292,-101.745,6.422,-125.218,-41.273,-95.527,,,,"",,,,"",,,,"",,,,"",,,,"",,,,"",,,,"",,,,"",,,,,,,,,,,,,,,,,,,,,,,,,,,,,,,,,,,,,,,,,,,,,,,,,,,,,,,,,,"",0,,,,,,,,,,,,,0,"",,,,0,""
9,,1,1,0,0,1,0,1,1,0,0,8,255,255,8,1338.084,"하루（Haru）",R,27,73,125,-0.748,0.403,0.217,1.872,-0.401,1.724,-36.44,35.89,96,4,0,2,"",44.309,-132.518,5.089,0,0,2,"=","=","=","=","=","=","=","=","=",0,L,"_Chun",190,80,0.455,5,54,W,Y,1,1339.124,255,34,150,56,29,,145,100,-13.66,10.186,-0.146,1.145,-20.017,-0.49,0,0.457,178.446,-505.117,213.451,1339.13,-0.874,-24.222,1340.88,3,-6.736,0.054,-57.67,0,4,,1344.716,,,,1344.295,,,,,,,,,1342.949,1,1,164,0,1344.564,2,,147,8,,,,,,,,1342.402,3,,,,,-0.194,-36.993,-0.05,-18.108,-18.491,-39.934,-6.258,-64.956,25.659,-49.337,15.38,-62.272,58.047,-100.81,7.092,-125.826,-42.555,-98.425,-0.05,-36.786,,"Megu3568",-0.085,-18.163,,"濃いめのラー油",-18.817,-41.334,,"Fresh825",-6.19,-64.714,120,"Muna_328",25.648,-49.322,,"schmoneymikey",15.484,-62.145,,"Dοpi",57.452,-99.923,,"うよすま",7.224,-125.803,,"Sabo_10",-42.361,-98.548,,,,,,,,1344.024,-19.289,-39.987,1341.061,-6.695,-59.112,,,,,,,,,,,,,,,,,,,,,,,,,1343.013,-2.781,-55.943,,,,,,,,,,,,,,,,"",2,11.262,11.262,-21.217,0,0,1,-13.66,-13.66,-14.617,-13.66,0,62.375,0,"Fresh825",1344.295,,,40,""
10,SIDE,1,1,0,0,0,0,2,0,0,0,255,255,255,,1350.255,,,,,,,,,,,,,,,,,,,,,,,,3,"=","=","=","=","=","=","=","=","=",,,,,,,,,,,,,,,,,,,,,,,,,,,,,,,,,,,,,,,0,0,,,,,,,,,,,,,,,,,,,,,,,,,,,,,,,,,,,,,,,,,,,,,,,,,,,,,,,,,,,,,,,,,,,,,,,,,,,,,,,,,,,,,,,,,,,,,,,,,,,,,,,,,,,,,,,,,,,,,,,,,,,,,,,,,,,,,,,,,,,,,,,,,"",0,,,,,,,,,,,,,0,"",,,,0,""
11,,1,0,0,0,0,0,0,0,0,0,255,255,255,0,1526.695,"_Chun",L,26,85,137,0.949,-0.003,-0.33,1.989,0.254,1.416,-36.663,36.993,86,14,0,0,"",138.995,-172.665,-7.056,0,0,0,"うよすま","Megu3568","Sabo_10","Fresh825","하루（Haru）","濃いめのラー油","Muna_328","schmoneymikey","Dοpi",7,R,"うよすま",175.4,84.991,0.5,,53,W,Y,0,,,,,,,,,,,,,,,,,,,,,,,,,,,,,0,0,,,,,,,,,,,,,,,,,,,,,,,,,,,,,,,,,,,,,,0.012,-37.621,0.07,-18.032,-21.709,-48.008,-16.245,-62.679,18.443,-45.462,10.989,-65.123,38.448,-93.679,0.522,-113.601,-44.943,-89.936,,,,"",,,,"",,,,"",,,,"",,,,"",,,,"",,,,"",,,,"",,,,,,,,,,,,,,,,,,,,,,,,,,,,,,,,,,,,,,,,,,,,,,,,,,,,,,,,,,"",0,,,,,,,,,,,,,0,"",,,,0,""
12,,1,0,0,0,0,1,0,0,0,0,255,255,255,1,1541.528,"_Chun",L,14,90,112,-2.086,-1.164,-0.44,1.887,-0.211,1.379,-36.663,34.801,94,6,0,2,"",-376.192,329.363,-5.718,0,0,0,"=","=","=","=","=","=","=","=","=",7,R,"うよすま",175.4,84.991,0.5,3,53,W,Y,1,1542.661,255,135,132,119,10,,145,119,-11.756,34.511,-0.385,0.566,-20.438,0.19,0,0.505,1.163,-68.961,-67.278,1542.531,-2.006,-22.798,1543.764,2,-17.756,0.06,-45.828,0,0,,1548.203,,,,,,,,,,,,,1546.395,0,,147,0,,,,,,,,,,,1545.806,2,,,,,,,-0.025,-37.55,-0.174,-17.748,-21.656,-48.189,-16.513,-62.739,18.726,-45.846,11.238,-65.045,38.593,-93.867,0.596,-113.512,-45.262,-90.374,-0.292,-37.178,,"TaeGeuk_",-0.171,-17.902,,"檸檬の残骸",-21.391,-48.235,85,"わかなで",-18.014,-64.346,,"MODECO",18.737,-45.708,,"ke ro",11.225,-65.011,,"「론구」",38.388,-93.638,,"Mr․D VRC",0.594,-113.514,,"ゆっち一",-46.051,-90.626,,1548.3,-0.668,-38.115,,,,1544.015,-19.044,-47.221,,,,,,,,,,,,,,,,,,,,,,,,,1547.257,-17.906,-39.833,,,,,,,,,,,,,,,,,,,"",2,,,,,,,,,,,,,0,"檸檬の残骸",,,,68,""
13,,1,0,0,0,0,0,1,0,0,0,255,255,255,2,1566.578,"_Chun",L,26,83,134,0.752,0.452,-0.338,2.064,0.213,1.694,-36.663,42.155,82,18,0,0,"",99.6,-200,-7.259,0,0,1,"=","=","=","=","=","=","=","=","=",1,R,"Megu3568",190,88.251,0.405,,80,W,Y,0,,,,,,,,,,,,,,,,,,,,,,,,,,,,,0,0,,,,,,,,,,,,,,,,,,,,,,,,,,,,,,,,,,,,,,0.015,-37.7,0.188,-17.931,-21.732,-48.562,-17.012,-61.317,18.304,-45.965,12.237,-64.836,39.084,-89.714,0.01,-112.996,-48.613,-97.63,,,,"",,,,"",,,,"",,,,"",,,,"",,,,"",,,,"",,,,"",,,,1571.329,-0.002,-37.675,,,,,,,,,,,,,,,,,,,,,,,,,,,,,,,,,,,,,,,,,,,,,,,,,,,,"",0,,,,,,,,,,,,,0,"",,,,0,""
14,,1,0,0,0,0,1,1,0,0,0,255,255,255,3,1582.921,"_Chun",L,26,80,130,0.965,1.024,-0.35,2.185,0.27,2.156,-36.663,55.181,86,14,0,2,"",54.917,-154.124,0.036,0,0,1,"=","=","=","=","=","=","=","=","=",1,R,"Megu3568",190,88.251,0.405,3,80,W,Y,1,1583.979,255,54,155,113,46,,145,101,27.868,21.024,0.106,1.502,-20.467,-0.31,0,0.57,418.459,415.783,102.623,,,,1588.797,8,-37.214,2.665,-94.751,0,0,,1589.888,,,,,,,,,,,,,1588.979,1,,457,0,,,,,,,,,,,,,,,,,,,0.042,-37.594,0.289,-18.016,-21.935,-48.69,-16.993,-62.379,18.653,-46.046,11.956,-65.441,39.076,-89.713,-0.17,-113.591,-47.056,-93.444,-0.565,-36.931,,"TaeGeuk_",0.241,-18.027,,"檸檬の残骸",-22.248,-49.013,,"わかなで",-17.373,-62.286,,"MODECO",18.641,-46.084,,"ke ro",12.284,-66.95,,"「론구」",38.937,-89.514,,"Mr․D VRC",-0.169,-113.604,,"ゆっち一",-47.445,-91.638,96,1594.001,-0.031,-38.156,,,,,,,,,,,,,,,,,,,,,,1588.985,-37.637,-95.308,,,,,,,,,,,,,,,,,,,,,,,,,1590.908,-35.474,-85.728,"",1,,,,,,,,,,,,,0,"ゆっち一",,,,6,""
15,,1,0,0,0,0,0,2,0,0,0,255,255,255,4,1611.076,"_Chun",L,14,83,108,1.859,-0.082,0.08,2.128,1.437,1.92,-36.663,38.6,88,12,0,4,"",-383.336,312.348,-10.889,0,0,2,"=","=","=","=","=","=","=","=","=",8,L,"Sabo_10",185.3,88,0.452,,53,W,Y,1,,,,,,,,,,,,,,,,,,,,,,,,,,,,,0,0,,,,,,,,,,,,,,,,,,,,,,,,,,,,,,,,,,,,,,0.11,-37.862,0.212,-18.16,-19.83,-46.412,-15.326,-62.735,20.625,-46.965,10.817,-65.433,48.093,-102.756,1.874,-112.526,-44.889,-91.993,,,,"",,,,"",,,,"",,,,"",,,,"",,,,"",,,,"",,,,"",,,,1615.84,0.232,-37.664,,,,,,,,,,,,,,,,,,,,,,,,,,,,,,,,,,,,,,,,,,,,,,,,,,,,"",0,,,,,,,,,,,,,0,"",,,,0,""
16,,1,0,0,0,0,1,2,0,0,0,255,255,255,5,1628.091,"_Chun",L,13,86,125,2.25,-0.931,-0.339,1.938,0.425,1.42,-36.663,35.743,86,14,0,4,"",355.922,351.169,-6.744,0,0,2,"=","=","=","=","=","=","=","=","=",8,L,"Sabo_10",185.3,88,0.452,,53,W,Y,1,,,,,,,,,,,,,,,,,,,,,,,,,,,,,0,0,,,,,,,,,,,,,,,,,,,,,,,,,,,,,,,,,,,,,,0.06,-37.486,0.547,-18.107,-19.807,-46.386,-15.202,-62.786,20.917,-46.888,11.539,-64.773,48.114,-102.759,2.147,-114.428,-44.951,-92.095,,,,"",,,,"",,,,"",,,,"",,,,"",,,,"",,,,"",,,,"",,,,1632.89,-0.185,-37.988,,,,,,,,,,,,,,,,,,,,,,,,,,,,,,,,,,,,,,,,,,,,,,,,,,,,"",0,,,,,,,,,,,,,0,"",,,,0,""
17,,1,0,0,0,0,2,2,0,0,0,255,255,255,6,1643.64,"_Chun",L,27,88,140,2.941,0.828,-0.152,2.139,1.21,1.978,-36.663,47.819,86,14,0,1,"",55.892,-133.403,-2.877,0,0,2,"=","=","=","=","=","=","=","=","=",8,L,"Sabo_10",185.3,88,0.452,,53,W,Y,0,,,,,,,,,,,,,,,,,,,,,,,,,,,,,0,0,,,,,,,,,,,,,,,,,,,,,,,,,,,,,,,,,,,,,,0.126,-37.663,0.359,-18.241,-19.763,-46.304,-14.964,-63.12,20.784,-46.694,10.727,-64.989,48.14,-102.755,2.146,-114.396,-45.009,-92.147,,,,"",,,,"",,,,"",,,,"",,,,"",,,,"",,,,"",,,,"",,,,1648.325,0.106,-37.891,,,,,,,,,,,,,,,,,,,,,,,,,,,,,,,,,,,,,,,,,,,,,,,,,,,,"",0,,,,,,,,,,,,,0,"",,,,0,""
18,,1,0,0,0,1,2,2,0,0,0,255,255,255,7,1657.758,"_Chun",L,30,76,114,3.383,0.702,0.002,2.122,1.215,1.873,-36.663,45.318,90,10,0,4,"",145.503,-140.688,-8.096,0,0,2,"=","=","=","=","=","=","=","=","=",8,L,"Sabo_10",185.3,88,0.452,,53,W,Y,1,,,,,,,,,,,,,,,,,,,,,,,,,,,,,0,0,,,,,,,,,,,,,,,1660.241,2,,578,0,,,,,,,,,,,,,,,,,,,0.203,-37.548,0.518,-18.202,-21.124,-46.525,-14.509,-62.66,20.921,-46.807,11.009,-65.444,48.11,-102.77,2.11,-114.47,-45.022,-92.133,,,,"",,,,"",,,,"",,,,"",,,,"",,,,"",,,,"",,,,"",,,,1661.934,-0.379,-37.782,,,,,,,,,,,,,,,,,,,,,,,,,,,,,,,,,,,,,,,,,,,,,,,,,,,,"",0,,,,,,,,,,,,,0,"",,,,0,""
19,SIDE,1,0,0,0,0,0,2,0,0,0,255,255,255,,1671.237,,,,,,,,,,,,,,,,,,,,,,,,3,"=","=","=","=","=","=","=","=","=",,,,,,,,,,,,,,,,,,,,,,,,,,,,,,,,,,,,,,,0,0,,,,,,,,,,,,,,,,,,,,,,,,,,,,,,,,,,,,,,,,,,,,,,,,,,,,,,,,,,,,,,,,,,,,,,,,,,,,,,,,,,,,,,,,,,,,,,,,,,,,,,,,,,,,,,,,,,,,,,,,,,,,,,,,,,,,,,,,,,,,,,,,,"",0,,,,,,,,,,,,,0,"",,,,0,""
20,,2,1,0,0,0,0,0,0,0,0,255,255,255,9,1723.913,"하루（Haru）",R,26,76,114,0.523,0.073,0.344,1.761,0.127,1.46,-36.44,21.794,43,57,0,0,"",60.869,-187.333,16.848,0,0,3,"わかなで","ゆっち一","_Chun","MODECO","「론구」","Mr․D VRC","檸檬の残骸","TaeGeuk_","ke ro",4,R,"MODECO",190,85,0.447,,53,W,Y,0,,,,,,,,,,,,,,,,,,,,,,,,,,,,,0,0,,,,,,,,,,,,,,,,,,,,,,,,,,,,,,,,,,,,,,-0.041,-37.015,-0.02,-17.906,-22.244,-45.949,-16.411,-63.025,23.943,-53.352,8.557,-66.055,45.105,-100.943,-4.286,-123.275,-47.646,-95.253,,,,"",,,,"",,,,"",,,,"",,,,"",,,,"",,,,"",,,,"",,,,,,,,,,,,,,,,,,,,,,,,,,,,,,,,,,,,,,,,,,,,,,,,,,,,,,,,,,"",0,,,,,,,,,,,,,0,"",,,,0,""
21,,2,1,0,0,0,1,0,0,0,0,255,255,255,10,1743.65,"하루（Haru）",R,4,59,109,-0.656,0.133,0.324,1.863,0.096,1.695,-36.44,45.814,52,48,0,0,"",-214.104,0,5.937,0,0,3,"=","=","=","=","=","=","=","=","=",4,R,"MODECO",190,85,0.447,,53,W,Y,1,,,,,,,,,,,,,,,,,,,,,,,,,,,,,0,0,,,,,,,,,,,,,,,,,,,,,,,,,,,,,,,,,,,,,,-0.153,-37.117,-0.027,-17.893,-22.487,-47.114,-15.929,-63.326,23.903,-53.36,8.463,-66.026,46.961,-101.246,-8.103,-123.426,-49.882,-98.493,,,,"",,,,"",,,,"",,,,"",,,,"",,,,"",,,,"",,,,"",,,,,,,,,,,,,,,,,,,,,,,,,,,,,,,,,,,,,,,,,,,,,,,,,,,,,,,,,,"",0,,,,,,,,,,,,,0,"",,,,0,""
22,,2,1,0,0,0,2,0,0,0,0,255,255,255,11,1761.406,"하루（Haru）",R,27,85,138,-1.885,0.293,0.109,1.863,-0.905,1.696,-36.44,21.701,88,12,0,2,"",58.979,-102.453,12.118,0,0,3,"=","=","=","=","=","=","=","=","=",4,R,"MODECO",190,85,0.447,3,53,W,Y,1,1762.437,167,149,103,87,47,,145,124,109.32,-42.277,-0.366,1.15,-20.191,0.73,0,0.482,448.141,250.513,-104.043,,,,,,,,,0,0,,,,,,,,,,,,,,,,,,,,,,,,,,,,,,,,,,,,,,-0.215,-37.1,-0.02,-17.847,-22.497,-46.919,-15.891,-63.306,23.986,-53.267,8.461,-66.009,45.676,-101.988,-7.949,-122.674,-49.871,-98.51,0.137,-36.969,,"Megu3568",-0.174,-18.046,,"濃いめのラー油",-22.434,-46.901,,"Fresh825",-15.895,-63.303,,"Muna_328",23.99,-53.255,,"schmoneymikey",8.423,-65.879,,"Dοpi",45.674,-101.984,,"うよすま",-7.955,-122.676,,"Sabo_10",-49.792,-98.356,,,,,,,,,,,,,,,,,,,,,,,,,,,,,,,,,,,,,,,,,,,,,,,,,,,,,,,,"",3,,,,,,,,,,,,,0,"",,,,0,""
23,,2,1,0,0,0,2,0,0,0,0,255,255,255,12,1783.231,"하루（Haru）",R,3,64,110,-0.606,0.082,0.368,1.853,0.303,1.662,-36.44,52.768,69,31,0,2,"",-320.046,0,5.062,0,0,3,"=","=","=","=","=","=","=","=","=",4,R,"MODECO",190,85,0.447,3,53,W,Y,1,1784.37,156,93,64,77,55,,138,130,30.141,9.919,-0.127,1.029,-20.18,0.41,0,0.455,536.381,158.915,-67.371,1790.297,-25.741,-139.481,,,,,,0,0,,1790.321,1795.062,1800.284,1805.438,,,,,,,,,,,,,,,,,,,,,,,,,,,,,,,,,-0.112,-37.203,-0.029,-17.86,-22.456,-46.808,-15.885,-63.382,23.765,-53.193,7.817,-65.578,42.892,-98.187,-7.789,-124.373,-52.162,-98.92,0.196,-36.925,,"Megu3568",-0.058,-17.933,,"濃いめのラー油",-22.369,-47.04,,"Fresh825",-15.84,-63.263,,"Muna_328",23.748,-53.17,,"schmoneymikey",7.524,-65.641,,"Dοpi",43.278,-96.824,,"うよすま",-7.809,-124.395,,"Sabo_10",-51.954,-98.775,,,,,,,,,,,,,,,,,,,,,,,,,,,,,,,,,,,,,,,,,,,,,,,,,,,,,,,,"",4,,,,,,,,,,,,,0,"",1795.062,1800.284,,0,""
24,,2,1,1,0,0,0,0,0,0,0,255,255,255,13,1832.997,"하루（Haru）",R,26,76,114,0.326,-0.81,0.342,1.547,0.122,0.962,-36.44,24.56,42,58,0,2,"",6.379,-150.68,9.703,0,0,4,"=","=","=","=","=","=","=","=","=",6,R,"「론구」",179.9,80,0.8,5,77,W,Y,1,1834.167,255,189,74,185,85,,145,86,109.314,-70.721,0.068,0.728,-20.876,-1,0,0.616,138.976,-266.468,120.258,1839.997,-31.624,-10.799,,,,,,0,0,,,,,,,,,,,,,,,,,,,,,,,,,,,,,,,,,,,,,,-0.02,-37.049,-0.025,-17.84,-21.583,-47.371,-13.673,-62.088,24.121,-53.19,8.666,-65.588,53.545,-101.096,-4.332,-116.249,-51.704,-99.161,-0.168,-36.841,,"Megu3568",-0.025,-17.901,,"濃いめのラー油",-21.611,-47.199,,"Fresh825",-13.696,-61.942,,"Muna_328",24.119,-53.163,,"schmoneymikey",8.663,-65.585,,"Dοpi",53.547,-101.107,,"うよすま",-3.685,-116.813,,"Sabo_10",-51.653,-99.029,,,,,,,,,,,,,,,,,,,,,,,,,,,,,,,,,,,,,,,,,,,,,,,,,,,,,,,,"",3,-70.247,-69.365,-28.906,0.581,1,0.705,70.686,70.686,34.138,69.383,0,-69.083,0,"",,,,0,""
25,,2,1,1,0,0,1,0,0,0,0,255,255,255,14,1858.996,"하루（Haru）",R,26,72,111,1.681,-0.246,0.469,1.689,0.516,1.287,-36.44,46.287,41,59,0,2,"",112.962,-157.303,4.236,0,0,4,"=","=","=","=","=","=","=","=","=",6,R,"「론구」",179.9,80,0.8,0,77,W,Y,1,1860.166,182,88,93,85,56,,145,102,-3.329,13.022,0.311,0.878,-20.366,-0.31,0,0.378,-86.4,-25.798,22.038,1860.297,-1.829,-29.646,1862.047,3,-9.092,0.054,-61.048,0,0,,,,,,,,,,,,,,,1864.915,4,,147,8,,,,,,,,,,,,,,,,,,,-0.144,-36.964,-0.036,-17.803,-22.437,-46.896,-14.43,-62.829,24.331,-52.717,8.192,-66.266,47.244,-98.459,-5.622,-119.034,-50.59,-99.464,-0.374,-37.162,,"Megu3568",-0.015,-17.9,,"濃いめのラー油",-22.388,-46.877,79,"Fresh825",-14.369,-62.549,89,"Muna_328",24.305,-52.697,,"schmoneymikey",8.183,-66.18,,"Dοpi",47.195,-98.358,,"うよすま",-5.651,-119.048,,"Sabo_10",-50.533,-99.295,,1867.447,-2.286,-38.725,,,,1864.415,-19.047,-39.565,1862.248,-9.494,-62.269,,,,,,,,,,,,,,,,,,,,,,1866.516,-16.58,-40.442,1863.259,-10.998,-57.525,,,,,,,,,,,,,,,,"",2,,,,,,,,,,,,,0,"Fresh825",,,,56,""
26,,2,1,1,0,0,0,1,0,0,0,255,255,255,15,1887.501,"하루（Haru）",R,5,50,105,0.764,0.072,0.49,1.81,0.466,1.655,-36.44,86.667,0,100,0,2,"",-90.705,0,6.025,0,0,5,"=","=","=","=","=","=","=","=","=",7,R,"Mr․D VRC",177.1,92.352,0.432,5,54,W,Y,1,1888.714,139,101,119,114,70,,144,129,-15.003,-39.839,0.155,1.061,-21.1,0.55,0,0.37,327.705,116.859,344.308,1888.63,2.518,-23.937,1889.981,4,23.151,0.612,-48.738,0,0,,,,,,,,,,,,,,,1893.059,5,,147,64,,,,,,,,,,,,,,,,,,,-0.166,-37.167,-0.163,-17.806,-23.931,-49.001,-15.27,-63.052,24.506,-52.43,8.031,-66.188,44.293,-97.782,-5.527,-113.902,-48.811,-99.003,0.274,-36.996,,"Megu3568",-0.199,-17.828,,"濃いめのラー油",-24.071,-48.768,80,"Fresh825",-15.174,-62.914,,"Muna_328",24.499,-52.4,108,"schmoneymikey",7.89,-65.982,,"Dοpi",44.296,-97.772,,"うよすま",-6.083,-113.851,,"Sabo_10",-48.797,-98.976,,1897.276,-1.351,-33.702,,,,1892.62,-18.383,-40.227,,,,1890.224,23.91,-49.532,,,,,,,,,,,,,,,,,,,1896.19,-17.838,-39.505,,,,1890.886,20.135,-48.206,,,,,,,,,,,,,"",2,-38.282,-38.282,-12.965,0,1,0.788,-26.818,-15.898,-30.61,-71.066,0.031,-51.22,0,"Muna_328",,,,112,""
27,,2,1,1,0,0,0,2,0,0,0,255,255,255,16,1920.092,"하루（Haru）",R,26,86,139,2.715,0.381,0.532,1.865,1.066,1.702,-36.44,39.661,80,20,0,1,"",86.984,-161.953,10.864,0,0,6,"=","=","=","=","=","=","=","=","=",2,L,"檸檬の残骸",190,80,0.409,,45,W,Y,0,,,,,,,,,,,,,,,,,,,,,,,,,,,,,0,0,,,,,,,,,,,,,,,,,,,,,,,,,,,,,,,,,,,,,,-0.057,-36.948,0.003,-17.92,-22.74,-49.983,-12.849,-65.253,24.97,-50.344,14.699,-63.662,57.05,-100.198,9.092,-123.819,-47.075,-95.961,,,,"",,,,"",,,,"",,,,"",,,,"",,,,"",,,,"",,,,"",,,,1923.829,-0.021,-36.857,,,,,,,,,,,,,,,,,,,,,,,,,,,,,,,,,,,,,,,,,,,,,,,,,,,,"",0,,,,,,,,,,,,,0,"",,,,0,""
28,,2,1,1,0,1,0,2,0,0,0,255,255,255,17,1937.707,"하루（Haru）",R,27,85,137,-1.254,0.16,0.167,1.83,-0.634,1.59,-36.44,15.046,46,54,0,2,"",59.749,-127.774,16.055,0,0,6,"=","=","=","=","=","=","=","=","=",2,L,"檸檬の残骸",190,80,0.409,5,45,W,Y,1,1938.755,238,203,54,60,33,,137,117,25.777,16.737,-0.235,1.071,-20.277,0.18,0,0.624,424.695,-318.061,-211.137,1943.914,-23.257,-123.813,1945.747,7,-21.938,0.15,-131.53,1,0,,1944.225,1948.833,,,,,,,,,,,,,,,,,,,,,,,,,,,,,,,,,,,-0.119,-36.931,-0.001,-17.901,-22.717,-50.052,-12.91,-65.202,24.971,-50.321,14.67,-63.61,57.045,-100.214,4.479,-122.331,-46.296,-96.501,-0.069,-36.934,,"Megu3568",-0.094,-17.932,,"濃いめのラー油",-22.75,-49.788,,"Fresh825",-12.915,-65.199,68,"Muna_328",24.959,-50.277,,"schmoneymikey",14.671,-63.627,,"Dοpi",57.053,-100.223,,"うよすま",3.898,-122.749,115,"Sabo_10",-46.296,-96.384,,1956.016,-1.288,-40.526,,,,,,,1949.338,-12.354,-71.498,,,,,,,,,,1946.041,-21.493,-130.31,,,,,,,,,,,,,1954.374,-7.804,-62.608,,,,,,,,,,1947.135,-21.93,-125.053,,,,"",2,17.982,17.982,5.472,0,1,0.461,83.408,34.254,-3.746,85.593,0.061,29.498,0,"うよすま",1948.833,,,25,""
29,,2,1,1,0,0,0,2,0,1,0,255,2,255,18,1978.593,"하루（Haru）",R,27,70,109,-0.805,-0.428,0.172,1.661,-0.407,1.214,-36.44,26.47,54,46,0,2,"",32.101,-126.75,8.85,0,0,7,"=","=","=","=","=","=","=","=","=",1,R,"TaeGeuk_",176.6,82,0.365,5,54,W,Y,1,1979.505,155,175,142,147,83,,145,85,-30,-67.359,-0.133,0.887,-21.329,1,0,0.222,-7.166,181.92,133.475,1979.331,1.326,-21.938,,,,,,0,0,,,,,1983.804,,,,,,,,1978.931,,,,,,,,,,,,,,,,,,,,,,,,,-0.16,-37.058,0.009,-18.062,-21.921,-46.018,-16.089,-63.702,21.539,-48.79,8.082,-65.145,45.795,-96.85,-4.723,-121.237,-50.448,-96.977,0.019,-36.845,,"Megu3568",-0.078,-18.014,,"濃いめのラー油",-21.97,-45.777,,"Fresh825",-15.818,-63.176,,"Muna_328",21.511,-48.742,,"schmoneymikey",8.086,-65.141,,"Dοpi",45.797,-96.852,,"うよすま",-4.841,-121.252,,"Sabo_10",-50.231,-97.406,,,,,,,,,,,,,,,,,,,,,,,,,,,,,,,,,,,,,,,,,,,,,,,,,,,,,,,,"",3,-75.462,-61.619,-28.543,0.66,2,0.09,-57.454,-45.85,-12.292,-57.812,0.046,142.554,0,"",1983.065,,,0,""
30,,2,1,1,0,0,1,2,0,1,0,255,2,255,19,2003.202,"하루（Haru）",R,27,82,118,-1.668,-1.178,0.033,1.473,-0.839,0.777,-36.44,20.121,49,51,0,1,"",67.241,-128.262,14.995,0,0,7,"=","=","=","=","=","=","=","=","=",1,R,"TaeGeuk_",176.6,82,0.365,,69,W,Y,0,,,,,,,,,,,,,,,,,,,,,,,,,,,,,0,0,,,,,,,,,,,,,2003.814,,,,,,,,,,,,,,,,,,,,,,,,,-0.294,-36.978,0.011,-18.05,-22.297,-46.606,-16.007,-63.438,21.571,-47.066,0.973,-63.749,47.332,-95.377,-5.428,-119.084,-48.798,-97.206,,,,"",,,,"",,,,"",,,,"",,,,"",,,,"",,,,"",,,,"",,,,,,,,,,,,,,,,,,,,,,,,,,,,,,,,,,,,,,,,,,,,,,,,,,,,,,,,,,"",0,,,,,,,,,,,,,0,"",2003.397,,,0,""
31,,2,1,1,0,1,1,2,0,1,0,255,2,255,20,2026.15,"하루（Haru）",R,27,85,121,-1.151,-0.848,0.096,1.551,-0.641,0.96,-36.44,23.755,51,49,0,0,"",85.047,-134.594,10.523,0,0,7,"=","=","=","=","=","=","=","=","=",1,R,"TaeGeuk_",176.6,82,0.365,,69,W,Y,1,,,,,,,,,,,,,,,,,,,,,,,,,,,,,0,0,,,,,,,,,,,,,2027.152,,,,,,,,,,,,,,,,,,,,,,,,,-0.21,-37.092,0.017,-18.074,-22.25,-47.092,-15.99,-63.47,21.608,-47.131,1.843,-64.631,47.295,-95.322,-5.982,-120.086,-48.8,-98.342,,,,"",,,,"",,,,"",,,,"",,,,"",,,,"",,,,"",,,,"",,,,,,,,,,,,,,,,,,,,,,,,,,,,,,,,,,,,,,,,,,,,,,,,,,,,,,,,,,"",0,,,,,,,,,,,,,0,"",2028.032,,,0,""
32,,2,1,1,0,1,2,2,0,1,0,255,2,255,21,2047.797,"하루（Haru）",R,3,53,88,-2.413,-0.983,0.22,1.595,-0.258,1.061,-36.44,36.149,0,100,0,2,"",-336.548,0,8.609,0,0,7,"=","=","=","=","=","=","=","=","=",1,R,"TaeGeuk_",176.6,82,0.365,3,69,W,Y,1,2048.831,220,213,76,82,75,,145,82,-8.758,55.476,-0.408,0.685,-20.911,1,0,0.305,-118.375,564.301,19.811,2048.814,-4.95,-23.969,,,,,,0,0,,,,,,,,,,,,,2049.692,,,,,,,,,,,,,,,,,,,,,,,,,-0.239,-36.985,0.026,-18.073,-22.421,-46.759,-15.984,-63.444,21.572,-47.191,3.801,-64.698,45.043,-94.123,-7.232,-114.416,-48.219,-98.152,-0.086,-36.699,,"Megu3568",-0.215,-18.096,,"濃いめのラー油",-22.384,-46.746,,"Fresh825",-15.873,-63.177,,"Muna_328",21.588,-47.058,,"schmoneymikey",6.68,-63.854,,"Dοpi",42.956,-93.655,,"うよすま",-7.386,-114.392,,"Sabo_10",-49.824,-97.032,,,,,,,,,,,,,,,,,,,,,,,,,,,,,,,,,,,,,,,,,,,,,,,,,,,,,,,,"",3,,,,,,,,,,,,,0,"",2053.082,,,0,""
33,,2,1,1,0,1,2,2,0,1,0,255,2,255,22,2072.041,"하루（Haru）",R,27,67,107,1.598,-0.586,0.479,1.628,0.546,1.138,-36.44,41.687,46,54,0,4,"",71.983,-112.864,1.144,0,0,7,"=","=","=","=","=","=","=","=","=",1,R,"TaeGeuk_",176.6,82,0.365,,69,W,Y,1,,,,,,,,,,,,,,,,,,,,,,,,,,,,,0,0,,,,,,,,,,,,,2072.654,,2074.414,7,,578,0,,,,,,,,,,,,,,,,,,,0.008,-37.162,0.092,-17.812,-22.574,-46.819,-16.781,-62.823,21.568,-48.049,1.183,-64.192,48.933,-96.629,-1.747,-117.435,-46.423,-96.628,,,,"",,,,"",,,,"",,,,"",,,,"",,,,"",,,,"",,,,"",,,,,,,,,,,,,,,,,,,,,,,,,,,,,,,,,,,,,,,,,,,,,,,,,,,,,,,,,,"",0,,,,,,,,,,,,,0,"",,,,0,""
34,SIDE,2,1,1,0,0,0,2,0,1,0,255,2,255,,2076.655,,,,,,,,,,,,,,,,,,,,,,,,8,"=","=","=","=","=","=","=","=","=",,,,,,,,,,,,,,,,,,,,,,,,,,,,,,,,,,,,,,,0,0,,,,,,,,,,,,,,,,,,,,,,,,,,,,,,,,,,,,,,,,,,,,,,,,,,,,,,,,,,,,,,,,,,,,,,,,,,,,,,,,,,,,,,,,,,,,,,,,,,,,,,,,,,,,,,,,,,,,,,,,,,,,,,,,,,,,,,,,,,,,,,,,,"",0,,,,,,,,,,,,,0,"",,,,0,""
35,,2,0,1,0,0,0,0,0,0,0,255,255,255,8,2122.367,"_Chun",L,14,86,126,-0.023,-0.55,-0.341,1.96,0.42,1.498,-36.663,34.016,84,16,0,0,"",-378.66,326.522,-33.151,0,0,3,"うよすま","Megu3568","Sabo_10","Fresh825","하루（Haru）","濃いめのラー油","Muna_328","schmoneymikey","Dοpi",3,L,"Fresh825",190,80,0.2,,54,W,Y,0,,,,,,,,,,,,,,,,,,,,,,,,,,,,,0,0,,,,,,,,,,,,,,,,,,,,,,,,,,,,,,,,,,,,,,0.003,-37.745,-0.212,-18.483,-19.867,-46.696,-15.1,-63.653,21.56,-46.522,10.964,-64.786,48.401,-98.945,2.188,-114.744,-44.217,-87.817,,,,"",,,,"",,,,"",,,,"",,,,"",,,,"",,,,"",,,,"",,,,,,,,,,,,,,,,,,,,,,,,,,,,,,,,,,,,,,,,,,,,,,,,,,,,,,,,,,"",0,,,,,,,,,,,,,0,"",,,,0,""
36,,2,0,1,0,0,1,0,0,0,0,255,255,255,9,2140.006,"_Chun",L,13,80,105,3.004,-0.657,-0.25,2.101,0.743,1.754,-36.663,47.447,77,23,0,4,"",287.612,399.016,-8.559,0,0,3,"=","=","=","=","=","=","=","=","=",3,L,"Fresh825",190,80,0.2,,54,W,Y,1,,,,,,,,,,,,,,,,,,,,,,,,,,,,,0,0,,,,,,,,,,,,,,,,,,,,,,,,,,,,,,,,,,,,,,0.151,-37.592,0.353,-18.35,-20.041,-46.888,-14.956,-63.528,21.876,-46.94,11.12,-65.418,48.41,-98.941,2.525,-114.765,-44.443,-87.395,,,,"",,,,"",,,,"",,,,"",,,,"",,,,"",,,,"",,,,"",,,,,,,,,,,,,,,,,,,,,,,,,,,,,,,,,,,,,,,,,,,,,,,,,,,,,,,,,,"",0,,,,,,,,,,,,,0,"",,,,0,""
37,,2,0,1,0,0,2,0,0,0,0,255,255,255,10,2160.823,"_Chun",L,30,63,104,3.665,1.333,-0.047,2.308,1.359,2.358,-36.663,65.101,86,14,0,2,"",119.436,-72.629,-1.578,0,0,3,"=","=","=","=","=","=","=","=","=",3,L,"Fresh825",190,80,0.2,5,54,W,Y,1,2162.002,168,103,117,98,72,,145,119,-4.942,-25.396,0.682,1.523,-20.365,0.87,0,0.14,-181.005,-32.438,-36.086,2162.047,6.038,-31.617,2165.381,6,34.893,0.056,-93.619,1,0,,2167.343,,,,,,,,,,,,,,,,,,,,,,,,,,,,,,,,,,,,0.235,-37.633,-0.114,-18.189,-19.984,-46.297,-15.933,-62.648,21.606,-46.58,11.115,-65.372,48.422,-98.945,2.57,-114.769,-44.45,-87.009,-0.189,-37.085,,"TaeGeuk_",0.044,-18.25,,"檸檬の残骸",-20.415,-46.785,,"わかなで",-14.896,-65.22,86,"MODECO",21.448,-46.358,,"ke ro",11.11,-65.246,,"「론구」",48.317,-98.804,98,"Mr․D VRC",2.589,-114.779,,"ゆっち一",-44.822,-86.516,,2173.8,0.158,-38.51,,,,,,,2168.717,-1.062,-57.889,,,,,,,2165.683,35.259,-94.37,,,,,,,,,,,,,,,,2172.708,-0.735,-56.893,,,,,,,2166.531,31.849,-90.203,,,,,,,"",2,-28.535,-28.535,-15.155,0,2,0.355,-8.388,-4.942,-17.337,-8.215,0.011,-29.004,0,"「론구」",,,,21,""
38,,2,0,1,0,0,0,0,1,0,0,13,255,255,11,2193.504,"_Chun",L,14,75,102,1.542,0.164,0.045,2.237,1.423,2.167,-36.663,52.8,86,14,0,1,"",-362.039,312.348,-9.737,0,0,4,"=","=","=","=","=","=","=","=","=",0,L,"하루（Haru）",190,85.172,0.403,,54,W,Y,0,,,,,,,,,,,,,,,,,,,,,,,,,,,,,0,0,,,,,,,,,,,,2193.79,,,,,,,,,,,,,,,,,,,,,,,,,,0.128,-37.837,-0.094,-17.939,-19.547,-41.391,-12.631,-64.479,21.514,-47,12.534,-64.579,49.625,-97.441,5.925,-116.028,-43.74,-87.618,,,,"",,,,"",,,,"",,,,"",,,,"",,,,"",,,,"",,,,"",,,,2197.653,0.008,-37.885,,,,,,,,,,,,,,,,,,,,,,,,,,,,,,,,,,,,,,,,,,,,,,,,,,,,"",0,,,,,,,,,,,,,0,"",,,,0,""
39,,2,0,1,0,1,0,0,1,0,0,13,255,255,12,2209.622,"_Chun",L,26,85,137,-1.358,0.069,-0.537,2.017,-0.646,1.483,-36.663,44.805,84,16,0,2,"",50.618,-170.582,-1.187,0,0,4,"=","=","=","=","=","=","=","=","=",0,L,"하루（Haru）",190,85.172,0.403,3,54,W,Y,1,2210.794,191,157,141,100,49,,145,130,25.492,-3.003,-0.241,1.007,-19.93,0.51,0.143,0.305,253.78,38.009,38.461,2215.914,4.886,-132.712,2218.914,7,5.193,0.057,-121.834,1,0,,2216.479,2221.138,,,2217.677,2222.827,,,,,2209.774,,,,,,,,,,,,,,,,,,,,,,2228.718,4,,,-0.059,-37.671,-0.01,-18.067,-19.543,-41.325,-13.383,-63.898,22,-46.027,12.883,-64.139,49.602,-97.445,6.077,-115.525,-42.897,-92.388,-0.522,-37.279,,"TaeGeuk_",-0.015,-18.091,,"檸檬の残骸",-20.249,-44.262,,"わかなで",-9.874,-65.13,,"MODECO",21.918,-45.924,60,"ke ro",12.889,-64.016,,"「론구」",49.461,-97.26,,"Mr․D VRC",6.071,-115.504,86,"ゆっち一",-43.123,-93.991,,2234.039,0.214,-37.293,,,,,,,,,,2224.567,18.946,-46.75,,,,,,,2219.166,5.029,-122.08,,,,,,,,,,,,,,,,2232.65,17.11,-40,,,,,,,2220.014,6.624,-116.757,,,,"",2,,,,,,,,,,,,,0,"Mr․D VRC",2217.677,2222.827,,44,""
40,,2,0,1,0,0,0,0,0,1,1,255,10,13,13,2253.041,"_Chun",L,10,81,108,2.088,-0.381,-0.192,2.089,0.741,1.828,-36.663,42.999,83,17,0,2,"",105.687,400,-7.775,0,0,5,"=","=","=","=","=","=","=","=","=",2,L,"濃いめのラー油",190,80,0.8,3,54,W,Y,1,2254.256,248,53,66,104,38,,140,84,-30,-13.701,0.376,0.908,-20.656,1,0,0.241,-513.181,-157.334,243.229,2253.897,0.731,-22.098,2256.197,5,8.346,0.153,-53.749,0,0,,,,,,,,,,,,,2253.575,2254.256,2259.382,5,,147,256,,,,,,,,,,,,,2262.029,3,,,,,0.086,-37.684,0.379,-17.904,-19.651,-45.879,-13.561,-63.549,18.881,-44.798,13.893,-61.874,47.219,-101.88,7.448,-115.873,-39.414,-92.69,-0.012,-37.06,,"TaeGeuk_",0.458,-17.893,,"檸檬の残骸",-19.625,-46.539,113,"わかなで",-12.858,-63.922,66,"MODECO",19.004,-44.82,,"ke ro",13.834,-61.278,96,"「론구」",47.121,-101.746,,"Mr․D VRC",7.46,-115.885,,"ゆっち一",-39.32,-92.791,,2267.762,-2.106,-39.94,,,,2258.745,-18.979,-39.359,2260.595,-0.393,-58.699,,,,2256.497,8.863,-55.1,,,,,,,,,,,,,,,,2259.531,-16.705,-41.815,2266.734,-0.697,-52.932,,,,2257.448,5.214,-51.956,,,,,,,,,,"",2,,,,,,,,,,,,,0,"ke ro",2260.101,2256.266,,325,""
41,,2,0,1,0,0,0,1,0,1,1,255,10,13,14,2286.895,"_Chun",L,26,86,139,0.862,0.287,-0.318,2.032,0.302,1.6,-36.663,40.906,79,21,0,0,"",69.08,-200,-15.997,0,0,6,"=","=","=","=","=","=","=","=","=",4,R,"Muna_328",190,83.724,0.36,,54,W,Y,1,,,,,,,,,,,,,,,,,,,,,,,,,,,,,0,0,,,,,,,,,,,,,,2287.251,,,,,,,,,,,,,,,,,,,,,,,,0.015,-37.733,0.201,-17.884,-19.929,-46.232,-14.807,-63.482,17.508,-45.261,9.1,-65.007,38.85,-94.213,-0.818,-117.115,-44.119,-93.692,,,,"",,,,"",,,,"",,,,"",,,,"",,,,"",,,,"",,,,"",,,,2291.815,-0.24,-37.644,,,,,,,,,,,,,,,,,,,,,,,,,,,,,,,,,,,,,,,,,,,,,,,,,,,,"",0,,,,,,,,,,,,,0,"",2289.767,2289.445,,0,""
42,,2,0,1,0,0,1,1,0,1,1,255,10,13,15,2304.532,"_Chun",L,14,82,107,-2.791,-0.751,-0.533,2.018,-0.51,1.596,-36.663,46.279,83,17,0,4,"",-357.148,339.4,-0.577,0,0,6,"=","=","=","=","=","=","=","=","=",4,R,"Muna_328",190,83.724,0.36,,54,W,Y,1,,,,,,,,,,,,,,,,,,,,,,,,,,,,,0,0,,,,,,,,,,,,,2305.889,2304.854,,,,,,,,,,,,,,,,,,,,,,,,-0.058,-37.826,0.041,-17.969,-19.936,-46.017,-15.291,-63.338,18.103,-44.378,11.733,-64.073,38.848,-94.234,-0.167,-117.053,-46.421,-94.962,,,,"",,,,"",,,,"",,,,"",,,,"",,,,"",,,,"",,,,"",,,,2308.717,-0.011,-37.699,,,,,,,,,,,,,,,,,,,,,,,,,,,,,,,,,,,,,,,,,,,,,,,,,,,,"",0,,,,,,,,,,,,,0,"",2307.021,2307.227,,0,""
43,,2,0,1,0,0,2,1,0,1,1,255,10,13,16,2321.385,"_Chun",L,14,84,108,-2.954,-0.607,-0.539,2.062,-0.561,1.662,-36.663,49.763,89,11,0,4,"",-371.574,326.76,9.183,0,0,6,"=","=","=","=","=","=","=","=","=",4,R,"Muna_328",190,83.724,0.36,,54,W,Y,1,,,,,,,,,,,,,,,,,,,,,,,,,,,,,0,0,,,,,,,,,,,,,2321.496,2321.512,2324.129,6,,578,0,,,,,,,,,,,,,,,,,,,-0.031,-37.857,0.009,-18.038,-19.977,-45.066,-16,-63.185,18.347,-42.43,11.169,-64.364,38.809,-94.256,-0.131,-117.194,-44.365,-93.61,,,,"",,,,"",,,,"",,,,"",,,,"",,,,"",,,,"",,,,"",,,,2326.462,-0.07,-38.046,,,,,,,,,,,,,,,,,,,,,,,,,,,,,,,,,,,,,,,,,,,,,,,,,,,,"",0,,,,,,,,,,,,,0,"",2325.277,2324.388,,0,""
44,,2,0,1,0,0,0,2,0,1,1,255,10,13,17,2343.083,"_Chun",L,26,86,139,-0.247,1.949,-0.461,2.171,-0.235,2.524,-36.663,52.518,79,21,0,1,"",117.406,-200,-18.889,0,0,7,"=","=","=","=","=","=","=","=","=",5,L,"schmoneymikey",174.9,80,0.354,,53,W,Y,0,,,,,,,,,,,,,,,,,,,,,,,,,,,,,0,0,,,,,,,,,,,,,,2343.526,,,,,,,,,,,,,,,,,,,,,,,,-0.049,-37.892,-0.236,-18.057,-19.489,-44.537,-14.064,-64.426,19.939,-45.218,12.555,-63.214,43.844,-97.486,6.384,-113.085,-46.208,-89.621,,,,"",,,,"",,,,"",,,,"",,,,"",,,,"",,,,"",,,,"",,,,2348.439,0.045,-37.854,,,,,,,,,,,,,,,,,,,,,,,,,,,,,,,,,,,,,,,,,,,,,,,,,,,,"",0,,,,,,,,,,,,,0,"",2346.343,2345.393,,0,""
45,,2,0,1,0,1,0,2,0,1,1,255,10,13,18,2389.109,"_Chun",L,12,83,131,-2.909,1.015,-0.685,2.204,-1.246,2.301,-36.663,70.831,68,32,0,1,"",0,119.288,-0.239,0,0,7,"=","=","=","=","=","=","=","=","=",5,L,"schmoneymikey",174.9,80,0.354,,53,W,Y,0,,,,,,,,,,,,,,,,,,,,,,,,,,,,,0,0,,,,,,,,,,,,,2389.304,2389.481,,,,,,,,,,,,,,,,,,,,,,,,-0.11,-37.806,-0.214,-18.124,-19.993,-45.185,-14.869,-63.421,19.398,-45.508,12.294,-63.849,43.84,-97.448,4.894,-114.151,-44.463,-87.217,,,,"",,,,"",,,,"",,,,"",,,,"",,,,"",,,,"",,,,"",,,,2395.09,-0.301,-37.521,,,,,,,,,,,,,,,,,,,,,,,,,,,,,,,,,,,,,,,,,,,,,,,,,,,,"",0,,,,,,,,,,,,,0,"",2392.664,2391.516,,0,""
46,,2,0,1,0,2,0,2,0,1,1,255,10,13,19,2405.78,"_Chun",L,10,78,118,-1.066,-0.731,-0.559,2.152,-0.448,1.678,-36.663,54.032,82,18,0,2,"",0,400,0.797,0,0,7,"=","=","=","=","=","=","=","=","=",5,L,"schmoneymikey",174.9,80,0.354,5,53,W,Y,1,2406.902,220,154,158,105,0,,145,124,18.813,-10.144,-0.2,0.721,-20.548,0.25,0,0.354,223.059,-306.649,-22.889,2411.681,27.07,-130.566,2412.88,7,24.661,0.088,-126.888,1,0,,2412.252,2416.634,,,,,,2411.521,2416.592,2411.835,,2405.782,2406.287,,,,,,,,,,,,,,,,,,,,,,,,-0.107,-37.828,-0.127,-18.186,-19.69,-45.352,-14.634,-63.538,19.446,-45.256,12.232,-63.845,43.848,-97.467,4.095,-114.742,-44.67,-87.864,-0.545,-36.987,,"TaeGeuk_",-0.077,-18.201,,"檸檬の残骸",-19.675,-45.528,,"わかなで",-14.328,-64.751,,"MODECO",19.358,-45.036,64,"ke ro",12.23,-63.74,,"「론구」",43.664,-97.26,,"Mr․D VRC",4.099,-114.761,100,"ゆっち一",-44.669,-87.869,,2424.064,0.456,-37.61,,,,,,,,,,2418.347,19.54,-45.465,,,,,,,2413.228,23.92,-125.535,,,,,,,,,,,,,,,,2422.9,15.064,-38.535,,,,,,,2414.496,25.306,-119.113,,,,"",2,-11.426,-11.426,-4.115,0,1,0.934,31.176,18.813,-7.35,84.534,0.033,-13.709,0,"Mr․D VRC",2416.634,2411.521,2411.835,44,""
47,,2,0,1,2,0,0,2,0,1,0,255,15,255,20,2438.582,"_Chun",L,26,86,139,0.572,0.526,-0.368,2.146,0.043,1.711,-36.663,46.292,88,12,0,2,"",181.387,-200,-18.139,0,0,8,"=","=","=","=","=","=","=","=","=",6,R,"Dοpi",180.6,90,0.35,5,53,W,Y,1,2439.395,183,75,86,40,8,,141,87,-45.522,64.007,0.134,1.094,-19.736,-0.82,0,0.195,-255.897,171.526,151.046,2439.081,-0.77,-20.175,,,,,,0,0,,,,,,,,,,,,,2448.764,,,,,,,,,,,,,,,,,,,,,,,,,-0.028,-37.819,0.113,-18.073,-19.83,-46.57,-16.043,-62.371,19.063,-45.493,11.08,-65.41,38.665,-94.797,-1.193,-117.607,-44.501,-89.681,-0.324,-36.978,,"TaeGeuk_",-0.049,-18.346,,"檸檬の残骸",-20.259,-47.211,,"わかなで",-16.393,-62.813,,"MODECO",19.026,-45.436,,"ke ro",11.133,-64.723,,"「론구」",38.67,-94.793,,"Mr․D VRC",-1.028,-116.696,,"ゆっち一",-44.114,-88.728,,,,,,,,,,,,,,,,,,,,,,,,,,,,,,,,,,,,,,,,,,,,,,,,,,,,,,,,"",3,69.961,55.943,14.638,0.577,1,0.775,-60.219,-45.522,-31.045,-89.27,0.045,98.136,0,"",2444.272,,,0,""
48,,2,0,1,2,0,1,2,0,1,0,255,15,255,21,2460.56,"_Chun",L,14,78,104,1.043,-0.076,-0.017,2.208,1.181,2.026,-36.663,45.762,85,15,0,0,"",-363.634,319.489,-9.22,0,0,8,"=","=","=","=","=","=","=","=","=",6,R,"Dοpi",180.6,90,0.35,,53,W,Y,0,,,,,,,,,,,,,,,,,,,,,,,,,,,,,0,0,,,,,,,,,,,,,2476.14,,,,,,,,,,,,,,,,,,,,,,,,,0.081,-37.913,0.202,-18.337,-20.302,-46.88,-16.307,-62.467,19.262,-46.1,11.606,-64.685,38.716,-93.911,0.312,-114.355,-44.63,-87.507,,,,"",,,,"",,,,"",,,,"",,,,"",,,,"",,,,"",,,,"",,,,,,,,,,,,,,,,,,,,,,,,,,,,,,,,,,,,,,,,,,,,,,,,,,,,,,,,,,"",0,,,,,,,,,,,,,0,"",2463.259,,,0,""
49,,2,0,1,2,0,2,2,0,1,0,255,15,255,22,2477.889,"_Chun",L,26,79,129,0.089,1.892,-0.418,2.181,-0.061,2.515,-36.663,53.717,85,15,0,1,"",74.711,-200,-14.285,0,0,8,"=","=","=","=","=","=","=","=","=",6,R,"Dοpi",180.6,90,0.35,,53,W,Y,0,,,,,,,,,,,,,,,,,,,,,,,,,,,,,0,0,,,,,,,,,,,,,2490.855,,,,,,,,,,,,,,,,,,,,,,,,,0.012,-37.747,0.028,-18.272,-20.186,-46.286,-16.22,-62.631,18.781,-45.495,12.198,-64.263,38.709,-93.901,0.316,-114.317,-46.957,-89.527,,,,"",,,,"",,,,"",,,,"",,,,"",,,,"",,,,"",,,,"",,,,,,,,,,,,,,,,,,,,,,,,,,,,,,,,,,,,,,,,,,,,,,,,,,,,,,,,,,"",0,,,,,,,,,,,,,0,"",2480.543,,,0,""
50,,2,0,1,2,1,2,2,0,1,0,255,15,255,23,2492.472,"_Chun",L,26,80,130,-0.047,2.025,-0.435,2.181,-0.028,2.598,-36.663,62.444,80,20,0,1,"",14.162,-200,-7.421,0,0,8,"=","=","=","=","=","=","=","=","=",6,R,"Dοpi",180.6,90,0.35,,53,W,Y,0,,,,,,,,,,,,,,,,,,,,,,,,,,,,,0,0,,,,,,,,,,,,,2510.745,,,,,,,,,,,,,,,,,,,,,,,,,0.058,-37.751,0,-18.383,-20.176,-47.156,-15.814,-62.351,18.571,-45.513,12.338,-64.48,38.715,-93.908,-0.134,-115.091,-43.884,-86.621,,,,"",,,,"",,,,"",,,,"",,,,"",,,,"",,,,"",,,,"",,,,,,,,,,,,,,,,,,,,,,,,,,,,,,,,,,,,,,,,,,,,,,,,,,,,,,,,,,"",0,,,,,,,,,,,,,0,"",2495.169,,,0,""
51,,2,0,1,2,2,2,2,0,1,0,255,15,255,24,2511.284,"_Chun",L,14,79,105,-2.787,-0.553,-0.51,2.071,-0.487,1.755,-36.663,51.529,85,15,0,2,"",-359.742,328.584,-3.63,0,0,8,"=","=","=","=","=","=","=","=","=",6,R,"Dοpi",180.6,90,0.35,3,53,W,Y,1,2512.206,79,114,36,96,71,,102,65,-6.445,55.31,-0.505,0.833,-20.785,1,0,0.128,158.486,483.401,295.78,2512.214,-6.05,-24.523,2518.914,2,-41.873,0.057,-47.782,0,0,,,,,,,,,,,,,2517.648,,,,,,,,,,,,,,,,,,,,,,,,,0.012,-37.657,-0.204,-18.613,-20.464,-47.321,-16.479,-60.718,18.454,-45.719,13.146,-64.43,38.716,-93.921,-0.214,-114.473,-44.035,-86.703,-0.325,-37.138,,"TaeGeuk_",-0.313,-18.515,,"檸檬の残骸",-20.514,-47.604,96,"わかなで",-16.87,-60.749,,"MODECO",18.329,-45.754,,"ke ro",13.111,-64.333,,"「론구」",38.636,-93.833,,"Mr․D VRC",-0.213,-114.472,,"ゆっち一",-43.927,-86.786,,2522.394,-0.063,-38.949,,,,2519.219,-41.914,-48.162,,,,,,,,,,,,,,,,,,,,,,,,,2520.54,-36.159,-46.664,,,,,,,,,,,,,,,,,,,"",3,,,,,,,,,,,,,0,"檸檬の残骸",2516.707,,,68,""
52,,2,0,1,2,2,2,2,0,1,0,255,15,255,25,2533.34,"_Chun",L,26,89,140,0.805,0.442,-0.318,2.066,0.313,1.7,-36.663,39.929,85,15,0,0,"",34.878,-163.201,-10.04,0,0,8,"=","=","=","=","=","=","=","=","=",6,R,"Dοpi",180.6,90,0.35,,53,W,Y,0,,,,,,,,,,,,,,,,,,,,,,,,,,,,,0,0,,,,,,,,,,,,,,,2535.664,8,,578,0,,,,,,,,,,,,,,,,,,,0.008,-37.841,0.312,-18.148,-21.563,-48.791,-16.901,-61.791,18.926,-45.235,12.9,-63.707,36.499,-92.285,0.203,-113.389,-45.634,-87.952,,,,"",,,,"",,,,"",,,,"",,,,"",,,,"",,,,"",,,,"",,,,,,,,,,,,,,,,,,,,,,,,,,,,,,,,,,,,,,,,,,,,,,,,,,,,,,,,,,"",0,,,,,,,,,,,,,0,"",,,,0,""
53,SIDE,2,0,1,2,0,0,2,0,1,0,255,15,255,,2537.6,,,,,,,,,,,,,,,,,,,,,,,,0,"=","=","=","=","=","=","=","=","=",,,,,,,,,,,,,,,,,,,,,,,,,,,,,,,,,,,,,,,0,0,,,,,,,,,,,,,,,,,,,,,,,,,,,,,,,,,,,,,,,,,,,,,,,,,,,,,,,,,,,,,,,,,,,,,,,,,,,,,,,,,,,,,,,,,,,,,,,,,,,,,,,,,,,,,,,,,,,,,,,,,,,,,,,,,,,,,,,,,,,,,,,,,"",0,,,,,,,,,,,,,0,"",,,,0,""
54,,3,1,1,2,0,0,0,0,0,0,255,255,255,23,2585.917,"하루（Haru）",R,26,74,125,2.045,0.752,0.473,1.898,0.791,1.828,-36.44,45.731,90,10,0,1,"",64.956,-168.981,4.792,0,0,8,"わかなで","ゆっち一","_Chun","MODECO","「론구」","Mr․D VRC","檸檬の残骸","TaeGeuk_","ke ro",5,R,"ke ro",169.7,80.196,0.397,,53,W,Y,0,,,,,,,,,,,,,,,,,,,,,,,,,,,,,0,0,,,,,,,,,,,,,,,,,,,,,,,,,,,,,,,,,,,,,,-0.091,-37.024,0.177,-17.871,-20.633,-46.144,-14.495,-61.416,23.31,-51.679,8.339,-65.68,43.432,-95.299,-4.592,-113.953,-48.062,-93.433,,,,"",,,,"",,,,"",,,,"",,,,"",,,,"",,,,"",,,,"",,,,,,,,,,,,,,,,,,,,,,,,,,,,,,,,,,,,,,,,,,,,,,,,,,,,,,,,,,"",0,,,,,,,,,,,,,0,"",,,,0,""
55,,3,1,1,2,1,0,0,0,0,0,255,255,255,24,2605.718,"하루（Haru）",R,27,81,132,0.681,-0.791,0.351,1.671,0.223,1.003,-36.44,25.449,52,48,0,2,"",43.672,-142.731,8.857,0,0,8,"=","=","=","=","=","=","=","=","=",5,R,"ke ro",169.7,80.196,0.397,0,53,W,Y,1,2606.761,93,111,43,55,0,,120,74,-13.78,-14.066,0.098,0.527,-19.935,-0.79,0,0.45,-428.459,-65.17,206.637,2606.431,0.546,-21.715,2609.081,5,6.263,0.054,-56.06,0,0,,2611.97,,,,,,,,,,,,,2612.245,8,,147,128,,,,,,,,,,,,,,,,,,,-0.075,-37.007,0.003,-17.805,-20.991,-45.995,-14.428,-61.522,23.398,-51.639,8.289,-65.647,44.26,-95.066,-3.352,-111.515,-45.852,-96.325,-0.029,-36.787,,"Megu3568",0.036,-18.024,,"濃いめのラー油",-20.728,-46.127,84,"Fresh825",-14.424,-61.533,,"Muna_328",23.383,-51.613,,"schmoneymikey",8.313,-65.631,87,"Dοpi",43.999,-95.06,,"うよすま",-3.359,-111.505,,"Sabo_10",-45.826,-96.173,,2614.776,-1.408,-38.374,,,,2611.726,-18.794,-40.021,,,,,,,2609.229,6.316,-56.945,,,,,,,,,,,,,,,,2613.861,-17.53,-40.347,,,,,,,2610.241,1.546,-53.131,,,,,,,,,,"",2,,,,,,,,,,,,,0,"schmoneymikey",,,,176,""
56,,3,1,1,2,0,0,1,0,0,0,255,255,255,25,2637.29,"하루（Haru）",R,26,84,137,-0.332,-0.616,0.252,1.697,-0.239,1.063,-36.44,26.023,44,56,0,0,"",63.173,-190.166,21.314,0,0,0,"=","=","=","=","=","=","=","=","=",3,L,"わかなで",160,94.246,0.2,,53,W,Y,0,,,,,,,,,,,,,,,,,,,,,,,,,,,,,0,0,,,,,,,,,,,,,,,,,,,,,,,,,,,,,,,,,,,,,,-0.126,-37.111,-0.035,-17.616,-21.448,-45.426,-10.017,-60.114,15.714,-40.967,10.15,-55.947,42.624,-84.408,5.098,-108.586,-40.88,-86.226,,,,"",,,,"",,,,"",,,,"",,,,"",,,,"",,,,"",,,,"",,,,2640.496,0.085,-36.641,,,,,,,,,,,,,,,,,,,,,,,,,,,,,,,,,,,,,,,,,,,,,,,,,,,,"",0,,,,,,,,,,,,,0,"",,,,0,""
57,,3,1,1,2,0,1,1,0,0,0,255,255,255,26,2657.424,"하루（Haru）",R,34,78,129,2.492,0.3,0.511,1.853,0.969,1.666,-36.44,53.745,88,12,0,2,"",68.581,-65.113,1.089,0,0,0,"=","=","=","=","=","=","=","=","=",3,L,"わかなで",160,94.246,0.2,3,53,W,Y,1,2658.49,243,122,99,94,81,,145,76,27.381,-58.008,0.46,0.985,-20.971,1,0,0.472,222.239,-210.89,-290.943,2660.564,37.495,-42.328,,,,,,0,0,,,,,,,,,,,,,,,,,,,,,,,,,,,,,,,,,,,,,,-0.055,-37.227,-0.08,-17.63,-21.322,-45.504,-10.049,-60.245,15.674,-40.964,9.646,-54.951,42.717,-83.963,4.875,-108.583,-42.357,-87.478,0.513,-36.827,,"Megu3568",-0.014,-17.68,,"濃いめのラー油",-21.404,-45.368,,"Fresh825",-9.99,-60.001,,"Muna_328",15.664,-40.966,,"schmoneymikey",9.646,-54.927,,"Dοpi",42.71,-83.962,,"うよすま",4.398,-110.659,,"Sabo_10",-42.15,-87.68,,,,,,,,,,,,,,,,,,,,,,,,,,,,,,,,,,,,,,,,,,,,,,,,,,,,,,,,"",3,,,,,,,,,,,,,0,"",,,,0,""
58,,3,1,1,2,0,2,1,0,0,0,255,255,255,27,2683.182,"하루（Haru）",R,3,59,107,3.139,-0.418,0.705,1.779,1.868,1.378,-36.44,79.214,0,100,0,2,"",-278.016,0,8.856,0,0,0,"=","=","=","=","=","=","=","=","=",3,L,"わかなで",160,94.246,0.2,3,45,W,Y,1,2684.372,204,111,105,98,79,,145,117,102.374,59.382,0.606,0.834,-21.259,0.7,0,0.624,194.423,-229.642,-307.62,,,,,,,,,0,0,,,,,,,,,,,,,,,,,,,,,,,,,,,,,,,,,,,,,,-0.006,-37.159,0.196,-17.618,-21.573,-45.363,-10.007,-61.623,18.232,-44.695,9.003,-49.489,44.551,-84.623,5.645,-109.865,-42.571,-87.792,0.158,-37.033,,"Megu3568",0.217,-17.682,,"濃いめのラー油",-21.536,-45.359,,"Fresh825",-11.246,-60.595,,"Muna_328",18.266,-44.639,,"schmoneymikey",8.998,-49.479,,"Dοpi",44.913,-85.085,,"うよすま",5.708,-109.785,,"Sabo_10",-42.579,-87.763,,,,,,,,,,,,,,,,,,,,,,,,,,,,,,,,,,,,,,,,,,,,,,,,,,,,,,,,"",3,,,,,,,,,,,,,0,"",,,,0,""
59,,3,1,1,2,0,2,1,0,0,0,255,255,255,28,2701.495,"하루（Haru）",R,27,84,137,-0.285,-0.684,0.244,1.703,-0.277,1.086,-36.44,28.025,45,55,0,2,"",106.179,-131.813,8.888,0,0,0,"=","=","=","=","=","=","=","=","=",3,L,"わかなで",160,94.246,0.2,3,45,W,Y,1,2702.575,202,54,103,85,63,,145,79,-60.497,-25.136,-0.056,0.632,-19.983,-0.88,0,0.31,-201.927,3.841,11.728,2702.197,0.095,-20.306,2704.814,,9.98,0.334,-41.351,1,0,,2706.751,,,,,,,,,,,,,,,,,,,,,,,,,,,,,,,,,,,,-0.156,-37.103,-0.07,-17.612,-21.106,-45.647,-11.306,-60.749,18.7,-44.026,9.583,-51.349,39.585,-84.334,4.265,-111.456,-42.856,-88.093,0.008,-36.832,,"Megu3568",-0.087,-17.706,,"濃いめのラー油",-20.979,-45.433,,"Fresh825",-9.744,-61.333,,"Muna_328",18.688,-44.001,,"schmoneymikey",9.571,-51.32,95,"Dοpi",39.59,-84.331,,"うよすま",4.403,-110.755,,"Sabo_10",-42.818,-87.972,,2755.591,0.229,-37.761,,,,2707.335,-18.716,-39.91,,,,2705.235,9.985,-40.68,2705.277,9.514,-41.142,,,,,,,,,,,,,,,,,,,,,,,,,2706.051,4.421,-40.553,,,,,,,,,,"",2,,,,,,,,,,,,,0,"썬써니_",,,,240,""
60,,3,1,1,2,0,0,1,1,0,0,3,255,255,29,2760.802,"하루（Haru）",R,26,94,140,-2.71,-1.7,0.018,1.481,-1.329,0.403,-36.44,15.976,43,57,0,1,"",114.68,-200,30.819,-0.636,-18.742,1,"=","=","=","=","=","=","=","=","=",8,L,"ゆっち一",181.4,84,0.401,,72,W,Y,0,,,,,,,,,,,,,,,,,,,,,,,,,,,,,0,0,,,,,,2764.042,,,,,,,,,,,,,,,,,,,,,,,,,,,,,,,,-0.258,-36.912,-0.04,-17.698,-18.345,-39.159,-4.101,-63.597,25.075,-51.366,14.64,-62.573,55.852,-98.344,11.011,-124.926,-43.052,-103.024,,,,"",,,,"",,,,"",,,,"",,,,"",,,,"",,,,"",,,,"",,,,2772.27,-1.295,-37.152,,,,,,,,,,,,,,,,,,,,,,,,,,,,,,,,,,,,,,,,,,,,,,,,,,,,"",0,,,,,,,,,,,,,0,"",2764.042,,,0,""
61,,3,1,1,2,1,0,1,0,1,0,255,3,255,30,2791.58,"하루（Haru）",R,27,69,108,-0.739,-0.313,0.279,1.709,-0.076,1.335,-36.44,43.747,94,6,0,2,"",46.953,-100.588,1.71,0,0,1,"=","=","=","=","=","=","=","=","=",8,L,"ゆっち一",181.4,84,0.401,5,72,W,Y,1,2792.791,255,121,124,61,31,,145,86,-10.139,52.878,0.028,0.901,-20.638,1,0,0.376,-4.271,-454.387,-254.319,2792.531,-3.419,-23.276,,,,,,0,0,,,,,,,,,,,,,2815.067,,,,,,,,,,,,,,,,,,,,,,,,,-0.2,-36.98,-0.108,-17.806,-19.458,-45.122,-6.089,-64.955,22.43,-45.718,14.793,-62.254,55.969,-98.404,8.508,-124.465,-45.514,-100.751,0.049,-36.741,,"Megu3568",-0.124,-17.978,,"濃いめのラー油",-19.346,-44.914,,"Fresh825",-6.065,-64.655,,"Muna_328",22.417,-45.497,,"schmoneymikey",14.608,-61.904,,"Dοpi",55.975,-98.393,,"うよすま",8.358,-124.465,,"Sabo_10",-46.805,-101.509,,,,,,,,,,,,,,,,,,,,,,,,,,,,,,,,,,,,,,,,,,,,,,,,,,,,,,,,"",3,53.635,47.508,4.1,0,1,0.951,-17.643,-10.139,-32.726,-71.728,0.021,78.694,0,"",2796.533,,,0,""
62,,3,1,1,2,1,1,1,0,1,0,255,3,255,31,2815.805,"하루（Haru）",R,27,71,110,-0.096,1.012,0.245,1.922,-0.181,1.815,-36.44,49.096,90,10,0,2,"",47.545,-100.302,3.818,0,0,1,"=","=","=","=","=","=","=","=","=",8,L,"ゆっち一",181.4,84,0.401,0,72,W,Y,1,2816.989,245,172,87,91,34,,145,131,-11.409,0.758,-0.038,1.159,-20.388,0.5,0,0.361,-158.872,-353.025,73.347,2816.747,-0.085,-25.556,,,,,,1,0,,2822.33,2827.129,,,,,,2822.323,2827.069,,,,,,,,,,,,,,,,,,,,,,,,,,,,-0.164,-37.082,-0.067,-17.779,-20.331,-43.815,-6.354,-64.149,23.043,-45.956,14.461,-62.888,56.997,-100.023,6.119,-123.648,-42.484,-99.466,0.437,-36.886,,"Megu3568",-0.15,-18.041,,"濃いめのラー油",-20.297,-43.77,,"Fresh825",-5.809,-63.973,,"Muna_328",22.943,-45.747,,"schmoneymikey",14.446,-62.761,,"Dοpi",57.028,-100.002,,"うよすま",6.548,-123.613,,"Sabo_10",-42.467,-99.426,,,,,,,,,,,,,,,,,,,,,,,,,,,,,,,,,,,,,,,,,,,,,,,,,,,,,,,,"",0,,,,,,,,,,,,,0,"",2827.129,2822.323,2827.069,0,""
63,,3,1,2,2,0,0,1,0,1,0,255,8,255,32,2934.193,"하루（Haru）",R,26,84,137,-1.916,-0.74,0.115,1.65,-0.873,1.004,-36.44,18.648,45,55,0,2,"",26.075,-154.293,24.447,0,0,2,"=","=","=","=","=","=","=","=","=",0,L,"_Chun",190,80,0.455,5,53,W,Y,1,2935.164,255,121,144,66,57,,145,108,-9.717,16.468,-0.363,0.713,-20.106,-0.06,0,0.428,406.062,-429.434,52.948,2934.797,-1.374,-23.573,2939.114,8,-26.319,0.056,-92.875,1,0,,2940.991,,,,,,,2939.158,2944.276,,,,,,,,,,,,,,,,,,,,,,,,,,,,-0.15,-37.172,-0.071,-17.671,-21.486,-46.598,-4.872,-63.736,22.823,-47.096,16.426,-61.15,56.193,-99.948,7.689,-124.242,-44.472,-96.952,-0.259,-36.774,,"Megu3568",-0.182,-17.772,,"濃いめのラー油",-20.26,-45.742,,"Fresh825",-4.797,-63.471,,"Muna_328",22.858,-47.038,,"schmoneymikey",16.964,-60.014,,"Dοpi",56.198,-99.941,,"うよすま",7.631,-124.222,,"Sabo_10",-45.117,-96.207,107,2981.246,0.301,-37.934,2944.86,0.006,-20.217,,,,,,,,,,,,,,,,,,,2939.566,-26.916,-93.129,,,,,,,,,,,,,,,,,,,,,,,,,2941.818,-21.29,-82.584,"",2,18.031,18.031,-11.75,0,0,1,-9.717,-9.717,-19.945,-9.717,0,31.63,0,"Sabo_10",,2939.158,2944.276,22,""
64,,3,1,3,2,0,0,1,1,0,0,0,255,255,33,2984.565,"하루（Haru）",R,26,92,127,-3.008,-0.974,-0.156,1.475,-1.425,0.844,-36.44,6.163,48,52,0,1,"",79.686,-160.717,23.887,0,0,3,"=","=","=","=","=","=","=","=","=",4,R,"MODECO",190,85,0.447,,53,W,Y,0,,,,,,,,,,,,,,,,,,,,,,,,,,,,,0,0,,,,,,,,,,,,2984.981,,,,,,,,,,,,,,,,,,,,,,,,,,-0.334,-37.013,0,-17.514,-18.778,-39.149,-16.236,-63.394,24.406,-52.467,7.946,-64.264,42.643,-105.821,-8.838,-125.071,-47.905,-99.089,,,,"",,,,"",,,,"",,,,"",,,,"",,,,"",,,,"",,,,"",,,,2991.82,-0.863,-38.957,,,,,,,,,,,,,,,,,,,,,,,,,,,,,,,,,,,,,,,,,,,,,,,,,,,,"",0,,,,,,,,,,,,,0,"",,,,0,""
65,,3,1,3,2,1,0,1,1,0,0,0,255,255,34,3005.289,"하루（Haru）",R,26,79,129,1.463,0.166,0.41,1.821,0.497,1.559,-36.44,39.774,88,12,0,2,"",86.648,-155.667,6.734,0,0,3,"=","=","=","=","=","=","=","=","=",4,R,"MODECO",190,85,0.447,3,53,W,Y,1,3006.41,220,120,133,79,50,,145,99,52.938,16.087,0.271,1.095,-20.587,-0.4,0,0.478,354.763,424.697,181.004,,,,3012.197,3,-26.587,3.019,-79.328,0,0,,3012.623,,,,,,,,,,3042.147,,,3012.676,3,,452,0,,,,,,,,,,,,,,,,,,,-0.144,-36.91,-0.024,-17.458,-18.675,-39.425,-16.241,-63.433,24.654,-52.062,7.773,-64.284,44.086,-104.596,-5.82,-122.999,-46.242,-99.735,0.112,-36.754,,"Megu3568",0.053,-18.043,,"濃いめのラー油",-17.984,-40.118,,"Fresh825",-16.175,-63.155,79,"Muna_328",24.603,-51.858,,"schmoneymikey",6.579,-64.029,,"Dοpi",45.029,-103.816,,"うよすま",-6.183,-122.517,,"Sabo_10",-46.66,-100.059,,3024.198,2.193,-41.511,,,,,,,3012.689,-26.543,-79.55,,,,,,,,,,,,,,,,,,,,,,,,,3022.608,-15.044,-61.098,,,,,,,,,,,,,,,,"",1,,,,,,,,,,,,,0,"Fresh825",,,,24,""
66,,3,1,3,2,0,0,2,1,0,0,0,255,255,35,3044.581,"하루（Haru）",R,26,84,136,0.856,-0.326,0.359,1.727,0.261,1.233,-36.44,35.188,93,7,0,0,"",73.109,-184.431,7.394,0,0,4,"=","=","=","=","=","=","=","=","=",6,R,"「론구」",179.9,80,0.8,,53,W,Y,0,,,,,,,,,,,,,,,,,,,,,,,,,,,,,0,0,,,,,,,,,,,,3057.325,,,,,,,,,,,,,,,,,,,,,,,,,,-0.152,-36.935,0.182,-17.785,-18.901,-39.285,-16.237,-63.08,25.186,-51.559,6.996,-64.951,39.802,-96.723,-4.76,-115.817,-46.367,-95.858,,,,"",,,,"",,,,"",,,,"",,,,"",,,,"",,,,"",,,,"",,,,3052.302,-0.464,-38.08,,,,,,,,,,,,,,,,,,,,,,,,,,,,,,,,,,,,,,,,,,,,,,,,,,,,"",0,,,,,,,,,,,,,0,"",,,,0,""
67,,3,1,3,2,0,1,2,1,0,0,0,255,255,36,3068.794,"하루（Haru）",R,27,75,126,2.67,0.772,0.527,1.933,1.04,1.938,-36.44,52.991,89,11,0,2,"",70.489,-113.191,3.188,0,0,4,"=","=","=","=","=","=","=","=","=",6,R,"「론구」",179.9,80,0.8,5,53,W,Y,1,3069.919,162,51,83,59,48,,144,90,57.609,43.328,0.495,1.197,-19.955,-0.77,0,0.382,298.708,243.083,-427.159,3075.647,-35.476,-55.034,3075.831,3,-34.543,2.8,-54.24,0,0,,3075.49,,,,3074.472,,,,,,,,,3076.229,4,,452,0,,,,,,,,,,,,,,,,,,,-0.098,-37.018,-0.013,-17.722,-18.631,-39.364,-16.254,-63.076,25.117,-51.391,7.598,-64.995,39.382,-96.774,-6.117,-116.142,-45.951,-97.536,0.426,-36.896,,"Megu3568",0.031,-17.853,,"濃いめのラー油",-18.82,-41.221,,"Fresh825",-16.173,-62.842,,"Muna_328",25.189,-51.324,,"schmoneymikey",7.58,-64.898,,"Dοpi",38.95,-97.1,,"うよすま",-6.676,-116.077,,"Sabo_10",-45.969,-97.537,,,,,,,,,,,3076.243,-34.823,-54.421,,,,,,,,,,,,,,,,,,,,,,,,,,,,,,,,,,,,,,,,,,,"",1,43.191,43.191,13.199,0,2,0.149,68.558,57.609,-5.342,69.31,0.068,114.271,0,"Fresh825",3074.472,,,8,""
68,SIDE,3,1,3,2,0,0,2,0,1,0,255,0,255,,3080.486,,,,,,,,,,,,,,,,,,,,,,,,5,"=","=","=","=","=","=","=","=","=",,,,,,,,,,,,,,,,,,,,,,,,,,,,,,,,,,,,,,,0,0,,,,,,,,,,,,,,,,,,,,,,,,,,,,,,,,,,,,,,,,,,,,,,,,,,,,,,,,,,,,,,,,,,,,,,,,,,,,,,,,,,,,,,,,,,,,,,,,,,,,,,,,,,,,,,,,,,,,,,,,,,,,,,,,,,,,,,,,,,,,,,,,,"",0,,,,,,,,,,,,,0,"",,,,0,""
69,,3,0,3,2,0,0,0,0,0,0,255,255,255,26,3130.295,"_Chun",L,26,83,135,1.839,0.643,-0.251,2.071,0.65,1.767,-36.663,42.862,79,21,0,2,"",111.089,-193.543,-14.069,0,0,0,"うよすま","Megu3568","Sabo_10","Fresh825","하루（Haru）","濃いめのラー油","Muna_328","schmoneymikey","Dοpi",7,R,"うよすま",175.4,84.991,0.5,5,44,W,Y,1,3131.305,132,73,115,18,0,,138,88,46.091,50.005,0.391,1.062,-19.292,-0.6,0,0.287,348.859,35.541,-486.861,3136.447,-47.027,-58.807,,,,,,0,0,,3137.111,,,,,,,,,,,,,,,,,,,,,,,,,,,,,,,,,,,,0.079,-37.638,0.066,-17.933,-20.814,-46.832,-17.071,-61.794,19.646,-45.871,11.834,-64.689,38.697,-93.979,0.42,-119.112,-46.175,-86.784,-0.264,-36.944,,"TaeGeuk_",0.191,-17.973,,"檸檬の残骸",-20.91,-46.954,,"わかなで",-17.595,-62.687,,"MODECO",19.755,-45.783,,"ke ro",12.088,-63.844,,"「론구」",38.694,-93.978,,"Mr․D VRC",0.318,-115.91,,"ゆっち一",-46.169,-86.785,,,,,,,,,,,,,,,,,,,,,,,,,,,,,,,,,,,,,,,,,,,,,,,,,,,,,,,,"",3,47.512,45.316,2.143,0,0,1,46.091,46.091,26.718,46.091,0,71.745,0,"",,,,0,""
70,,3,0,3,2,0,1,0,0,0,0,255,255,255,27,3162.158,"_Chun",L,10,83,110,-0.352,-1.375,-0.548,2.023,-0.26,1.366,-36.663,48.832,80,20,0,2,"",65.325,400,0.166,0,0,0,"=","=","=","=","=","=","=","=","=",7,R,"うよすま",175.4,84.991,0.5,3,44,W,Y,1,3163.19,255,156,123,129,38,,145,82,-0.779,40.012,-0.109,0.702,-21.678,1,0,0.629,-53.545,230.245,-122.337,3163.114,-7.236,-30.033,3164.614,2,-20.279,0.06,-46.332,0,0,,,,,,,,,,,,,,,3167.342,0,,147,0,,,,,,,,,,,3166.772,2,,,,,,,-0.042,-37.709,0.048,-18.024,-21.188,-48.486,-16.826,-61.616,19.387,-45.783,12.585,-64.048,39.246,-94.274,0.091,-116.792,-46.154,-86.26,-0.364,-37.052,,"TaeGeuk_",0.026,-18.019,,"檸檬の残骸",-21.721,-49.081,85,"わかなで",-17.71,-62.811,,"MODECO",19.377,-45.8,,"ke ro",12.476,-64.033,,"「론구」",39.263,-94.425,,"Mr․D VRC",0.098,-116.818,,"ゆっち一",-46.152,-86.262,,3169.403,-0.435,-38.152,,,,3165.168,-20.988,-47.014,,,,,,,,,,,,,,,,,,,,,,,,,3168.342,-17.971,-39.966,,,,,,,,,,,,,,,,,,,"",2,,,,,,,,,,,,,0,"檸檬の残骸",,,,68,""
71,,3,0,3,2,0,0,1,0,0,0,255,255,255,28,3188.577,"_Chun",L,14,88,111,-2.057,-1.386,-0.458,1.812,-0.208,1.189,-36.663,32.579,87,13,0,1,"",-362.075,344.821,-27.575,0,0,1,"=","=","=","=","=","=","=","=","=",1,R,"Megu3568",190,88.251,0.405,,53,W,Y,0,,,,,,,,,,,,,,,,,,,,,,,,,,,,,0,0,,,,,,,,,,,,,,,,,,,,,,,,,,,,,,,,,,,,,,-0.017,-37.645,-0.493,-18.344,-20.987,-47.719,-16.261,-62.046,19.038,-46.229,13.89,-64.103,39.252,-89.339,0.987,-116.55,-49.114,-93.117,,,,"",,,,"",,,,"",,,,"",,,,"",,,,"",,,,"",,,,"",,,,3193.665,0.353,-37.898,,,,,,,,,,,,,,,,,,,,,,,,,,,,,,,,,,,,,,,,,,,,,,,,,,,,"",0,,,,,,,,,,,,,0,"",,,,0,""
72,,3,0,3,2,1,0,1,0,0,0,255,255,255,29,3208.562,"_Chun",L,26,91,140,0.853,0.384,-0.336,2.052,0.319,1.66,-36.663,46.953,81,19,0,2,"",46.539,-200,-8.386,0,0,1,"=","=","=","=","=","=","=","=","=",1,R,"Megu3568",190,88.251,0.405,3,53,W,Y,1,3209.533,255,74,120,116,18,,145,105,0.258,38.262,0.092,1.131,-19.993,-0.09,0,0.539,216.877,546.124,-70.945,3209.781,-14.28,-37.226,3210.497,2,-20.966,0.076,-44.399,0,0,,,,,,,,,,,,,,,3213.134,1,,147,0,,,,,,,,,,,3212.611,2,,,,,,,0.051,-37.803,0.011,-18.157,-21.478,-47.942,-16.154,-62.591,19.393,-46.043,13.39,-63.998,39.258,-89.335,-0.086,-115.547,-50.306,-94.376,-0.159,-37.149,,"TaeGeuk_",0.028,-18.15,,"檸檬の残骸",-21.464,-47.894,85,"わかなで",-16.88,-62.911,,"MODECO",19.295,-46.002,,"ke ro",13.381,-63.973,,"「론구」",39.256,-89.329,,"Mr․D VRC",-0.042,-115.507,,"ゆっち一",-50.007,-93.961,,3215.227,-0.394,-38.243,,,,3211.092,-21.628,-45.577,,,,,,,,,,,,,,,,,,,,,,,,,3214.16,-17.888,-39.583,,,,,,,,,,,,,,,,,,,"",2,,,,,,,,,,,,,0,"檸檬の残骸",,,,68,""
73,,3,0,3,2,0,0,2,0,0,0,255,255,255,30,3233.424,"_Chun",L,14,85,124,-1.005,-0.691,-0.35,2.019,0.142,1.557,-36.663,40.533,80,20,0,0,"",-359.993,346.994,-26.956,0,0,2,"=","=","=","=","=","=","=","=","=",8,L,"Sabo_10",185.3,88,0.452,,53,W,Y,1,,,,,,,,,,,,,,,,,,,,,,,,,,,,,0,0,,,,,,,,,,,,,,,,,,,,,,,,,,,,,,,,,,,,,,0.004,-37.689,-0.391,-18.259,-21.697,-47.522,-15.016,-62.651,20.296,-46.422,14.465,-63.639,48.3,-103.116,2.585,-114.057,-47.526,-88.066,,,,"",,,,"",,,,"",,,,"",,,,"",,,,"",,,,"",,,,"",,,,3237.801,0.163,-37.642,,,,,,,,,,,,,,,,,,,,,,,,,,,,,,,,,,,,,,,,,,,,,,,,,,,,"",0,,,,,,,,,,,,,0,"",,,,0,""
74,,3,0,3,2,0,1,2,0,0,0,255,255,255,31,3252.618,"_Chun",L,14,81,106,1.834,-0.373,0.084,2.119,1.52,1.826,-36.663,40.063,86,14,0,2,"",-370.152,320.082,-15.807,0,0,2,"=","=","=","=","=","=","=","=","=",8,L,"Sabo_10",185.3,88,0.452,3,53,W,Y,1,3253.537,255,123,129,111,109,,145,85,105.78,81.819,0.358,1.033,-21.601,1,0,0.264,-17.235,-37.723,-58.377,,,,,,,,,0,0,,,,,,,,,,,,,,,,,,,,,,,,,,,,,,,,,,,,,,0.217,-37.659,-0.46,-18.183,-22.189,-47.782,-15.169,-62.677,20.441,-46.183,15.355,-63.164,48.231,-103.169,2.589,-114.037,-46.677,-88.315,0.053,-37.037,,"TaeGeuk_",-0.293,-18.2,,"檸檬の残骸",-22.122,-48.29,,"わかなで",-14.874,-63.426,,"MODECO",20.419,-46.202,,"ke ro",15.454,-64.503,,"「론구」",48.074,-103.004,,"Mr․D VRC",2.587,-114.045,,"ゆっち一",-46.659,-88.317,,,,,,,,,,,,,,,,,,,,,,,,,,,,,,,,,,,,,,,,,,,,,,,,,,,,,,,,"",3,,,,,,,,,,,,,0,"",,,,0,""
75,,3,0,3,2,0,2,2,0,0,0,255,255,255,32,3271.236,"_Chun",L,26,93,140,0.411,-1.268,-0.399,1.804,0.149,0.643,-36.663,30.444,87,13,0,2,"",31.384,-193.515,-11.454,0,0,2,"=","=","=","=","=","=","=","=","=",8,L,"Sabo_10",185.3,88,0.452,3,53,W,Y,1,3272.068,179,125,92,107,46,,145,85,-30,15.976,0.061,0.582,-20.909,1,0,0.656,-472.239,-202.421,129.164,3271.514,-0.195,-21.806,3273.897,3,-10.233,0.063,-57.154,0,0,,,,,,,,,,,,,,,3276.693,2,,147,1,,,,,,,,,,,,,,,,,,,-0.014,-37.699,-0.004,-18.202,-21.314,-47.528,-13.683,-63.715,20.517,-46.361,16.861,-62.691,49.003,-103.962,3.815,-115.49,-44.106,-87.539,-0.284,-36.945,,"TaeGeuk_",0.026,-18.215,,"檸檬の残骸",-21.647,-48.017,,"わかなで",-13.374,-64.571,95,"MODECO",20.43,-46.287,,"ke ro",16.957,-64.076,,"「론구」",48.863,-103.818,,"Mr․D VRC",3.815,-115.478,,"ゆっち一",-44.257,-87.92,,,,,,,,3276.112,-19.172,-40.32,3274.494,-10.625,-58.53,,,,,,,,,,,,,,,,,,,,,,,,,3275.245,-12.157,-54.63,,,,,,,,,,,,,,,,"",2,,,,,,,,,,,,,0,"わかなで",,,,65,""
76,SIDE,3,0,3,2,0,0,2,0,0,0,255,255,255,,3278.168,,,,,,,,,,,,,,,,,,,,,,,,3,"=","=","=","=","=","=","=","=","=",,,,,,,,,,,,,,,,,,,,,,,,,,,,,,,,,,,,,,,0,0,,,,,,,,,,,,,,,,,,,,,,,,,,,,,,,,,,,,,,,,,,,,,,,,,,,,,,,,,,,,,,,,,,,,,,,,,,,,,,,,,,,,,,,,,,,,,,,,,,,,,,,,,,,,,,,,,,,,,,,,,,,,,,,,,,,,,,,,,,,,,,,,,"",0,,,,,,,,,,,,,0,"",,,,0,""
77,,4,1,3,2,0,0,0,0,0,0,255,255,255,37,3337.042,"하루（Haru）",R,27,75,126,0.903,-0.077,0.381,1.778,0.361,1.403,-36.44,29.385,50,50,0,0,"",13.462,-139.836,12.022,0,0,5,"わかなで","ゆっち一","_Chun","MODECO","「론구」","Mr․D VRC","檸檬の残骸","TaeGeuk_","ke ro",7,R,"Mr․D VRC",177.1,92.352,0.432,,52,W,Y,0,,,,,,,,,,,,,,,,,,,,,,,,,,,,,0,0,,,,,,,,,,,,,,,,,,,,,,,,,,,,,,,,,,,,,,-0.094,-37.005,-0.004,-17.596,-21.622,-46.157,-17.408,-62.569,25.066,-51.676,8.828,-65.434,45.724,-96.22,-5.292,-115.68,-46.109,-94.558,,,,"",,,,"",,,,"",,,,"",,,,"",,,,"",,,,"",,,,"",,,,,,,,,,,,,,,,,,,,,,,,,,,,,,,,,,,,,,,,,,,,,,,,,,,,,,,,,,"",0,,,,,,,,,,,,,0,"",,,,0,""
78,,4,1,3,2,0,1,0,0,0,0,255,255,255,38,3356.473,"하루（Haru）",R,26,86,139,1.032,-0.156,0.368,1.762,0.303,1.348,-36.44,32.432,39,61,0,2,"",100.642,-169.222,7.431,0,0,5,"=","=","=","=","=","=","=","=","=",7,R,"Mr․D VRC",177.1,92.352,0.432,0,52,W,Y,1,3357.555,76,59,97,61,28,,120,82,27.735,39.52,0.188,0.849,-19.742,-0.47,0,0.102,180.885,9.107,-213.604,3361.047,-40.883,-69.511,3362.297,8,-46.476,0.383,-76.245,1,0,,3362.829,,,,,,,,,,,,,,,,,,,,,,,,,,,,,,,,,,,,-0.108,-36.98,-0.007,-17.596,-21.5,-46.13,-17.12,-62.445,24.982,-51.784,8.759,-65.243,45.724,-96.082,-4.642,-116.744,-48.139,-96.923,0.092,-36.692,,"Megu3568",-0.015,-17.606,,"濃いめのラー油",-21.577,-46.093,,"Fresh825",-17.139,-62.489,,"Muna_328",25.044,-51.695,,"schmoneymikey",8.747,-65.211,,"Dοpi",44.808,-96.679,,"うよすま",-4.718,-116.709,,"Sabo_10",-48.674,-97.738,89,3369.967,-4.522,-41.741,,,,,,,,,,,,,,,,,,,,,,3362.94,-46.97,-77.378,,,,,,,,,,,,,,,,,,,,,,,,,3367.472,-39.687,-72.197,"",2,,,,,,,,,,,,,0,"Sabo_10",,,,20,""
79,,4,1,3,2,0,0,0,1,0,0,7,255,255,39,3388.829,"하루（Haru）",R,3,60,105,-0.935,-0.215,0.38,1.798,0.358,1.483,-36.44,54.264,57,43,0,2,"",-403.581,0,9.718,0,0,6,"=","=","=","=","=","=","=","=","=",2,L,"檸檬の残骸",190,80,0.409,3,45,W,Y,1,3390.041,255,219,31,36,40,,120,72,-34.478,-44.468,-0.148,0.974,-20.796,-1,0,0.956,150.327,232.416,-61.362,3389.447,1.126,-22.1,3391.897,4,22.244,0.055,-42.972,1,0,,3395.22,,,,3395.03,,,,,,3389.029,,,3394.849,5,1,164,64,,,,,,,,,,,,,,,,,,,-0.215,-36.919,-0.092,-17.731,-19.1,-41.245,-6.443,-65.977,25.321,-49.495,12.996,-63.766,55.001,-100.621,4.264,-124.659,-45.911,-94.029,-0.262,-37.091,,"Megu3568",-0.1,-17.802,,"濃いめのラー油",-19.144,-42.581,75,"Fresh825",-6.394,-65.682,120,"Muna_328",25.317,-49.614,97,"schmoneymikey",12.985,-63.673,,"Dοpi",55.493,-99.739,,"うよすま",4.541,-124.644,,"Sabo_10",-45.885,-93.991,,3403.216,-0.918,-37.723,,,,3396.039,-18.788,-40.269,3394.315,0.699,-58.809,3392.5,22.329,-43.271,,,,,,,,,,,,,,,,,,,3402.114,-17.01,-39.261,3394.988,-2.781,-56.956,3393.111,19.331,-44.294,,,,,,,,,,,,,"",2,,,,,,,,,,,,,0,"Muna_328",3395.03,,,120,""
80,,4,1,3,2,0,0,1,1,0,0,2,255,255,40,3426.482,"하루（Haru）",R,28,79,129,0.26,-1.579,0.323,1.544,0.09,0.586,-36.44,23.137,57,43,0,2,"",8.72,-87.029,10.305,0,0,7,"=","=","=","=","=","=","=","=","=",1,R,"TaeGeuk_",176.6,82,0.365,3,68,W,Y,1,3427.317,0,0,0,0,0,,0,42,25.934,23.452,0.052,0.451,-20.666,0.73,0,0.108,72.608,-380.3,297.199,3428.747,-7.053,-39.209,3430.831,3,-11.861,0.059,-47.334,0,64,,3432.605,,,,3433.368,,,,,,,,,,,,,,,,,,,,,,,,,,,,,,,,-0.043,-36.945,-0.015,-17.603,-18.454,-39.288,-15.496,-63.475,20.306,-48.074,7.317,-65.469,39.345,-93.535,-4.051,-115.494,-44.689,-93.781,-0.103,-36.662,,"Megu3568",-0.066,-17.81,,"濃いめのラー油",-18.219,-39.818,,"Fresh825",-15.374,-63.26,103,"Muna_328",20.32,-48.055,,"schmoneymikey",7.312,-65.456,,"Dοpi",38.843,-93.272,,"うよすま",-4.226,-115.707,,"Sabo_10",-44.716,-93.992,,3505.342,-0.051,-37.889,,,,,,,3431.553,-11.931,-48.502,,,,3432.968,-0.711,-58.43,,,,,,,,,,,,,,,,,,,3432.271,-8.613,-49.84,,,,,,,,,,,,,,,,"",3,,,,,,,,,,,,,0,"Fresh825",3433.368,,,152,""
81,,4,1,3,2,0,0,2,1,0,0,2,255,255,41,3510.55,"하루（Haru）",R,26,83,135,1.014,0.098,0.369,1.801,0.307,1.475,-36.44,35.256,49,51,0,2,"",88.416,-173.121,8.041,0,0,8,"=","=","=","=","=","=","=","=","=",5,R,"ke ro",169.7,80.196,0.397,0,52,W,Y,1,3511.5,113,74,49,38,0,,123,73,-16.935,-7.66,0.185,0.905,-19.941,-1,0,0.482,-125.553,-285.399,69.872,3510.914,0.548,-22.574,3512.131,0,2.393,0.261,-35.637,0,0,,,,,,,,,,,,,,,3515.662,8,,147,16,,,,,,,,,,,,,,,,,,,-0.172,-36.943,-0.02,-17.59,-19.394,-41.542,-14.895,-60.616,19.638,-47.201,7.122,-65.917,42.225,-88.548,-4.235,-113.375,-47.334,-91.35,0.107,-36.816,120,"Megu3568",-0.02,-17.61,,"濃いめのラー油",-20.676,-43.244,,"Fresh825",-14.836,-60.36,,"Muna_328",19.626,-47.136,,"schmoneymikey",7.153,-65.838,,"Dοpi",42.946,-89.019,,"うよすま",-4.66,-113.341,,"Sabo_10",-47.321,-91.397,,3512.736,2.412,-36.427,,,,3515.13,-18.589,-39.407,,,,,,,,,,,,,,,,,,,3514.227,0.105,-36.964,,,,,,,,,,,,,,,,,,,,,,,,,"",2,,,,,,,,,,,,,0,"하루（Haru）",,,,48,""
82,SIDE,4,1,3,2,0,0,2,1,0,0,2,255,255,,3517.456,,,,,,,,,,,,,,,,,,,,,,,,0,"=","=","=","=","=","=","=","=","=",,,,,,,,,,,,,,,,,,,,,,,,,,,,,,,,,,,,,,,0,0,,,,,,,,,,,,,,,,,,,,,,,,,,,,,,,,,,,,,,,,,,,,,,,,,,,,,,,,,,,,,,,,,,,,,,,,,,,,,,,,,,,,,,,,,,,,,,,,,,,,,,,,,,,,,,,,,,,,,,,,,,,,,,,,,,,,,,,,,,,,,,,,,"",0,,,,,,,,,,,,,0,"",,,,0,""
83,,4,0,3,2,0,0,0,0,0,0,255,255,255,33,3561.401,"_Chun",L,14,81,118,-2.298,-0.451,-0.453,2.139,-0.347,1.7,-36.663,54.048,78,22,0,2,"",-376.112,329.454,-12.688,0,0,3,"うよすま","Megu3568","Sabo_10","Fresh825","하루（Haru）","濃いめのラー油","Muna_328","schmoneymikey","Dοpi",3,L,"Fresh825",190,80,0.2,0,52,W,Y,1,3562.452,224,124,141,170,100,,145,102,-48.729,45.358,-0.414,0.903,-20.813,-0.49,0,0.175,-318.406,151.342,260.781,3561.764,-1.159,-21.548,3563.614,2,-21.119,2.873,-41.202,0,0,,,,,,,,,,,,,,,3565.643,3,,147,0,,,,,,,,,,,3565.115,2,,,,,,,0.035,-37.756,0.381,-17.988,-20.549,-46.659,-15.12,-63.301,19.701,-46.57,14.284,-63.438,47.127,-100.657,1.396,-114.716,-41.204,-89.22,-0.409,-37.136,,"TaeGeuk_",-0.22,-18.111,,"檸檬の残骸",-20.555,-46.658,85,"わかなで",-14.675,-64.867,,"MODECO",19.635,-46.612,,"ke ro",12.321,-63.866,,"「론구」",47.127,-100.643,,"Mr․D VRC",1.407,-114.542,,"ゆっち一",-39.7,-89.253,,3567.984,-0.343,-38.412,,,,3564.283,-21.413,-42.013,,,,,,,,,,,,,,,,,,,,,,,,,3566.915,-17.932,-39.748,,,,,,,,,,,,,,,,,,,"",2,,,,,,,,,,,,,0,"檸檬の残骸",,,,68,""
84,,4,0,3,2,0,0,1,0,0,0,255,255,255,34,3589.153,"_Chun",L,14,81,119,-1.414,-0.647,-0.423,2.082,0.037,1.566,-36.663,45.592,80,20,0,0,"",-380.324,324.583,-15.93,0,0,4,"=","=","=","=","=","=","=","=","=",0,L,"하루（Haru）",190,85.172,0.403,,52,W,Y,0,,,,,,,,,,,,,,,,,,,,,,,,,,,,,0,0,,,,,,,,,,,,,,,,,,,,,,,,,,,,,,,,,,,,,,-0.015,-37.625,-0.219,-18.084,-20.581,-46.362,-16.003,-62.41,21.315,-46.674,12.143,-64.588,50.403,-97.873,2.166,-117.523,-47.877,-90.915,,,,"",,,,"",,,,"",,,,"",,,,"",,,,"",,,,"",,,,"",,,,3594.378,0.051,-37.663,,,,,,,,,,,,,,,,,,,,,,,,,,,,,,,,,,,,,,,,,,,,,,,,,,,,"",0,,,,,,,,,,,,,0,"",,,,0,""
85,,4,0,3,2,0,1,1,0,0,0,255,255,255,35,3606.222,"_Chun",L,26,85,137,-0.013,0.793,-0.41,2.035,-0.091,1.916,-36.663,41.212,84,16,0,0,"",69.501,-200,-16.564,0,0,4,"=","=","=","=","=","=","=","=","=",0,L,"하루（Haru）",190,85.172,0.403,,52,W,Y,1,,,,,,,,,,,,,,,,,,,,,,,,,,,,,0,0,,,,,,,,,,,,,,,,,,,,,,,,,,,,,,,,,,,,,,0,-37.72,-0.035,-18.179,-20.356,-46.349,-15.738,-61.69,21.403,-46.77,12.29,-64.895,50.398,-97.877,2.751,-115.794,-45.646,-89.457,,,,"",,,,"",,,,"",,,,"",,,,"",,,,"",,,,"",,,,"",,,,3611.211,0.421,-37.596,,,,,,,,,,,,,,,,,,,,,,,,,,,,,,,,,,,,,,,,,,,,,,,,,,,,"",0,,,,,,,,,,,,,0,"",,,,0,""
86,,4,0,3,2,0,2,1,0,0,0,255,255,255,36,3626.121,"_Chun",L,14,84,108,0.816,-0.016,-0.056,2.183,1.094,2.014,-36.663,45.069,85,15,0,0,"",-383.336,312.348,-23.89,0,0,4,"=","=","=","=","=","=","=","=","=",0,L,"하루（Haru）",190,85.172,0.403,,52,W,Y,0,,,,,,,,,,,,,,,,,,,,,,,,,,,,,0,0,,,,,,,,,,,,,,,3628.838,4,,578,0,,,,,,,,,,,,,,,,,,,0.146,-37.818,-0.446,-18.014,-20.906,-46.33,-15.758,-62.78,21.41,-46.788,11.457,-64.397,50.393,-97.895,2.779,-115.87,-46.21,-89.812,,,,"",,,,"",,,,"",,,,"",,,,"",,,,"",,,,"",,,,"",,,,3631.22,0.107,-37.732,,,,,,,,,,,,,,,,,,,,,,,,,,,,,,,,,,,,,,,,,,,,,,,,,,,,"",0,,,,,,,,,,,,,0,"",,,,0,""
87,,4,0,3,2,0,0,2,0,0,0,255,255,255,37,3649.742,"_Chun",L,10,67,98,-0.055,-1.516,-0.435,1.934,-0.012,1.278,-36.663,36.043,92,8,0,1,"",0,400,1.531,0.04,-18.532,5,"=","=","=","=","=","=","=","=","=",2,L,"濃いめのラー油",190,80,0.8,,52,W,Y,0,,,,,,,,,,,,,,,,,,,,,,,,,,,,,0,0,,,,,,,,,,,,,,,,,,,,,,,,,,,,,,,,,,,,,,-0.033,-37.563,0.053,-17.966,-20.735,-47.356,-14.254,-62.731,21.273,-46.724,11.639,-64.533,50.382,-97.896,3.035,-118.489,-44.999,-84.496,,,,"",,,,"",,,,"",,,,"",,,,"",,,,"",,,,"",,,,"",,,,3655.555,-0.122,-37.756,,,,,,,,,,,,,,,,,,,,,,,,,,,,,,,,,,,,,,,,,,,,,,,,,,,,"",0,,,,,,,,,,,,,0,"",,,,0,""
88,,4,0,3,2,1,0,2,0,0,0,255,255,255,38,3667.216,"_Chun",L,26,89,140,1.299,0.959,-0.491,1.894,-0.279,1.276,-36.663,33.728,83,17,0,2,"",49.249,-200,-13.592,0,0,5,"=","=","=","=","=","=","=","=","=",2,L,"濃いめのラー油",190,80,0.8,0,52,W,Y,1,3668.31,255,24,74,94,22,,145,98,-77.553,-23.816,-0.125,0.718,-20.051,-0.7,0,0.142,-306.615,128.19,405.917,3667.597,-0.06,-20.196,3670.631,0,5.781,3.738,-33.156,0,32,,3673.746,,,,,,,,,,,,,3673.564,5,,147,4,,,,,,,,,,,,,,,,,,,-0.044,-37.545,-0.024,-17.89,-20.575,-47.143,-12.894,-64.57,21.264,-46.788,11.617,-64.535,47.249,-101.848,3.283,-117.253,-45.013,-84.376,-0.242,-37.012,120,"TaeGeuk_",-0.258,-18.05,,"檸檬の残骸",-20.661,-49.004,73,"わかなで",-12.549,-64.539,,"MODECO",21.121,-46.652,,"ke ro",11.527,-64.41,,"「론구」",47.181,-101.726,,"Mr․D VRC",3.291,-117.55,,"ゆっち一",-45.022,-84.397,,3671.409,6.023,-33.558,,,,3673.043,-18.463,-39.608,,,,,,,,,,,,,,,,,,,3672.115,2.837,-33.3,,,,3676.431,-18.111,-39.332,,,,,,,,,,,,,,,,,,,"",2,,,,,,,,,,,,,0,"_Chun",,3678.47,,68,""
89,SIDE,4,0,3,2,0,0,2,0,0,0,255,255,255,,3679.073,,,,,,,,,,,,,,,,,,,,,,,,6,"=","=","=","=","=","=","=","=","=",,,,,,,,,,,,,,,,,,,,,,,,,,,,,,,,,,,,,,,0,0,,,,,,,,,,,,,,,,,,,,,,,,,,,,,,,,,,,,,,,,,,,,,,,,,,,,,,,,,,,,,,,,,,,,,,,,,,,,,,,,,,,,,,,,,,,,,,,,,,,,,,,,,,,,,,,,,,,,,,,,,,,,,,,,,,,,,,,,,,,,,,,,,"",0,,,,,,,,,,,,,0,"",,,,0,""
90,,5,1,3,2,0,0,0,0,0,0,255,255,255,42,3730.155,"하루（Haru）",R,27,76,127,0.535,-0.564,0.327,1.719,0.112,1.149,-36.44,29.827,51,49,0,0,"",73.458,-119.745,10.024,0,0,0,"わかなで","ゆっち一","_Chun","MODECO","「론구」","Mr․D VRC","檸檬の残骸","TaeGeuk_","ke ro",3,L,"わかなで",160,94.246,0.2,,52,W,Y,0,,,,,,,,,,,,,,,,,,,,,,,,,,,,,0,0,,,,,,,,,,,,,,,,,,,,,,,,,,,,,,,,,,,,,,-0.058,-37.18,0.262,-17.576,-20.198,-45.25,-11.57,-63.237,14.979,-42.088,8.593,-51.391,43.49,-81.129,5.906,-110.396,-38.295,-86.698,,,,"",,,,"",,,,"",,,,"",,,,"",,,,"",,,,"",,,,"",,,,,,,,,,,,,,,,,,,,,,,,,,,,,,,,,,,,,,,,,,,,,,,,,,,,,,,,,,"",0,,,,,,,,,,,,,0,"",,,,0,""
91,,5,1,3,2,0,1,0,0,0,0,255,255,255,43,3748.698,"하루（Haru）",R,28,62,103,-1.024,-0.005,0.168,1.782,-0.42,1.479,-36.44,24.486,56,44,0,2,"",-16.21,-91.367,9.299,0,0,0,"=","=","=","=","=","=","=","=","=",3,L,"わかなで",160,94.246,0.2,0,52,W,Y,1,3749.866,254,84,125,107,90,,145,81,-75.422,-9.77,-0.181,0.829,-20.658,-1,0,0.437,-181.39,407.424,223.375,3749.097,-0.146,-20.858,3751.797,0,1.718,3.02,-31.462,1,0,,3753.987,,,,,,,,,,,,,,,,,,,,,,,,,,,,3758.566,2,,,,,,,-0.12,-37.208,-0.123,-17.414,-20.033,-45.266,-11.645,-63.114,15.048,-42.082,8.774,-51.207,43.539,-82.154,5.195,-112.021,-39.836,-88.107,0.203,-36.841,117,"Megu3568",-0.153,-17.463,,"濃いめのラー油",-20.051,-45.132,84,"Fresh825",-11.532,-62.935,,"Muna_328",15.08,-42.048,,"schmoneymikey",8.769,-51.189,,"Dοpi",42.737,-82.625,,"うよすま",5.226,-113.61,,"Sabo_10",-39.844,-88.023,,3752.525,1.705,-32.109,,,,3754.447,-18.749,-39.152,,,,,,,,,,,,,,,,,,,3753.471,0.088,-33.241,,,,3789.86,-16.777,-39.313,,,,,,,,,,,,,,,,,,,"",2,,,,,,,,,,,,,0,"하루（Haru）",,,,48,""
92,,5,1,3,2,0,0,0,1,0,0,3,255,255,44,3806.817,"하루（Haru）",R,27,73,125,-0.967,0.454,0.209,1.873,-0.437,1.73,-36.44,35.383,95,5,0,0,"",5.438,-134.541,12.125,0,0,1,"=","=","=","=","=","=","=","=","=",8,L,"ゆっち一",181.4,84,0.401,,52,W,Y,0,,,,,,,,,,,,,,,,,,,,,,,,,,,,,0,0,,,,,,3810.346,,,,,,,,,,,,,,,,,,,,,,,,,,,,,,,,-0.227,-36.901,-0.136,-17.484,-18.607,-39.743,-5.779,-64.595,25.044,-50.278,15.379,-62.44,56.994,-100.296,8.076,-124.158,-44.493,-96.983,,,,"",,,,"",,,,"",,,,"",,,,"",,,,"",,,,"",,,,"",,,,3815.931,-0.177,-39.066,,,,,,,,,,,,,,,,,,,,,,,,,,,,,,,,,,,,,,,,,,,,,,,,,,,,"",0,,,,,,,,,,,,,0,"",3810.346,,,0,""
93,,5,1,3,2,0,1,0,0,1,0,255,3,255,45,3833.43,"하루（Haru）",R,26,80,130,-0.635,0.273,0.223,1.834,-0.372,1.599,-36.44,33.606,98,2,0,2,"",59.981,-165.371,12.748,0,0,1,"=","=","=","=","=","=","=","=","=",8,L,"ゆっち一",181.4,84,0.401,5,52,W,Y,1,3834.547,150,62,72,63,33,,139,104,-8.776,-61.946,-0.13,1.017,-19.702,0.04,0,0.166,-97.834,-5.192,-133.166,3833.931,4.776,-22.315,,,,,,0,0,,,,,,,,,,,,,3849.739,,,,,,,,,,,,,,,,,,,,,,,,,-0.132,-37.086,-0.088,-17.804,-20.192,-44.024,-8.279,-66.864,22.25,-46.865,15.447,-62.483,57.981,-98.555,7.393,-124.308,-44.916,-96.428,-0.347,-37.371,,"Megu3568",-0.085,-17.941,,"濃いめのラー油",-20.113,-43.78,,"Fresh825",-8.118,-66.661,,"Muna_328",22.298,-46.738,,"schmoneymikey",15.45,-62.492,,"Dοpi",57.757,-98.452,,"うよすま",7.355,-123.988,,"Sabo_10",-44.8,-96.84,,,,,,,,,,,,,,,,,,,,,,,,,,,,,,,,,,,,,,,,,,,,,,,,,,,,,,,,"",3,-64.293,-57.483,-20.332,0.491,2,0.429,-15.322,-8.776,-27.938,-15.136,0.012,-105.514,0,"",3835.834,,,0,""
94,,5,1,3,2,0,2,0,0,1,0,255,3,255,46,3875.12,"하루（Haru）",R,26,92,140,-2.703,-0.764,0.044,1.653,-1.203,0.985,-36.44,12.577,48,52,0,1,"",18.439,-174.507,28.694,0,0,1,"=","=","=","=","=","=","=","=","=",8,L,"ゆっち一",181.4,84,0.401,,73,W,Y,0,,,,,,,,,,,,,,,,,,,,,,,,,,,,,0,0,,,,,,,,,,,,,3875.165,,,,,,,,,,,,,,,,,,,,,,,3877.072,1,-0.184,-37.101,-0.116,-17.721,-20.377,-44.788,-2.66,-62.678,21.753,-46.871,16.287,-61.999,56.441,-98.02,7.82,-122.763,-45.185,-102.57,,,,"",,,,"",,,,"",,,,"",,,,"",,,,"",,,,"",,,,"",,,,,,,,,,,,,,,,,,,,,,,,,,,,,,,,,,,,,,,,,,,,,,,,,,,,,,,,,,"",0,,,,,,,,,,,,,0,"",3877.685,,,0,""
95,,5,1,3,2,1,2,0,0,1,0,255,3,255,47,3896.343,"하루（Haru）",R,26,74,113,2.485,-0.556,0.588,1.604,0.884,1.096,-36.44,44.163,41,59,0,1,"",103.093,-163.88,4.212,0,0,1,"=","=","=","=","=","=","=","=","=",8,L,"ゆっち一",181.4,84,0.401,,73,W,Y,0,,,,,,,,,,,,,,,,,,,,,,,,,,,,,0,0,,,,,,,,,,,,,3907.373,,,,,,,,,,,,,,,,,,,,,,,3898.35,1,0.07,-37.205,-0.094,-17.712,-20.817,-44.346,-3.952,-62.928,21.753,-46.391,16.197,-61.915,57.092,-98.489,8.7,-121.946,-45.415,-99.543,,,,"",,,,"",,,,"",,,,"",,,,"",,,,"",,,,"",,,,"",,,,,,,,,,,,,,,,,,,,,,,,,,,,,,,,,,,,,,,,,,,,,,,,,,,,,,,,,,"",0,,,,,,,,,,,,,0,"",3899.087,,,0,""
96,,5,1,3,2,2,2,0,0,1,0,255,3,255,48,3914.637,"하루（Haru）",R,27,81,118,-0.042,-1.247,0.247,1.447,-0.175,0.743,-36.44,20.875,36,64,0,1,"",89.73,-109.882,11.261,0,0,1,"=","=","=","=","=","=","=","=","=",8,L,"ゆっち一",181.4,84,0.401,,73,W,Y,0,,,,,,,,,,,,,,,,,,,,,,,,,,,,,0,0,,,,,,,,,,,,,3925.4,,,,,,,,,,,,,,,,,,,,,,,,,-0.069,-37.035,-0.098,-17.646,-20.072,-44.953,-4.654,-63.071,21.526,-46.425,16.134,-62.037,58.399,-97.289,11.188,-124.812,-40.891,-104.888,,,,"",,,,"",,,,"",,,,"",,,,"",,,,"",,,,"",,,,"",,,,,,,,,,,,,,,,,,,,,,,,,,,,,,,,,,,,,,,,,,,,,,,,,,,,,,,,,,"",0,,,,,,,,,,,,,0,"",3917.939,,,0,""
97,,5,1,3,2,3,2,0,0,1,0,255,3,255,49,3934.533,"하루（Haru）",R,26,97,140,-3.948,-2.42,-0.045,1.407,-1.619,0.149,-36.44,19.461,47,53,0,3,"",57.517,-200,44.474,-0.207,-19.898,1,"=","=","=","=","=","=","=","=","=",8,L,"ゆっち一",181.4,84,0.401,,73,W,Y,0,,,,,,,,,,,,,,,,,,,,,,,,,,,,,0,0,,3971.99,,,,,,,,,,,3971.568,,,,,,,,,,,,,,,,,,,,,,,3936.881,1,-0.191,-37.098,-0.049,-17.883,-20.312,-44.237,-5.436,-64.254,21.105,-45.195,16.478,-62.279,58.591,-97.91,8.561,-123.912,-45.03,-105.555,,,,"",,,,"",,,,"",,,,"",,,,"",,,,"",,,,"",,,,"",,,,,,,,,,,,,,,,,,,,,,,,,,,,,,,,,,,,,,,,,,,,,,,,,,,,,,,,,,"",6,,,,,,,,,,,,,0,"",,,,0,""
98,,5,1,3,2,0,0,0,1,1,0,8,3,255,50,3972.44,"하루（Haru）",R,27,73,125,-0.417,0.562,0.261,1.898,-0.194,1.81,-36.44,34.022,94,6,0,0,"",2.537,-147.511,12.86,0,0,2,"=","=","=","=","=","=","=","=","=",0,L,"_Chun",190,80,0.455,,52,W,Y,1,,,,,,,,,,,,,,,,,,,,,,,,,,,,,0,0,,,,,,,,,,,,3994.473,3981.14,,,,,,,,,,,,,,,,,,,,,,,,,-0.085,-37.115,-0.046,-17.83,-19.882,-42.188,-5.208,-64.91,21.877,-46.302,16.334,-62.535,56.39,-100.695,8.799,-121.945,-42.148,-90.359,,,,"",,,,"",,,,"",,,,"",,,,"",,,,"",,,,"",,,,"",,,,,,,,,,,,,,,,,,,,,,,,,,,,,,,,,,,,,,,,,,,,,,,,,,,,,,,,,,"",0,,,,,,,,,,,,,0,"",3974.463,,,0,""
99,,5,1,3,2,0,1,0,1,1,0,8,3,255,51,3994.918,"하루（Haru）",R,26,66,119,-0.481,0.819,0.265,1.944,-0.177,1.957,-36.44,37.961,94,6,0,0,"",-25.044,-157.837,9.979,0,0,2,"=","=","=","=","=","=","=","=","=",0,L,"_Chun",190,80,0.455,,52,W,Y,0,,,,,,,,,,,,,,,,,,,,,,,,,,,,,0,0,,,,,,4003.203,,,4012.01,,,,4000.054,,,,,,,,,,,,,,,,,,,,,4014.072,4,,,-0.141,-37.106,-0.039,-17.808,-19.446,-42.997,-4.346,-63.88,21.704,-47.055,16.332,-62.512,56.749,-100.345,7.514,-123.113,-44.017,-93.067,,,,"",,,,"",,,,"",,,,"",,,,"",,,,"",,,,"",,,,"",,,,,,,,,,,,,,,,,,,,,,,,,,,,,,,,,,,,,,,,,,,,,,,,,,,,,,,,,,"",0,,,,,,,,,,,,,0,"",3997.584,4012.01,,0,""
100,,5,1,3,2,0,2,0,0,1,1,255,8,3,52,4098.43,"하루（Haru）",R,26,83,135,0.047,-0.392,0.282,1.717,-0.097,1.221,-36.44,29.182,50,50,0,2,"",77.599,-153.32,8.343,0,0,2,"=","=","=","=","=","=","=","=","=",0,L,"_Chun",190,80,0.455,5,87,W,Y,1,4099.42,167,117,125,72,43,,145,97,108.553,-55.918,0.004,0.843,-20.044,-0.61,0,0.411,196.029,-206.465,343.472,,,,,,,,,0,0,,,,,,,,,,,,,4098.776,4114.056,,,,,,,,,,,,,,,,,,,,,,,,-0.072,-37.23,-0.062,-17.76,-19.301,-44.509,-14.088,-64.159,20.01,-41.293,15.865,-61.585,57.645,-99.381,7.531,-120.754,-45.428,-94.86,0.278,-37.185,,"Megu3568",-0.083,-17.801,,"濃いめのラー油",-18.845,-44.345,,"Fresh825",-13.963,-63.952,,"Muna_328",20.146,-43.148,,"schmoneymikey",15.855,-61.58,,"Dοpi",57.645,-99.382,,"うよすま",7.521,-120.761,,"Sabo_10",-45.436,-94.85,,,,,,,,,,,,,,,,,,,,,,,,,,,,,,,,,,,,,,,,,,,,,,,,,,,,,,,,"",3,-58.247,-51.363,-8.848,0.441,0,1,71.447,71.447,23.003,71.447,0,-84.105,0,"",4101.708,4115.658,,0,""
101,,5,1,3,2,0,2,0,0,1,1,255,8,3,53,4116.117,"하루（Haru）",R,26,88,140,0.726,0.152,0.349,1.824,0.212,1.568,-36.44,38.4,93,7,0,0,"",70.54,-151.474,5.482,0,0,2,"=","=","=","=","=","=","=","=","=",0,L,"_Chun",190,80,0.455,,87,W,Y,1,,,,,,,,,,,,,,,,,,,,,,,,,,,,,0,0,,,,,,,,,,,,,4116.788,4141.827,4118.618,2,,578,0,,,,,,,,,,,,,,,,,,,-0.106,-37.028,-0.037,-17.687,-19.802,-44.899,-14.799,-64.567,20.082,-40.86,16.711,-61.841,55.598,-98.839,7.579,-122.685,-45.664,-93.753,,,,"",,,,"",,,,"",,,,"",,,,"",,,,"",,,,"",,,,"",,,,,,,,,,,,,,,,,,,,,,,,,,,,,,,,,,,,,,,,,,,,,,,,,,,,,,,,,,"",0,,,,,,,,,,,,,0,"",4119.91,4144.013,,0,""
102,,5,1,3,2,0,0,1,0,1,1,255,8,3,54,4144.703,"하루（Haru）",R,26,88,140,0.277,-0.499,0.316,1.694,0.059,1.147,-36.44,27.184,53,47,0,2,"",39.478,-167.033,21.859,0,0,3,"=","=","=","=","=","=","=","=","=",4,R,"MODECO",190,85,0.447,3,52,W,Y,1,4145.768,220,136,115,67,42,,145,130,30.56,22.925,0.047,0.806,-20.097,0.5,0,0.44,441.406,268.356,-23.654,4150.764,-54.657,-127.658,,,,,,0,0,,4151.816,4156.524,4161.83,4167.08,,,,4153.296,4158.192,4155.264,,4145.588,4146.723,,,,,,,,,,,,,,,,,,,,,,,,-0.058,-37.114,-0.03,-17.666,-19.864,-44.048,-16.041,-63.519,19.811,-40.299,7.82,-65.979,43.635,-100.947,-8.119,-121.554,-49.168,-97.314,-0.142,-36.805,,"Megu3568",-0.04,-17.799,,"濃いめのラー油",-19.786,-44.109,,"Fresh825",-15.982,-63.301,,"Muna_328",19.452,-43.203,,"schmoneymikey",7.821,-65.98,,"Dοpi",43.971,-101.474,,"うよすま",-8.31,-121.573,,"Sabo_10",-49.185,-97.258,,,,,,,,,,,,,,,,,,,,,,,,,,,,,,,,,,,,,,,,,,,,,,,,,,,,,,,,"",4,,,,,,,,,,,,,0,"",4145.149,4150.569,4155.264,0,""
103,,5,1,6,2,0,0,1,0,0,0,255,255,255,55,4196.568,"하루（Haru）",R,27,76,114,-8.754,3.131,0.052,1.502,-0.779,0.861,-36.44,11.892,33,67,0,2,"",62.644,-115.963,30.234,0,0,4,"=","=","=","=","=","=","=","=","=",6,R,"「론구」",179.9,80,0.8,5,52,W,Y,1,4197.705,153,156,105,93,102,,145,86,-30,-50.37,-0.369,0.774,-21.147,1,0,0.506,-151.759,480.708,294.605,4196.931,0.576,-21.931,4199.214,4,26.213,0.182,-43.623,0,0,,,,,4203.105,,,,,,,,,,,,,,,,,,,,,,,,,,,,,4201.595,4,,,-0.125,-36.986,-0.005,-17.584,-19.326,-44.854,-15.514,-63.452,25.219,-49.802,8.149,-66.108,37.107,-97.249,-4.927,-116.463,-45.666,-90.337,-0.316,-36.826,,"Megu3568",-0.212,-17.837,,"濃いめのラー油",-19.304,-44.808,,"Fresh825",-15.788,-62.986,,"Muna_328",25.222,-49.786,93,"schmoneymikey",8.152,-66.088,,"Dοpi",38.231,-98.16,,"うよすま",-4.939,-116.462,,"Sabo_10",-45.66,-90.344,,4204.59,-0.749,-37.87,,,,,,,,,,4199.997,26.73,-43.652,,,,,,,,,,,,,,,,,,,,,,,,,4203.552,17.737,-39.548,,,,,,,,,,,,,"",3,-59.832,-42.12,1.657,0.585,1,0.981,-39.544,-34.249,-20.514,-75.046,0.011,-90.165,0,"Muna_328",,,,80,""
104,,5,1,6,2,0,1,1,0,0,0,255,255,255,56,4220.086,"하루（Haru）",R,3,59,105,-2.638,-0.468,0.207,1.757,-0.449,1.336,-36.44,27.429,0,100,0,4,"",-366.968,0,6.884,0,0,4,"=","=","=","=","=","=","=","=","=",6,R,"「론구」",179.9,80,0.8,,73,W,Y,1,,,,,,,,,,,,,,,,,,,,,,,,,,,,,0,0,,,,,,,,,,,,,,,,,,,,,,,,,,,,,,,,,,,,,,-0.147,-37.002,-0.014,-17.588,-21.062,-45.655,-14.291,-64.077,24.773,-50.16,7.776,-64.766,41.357,-98.212,-6.744,-116.019,-45.624,-89.858,,,,"",,,,"",,,,"",,,,"",,,,"",,,,"",,,,"",,,,"",,,,4228.434,-0.265,-37.019,,,,,,,,,,,,,,,,,,,,,,,,,,,,,,,,,,,,,,,,,,,,,,,,,,,,"",0,,,,,,,,,,,,,0,"",,,,0,""
105,,5,1,6,2,0,2,1,0,0,0,255,255,255,57,4242.28,"하루（Haru）",R,26,87,140,0.274,-0.585,0.31,1.68,0.034,1.071,-36.44,19.721,51,49,0,2,"",59.453,-200,30.033,0,0,4,"=","=","=","=","=","=","=","=","=",6,R,"「론구」",179.9,80,0.8,0,73,W,Y,1,4243.337,255,41,73,81,52,,145,88,-15,55.396,-0.096,0.634,-19.568,1,0,0.307,-209.035,546.174,93.002,4242.631,-2.933,-21.501,,,,,,0,0,,,,,,,,,,,,,,,,,,,,,,,,,,,,,,,,,,,,,,0.012,-37.036,-0.044,-17.861,-20.282,-45.597,-14.106,-64.226,24.716,-50.224,8.089,-65.015,42.909,-93.499,-6.031,-113.139,-45.511,-92.896,-0.185,-36.852,,"Megu3568",-0.095,-17.836,,"濃いめのラー油",-20.506,-45.388,,"Fresh825",-14.3,-63.881,,"Muna_328",24.779,-50.155,,"schmoneymikey",8.086,-64.998,,"Dοpi",42.974,-93.599,,"うよすま",-6.241,-115.704,,"Sabo_10",-45.508,-92.875,,,,,,,,,,,,,,,,,,,,,,,,,,,,,,,,,,,,,,,,,,,,,,,,,,,,,,,,"",3,,,,,,,,,,,,,0,"",,,,0,""
106,,5,1,6,2,0,2,1,0,0,0,255,255,255,58,4265.903,"하루（Haru）",R,3,59,103,-4.643,-0.015,0.065,1.837,-1.109,1.608,-36.44,29.1,8,92,0,2,"BH-|TE+",-462.628,0,17.197,0,0,4,"=","=","=","=","=","=","=","=","=",6,R,"「론구」",179.9,80,0.8,5,73,W,Y,1,4267.159,240,203,121,76,75,,145,86,-30,-42.945,-0.866,0.955,-20.359,1,0,0.405,30.313,227.818,191.642,4266.347,0.178,-21.483,4272.414,6,40.899,0.06,-69.039,1,0,,4272.744,,,,,,,,,,,,,,,,,,,,,,,,,,,,,,,,,,,,-0.272,-36.943,-0.037,-17.883,-19.564,-44.705,-14.997,-64.047,24.89,-50.514,8.083,-65.034,37.266,-95.624,-6.998,-114.973,-48.59,-94.766,-0.102,-36.902,,"Megu3568",-0.142,-17.831,,"濃いめのラー油",-19.683,-44.408,,"Fresh825",-14.988,-64.009,,"Muna_328",24.893,-50.508,,"schmoneymikey",8.082,-65.026,,"Dοpi",39.214,-94.432,85,"うよすま",-7.012,-114.949,,"Sabo_10",-48.574,-94.66,,4280.334,0.462,-38.906,,,,,,,,,,,,,,,,4273.203,41.636,-69.824,,,,,,,,,,,,,,,,,,,,,,,,,4278.556,22.161,-60.836,,,,,,,"",2,-37.095,-36.319,3.318,0,0,1,-38.33,-38.33,-7.892,-38.33,0,-158.137,0,"Dοpi",,,,272,""
107,,5,1,6,2,0,0,1,1,0,0,6,255,255,59,4301.996,"하루（Haru）",R,26,76,127,1.097,0.141,0.399,1.806,0.445,1.501,-36.44,32.967,49,51,0,2,"",13.701,-171.322,6.078,0,0,5,"=","=","=","=","=","=","=","=","=",7,R,"Mr․D VRC",177.1,92.352,0.432,5,52,W,Y,1,4303.185,121,64,96,87,53,,138,85,5.881,36.567,0.203,1.002,-20.482,-0.8,0,0.315,586.271,5.871,-89.385,,,,4303.781,2,-14.515,1.615,-40.272,0,0,,,,,,,,,,,,,,,4304.718,5,,451,0,4305.736,4,1,659,0,,,,,,4305.736,2,,,,,,,-0.023,-37.011,-0.06,-17.559,-18.374,-39.653,-14.162,-63.83,25.088,-50.623,8.291,-65.621,40.175,-91.167,-3.985,-112.239,-49.6,-94.276,-0.013,-36.749,,"Megu3568",0.057,-17.845,,"濃いめのラー油",-18.152,-41.066,,"Fresh825",-14.131,-63.751,,"Muna_328",24.728,-50.761,,"schmoneymikey",8.291,-65.609,,"Dοpi",40.119,-91.811,,"うよすま",-4.732,-114.31,,"Sabo_10",-48.605,-94.484,,,,,,,,4304.728,-15.321,-41.166,,,,,,,,,,,,,,,,,,,,,,,,,,,,,,,,,,,,,,,,,,,,,,"",1,37.222,37.222,3.107,0,0,1,5.881,5.881,7.095,5.881,0,46.654,0,"濃いめのラー油",,,,32,""
108,SIDE,5,1,6,2,0,0,2,0,0,0,255,255,255,,4309.213,,,,,,,,,,,,,,,,,,,,,,,,6,"=","=","=","=","=","=","=","=","=",,,,,,,,,,,,,,,,,,,,,,,,,,,,,,,,,,,,,,,0,0,,,,,,,,,,,,,,,,,,,,,,,,,,,,,,,,,,,,,,,,,,,,,,,,,,,,,,,,,,,,,,,,,,,,,,,,,,,,,,,,,,,,,,,,,,,,,,,,,,,,,,,,,,,,,,,,,,,,,,,,,,,,,,,,,,,,,,,,,,,,,,,,,"",0,,,,,,,,,,,,,0,"",,,,0,""
109,,5,0,6,2,0,0,0,0,0,0,255,255,255,39,4360.519,"_Chun",L,10,77,117,1.243,-0.15,-0.319,2.012,0.522,1.988,-36.663,40.197,85,15,0,2,"",16.613,400,-0.648,0,0,6,"うよすま","Megu3568","Sabo_10","Fresh825","하루（Haru）","濃いめのラー油","Muna_328","schmoneymikey","Dοpi",4,R,"Muna_328",190,89.724,0.4,5,52,W,Y,1,4361.55,255,234,132,110,0,,145,129,27.518,-67.66,0.206,1.055,-21.12,0.71,0,0.729,113.795,71.996,25.957,,,,,,,,,0,0,,,,,,,,,,,,,,,,,,,,,,,,,,,,,,,,,,,,,,0.083,-37.745,0.182,-18.05,-19.645,-45.947,-16.828,-62.296,19.516,-45.677,12.133,-64.526,39.227,-94.191,0.439,-114.034,-46.164,-89.52,-0.056,-37.119,,"TaeGeuk_",0.197,-18.072,,"檸檬の残骸",-20.108,-46.831,,"わかなで",-16.836,-62.194,,"MODECO",19.464,-45.691,,"ke ro",11.984,-64.199,,"「론구」",39.153,-94.159,,"Mr․D VRC",0.423,-114.007,,"ゆっち一",-45.237,-87.726,,,,,,,,,,,,,,,,,,,,,,,,,,,,,,,,,,,,,,,,,,,,,,,,,,,,,,,,"",3,-79.571,-65.869,-24.375,0.722,0,1,45.113,45.113,78.176,45.113,0,-108.405,0,"",,,,0,""
110,,5,0,6,2,0,1,0,0,0,0,255,255,255,40,4381.01,"_Chun",L,26,89,140,2.42,-0.325,-0.233,1.876,0.922,1.22,-36.663,29.002,83,17,0,1,"",102.211,-200,-16.75,0,0,6,"=","=","=","=","=","=","=","=","=",4,R,"Muna_328",190,89.724,0.4,,52,W,Y,0,,,,,,,,,,,,,,,,,,,,,,,,,,,,,0,0,,,,,,,,,,,,,,,,,,,,,,,,,,,,,,,,,,,,,,0.134,-37.67,-0.009,-17.988,-20.47,-46.173,-15.658,-62.865,19.72,-45.55,13.13,-64.424,41.707,-96.781,0.753,-114.569,-45.116,-88.838,,,,"",,,,"",,,,"",,,,"",,,,"",,,,"",,,,"",,,,"",,,,,,,,,,,,,,,,,,,,,,,,,,,,,,,,,,,,,,,,,,,,,,,,,,,,,,,,,,"",0,,,,,,,,,,,,,0,"",,,,0,""
111,,5,0,6,2,1,1,0,0,0,0,255,255,255,41,4397.215,"_Chun",L,14,75,102,-1.994,-0.179,-0.446,2.185,-0.142,1.977,-36.663,62.12,86,14,0,2,"",-346.638,332.047,-8.284,0,0,6,"=","=","=","=","=","=","=","=","=",4,R,"Muna_328",190,89.724,0.4,3,52,W,Y,1,4398.372,255,141,141,86,0,,145,87,-30,64.055,-0.341,1.112,-21.474,1,0,0.889,-35.793,140.926,-551.045,4397.597,-3.937,-23.214,,,,,,0,0,,,,,,,,,,,,,,,,,,,,,,,,,,,,,,,,,,,,,,0.049,-37.606,-0.335,-18.121,-21.24,-45.953,-15.628,-62.816,20.301,-46.04,12.976,-63.552,41.713,-96.796,0.536,-114.883,-45.586,-90.149,-0.207,-37.117,,"TaeGeuk_",-0.365,-18.124,,"檸檬の残骸",-21.546,-47.851,,"わかなで",-15.704,-62.444,,"MODECO",20.123,-45.909,,"ke ro",12.973,-63.529,,"「론구」",41.446,-96.667,,"Mr․D VRC",0.559,-114.718,,"ゆっち一",-45.577,-90.143,,,,,,,,,,,,,,,,,,,,,,,,,,,,,,,,,,,,,,,,,,,,,,,,,,,,,,,,"",3,,,,,,,,,,,,,0,"",,,,0,""
112,,5,0,6,2,1,2,0,0,0,0,255,255,255,42,4419.154,"_Chun",L,26,83,134,1.624,1.052,-0.293,2.048,0.457,2.077,-36.663,40.582,83,17,0,2,"",184.284,-200,-27.943,0,0,6,"=","=","=","=","=","=","=","=","=",4,R,"Muna_328",190,89.724,0.4,5,52,W,Y,1,4420.178,215,80,109,39,21,,145,89,50.976,-8.512,0.3,1.4,-20.172,-1,0,0.486,260.661,-228.536,217.964,,,,4425.164,5,10.455,2.845,-76.203,0,0,,4426.348,,,,,,,,,,,,,4426.127,6,,454,0,,,,,,,,,,,,,,,,,,,0.087,-37.572,0.079,-18.042,-20.595,-46.969,-16.611,-62.2,20.407,-46.324,12.016,-63.395,39.175,-93.846,0.141,-114.642,-49.519,-91.749,-0.143,-37.089,,"TaeGeuk_",0.188,-18.146,,"檸檬の残骸",-21.094,-47.71,,"わかなで",-17.72,-62.996,,"MODECO",20.048,-45.994,,"ke ro",12.011,-63.382,91,"「론구」",38.996,-93.847,,"Mr․D VRC",0.143,-114.634,,"ゆっち一",-49.52,-91.754,,4429.422,-0.001,-38.5,,,,,,,,,,,,,4426.138,10.558,-76.986,,,,,,,,,,,,,,,,,,,,,,,,,4427.408,10.29,-75.667,,,,,,,,,,"",1,-11.455,-11.455,17.213,0,0,1,50.976,50.976,40.002,50.976,0,-79.506,0,"ke ro",,,,260,""
113,,5,0,6,2,0,0,1,0,0,0,255,255,255,43,4509.081,"_Chun",L,26,80,131,-2.21,0.036,-0.624,2.005,-1.071,1.425,-36.663,42.45,83,17,0,2,"",85.812,-175.572,-6.238,0,0,7,"=","=","=","=","=","=","=","=","=",5,L,"schmoneymikey",174.9,80,0.354,5,52,W,Y,1,4510.174,184,141,182,96,0,,145,95,16.409,5.565,-0.406,0.939,-20.287,-0.42,0,0.433,580.493,-86.164,102.408,4513.664,-7.246,-100.507,4514.031,7,-7.18,0.544,-99.475,0,0,,4515.399,,,,,,,,,,,,,4514.931,7,,456,0,,,,,,,,,,,,,,,,,,,-0.119,-37.795,-0.092,-18.004,-20.193,-47.344,-14.131,-64.06,19.835,-45.38,13.376,-63.613,43.185,-95.712,1.36,-116.329,-45.704,-85.531,-0.72,-37.074,,"TaeGeuk_",-0.255,-18.158,,"檸檬の残骸",-20.307,-47.813,,"わかなで",-13.782,-63.932,88,"MODECO",19.803,-45.371,,"ke ro",13.377,-63.516,,"「론구」",43.17,-95.678,,"Mr․D VRC",1.369,-116.324,87,"ゆっち一",-45.575,-85.916,,4522.889,-0.174,-37.668,,,,,,,4519.602,-4.393,-67.8,,,,,,,,,,4514.948,-7.341,-101.204,,,,,,,,,,,,,4521.486,-2.918,-61.92,,,,,,,,,,4518.066,-6.559,-95.59,,,,"",1,4.461,4.461,-2.39,0,2,0.1,24.2,16.409,-5.041,23.348,0.031,101.905,0,"Mr․D VRC",,,,37,""
114,,5,0,6,2,0,0,2,0,0,0,255,255,255,44,4540.209,"_Chun",L,26,84,137,1.667,0.238,-0.305,1.984,0.587,1.558,-36.663,35.345,88,12,0,4,"",106.317,-182.072,-15.529,0.504,-18.368,8,"=","=","=","=","=","=","=","=","=",6,R,"Dοpi",180.6,90,0.35,,52,W,Y,1,,,,,,,,,,,,,,,,,,,,,,,,,,,,,0,0,,,,,,,,,,,,,,,,,,,,,,,,,,,,,,,,,,,,,,0.044,-37.802,0.004,-17.981,-20.75,-48.1,-15.812,-62.793,19.18,-45.967,12.058,-64.135,36.98,-92.026,0.589,-117.845,-43.744,-86.913,,,,"",,,,"",,,,"",,,,"",,,,"",,,,"",,,,"",,,,"",,,,4545.09,-0.337,-37.835,,,,,,,,,,,,,,,,,,,,,,,,,,,,,,,,,,,,,,,,,,,,,,,,,,,,"",0,,,,,,,,,,,,,0,"",,,,0,""
115,,5,0,6,2,0,1,2,0,0,0,255,255,255,45,4555.621,"_Chun",L,27,82,133,1.209,1.436,-0.316,2.14,0.441,2.324,-36.663,45.601,75,25,0,2,"",65.905,-123.605,-6.039,0,0,8,"=","=","=","=","=","=","=","=","=",6,R,"Dοpi",180.6,90,0.35,3,52,W,Y,0,4556.458,40,98,27,49,37,,37,43,96.248,-51.803,0.256,1.408,-19.596,-1,0,0.055,174.045,-1.115,-512.344,,,,4560.23,1,-3.369,3.12,-14.867,0,0,,4562.165,,,,,,,,,,,,,4561.158,8,,450,0,,,,,,,,,,,,,,,,,,,0.056,-37.704,0.178,-17.614,-20.807,-48.21,-15.517,-63.15,19.696,-46.556,12.058,-64.153,36.99,-92.006,0.61,-117.933,-44.396,-88.167,-0.255,-37.068,,"TaeGeuk_",0.231,-17.946,,"檸檬の残骸",-21.062,-48.862,,"わかなで",-15.543,-62.944,,"MODECO",19.56,-46.361,,"ke ro",12.031,-64.095,,"「론구」",36.888,-91.949,,"Mr․D VRC",0.614,-117.869,,"ゆっち一",-44.382,-88.151,,,,,4561.167,-3.425,-14.81,,,,,,,,,,,,,,,,,,,,,,,,,,,,,,,,,,,,,,,,,,,,,,,,,"",1,,,,,,,,,,,,,0,"TaeGeuk_",,,,128,""
116,SIDE,5,0,6,2,0,0,2,0,0,0,255,255,255,,4563.508,,,,,,,,,,,,,,,,,,,,,,,,0,"=","=","=","=","=","=","=","=","=",,,,,,,,,,,,,,,,,,,,,,,,,,,,,,,,,,,,,,,0,0,,,,,,,,,,,,,,,,,,,,,,,,,,,,,,,,,,,,,,,,,,,,,,,,,,,,,,,,,,,,,,,,,,,,,,,,,,,,,,,,,,,,,,,,,,,,,,,,,,,,,,,,,,,,,,,,,,,,,,,,,,,,,,,,,,,,,,,,,,,,,,,,,"",0,,,,,,,,,,,,,0,"",,,,0,""
117,,6,1,6,2,0,0,0,0,0,0,255,255,255,60,4624.764,"하루（Haru）",R,10,57,103,0.955,-0.955,0.39,1.825,0.405,1.572,-36.44,40.814,47,53,0,0,"",0,397.907,-7.399,0,0,6,"わかなで","ゆっち一","_Chun","MODECO","「론구」","Mr․D VRC","檸檬の残骸","TaeGeuk_","ke ro",2,L,"檸檬の残骸",190,80,0.409,,44,W,Y,0,,,,,,,,,,,,,,,,,,,,,,,,,,,,,0,0,,,,,,,,,,,,,,,,,,,,,,,,,,,,,,,,,,,,,,-0.026,-37.043,-0.006,-18.229,-20.359,-46.963,-13.548,-65.657,25.255,-49.744,14.691,-62.694,55.064,-95.057,6.237,-123.914,-43.717,-93.629,,,,"",,,,"",,,,"",,,,"",,,,"",,,,"",,,,"",,,,"",,,,,,,,,,,,,,,,,,,,,,,,,,,,,,,,,,,,,,,,,,,,,,,,,,,,,,,,,,"",0,,,,,,,,,,,,,0,"",,,,0,""
118,,6,1,6,2,0,1,0,0,0,0,255,255,255,61,4645.083,"하루（Haru）",R,27,71,123,-0.865,0.165,0.215,1.825,-0.412,1.572,-36.44,25.313,49,51,0,0,"",17.908,-133.529,8.937,0,0,6,"=","=","=","=","=","=","=","=","=",2,L,"檸檬の残骸",190,80,0.409,,44,W,Y,0,,,,,,,,,,,,,,,,,,,,,,,,,,,,,0,0,,,,,,,,,,,,,,,,,,,,,,,,,,,,,,,,,,,,,,-0.175,-36.938,-0.008,-18.073,-21.162,-47.523,-13.298,-64.788,25.237,-49.822,13.373,-62.977,53.577,-97.995,4.905,-124.397,-43.545,-94.287,,,,"",,,,"",,,,"",,,,"",,,,"",,,,"",,,,"",,,,"",,,,,,,,,,,,,,,,,,,,,,,,,,,,,,,,,,,,,,,,,,,,,,,,,,,,,,,,,,"",0,,,,,,,,,,,,,0,"",,,,0,""
119,,6,1,6,2,0,2,0,0,0,0,255,255,255,62,4663.48,"하루（Haru）",R,0,54,110,1.359,-0.145,0.477,1.921,0.577,1.515,-36.44,76.099,100,0,0,2,"",0,0,-2.265,0,0,6,"=","=","=","=","=","=","=","=","=",2,L,"檸檬の残骸",190,80,0.409,3,44,W,Y,1,4664.673,183,241,47,59,42,,134,114,-11.582,-23.627,0.256,1.003,-20.797,0.89,0,0.905,-43.374,-114.668,-69.65,4663.814,2.157,-25.127,4665.88,5,17.198,0.055,-58.769,0,0,,4670.033,,,,,,,,,,,,,4669.99,6,,147,128,,,,,,,,,,,,,,,,,,,-0.047,-36.999,-0.004,-18.105,-20.892,-47.723,-13.127,-64.78,25.24,-49.775,13.179,-63.605,56.846,-98.897,3.806,-122.484,-43.755,-95.533,0.098,-36.749,,"Megu3568",-0.007,-17.988,,"濃いめのラー油",-20.181,-46.141,76,"Fresh825",-13.123,-64.629,,"Muna_328",25.233,-49.763,,"schmoneymikey",13.175,-63.585,96,"Dοpi",56.843,-98.896,,"うよすま",3.798,-122.453,,"Sabo_10",-43.738,-95.449,,4673.399,-0.774,-37.49,,,,4669.444,-18.744,-39.876,,,,,,,4666.572,17.269,-59.948,,,,,,,,,,,,,,,,4672.274,-17.697,-40.169,,,,,,,4667.608,12.636,-56.294,,,,,,,,,,"",2,,,,,,,,,,,,,0,"schmoneymikey",,,,176,""
120,,6,1,6,2,0,0,1,0,0,0,255,255,255,63,4713.976,"하루（Haru）",R,27,64,105,1.59,-0.101,0.523,1.743,0.682,1.404,-36.44,33.948,35,65,0,2,"",-3.056,-124.452,5.033,0,0,7,"=","=","=","=","=","=","=","=","=",1,R,"TaeGeuk_",176.6,82,0.365,3,67,W,Y,1,4714.938,253,178,125,94,51,,145,82,92.585,-84.601,0.292,0.905,-20.312,-1,0,0.159,-340.928,-124.482,-178.566,,,,,,,,,0,0,,,,,,,,,,,,,,,,,,,,,,,,,,,,,,,,,,,,,,0.049,-37.026,0.006,-18.039,-20.051,-45.168,-13.959,-63.526,24.743,-51.548,8.776,-65.855,44.835,-92.881,-3.347,-117.926,-44.3,-92.913,0.238,-36.926,,"Megu3568",-0.017,-18.018,,"濃いめのラー油",-20.032,-45.086,,"Fresh825",-13.934,-63.398,,"Muna_328",24.753,-51.409,,"schmoneymikey",7.857,-65.997,,"Dοpi",44.842,-92.88,,"うよすま",-3.512,-117.925,,"Sabo_10",-44.277,-92.803,,,,,,,,,,,,,,,,,,,,,,,,,,,,,,,,,,,,,,,,,,,,,,,,,,,,,,,,"",3,,,,,,,,,,,,,0,"",,,,0,""
121,,6,1,6,2,0,1,1,0,0,0,255,255,255,64,4735.335,"하루（Haru）",R,5,19,73,-2.207,-0.224,0.144,1.799,-0.537,1.556,-36.44,48.395,24,76,0,4,"",-149.465,25.477,-15.744,0,0,7,"=","=","=","=","=","=","=","=","=",1,R,"TaeGeuk_",176.6,82,0.365,,67,W,Y,1,,,,,,,,,,,,,,,,,,,,,,,,,,,,,0,0,,,,,,,,,,,,,,,,,,,,,,,,,,,,,,,,,,,,,,-0.145,-36.93,-0.018,-18.065,-20.134,-45.5,-15.725,-62.825,25.094,-51.405,8.3,-65.666,42.641,-94.302,-5.357,-116.014,-44.829,-94.744,,,,"",,,,"",,,,"",,,,"",,,,"",,,,"",,,,"",,,,"",,,,,,,,,,,,,,,,,,,,,,,,,,,,,,,,,,,,,,,,,,,,,,,,,,,,,,,,,,"",0,,,,,,,,,,,,,0,"",,,,0,""
122,,6,1,6,2,0,2,1,0,0,0,255,255,255,65,4754.69,"하루（Haru）",R,26,75,126,0.374,-0.263,0.336,1.742,0.151,1.278,-36.44,29.972,50,50,0,2,"",1.09,-157.195,11.28,0,0,7,"=","=","=","=","=","=","=","=","=",1,R,"TaeGeuk_",176.6,82,0.365,5,67,W,Y,1,4755.529,250,200,150,118,62,,145,103,43.097,-32.46,0.067,0.851,-20.295,-0.05,0,0.311,567.851,65.878,28.899,4760.697,44.06,-87.774,4760.88,6,42.887,3.069,-85.81,0,0,,4762.301,,,,,,,,,,,,,4761.791,7,,455,0,,,,,,,,,,,,,,,,,,,-0.08,-37.09,0.185,-17.957,-19.638,-44.973,-15.703,-62.822,25.085,-51.466,8.247,-65.61,44.819,-93.377,-3.571,-114.328,-44.689,-95.636,-0.71,-36.804,,"Megu3568",0.149,-17.961,,"濃いめのラー油",-19.647,-44.843,,"Fresh825",-15.612,-62.618,,"Muna_328",25.11,-51.366,,"schmoneymikey",8.249,-65.601,,"Dοpi",43.925,-92.108,85,"うよすま",-3.407,-114.348,,"Sabo_10",-44.64,-95.545,,4767.323,2.992,-41.136,,,,,,,,,,,,,,,,4761.812,43.27,-86.458,,,,,,,,,,,,,,,,,,,,,,,,,4763.748,42.45,-85.275,,,,,,,"",1,-31.512,-31.512,0.177,0,0,1,43.097,43.097,-5.432,43.097,0,-40.907,0,"Dοpi",,,,272,""
123,,6,1,6,2,0,0,2,0,0,0,255,255,255,66,4786.321,"하루（Haru）",R,10,38,91,0.842,-0.803,0.369,1.894,0.356,1.779,-36.44,60.261,100,0,0,2,"",0,336.55,-11.785,0,0,8,"=","=","=","=","=","=","=","=","=",5,R,"ke ro",169.7,80.196,0.397,0,52,W,Y,1,4787.556,211,112,50,49,8,,136,88,42.788,18.414,0.125,0.715,-20.175,-0.53,0,0.499,565.688,176.896,90.671,4791.98,-24.781,-81.889,4792.197,8,-24.086,2.321,-80.233,0,0,,4792.873,,,,,,,,,,,,,4793.124,8,,457,0,,,,,,,,,,,,,,,,,,,0.025,-37.026,0.001,-17.529,-20.156,-45.412,-14.009,-61.038,22.02,-49.342,8.628,-65.583,39.615,-97.656,-4.625,-113.478,-42.809,-91.12,0.011,-37.099,,"Megu3568",0.001,-17.507,,"濃いめのラー油",-20.396,-45.077,,"Fresh825",-13.957,-60.872,,"Muna_328",22.019,-49.321,,"schmoneymikey",8.628,-65.579,,"Dοpi",39.64,-97.639,,"うよすま",-4.319,-113.184,,"Sabo_10",-42.661,-91.379,113,,,,,,,,,,,,,,,,,,,,,,,,,4793.133,-24.401,-80.679,,,,,,,,,,,,,,,,,,,,,,,,,4795.074,-22.918,-78.502,"",1,,,,,,,,,,,,,0,"Sabo_10",,,,4,""
124,SIDE,6,1,6,2,0,0,2,0,0,0,255,255,255,,4796.115,,,,,,,,,,,,,,,,,,,,,,,,0,"=","=","=","=","=","=","=","=","=",,,,,,,,,,,,,,,,,,,,,,,,,,,,,,,,,,,,,,,0,0,,,,,,,,,,,,,,,,,,,,,,,,,,,,,,,,,,,,,,,,,,,,,,,,,,,,,,,,,,,,,,,,,,,,,,,,,,,,,,,,,,,,,,,,,,,,,,,,,,,,,,,,,,,,,,,,,,,,,,,,,,,,,,,,,,,,,,,,,,,,,,,,,"",0,,,,,,,,,,,,,0,"",,,,0,""
125,,6,0,6,2,0,0,0,0,0,0,255,255,255,46,5057.513,"_Chun",L,14,83,122,-0.067,-0.926,-0.307,1.953,0.577,1.464,-36.663,32.902,88,12,0,2,"",-367.129,339.435,-20.652,0,0,0,"うよすま","Megu3568","Sabo_10","Fresh825","하루（Haru）","濃いめのラー油","Muna_328","schmoneymikey","Dοpi",7,R,"うよすま",175.4,84.991,0.5,3,52,W,Y,1,5058.542,255,120,171,77,0,,145,82,13.073,52.969,-0.009,0.684,-20.731,1,0,0.481,-32.483,497.603,96.865,5059.064,-25.397,-38.04,,,,,,0,0,,,,,,,,,,,,,,,,,,,,,,,,,,,,,,,,,,,,,,0.007,-37.779,0.03,-17.861,-21.375,-48.523,-17.833,-61.677,18.829,-45.673,12.088,-63.931,36.113,-92.045,-0.234,-111.728,-42.265,-85.628,-0.142,-37.109,,"TaeGeuk_",-0.21,-17.887,,"檸檬の残骸",-21.662,-49.124,,"わかなで",-17.883,-61.405,,"MODECO",18.83,-45.606,,"ke ro",11.596,-64.652,,"「론구」",35.94,-91.864,,"Mr․D VRC",-0.234,-111.717,,"ゆっち一",-42.443,-85.753,,,,,,,,,,,,,,,,,,,,,,,,,,,,,,,,,,,,,,,,,,,,,,,,,,,,,,,,"",3,,,,,,,,,,,,,0,"",,,,0,""
126,,6,0,6,2,0,1,0,0,0,0,255,255,255,47,5078.772,"_Chun",L,26,84,136,0.882,1.286,-0.343,2.083,0.305,2.139,-36.663,46.62,76,24,0,2,"",63.372,-200,-13.703,0,0,0,"=","=","=","=","=","=","=","=","=",7,R,"うよすま",175.4,84.991,0.5,5,44,W,Y,0,5079.759,104,82,110,29,0,,135,107,-30,58.719,0.214,1.268,-19.024,0.91,0,0.271,122.668,-63.654,-270.182,5078.781,-1.561,-20.102,,,,,,0,0,,,,,,,,,,,,,,,,,,,,,,,,,,,,,,,,,,,,,,0.092,-37.684,0.045,-17.919,-20.891,-47.17,-17.856,-60.535,18.448,-45.696,11.387,-63.334,35.247,-91.58,-0.072,-110.947,-44.001,-88.072,-0.023,-36.953,,"TaeGeuk_",0.041,-17.919,,"檸檬の残骸",-21.262,-47.9,,"わかなで",-18.223,-60.573,,"MODECO",18.389,-45.721,,"ke ro",11.314,-63.265,,"「론구」",35.05,-91.571,,"Mr․D VRC",-0.066,-110.924,,"ゆっち一",-45.348,-88.159,,,,,,,,,,,,,,,,,,,,,,,,,,,,,,,,,,,,,,,,,,,,,,,,,,,,,,,,"",3,76.316,48.928,11.505,0.713,1,0.452,-63.647,-48.606,-46.68,-63.899,0.038,126.896,0,"",,,,0,""
127,,6,0,6,2,0,2,0,0,0,0,255,255,255,48,5097.445,"_Chun",L,14,74,101,0.804,1.228,-0.129,2.314,1.09,2.821,-36.663,63.522,83,17,0,2,"",-353.081,319.572,-11.233,0,0,0,"=","=","=","=","=","=","=","=","=",7,R,"うよすま",175.4,84.991,0.5,5,44,W,Y,0,5098.594,124,114,102,29,0,,137,98,32.447,35.69,0.117,1.138,-19.082,0.93,0,0.379,359.789,111.917,-435.829,5102.964,-48.999,-85.283,5103.13,8,-47.576,2.216,-83.479,0,0,,5104.284,,,,,,,,,,,,,5104.066,0,,457,0,,,,,,,,,,,,,,,,,,,0.175,-37.8,0.009,-17.822,-20.631,-47.916,-16.976,-61.325,18.677,-45.773,12.626,-64.448,36.836,-92.405,-0.539,-111.887,-42.741,-87.978,-0.059,-37.126,,"TaeGeuk_",0.034,-17.864,,"檸檬の残骸",-21.714,-49.123,,"わかなで",-16.97,-61.123,,"MODECO",18.563,-45.623,,"ke ro",12.116,-64.209,,"「론구」",36.678,-92.27,,"Mr․D VRC",-0.535,-111.872,,"ゆっち一",-44.167,-86.908,107,5108.369,-0.313,-37.249,,,,,,,,,,,,,,,,,,,,,,5104.071,-47.975,-83.858,,,,,,,,,,,,,,,,,,,,,,,,,5105.684,-42.065,-76.11,"",1,36.857,36.857,11.146,0,2,0.045,70.667,62.453,9.354,74.828,0.058,107.467,0,"ゆっち一",,,,6,""
128,,6,0,6,2,0,0,1,0,0,0,255,255,255,49,5127.99,"_Chun",L,27,91,140,-0.109,-0.183,-0.446,1.921,-0.072,1.365,-36.663,35.406,84,16,0,2,"",27.963,-133.09,-6.892,0,0,1,"=","=","=","=","=","=","=","=","=",1,R,"Megu3568",190,88.251,0.405,3,74,W,Y,1,5129.04,255,101,162,107,47,,145,112,8.991,40.641,-0.042,0.943,-20.319,0.87,0,0.559,252.334,538.576,79.14,,,,5129.647,2,-24.073,2.337,-46.012,0,0,,,,,,,,,,,,,,,5130.622,1,,451,0,,,,,,,,,,,5132.91,2,,,,,,,-0.016,-37.649,0.047,-17.838,-21.827,-49.038,-17.635,-61.106,19.27,-46.083,14.533,-64.254,38.745,-91.03,-0.086,-114.633,-48.341,-92.604,-0.23,-37.106,,"TaeGeuk_",0.043,-17.798,,"檸檬の残骸",-21.795,-49.214,82,"わかなで",-17.708,-60.851,,"MODECO",19.21,-46.163,,"ke ro",14.331,-66.19,,"「론구」",38.605,-90.851,,"Mr․D VRC",-0.238,-114.396,,"ゆっち一",-49.265,-91.544,,5136.127,-0.205,-38.309,,,,5130.632,-24.649,-46.964,,,,,,,,,,,,,,,,,,,,,,,,,5135.038,-18.058,-39.646,,,,,,,,,,,,,,,,,,,"",1,,,,,,,,,,,,,0,"檸檬の残骸",,,,68,""
129,,6,0,6,2,0,0,2,0,0,0,255,255,255,50,5151.127,"_Chun",L,14,85,124,-1.573,-0.249,-0.399,2.079,-0.064,1.794,-36.663,47.218,85,15,0,4,"",-385.742,318.124,-27.828,0,0,2,"=","=","=","=","=","=","=","=","=",8,L,"Sabo_10",185.3,88,0.452,,52,W,Y,1,,,,,,,,,,,,,,,,,,,,,,,,,,,,,0,0,,,,,,,,,,,,,,,,,,,,,,,,,,,,,,,,,,,,,,0.04,-37.687,-0.028,-17.953,-21.939,-48.967,-16.231,-61.882,20.381,-46.102,14.204,-64.413,49.725,-105.384,1.717,-113.66,-45.861,-90.112,,,,"",,,,"",,,,"",,,,"",,,,"",,,,"",,,,"",,,,"",,,,5155.868,0.426,-37.797,,,,,,,,,,,,,,,,,,,,,,,,,,,,,,,,,,,,,,,,,,,,,,,,,,,,"",0,,,,,,,,,,,,,0,"",,,,0,""
130,,6,0,6,2,0,1,2,0,0,0,255,255,255,51,5168.314,"_Chun",L,10,79,107,1.746,-1.273,-0.203,1.987,0.707,1.384,-36.663,34.047,90,10,0,4,"",29.83,399.925,-1.524,0,0,2,"=","=","=","=","=","=","=","=","=",8,L,"Sabo_10",185.3,88,0.452,,52,W,Y,1,,,,,,,,,,,,,,,,,,,,,,,,,,,,,0,0,,,,,,,,,,,,,,,,,,,,,,,,,,,,,,,,,,,,,,0.113,-37.58,0.003,-17.94,-21.74,-48.94,-15.068,-62.043,20.435,-46.315,14.422,-63.868,49.183,-104.84,1.715,-113.732,-45.673,-89.679,,,,"",,,,"",,,,"",,,,"",,,,"",,,,"",,,,"",,,,"",,,,5173.574,0.365,-37.777,,,,,,,,,,,,,,,,,,,,,,,,,,,,,,,,,,,,,,,,,,,,,,,,,,,,"",0,,,,,,,,,,,,,0,"",,,,0,""
131,,6,0,6,2,0,2,2,0,0,0,255,255,255,52,5189.073,"_Chun",L,14,91,126,-1.568,-0.431,-0.408,2.076,-0.109,1.706,-36.663,48.54,85,15,0,2,"",-362.391,344.489,-23.469,0,0,2,"=","=","=","=","=","=","=","=","=",8,L,"Sabo_10",185.3,88,0.452,0,52,W,Y,1,5189.917,248,99,93,97,68,,145,98,-9.213,-1.911,-0.289,0.863,-20.666,-0.59,0,0.574,101.393,266.921,109.548,5189.031,-0.147,-25.339,5191.314,3,-1.669,0.481,-64.553,0,0,,5195.263,,,,,,,,,,,,,5195.022,2,,147,1,,,,,,,,,,,,,,,,,,,0.027,-37.702,-0.193,-18.172,-21.632,-48.399,-11.665,-64.07,20.494,-46.158,15.042,-63.677,49.192,-104.817,1.806,-113.554,-45.92,-88.578,-0.381,-36.907,,"TaeGeuk_",-0.212,-18.134,,"檸檬の残骸",-21.614,-48.33,,"わかなで",-11.585,-63.912,95,"MODECO",20.48,-46.15,,"ke ro",15.044,-63.643,,"「론구」",49.195,-104.819,,"Mr․D VRC",1.808,-113.553,,"ゆっち一",-45.855,-88.431,,,,,,,,5194.454,-19.117,-40.212,5192.254,-2.143,-65.566,,,,,,,,,,,,,,,,,,,,,,,,,5193.168,-4.516,-60.849,,,,,,,,,,,,,,,,"",2,,,,,,,,,,,,,0,"わかなで",,,,65,""
132,SIDE,6,0,6,2,0,0,2,0,0,0,255,255,255,,5196.749,,,,,,,,,,,,,,,,,,,,,,,,3,"=","=","=","=","=","=","=","=","=",,,,,,,,,,,,,,,,,,,,,,,,,,,,,,,,,,,,,,,0,0,,,,,,,,,,,,,,,,,,,,,,,,,,,,,,,,,,,,,,,,,,,,,,,,,,,,,,,,,,,,,,,,,,,,,,,,,,,,,,,,,,,,,,,,,,,,,,,,,,,,,,,,,,,,,,,,,,,,,,,,,,,,,,,,,,,,,,,,,,,,,,,,,"",0,,,,,,,,,,,,,0,"",,,,0,""
133,,7,1,6,2,0,0,0,0,0,0,255,255,255,67,5251.345,"하루（Haru）",R,27,76,127,-0.385,-1.214,0.249,1.622,-0.254,0.778,-36.44,19.872,49,51,0,1,"",51.677,-145.439,15.199,0,0,0,"わかなで","ゆっち一","_Chun","MODECO","「론구」","Mr․D VRC","檸檬の残骸","TaeGeuk_","ke ro",3,L,"わかなで",160,94.246,0.2,,43,W,Y,0,,,,,,,,,,,,,,,,,,,,,,,,,,,,,0,0,,,,,,,,,,,,,,,,,,,,,,,,,,,,,,,,,,,,,,-0.068,-37.058,-0.083,-17.933,-18.443,-43.878,-11.526,-60.326,14.671,-41.817,8.865,-52.435,43.108,-83.265,5.252,-112.951,-41.131,-87.483,,,,"",,,,"",,,,"",,,,"",,,,"",,,,"",,,,"",,,,"",,,,,,,,,,,,,,,,,,,,,,,,,,,,,,,,,,,,,,,,,,,,,,,,,,,,,,,,,,"",0,,,,,,,,,,,,,0,"",,,,0,""
134,,7,1,6,2,1,0,0,0,0,0,255,255,255,68,5269.046,"하루（Haru）",R,27,71,123,-0.551,-0.996,0.245,1.659,-0.27,0.918,-36.44,20.843,53,47,0,0,"",14.014,-117.751,12.267,0,0,0,"=","=","=","=","=","=","=","=","=",3,L,"わかなで",160,94.246,0.2,,43,W,Y,0,,,,,,,,,,,,,,,,,,,,,,,,,,,,,0,0,,,,,,,,,,,,,,,,,,,,,,,,,,,,,,,,,,,,,,-0.057,-37.061,-0.072,-17.948,-18.609,-44.428,-11.259,-60.652,14.681,-41.813,8.645,-52.345,43.127,-83.277,5.999,-112.688,-43.254,-89.463,,,,"",,,,"",,,,"",,,,"",,,,"",,,,"",,,,"",,,,"",,,,,,,,,,,,,,,,,,,,,,,,,,,,,,,,,,,,,,,,,,,,,,,,,,,,,,,,,,"",0,,,,,,,,,,,,,0,"",,,,0,""
135,,7,1,6,2,1,1,0,0,0,0,255,255,255,69,5288.077,"하루（Haru）",R,10,51,99,1.183,-2.97,0.411,1.598,0.504,0.685,-36.44,28.706,38,62,0,4,"",0,400,-5.245,0.221,-20.585,0,"=","=","=","=","=","=","=","=","=",3,L,"わかなで",160,94.246,0.2,,43,W,Y,1,,,,,,,,,,,,,,,,,,,,,,,,,,,,,0,0,,,,,,,,,,,,,,,,,,,,,,,,,,,,,,,,,,,,,,0.069,-37.011,-0.072,-17.973,-18.62,-44.581,-11.434,-61.548,14.669,-41.763,8.72,-52.861,45.011,-85.38,6.443,-113.145,-43.264,-89.453,,,,"",,,,"",,,,"",,,,"",,,,"",,,,"",,,,"",,,,"",,,,,,,,,,,,,,,,,,,,,,,,,,,,,,,,,,,,,,,,,,,,,,,,,,,,,,,,,,"",0,,,,,,,,,,,,,0,"",,,,0,""
136,,7,1,6,2,1,2,0,0,0,0,255,255,255,70,5307.888,"하루（Haru）",R,10,50,99,1.51,-2.377,0.442,1.694,0.645,1.053,-36.44,30.255,47,53,0,2,"",0,400,-15.577,0,0,0,"=","=","=","=","=","=","=","=","=",3,L,"わかなで",160,94.246,0.2,3,43,W,Y,1,5309.108,183,128,100,98,105,,145,116,-30,26.024,0.277,0.235,-20.577,0.75,0,0.515,-288.998,197.052,193.114,5308.097,0.137,-20.864,5311.48,8,-30.705,0.058,-80.137,1,0,,5313.472,,,,,,,,,,,,,,,,,,,,,,,,,,,,,,,,,,,,0.118,-37.171,-0.029,-18.157,-18.567,-44.456,-11.453,-61.598,14.744,-41.374,7.84,-50.251,47.204,-88.737,4.392,-114.305,-44.83,-90.879,0.074,-36.905,,"Megu3568",-0.001,-18.196,,"濃いめのラー油",-18.418,-43.787,85,"Fresh825",-11.359,-61.368,,"Muna_328",14.727,-41.347,,"schmoneymikey",7.937,-50.004,,"Dοpi",46.934,-87.804,,"うよすま",4.451,-114.335,,"Sabo_10",-44.333,-90.556,108,5319.432,-2.742,-38.548,,,,5314.814,-19.713,-40.578,,,,,,,,,,,,,,,,5312.56,-31.292,-81.054,,,,,,,5318.504,-17.685,-39.61,,,,,,,,,,,,,,,,5313.081,-30.988,-78.867,"",2,,,,,,,,,,,,,0,"Sabo_10",,,,52,""
137,,7,1,6,2,0,0,0,1,0,0,3,255,255,71,5338.976,"하루（Haru）",R,27,69,108,-0.908,-0.684,0.205,1.592,-0.304,1.07,-36.44,24.987,47,53,0,0,"",-52.873,-117.917,0.833,0,0,1,"=","=","=","=","=","=","=","=","=",8,L,"ゆっち一",181.4,84,0.401,,73,W,Y,0,,,,,,,,,,,,,,,,,,,,,,,,,,,,,0,0,,,,,,,,,,,,5353.225,,,,,,,,,,,,,,,,,,,,,,,,,,-0.214,-36.986,-0.079,-18.04,-18.318,-39.254,-2.953,-63.117,25.182,-50.146,14.869,-61.657,54.831,-101.615,8.677,-123.914,-40.161,-103.315,,,,"",,,,"",,,,"",,,,"",,,,"",,,,"",,,,"",,,,"",,,,5346.832,0.069,-36.583,,,,,,,,,,,,,,,,,,,,,,,,,,,,,,,,,,,,,,,,,,,,,,,,,,,,"",0,,,,,,,,,,,,,0,"",,,,0,""
138,,7,1,6,2,0,1,0,1,0,0,3,255,255,72,5360.892,"하루（Haru）",R,27,75,126,-0.857,0.059,0.208,1.803,-0.443,1.495,-36.44,30.298,95,5,0,0,"",41.148,-134.24,8.656,0,0,1,"=","=","=","=","=","=","=","=","=",8,L,"ゆっち一",181.4,84,0.401,,73,W,Y,0,,,,,,,,,,,,,,,,,,,,,,,,,,,,,0,0,,,,,,5363.428,,,,,,,,,,,,,,,,,,,,,,,,,,,,,,,,-0.143,-37.05,-0.058,-18.008,-18.664,-39.306,-2.642,-62.212,25.344,-49.91,14.759,-62.04,56.322,-100.849,9.053,-125.22,-40.316,-101.875,,,,"",,,,"",,,,"",,,,"",,,,"",,,,"",,,,"",,,,"",,,,5368.471,0.076,-41.233,,,,,,,,,,,,,,,,,,,,,,,,,,,,,,,,,,,,,,,,,,,,,,,,,,,,"",0,,,,,,,,,,,,,0,"",5363.428,,,0,""
139,,7,1,6,2,0,2,0,0,1,0,255,3,255,73,5390.369,"하루（Haru）",R,4,52,103,-0.185,0.02,0.386,1.842,0.387,1.627,-36.44,52.933,0,100,0,2,"",-242.946,0,9.452,0,0,1,"=","=","=","=","=","=","=","=","=",8,L,"ゆっち一",181.4,84,0.401,5,73,W,Y,1,5391.565,255,115,95,75,37,,145,103,31.143,14.283,-0.046,0.958,-20.19,-0.16,0,0.324,378.745,-158.739,-432.814,5395.797,-17.223,-106.618,5398.13,7,-20.03,0.059,-123.961,1,0,,5396.997,5401.651,,,,,,5400.475,5405.139,,,5390.869,,,,,,,,,,,,,,,,,,,,,,,5406.007,1,-0.087,-37.192,-0.086,-18.051,-20.224,-45.733,-13.48,-64.974,22.894,-47.239,15.666,-61.653,54.657,-100.163,9.922,-124.855,-42.429,-99.163,0.035,-37.093,,"Megu3568",-0.091,-17.98,,"濃いめのラー油",-19.885,-45.315,120,"Fresh825",-13.322,-64.739,,"Muna_328",22.919,-47.138,,"schmoneymikey",15.665,-61.645,,"Dοpi",54.661,-100.155,,"うよすま",9.927,-124.833,115,"Sabo_10",-42.429,-99.153,,,,,5405.445,0.291,-20.32,5403.639,-13.552,-48.051,,,,,,,,,,,,,5399.226,-19.577,-123.553,,,,,,,,,,5404.344,-10.441,-44.674,,,,,,,,,,,,,5400.684,-18.86,-117.833,,,,"",2,17.108,17.108,4.167,0,0,1,31.143,31.143,48.067,31.143,0,18.689,0,"うよすま",5393.422,5400.475,5405.139,35,""
140,,7,1,7,2,0,0,0,0,1,0,255,8,255,74,5468.009,"하루（Haru）",R,12,41,98,-0.811,-0.128,0.226,1.87,-0.36,1.717,-36.44,31.389,100,0,0,2,"",0,118.408,-8.787,0,0,2,"=","=","=","=","=","=","=","=","=",0,L,"_Chun",190,80,0.455,5,52,W,Y,1,5469.185,255,117,85,123,54,,145,93,54.757,-50.227,-0.147,0.989,-20.567,-0.82,0,0.478,460.187,-154.264,-195.889,5474.031,48.141,-52.18,,,,,,0,0,,,,,,,,,,,,,5475.319,,,,,,,,,,,,,,,,,,,,,,,,,-0.036,-37.003,0.023,-18.148,-18.83,-48.446,-10.009,-66.676,23.435,-47.757,16.158,-61.369,56.832,-99.604,8.794,-123.903,-39.526,-93.768,0.05,-36.948,,"Megu3568",-0.024,-18.055,,"濃いめのラー油",-18.552,-48.379,,"Fresh825",-12.633,-64.816,,"Muna_328",23.43,-47.564,,"schmoneymikey",16.151,-61.34,,"Dοpi",56.382,-99.358,,"うよすま",8.008,-123.666,,"Sabo_10",-39.516,-93.754,,,,,,,,,,,,,,,,,,,,,,,,,,,,,,,,,,,,,,,,,,,,,,,,,,,,,,,,"",3,-48.882,-48.882,-5.364,0,0,1,54.757,54.757,70.628,54.757,0,-68.387,0,"",5472.09,,,0,""
141,,7,1,7,2,0,1,0,0,1,0,255,8,255,75,5498.31,"하루（Haru）",R,26,74,125,-0.392,0.911,0.257,1.963,-0.213,2.02,-36.44,39.884,90,10,0,2,"",21.804,-156.401,14.387,0,0,2,"=","=","=","=","=","=","=","=","=",0,L,"_Chun",190,80,0.455,5,87,W,Y,1,5499.334,211,109,118,91,57,,145,107,25.833,-51.739,-0.079,1.348,-20.112,0.93,0,0.491,163.457,-70.017,94.7,5503.064,73.464,-76.128,,,,,,0,0,,,,,,,,,,,,,5525.758,,,,,,,,,,,,,,,,,,,,,,,,,-0.131,-37.096,-0.033,-18.106,-21.043,-47.554,-12.754,-65.356,22.848,-46.81,14.974,-62.698,56.254,-99.002,6.887,-124.569,-40.031,-90.755,0.364,-37.013,,"Megu3568",-0.048,-18.055,,"濃いめのラー油",-20.393,-47.383,,"Fresh825",-12.694,-65.13,,"Muna_328",22.821,-46.639,,"schmoneymikey",14.973,-62.686,,"Dοpi",56.252,-98.991,,"うよすま",6.797,-124.56,,"Sabo_10",-40.03,-90.747,,,,,,,,,,,,,,,,,,,,,,,,,,,,,,,,,,,,,,,,,,,,,,,,,,,,,,,,"",3,-50.642,-50.642,-12.521,0,0,1,34.756,34.756,49.509,34.756,0,-59.057,0,"",5508.531,,,0,""
142,,7,1,7,2,0,2,0,0,1,0,255,8,255,76,5529.019,"하루（Haru）",R,10,55,101,1.333,-1.882,0.425,1.652,0.568,1.013,-36.44,29.126,49,51,0,2,"",0,400,-10.491,0,0,2,"=","=","=","=","=","=","=","=","=",0,L,"_Chun",190,80,0.455,3,87,W,Y,1,5530.172,255,136,102,116,58,,145,87,-30,-4.662,0.257,0.466,-21.401,1,0,0.649,-352.497,-134.265,138.094,5529.114,0.314,-22.094,5530.197,0,-0.036,1.467,-35.343,0,0,,5535.972,,,,,,,5532.743,,,,,,5535.175,2,,147,16,,,,,,,,,,,5534.643,2,,,,,,,0.091,-37.064,-0.019,-18.101,-20.159,-47.211,-12.369,-65.328,23.265,-47.262,15.178,-61.529,57.064,-97.104,9.169,-123.973,-38.617,-99.043,0.207,-37.094,117,"Megu3568",0.019,-18.261,,"濃いめのラー油",-19.445,-46.485,67,"Fresh825",-12.298,-65.122,,"Muna_328",23.322,-47.132,,"schmoneymikey",15.181,-61.528,,"Dοpi",56.906,-97.262,,"うよすま",9.409,-123.94,,"Sabo_10",-38.633,-99.045,,5531.249,0.007,-36.35,,,,5533.897,-19.549,-39.723,,,,,,,,,,,,,,,,,,,5533.045,-3.042,-36.27,,,,5538.497,-9.814,-39.471,,,,,,,,,,,,,,,,,,,"",2,,,,,,,,,,,,,0,"하루（Haru）",,5532.743,,48,""
143,,7,1,7,2,0,0,1,0,0,1,255,255,8,77,5681.77,"하루（Haru）",R,10,52,99,0.624,-1.749,0.359,1.684,0.262,1.114,-36.44,34.489,49,51,0,2,"",0,400,-19.686,0,0,3,"=","=","=","=","=","=","=","=","=",4,R,"MODECO",190,85,0.447,3,52,W,Y,1,5682.962,0,0,0,0,0,,0,31,-22.998,64.561,0.124,0.446,-20.964,1,0,0.629,-172.228,505.099,140.084,5682.014,-1.392,-21.67,5686.247,2,-17.945,0.058,-31.319,0,0,,,,,,,,,,,,,,5713.797,,,,,,,,,,,,,,,,,,,,,,,,-0.045,-36.918,0.059,-17.685,-21.02,-46.249,-14.811,-64.226,20.638,-41.554,8.336,-64.782,37.941,-91.162,-8.484,-121.296,-48.196,-98.632,0.057,-36.866,,"Megu3568",0.041,-17.723,,"濃いめのラー油",-20.971,-46.125,85,"Fresh825",-14.736,-64.002,,"Muna_328",20.433,-44.218,,"schmoneymikey",8.063,-64.453,,"Dοpi",38.022,-91.282,,"うよすま",-9.535,-119.823,,"Sabo_10",-48.187,-98.633,,5692.569,-1.246,-40.602,,,,5687.377,-18.638,-31.858,,,,,,,,,,,,,,,,,,,,,,,,,5691.779,-10.956,-33.688,,,,,,,,,,,,,,,,,,,"",3,,,,,,,,,,,,,0,"濃いめのラー油",,5692.063,,48,""
144,,7,1,7,2,0,1,1,0,0,1,255,255,8,78,5713.911,"하루（Haru）",R,0,35,95,-1.282,0.016,0.182,1.845,-0.564,1.636,-36.44,51.502,100,0,0,0,"",0,0,-12.365,0,0,3,"=","=","=","=","=","=","=","=","=",4,R,"MODECO",190,85,0.447,,52,W,Y,1,,,,,,,,,,,,,,,,,,,,,,,,,,,,,0,0,,,,,,,,,,,,,,5732.023,,,,,,,,,,,,,,,,,,,,,,,,-0.102,-36.999,-0.017,-17.664,-20.504,-45.537,-15.009,-63.839,20.215,-41.242,8.201,-65.267,37.25,-97.972,-6.799,-115.415,-46.536,-108.727,,,,"",,,,"",,,,"",,,,"",,,,"",,,,"",,,,"",,,,"",,,,5719.433,0.004,-36.874,,,,,,,,,,,,,,,,,,,,,,,,,,,,,,,,,,,,,,,,,,,,,,,,,,,,"",0,,,,,,,,,,,,,0,"",,5716.557,,0,""
145,,7,1,7,2,0,2,1,0,0,1,255,255,8,79,5732.209,"하루（Haru）",R,10,57,103,-1.296,-2.529,0.18,1.455,-0.573,0.373,-36.44,24.714,41,59,0,1,"",0,400,-10.244,-0.22,-21.241,3,"=","=","=","=","=","=","=","=","=",4,R,"MODECO",190,85,0.447,,52,W,Y,0,,,,,,,,,,,,,,,,,,,,,,,,,,,,,0,0,,,,,,,,,,,,,,5751.756,,,,,,,,,,,,,,,,,,,,,,,,-0.167,-36.816,-0.014,-17.692,-20.596,-45.794,-15.015,-63.84,19.859,-40.453,8.56,-65.984,41.916,-97.146,-6.435,-118.247,-46.243,-109.103,,,,"",,,,"",,,,"",,,,"",,,,"",,,,"",,,,"",,,,"",,,,5739.402,-0.137,-36.952,,,,,,,,,,,,,,,,,,,,,,,,,,,,,,,,,,,,,,,,,,,,,,,,,,,,"",0,,,,,,,,,,,,,0,"",,5734.449,,0,""
146,,7,1,7,2,1,2,1,0,0,1,255,255,8,80,5757.174,"하루（Haru）",R,10,53,100,-2.016,-1.197,0.114,1.787,-0.881,1.449,-36.44,29.491,49,51,0,2,"",0,400,-15.496,0,0,3,"=","=","=","=","=","=","=","=","=",4,R,"MODECO",190,85,0.447,3,52,W,Y,1,5758.467,206,62,70,69,50,,144,86,-30,65.375,-0.399,0.414,-19.573,1,0,0.321,231.263,426.682,-291.41,5757.431,-1.722,-20.177,,,,,,0,0,,,,,,,,,,,,,,,,,,,,,,,,,,,,,,,,,,,,,,-0.264,-36.847,0.001,-17.76,-20.529,-45.737,-15.003,-63.842,20.2,-40.865,7.918,-65.777,41.058,-98.987,-6.534,-115.969,-47.221,-108.123,-0.134,-36.893,,"Megu3568",-0.195,-17.939,,"濃いめのラー油",-20.557,-45.491,,"Fresh825",-14.929,-63.582,,"Muna_328",19.479,-44.679,,"schmoneymikey",7.917,-65.779,,"Dοpi",41.058,-98.982,,"うよすま",-6.534,-115.986,,"Sabo_10",-47.234,-108.101,,,,,,,,,,,,,,,,,,,,,,,,,,,,,,,,,,,,,,,,,,,,,,,,,,,,,,,,"",3,,,,,,,,,,,,,0,"",,5764.089,,0,""
147,,7,1,7,2,1,2,1,0,0,1,255,255,8,81,5780.651,"하루（Haru）",R,27,81,132,2.129,0.876,0.481,1.97,0.826,2.042,-36.44,49.625,90,10,0,4,"",60.88,-115.814,1.5,0,0,3,"=","=","=","=","=","=","=","=","=",4,R,"MODECO",190,85,0.447,,52,W,Y,1,,,,,,,,,,,,,,,,,,,,,,,,,,,,,0,0,,,,,,,,,,,,,,5780.691,5783.3,3,,578,0,,,,,,,,,,,,,,,,,,,-0.136,-36.938,0.007,-17.873,-21.276,-46.223,-15.214,-63.886,20.128,-41.132,7.98,-65.47,39.887,-100.288,-6.941,-114.321,-46.704,-109.273,,,,"",,,,"",,,,"",,,,"",,,,"",,,,"",,,,"",,,,"",,,,,,,,,,,,,,,,,,,,,,,,,,,,,,,,,,,,,,,,,,,,,,,,,,,,,,,,,,"",0,,,,,,,,,,,,,0,"",,5783.543,,0,""
148,,7,1,7,2,1,0,2,0,0,1,255,255,8,82,6017.461,"하루（Haru）",R,26,78,128,1.613,0.646,0.44,1.888,0.637,1.782,-36.44,41.378,91,9,0,2,"",60.303,-196.173,8.965,0,0,4,"=","=","=","=","=","=","=","=","=",6,R,"「론구」",179.9,80,0.8,5,73,W,Y,1,6018.656,255,113,143,64,46,,145,106,1.084,-32.82,0.203,1.207,-20.533,0.02,0,0.427,340.665,428.47,209.875,6018.631,15.691,-45.993,6018.931,4,14.931,0.215,-44.675,0,0,,,,,,,,,,,,,,6017.568,6019.955,4,,453,0,,,,,,,,,,,,,,,,,,,-0.11,-36.929,-0.045,-17.827,-20.009,-45.998,-15.956,-63.486,19.953,-40.666,7.015,-65.514,41.336,-95.002,-5.456,-113.198,-49.308,-97.259,0.131,-36.797,,"Megu3568",-0.049,-17.798,,"濃いめのラー油",-19.933,-45.766,,"Fresh825",-15.939,-63.407,,"Muna_328",19.088,-43.793,94,"schmoneymikey",7.014,-65.503,,"Dοpi",41.409,-94.996,,"うよすま",-5.443,-112.879,,"Sabo_10",-49.307,-97.242,,,,,6023.312,-1.058,-18.761,,,,,,,6019.966,15.875,-45.27,,,,,,,,,,,,,,,,,,,,,,,,,6021.875,15.109,-40.684,,,,,,,,,,,,,"",1,-32.577,-32.577,8.095,0,0,1,1.084,1.084,-1.414,1.084,0,-82.125,0,"Muna_328",,,,66,""
149,SIDE,7,1,7,2,0,0,2,0,0,1,255,255,8,,6023.48,,,,,,,,,,,,,,,,,,,,,,,,5,"=","=","=","=","=","=","=","=","=",,,,,,,,,,,,,,,,,,,,,,,,,,,,,,,,,,,,,,,0,0,,,,,,,,,,,6023.548,,,,,,,,,,,,,,,,,,,,,,,,,,,,,,,,,,,,,,,,,,,,,,,,,,,,,,,,,,,,,,,,,,,,,,,,,,,,,,,,,,,,,,,,,,,,,,,,,,,,,,,,,,,,,,,,,,,,,,,,,,,,,,,,,,,,,,"",0,,,,,,,,,,,,,0,"",,,6023.548,0,""
150,,7,0,7,2,0,0,0,0,0,0,255,255,255,0,6242.47,"檸檬の残骸",R,28,83,135,-0.533,-0.213,0.207,1.681,-0.315,1.403,-36.338,30.021,92,8,0,0,"",55.966,-77.48,-1.855,0,0,3,"うよすま","Megu3568","Sabo_10","Fresh825","하루（Haru）","濃いめのラー油","Muna_328","schmoneymikey","Dοpi",3,L,"Fresh825",190,80,0.2,,51,W,Y,0,,,,,,,,,,,,,,,,,,,,,,,,,,,,,0,0,,,,,,,,,,,,,,,,,,,,,,,,,,,,,,,,,,,,,,-0.215,-37.286,-0.07,-17.202,-20.34,-45.149,-12.722,-64.592,19.874,-47.253,11.631,-64.662,46.393,-96.728,2.355,-115.748,-47.631,-89.265,,,,"",,,,"",,,,"",,,,"",,,,"",,,,"",,,,"",,,,"",,,,,,,,,,,,,,,,,,,,,,,,,,,,,,,,,,,,,,,,,,,,,,,,,,,,,,,,,,"",0,,,,,,,,,,,,,0,"",,,,0,""
151,,7,0,7,2,0,1,0,0,0,0,255,255,255,1,6259.124,"檸檬の残骸",R,10,82,124,-3.253,-2.014,-0.031,1.477,-1.414,0.731,-36.338,10.736,60,40,0,1,"",-0.785,365.752,-2.399,0,0,3,"=","=","=","=","=","=","=","=","=",3,L,"Fresh825",190,80,0.2,,51,W,Y,0,,,,,,,,,,,,,,,,,,,,,,,,,,,,,0,0,,,,,,,,,,,,,,,,,,,,,,,,,,,,,,,,,,,,,,-0.265,-37.302,-0.141,-17.343,-19.833,-44.936,-14.458,-63.302,19.879,-47.075,11.252,-64.602,46.39,-96.728,3.365,-114.685,-48.433,-90.027,,,,"",,,,"",,,,"",,,,"",,,,"",,,,"",,,,"",,,,"",,,,,,,,,,,,,,,,,,,,,,,,,,,,,,,,,,,,,,,,,,,,,,,,,,,,,,,,,,"",0,,,,,,,,,,,,,0,"",,,,0,""
152,,7,0,7,2,1,1,0,0,0,0,255,255,255,2,6277.057,"檸檬の残骸",R,0,75,113,0.1,1.039,0.281,1.977,0.038,2.259,-36.338,40.089,97,3,0,2,"",-2.179,0,0.184,0,0,3,"=","=","=","=","=","=","=","=","=",3,L,"Fresh825",190,80,0.2,5,51,W,Y,1,6278.188,186,87,109,87,72,,145,97,32.691,-39.031,0.012,1.388,-20.052,-0.59,0,0.182,519.853,-65.778,290.591,6282.464,52.985,-82.78,6282.614,6,51.31,2.515,-80.825,0,0,,6283.597,,,,,,,,,,,,,6283.737,3,,455,0,,,,,,,,,,,,,,,,,,,-0.157,-37.374,-0.159,-17.265,-19.772,-44.864,-13.919,-63.567,19.901,-47.089,11.234,-64.48,46.639,-96.825,3.389,-113.832,-46.836,-88.306,-0.145,-37.121,,"_Chun",-0.133,-17.296,,"TaeGeuk_",-19.742,-44.871,,"わかなで",-10.755,-64.335,,"MODECO",19.853,-47.012,,"ke ro",11.286,-64.763,,"「론구」",46.439,-96.614,85,"Mr․D VRC",3.427,-113.586,,"ゆっち一",-45.843,-87.82,,6288.972,5.859,-42.892,,,,,,,,,,,,,,,,6283.747,51.841,-81.525,,,,,,,,,,,,,,,,,,,,,,,,,6285.649,49.563,-79.096,,,,,,,"",1,-38.076,-38.076,-10.395,0,2,0.235,79.098,32.691,-5.309,75.702,0.074,-102.935,0,"「론구」",,,,80,""
153,,7,0,7,2,0,0,1,0,0,0,255,255,255,3,6310.068,"檸檬の残骸",R,0,80,117,-1.272,-0.671,0.021,1.437,-0.555,1.193,-36.338,16.949,47,53,0,0,"",0,0,-0.241,0,0,4,"=","=","=","=","=","=","=","=","=",0,L,"하루（Haru）",190,85.172,0.403,,52,W,Y,0,,,,,,,,,,,,,,,,,,,,,,,,,,,,,0,0,,,,,,,,,,,,,,,,,,,,,,,,,,,,,,,,,,,,,,-0.287,-36.924,-0.098,-17.316,-17.432,-45.867,-13.513,-63.512,20.704,-47.273,14.335,-63.529,49.991,-95.277,7.077,-116.883,-47.868,-89.362,,,,"",,,,"",,,,"",,,,"",,,,"",,,,"",,,,"",,,,"",,,,6314.175,0.08,-37.653,,,,,,,,,,,,,,,,,,,,,,,,,,,,,,,,,,,,,,,,,,,,,,,,,,,,"",0,,,,,,,,,,,,,0,"",,,,0,""
154,,7,0,7,2,0,1,1,0,0,0,255,255,255,4,6328.166,"檸檬の残骸",R,0,75,113,0.308,-0.365,0.284,1.649,0.125,1.383,-36.338,33.08,100,0,0,0,"",0,0,-3.031,0,0,4,"=","=","=","=","=","=","=","=","=",0,L,"하루（Haru）",190,85.172,0.403,,52,W,Y,0,,,,,,,,,,,,,,,,,,,,,,,,,,,,,0,0,,,,,,,,,,,,,,,,,,,,,,,,,,,,,,,,,,,,,,-0.212,-37.329,0.015,-17.258,-18.593,-45.611,-9.945,-65.318,20.781,-47.297,13.987,-63.366,48.075,-96.217,6.622,-113.862,-45.783,-88.544,,,,"",,,,"",,,,"",,,,"",,,,"",,,,"",,,,"",,,,"",,,,6332.447,0.049,-37.181,,,,,,,,,,,,,,,,,,,,,,,,,,,,,,,,,,,,,,,,,,,,,,,,,,,,"",0,,,,,,,,,,,,,0,"",,,,0,""
155,,7,0,7,2,0,2,1,0,0,0,255,255,255,5,6347.621,"檸檬の残骸",R,26,88,140,-3.227,-1.459,-0.135,1.304,-1.556,0.533,-36.338,16.566,51,49,0,1,"",116.912,-197.65,8.638,0,0,4,"=","=","=","=","=","=","=","=","=",0,L,"하루（Haru）",190,85.172,0.403,,52,W,Y,0,,,,,,,,,,,,,,,,,,,,,,,,,,,,,0,0,,,,,,,,,,,,,,,,,,,,,,,,,,,,,,,,,,,,,,-0.299,-37.132,-0.127,-17.251,-18.18,-43.852,-13.6,-64.012,20.758,-47.266,13.474,-64.042,48.169,-96.373,6.8,-114.891,-46.807,-90.597,,,,"",,,,"",,,,"",,,,"",,,,"",,,,"",,,,"",,,,"",,,,6351.654,0.237,-37.22,,,,,,,,,,,,,,,,,,,,,,,,,,,,,,,,,,,,,,,,,,,,,,,,,,,,"",0,,,,,,,,,,,,,0,"",,,,0,""
156,,7,0,7,2,1,2,1,0,0,0,255,255,255,6,6363.907,"檸檬の残骸",R,26,85,138,-0.164,0.291,0.201,1.719,-0.233,1.649,-36.338,34.812,99,1,0,2,"",116.08,-165.261,-6.399,0,0,4,"=","=","=","=","=","=","=","=","=",0,L,"하루（Haru）",190,85.172,0.403,3,52,W,Y,1,6365.021,246,94,109,64,44,,145,130,30.598,-48.775,0.024,1.09,-19.545,0.64,0,0.309,385.614,-147.822,435.259,6369.414,95.244,-97.776,,,,,,0,0,,,,,,,,,,,,,,,,,,,,,,,,,,,,,,,,,,,,,,-0.239,-37.326,-0.174,-17.209,-18.039,-42.997,-13.191,-64.37,20.816,-47.321,14.184,-64.151,47.956,-96.158,6.818,-114.973,-44.236,-90.174,-0.157,-37.037,,"_Chun",-0.083,-17.328,,"TaeGeuk_",-18.134,-43.387,,"わかなで",-13.822,-67.573,,"MODECO",20.781,-47.208,,"ke ro",14.155,-64.102,,"「론구」",47.733,-95.88,,"Mr․D VRC",6.819,-114.98,,"ゆっち一",-44.248,-90.181,,,,,,,,,,,,,,,,,,,,,,,,,,,,,,,,,,,,,,,,,,,,,,,,,,,,,,,,"",3,,,,,,,,,,,,,0,"",,,,0,""
157,,7,0,7,2,1,2,1,0,0,0,255,255,255,7,6407.121,"檸檬の残骸",R,13,82,109,-2.417,-1.333,0.109,1.515,-0.552,1.151,-36.338,16.357,51,49,0,1,"",-278.37,288.188,-4.24,0,0,4,"=","=","=","=","=","=","=","=","=",0,L,"하루（Haru）",190,85.172,0.403,,35,W,Y,0,,,,,,,,,,,,,,,,,,,,,,,,,,,,,0,0,,,,,,,,,,,,,,,,,,,,,,,,,,,,,,,,,,,,,,-0.206,-37.309,-0.132,-17.139,-18.451,-45.193,-12.517,-64.729,21.109,-46.118,13.01,-63.951,52.574,-96.305,7.225,-114.168,-45.401,-89.559,,,,"",,,,"",,,,"",,,,"",,,,"",,,,"",,,,"",,,,"",,,,,,,,,,,,,,,,,,,,,,,,,,,,,,,,,,,,,,,,,,,,,,,,,,,,,,,,,,"",0,,,,,,,,,,,,,0,"",,,,0,""
158,,7,0,7,2,2,2,1,0,0,0,255,255,255,8,6425.973,"檸檬の残骸",R,26,87,140,-3.105,-0.852,-0.054,1.545,-1.501,0.94,-36.338,8.869,47,53,0,4,"",113.465,-157.994,1.116,0,0,4,"=","=","=","=","=","=","=","=","=",0,L,"하루（Haru）",190,85.172,0.403,,35,W,Y,1,,,,,,,,,,,,,,,,,,,,,,,,,,,,,0,0,,6434.107,,,,,,,,,,,,,6428.608,4,,578,0,,,,,,,,,,,,,,,,,,,-0.286,-37.295,-0.119,-17.233,-18.083,-43.669,-13.87,-62.7,21.372,-46.747,12.197,-64.261,52.556,-96.361,7.322,-114.199,-44.562,-89.584,,,,"",,,,"",,,,"",,,,"",,,,"",,,,"",,,,"",,,,"",,,,,,,,,,,,,,,,,,,,,,,,,,,,,,,,,,,,,,,,,,,,,,,,,,,,,,,,,,"",0,,,,,,,,,,,,,0,"",,,,0,""
159,,7,0,7,2,0,0,2,0,0,0,255,255,255,9,6449.582,"檸檬の残骸",R,27,86,140,0.612,0.112,0.223,1.621,0.109,1.561,-36.338,31.312,58,42,0,0,"",116.32,-142.563,-6.254,0,0,5,"=","=","=","=","=","=","=","=","=",2,L,"濃いめのラー油",190,80,0.8,,52,W,Y,0,,,,,,,,,,,,,,,,,,,,,,,,,,,,,0,0,,,,,,,,,,,,,,,,,,,,,,,,,,,,,,,,,,,,,,-0.223,-37.433,-0.06,-17.148,-19.154,-40.094,-12.627,-63.671,20.996,-46.874,13.672,-64.741,47.202,-101.955,5.715,-114.93,-44.563,-88.278,,,,"",,,,"",,,,"",,,,"",,,,"",,,,"",,,,"",,,,"",,,,,,,,,,,,,,,,,,,,,,,,,,,,,,,,,,,,,,,,,,,,,,,,,,,,,,,,,,"",0,,,,,,,,,,,,,0,"",,,,0,""
160,,7,0,7,2,0,1,2,0,0,0,255,255,255,10,6465.376,"檸檬の残骸",R,22,82,113,-0.754,-0.377,0.194,1.627,-0.018,1.604,-36.338,30.772,70,30,0,0,"",-183.691,185.449,-5.393,0,0,5,"=","=","=","=","=","=","=","=","=",2,L,"濃いめのラー油",190,80,0.8,,52,W,Y,0,,,,,,,,,,,,,,,,,,,,,,,,,,,,,0,0,,,,,,,,,,,,,,,,,,,,,,,,,,,,,,,,,,,,,,-0.306,-37.126,-0.107,-17.32,-18.574,-41.432,-14.197,-62.4,21.188,-46.987,13.262,-64.326,47.31,-102.062,5.878,-115.198,-45.114,-87.878,,,,"",,,,"",,,,"",,,,"",,,,"",,,,"",,,,"",,,,"",,,,,,,,,,,,,,,,,,,,,,,,,,,,,,,,,,,,,,,,,,,,,,,,,,,,,,,,,,"",0,,,,,,,,,,,,,0,"",,,,0,""
161,,7,0,7,2,0,2,2,0,0,0,255,255,255,11,6483.063,"檸檬の残骸",R,27,79,129,1.543,0.158,0.324,1.776,0.503,1.804,-36.338,47.043,100,0,0,2,"",108.423,-146.964,-6.909,0,0,5,"=","=","=","=","=","=","=","=","=",2,L,"濃いめのラー油",190,80,0.8,3,52,W,Y,1,6484.129,255,69,111,57,10,,145,87,100.227,-3.02,0.284,1.296,-20.587,1,0,0.101,125.968,-261.182,-500.721,6489.314,4.391,-1.822,,,,,,0,0,,,,,,,,,,,,,,,,,,,,,,,,,,,,,,,,,,,,,,-0.264,-37.285,0.061,-17.251,-18.166,-45.08,-11.531,-65.091,21.258,-46.889,12.764,-64.378,47.319,-102.069,5.914,-115.322,-44.445,-90.226,-0.26,-37.155,,"_Chun",0.111,-17.295,,"TaeGeuk_",-18.697,-46.777,,"わかなで",-5.377,-66.623,,"MODECO",21.194,-46.946,,"ke ro",12.847,-64.188,,"「론구」",47.285,-102.033,,"Mr․D VRC",5.913,-115.326,,"ゆっち一",-41.948,-91.866,,,,,,,,,,,,,,,,,,,,,,,,,,,,,,,,,,,,,,,,,,,,,,,,,,,,,,,,"",3,,,,,,,,,,,,,0,"",,,,0,""
162,,7,0,7,2,0,2,2,0,0,0,255,255,255,12,6507.042,"檸檬の残骸",R,0,83,120,-0.805,-0.123,0.086,1.593,-0.354,1.53,-36.338,24.855,100,0,0,0,"",0,0,-1.672,0,0,5,"=","=","=","=","=","=","=","=","=",2,L,"濃いめのラー油",190,80,0.8,,52,W,Y,0,,,,,,,,,,,,,,,,,,,,,,,,,,,,,0,0,,,,,,,,,,,,,,,6509.803,5,,578,0,,,,,,,,,,,,,,,,,,,-0.305,-37.204,0.045,-17.246,-18.624,-43.606,-13.858,-63.526,20.952,-46.82,12.953,-63.748,48.221,-103.075,5.973,-115.252,-44.82,-89.85,,,,"",,,,"",,,,"",,,,"",,,,"",,,,"",,,,"",,,,"",,,,,,,,,,,,,,,,,,,,,,,,,,,,,,,,,,,,,,,,,,,,,,,,,,,,,,,,,,"",0,,,,,,,,,,,,,0,"",,,,0,""
163,SIDE,7,0,7,2,0,0,2,0,0,0,255,255,255,,6512.49,,,,,,,,,,,,,,,,,,,,,,,,6,"=","=","=","=","=","=","=","=","=",,,,,,,,,,,,,,,,,,,,,,,,,,,,,,,,,,,,,,,0,0,,,,,,,,,,,,,,,,,,,,,,,,,,,,,,,,,,,,,,,,,,,,,,,,,,,,,,,,,,,,,,,,,,,,,,,,,,,,,,,,,,,,,,,,,,,,,,,,,,,,,,,,,,,,,,,,,,,,,,,,,,,,,,,,,,,,,,,,,,,,,,,,,"",0,,,,,,,,,,,,,0,"",,,,0,""
164,,8,1,7,2,0,0,0,0,0,0,255,255,255,0,6897.036,"うよすま",R,3,72,99,-1.151,-0.285,0.513,1.325,0.536,1.475,-36.788,49.182,30,70,0,0,"",-450,0,-28.384,0,0,5,"わかなで","ゆっち一","_Chun","MODECO","「론구」","Mr․D VRC","檸檬の残骸","TaeGeuk_","ke ro",7,R,"Mr․D VRC",177.1,92.352,0.432,,52,W,Y,0,,,,,,,,,,,,,,,,,,,,,,,,,,,,,0,0,,,,,,,,,,,,,,,,,,,,,,,,,,,,,,,,,,,,,,-0.014,-37.589,0.227,-17.831,-23.96,-47.921,-16.475,-63.257,19.302,-47.758,8.76,-66.16,45.86,-100.937,-17.16,-119.654,-49.477,-95.052,,,,"",,,,"",,,,"",,,,"",,,,"",,,,"",,,,"",,,,"",,,,,,,,,,,,,,,,,,,,,,,,,,,,,,,,,,,,,,,,,,,,,,,,,,,,,,,,,,"",0,,,,,,,,,,,,,0,"",,,,0,""
165,,8,1,7,2,0,1,0,0,0,0,255,255,255,1,6913.731,"うよすま",R,32,76,114,1.224,-0.846,0.368,1.156,0.068,1.117,-36.788,39.247,19,81,0,0,"",250,-10.6,-38.252,0,0,5,"=","=","=","=","=","=","=","=","=",7,R,"Mr․D VRC",177.1,92.352,0.432,,52,W,Y,0,,,,,,,,,,,,,,,,,,,,,,,,,,,,,0,0,,,,,,,,,,,,,,,,,,,,,,,,,,,,,,,,,,,,,,-0.014,-37.626,0.192,-17.855,-23.903,-47.954,-16.487,-63.286,19.301,-47.83,8.484,-65.935,44.185,-99.197,-13.309,-117.101,-49.414,-95.89,,,,"",,,,"",,,,"",,,,"",,,,"",,,,"",,,,"",,,,"",,,,,,,,,,,,,,,,,,,,,,,,,,,,,,,,,,,,,,,,,,,,,,,,,,,,,,,,,,"",0,,,,,,,,,,,,,0,"",,,,0,""
166,,8,1,7,2,0,2,0,0,0,0,255,255,255,2,6929.457,"うよすま",R,3,71,99,-3.065,-0.587,0.335,1.244,-0.389,1.3,-36.788,43.087,13,87,0,4,"",-428.009,0,-25.006,0,0,5,"=","=","=","=","=","=","=","=","=",7,R,"Mr․D VRC",177.1,92.352,0.432,,52,W,Y,1,,,,,,,,,,,,,,,,,,,,,,,,,,,,,0,0,,,,,,,,,,,,,,,6932.207,5,,578,0,,,,,,,,,,,,,,,,,,,-0.075,-37.649,-0.396,-17.699,-23.882,-47.925,-16.516,-63.282,19.309,-47.835,8.815,-65.859,43.083,-100.861,-22.052,-115.995,-49.039,-97.768,,,,"",,,,"",,,,"",,,,"",,,,"",,,,"",,,,"",,,,"",,,,,,,,,,,,,,,,,,,,,,,,,,,,,,,,,,,,,,,,,,,,,,,,,,,,,,,,,,"",0,,,,,,,,,,,,,0,"",,,,0,""
167,,8,1,7,2,0,0,1,0,0,0,255,255,255,3,6954.464,"うよすま",R,32,76,114,-0.968,-0.717,0.148,1.139,-0.904,1.142,-36.788,33.788,18,82,0,2,"",250,-36.208,-38.329,0,0,6,"=","=","=","=","=","=","=","=","=",0,L,"檸檬の残骸",190,80,0.409,5,52,W,Y,1,6955.586,255,174,37,37,24,,121,88,32.771,49.952,-0.183,0.766,-20.728,0.95,0,0.775,181.973,-187.256,-309.439,6959.397,-52.971,-69.054,,,,,,0,0,,6960.715,,,,,,,,,,,,,,,,,,,,,,,,,,,,,,,,,,,,-0.113,-37.669,-0.278,-17.708,-21.462,-49.42,-14.232,-64.92,20.38,-46.107,13.461,-63.481,54.619,-96.884,7.676,-121.944,-48.809,-97.17,-0.39,-38.064,,"Megu3568",-0.256,-17.808,,"Muna_328",-21.413,-49.427,,"Fresh825",-14.211,-64.897,,"하루（Haru）",20.385,-46.099,,"schmoneymikey",13.712,-63.121,,"Dοpi",53.095,-95.898,,"Tedonsama",7.963,-124.681,,"Sabo_10",-48.736,-97.272,,,,,,,,,,,,,,,,,,,,,,,,,,,,,,,,,,,,,,,,,,,,,,,,,,,,,,,,"",3,49.553,44.31,2.522,0,0,1,62.445,62.445,78.917,62.445,0,84.035,0,"",,,,0,""
168,,8,1,7,2,0,1,1,0,0,0,255,255,255,4,6985.182,"うよすま",R,6,39,79,2.241,-1.078,0.215,1.075,0.095,0.983,-36.788,36.172,0,100,0,4,"",316.736,0,-12.435,0,0,6,"=","=","=","=","=","=","=","=","=",0,L,"檸檬の残骸",190,80,0.409,,52,W,Y,1,,,,,,,,,,,,,,,,,,,,,,,,,,,,,0,0,,,,,,,,,,,,,,,,,,,,,,,,,,,,,,,,,,,,,,-0.045,-37.625,0.268,-17.732,-22.262,-49.702,-14.27,-65.061,20.373,-48.214,13.67,-63.144,59.326,-98.898,6.001,-121.345,-45.105,-94.961,,,,"",,,,"",,,,"",,,,"",,,,"",,,,"",,,,"",,,,"",,,,,,,,,,,,,,,,,,,,,,,,,,,,,,,,,,,,,,,,,,,,,,,,,,,,,,,,,,"",0,,,,,,,,,,,,,0,"",,,,0,""
169,,8,1,7,2,0,2,1,0,0,0,255,255,255,5,7005.957,"うよすま",R,33,84,136,-1.35,0.524,0.239,1.454,-0.755,1.925,-36.788,33.077,0,100,0,0,"",111.168,-24.557,2.814,0,0,6,"=","=","=","=","=","=","=","=","=",0,L,"檸檬の残骸",190,80,0.409,,52,W,Y,1,,,,,,,,,,,,,,,,,,,,,,,,,,,,,0,0,,,,,,,,,,,,,,,7008.55,6,,578,0,,,,,,,,,,,,,,,,,,,-0.112,-37.73,-0.264,-17.743,-22.16,-49.919,-14.262,-65.044,20.479,-46.56,13.939,-63.044,57.11,-101.654,5.99,-121.356,-44.764,-94.953,,,,"",,,,"",,,,"",,,,"",,,,"",,,,"",,,,"",,,,"",,,,,,,,,,,,,,,,,,,,,,,,,,,,,,,,,,,,,,,,,,,,,,,,,,,,,,,,,,"",0,,,,,,,,,,,,,0,"",,,,0,""
170,,8,1,7,2,0,0,2,0,0,0,255,255,255,6,7054.722,"うよすま",R,3,74,101,-0.386,-0.329,0.564,1.191,0.844,1.453,-36.788,42.782,28,72,0,2,"BH-|TE+",-454.858,0,-27.94,0,0,7,"=","=","=","=","=","=","=","=","=",2,R,"TaeGeuk_",176.6,82,0.365,5,52,W,Y,1,7055.668,255,255,150,105,77,,145,85,-30,-54.688,-0.051,0.855,-20.634,1,0,0.268,-250.56,290.668,219.146,7054.547,1.055,-21.418,7061.464,6,37.205,0.059,-62.023,1,0,,7060.953,,,,,,,,,,,,,,,,,,,,,,,,,,,,,,,,,,,,0.162,-37.591,0.111,-17.612,-24.057,-48.415,-16.29,-63.176,18.927,-48.687,8.576,-65.743,49.695,-92.788,-12.983,-122.101,-47.171,-95.422,-0.167,-38.016,,"Megu3568",0.089,-17.65,,"Muna_328",-24.026,-48.364,,"Fresh825",-16.158,-62.941,75,"하루（Haru）",18.921,-48.674,,"schmoneymikey",8.579,-65.76,,"Dοpi",49.682,-92.766,99,"Tedonsama",-13.025,-122.071,,"Sabo_10",-47.546,-95.271,,7069.897,-0.016,-38.741,,,,,,,7065.333,-0.455,-59.179,,,,,,,7062.611,38.098,-62.945,,,,,,,,,,,,,,,,7068.682,-1.211,-57.209,,,,,,,7063.718,31.719,-61.35,,,,,,,"",2,-65.591,-41.145,-6.987,0.674,2,0.18,-61.834,-50.295,-44.22,-60.258,0.064,-102.457,0,"Dοpi",,,,265,""
171,,8,1,7,2,0,0,2,1,0,0,2,255,255,7,7086.866,"うよすま",R,3,60,91,-2.687,-0.408,0.41,1.188,-0.17,1.424,-36.788,65.905,0,100,0,1,"",-413.636,0,-17.36,0,0,8,"=","=","=","=","=","=","=","=","=",5,R,"ke ro",169.7,80.196,0.397,,52,W,Y,0,,,,,,,,,,,,,,,,,,,,,,,,,,,,,0,0,,,,,,,,,,,,7127.216,,,,,,,,,,,,,,,,,,,,,,,,,,-0.168,-37.631,-0.404,-17.894,-20.389,-41.069,-16.248,-63.143,18.259,-47.838,8.157,-65.551,40.619,-87.091,-13.439,-120.53,-40.868,-90.509,,,,"",,,,"",,,,"",,,,"",,,,"",,,,"",,,,"",,,,"",,,,7094.954,-0.465,-37.8,,,,,,,,,,,,,,,,,,,,,,,,,,,,,,,,,,,,,,,,,,,,,,,,,,,,"",0,,,,,,,,,,,,,0,"",,,,0,""
172,,8,1,7,2,1,0,2,1,0,0,2,255,255,8,7136.498,"うよすま",R,3,70,98,-0.643,-0.11,0.638,1.22,0.693,1.584,-36.788,47.382,0,100,0,0,"",-445.455,0,-21.617,0,0,8,"=","=","=","=","=","=","=","=","=",5,R,"ke ro",169.7,80.196,0.397,,52,W,Y,0,,,,,,,,,,,,,,,,,,,,,,,,,,,,,0,128,,,,,,7140.07,,,,,,,,,7140.24,7,1,278,2,,,,,,,,,,,,,,,,,,,0.167,-37.554,0.216,-17.785,-20.808,-41.083,-16.246,-63.321,18.442,-46.707,5.537,-64.547,40.374,-91.798,-11.591,-122.104,-44.986,-88.962,,,,"",,,,"",,,,"",,,,"",,,,"",,,,"",,,,"",,,,"",,,,,,,,,,,,,,,,,,,,,,,,,,,,,,,,,,,,,,,,,,,,,,,,,,,,,,,,,,"",0,,,,,,,,,,,,,0,"",7140.07,,,0,""
173,SIDE,8,1,7,2,1,1,2,0,0,0,255,255,255,,7142.772,,,,,,,,,,,,,,,,,,,,,,,,8,"=","=","=","=","=","=","=","=","=",,,,,,,,,,,,,,,,,,,,,,,,,,,,,,,,,,,,,,,0,0,,,,,,,,,,,,,,,,,,,,,,,,,,,,,,,,,,,,,,,,,,,,,,,,,,,,,,,,,,,,,,,,,,,,,,,,,,,,,,,,,,,,,,,,,,,,,,,,,,,,,,,,,,,,,,,,,,,,,,,,,,,,,,,,,,,,,,,,,,,,,,,,,"",0,,,,,,,,,,,,,0,"",,,,0,""
174,,8,0,7,2,0,0,0,0,0,0,255,255,255,13,7195.497,"檸檬の残骸",R,27,81,132,1.227,0.673,0.311,1.819,0.36,1.915,-36.338,46.073,95,5,0,0,"",118.516,-125.218,-5.653,0,0,6,"うよすま","Megu3568","Sabo_10","Fresh825","하루（Haru）","Tedonsama","Muna_328","schmoneymikey","Dοpi",2,R,"Muna_328",190,89.724,0.4,,52,W,Y,0,,,,,,,,,,,,,,,,,,,,,,,,,,,,,0,0,,,,,,,,,,,,,,,,,,,,,,,,,,,,,,,,,,,,,,-0.269,-37.211,0.039,-16.992,-23.489,-47.8,-14.892,-63.696,18.766,-46.673,12.427,-64.787,40.129,-95.445,0.284,-114.028,-48.907,-96.295,,,,"",,,,"",,,,"",,,,"",,,,"",,,,"",,,,"",,,,"",,,,,,,,,,,,,,,,,,,,,,,,,,,,,,,,,,,,,,,,,,,,,,,,,,,,,,,,,,"",0,,,,,,,,,,,,,0,"",,,,0,""
175,,8,0,7,2,0,1,0,0,0,0,255,255,255,14,7211.988,"檸檬の残骸",R,0,74,112,-0.355,-0.337,0.149,1.536,-0.159,1.408,-36.338,20.259,70,30,0,0,"",0,0,-2.733,0,0,6,"=","=","=","=","=","=","=","=","=",2,R,"Muna_328",190,89.724,0.4,,52,W,Y,0,,,,,,,,,,,,,,,,,,,,,,,,,,,,,0,0,,,,,,,,,,,,,,,,,,,,,,,,,,,,,,,,,,,,,,-0.238,-37.215,-0.098,-17.137,-21.416,-46.362,-14.549,-63.38,18.907,-46.72,12.838,-64.711,40.014,-95.422,-0.041,-113.367,-48.951,-96.268,,,,"",,,,"",,,,"",,,,"",,,,"",,,,"",,,,"",,,,"",,,,,,,,,,,,,,,,,,,,,,,,,,,,,,,,,,,,,,,,,,,,,,,,,,,,,,,,,,"",0,,,,,,,,,,,,,0,"",,,,0,""
176,,8,0,7,2,0,2,0,0,0,0,255,255,255,15,7229.169,"檸檬の残骸",R,0,74,112,0.603,-0.423,0.282,1.533,0.254,1.4,-36.338,30.378,60,40,0,2,"",0,38.26,-4.424,0,0,6,"=","=","=","=","=","=","=","=","=",2,R,"Muna_328",190,89.724,0.4,3,52,W,Y,1,7230.346,255,150,89,99,17,,145,87,15.045,-44.711,0.124,0.953,-21.579,1,0,0.861,-33.107,137.307,538.76,7231.714,35.203,-58.486,7234.331,6,49.896,0.059,-78.278,1,0,,7236.255,,,,,,,,,,,,,,,,,,,,,,,,,,,,,,7238.791,3,,,,,-0.239,-37.116,0.001,-17.305,-21.578,-46.523,-14.549,-63.475,19.366,-47.359,13.05,-64.905,40.104,-95.431,-0.06,-113.442,-48.93,-96.256,-0.289,-36.944,,"_Chun",0.011,-17.362,,"TaeGeuk_",-22.023,-47.011,,"わかなで",-14.547,-63.285,81,"MODECO",19.339,-47.364,,"ke ro",13.436,-66.358,,"「론구」",39.969,-95.262,98,"Mr․D VRC",-0.049,-113.346,,"ゆっち一",-48.951,-96.259,,7245.694,-1.236,-38.453,,,,,,,7238.724,1.272,-59.173,,,,,,,7235.564,50.252,-78.718,,,,,,,,,,,,,,,,7244.728,-3.739,-53.904,,,,,,,7236.41,46.051,-75.745,,,,,,,"",2,,,,,,,,,,,,,0,"「론구」",,,,81,""
177,,8,0,7,2,0,0,0,1,0,0,12,255,255,16,7263.07,"檸檬の残骸",R,27,81,131,0.414,0.295,0.213,1.646,0.059,1.639,-36.338,32.162,57,43,0,0,"",82.01,-135.682,-7.573,0,0,7,"=","=","=","=","=","=","=","=","=",5,L,"schmoneymikey",174.9,80,0.354,,52,W,Y,0,,,,,,,,,,,,,,,,,,,,,,,,,,,,,0,0,,,,,,7266.227,,,,,,,,,,,,,,,,,,,,,,,,,,,,,,7265.19,1,-0.254,-37.187,-0.025,-17.483,-20.701,-43.114,-7.634,-64.303,19.1,-44.836,14.754,-63.38,42.822,-97.628,2.588,-112.249,-42.889,-90.503,,,,"",,,,"",,,,"",,,,"",,,,"",,,,"",,,,"",,,,"",,,,7270.818,-0.178,-38.313,,,,,,,,,,,,,,,,,,,,,,,,,,,,,,,,,,,,,,,,,,,,,,,,,,,,"",0,,,,,,,,,,,,,0,"",7266.227,,,0,""
178,,8,0,7,2,0,1,0,0,1,0,255,12,255,17,7288.19,"檸檬の残骸",R,26,85,138,0.112,-0.372,0.208,1.522,0.038,1.204,-36.338,24.348,70,30,0,0,"",2.636,-200,-4.075,0,0,7,"=","=","=","=","=","=","=","=","=",5,L,"schmoneymikey",174.9,80,0.354,,52,W,Y,0,,,,,,,,,,,,,,,,,,,,,,,,,,,,,0,0,,,,,,,,,,,,,7307.209,,,,,,,,,,,,,,,,,,,,,,,,,-0.081,-37.557,0,-17.282,-18.171,-47.545,-5.89,-65.421,19.709,-44.863,14.197,-64.102,43.007,-97.775,2.814,-113.867,-45.075,-91.928,,,,"",,,,"",,,,"",,,,"",,,,"",,,,"",,,,"",,,,"",,,,7293.416,-0.021,-37.158,,,,,,,,,,,,,,,,,,,,,,,,,,,,,,,,,,,,,,,,,,,,,,,,,,,,"",0,,,,,,,,,,,,,0,"",7291.486,,,0,""
179,,8,0,7,2,0,2,0,0,1,0,255,12,255,18,7308.459,"檸檬の残骸",R,26,87,140,-1.229,-1.162,0.063,1.405,-0.637,0.791,-36.338,14.43,50,50,0,2,"",75.332,-156.182,1.396,0,0,7,"=","=","=","=","=","=","=","=","=",5,L,"schmoneymikey",174.9,80,0.354,5,52,W,Y,1,7309.548,255,164,178,49,0,,145,98,50.161,-21.776,-0.23,0.548,-20.216,-0.29,0,0.298,224.041,-549.298,-89.873,7314.381,34.883,-77.814,7314.564,5,34.033,2.265,-76.726,0,0,,,,,,,,,,,,,7351.657,,7315.77,7,,454,0,,,,,,,,,,,,,,,,,,,-0.182,-37.206,-0.144,-17.18,-18.436,-47.226,-8.363,-66.281,19.261,-44.666,13.44,-64.486,43.1,-97.933,2.882,-114.187,-44.765,-90.921,-0.15,-37.226,,"_Chun",-0.084,-17.19,,"TaeGeuk_",-18.271,-47.154,,"わかなで",-10.36,-65.238,,"MODECO",19.205,-44.578,,"ke ro",13.44,-64.633,86,"「론구」",42.918,-97.648,113,"Mr․D VRC",2.883,-114.175,,"ゆっち一",-43.955,-90.769,,7345.04,0.264,-37.975,,,,,,,7321.408,-0.355,-57.968,,,,7315.78,33.824,-76.345,7315.827,34.885,-77.716,,,,,,,,,,,,,,,,,,,,,,7319.815,26.401,-69.716,7316.882,29.921,-73.591,,,,,,,"",1,-20.972,-20.972,2.003,0,1,0.474,64.875,50.161,-3.635,87.529,0.03,-71.35,0,"ke ro",7315.903,,,337,""
180,,8,0,7,2,0,0,1,0,1,0,255,12,255,19,7354.932,"檸檬の残骸",R,27,87,140,-0.03,0.155,0.175,1.629,-0.115,1.584,-36.338,24.856,58,42,0,2,"",75.201,-127.629,-5.355,0,0,8,"=","=","=","=","=","=","=","=","=",6,R,"Dοpi",180.6,90,0.35,5,52,W,Y,1,7355.784,123,46,55,39,28,,131,119,-13.181,68.189,-0.011,0.969,-19.533,0.78,0,0.054,56.554,51.69,-100.214,7354.73,-3.477,-20.919,,,,,,0,0,,,,,7359.326,,,,,,,,7376.979,,,,,,,,,,,,,,,,,,,,,,,,,-0.181,-37.277,0.023,-17.469,-18.391,-43.866,-11.916,-64.642,19.028,-45.545,16.215,-62.841,37.594,-92.066,-0.43,-113.274,-45.825,-87.678,-0.523,-38.242,,"_Chun",0.051,-17.435,,"TaeGeuk_",-19.321,-44.929,,"わかなで",-12.523,-64.698,,"MODECO",18.995,-45.508,,"ke ro",16.232,-62.87,,"「론구」",37.512,-91.987,,"Mr․D VRC",-0.405,-113.004,,"ゆっち一",-45.533,-87.176,,,,,,,,,,,,,,,,,,,,,,,,,,,,,,,,,,,,,,,,,,,,,,,,,,,,,,,,"",3,84.234,64.593,23.95,0.793,0,1,-13.181,-13.181,-26.859,-13.181,0,115.3,0,"",7360.091,,,0,""
181,,8,0,7,2,0,1,1,0,1,0,255,12,255,20,7378.457,"檸檬の残骸",R,10,84,113,-3.245,-1.727,-0.11,1.418,-1.19,0.942,-36.338,10.009,51,49,0,4,"",-127.386,281.605,-5.66,-0.7,-18.156,8,"=","=","=","=","=","=","=","=","=",6,R,"Dοpi",180.6,90,0.35,,52,W,Y,1,,,,,,,,,,,,,,,,,,,,,,,,,,,,,0,0,,,,,,,,,,,,,7394.39,,,,,,,,,,,,,,,,,,,,,,,,,-0.309,-37.33,-0.056,-17.407,-19.482,-44.469,-15.494,-62.848,19.188,-45.553,8.422,-61.62,36.519,-91.936,-1.59,-110.104,-45.102,-88.06,,,,"",,,,"",,,,"",,,,"",,,,"",,,,"",,,,"",,,,"",,,,,,,,,,,,,,,,,,,,,,,,,,,,,,,,,,,,,,,,,,,,,,,,,,,,,,,,,,"",0,,,,,,,,,,,,,0,"",7381.491,,,0,""
182,,8,0,7,2,0,2,1,0,1,0,255,12,255,21,7394.871,"檸檬の残骸",R,27,85,137,-0.473,-0.391,0.202,1.624,-0.332,1.264,-36.338,27.504,56,44,0,2,"",88.49,-114.279,-4.695,0,0,8,"=","=","=","=","=","=","=","=","=",6,R,"Dοpi",180.6,90,0.35,5,52,W,Y,1,7395.672,170,102,101,38,20,,145,106,-2.105,57.963,-0.092,0.808,-20.047,0,0,0.361,217.459,80.693,-134.939,7394.897,-10.199,-26.346,,,,,,0,0,,,,,,,,,,,,,7416.816,,,,,,,,,,,,,,,,,,,,,,,,,-0.16,-37.501,0.081,-17.391,-19.253,-42.89,-15.903,-62.854,19.549,-45.455,2.374,-63.021,36.536,-91.957,-1.64,-110.293,-45.666,-88.347,-0.728,-37.382,,"_Chun",0.07,-17.403,,"TaeGeuk_",-19.48,-43.943,,"わかなで",-16.311,-63.229,,"MODECO",19.438,-45.307,,"ke ro",7.53,-61.547,,"「론구」",36.353,-91.855,,"Mr․D VRC",-1.616,-110.093,,"ゆっち一",-45.569,-88.231,,,,,,,,,,,,,,,,,,,,,,,,,,,,,,,,,,,,,,,,,,,,,,,,,,,,,,,,"",3,58.761,58.761,22.867,0,1,0.792,-3.732,-2.105,-1.867,1.682,0.004,61.592,0,"",7400.689,,,0,""
183,,8,0,7,2,0,2,1,0,1,0,255,12,255,22,7417.448,"檸檬の残骸",R,10,69,102,0.485,1.159,0.3,2.164,0.202,2.753,-36.338,56.732,98,2,0,1,"",0,310.269,-3.505,0,0,8,"=","=","=","=","=","=","=","=","=",6,R,"Dοpi",180.6,90,0.35,,52,W,Y,0,,,,,,,,,,,,,,,,,,,,,,,,,,,,,0,0,,,,,,,,,,,,,7436.453,,,,,,,,,,,,,,,,,,,,,,,,,-0.135,-37.234,0.06,-17.401,-21.416,-44.32,-16.481,-62.294,19.287,-45.732,6.631,-62.782,36.878,-92.546,-1.481,-112.672,-46.645,-88.907,,,,"",,,,"",,,,"",,,,"",,,,"",,,,"",,,,"",,,,"",,,,,,,,,,,,,,,,,,,,,,,,,,,,,,,,,,,,,,,,,,,,,,,,,,,,,,,,,,"",0,,,,,,,,,,,,,0,"",7421.641,,,0,""
184,,8,0,7,2,1,2,1,0,1,0,255,12,255,23,7437.153,"檸檬の残骸",R,10,81,109,0.892,-1.262,0.322,1.538,0.379,1.4,-36.338,23.261,59,41,0,2,"",0,400,-5.371,0,0,8,"=","=","=","=","=","=","=","=","=",6,R,"Dοpi",180.6,90,0.35,0,52,W,Y,1,7438.094,168,37,60,82,85,,137,131,30.339,23.285,0.248,0.629,-20.976,0.42,0,0.276,227.883,95.393,138.055,7442.364,-50.375,-128.749,,,,,,0,0,,7443.504,7448.094,7453.268,7458.29,,,,7443.987,7449.053,,,,,,,,,,,,,,,,,,,,,,,,,,,,-0.08,-37.216,0.094,-17.324,-19.722,-43.43,-13.689,-64.254,19.822,-45.743,3.73,-62.588,37.111,-92.31,-1.201,-113.191,-47.47,-90.258,-0.087,-36.93,,"_Chun",0.1,-17.302,,"TaeGeuk_",-19.684,-43.387,,"わかなで",-13.977,-64.754,,"MODECO",19.67,-45.56,,"ke ro",9.382,-62.185,,"「론구」",36.798,-92.222,,"Mr․D VRC",-1.198,-113.189,,"ゆっち一",-46.548,-90.636,,,,,,,,,,,,,,,,,,,,,,,,,,,,,,,,,,,,,,,,,,,,,,,,,,,,,,,,"",4,,,,,,,,,,,,,0,"",7448.094,7443.987,7449.053,0,""
185,,8,0,7,4,0,0,1,0,0,0,255,255,255,24,7478.72,"檸檬の残骸",R,26,90,140,-1.125,-0.625,0.069,1.487,-0.611,1.084,-36.338,12.06,48,52,0,0,"",92.366,-175.514,-3.336,0,0,0,"=","=","=","=","=","=","=","=","=",0,R,"うよすま",175.4,84.991,0.5,,52,W,Y,1,,,,,,,,,,,,,,,,,,,,,,,,,,,,,0,0,,,,,,,,,,,,,,,,,,,,,,,,,,,,,,,,,,,,,,-0.194,-37.145,0.079,-17.194,-20.599,-45.176,-16.011,-62.929,20.55,-46.548,12.235,-63.568,38.673,-94.015,-0.529,-116.655,-47.29,-90.757,,,,"",,,,"",,,,"",,,,"",,,,"",,,,"",,,,"",,,,"",,,,,,,,,,,,,,,,,,,,,,,,,,,,,,,,,,,,,,,,,,,,,,,,,,,,,,,,,,"",0,,,,,,,,,,,,,0,"",,,,0,""
186,,8,0,7,4,0,1,1,0,0,0,255,255,255,25,7493.494,"檸檬の残骸",R,27,80,130,0.092,-0.042,0.247,1.685,-0.068,1.473,-36.338,28.49,96,4,0,2,"",69.565,-100.966,-4.404,0,0,0,"=","=","=","=","=","=","=","=","=",0,R,"うよすま",175.4,84.991,0.5,5,52,W,Y,1,7494.534,252,134,143,59,5,,145,129,-30,-38.303,0.012,0.899,-20.034,0.41,0,0.491,78.079,32.41,-504.904,7493.231,0.907,-21.169,7496.981,6,51.204,0.059,-83.112,1,0,,7500.269,,,,,,,,,,,,,,,,,,,,,,,,,,,,,,,,,,,,-0.196,-37.303,0.039,-17.276,-20.613,-44.464,-15.856,-62.521,20.116,-46.34,12.851,-63.617,38.666,-94.035,-1.32,-112.627,-47.663,-90.797,-0.206,-36.996,,"_Chun",0.037,-17.266,,"TaeGeuk_",-20.63,-44.461,,"わかなで",-16.136,-63.277,74,"MODECO",19.817,-46.037,,"ke ro",12.639,-63.317,,"「론구」",38.514,-93.874,107,"Mr․D VRC",-1.337,-112.623,,"ゆっち一",-47.666,-90.796,,7504.893,-0.587,-38.703,,,,,,,7501.534,-1.014,-58.471,,,,,,,7498.232,51.216,-83.943,,,,,,,,,,,,,,,,7503.723,-1.522,-56.751,,,,,,,7499.144,47.261,-81.159,,,,,,,"",2,-37.705,-35.852,4.154,0,0,1,-37.208,-37.208,-65.829,-37.208,0,-92.668,0,"「론구」",,,,81,""
187,,8,0,7,4,0,0,1,1,0,0,10,255,255,26,7716.824,"TaeGeuk_",R,32,82,133,1.642,0.404,0.629,1.043,0.36,1.793,-36.842,33.476,7,67,26,1,"",225.458,-101.307,2.013,0,0,1,"=","=","=","=","=","=","=","=","=",1,R,"Megu3568",190,88.251,0.405,,74,W,Y,0,,,,,,,,,,,,,,,,,,,,,,,,,,,,,0,0,,,,,,,,,,,,7716.964,,,,,,,,,,,,,,,,,,,,,,,,,,0.232,-37.654,-0.02,-17.397,-19.337,-40.999,-16.916,-62.313,19.742,-45.842,11.263,-63.848,37.39,-92.594,0.414,-120.388,-49.996,-96.609,,,,"",,,,"",,,,"",,,,"",,,,"",,,,"",,,,"",,,,"",,,,,,,,,,,,,,,,,,,,,,,,,,,,,,,,,,,,,,,,,,,,,,,,,,,,,,,,,,"",0,,,,,,,,,,,,,0,"",,,,0,""
188,,8,0,7,4,1,0,1,1,0,0,10,255,255,27,7733.446,"TaeGeuk_",R,32,86,139,-1.269,0.403,0.356,1.086,-0.912,1.933,-36.842,11.477,3,53,44,0,"",250,46.339,23.138,0,0,1,"=","=","=","=","=","=","=","=","=",1,R,"Megu3568",190,88.251,0.405,,74,W,Y,0,,,,,,,,,,,,,,,,,,,,,,,,,,,,,0,0,,,,,,,,,,,,,,,,,,,,,,,,,,,,,,,,,,,,,,0.249,-37.486,-0.01,-17.284,-19.356,-42.456,-16.646,-62.579,20.14,-45.931,12.149,-64.53,37.379,-92.628,0.272,-119.958,-49.952,-96.786,,,,"",,,,"",,,,"",,,,"",,,,"",,,,"",,,,"",,,,"",,,,,,,,,,,,,,,,,,,,,,,,,,,,,,,,,,,,,,,,,,,,,,,,,,,,,,,,,,"",0,,,,,,,,,,,,,0,"",,,,0,""
189,,8,0,7,4,1,1,1,1,0,0,10,255,255,28,7754.823,"TaeGeuk_",R,10,80,120,-0.861,-1.455,0.468,0.858,-0.389,1.195,-36.842,31.733,14,16,70,2,"",0,400,38.402,0,0,1,"=","=","=","=","=","=","=","=","=",1,R,"Megu3568",190,88.251,0.405,3,74,W,Y,1,7755.952,255,90,104,119,61,,145,122,-0.015,35.084,-0.242,0.428,-20.17,0.78,0,0.542,-50.484,571.863,-6.865,7754.998,-7.987,-30.831,7755.897,2,-16.714,0.059,-42.766,0,1,,,,,,,,,,,,7755.117,,,7757.134,0,1,275,0,7759.525,1,,147,0,,,,,,7758.918,2,,,,,,,0.222,-37.693,-0.04,-17.297,-19.601,-42.254,-16.08,-62.72,19.346,-45.366,10.698,-64.649,37.393,-92.61,0.262,-118.746,-49.981,-96.805,0.574,-36.913,,"_Chun",-0.028,-17.356,,"檸檬の残骸",-19.461,-43.277,85,"わかなで",-16.116,-62.468,,"MODECO",19.201,-45.287,,"ke ro",10.691,-64.619,,"「론구」",37.245,-92.44,,"Mr․D VRC",0.203,-118.074,,"ゆっち一",-49.981,-96.809,,,,,,,,7757.129,-17.486,-43.666,,,,,,,,,,,,,,,,,,,,,,,,,7762.474,-17.705,-39.847,,,,,,,,,,,,,,,,,,,"",2,,,,,,,,,,,,,0,"檸檬の残骸",,,,64,""
190,SIDE,8,0,7,4,0,0,2,0,0,0,255,255,255,,7763.197,,,,,,,,,,,,,,,,,,,,,,,,2,"=","=","=","=","=","=","=","=","=",,,,,,,,,,,,,,,,,,,,,,,,,,,,,,,,,,,,,,,0,0,,,,,,,,,,,,,,,,,,,,,,,,,,,,,,,,,,,,,,,,,,,,,,,,,,,,,,,,,,,,,,,,,,,,,,,,,,,,,,,,,,,,,,,,,,,,,,,,,,,,,,,,,,,,,,,,,,,,,,,,,,,,,,,,,,,,,,,,,,,,,,,,,"",0,,,,,,,,,,,,,0,"",,,,0,""
191,,9,1,7,4,0,0,0,0,0,0,255,255,255,9,7816.57,"うよすま",R,3,56,89,1.327,0.145,0.642,1.397,1.484,1.727,-36.788,89.301,6,94,0,0,"",-377.148,0,-4.925,0,0,8,"わかなで","ゆっち一","_Chun","MODECO","「론구」","Mr․D VRC","檸檬の残骸","TaeGeuk_","ke ro",5,R,"ke ro",169.7,80.196,0.397,,52,W,Y,0,,,,,,,,,,,,,,,,,,,,,,,,,,,,,0,0,,,,,,,,,,,,,,,,,,,,,,,,,,,,,,,,,,,,,,0.003,-37.651,0.088,-17.641,-24.128,-47.623,-14.003,-64.021,18.849,-48.232,8.451,-66.484,36.867,-95.618,-10.654,-112.63,-40.744,-90.581,,,,"",,,,"",,,,"",,,,"",,,,"",,,,"",,,,"",,,,"",,,,,,,,,,,,,,,,,,,,,,,,,,,,,,,,,,,,,,,,,,,,,,,,,,,,,,,,,,"",0,,,,,,,,,,,,,0,"",,,,0,""
192,,9,1,7,4,0,1,0,0,0,0,255,255,255,10,7858,"うよすま",R,3,69,98,0.144,-0.455,0.595,1.246,1.07,1.387,-36.788,52.474,34,66,0,0,"",-445.455,0,-28.127,0,0,8,"=","=","=","=","=","=","=","=","=",5,R,"ke ro",169.7,80.196,0.397,,52,W,Y,0,,,,,,,,,,,,,,,,,,,,,,,,,,,,,0,0,,,,,,,,,,,,,,,,,,,,,,,,,,,,,,,,,,,,,,0.106,-37.624,0.053,-17.552,-24.085,-47.83,-15.692,-63.569,18.598,-47.913,8.172,-65.598,41.915,-92.738,-10.577,-112.599,-43.41,-90.946,,,,"",,,,"",,,,"",,,,"",,,,"",,,,"",,,,"",,,,"",,,,,,,,,,,,,,,,,,,,,,,,,,,,,,,,,,,,,,,,,,,,,,,,,,,,,,,,,,"",0,,,,,,,,,,,,,0,"",,,,0,""
193,,9,1,7,4,0,2,0,0,0,0,255,255,255,11,7879.034,"うよすま",R,32,74,113,-0.728,-0.768,0.127,1.097,-0.767,1.115,-36.788,28.991,23,77,0,0,"",250,-67.003,-47.44,0,0,8,"=","=","=","=","=","=","=","=","=",5,R,"ke ro",169.7,80.196,0.397,,52,W,Y,0,,,,,,,,,,,,,,,,,,,,,,,,,,,,,0,0,,,,,,,,,,,,,,,7881.62,8,,578,0,,,,,,,,,,,,,,,,,,,-0.081,-37.565,-0.15,-17.772,-24.133,-47.862,-15.697,-63.606,18.404,-47.728,8.178,-65.632,40.453,-94.836,-10.597,-112.624,-45.13,-92.295,,,,"",,,,"",,,,"",,,,"",,,,"",,,,"",,,,"",,,,"",,,,,,,,,,,,,,,,,,,,,,,,,,,,,,,,,,,,,,,,,,,,,,,,,,,,,,,,,,"",0,,,,,,,,,,,,,0,"",,,,0,""
194,,9,1,7,4,0,0,1,0,0,0,255,255,255,12,7908.307,"うよすま",R,33,79,129,-5.437,-0.757,0.39,1.401,-0.531,1.828,-36.788,37.398,0,100,0,2,"",113.688,-13.839,5.126,0,0,0,"=","=","=","=","=","=","=","=","=",3,L,"わかなで",160,94.246,0.2,0,52,W,Y,1,7909.381,179,84,105,99,70,,145,89,12.295,-22.291,-0.155,0.958,-19.985,-0.58,0,0.287,338.807,-89.418,132.094,7910.847,21.523,-71.159,7912.281,6,26.439,0.06,-82.11,1,0,,7913.625,,,,,,,,,,,,,,,,,,,,,,,,,,,,,,,,,,,,0.098,-37.781,-0.256,-17.742,-20.658,-47.295,-12.942,-62.437,17.771,-43.066,9.021,-53.313,43.11,-85.448,6.491,-116.262,-42.766,-88.09,-0.019,-37.896,,"Megu3568",-0.263,-17.743,,"Muna_328",-20.626,-47.285,,"Fresh825",-12.829,-62.17,85,"하루（Haru）",16.086,-41.118,,"schmoneymikey",8.841,-52.648,,"Dοpi",43.116,-85.459,112,"Tedonsama",6.301,-115.089,,"Sabo_10",-42.665,-87.993,,,,,,,,,,,7915.989,-0.463,-58.587,,,,,,,7913.491,27.797,-83.278,,,,,,,,,,,,,,,,7919.17,-0.959,-56.77,,,,,,,7914.621,22.609,-79.135,,,,,,,"",2,,,,,,,,,,,,,0,"Dοpi",,,,264,""
195,,9,1,7,4,0,0,1,1,0,0,3,255,255,13,7946.958,"うよすま",R,33,62,116,-0.267,1.816,0.425,1.574,-0.348,2.705,-36.788,47.8,0,100,0,1,"",121.631,-3.334,9.456,0,0,1,"=","=","=","=","=","=","=","=","=",8,L,"ゆっち一",181.4,84,0.401,,52,W,Y,0,,,,,,,,,,,,,,,,,,,,,,,,,,,,,0,0,,,,,,,,,,,,7960.153,,,,,,,,,,,,,,,,,,,,,,,,,,0.037,-37.823,-0.318,-17.837,-20.697,-40.939,-1.487,-60.588,19.598,-45.541,14.567,-62.135,57.048,-99.88,3.767,-115.613,-45.31,-101.537,,,,"",,,,"",,,,"",,,,"",,,,"",,,,"",,,,"",,,,"",,,,7950.407,-0.253,-38.39,,,,,,,,,,,,,,,,,,,,,,,,,,,,,,,,,,,,,,,,,,,,,,,,,,,,"",0,,,,,,,,,,,,,0,"",,,,0,""
196,,9,1,7,4,1,0,1,1,0,0,3,255,255,14,7967.441,"うよすま",R,32,65,105,-0.374,0.462,0.241,1.263,-0.593,1.939,-36.788,32.446,0,100,0,0,"",207.543,14.594,-24.298,0,0,1,"=","=","=","=","=","=","=","=","=",8,L,"ゆっち一",181.4,84,0.401,,52,W,Y,1,,,,,,,,,,,,,,,,,,,,,,,,,,,,,0,0,,,,,,7970.107,,,,,,,,,,,,,,,,,,,,,,,,,,,,,,,,-0.051,-37.885,-0.28,-17.646,-20.453,-40.822,-2.555,-61.905,19.236,-45.094,14.249,-62.719,55.997,-103.534,5.657,-115.839,-44.041,-99.523,,,,"",,,,"",,,,"",,,,"",,,,"",,,,"",,,,"",,,,"",,,,7971.218,2.915,-34.842,,,,,,,,,,,,,,,,,,,,,,,,,,,,,,,,,,,,,,,,,,,,,,,,,,,,"",0,,,,,,,,,,,,,0,"",7970.107,,,0,""
197,,9,1,7,4,1,1,1,0,1,0,255,3,255,15,8052.175,"うよすま",R,32,66,106,-0.542,0.407,0.163,1.217,-0.732,1.787,-36.788,19.628,0,100,0,2,"",240.909,-80.265,-41.023,0,0,1,"=","=","=","=","=","=","=","=","=",8,L,"ゆっち一",181.4,84,0.401,5,52,W,Y,1,8053.384,206,155,61,93,18,,138,130,3.028,-32.818,-0.079,1.099,-19.998,0.61,0,0.324,563.518,-142.855,-80.901,8053.781,30.577,-66.216,8055.514,6,48.2,0.059,-90.059,1,1,,8059.004,,,,,,,8092.988,,,,8055.311,,8093.062,0,2,293,257,,,,,,,,,,,,,,,8061.386,4,,,0.042,-37.906,-0.292,-17.803,-19.478,-48.074,-3.03,-66.613,20.608,-45.837,15.357,-62.898,58.363,-101.381,10.131,-115.395,-44.736,-99.639,-0.476,-38.119,107,"Megu3568",-0.302,-17.876,,"Muna_328",-19.311,-48.113,,"Fresh825",-9.407,-64.321,,"하루（Haru）",20.612,-45.818,85,"schmoneymikey",15.286,-62.887,,"Dοpi",58.367,-101.398,93,"Tedonsama",10.062,-115.178,,"Sabo_10",-44.74,-99.648,,8069.063,0.454,-38.3,,,,,,,,,,8060.713,20.054,-40.648,,,,8056.793,49.413,-91.657,,,,,,,8091.827,4.163,-43.922,,,,,,,,,,8068.006,17.156,-39.615,,,,8057.944,46.127,-85.168,,,,,,,"",2,-34.033,-34.033,-5.857,0,0,1,3.028,3.028,3.293,3.028,0,-39.713,0,"Dοpi",8055.131,8092.988,,273,""
198,,9,1,7,4,0,0,2,1,0,0,8,255,255,16,8155.018,"うよすま",R,3,66,95,-3.181,-0.001,0.738,1.186,1.095,1.387,-36.788,57.667,0,100,0,2,"",-431.818,0,-18.06,0,0,2,"=","=","=","=","=","=","=","=","=",1,L,"_Chun",190,80,0.455,0,51,W,Y,1,8156.219,199,144,85,100,55,,145,107,0.139,-20.227,0.023,0.841,-20.19,-0.27,0,0.39,131.127,-52.644,51.845,8155.447,6.475,-37.597,8156.831,5,13.068,0.055,-55.374,0,0,,,,,,8160.971,,,,,,8155.192,,,8161.37,2,,147,128,,,,,,,,,,,,,,,,,,,0.178,-37.654,0.257,-17.78,-19.904,-40.794,-7.142,-65.41,19.774,-44.827,16.546,-61.471,57.208,-100.997,7.655,-125.234,-43.004,-103.163,-0.224,-38.221,,"Megu3568",0.226,-17.813,,"Muna_328",-19.102,-43.955,,"Fresh825",-10.905,-63.956,,"하루（Haru）",19.777,-44.818,,"schmoneymikey",16.524,-61.441,85,"Dοpi",57.132,-100.899,,"Tedonsama",7.687,-125.208,,"Sabo_10",-42.988,-103.082,,,,,,,,8160.8,-18.1,-40.277,,,,,,,8157.98,13.511,-56.636,,,,,,,,,,,,,,,,,,,,,,,,,8159.108,8.16,-53.176,,,,,,,,,,"",2,,,,,,,,,,,,,0,"schmoneymikey",8160.971,,,192,""
199,SIDE,9,1,7,4,0,0,2,0,1,0,255,8,255,,8163.482,,,,,,,,,,,,,,,,,,,,,,,,3,"=","=","=","=","=","=","=","=","=",,,,,,,,,,,,,,,,,,,,,,,,,,,,,,,,,,,,,,,0,0,,,,,,,,,,,,,,,,,,,,,,,,,,,,,,,,,,,,,,,,,,,,,,,,,,,,,,,,,,,,,,,,,,,,,,,,,,,,,,,,,,,,,,,,,,,,,,,,,,,,,,,,,,,,,,,,,,,,,,,,,,,,,,,,,,,,,,,,,,,,,,,,,"",0,,,,,,,,,,,,,0,"",,,,0,""
200,,9,0,7,4,0,0,0,0,0,0,255,255,255,29,8216.244,"TaeGeuk_",R,32,82,134,-0.073,-0.394,0.493,0.957,-0.275,1.51,-36.842,21.273,7,4,89,0,"",152.59,109.429,0.78,0,0,2,"うよすま","Megu3568","Sabo_10","Fresh825","하루（Haru）","Tedonsama","Muna_328","schmoneymikey","Dοpi",8,L,"Sabo_10",185.3,88,0.452,,51,W,Y,0,,,,,,,,,,,,,,,,,,,,,,,,,,,,,0,0,,,,,,,,,,,,,,,,,,,,,,,,,,,,,,,,,,,,,,0.552,-37.61,-0.087,-17.346,-20.596,-47.314,-12.918,-64.25,19.836,-46.396,10.986,-65.835,48.976,-103.989,1.635,-114.756,-43.83,-89.055,,,,"",,,,"",,,,"",,,,"",,,,"",,,,"",,,,"",,,,"",,,,,,,,,,,,,,,,,,,,,,,,,,,,,,,,,,,,,,,,,,,,,,,,,,,,,,,,,,"",0,,,,,,,,,,,,,0,"",,,,0,""
201,,9,0,7,4,0,1,0,0,0,0,255,255,255,30,8234.898,"TaeGeuk_",R,3,81,121,-1.169,-1.402,0.592,0.736,0.189,0.777,-36.842,34.99,7,6,87,2,"",-423.647,0,3.617,0,0,2,"=","=","=","=","=","=","=","=","=",8,L,"Sabo_10",185.3,88,0.452,3,51,W,Y,1,8235.802,251,103,120,132,58,,145,116,-30,29.813,-0.229,0.459,-20.774,0.08,0,0.581,-555.801,102.501,201.442,8234.314,-0.625,-21.463,8237.481,8,-33.003,0.056,-79.559,1,0,,8240.987,,,,,,,,,,,,,,,,,,,,,,,,,,,,,,,,,,,,0.465,-37.754,-0.106,-17.408,-20.411,-46.317,-11.991,-65.015,19.802,-46.317,11.75,-65.09,48.982,-103.912,1.623,-114.847,-45.398,-89.698,0.693,-36.947,,"_Chun",-0.056,-17.381,,"檸檬の残骸",-20.662,-46.651,83,"わかなで",-10.497,-66.591,,"MODECO",19.791,-46.331,,"ke ro",11.747,-65.083,,"「론구」",48.922,-103.905,,"Mr․D VRC",1.613,-114.753,,"ゆっち一",-45.409,-89.695,106,8246.264,-0.805,-38.235,,,,8241.285,-19.799,-40.201,,,,,,,,,,,,,,,,8238.96,-33.294,-79.976,,,,,,,8245.216,-17.758,-39.918,,,,,,,,,,,,,,,,8239.674,-32.047,-74.484,"",2,,,,,,,,,,,,,0,"ゆっち一",,,,194,""
202,,9,0,7,4,0,0,0,1,0,0,18,255,255,31,8268.33,"TaeGeuk_",R,3,84,110,-2.075,-0.253,0.531,0.924,-0.065,1.491,-36.842,35.061,7,7,86,2,"",-435.828,0,10.875,0,0,3,"=","=","=","=","=","=","=","=","=",3,L,"Fresh825",190,80,0.2,0,51,W,Y,1,8269.469,243,170,109,162,96,,145,124,-12.717,31.784,-0.341,0.944,-20.882,0.14,0,0.309,-198.7,54.251,142.315,8268.164,-2.639,-24.587,8270.814,8,-36.528,0.059,-78.702,1,0,,8274.711,,,,8274.36,,,,,,,,,,,,,,,,,,,,,,,,,,8274.724,5,,,,,0.22,-37.69,-0.124,-17.438,-19.394,-40.891,-11.66,-64.72,20.271,-46.154,14.167,-63.214,47.577,-97.497,2.638,-114.769,-44.975,-90.651,0.566,-37.075,,"_Chun",-0.041,-17.411,,"檸檬の残骸",-19.495,-42.507,,"わかなで",-11.233,-64.141,,"MODECO",20.252,-45.945,,"ke ro",14.182,-63.115,64,"「론구」",47.577,-97.494,,"Mr․D VRC",2.634,-114.808,,"ゆっち一",-44.966,-90.644,121,8279.368,-0.504,-38.618,,,,,,,,,,,,,8274.485,-1.141,-60.271,,,,,,,8272.308,-37.239,-80.084,,,,,,,,,,,,,,,,8278.225,-2.568,-54,,,,,,,8273.016,-32.804,-76.258,"",2,,,,,,,,,,,,,0,"ゆっち一",8274.36,,,386,""
203,,9,0,7,4,0,0,0,1,1,0,13,18,255,32,8300.402,"TaeGeuk_",R,32,88,140,-0.859,0.605,0.403,1.129,-0.693,2.073,-36.842,15.908,7,35,59,0,"",215.274,59.063,23.94,0,0,4,"=","=","=","=","=","=","=","=","=",4,L,"하루（Haru）",190,85.172,0.403,,51,W,Y,0,,,,,,,,,,,,,,,,,,,,,,,,,,,,,0,0,,,,,,,,,,,,,8306.55,,,,,,,,,,,,,,,,,,,,,,,,,0.25,-37.649,-0.079,-17.441,-19.068,-44.73,-5.398,-65.542,19.549,-44.397,13.76,-63.813,49.659,-98.523,2.403,-116.501,-44.993,-91.599,,,,"",,,,"",,,,"",,,,"",,,,"",,,,"",,,,"",,,,"",,,,8304.26,-0.11,-37.368,,,,,,,,,,,,,,,,,,,,,,,,,,,,,,,,,,,,,,,,,,,,,,,,,,,,"",0,,,,,,,,,,,,,0,"",8303.033,,,0,""
204,,9,0,7,4,0,1,0,1,1,0,13,18,255,33,8317.256,"TaeGeuk_",R,32,85,138,1.308,0.683,0.624,1.158,0.337,2.166,-36.842,17.734,5,48,48,0,"",150.545,103.727,21.464,0,0,4,"=","=","=","=","=","=","=","=","=",4,L,"하루（Haru）",190,85.172,0.403,,51,W,Y,0,,,,,,,,,,,,,,,,,,,,,,,,,,,,,0,0,,,,,,,,,,,,8317.369,8323.346,,,,,,,,,,,,,,,,,,,,,,,,,0.38,-37.704,-0.069,-17.419,-19.053,-44.307,-4.366,-64.956,19.588,-44.289,14.429,-63.779,49.847,-98.675,2.341,-116.514,-45.988,-91.172,,,,"",,,,"",,,,"",,,,"",,,,"",,,,"",,,,"",,,,"",,,,8321.516,-0.043,-36.89,,,,,,,,,,,,,,,,,,,,,,,,,,,,,,,,,,,,,,,,,,,,,,,,,,,,"",0,,,,,,,,,,,,,0,"",8319.96,,,0,""
205,,9,0,7,4,0,2,0,1,1,0,13,18,255,34,8335.711,"TaeGeuk_",R,0,78,115,-0.307,-0.273,0.504,0.923,-0.149,1.487,-36.842,16.911,0,15,85,2,"",0,13.177,37.118,0,0,4,"=","=","=","=","=","=","=","=","=",4,L,"하루（Haru）",190,85.172,0.403,3,51,W,Y,1,8336.878,217,142,72,145,75,,145,129,-30,6.628,-0.057,0.915,-20.415,0.28,0.19,0.225,-530.589,249.874,-38.193,8335.431,-0.23,-21.882,8337.214,3,-4.679,2.932,-59.266,0,16,,8342.468,,,,8341.517,,,8341.42,,,8335.777,,,8340.94,3,1,164,0,8342.731,4,,147,1,,,,,,,,8340.331,3,,,,,0.404,-37.808,-0.055,-17.363,-19.38,-44.55,-1.369,-65.214,19.491,-44.872,14.985,-62.985,49.609,-98.613,2.386,-116.467,-46.423,-93.801,0.686,-37.541,,"_Chun",-0.035,-17.468,,"檸檬の残骸",-19.245,-45.839,85,"わかなで",-1.483,-64.639,95,"MODECO",19.556,-43.755,,"ke ro",14.982,-62.965,,"「론구」",49.609,-98.583,,"Mr․D VRC",2.409,-116.282,,"ゆっち一",-46.275,-93.539,,8346.525,-1.899,-38.177,,,,8342.123,-18.893,-40.299,8338.656,-5.126,-60.497,,,,,,,,,,,,,,,,,,,,,,8345.578,-16.659,-39.737,8340.959,-2.609,-56.198,,,,,,,,,,,,,,,,"",2,,,,,,,,,,,,,0,"わかなで",8341.517,8341.42,,193,""
206,,9,0,7,4,0,0,2,0,0,1,255,255,18,35,8366.799,"TaeGeuk_",R,32,86,139,-0.569,0.22,0.445,1.059,-0.497,1.862,-36.842,16.155,6,36,58,2,"",209.558,122.893,25.546,0,0,5,"=","=","=","=","=","=","=","=","=",7,R,"Tedonsama",174.9,91.754,0.489,3,51,W,Y,1,8367.652,227,75,15,0,0,,28,45,25.525,37.705,-0.234,1.009,-19.181,0.08,0,0.292,164.902,326.68,-303.036,8368.564,-15.219,-37.144,8369.048,2,-15.826,0.244,-38.081,0,0,,8373.347,,,,,,,,,8372.94,,,,8371.946,5,,147,0,,,,,,,,,,,8371.335,2,,,,,,,0.304,-37.692,0.033,-17.303,-20.267,-47.772,-15.132,-63.572,18.082,-44.296,13.638,-64.266,38.881,-92.886,-1.467,-116.073,-46.457,-89.499,0.331,-37.243,,"_Chun",0.041,-17.304,,"檸檬の残骸",-20.283,-47.784,85,"わかなで",-15.169,-63.272,,"MODECO",18.141,-44.584,,"ke ro",13.251,-64.015,,"「론구」",38.858,-92.839,,"Mr․D VRC",-1.353,-116.196,,"ゆっち一",-46.559,-89.895,,8375.102,-0.33,-39.392,,,,8370.565,-16.676,-38.894,,,,8377.484,0.52,-38.589,,,,,,,,,,,,,,,,,,,8374.277,-12.31,-40.016,,,,,,,,,,,,,,,,,,,"",2,,,,,,,,,,,,,0,"檸檬の残骸",,,8372.94,200,""
207,END,9,0,7,4,0,0,2,0,0,0,255,255,255,,8409.217,,,,,,,,,,,,,,,,,,,,,,,,,,,,,,,,,,,,,,,,,,,,,,,,,,,,,,,,,,,,,,,,,,,,,,,,,,,,,,,,,,,,,,,,,,,,,,,,,,,,,,,,,,,,,,,,,,,,,,,,,,,,,,,,,,,,,,,,,,,,,,,,,,,,,,,,,,,,,,,,,,,,,,,,,,,,,,,,,,,,,,,,,,,,,,,,,,,,,,,,,,,,,,,,,,,,,,,,,,,,,,,,,,,,,,,,,,,,,,,"{""schemaVersion"":16,""gameTimeZeroUtc"":""2026-08-14T12:21:19.515Z"",""exportedAtUtc"":""2026-08-14T14:41:28.732Z"",""teamNameA"":""KB"",""teamNameB"":""HS""}"
