id,inn,half,scoreA,scoreB,ball,strk,out,b1,b2,b3,b1Idx,b2Idx,b3Idx,pCnt,pSec,pName,pHand,pType,pPow,spdK,zoneX,zoneY,startX,startY,targetX,targetY,zDist,pitchAngle,pOver,pSide,pUnder,call,balk,sH,sV,gyro,plx,plz,bSwing,bIdx,bPos,bZone,bName,bHCm,batLen,batCen,batType,bFps,bOS,bVR,hSec,rotS,rotL,shS,lgS,prepS,batSpd,ev,ldeg,sdeg,hPos,buntGrip,handDist,angVeloX,angVeloY,angVeloZ,PPosX,PPosY,PThrSpd,CName,CPosX,CPosY,CThrSpd,1BName,1BPosX,1BPosY,1BThrSpd,2BName,2BPosX,2BPosY,2BThrSpd,3BName,3BPosX,3BPosY,3BThrSpd,SSName,SSPosX,SSPosY,SSThrSpd,LFName,LFPosX,LFPosY,LFThrSpd,CFName,CFPosX,CFPosY,CFThrSpd,RFName,RFPosX,RFPosY,RFThrSpd,ltSec,lx,lz,cSec,cPos,cPlr,cx,cz,1BSafe,tag,cpSec,sb2Sec,sb3Sec,sbhSec,ass,result
1,1,1,0,0,0,0,0,0,0,0,255,255,255,0,343.159,"Low1_jpn",R,32,80,131,2.802,-1.37,0.385,1.009,0.861,0.872,-36.789,60.469,10,19,71,3,0,172.349,91.549,7.003,0.098,-20.084,0,0,1,R,"-라후이-",190,87.311,0.496,0,63,W,Y,0,0,0,0,0,0,0,0,0,0,0,0,0,0,0,0,0.145,-37.153,0,"P0TA0",0.051,-16.808,0,"쟈가리코",-21.563,-47.687,0,"芝レイナ",-16.203,-62.669,0,"わだ、、",17.685,-47.251,0,"うるの。",13.249,-64.066,0,"Muna_328",36.448,-97.385,0,"うよすま",-5.648,-122.342,0,"-つる３-",-56.363,-100.31,0,0,0,0,0,0,"",0,0,0,0,345.957,,,,0,6
2,1,1,0,0,0,0,0,1,0,0,1,255,255,1,372.043,"Low1_jpn",R,34,87,140,1.537,-0.401,0.324,1.173,0.575,1.402,-36.789,38.709,13,51,36,1,0,69.456,29.971,1.347,0,0,0,1,4,L,"Ainy4／あいにゃ",188.5,85,0.512,0,63,W,Y,0,0,0,0,0,0,0,0,0,0,0,0,0,0,0,0,-0.064,-37.525,0,"P0TA0",-0.709,-18.028,0,"쟈가리코",-20.338,-42.238,0,"芝レイナ",-9.197,-61.161,0,"わだ、、",18.821,-44.364,0,"うるの。",12.666,-61.455,0,"Muna_328",52.164,-99.353,0,"うよすま",8.759,-122.631,0,"-つる３-",-37.582,-105.081,0,0,0,0,0,0,"",0,0,0,0,372.724,,,,0,0
3,1,1,0,0,1,0,0,1,0,0,1,255,255,2,395.439,"Low1_jpn",R,32,84,136,3.779,-0.516,0.504,1.166,1.413,1.378,-36.789,64.161,7,64,29,2,0,151.072,72.327,10.56,0,0,1,1,4,L,"Ainy4／あいにゃ",188.5,85,0.512,3,69,W,Y,396.511,255,101,86,85,43,145,107,-4.588,-51.968,0.94,0,0.502,95.343,216.782,49.543,0.056,-36.686,0,"P0TA0",0.069,-16.923,0,"쟈가리코",-20.242,-45.51,0,"芝レイナ",-9.87,-61.002,0,"わだ、、",18.424,-44.748,0,"うるの。",12.827,-61.495,0,"Muna_328",52.267,-99.439,0,"うよすま",10.051,-124.168,0,"-つる３-",-39.882,-108.779,0,396.102,8.507,-25.933,0,0,"",0,0,0,0,,,,,1,3
4,1,1,0,0,1,1,0,1,0,0,1,255,255,3,417.032,"Low1_jpn",R,3,89,126,-0.588,0.125,0.306,1.264,0.492,1.699,-36.789,38.355,8,92,0,2,0,-476.918,0,-5.952,0,0,1,1,4,L,"Ainy4／あいにゃ",188.5,85,0.512,3,69,W,Y,418.158,212,93,78,85,22,145,129,16.98,-9.357,0.53,0,0.502,-41.299,10.361,3.108,0.105,-37.288,0,"P0TA0",-0.04,-16.916,0,"쟈가리코",-20.198,-45.583,70,"芝レイナ",-9.947,-60.918,0,"わだ、、",19.105,-44.669,0,"うるの。",14.229,-62.064,0,"Muna_328",53.124,-98.349,0,"うよすま",10.399,-124.075,115,"-つる３-",-37.512,-108.779,0,0,0,0,421.857,7,"うよすま",16.754,-124.105,0,0,,,,,261,1
5,1,1,0,0,0,0,1,1,0,0,1,255,255,4,448.982,"Low1_jpn",R,3,84,123,-1.416,0.137,0.201,1.267,0.007,1.707,-36.789,33.181,6,94,0,2,0,-500,0,28.469,0,0,0,2,0,R,"Slaris",190,85.704,0.452,3,65,W,Y,449.856,255,130,64,99,46,139,90,111.398,-73.052,0.97,0,0.566,129.795,-504.667,-207.637,-0.341,-37.064,0,"P0TA0",0.12,-16.777,0,"쟈가리코",-20.211,-42.313,0,"芝レイナ",-12.958,-59.432,0,"わだ、、",18.306,-45.151,0,"うるの。",9.916,-62.458,0,"Muna_328",42.546,-98.324,0,"うよすま",-2.953,-121.661,0,"-つる３-",-54.215,-100.54,0,0,0,0,0,0,"",0,0,0,0,,,,,1,3
6,1,1,0,0,0,1,1,1,0,0,1,255,255,5,468.242,"Low1_jpn",R,3,83,108,-3.318,0.586,0.045,1.412,-0.481,2.003,-36.789,14.333,2,98,0,1,0,-490.909,0,26.286,0,0,0,2,0,R,"Slaris",190,85.704,0.452,0,65,W,Y,0,0,0,0,0,0,0,0,0,0,0,0,0,0,0,0,-0.085,-37.559,0,"P0TA0",-1.398,-19.524,0,"쟈가리코",-20.683,-43.481,0,"芝レイナ",-14.043,-59.789,0,"わだ、、",16.442,-45.643,0,"うるの。",7.694,-62.36,0,"Muna_328",40.988,-95.824,0,"うよすま",-4.765,-122.227,0,"-つる３-",-56.277,-99.022,0,0,0,0,0,0,"",0,0,0,0,468.846,,,,0,0
7,1,1,0,0,1,1,1,1,0,0,1,255,255,6,490.656,"Low1_jpn",R,3,79,105,-1.681,-0.509,0.227,1.249,0.084,1.651,-36.789,26.131,9,91,0,1,0,-419.405,238.638,52.773,-0.965,-17.341,0,2,0,R,"Slaris",190,85.704,0.452,0,65,W,Y,0,0,0,0,0,0,0,0,0,0,0,0,0,0,0,0,-0.058,-37.5,0,"P0TA0",-1.141,-17.138,0,"쟈가리코",-20.595,-43.2,0,"芝レイナ",-14.053,-59.835,0,"わだ、、",18.146,-44.881,0,"うるの。",7.486,-61.273,0,"Muna_328",38.879,-93.652,0,"うよすま",-5.087,-120.121,0,"-つる３-",-46.099,-100.528,0,0,0,0,0,0,"",0,0,0,0,493.88,,,,0,0
8,1,1,0,0,1,2,1,1,0,0,1,255,255,7,510.976,"Low1_jpn",R,32,86,139,1.034,-0.139,0.248,1.235,0.225,1.606,-36.789,40.564,2,59,39,2,0,155.322,68.971,10.388,0,0,0,2,0,R,"Slaris",190,85.704,0.452,3,65,W,Y,511.878,255,103,185,101,42,145,98,-32.348,30.199,-0.43,0,0.35,-32.269,-303.271,-42.027,-0.415,-37.063,0,"P0TA0",0.11,-16.917,0,"쟈가리코",-20.453,-42.963,68,"芝レイナ",-14.032,-59.809,86,"わだ、、",18.112,-45.225,0,"うるの。",8.84,-61.564,111,"Muna_328",38.939,-93.724,0,"うよすま",-5.18,-121.713,0,"-つる３-",-46.136,-100.551,0,511.091,-0.601,-20.784,513.702,3,"芝レイナ",-17.246,-52.557,1,0,,516.106,,,197,2
9,1,1,0,0,0,0,2,1,0,0,0,255,255,8,544.97,"Low1_jpn",R,3,77,116,1.749,0.106,0.51,1.26,1.442,1.688,-36.789,60.463,15,85,0,1,0,-454.323,0,7.725,0,0,0,3,8,R,"ディシジョン",180.2,92.496,0.622,0,67,W,Y,0,0,0,0,0,0,0,0,0,0,0,0,0,0,0,0,-0.204,-37.532,0,"P0TA0",-0.974,-18.134,0,"쟈가리코",-20.207,-43.087,0,"芝レイナ",-16.757,-61.883,0,"わだ、、",19.653,-47.703,0,"うるの。",10.234,-64.421,0,"Muna_328",21.008,-112.502,0,"うよすま",-23.103,-120.06,0,"-つる３-",-60.046,-96.591,0,0,0,0,0,0,"",0,0,0,0,545.735,,,,0,0
10,1,1,0,0,1,0,2,1,0,0,0,255,255,9,564.54,"Low1_jpn",R,33,75,126,0.42,0.11,0.273,1.232,0.015,1.759,-36.789,38.874,0,9,91,0,0,100.278,63.546,4.17,0,0,0,3,8,R,"ディシジョン",180.2,92.496,0.622,0,67,W,Y,0,0,0,0,0,0,0,0,0,0,0,0,0,0,0,0,-0.066,-37.709,0,"P0TA0",-1.24,-19.324,0,"쟈가리코",-20.23,-42.44,0,"芝レイナ",-16.869,-61.807,0,"わだ、、",19.267,-49.091,0,"うるの。",9.708,-64.552,0,"Muna_328",21.747,-113.592,0,"うよすま",-19.596,-117.433,0,"-つる３-",-57.921,-90.416,0,0,0,0,0,0,"",0,0,0,0,565.235,,,,0,0
11,1,1,0,0,1,1,2,1,0,0,0,255,255,10,582.705,"Low1_jpn",R,3,74,115,1.861,-0.152,0.464,1.24,1.51,1.535,-36.789,59.391,9,16,75,2,0,-399.913,0,5.94,0,0,0,3,8,R,"ディシジョン",180.2,92.496,0.622,3,67,W,Y,583.819,141,53,180,109,0,145,87,29.017,6.202,-0.8,0.19,0.374,322.709,435.38,-177.028,-0.058,-37.257,0,"P0TA0",0.082,-16.982,0,"쟈가리코",-19.853,-44.98,0,"芝レイナ",-16.937,-61.77,0,"わだ、、",19.369,-49.76,54,"うるの。",10.97,-64.505,0,"Muna_328",21.725,-113.576,0,"うよすま",-23.848,-118.645,0,"-つる３-",-56.236,-91.418,0,588.024,-13.683,-92.209,588.846,7,"うよすま",-14.8,-95.929,1,0,,587.465,592.504,,259,2
12,1,1,0,0,0,0,2,1,0,1,8,255,0,11,619.206,"Low1_jpn",R,33,87,140,1.627,-0.698,0.316,1.133,0.542,1.273,-36.789,49.705,8,9,83,2,0,129.458,97.782,7.463,0,0,1,4,2,R,"Floră",190,85,0.404,3,68,W,Y,620.248,191,133,102,47,17,145,90,27.013,22.083,-0.81,0,0.514,226.773,361.709,-173.107,-0.12,-37.321,0,"P0TA0",0.138,-16.982,0,"쟈가리코",-20.417,-45.856,0,"芝レイナ",-15.905,-62.821,0,"わだ、、",18.09,-48.128,0,"うるの。",12.207,-64.582,87,"Muna_328",36.354,-100.704,0,"うよすま",-9.943,-122.463,0,"-つる３-",-52.595,-100.239,114,624.568,-35.57,-91.368,624.924,8,"-つる３-",-35.352,-91.004,1,0,,625.421,,625.251,97,2
13,1,1,1,0,0,0,2,1,1,0,2,8,255,12,651.923,"Low1_jpn",R,3,81,119,-1.147,0.616,0.223,1.347,0.108,1.986,-36.789,38.608,5,95,0,0,0,-500,0,34.416,0,0,0,5,6,R,"Kenomo",180,80,0.449,0,89,W,Y,0,0,0,0,0,0,0,0,0,0,0,0,0,0,0,0,-0.175,-37.555,0,"P0TA0",-0.007,-16.769,0,"쟈가리코",-22.046,-45.19,0,"芝レイナ",-14.992,-63.446,0,"わだ、、",19.774,-44.72,0,"うるの。",12.716,-63.717,0,"Muna_328",40.274,-100.134,0,"うよすま",-4.974,-114.092,0,"-つる３-",-50.31,-103.492,0,0,0,0,0,0,"",0,0,0,0,652.668,654.661,,,0,0
14,1,1,1,0,0,1,2,1,1,0,2,8,255,13,671.733,"Low1_jpn",R,3,62,96,-0.708,-0.253,0.327,1.183,0.394,1.499,-36.789,44.857,5,20,75,2,0,-314.315,0,-0.117,0,0,1,5,6,R,"Kenomo",180,80,0.449,3,89,W,Y,673.02,243,143,73,92,53,145,128,1.684,-26.457,0.66,0.143,0.284,-513.275,-305.036,-53.771,-0.106,-37.12,0,"P0TA0",-0.255,-16.933,0,"쟈가리코",-20.367,-44.875,0,"芝レイナ",-15.071,-63.344,0,"わだ、、",18.004,-47.006,120,"うるの。",13.702,-62.777,0,"Muna_328",39.994,-96.816,0,"うよすま",-6.594,-115.576,0,"-つる３-",-48.077,-96.209,0,672.924,9.609,-38.447,673.646,4,"わだ、、",14.033,-47.316,0,0,718.013,,,,7,2
15,1,0,1,0,0,0,0,0,0,0,255,255,255,0,833.572,"Slaris",R,28,91,140,-1.775,0.765,-0.029,1.901,-0.832,2.002,-36.485,37.348,75,23,3,2,0,44.706,-93.6,21.301,0,0,1,0,0,L,"Low1_jpn",190,94.771,0.596,3,32,W,Y,834.575,129,58,65,67,50,137,84,35.168,44.706,-0.89,0,0.377,215.795,-213.531,122.037,-0.133,-36.699,0,"-라후이-",-0.19,-17.486,0,"Floră",-13.791,-45.601,0,"낑깡__",-9.781,-67.654,0,"Ainy4／あいにゃ",20.874,-48.668,0,"즉석카레",15.591,-62.117,64,"Kenomo",42.735,-105.191,0,"아침땅_",-0.038,-119.085,0,"ディシジョン",-44.395,-101.279,116,838.568,-48.159,-71.72,840.402,8,"ディシジョン",-56.814,-78.855,1,0,,,,,76,2
16,1,0,1,0,0,0,0,1,0,0,10,255,255,1,871.878,"Slaris",R,14,82,120,2.203,-0.263,0.128,1.812,0.528,1.823,-36.485,42.209,74,26,0,2,0,306.524,395.023,17.289,0,0,1,1,4,L,"わだ、、",190.3,80,0.528,3,64,W,Y,872.981,255,201,133,122,84,145,130,-16.802,-30.998,0.39,0,0.856,54.3,144.409,163.029,-0.011,-36.646,0,"-라후이-",0.186,-18.079,0,"Floră",-15.21,-45.303,80,"낑깡__",-5.396,-61.588,91,"Ainy4／あいにゃ",19.998,-47.621,115,"즉석카레",10.572,-60.613,0,"Kenomo",48.479,-100.309,0,"아침땅_",-0.161,-119.001,0,"ディシジョン",-47.808,-103.495,0,872.335,2.154,-23.735,873.479,4,"Ainy4／あいにゃ",16.105,-47.035,0,0,,878.54,885.031,,150,2
17,1,0,1,0,0,0,2,0,0,0,255,255,255,2,902.821,"Slaris",R,28,91,140,-1.832,0.73,-0.056,1.94,-0.867,2.002,-36.485,33.513,76,17,8,2,0,61.049,-65.552,20.03,0,0,1,2,2,L,"쟈가리코",190,82,0.501,3,64,W,Y,903.935,199,57,70,50,8,138,117,12.753,-36.626,0.2,0,0.284,-187.974,-478.133,267.962,0.014,-36.645,0,"-라후이-",-0.331,-17.717,0,"Floră",-14.01,-45.55,0,"낑깡__",-9.724,-67.761,86,"Ainy4／あいにゃ",20.753,-48.641,108,"즉석카레",13.823,-62.65,0,"Kenomo",45.6,-101.107,119,"아침땅_",-0.193,-119.702,0,"ディシジョン",-48.252,-105.633,0,905.924,47.516,-74.92,908.679,6,"Kenomo",68.398,-97.088,0,0,,914.215,,,166,2
18,1,0,1,0,0,0,2,0,1,0,255,12,255,3,969.13,"Slaris",R,13,64,106,-2.657,-0.812,-0.032,1.705,-0.531,1.459,-36.485,44.633,74,26,0,4,0,-383.557,302.608,-11.063,0,0,1,3,6,R,"Muna_328",189.5,89.724,0.4,0,90,W,Y,0,0,0,0,0,0,0,0,0,0,0,0,0,0,0,0,0.041,-37.341,0,"-라후이-",-0.248,-17.774,0,"Floră",-18.798,-45.215,0,"낑깡__",-13.085,-66.451,0,"Ainy4／あいにゃ",20.116,-49.224,0,"즉석카레",10.176,-68.68,0,"Kenomo",35.808,-98.726,0,"아침땅_",-0.569,-120.803,0,"ディシジョン",-55.067,-98.707,0,0,0,0,0,0,"",0,0,0,0,969.924,972.366,,,0,0
19,1,0,1,0,0,1,2,0,1,0,255,12,255,4,990.072,"Slaris",R,3,67,108,-1.229,-0.212,0.334,1.704,0.371,1.486,-36.485,49.861,77,23,0,2,0,-490.909,0,-0.144,0,0,1,3,6,R,"Muna_328",189.5,89.724,0.4,3,90,W,Y,991.192,255,131,149,89,0,145,115,26.423,37.519,0.14,0,1.028,83.694,-176.232,-29.851,-0.165,-37.334,0,"-라후이-",0,-17.818,0,"Floră",-18.791,-45.305,0,"낑깡__",-13.451,-66.661,0,"Ainy4／あいにゃ",20.6,-48.794,0,"즉석카레",12.428,-67.64,0,"Kenomo",35.765,-98.678,0,"아침땅_",-0.521,-120.707,0,"ディシジョン",-55.054,-98.701,92,995.257,-58.99,-104.532,995.424,8,"ディシジョン",-57.223,-101.83,0,0,,,995.912,,41,1
20,2,1,1,0,0,0,0,0,0,0,255,255,255,14,1043.976,"Low1_jpn",R,32,71,110,-0.794,0.897,-0.04,1.437,-0.743,2.105,-36.789,17.648,3,97,0,0,0,243.955,-17.55,14.847,-0.277,-17.968,0,6,5,R,"즉석카레",170,90.311,0.397,0,63,W,Y,0,0,0,0,0,0,0,0,0,0,0,0,0,0,0,0,0.009,-37.812,0,"P0TA0",-0.111,-16.952,0,"쟈가리코",-20.94,-46.262,0,"芝レイナ",-15.325,-63.254,0,"わだ、、",18.097,-46.265,0,"うるの。",13.67,-63.371,0,"Muna_328",36.643,-95.497,0,"うよすま",-6.19,-114.207,0,"-つる３-",-46.072,-101.059,0,0,0,0,0,0,"",0,0,0,0,1046.346,,,,0,0
21,2,1,1,0,0,1,0,0,0,0,255,255,255,15,1062.395,"Low1_jpn",R,3,76,104,0.287,0.394,0.476,1.344,0.94,1.856,-36.789,55.231,6,94,0,2,0,-406.909,0,7.364,0,0,1,6,5,R,"즉석카레",170,90.311,0.397,3,63,W,Y,1063.55,255,135,72,106,41,145,85,112.469,-63.853,-0.71,0,0.226,128.074,-557.231,89.791,0.018,-37.466,0,"P0TA0",0.065,-16.635,0,"쟈가리코",-20.729,-46.516,0,"芝レイナ",-15.347,-63.239,0,"わだ、、",17.301,-46.734,0,"うるの。",14.116,-63.142,0,"Muna_328",35.025,-92.846,0,"うよすま",-5.652,-115.663,0,"-つる３-",-46.08,-100.964,0,0,0,0,0,0,"",0,0,0,0,,,,,1,3
22,2,1,1,0,0,2,0,0,0,0,255,255,255,16,1082.088,"Low1_jpn",R,33,80,130,-1.837,-0.094,-0.012,1.249,-0.988,1.648,-36.789,16.789,2,52,45,1,0,123.41,72.792,3.741,0,0,0,6,5,R,"즉석카레",170,90.311,0.397,0,63,W,Y,0,0,0,0,0,0,0,0,0,0,0,0,0,0,0,0,-0.067,-37.837,0,"P0TA0",-0.042,-16.756,0,"쟈가리코",-20.809,-45.813,0,"芝レイナ",-16.382,-62.594,0,"わだ、、",18.01,-45.335,0,"うるの。",14.524,-63.333,0,"Muna_328",35.704,-95.176,0,"うよすま",-6.8,-115.434,0,"-つる３-",-44.586,-95.945,0,0,0,0,0,0,"",0,0,0,0,1082.735,,,,0,0
23,2,1,1,0,1,2,0,0,0,0,255,255,255,17,1098.97,"Low1_jpn",R,3,86,126,-2.641,0.443,0.12,1.308,-0.372,1.862,-36.789,23.165,8,92,0,2,0,-500,0,32.699,0,0,1,6,5,R,"즉석카레",170,90.311,0.397,3,63,W,Y,1100.06,198,89,87,63,23,145,110,5.004,32.043,0.81,0,0.143,186.534,362.798,35.725,-0.045,-37.205,0,"P0TA0",-0.052,-16.745,119,"쟈가리코",-20.383,-46.07,72,"芝レイナ",-16.357,-62.583,0,"わだ、、",15.448,-47.014,0,"うるの。",14.463,-63.285,0,"Muna_328",35.788,-95.164,0,"うよすま",-6.589,-113.869,0,"-つる３-",-44.602,-96.063,0,0,0,0,1100.702,2,"쟈가리코",-17.297,-44.756,0,0,1126.013,,,,21,1
24,2,1,1,0,1,0,1,0,0,0,255,255,255,18,1149.645,"Low1_jpn",R,3,65,106,-0.079,0.226,0.345,1.26,0.762,1.767,-36.789,48.305,15,85,0,0,0,-481.818,0,21.992,0,0,0,7,3,R,"낑깡__",175.3,80,0.402,0,62,W,Y,0,0,0,0,0,0,0,0,0,0,0,0,0,0,0,0,-0.261,-37.308,0,"P0TA0",0.038,-16.651,0,"쟈가리코",-21.008,-45.985,0,"芝レイナ",-16.332,-62.427,0,"わだ、、",17.05,-44.131,0,"うるの。",13.778,-63.573,0,"Muna_328",32.732,-90.675,0,"うよすま",-5.409,-113.781,0,"-つる３-",-44.182,-98.248,0,0,0,0,0,0,"",0,0,0,0,1150.268,,,,0,0
25,2,1,1,0,1,1,1,0,0,0,255,255,255,19,1169.165,"Low1_jpn",R,32,85,138,-1.831,0.797,-0.02,1.405,-1.022,2.197,-36.789,11.874,3,56,41,1,0,164.206,113.066,28.89,0,0,0,7,3,R,"낑깡__",175.3,80,0.402,0,62,W,Y,0,0,0,0,0,0,0,0,0,0,0,0,0,0,0,0,-0.229,-37.433,0,"P0TA0",0.086,-16.762,0,"쟈가리코",-20.856,-46.055,0,"芝レイナ",-16.335,-62.43,0,"わだ、、",16.401,-45.198,0,"うるの。",13.779,-63.473,0,"Muna_328",32.76,-90.624,0,"うよすま",-5.134,-114.197,0,"-つる３-",-44.211,-98.272,0,0,0,0,0,0,"",0,0,0,0,1169.657,,,,0,0
26,2,1,1,0,2,1,1,0,0,0,255,255,255,20,1190.748,"Low1_jpn",R,32,70,122,0.345,0.077,0.173,1.284,-0.128,1.772,-36.789,22.992,0,54,46,2,0,164.752,91.087,13.069,0,0,0,7,3,R,"낑깡__",175.3,80,0.402,3,62,W,Y,1191.667,183,107,154,77,49,145,89,40.681,44.479,-0.64,0,0.258,135.524,541.924,-218.978,0.187,-37.266,0,"P0TA0",0.062,-16.865,0,"쟈가리코",-20.832,-46.112,0,"芝レイナ",-16.369,-62.432,0,"わだ、、",16.051,-44.903,0,"うるの。",13.65,-63.576,0,"Muna_328",32.748,-90.649,0,"うよすま",-4.793,-113.505,0,"-つる３-",-44.246,-98.283,0,1195.802,-56.213,-64.664,0,0,"",0,0,0,0,,,,,1,3
27,2,1,1,0,2,2,1,0,0,0,255,255,255,21,1216.934,"Low1_jpn",R,34,73,124,4.129,-0.215,0.518,1.224,1.635,1.514,-36.789,61.811,2,14,85,2,0,91.643,20.214,3.778,0,0,1,7,3,R,"낑깡__",175.3,80,0.402,3,61,W,Y,1217.827,193,149,130,95,53,145,86,102.971,77.089,-0.77,0.19,0.356,-194.566,-361.961,103.252,0.406,-36.97,0,"P0TA0",0.159,-16.954,0,"쟈가리코",-20.923,-45.66,0,"芝レイナ",-16.542,-62.478,0,"わだ、、",14.72,-44.86,0,"うるの。",13.922,-63.383,0,"Muna_328",32.506,-92.197,0,"うよすま",-7.694,-112.342,0,"-つる３-",-46.377,-96.061,0,1222.302,60.037,-1.82,0,0,"",0,0,0,0,,,,,1,3
28,2,1,1,0,2,2,1,0,0,0,255,255,255,22,1238.861,"Low1_jpn",R,33,82,133,0.211,0.189,0.184,1.283,-0.074,1.768,-36.789,22.223,3,53,45,2,0,108.23,37.666,2.942,0,0,1,7,3,R,"낑깡__",175.3,80,0.402,3,61,W,Y,1239.795,239,130,114,82,35,145,127,104.679,-69.361,0.58,0.048,0.29,183.509,470.166,-116.172,0.067,-37.288,0,"P0TA0",0.073,-16.925,0,"쟈가리코",-21.079,-46.237,0,"芝レイナ",-15.619,-63.183,0,"わだ、、",15.387,-44.343,0,"うるの。",14.8,-63.204,0,"Muna_328",33.824,-90.489,0,"うよすま",-7.38,-112.201,0,"-つる３-",-39.262,-89.607,0,0,0,0,0,0,"",0,0,0,0,,,,,1,3
29,2,1,1,0,2,2,1,0,0,0,255,255,255,23,1259.466,"Low1_jpn",R,3,83,123,-3.869,0.551,-0.021,1.33,-1.03,1.933,-36.789,19.776,3,97,0,1,0,-399.1,0,8.394,0,0,0,7,3,R,"낑깡__",175.3,80,0.402,0,61,W,Y,0,0,0,0,0,0,0,0,0,0,0,0,0,0,0,0,-0.108,-37.597,0,"P0TA0",0.244,-18.819,0,"쟈가리코",-21.411,-46.448,0,"芝レイナ",-15.591,-63.181,0,"わだ、、",15.277,-44.885,0,"うるの。",14.749,-62.862,0,"Muna_328",33.935,-90.261,0,"うよすま",-7.479,-112.406,0,"-つる３-",-42.747,-90.029,0,0,0,0,0,0,"",0,0,0,128,1259.979,,,,0,0
30,2,1,1,0,3,2,1,0,0,0,255,255,255,24,1296.93,"Low1_jpn",R,32,55,111,-1.229,-1.219,0.004,0.975,-0.91,0.689,-36.789,44.348,3,32,65,1,0,207.823,-200,50.786,0,0,0,7,3,R,"낑깡__",175.3,80,0.402,0,61,W,Y,0,0,0,0,0,0,0,0,0,0,0,0,0,0,0,0,-0.286,-37.469,0,"P0TA0",-0.227,-17.08,0,"쟈가리코",-21.419,-46.668,0,"芝レイナ",-15.926,-62.895,0,"わだ、、",17.38,-45.742,0,"うるの。",14.776,-62.881,0,"Muna_328",34.975,-91.949,0,"うよすま",-6.016,-109.032,0,"-つる３-",-42.77,-90.196,0,0,0,0,0,0,"",0,0,0,0,1297.513,,,,0,5
31,2,1,1,0,0,0,1,1,0,0,3,255,255,25,1321.907,"Low1_jpn",R,3,70,110,-2.45,0.579,0.146,1.327,-0.253,1.942,-36.789,25.002,10,90,0,1,0,-500,0,11.462,0,0,0,8,7,R,"아침땅_",165,94.757,0.5,0,60,W,Y,0,0,0,0,0,0,0,0,0,0,0,0,0,0,0,0,-0.188,-37.595,0,"P0TA0",-0.902,-19.084,0,"쟈가리코",-20.783,-43.516,0,"芝レイナ",-14.032,-58.367,0,"わだ、、",17.009,-42.671,0,"うるの。",7.994,-60.824,0,"Muna_328",33.042,-89.67,0,"うよすま",-6.139,-106.926,0,"-つる３-",-42.77,-90.211,0,0,0,0,0,0,"",0,0,0,0,1322.535,,,,0,0
32,2,1,1,0,1,0,1,1,0,0,3,255,255,26,1363.805,"Low1_jpn",R,34,77,128,-0.869,1.13,0.143,1.402,-0.535,2.333,-36.789,26.715,2,67,31,0,0,98.109,72.118,7.751,0,0,0,8,7,R,"아침땅_",165,94.757,0.5,0,60,W,Y,0,0,0,0,0,0,0,0,0,0,0,0,0,0,0,0,-6.208,-37.6,0,"P0TA0",-0.015,-16.845,0,"쟈가리코",-20.137,-42.823,0,"芝レイナ",-13.633,-58.96,0,"わだ、、",16.875,-42.146,0,"うるの。",1.403,-59.487,0,"Muna_328",32.976,-89.677,0,"うよすま",-4.093,-103.285,0,"-つる３-",-40.654,-91.357,0,0,0,0,0,0,"",0,0,0,0,1364.468,1366.435,,,0,0
33,2,1,1,0,1,1,1,0,1,0,255,3,255,27,1388.5,"Low1_jpn",R,3,77,117,-3.825,0.791,-0.001,1.356,-0.936,2.047,-36.789,15.486,4,96,0,1,0,-417.906,0,17.584,0,0,0,8,7,R,"아침땅_",165,94.757,0.5,0,60,W,Y,0,0,0,0,0,0,0,0,0,0,0,0,0,0,0,0,-0.243,-37.515,0,"P0TA0",0.055,-17.475,0,"쟈가리코",-20.177,-46.19,0,"芝レイナ",-15.851,-62.618,0,"わだ、、",17.549,-42.232,0,"うるの。",10.608,-61.809,0,"Muna_328",33.348,-91.621,0,"うよすま",-5.805,-107.388,0,"-つる３-",-40.646,-91.325,0,0,0,0,0,0,"",0,0,0,0,1389.091,1391.089,,,0,0
34,2,1,1,0,2,1,1,0,1,0,255,3,255,28,1407.857,"Low1_jpn",R,3,67,96,2.021,-0.314,0.596,1.266,1.85,1.469,-36.789,63.167,14,23,62,1,0,-436.364,0,-6.179,0,0,0,8,7,R,"아침땅_",165,94.757,0.5,0,60,W,Y,0,0,0,0,0,0,0,0,0,0,0,0,0,0,0,0,0.002,-37.355,0,"P0TA0",-0.028,-17.061,0,"쟈가리코",-20.164,-46.168,0,"芝レイナ",-15.885,-62.702,0,"わだ、、",17.623,-43.103,0,"うるの。",7.43,-62.196,0,"Muna_328",33.437,-91.608,0,"うよすま",-5.972,-108.001,0,"-つる３-",-40.633,-91.402,0,0,0,0,0,0,"",0,0,0,0,1408.668,1410.581,,,0,0
35,2,1,1,0,3,1,1,0,1,0,255,3,255,29,1428.177,"Low1_jpn",R,3,64,95,-1.263,0.09,0.384,1.266,0.372,1.695,-36.789,38.028,4,52,45,2,0,-406.848,0,0.35,0,0,1,8,7,R,"아침땅_",165,94.757,0.5,3,60,W,Y,1429.26,106,126,118,111,51,137,112,25.722,30.89,0.73,0.19,0.431,81.161,544.979,177.634,0.271,-37.492,0,"P0TA0",-0.03,-17.08,111,"쟈가리코",-18.765,-44.759,0,"芝レイナ",-15.9,-62.698,95,"わだ、、",15.653,-44.032,0,"うるの。",9.614,-62.327,0,"Muna_328",34.19,-92.978,0,"うよすま",-4.77,-108.477,0,"-つる３-",-40.76,-91.504,99,1433.224,-61.389,-96.575,1435.191,8,"-つる３-",-63.054,-99.252,1,0,1442.246,1438.787,1436.277,1441.068,177,2
36,2,1,2,0,0,0,1,0,1,0,255,7,255,30,1472.302,"Low1_jpn",R,3,76,104,-1.771,0.847,0.22,1.489,0.063,2.169,-36.789,22.705,5,88,7,2,0,-412.769,0,18.51,0,0,0,0,1,R,"-라후이-",190,87.311,0.496,3,60,W,Y,1473.237,125,72,67,52,46,137,92,25.664,13.29,0.95,0,0.23,-152.612,126.726,-46.649,-0.146,-37.298,0,"P0TA0",-0.051,-16.836,119,"쟈가리코",-20.442,-45.612,0,"芝レイナ",-15.599,-62.923,0,"わだ、、",16.591,-46.165,0,"うるの。",10.146,-61.647,0,"Muna_328",40.153,-102.372,0,"うよすま",-7.281,-121.303,0,"-つる３-",-50.09,-102.327,0,1476.891,-19.678,-92.939,1478.313,7,"うよすま",-21.553,-101.487,1,0,1482.324,,1481.134,,273,2
37,2,1,2,0,0,0,1,1,0,1,1,255,7,31,1505.803,"Low1_jpn",R,3,80,117,-5.18,-0.06,-0.09,1.243,-1.349,1.63,-36.789,13.96,7,75,18,3,0,-500,0,27.977,-1.179,-21.686,0,1,4,L,"Ainy4／あいにゃ",188.5,85,0.512,0,60,W,Y,0,0,0,0,0,0,0,0,0,0,0,0,0,0,0,0,-0.22,-37.364,0,"P0TA0",-0.103,-16.719,0,"쟈가리코",-20.225,-42.397,0,"芝レイナ",-6.706,-61.394,0,"わだ、、",18.667,-44.502,0,"うるの。",11.693,-63.3,0,"Muna_328",48.757,-98.245,0,"うよすま",7.084,-121.973,0,"-つる３-",-38.786,-103.928,0,0,0,0,0,0,"",0,0,0,0,1510.613,,1509.01,,0,6
38,2,1,2,0,0,0,1,1,1,1,4,1,7,32,1532.822,"Low1_jpn",R,33,81,131,0.399,-0.063,0.259,1.245,-0.009,1.663,-36.789,39.2,6,56,38,2,0,115.846,74.412,5.445,0,0,0,2,0,R,"Slaris",190,85.704,0.452,3,60,W,Y,1533.658,235,78,136,125,47,145,130,105.616,-60.862,0.54,0,0.365,229.86,94.807,75.622,-0.355,-37.049,0,"P0TA0",0.153,-16.755,0,"쟈가리코",-20.664,-46.566,0,"芝レイナ",-15.66,-62.75,0,"わだ、、",17.827,-45.098,0,"うるの。",7.819,-60.357,0,"Muna_328",44.238,-99.701,0,"うよすま",-7.088,-116.944,0,"-つる３-",-53.438,-102.524,0,0,0,0,0,0,"",0,0,0,0,,1537.057,1535.775,,1,3
39,2,1,2,0,0,1,1,1,1,1,4,1,7,33,1549.966,"Low1_jpn",R,33,80,130,0.252,0.535,0.184,1.376,-0.074,2.06,-36.789,25.127,2,54,43,2,0,117.138,96.978,9.912,0,0,0,2,0,R,"Slaris",190,85.704,0.452,3,60,W,Y,1550.835,255,98,142,87,43,145,130,-8.859,27.122,0.65,0,0.191,206.707,-205.408,27.565,-0.253,-37.082,0,"P0TA0",0.014,-16.89,0,"쟈가리코",-21.008,-45.507,0,"芝レイナ",-15.865,-62.725,0,"わだ、、",17.83,-44.609,0,"うるの。",11.02,-60.888,111,"Muna_328",42.157,-99.222,0,"うよすま",-6.424,-115.803,0,"-つる３-",-54.817,-102.046,0,1550.191,-3.319,-26.037,1553.913,8,"-つる３-",-42.171,-93.808,1,0,1559.679,1555.524,1555.401,1555.694,113,2
40,2,1,3,0,0,0,1,1,1,1,0,4,1,34,1674.501,"Low1_jpn",R,3,74,113,0.048,-0.033,0.35,1.279,0.924,1.608,-36.789,48.238,8,59,33,0,0,-500,0,13.047,0,0,0,3,8,R,"ディシジョン",180.2,92.496,0.622,0,60,W,Y,0,0,0,0,0,0,0,0,0,0,0,0,0,0,0,0,-0.072,-37.693,0,"P0TA0",0.109,-16.775,0,"쟈가리코",-20.973,-42.963,0,"芝レイナ",-16.373,-62.341,0,"わだ、、",18.142,-42.836,0,"うるの。",6.152,-60.901,0,"Muna_328",13.776,-114.514,0,"うよすま",-23.102,-112.759,0,"-つる３-",-57.639,-96.368,0,0,0,0,0,0,"",0,0,0,0,1675.235,1677.362,1677.574,,0,0
41,2,1,3,0,0,1,1,1,1,1,0,4,1,35,1692.331,"Low1_jpn",R,32,82,133,-2.785,1.348,-0.082,1.453,-1.489,2.259,-36.789,28.378,44,56,0,1,0,187.55,-165.385,0.76,0,0,0,3,8,R,"ディシジョン",180.2,92.496,0.622,0,60,W,Y,0,0,0,0,0,0,0,0,0,0,0,0,0,0,0,0,-0.29,-37.762,0,"P0TA0",2.428,-18.208,0,"쟈가리코",-20.486,-42.568,0,"芝レイナ",-16.342,-62.365,0,"わだ、、",17.592,-43.722,0,"うるの。",7.184,-61.924,0,"Muna_328",14.041,-115.724,0,"うよすま",-22.065,-109.651,0,"-つる３-",-57.684,-96.353,0,0,0,0,0,0,"",0,0,0,0,1692.946,1695.157,1695.455,,0,0
42,2,1,3,0,1,1,1,1,1,1,0,4,1,36,1716.719,"Low1_jpn",R,36,82,133,1.409,-1.24,0.284,1.064,0.442,1.035,-36.789,52.803,8,6,86,4,0,110.571,138.737,8.153,-0.827,-20.468,1,3,8,R,"ディシジョン",180.2,92.496,0.622,0,60,W,Y,0,0,0,0,0,0,0,0,0,0,0,0,0,0,0,0,-0.223,-37.401,0,"P0TA0",-0.293,-17.899,0,"쟈가리코",-20.377,-43.315,0,"芝レイナ",-16.343,-62.371,0,"わだ、、",18.156,-42.579,0,"うるの。",6.842,-60.749,0,"Muna_328",14.116,-115.767,0,"うよすま",-21.769,-109.085,0,"-つる３-",-57.617,-96.322,0,0,0,0,0,0,"",0,0,0,0,1719.268,1719.509,1719.843,,0,0
43,2,1,3,0,1,2,1,1,1,1,0,4,1,37,1738.607,"Low1_jpn",R,3,81,119,-2.499,0.008,0.149,1.242,-0.239,1.626,-36.789,33.56,8,63,29,4,0,-500,0,16.419,0,0,1,3,8,R,"ディシジョン",180.2,92.496,0.622,0,60,W,Y,0,0,0,0,0,0,0,0,0,0,0,0,0,0,0,0,-0.352,-37.324,0,"P0TA0",1.894,-17.854,0,"쟈가리코",-20.123,-41.523,0,"芝レイナ",-16.516,-62.268,0,"わだ、、",18.108,-43.1,0,"うるの。",4.532,-62.182,0,"Muna_328",13.538,-117.198,0,"うよすま",-21.705,-109.923,0,"-つる３-",-57.668,-96.342,0,0,0,0,0,0,"",0,0,0,0,1739.28,1741.682,1741.313,,0,0
44,2,1,3,0,0,0,2,1,1,1,0,4,1,38,1832.841,"Low1_jpn",R,32,85,138,-6.577,0.745,-0.325,1.278,-3.149,2.014,-36.789,21.686,0,100,0,1,0,250,-91.13,23.116,0,0,0,4,2,R,"Floră",190,85,0.404,0,60,W,Y,0,0,0,0,0,0,0,0,0,0,0,0,0,0,0,0,-0.131,-37.615,0,"P0TA0",-0.954,-16.825,0,"쟈가리코",-20.483,-42.211,0,"芝レイナ",-15.863,-62.878,0,"わだ、、",19.365,-45.062,0,"うるの。",10.017,-63.793,0,"Muna_328",38.013,-109.142,0,"うよすま",-4.778,-122.042,0,"-つる３-",-52.776,-104.048,0,0,0,0,0,0,"",0,0,0,0,1833.313,1835.379,1835.383,,0,0
45,2,1,3,0,1,0,2,1,1,1,0,4,1,39,1858.264,"Low1_jpn",R,3,83,121,-2.456,-0.309,0.161,1.175,-0.238,1.43,-36.789,39.839,2,89,8,1,0,-500,0,2.65,0,0,0,4,2,R,"Floră",190,85,0.404,0,60,W,Y,0,0,0,0,0,0,0,0,0,0,0,0,0,0,0,0,0.167,-37.88,0,"P0TA0",-0.019,-16.795,0,"쟈가리코",-20.2,-41.467,0,"芝レイナ",-16.102,-62.797,0,"わだ、、",19.433,-42.863,0,"うるの。",10.293,-62.415,0,"Muna_328",38.071,-109.21,0,"うよすま",-6.95,-121.187,0,"-つる３-",-52.649,-103.7,0,0,0,0,0,0,"",0,0,0,0,1858.835,1861.687,1860.519,,0,0
46,2,1,3,0,2,0,2,1,1,1,0,4,1,40,1880.788,"Low1_jpn",R,33,67,120,0.15,0.722,0.165,1.405,-0.161,2.156,-36.789,24.566,0,44,56,2,0,130.703,68.971,4.166,0,0,1,4,2,R,"Floră",190,85,0.404,3,60,W,Y,1881.79,217,73,122,71,44,145,98,53.928,43.721,-0.43,0,0.68,136.786,360.39,-266.981,-0.267,-37.241,0,"P0TA0",-0.002,-16.926,0,"쟈가리코",-19.449,-44.243,0,"芝レイナ",-16.183,-62.736,0,"わだ、、",17.876,-46.062,0,"うるの。",6.796,-63.599,0,"Muna_328",38.085,-109.138,0,"うよすま",-7.848,-123.896,0,"-つる３-",-52.667,-103.731,96,1886.957,-55.011,-68.695,1888.624,8,"-つる３-",-59.471,-72.42,0,4,1906.391,1885.977,1892.59,,53,2
47,2,1,3,0,2,1,2,1,1,1,0,4,1,41,1990.733,"Low1_jpn",R,32,88,140,-1.346,0.878,0.009,1.447,-0.889,2.292,-36.789,12.084,3,68,28,0,0,218.128,121.065,2.814,0,0,1,4,2,R,"Floră",190,85,0.404,0,59,W,Y,0,0,0,0,0,0,0,0,0,0,0,0,0,0,0,0,-0.12,-37.742,0,"P0TA0",0.023,-16.746,0,"쟈가리코",-21.145,-44.852,0,"芝レイナ",-16.739,-62.164,0,"わだ、、",19.989,-44.65,0,"うるの。",8.243,-63.586,0,"Muna_328",35.08,-110.011,0,"うよすま",-7.501,-122.802,0,"-つる３-",-49.038,-103.832,0,0,0,0,0,0,"",0,0,0,0,1991.379,1993.545,1993.286,,0,0
48,2,1,3,0,2,2,2,1,1,1,0,4,1,42,2008.674,"Low1_jpn",R,32,85,137,1.073,-0.645,0.246,1.148,0.214,1.324,-36.789,34.671,4,53,43,2,0,171.949,102.42,11.83,0,0,1,4,2,R,"Floră",190,85,0.404,3,59,W,Y,2009.836,0,0,0,0,0,0,44,41.071,21.671,-0.83,0,0.557,48.791,-97.158,60.718,0.099,-37.091,0,"P0TA0",0.017,-17.038,0,"쟈가리코",-20.509,-46.225,85,"芝レイナ",-16.76,-62.148,0,"わだ、、",17.565,-47.536,0,"うるの。",11.033,-62.933,0,"Muna_328",35.468,-110.292,0,"うよすま",-10.416,-123.196,0,"-つる３-",-48.952,-103.518,0,0,0,0,2012.635,2,"쟈가리코",-8.458,-41.841,0,0,2015.446,2013.913,,2014.789,20,1
49,2,0,3,0,0,0,0,0,0,0,255,255,255,5,2070.812,"Slaris",R,33,86,139,1.386,-0.268,0.431,1.858,0.467,1.376,-36.485,47.79,80,17,3,0,0,105.553,-61.123,12.026,0,0,0,4,1,R,"P0TA0",189.5,96.215,0.525,0,59,W,Y,0,0,0,0,0,0,0,0,0,0,0,0,0,0,0,0,0.059,-36.657,0,"-라후이-",0.107,-17.681,0,"Floră",-18.934,-45.066,0,"낑깡__",-13.644,-66.902,0,"Ainy4／あいにゃ",21.337,-49.614,0,"즉석카레",10.767,-66.606,0,"Kenomo",43.385,-101.02,0,"아침땅_",-0.428,-119.235,0,"ディシジョン",-52.894,-100.047,0,0,0,0,0,0,"",0,0,0,0,2071.224,,,,0,0
50,2,0,3,0,0,1,0,0,0,0,255,255,255,6,2085.948,"Slaris",R,3,58,102,-2.727,0.474,0.17,1.743,-0.305,1.925,-36.485,63.374,75,25,0,2,0,-441.011,0,2.005,0,0,1,4,1,R,"P0TA0",189.5,96.215,0.525,3,59,W,Y,2086.972,243,171,0,167,115,41,41,-49.397,52.999,-0.82,0,0.355,207.964,71.277,-531.089,-0.989,-36.134,96,"-라후이-",-0.479,-17.711,0,"Floră",-18.228,-44.523,84,"낑깡__",-13.613,-66.079,0,"Ainy4／あいにゃ",21.272,-49.66,0,"즉석카레",9.372,-68.027,0,"Kenomo",43.833,-100.991,0,"아침땅_",-0.218,-119.243,0,"ディシジョン",-53.379,-99.716,0,2086.413,-1.739,-21.638,2089.224,0,"Slaris",-9.954,-33.154,0,16,,,,,20,2
51,2,0,3,0,0,0,1,0,0,0,255,255,255,7,2117.736,"Slaris",R,10,85,127,1.008,0.133,0.181,1.868,0.434,2.042,-36.485,49.033,77,20,2,2,0,0,400,23.023,0,0,1,5,8,L,"-つる３-",175.4,89.687,0.49,3,59,W,Y,2118.844,220,79,96,70,39,145,127,-12.491,-18.655,0.27,0,0.305,-181.822,-499.521,-15.478,0.038,-36.511,0,"-라후이-",0.12,-17.931,0,"Floră",-13.622,-45.159,85,"낑깡__",-8.854,-67.676,0,"Ainy4／あいにゃ",18.425,-45.486,0,"즉석카레",14.792,-65.416,103,"Kenomo",42.126,-96.895,0,"아침땅_",-0.315,-116.64,0,"ディシジョン",-47.577,-92.08,0,2118.202,1.653,-22.855,2119.935,5,"즉석카레",14.591,-60.575,0,0,,,,,84,2
52,2,0,3,0,0,0,2,0,0,0,255,255,255,8,2144.511,"Slaris",R,0,83,135,-1.725,1.541,0.033,2.005,-0.793,2.468,-36.485,41.059,66,28,6,1,0,33.423,-46.245,14.325,0,0,0,6,5,L,"うるの。",180,85.437,0.502,0,59,W,Y,0,0,0,0,0,0,0,0,0,0,0,0,0,0,0,0,-0.045,-37.274,0,"-라후이-",-0.286,-17.873,0,"Floră",-14.493,-44.688,0,"낑깡__",-9.371,-68.679,0,"Ainy4／あいにゃ",18.767,-45.775,0,"즉석카레",16.198,-65.872,0,"Kenomo",45.42,-101.382,0,"아침땅_",0.228,-117.489,0,"ディシジョン",-42.929,-93.611,0,0,0,0,0,0,"",0,0,0,0,2145.168,,,,0,0
53,2,0,3,0,1,0,2,0,0,0,255,255,255,9,2160.76,"Slaris",R,28,87,140,3.043,5.628,-0.034,1.82,-0.993,0.927,-36.485,27.739,71,26,3,2,0,30.985,-69.904,17.298,0,0,1,6,5,L,"うるの。",180,85.437,0.502,3,59,W,Y,2161.826,255,140,255,15,2,145,87,-44.808,22.942,-0.79,0,0.166,-341.555,275.107,409.459,-0.562,-36.92,0,"-라후이-",-0.331,-17.949,0,"Floră",-14.575,-45.104,87,"낑깡__",-9.316,-67.908,0,"Ainy4／あいにゃ",18.612,-45.877,0,"즉석카레",15.537,-66.287,0,"Kenomo",45.339,-101.471,0,"아침땅_",0.142,-117.484,0,"ディシジョン",-43.121,-93.542,0,2161.113,-0.642,-20.315,2162.979,2,"Floră",-9.803,-41.913,0,0,2202.546,,,,21,2
54,3,1,3,0,0,0,0,0,0,0,255,255,255,43,2310.058,"P0TA0",R,26,80,130,1.135,1.181,0.259,1.926,0.4,2.138,-36.64,50.874,90,10,0,1,0,57.481,-161.555,-2.127,0,0,0,5,6,R,"Kenomo",180,80,0.449,0,88,W,Y,0,0,0,0,0,0,0,0,0,0,0,0,0,0,0,0,-0.283,-37.44,0,"濃いめのラー油",-0.026,-17.588,0,"쟈가리코",-22.237,-47.958,0,"芝レイナ",-15.254,-63.253,0,"わだ、、",18.219,-44.795,0,"うるの。",12.378,-64.289,0,"Muna_328",43.67,-98.375,0,"うよすま",-2.289,-119.534,0,"-つる３-",-44.103,-97.194,0,0,0,0,0,0,"",0,0,0,0,2310.746,,,,0,0
55,3,1,3,0,1,0,0,0,0,0,255,255,255,44,2322.949,"P0TA0",R,10,80,121,-0.327,-2.661,0.168,1.284,-0.147,0.242,-36.64,21.922,59,41,0,1,0,0,372.097,-5.102,-0.047,-21.371,0,5,6,R,"Kenomo",180,80,0.449,0,88,W,Y,0,0,0,0,0,0,0,0,0,0,0,0,0,0,0,0,-0.409,-37.592,0,"濃いめのラー油",-0.094,-17.673,0,"쟈가리코",-22.33,-48.091,0,"芝レイナ",-15.241,-63.236,0,"わだ、、",18.44,-46.581,0,"うるの。",12.385,-64.297,0,"Muna_328",43.676,-98.502,0,"うよすま",-2.24,-116.461,0,"-つる３-",-44.109,-97.161,0,0,0,0,0,0,"",0,0,0,0,2323.702,,,,0,0
56,3,1,3,0,2,0,0,0,0,0,255,255,255,45,2336.273,"P0TA0",R,27,79,129,1.299,0.386,0.288,1.802,0.446,1.699,-36.64,43.75,91,9,0,0,0,73.394,-126.753,-0.652,0,0,0,5,6,R,"Kenomo",180,80,0.449,0,88,W,Y,0,0,0,0,0,0,0,0,0,0,0,0,0,0,0,0,-0.189,-37.513,0,"濃いめのラー油",-0.08,-17.757,0,"쟈가리코",-22.412,-47.888,0,"芝レイナ",-15.285,-63.279,0,"わだ、、",17.859,-45.853,0,"うるの。",12.42,-64.312,0,"Muna_328",43.69,-98.499,0,"うよすま",-3.842,-119.565,0,"-つる３-",-44.076,-97.261,0,0,0,0,0,0,"",0,0,0,0,2336.946,,,,0,0
57,3,1,3,0,2,1,0,0,0,0,255,255,255,46,2349.98,"P0TA0",R,13,69,109,-3.841,-2.618,0.044,1.562,-1.068,0.593,-36.64,25.768,95,5,0,1,0,-319.516,382.136,-19.694,-0.717,-20.342,0,5,6,R,"Kenomo",180,80,0.449,0,88,W,Y,0,0,0,0,0,0,0,0,0,0,0,0,0,0,0,0,-0.213,-37.713,0,"濃いめのラー油",-0.183,-17.724,0,"쟈가리코",-22.45,-48.401,0,"芝レイナ",-15.253,-63.238,0,"わだ、、",18.239,-46.691,0,"うるの。",12.486,-64.266,0,"Muna_328",43.743,-98.455,0,"うよすま",-3.421,-118.385,0,"-つる３-",-44.148,-97.238,0,0,0,0,0,0,"",0,0,0,0,2350.802,,,,0,0
58,3,1,3,0,3,1,0,0,0,0,255,255,255,47,2363.367,"P0TA0",R,26,60,115,-1.595,-1.205,0.073,1.598,-1.017,0.676,-36.64,38.718,95,5,0,1,0,181.491,-188.279,-26.667,-0.907,-20.294,0,5,6,R,"Kenomo",180,80,0.449,0,88,W,Y,0,0,0,0,0,0,0,0,0,0,0,0,0,0,0,0,-0.326,-37.679,0,"濃いめのラー油",-0.239,-17.881,0,"쟈가리코",-22.495,-48.426,0,"芝レイナ",-15.246,-63.242,0,"わだ、、",17.917,-46.4,0,"うるの。",12.397,-64.305,0,"Muna_328",43.657,-98.386,0,"うよすま",-3.07,-118.93,0,"-つる３-",-44.159,-97.186,0,0,0,0,0,0,"",0,0,0,0,2366.679,,,,0,5
59,3,1,3,0,0,0,0,1,0,0,6,255,255,48,2385.476,"P0TA0",R,26,82,133,1.844,0.993,0.318,1.87,0.665,1.943,-36.64,50.691,95,5,0,1,0,89.356,-200,-2.459,0,0,0,6,5,R,"즉석카레",170,90.311,0.397,0,59,W,Y,0,0,0,0,0,0,0,0,0,0,0,0,0,0,0,0,-0.004,-37.543,0,"濃いめのラー油",-0.138,-17.995,0,"쟈가리코",-20.077,-43.746,0,"芝レイナ",-13.632,-58.964,0,"わだ、、",16.47,-44.821,0,"うるの。",9.494,-62.179,0,"Muna_328",34.626,-90.407,0,"うよすま",-4.558,-113.112,0,"-つる３-",-40.996,-88.132,0,0,0,0,0,0,"",0,0,0,0,2386.146,,,,0,0
60,3,1,3,0,0,1,0,1,0,0,6,255,255,49,2401.018,"P0TA0",R,26,84,137,0.807,1.091,0.206,1.595,0.03,1.286,-36.64,30.283,94,6,0,2,0,51.246,-200,-0.461,0,0,1,6,5,R,"즉석카레",170,90.311,0.397,3,59,W,Y,2402.047,255,127,50,52,25,136,117,-30,9.9,0.22,0,0.157,-512.392,-293.633,45.045,-0.389,-37.395,0,"濃いめのラー油",-0.226,-18.116,0,"쟈가리코",-20.237,-45.21,74,"芝レイナ",-13.632,-59.009,62,"わだ、、",16.014,-44.276,0,"うるの。",9.813,-61.505,0,"Muna_328",34.68,-90.493,0,"うよすま",-3.905,-114.324,0,"-つる３-",-40.29,-88.154,0,2401.313,-0.183,-21.258,2403.391,3,"芝レイナ",-6.936,-60.429,1,0,,2406.593,,,197,2
61,3,1,3,0,0,0,1,1,0,0,5,255,255,50,2428.52,"P0TA0",R,26,86,139,0.108,0.038,0.182,1.711,-0.093,1.431,-36.64,36.66,91,9,0,2,0,97.973,-200,3.361,0,0,1,7,3,R,"낑깡__",175.3,80,0.402,3,58,W,Y,2429.411,251,134,160,100,51,145,99,109.945,-73.377,0.92,0.095,0.312,50.361,103.561,-21.918,-0.561,-37.404,0,"濃いめのラー油",-0.147,-17.992,0,"쟈가리코",-20.926,-45.856,0,"芝レイナ",-13.939,-60.144,0,"わだ、、",15.635,-44.333,0,"うるの。",10.231,-62.046,0,"Muna_328",33.734,-91.087,0,"うよすま",-5.384,-113.864,0,"-つる３-",-41.119,-93.07,0,0,0,0,0,0,"",0,0,0,64,,,,,69,3
62,3,1,3,0,0,1,2,0,0,0,255,255,255,51,2482.982,"P0TA0",R,13,60,91,-4.22,-1.709,-0.01,1.767,-1.085,1.31,-36.64,41.604,92,8,0,1,0,-296.939,348.086,-31.843,-0.937,-18.962,0,7,3,R,"낑깡__",175.3,80,0.402,0,58,W,Y,0,0,0,0,0,0,0,0,0,0,0,0,0,0,0,0,-0.316,-37.47,0,"濃いめのラー油",-0.243,-17.9,0,"쟈가리코",-20.95,-45.937,0,"芝レイナ",-16.361,-62.412,0,"わだ、、",13.338,-47.559,0,"うるの。",9.143,-64.218,0,"Muna_328",34.548,-92.241,0,"うよすま",-6.089,-113.652,0,"-つる３-",-44.312,-95.737,0,0,0,0,0,0,"",0,0,0,0,2488.657,,,,0,0
63,3,1,3,0,1,1,2,0,0,0,255,255,255,52,2501.312,"P0TA0",R,13,72,111,-4.739,-1.097,0.023,1.727,-1.343,1.411,-36.64,39.34,96,4,0,1,0,-390.434,312.348,-22.6,-1.225,-17.181,0,7,3,R,"낑깡__",175.3,80,0.402,0,58,W,Y,0,0,0,0,0,0,0,0,0,0,0,0,0,0,0,0,-0.281,-37.66,0,"濃いめのラー油",-0.373,-17.856,0,"쟈가리코",-21.124,-45.339,0,"芝レイナ",-16.365,-62.431,0,"わだ、、",17.4,-43.896,0,"うるの。",11.053,-63.864,0,"Muna_328",32.974,-93.45,0,"うよすま",-7.513,-114.913,0,"-つる３-",-44.253,-95.682,0,0,0,0,0,0,"",0,0,0,0,2506.057,,,,0,0
64,3,1,3,0,2,1,2,0,0,0,255,255,255,53,2521.382,"P0TA0",R,11,73,118,0.239,-1.507,0.235,1.695,0.097,1.041,-36.64,40.722,98,2,0,2,0,0,247.984,-6.523,0,0,1,7,3,R,"낑깡__",175.3,80,0.402,3,58,W,Y,2522.307,207,184,174,158,109,145,97,11.183,52.882,0.93,0.143,0.28,94.175,-11.088,45.716,-0.522,-37.769,0,"濃いめのラー油",-0.341,-18.112,0,"쟈가리코",-20.913,-46.1,0,"芝レイナ",-16.36,-62.399,0,"わだ、、",16.025,-45.171,0,"うるの。",12.788,-64.139,0,"Muna_328",32.608,-91.075,0,"うよすま",-5.907,-114.652,0,"-つる３-",-44.373,-95.988,0,2523.002,-29.918,-42.914,0,0,"",0,0,0,0,,,,,1,3
65,3,1,3,0,2,2,2,0,0,0,255,255,255,54,2542.853,"P0TA0",R,26,75,126,-0.174,2.283,0.132,2.058,-0.242,2.747,-36.64,62.927,91,9,0,1,0,104.409,-159.455,1.286,0,0,0,7,3,R,"낑깡__",175.3,80,0.402,0,58,W,Y,0,0,0,0,0,0,0,0,0,0,0,0,0,0,0,0,-0.196,-37.503,0,"濃いめのラー油",-0.285,-17.648,0,"쟈가리코",-20.81,-45.937,0,"芝レイナ",-15.77,-62.819,0,"わだ、、",18.178,-43.568,0,"うるの。",9.992,-63.426,0,"Muna_328",32.327,-91.368,0,"うよすま",-6.739,-113.4,0,"-つる３-",-42.804,-93.839,0,0,0,0,0,0,"",0,0,0,0,2543.191,,,,0,0
66,3,1,3,0,3,2,2,0,0,0,255,255,255,55,2556.73,"P0TA0",R,13,71,110,-1.282,-1.455,0.3,1.611,0.106,1.222,-36.64,36.672,97,3,0,4,0,-374.868,330.869,-52.175,0,0,1,7,3,R,"낑깡__",175.3,80,0.402,0,58,W,Y,0,0,0,0,0,0,0,0,0,0,0,0,0,0,0,0,0.564,-37.511,0,"濃いめのラー油",-0.412,-18.021,0,"쟈가리코",-20.808,-44.457,0,"芝レイナ",-15.766,-62.846,0,"わだ、、",17.136,-43.474,0,"うるの。",9.994,-63.915,0,"Muna_328",32.883,-91.127,0,"うよすま",-5.853,-113.715,0,"-つる３-",-42.87,-93.895,0,0,0,0,0,0,"",0,0,0,128,2557.157,,,,0,0
67,3,0,3,0,0,0,0,0,0,0,255,255,255,10,2831.361,"Slaris",R,34,82,133,1.415,0.144,0.332,1.837,0.464,1.722,-36.485,38.128,69,28,3,2,0,89.783,-34.774,11.933,0,0,1,7,3,R,"芝レイナ",170.3,80,0.25,3,58,W,Y,2832.439,255,98,58,59,22,137,79,110.312,-35.602,-0.82,0,0.374,566.273,130.573,74.017,0.203,-36.829,0,"-라후이-",0.209,-17.528,0,"Floră",-18.814,-45.181,0,"낑깡__",-13.162,-65.519,0,"Ainy4／あいにゃ",20.502,-48.542,0,"즉석카레",10.91,-65.176,0,"Kenomo",40.027,-97.407,0,"아침땅_",-0.642,-115.286,0,"ディシジョン",-42.745,-86.639,0,2836.968,-18.968,12.776,0,0,"",0,0,0,0,,,,,4,3
68,3,0,3,0,0,1,0,0,0,0,255,255,255,11,2853.292,"Slaris",R,3,65,107,-4.072,-0.901,0.019,1.648,-0.922,1.104,-36.485,28.766,83,17,0,1,0,-450.966,0,-2.548,0,0,0,7,3,R,"芝レイナ",170.3,80,0.25,0,35,W,Y,0,0,0,0,0,0,0,0,0,0,0,0,0,0,0,0,0.136,-37.455,0,"-라후이-",-0.372,-17.857,0,"Floră",-18.746,-44.993,0,"낑깡__",-13.755,-67.485,0,"Ainy4／あいにゃ",18.277,-46.291,0,"즉석카레",10.694,-64.924,0,"Kenomo",39.723,-98.481,0,"아침땅_",-0.709,-116.731,0,"ディシジョン",-45.082,-88.668,0,0,0,0,0,0,"",0,0,0,0,2853.924,,,,0,0
69,3,0,3,0,1,1,0,0,0,0,255,255,255,12,2869.89,"Slaris",R,28,93,140,0.68,-1.09,0.291,1.815,0.223,0.908,-36.485,36.899,69,27,4,4,0,48.395,-64.779,10.425,0,0,1,7,3,R,"芝レイナ",170.3,80,0.25,0,35,W,Y,0,0,0,0,0,0,0,0,0,0,0,0,0,0,0,0,0.123,-37.245,0,"-라후이-",0.037,-17.666,0,"Floră",-18.871,-44.978,0,"낑깡__",-14.04,-67.893,0,"Ainy4／あいにゃ",18.3,-46.256,0,"즉석카레",10.47,-64.728,0,"Kenomo",39.692,-98.798,0,"아침땅_",-0.721,-116.769,0,"ディシジョン",-44.647,-88.135,0,0,0,0,0,0,"",0,0,0,0,2870.402,,,,0,0
70,3,0,3,0,1,2,0,0,0,0,255,255,255,13,2886.59,"Slaris",R,0,84,136,1.357,-0.009,0.042,1.705,-0.262,1.299,-36.485,31.059,63,30,7,2,0,0,0,29.788,0,0,1,7,3,R,"芝レイナ",170.3,80,0.25,3,35,W,Y,2887.639,255,74,102,62,29,145,126,-14.62,29.821,0.67,0,0.324,-207.343,394.935,-147.123,-0.009,-36.837,0,"-라후이-",-0.274,-17.795,0,"Floră",-19.083,-45.481,83,"낑깡__",-13.475,-66.161,0,"Ainy4／あいにゃ",18.311,-46.309,0,"즉석카레",10.404,-65.436,0,"Kenomo",40.388,-97.407,0,"아침땅_",-0.717,-116.779,0,"ディシジョン",-44.646,-88.133,106,2886.802,-1.584,-22.163,2889.713,8,"ディシジョン",-35.373,-82.701,1,0,,,,,28,2
71,3,0,3,0,0,0,0,1,0,0,13,255,255,14,2920.149,"Slaris",R,27,94,140,1.538,0.169,0.133,1.73,0.632,1.562,-36.485,24.751,85,12,3,2,0,29.637,-145.799,20.478,0,0,1,8,7,R,"うよすま",175.4,85.385,0.5,3,58,W,Y,2921.157,255,94,160,74,10,145,122,95.578,-81.2,0.25,0,0.449,135.631,-219.789,93.031,-0.087,-36.673,0,"-라후이-",0.159,-17.876,0,"Floră",-18.714,-45.222,0,"낑깡__",-10.967,-60.866,0,"Ainy4／あいにゃ",17.558,-45.526,0,"즉석카레",8.451,-62.061,0,"Kenomo",36.786,-100.947,0,"아침땅_",-0.378,-117.444,0,"ディシジョン",-45.195,-90.642,0,0,0,0,0,0,"",0,0,0,0,,,,,4,3
72,3,0,3,0,0,1,0,1,0,0,13,255,255,15,2942.191,"Slaris",R,13,64,106,-4.939,-1.326,-0.063,1.674,-1.427,1.302,-36.485,39.913,78,22,0,1,0,-376.237,312.348,-5.486,0,0,0,8,7,R,"うよすま",175.4,85.385,0.5,0,45,W,Y,0,0,0,0,0,0,0,0,0,0,0,0,0,0,0,0,-0.086,-37.709,0,"-라후이-",-0.487,-17.466,0,"Floră",-20.285,-44.825,0,"낑깡__",-10.032,-59.712,0,"Ainy4／あいにゃ",17.736,-45.526,0,"즉석카레",7.798,-61.33,0,"Kenomo",34.906,-100.325,0,"아침땅_",-0.308,-117.47,0,"ディシジョン",-49.984,-90.571,0,0,0,0,0,0,"",0,0,0,0,2942.746,,,,0,0
73,3,0,3,0,1,1,0,1,0,0,13,255,255,16,2962.448,"Slaris",R,13,70,110,-2.508,-0.953,0.099,1.738,-0.383,1.488,-36.485,31.552,88,12,0,2,0,-390.434,312.348,-1.855,0,0,1,8,7,R,"うよすま",175.4,85.385,0.5,3,45,W,Y,2963.566,255,111,154,109,28,145,82,17.219,60.006,1,0,0.5,114.031,-322.451,-29.22,-0.082,-36.853,0,"-라후이-",-0.466,-17.731,0,"Floră",-19.15,-45.276,0,"낑깡__",-10.142,-59.703,0,"Ainy4／あいにゃ",17.768,-45.476,0,"즉석카레",7.689,-61.542,0,"Kenomo",37.198,-100.355,0,"아침땅_",-0.298,-117.542,0,"ディシジョン",-50.487,-90.164,0,2964.402,-30.056,-37.666,0,0,"",0,0,0,0,,,,,4,3
74,3,0,3,0,1,2,0,1,0,0,13,255,255,17,2985.943,"Slaris",R,27,87,140,1.647,-0.456,0.301,1.777,0.592,1.234,-36.485,35.754,76,19,5,1,0,87.163,-101.428,13.132,0,0,0,8,7,R,"うよすま",175.4,85.385,0.5,0,45,W,Y,0,0,0,0,0,0,0,0,0,0,0,0,0,0,0,0,-0.007,-36.767,0,"-라후이-",-0.455,-20.543,0,"Floră",-19.795,-44.307,0,"낑깡__",-9.587,-60.218,0,"Ainy4／あいにゃ",17.407,-45.531,0,"즉석카레",6.992,-61.323,0,"Kenomo",33.415,-96.07,0,"아침땅_",-0.609,-117.439,0,"ディシジョン",-51.208,-89.141,0,0,0,0,0,0,"",0,0,0,128,2986.302,2989.961,,,0,0
75,3,0,3,0,2,2,1,0,0,0,255,255,255,18,3010.26,"Slaris",R,29,88,140,0.607,-0.227,0.008,1.581,0.572,1.287,-36.485,19.71,78,18,4,0,0,-250,-200,41.614,0,0,0,8,7,R,"うよすま",175.4,85.385,0.5,0,45,W,Y,0,0,0,0,0,0,0,0,0,0,0,0,0,0,0,0,-0.34,-37.687,0,"-라후이-",-0.789,-19.309,0,"Floră",-18.732,-45.068,0,"낑깡__",-13.967,-67.53,0,"Ainy4／あいにゃ",17.404,-45.601,0,"즉석카레",8.088,-65.638,0,"Kenomo",33.98,-99.998,0,"아침땅_",-0.457,-118.336,0,"ディシジョン",-50.275,-91.425,0,0,0,0,0,0,"",0,0,0,0,3010.646,,,,0,0
76,3,0,3,0,0,0,2,0,0,0,255,255,255,19,3033.273,"Slaris",R,34,90,140,-0.875,0.187,0.003,1.93,-0.89,1.986,-36.485,38.034,81,15,5,2,0,92.279,-73.66,22.444,0,0,1,0,1,L,"濃いめのラー油",188.6,87,0.8,3,58,W,Y,3034.311,255,41,114,85,22,145,89,98.884,-76.595,-0.88,0,0.203,479.576,345.065,6.805,-0.001,-36.745,0,"-라후이-",-0.37,-17.818,0,"Floră",-14.319,-45.713,0,"낑깡__",-9.66,-68.361,0,"Ainy4／あいにゃ",17.381,-45.539,0,"즉석카레",13.688,-66.795,0,"Kenomo",39.841,-102.728,0,"아침땅_",-0.09,-120.092,0,"ディシジョン",-47.496,-97.966,0,0,0,0,0,0,"",0,0,0,0,,,,,4,3
77,3,0,3,0,0,1,2,0,0,0,255,255,255,20,3052.816,"Slaris",R,10,85,126,1.364,-0.554,0.197,1.83,0.588,1.678,-36.485,46.484,65,31,4,0,0,0,400,29.723,0,0,1,0,1,L,"濃いめのラー油",188.6,87,0.8,0,57,W,Y,0,0,0,0,0,0,0,0,0,0,0,0,0,0,0,0,0.156,-37.17,0,"-라후이-",0.12,-17.816,0,"Floră",-14.707,-45.458,0,"낑깡__",-8.716,-68.8,0,"Ainy4／あいにゃ",17.867,-44.988,0,"즉석카레",14.728,-65.651,0,"Kenomo",39.261,-103.034,0,"아침땅_",0.117,-119.443,0,"ディシジョン",-51.917,-93.578,0,0,0,0,0,0,"",0,0,0,0,3053.435,,,,0,0
78,3,0,3,0,0,2,2,0,0,0,255,255,255,21,3069.355,"Slaris",R,10,84,127,1.373,-1.634,0.38,1.746,0.587,0.957,-36.485,53.034,66,28,5,1,0,0,357.27,21.564,0,0,0,0,1,L,"濃いめのラー油",188.6,87,0.8,0,57,W,Y,0,0,0,0,0,0,0,0,0,0,0,0,0,0,0,0,0.109,-37.298,0,"-라후이-",0.195,-17.593,0,"Floră",-14.319,-45.127,0,"낑깡__",-9.738,-69.084,0,"Ainy4／あいにゃ",17.857,-44.912,0,"즉석카레",15.032,-66.496,0,"Kenomo",42.714,-104.593,0,"아침땅_",-0.078,-119.438,0,"ディシジョン",-51.914,-93.568,0,0,0,0,0,0,"",0,0,0,0,3069.913,,,,0,0
79,3,0,3,0,1,2,2,0,0,0,255,255,255,22,3086.289,"Slaris",R,29,81,132,0.779,0.485,0.295,1.804,0.702,1.47,-36.485,50.533,68,23,9,2,0,-211.082,-200,35.221,0,0,1,0,1,L,"濃いめのラー油",188.6,87,0.8,3,57,W,Y,3087.388,255,17,92,27,10,140,122,19.361,1.798,0.25,0,0.066,-173.178,-534.172,-195.705,-0.229,-37.219,0,"-라후이-",0.156,-17.711,0,"Floră",-14.39,-45.589,0,"낑깡__",-9.344,-67.689,0,"Ainy4／あいにゃ",17.774,-44.938,0,"즉석카레",12.568,-64.98,0,"Kenomo",42.63,-104.412,0,"아침땅_",-0.239,-119.016,97,"ディシジョン",-51.919,-93.581,0,3090.768,9.719,-121.759,3091.013,7,"아침땅_",8.871,-117.625,0,0,,,,,272,1
80,4,1,3,0,0,0,0,0,0,0,255,255,255,56,3143.77,"P0TA0",R,26,78,128,1.923,3.479,0.255,2.049,0.673,3.313,-36.64,69.019,90,10,0,1,0,118.545,-158.832,7.279,0.465,-15.055,0,8,7,R,"아침땅_",165,94.757,0.5,0,58,W,Y,0,0,0,0,0,0,0,0,0,0,0,0,0,0,0,0,-0.263,-37.646,0,"濃いめのラー油",-0.164,-17.84,0,"쟈가리코",-20.287,-47.061,0,"芝レイナ",-15.889,-62.965,0,"わだ、、",15.566,-44.083,0,"うるの。",12.711,-63.086,0,"Muna_328",34.681,-89.465,0,"うよすま",-3.975,-111.676,0,"-つる３-",-44.048,-88.214,0,0,0,0,0,0,"",0,0,0,0,3147.702,,,,0,0
81,4,1,3,0,1,0,0,0,0,0,255,255,255,57,3162.819,"P0TA0",R,26,85,138,0.398,0.06,0.209,1.748,0.034,1.462,-36.64,39.952,95,5,0,0,0,95.765,-156.642,-3.51,0,0,0,8,7,R,"아침땅_",165,94.757,0.5,0,58,W,Y,0,0,0,0,0,0,0,0,0,0,0,0,0,0,0,0,-0.354,-37.542,0,"濃いめのラー油",-0.261,-18.071,0,"쟈가리코",-19.37,-45.938,0,"芝レイナ",-15.839,-62.96,0,"わだ、、",15.715,-43.836,0,"うるの。",12.291,-61.998,0,"Muna_328",34.235,-90.638,0,"うよすま",-4.066,-111.999,0,"-つる３-",-44.051,-88.288,0,0,0,0,0,0,"",0,0,0,0,3163.135,,,,0,0
82,4,1,3,0,1,1,0,0,0,0,255,255,255,58,3175.775,"P0TA0",R,26,82,134,1.487,0.909,0.273,1.866,0.497,1.911,-36.64,51.452,94,6,0,2,0,99.002,-163.324,-3.241,0,0,1,8,7,R,"아침땅_",165,94.757,0.5,3,58,W,Y,3176.706,155,96,62,23,15,129,98,-29.902,11.996,0.9,0,0.337,-134.234,214.129,-20.039,-0.363,-37.49,94,"濃いめのラー油",-0.233,-18.076,0,"쟈가리코",-19.158,-45.805,85,"芝レイナ",-15.838,-62.947,0,"わだ、、",15.851,-43.321,0,"うるの。",12.19,-62.063,0,"Muna_328",34.215,-90.623,0,"うよすま",-3.524,-110.219,0,"-つる３-",-44.145,-88.247,0,3175.902,-0.05,-19.856,3177.068,0,"P0TA0",-2.933,-35.697,0,0,,,,,20,2
83,4,1,3,0,0,0,1,0,0,0,255,255,255,59,3196.178,"P0TA0",R,3,70,110,0.577,0.44,0.401,1.947,1.105,2.123,-36.64,66.142,91,9,0,0,0,-466.368,180.28,-26.375,0,0,0,0,1,R,"-라후이-",190,87.311,0.496,0,58,W,Y,0,0,0,0,0,0,0,0,0,0,0,0,0,0,0,0,-0.252,-37.726,0,"濃いめのラー油",-0.212,-17.959,0,"쟈가리코",-22.472,-48.058,0,"芝レイナ",-15.849,-62.82,0,"わだ、、",18.497,-47.819,0,"うるの。",12.259,-64.659,0,"Muna_328",42.202,-101.83,0,"うよすま",-9.195,-123.988,0,"-つる３-",-50.322,-102.507,0,0,0,0,0,0,"",0,0,0,0,3196.457,,,,0,0
84,4,1,3,0,0,1,1,0,0,0,255,255,255,60,3209.288,"P0TA0",R,13,66,107,-6.181,-2.283,-0.083,1.641,-2.026,0.669,-36.64,29.022,96,4,0,1,0,-341.347,356.17,-19.039,-1.188,-19.976,0,0,1,R,"-라후이-",190,87.311,0.496,0,58,W,Y,0,0,0,0,0,0,0,0,0,0,0,0,0,0,0,0,-0.166,-37.939,0,"濃いめのラー油",-0.654,-17.857,0,"쟈가리코",-22.355,-48.099,0,"芝レイナ",-15.89,-62.771,0,"わだ、、",17.972,-47.166,0,"うるの。",12.096,-64.66,0,"Muna_328",44.778,-105.917,0,"うよすま",-7.37,-122.86,0,"-つる３-",-51.552,-103.221,0,0,0,0,0,0,"",0,0,0,0,3209.646,,,,0,0
85,4,1,3,0,1,1,1,0,0,0,255,255,255,61,3222.525,"P0TA0",R,27,83,135,1.18,0.417,0.267,1.847,0.369,1.744,-36.64,49.316,90,10,0,0,0,96.197,-132.229,-6.802,0,0,0,0,1,R,"-라후이-",190,87.311,0.496,0,58,W,Y,0,0,0,0,0,0,0,0,0,0,0,0,0,0,0,0,-0.236,-37.666,0,"濃いめのラー油",-0.213,-18.013,0,"쟈가리코",-22.225,-48.193,0,"芝レイナ",-15.904,-62.774,0,"わだ、、",15.262,-49.153,0,"うるの。",12.02,-64.669,0,"Muna_328",44.791,-105.967,0,"うよすま",-7.434,-122.481,0,"-つる３-",-51.599,-103.346,0,0,0,0,0,0,"",0,0,0,0,3222.768,,,,0,0
86,4,1,3,0,1,2,1,0,0,0,255,255,255,62,3235.111,"P0TA0",R,13,66,96,-3.77,-2.177,-0.049,1.553,-1.201,0.936,-36.64,25.666,60,40,0,1,0,-183.825,400,-31.909,-0.743,-19.798,0,0,1,R,"-라후이-",190,87.311,0.496,0,58,W,Y,0,0,0,0,0,0,0,0,0,0,0,0,0,0,0,0,-0.162,-37.472,0,"濃いめのラー油",-0.464,-17.981,0,"쟈가리코",-21.919,-48.291,0,"芝レイナ",-15.896,-62.78,0,"わだ、、",18.755,-46.277,0,"うるの。",11.598,-64.639,0,"Muna_328",43.359,-106.903,0,"うよすま",-6.323,-122.894,0,"-つる３-",-51.573,-103.335,0,0,0,0,0,0,"",0,0,0,0,3235.546,,,,0,0
87,4,1,3,0,2,2,1,0,0,0,255,255,255,63,3248.151,"P0TA0",R,13,65,108,-3.003,-2.529,0.088,1.436,-0.989,0.008,-36.64,25.144,58,42,0,1,0,-179.607,400,-15.309,-0.466,-22.247,0,0,1,R,"-라후이-",190,87.311,0.496,0,58,W,Y,0,0,0,0,0,0,0,0,0,0,0,0,0,0,0,0,-0.212,-37.861,0,"濃いめのラー油",-0.479,-18.08,0,"쟈가리코",-22.2,-48.145,0,"芝レイナ",-15.905,-62.758,0,"わだ、、",13.795,-47.658,0,"うるの。",9.819,-64.391,0,"Muna_328",43.377,-106.91,0,"うよすま",-6.725,-121.175,0,"-つる３-",-51.571,-103.44,0,0,0,0,0,0,"",0,0,0,0,3248.535,,,,0,0
88,4,1,3,0,3,2,1,0,0,0,255,255,255,64,3261.881,"P0TA0",R,26,81,132,-0.339,-0.475,0.166,1.539,-0.156,1.141,-36.64,25.395,56,44,0,0,0,2.054,-183.181,-13.067,0,0,0,0,1,R,"-라후이-",190,87.311,0.496,0,58,W,Y,0,0,0,0,0,0,0,0,0,0,0,0,0,0,0,0,-0.382,-37.672,0,"濃いめのラー油",-0.288,-18.042,0,"쟈가리코",-21.904,-46.821,0,"芝レイナ",-15.89,-62.76,0,"わだ、、",16.729,-46.897,0,"うるの。",10.777,-64.849,0,"Muna_328",43.364,-106.801,0,"うよすま",-6.17,-121.552,0,"-つる３-",-51.567,-103.42,0,0,0,0,0,0,"",0,0,0,0,3262.135,,,,0,0
89,4,1,3,0,0,0,2,0,0,0,255,255,255,65,3281.798,"P0TA0",R,33,83,135,-0.542,0.53,0.125,1.825,-0.45,1.801,-36.64,48.96,94,6,0,2,0,147.576,-145.977,6.082,0,0,1,1,4,L,"Ainy4／あいにゃ",188.5,85,0.512,3,58,W,Y,3282.818,227,129,128,85,22,145,106,31.002,-40.299,0.91,0,0.483,189.35,-378.693,-212.8,-0.417,-37.75,0,"濃いめのラー油",0.025,-17.789,0,"쟈가리코",-20.997,-47.395,0,"芝レイナ",-14.437,-63.807,0,"わだ、、",21.092,-48.667,0,"うるの。",13.919,-63.587,0,"Muna_328",52.599,-100.21,0,"うよすま",10.737,-123.14,0,"-つる３-",-36.286,-106.469,0,3286.568,64.724,-82.672,0,0,"",0,0,0,0,,,,,16,3
90,4,1,3,0,0,1,2,0,0,0,255,255,255,66,3304.946,"P0TA0",R,45,59,100,2.503,-0.649,0.364,1.701,0.659,1.145,-36.64,71.834,96,4,0,2,0,190.411,-60.77,-30.982,0,0,1,1,4,L,"Ainy4／あいにゃ",188.5,85,0.512,3,67,W,Y,3306.164,255,102,99,75,43,145,117,8.602,-43.954,0.79,0,0.614,245.512,108.216,-112.092,-0.279,-37.543,0,"濃いめのラー油",-0.006,-18.145,0,"쟈가리코",-21.601,-48.166,0,"芝レイナ",-12.88,-64.674,0,"わだ、、",22.168,-48.379,85,"うるの。",14.53,-63.784,0,"Muna_328",55.36,-96.716,0,"うよすま",11.954,-123.981,0,"-つる３-",-37.079,-107.655,0,0,0,0,3306.724,4,"わだ、、",22.677,-44.017,0,0,,,,,6,1
91,4,0,3,0,0,0,0,0,0,0,255,255,255,23,3348.856,"Slaris",R,26,87,140,2.915,0.175,0.378,1.779,1.332,1.544,-36.485,53.323,78,18,4,1,0,-55.399,-199.108,21.057,0,0,0,1,4,L,"わだ、、",190.3,80,0.528,0,58,W,Y,0,0,0,0,0,0,0,0,0,0,0,0,0,0,0,0,-0.151,-37.458,0,"-라후이-",0.131,-17.487,0,"Floră",-15.031,-45.209,0,"낑깡__",-8.03,-69.1,0,"Ainy4／あいにゃ",17.595,-44.991,0,"즉석카레",15.627,-66.195,0,"Kenomo",47.321,-101.686,0,"아침땅_",0.147,-119.623,0,"ディシジョン",-47.151,-100.664,0,0,0,0,0,0,"",0,0,0,0,3349.357,,,,0,0
92,4,0,3,0,1,0,0,0,0,0,255,255,255,24,3365.343,"Slaris",R,26,77,128,2.314,0.404,0.463,1.842,1.009,1.709,-36.485,73.31,60,33,6,4,0,-10.164,-154.391,17.332,0,0,1,1,4,L,"わだ、、",190.3,80,0.528,0,58,W,Y,0,0,0,0,0,0,0,0,0,0,0,0,0,0,0,0,0.204,-37.135,0,"-라후이-",0.107,-17.492,0,"Floră",-14.742,-45.177,0,"낑깡__",-7.54,-69.435,0,"Ainy4／あいにゃ",17.618,-44.94,0,"즉석카레",15.561,-66.781,0,"Kenomo",47.389,-102.342,0,"아침땅_",0.093,-119.613,0,"ディシジョン",-49.413,-101.687,0,0,0,0,0,0,"",0,0,0,0,3365.957,,,,0,0
93,4,0,3,0,1,1,0,0,0,0,255,255,255,25,3383.738,"Slaris",R,3,67,108,-3.225,0.024,0.163,1.775,-0.493,1.633,-36.485,53.493,74,26,0,2,0,-490.909,0,1.362,0,0,1,1,4,L,"わだ、、",190.3,80,0.528,3,58,W,Y,3384.964,255,246,202,171,101,145,91,9.346,-7.833,-0.79,0,0.458,-55.845,566.711,188.997,0.454,-36.867,0,"-라후이-",-0.373,-17.708,0,"Floră",-14.972,-45.209,0,"낑깡__",-9.589,-67.995,0,"Ainy4／あいにゃ",17.625,-45.009,0,"즉석카레",15.525,-65.779,0,"Kenomo",47.462,-102.507,0,"아침땅_",0.092,-119.585,0,"ディシジョン",-49.169,-101.896,0,0,0,0,3384.991,0,"Slaris",1.1,-35.955,0,0,,,,,4,1
94,4,0,3,0,0,0,1,0,0,0,255,255,255,26,3406.474,"Slaris",R,0,84,136,1.249,-0.779,0.313,1.77,0.535,1.108,-36.485,53.083,67,30,3,0,0,0,0,23.151,0,0,0,2,2,L,"쟈가리코",190,82,0.501,0,58,W,Y,0,0,0,0,0,0,0,0,0,0,0,0,0,0,0,0,0.206,-37.205,0,"-라후이-",0.075,-17.486,0,"Floră",-14.122,-44.847,0,"낑깡__",-9.292,-68.754,0,"Ainy4／あいにゃ",17.833,-44.554,0,"즉석카레",16.029,-66.4,0,"Kenomo",48.735,-100.701,0,"아침땅_",0.017,-119.193,0,"ディシジョン",-49.714,-104.068,0,0,0,0,0,0,"",0,0,0,0,3406.979,,,,0,0
95,4,0,3,0,0,1,1,0,0,0,255,255,255,27,3420.799,"Slaris",R,0,73,124,1.796,0.224,0.499,1.821,0.767,1.738,-36.485,73.059,67,24,9,4,0,0,0,9.686,0,0,1,2,2,L,"쟈가리코",190,82,0.501,0,58,W,Y,0,0,0,0,0,0,0,0,0,0,0,0,0,0,0,0,0.192,-37.039,0,"-라후이-",0.072,-17.58,0,"Floră",-14.3,-44.924,0,"낑깡__",-9.623,-69.889,0,"Ainy4／あいにゃ",17.765,-44.58,0,"즉석카레",16.035,-66.767,0,"Kenomo",48.363,-102.07,0,"아침땅_",-0.009,-119.214,0,"ディシジョン",-49.717,-104.073,0,0,0,0,0,0,"",0,0,0,0,3421.324,,,,0,0
96,4,0,3,0,0,2,1,0,0,0,255,255,255,28,3438.458,"Slaris",R,0,83,134,-1.944,0.182,0.333,1.871,0.575,2.095,-36.485,59.414,64,30,6,2,0,0,0,21.102,0,0,1,2,2,L,"쟈가리코",190,82,0.501,3,58,W,Y,3439.61,244,95,105,28,0,145,116,25.834,-21.902,0.16,0,0.329,154.904,-487.109,188.516,-0.031,-36.524,0,"-라후이-",0.146,-17.822,0,"Floră",-14.181,-45.301,0,"낑깡__",-9.159,-68.674,91,"Ainy4／あいにゃ",17.785,-44.513,0,"즉석카레",15.229,-66.682,0,"Kenomo",48.75,-102.459,83,"아침땅_",-0.01,-119.234,0,"ディシジョン",-49.182,-104.6,0,0,0,0,3443.724,6,"Kenomo",46.393,-107.182,0,0,,,,,164,1
97,4,0,3,0,0,0,2,0,0,0,255,255,255,29,3468.644,"Slaris",R,33,82,133,1.853,0.11,0.435,1.837,0.618,1.621,-36.485,54.716,58,34,9,2,0,123.084,-52.086,15.458,0,0,1,3,6,R,"Muna_328",189.5,89.724,0.4,3,58,W,Y,3469.745,255,139,153,0,0,144,100,107.701,61.386,-0.3,0,0.936,384.828,-415.41,198.348,0.103,-36.567,0,"-라후이-",0.245,-17.782,0,"Floră",-18.701,-44.941,0,"낑깡__",-12.992,-65.979,0,"Ainy4／あいにゃ",17.451,-45.704,0,"즉석카레",11.4,-67.783,0,"Kenomo",48.27,-106.106,0,"아침땅_",-0.425,-119.551,0,"ディシジョン",-57.157,-98.773,0,3475.046,49.066,19.424,0,0,"",0,0,0,0,,,,,4,3
98,4,0,3,0,0,1,2,0,0,0,255,255,255,30,3489.535,"Slaris",R,3,55,100,-3.924,-0.173,0.119,1.721,-0.771,1.52,-36.485,59.425,65,35,0,4,0,-454.546,0,4.936,0,0,1,3,6,R,"Muna_328",189.5,89.724,0.4,0,90,W,Y,0,0,0,0,0,0,0,0,0,0,0,0,0,0,0,0,0.164,-37.245,0,"-라후이-",-0.483,-17.427,0,"Floră",-18.885,-45.158,0,"낑깡__",-14.049,-68.096,0,"Ainy4／あいにゃ",18.294,-46.119,0,"즉석카레",12.738,-67.926,0,"Kenomo",46.631,-100.213,0,"아침땅_",-0.197,-119.967,0,"ディシジョン",-55.815,-98.029,0,0,0,0,0,0,"",0,0,0,0,3490.257,,,,0,0
99,4,0,3,0,0,2,2,0,0,0,255,255,255,31,3508.914,"Slaris",R,3,72,112,-3.05,-0.863,0.018,1.556,-0.455,1.076,-36.485,38.337,78,22,0,4,0,-491.107,0,-3.561,0,0,1,3,6,R,"Muna_328",189.5,89.724,0.4,0,90,W,Y,0,0,0,0,0,0,0,0,0,0,0,0,0,0,0,0,-0.186,-37.291,0,"-라후이-",-0.279,-17.682,0,"Floră",-19.332,-45.193,0,"낑깡__",-14.054,-68.126,0,"Ainy4／あいにゃ",16.814,-46.303,0,"즉석카레",11.203,-67.79,0,"Kenomo",37.69,-99.694,0,"아침땅_",-0.029,-119.942,0,"ディシジョン",-55.906,-97.94,0,0,0,0,0,0,"",0,0,0,0,3509.568,,,,0,0
100,5,1,3,0,0,0,0,0,0,0,255,255,255,67,3553.121,"P0TA0",R,13,71,111,-4.521,-0.571,-0.02,1.768,-1.307,1.699,-36.64,52.798,95,5,0,1,0,-361.548,345.374,1.609,-2.951,-18.647,0,2,0,R,"Slaris",190,85.704,0.452,0,58,W,Y,0,0,0,0,0,0,0,0,0,0,0,0,0,0,0,0,-0.372,-37.646,0,"濃いめのラー油",-0.351,-17.764,0,"쟈가리코",-21.932,-48.289,0,"芝レイナ",-15.71,-62.913,0,"わだ、、",16.815,-45.978,0,"うるの。",13.32,-63.989,0,"Muna_328",43.784,-98.058,0,"うよすま",-5.753,-119.053,0,"-つる３-",-46.276,-102.445,0,0,0,0,0,0,"",0,0,0,0,3556.391,,,,0,0
101,5,1,3,0,0,1,0,0,0,0,255,255,255,68,3579.001,"P0TA0",R,13,71,111,-1.087,-2.461,0.229,1.54,-0.064,0.478,-36.64,39.492,96,4,0,1,0,-228.723,400,-17.601,-0.197,-20.577,0,2,0,R,"Slaris",190,85.704,0.452,0,58,W,Y,0,0,0,0,0,0,0,0,0,0,0,0,0,0,0,0,-0.201,-37.833,0,"濃いめのラー油",-0.295,-17.695,0,"쟈가리코",-21.287,-46.242,0,"芝レイナ",-15.951,-62.931,0,"わだ、、",18.182,-46.562,0,"うるの。",13.179,-64.117,0,"Muna_328",43.328,-98.34,0,"うよすま",-6.946,-120.516,0,"-つる３-",-47.566,-102.703,0,0,0,0,0,0,"",0,0,0,0,3579.379,,,,0,0
102,5,1,3,0,1,1,0,0,0,0,255,255,255,69,3593.573,"P0TA0",R,13,66,107,-4.671,-1.675,0.002,1.617,-1.374,1.052,-36.64,29.498,97,3,0,1,0,-340.91,356.612,-18.788,0,0,0,2,0,R,"Slaris",190,85.704,0.452,0,58,W,Y,0,0,0,0,0,0,0,0,0,0,0,0,0,0,0,0,-0.219,-37.978,0,"濃いめのラー油",-0.368,-17.679,0,"쟈가리코",-21.168,-46.482,0,"芝レイナ",-15.905,-62.871,0,"わだ、、",18.83,-47.045,0,"うるの。",13.182,-64.112,0,"Muna_328",43.297,-99.035,0,"うよすま",-7.662,-115.731,0,"-つる３-",-47.564,-102.672,0,0,0,0,0,0,"",0,0,0,0,3594.013,,,,0,0
103,5,1,3,0,2,1,0,0,0,0,255,255,255,70,3607.709,"P0TA0",R,3,58,104,-0.063,0.667,0.306,1.849,0.725,2.04,-36.64,73.029,93,7,0,0,0,-381.306,0,-6.747,0,0,0,2,0,R,"Slaris",190,85.704,0.452,0,58,W,Y,0,0,0,0,0,0,0,0,0,0,0,0,0,0,0,0,-0.196,-37.566,0,"濃いめのラー油",-0.269,-17.679,0,"쟈가리코",-20.784,-46.404,0,"芝レイナ",-15.932,-62.955,0,"わだ、、",18.764,-46.842,0,"うるの。",13.197,-64.139,0,"Muna_328",43.297,-99.041,0,"うよすま",-5.491,-116.869,0,"-つる３-",-47.589,-102.842,0,0,0,0,0,0,"",0,0,0,0,3608.068,,,,0,0
104,5,1,3,0,2,2,0,0,0,0,255,255,255,71,3621.706,"P0TA0",R,10,68,111,-1.477,-2.529,0.146,1.468,-0.445,0.355,-36.64,36.463,99,1,0,1,0,-113.449,400,-19.101,-0.249,-21.203,0,2,0,R,"Slaris",190,85.704,0.452,0,58,W,Y,0,0,0,0,0,0,0,0,0,0,0,0,0,0,0,0,-0.224,-37.725,0,"濃いめのラー油",-0.41,-17.837,0,"쟈가리코",-20.888,-44.684,0,"芝レイナ",-15.968,-62.983,0,"わだ、、",18.861,-47.349,0,"うるの。",13.152,-64.142,0,"Muna_328",43.243,-98.983,0,"うよすま",-5.929,-116.724,0,"-つる３-",-47.556,-102.811,0,0,0,0,0,0,"",0,0,0,0,3622.124,,,,0,0
105,5,1,3,0,3,2,0,0,0,0,255,255,255,72,3635.674,"P0TA0",R,3,58,92,-3.088,-0.281,0.101,1.73,-0.606,1.457,-36.64,61.293,91,9,0,1,0,-318.73,0,-6.127,0,0,0,2,0,R,"Slaris",190,85.704,0.452,0,58,W,Y,0,0,0,0,0,0,0,0,0,0,0,0,0,0,0,0,-0.466,-37.439,0,"濃いめのラー油",-0.423,-17.889,0,"쟈가리코",-20.688,-45.402,0,"芝レイナ",-15.959,-62.956,0,"わだ、、",18.505,-47.345,0,"うるの。",13.142,-64.118,0,"Muna_328",43.217,-98.947,0,"うよすま",-5.462,-115.28,0,"-つる３-",-47.662,-102.952,0,0,0,0,0,0,"",0,0,0,0,3636.179,3680.547,,,0,5
106,5,1,3,0,0,0,0,0,1,0,255,0,255,73,3703.45,"P0TA0",R,26,81,132,-2.257,0.191,0.218,1.693,0.071,1.331,-36.64,43.759,94,6,0,2,0,108.74,-200,-2.742,0,0,1,3,8,R,"ディシジョン",180.2,92.496,0.622,3,58,W,Y,3704.459,175,97,214,65,8,145,104,10.19,27.167,0.91,0.143,0.385,105.217,587.132,-64.852,-0.5,-37.213,0,"濃いめのラー油",-0.135,-18.34,0,"쟈가리코",-20.379,-46.648,0,"芝レイナ",-17.716,-61.484,103,"わだ、、",16.825,-45.489,0,"うるの。",10.388,-64.568,88,"Muna_328",15.017,-115.366,0,"うよすま",-25.695,-110.94,0,"-つる３-",-56.004,-94.711,0,0,0,0,3705.824,3,"芝レイナ",-22.129,-57.387,0,0,,3708.652,,,208,1
107,5,1,3,0,0,0,1,0,1,0,255,0,255,74,3730.573,"P0TA0",R,26,76,127,0.89,0.815,0.227,1.86,0.159,1.929,-36.64,55.334,91,9,0,0,0,144.535,-192.064,-3.783,0,0,0,4,2,R,"Floră",190,85,0.404,0,58,W,Y,0,0,0,0,0,0,0,0,0,0,0,0,0,0,0,0,-0.387,-37.65,0,"濃いめのラー油",-0.026,-17.933,0,"쟈가리코",-20.297,-46.785,0,"芝レイナ",-15.713,-62.855,0,"わだ、、",18.579,-45.248,0,"うるの。",7.102,-63.89,0,"Muna_328",37.645,-108.154,0,"うよすま",-7.638,-121.545,0,"-つる３-",-48.784,-101.774,0,0,0,0,0,0,"",0,0,0,0,3731.08,3733.174,,,0,0
108,5,1,3,0,0,1,1,0,1,0,255,0,255,75,3748.349,"P0TA0",R,26,75,126,0.569,1.344,0.194,1.969,0.131,2.269,-36.64,57.852,91,9,0,4,0,71.536,-180.027,-6.994,0,0,1,4,2,R,"Floră",190,85,0.404,0,58,W,Y,0,0,0,0,0,0,0,0,0,0,0,0,0,0,0,0,-0.339,-37.672,0,"濃いめのラー油",-0.408,-18.079,0,"쟈가리코",-20.177,-46.48,0,"芝レイナ",-15.802,-62.806,0,"わだ、、",18.822,-44.606,0,"うるの。",7.884,-62.582,0,"Muna_328",37.731,-108.08,0,"うよすま",-7.563,-121.705,0,"-つる３-",-48.804,-101.714,0,0,0,0,0,0,"",0,0,0,0,3748.946,3751.154,,,0,0
109,5,1,3,0,0,2,1,0,1,0,255,0,255,76,3769.865,"P0TA0",R,13,72,99,-1.783,-2.505,0.23,1.317,-0.145,0.645,-36.64,30.766,59,41,0,2,0,-293.634,378.886,-48.85,0,0,1,4,2,R,"Floră",190,85,0.404,3,58,W,Y,3771.012,161,80,77,68,67,144,93,3.836,-18.849,0.97,0,0.487,-51.044,440.369,74.588,-0.091,-37.65,0,"濃いめのラー油",-0.341,-18.128,0,"쟈가리코",-20.232,-46.705,73,"芝レイナ",-15.741,-62.844,0,"わだ、、",16.774,-46.298,0,"うるの。",10.013,-61.838,101,"Muna_328",37.746,-108.071,0,"うよすま",-11.537,-123.816,0,"-つる３-",-48.878,-101.862,0,3770.879,5.108,-37.85,3772.157,5,"うるの。",10.052,-56.124,0,0,,3773.547,,,84,2
110,5,1,3,0,0,0,2,0,1,0,255,0,255,77,3799.43,"P0TA0",R,0,37,97,-0.457,-1.506,0.156,1.428,-0.204,0.734,-36.64,29.322,63,37,0,1,0,0,0,-10.316,0,0,0,5,6,R,"Kenomo",180,80,0.449,0,87,W,Y,0,0,0,0,0,0,0,0,0,0,0,0,0,0,0,0,-0.468,-37.851,0,"濃いめのラー油",-0.253,-18.027,0,"쟈가리코",-21.287,-47.646,0,"芝レイナ",-16.344,-62.775,0,"わだ、、",19.704,-45.11,0,"うるの。",7.237,-62.848,0,"Muna_328",38.452,-99.924,0,"うよすま",-6.102,-118.493,0,"-つる３-",-48.461,-97.997,0,0,0,0,0,0,"",0,0,0,0,3800.068,3802.229,,,0,0
111,5,1,3,0,1,0,2,0,1,0,255,0,255,78,3817.104,"P0TA0",R,26,78,129,-0.632,-1.001,0.117,1.45,-0.387,0.811,-36.64,34.153,57,43,0,2,0,71.282,-198.344,-16.538,0,0,1,5,6,R,"Kenomo",180,80,0.449,3,87,W,Y,3818.131,112,173,94,79,77,137,128,18.951,-26.994,0.67,0.095,0.157,284.169,492.743,107.226,-0.502,-37.715,0,"濃いめのラー油",-0.124,-18.006,0,"쟈가리코",-20.892,-47.459,0,"芝レイナ",-16.192,-62.786,0,"わだ、、",18.852,-47.466,0,"うるの。",9.677,-61.625,0,"Muna_328",38.498,-100.011,0,"うよすま",-5.805,-118.892,0,"-つる３-",-47.709,-98.556,0,3822.502,42.861,-134.931,0,0,"",0,0,0,0,,3828.576,3822.209,3827.509,16,4
112,5,1,5,0,0,0,2,0,0,0,255,255,255,79,3857.503,"P0TA0",R,26,84,136,-0.434,0.181,0.143,1.659,-0.264,1.515,-36.64,32.575,93,7,0,2,0,57.582,-189.209,-11.086,0,0,1,6,5,R,"즉석카레",170,90.311,0.397,3,58,W,Y,3858.485,226,99,92,65,34,145,100,-2.039,7.337,0.04,0,0.144,127.619,452.046,115.351,-0.577,-37.373,0,"濃いめのラー油",-0.043,-18.147,0,"쟈가리코",-20.382,-46.56,0,"芝レイナ",-15.657,-63.326,0,"わだ、、",17.296,-45.177,0,"うるの。",12.518,-64.29,79,"Muna_328",32.978,-89.853,0,"うよすま",-6.435,-115.049,25,"-つる３-",-46.432,-93.769,0,3858.091,-1.949,-33.116,3862.157,7,"うよすま",-14.206,-95.201,1,0,,,,,336,2
113,5,1,5,0,0,0,2,1,0,0,5,255,255,80,3889.794,"P0TA0",R,26,83,135,-0.49,-0.287,0.142,1.579,-0.271,1.24,-36.64,30.295,51,49,0,0,0,37.285,-200,-19.74,0,0,1,7,3,R,"낑깡__",175.3,80,0.402,0,58,W,Y,0,0,0,0,0,0,0,0,0,0,0,0,0,0,0,0,-0.38,-37.314,0,"濃いめのラー油",-0.136,-18.203,0,"쟈가리코",-21.089,-42.326,0,"芝レイナ",-15.628,-62.865,0,"わだ、、",16.809,-44.483,0,"うるの。",9.963,-63.418,0,"Muna_328",30.517,-87.349,0,"うよすま",-5.153,-114.24,0,"-つる３-",-47.328,-92.708,0,0,0,0,0,0,"",0,0,0,0,3890.179,,,,0,0
114,5,1,5,0,0,1,2,1,0,0,5,255,255,81,3904.89,"P0TA0",R,27,79,129,-0.53,-0.969,0.17,1.483,-0.139,0.904,-36.64,25.434,60,40,0,0,0,-64.566,-131.419,-17.248,0,0,1,7,3,R,"낑깡__",175.3,80,0.402,0,58,W,Y,0,0,0,0,0,0,0,0,0,0,0,0,0,0,0,0,-0.037,-37.521,0,"濃いめのラー油",-0.241,-18.132,0,"쟈가리코",-20.783,-41.809,0,"芝レイナ",-15.453,-62.807,0,"わだ、、",14.662,-44.32,0,"うるの。",8.942,-63.088,0,"Muna_328",30.495,-87.369,0,"うよすま",-4.434,-113.754,0,"-つる３-",-47.436,-92.707,0,0,0,0,0,0,"",0,0,0,0,3905.213,,,,0,0
115,5,1,5,0,0,2,2,1,0,0,5,255,255,82,3919.057,"P0TA0",R,26,83,135,0.067,1.419,0.186,1.94,-0.13,2.243,-36.64,47.645,90,10,0,1,0,107.636,-178.207,-0.909,0,0,0,7,3,R,"낑깡__",175.3,80,0.402,0,58,W,Y,0,0,0,0,0,0,0,0,0,0,0,0,0,0,0,0,-0.418,-37.33,0,"濃いめのラー油",-0.204,-18.007,0,"쟈가리코",-21.26,-42.375,0,"芝レイナ",-15.461,-62.802,0,"わだ、、",16.727,-44.559,0,"うるの。",11.653,-63.526,0,"Muna_328",30.524,-87.349,0,"うよすま",-3.697,-111.934,0,"-つる３-",-47.548,-92.814,0,0,0,0,0,0,"",0,0,0,0,3919.357,,,,0,0
116,5,1,5,0,1,2,2,1,0,0,5,255,255,83,3933.659,"P0TA0",R,26,77,127,0.296,0.248,0.225,1.769,0.065,1.567,-36.64,41.819,93,7,0,2,0,37.09,-164.203,-11.95,0,0,1,7,3,R,"낑깡__",175.3,80,0.402,3,58,W,Y,3934.625,185,96,135,60,56,145,116,109.291,-64.959,0.2,0,0.226,120.257,519.79,-128.666,-0.409,-37.391,0,"濃いめのラー油",-0.114,-18.147,0,"쟈가리코",-20.788,-45.533,0,"芝レイナ",-15.472,-62.816,0,"わだ、、",15.681,-45.049,0,"うるの。",12.515,-64.342,0,"Muna_328",30.528,-87.334,0,"うよすま",-4.56,-114.379,0,"-つる３-",-47.553,-92.764,0,0,0,0,0,0,"",0,0,0,0,,,,,16,3
117,5,1,5,0,1,2,2,1,0,0,5,255,255,84,3952.132,"P0TA0",R,26,82,133,1.097,1.898,0.207,1.995,0.289,2.496,-36.64,57.624,87,13,0,4,0,125.407,-200,-2.933,0,0,1,7,3,R,"낑깡__",175.3,80,0.402,0,58,W,Y,0,0,0,0,0,0,0,0,0,0,0,0,0,0,0,0,-0.428,-37.339,0,"濃いめのラー油",0.03,-18.004,0,"쟈가리코",-21.132,-42.358,0,"芝レイナ",-16.417,-62.658,0,"わだ、、",17.959,-44.488,0,"うるの。",12.104,-63.82,0,"Muna_328",31.677,-89.867,0,"うよすま",-7.348,-115.85,0,"-つる３-",-50.66,-93.714,0,0,0,0,0,0,"",0,0,0,0,3952.435,,,,0,0
118,5,0,5,0,0,0,0,0,0,0,255,255,255,32,4006.642,"Slaris",R,13,60,103,-3.891,-0.506,0.039,1.785,-0.969,1.742,-36.485,53.212,75,25,0,4,0,-365.589,312.348,-0.746,0,0,1,4,0,R,"P0TA0",189.5,96.215,0.525,0,58,W,Y,0,0,0,0,0,0,0,0,0,0,0,0,0,0,0,0,-0.052,-37.355,0,"-라후이-",-0.534,-17.799,0,"Floră",-17.88,-44.162,0,"낑깡__",-14.082,-67.9,0,"Ainy4／あいにゃ",18.574,-46.876,0,"즉석카레",8.81,-69.264,0,"Kenomo",39.71,-104.76,0,"아침땅_",-0.39,-119.366,0,"ディシジョン",-54.088,-97.867,0,0,0,0,0,0,"",0,0,0,0,4007.202,,,,0,0
119,5,0,5,0,0,1,0,0,0,0,255,255,255,33,4024.365,"Slaris",R,28,88,140,0.839,-0.522,0.3,1.873,0.261,1.197,-36.485,45.477,78,15,6,0,0,71.18,-82.549,9.113,0,0,0,4,0,R,"P0TA0",189.5,96.215,0.525,0,58,W,Y,0,0,0,0,0,0,0,0,0,0,0,0,0,0,0,0,-0.037,-37.295,0,"-라후이-",0.08,-17.553,0,"Floră",-18.22,-44.579,0,"낑깡__",-13.98,-68.069,0,"Ainy4／あいにゃ",18.594,-46.924,0,"즉석카레",9.363,-68.237,0,"Kenomo",46.774,-101.55,0,"아침땅_",-0.287,-119.394,0,"ディシジョン",-54.087,-97.822,0,0,0,0,0,0,"",0,0,0,0,4024.713,,,,0,0
120,5,0,5,0,0,2,0,0,0,0,255,255,255,34,4040.768,"Slaris",R,13,71,110,-2.724,-2.083,0.098,1.802,-0.476,0.703,-36.485,38.823,84,16,0,4,0,-390.434,312.348,-16.479,-0.575,-19.496,1,4,0,R,"P0TA0",189.5,96.215,0.525,0,58,W,Y,0,0,0,0,0,0,0,0,0,0,0,0,0,0,0,0,-0.254,-37.56,0,"-라후이-",-0.6,-17.895,0,"Floră",-19.099,-43.353,0,"낑깡__",-13.768,-67.466,0,"Ainy4／あいにゃ",18.658,-46.86,0,"즉석카레",7.539,-68.495,0,"Kenomo",46.633,-101.874,0,"아침땅_",-0.18,-119.366,0,"ディシジョン",-54.084,-97.825,0,0,0,0,0,0,"",0,0,0,0,4041.224,,,,0,0
121,5,0,5,0,0,0,1,0,0,0,255,255,255,35,4063.217,"Slaris",R,34,92,140,-3.708,1.443,0.089,1.998,-0.807,1.48,-36.485,42.439,74,20,6,2,0,65.126,-43.885,13.598,0,0,1,5,8,L,"-つる３-",175.4,89.687,0.49,3,57,W,Y,4064.253,226,63,89,70,46,145,84,-15.989,-16.403,-0.89,0,0.323,-296.319,-392.302,161.32,0.614,-37.098,0,"-라후이-",-0.19,-17.741,0,"Floră",-14.827,-44.62,85,"낑깡__",-9.757,-67.259,0,"Ainy4／あいにゃ",18.655,-46.644,0,"즉석카레",12.478,-66.349,0,"Kenomo",44.516,-103.595,0,"아침땅_",-0.087,-116.846,0,"ディシジョン",-47.66,-91.314,0,4063.424,0.455,-22.189,4066.046,5,"즉석카레",11.057,-59.384,0,0,,,,,84,2
122,5,0,5,0,0,0,2,0,0,0,255,255,255,36,4093.953,"Slaris",R,3,79,119,1.216,-1.927,0.463,1.611,1.154,0.543,-36.485,26.943,92,8,0,4,0,-388.908,78.334,-9.293,0,0,1,6,5,L,"うるの。",180,85.437,0.502,0,57,W,Y,0,0,0,0,0,0,0,0,0,0,0,0,0,0,0,0,0.208,-37.467,0,"-라후이-",0.083,-17.95,0,"Floră",-14.459,-44.515,0,"낑깡__",-9.545,-69.245,0,"Ainy4／あいにゃ",18.699,-46.495,0,"즉석카레",14.618,-65.224,0,"Kenomo",43.629,-103.848,0,"아침땅_",-0.255,-118.491,0,"ディシジョン",-41.468,-85.992,0,0,0,0,0,0,"",0,0,0,0,4094.513,,,,0,0
123,5,0,5,0,0,1,2,0,0,0,255,255,255,37,4112.478,"Slaris",R,34,79,129,1.471,-0.599,0.647,1.91,0.522,1.212,-36.485,69.301,65,35,0,0,0,69.387,-15.277,8.664,0,0,0,6,5,L,"うるの。",180,85.437,0.502,0,57,W,Y,0,0,0,0,0,0,0,0,0,0,0,0,0,0,0,0,0.06,-37.94,0,"-라후이-",0.305,-17.844,0,"Floră",-14.623,-44.996,0,"낑깡__",-8.268,-69.741,0,"Ainy4／あいにゃ",18.671,-46.529,0,"즉석카레",14.884,-65.983,0,"Kenomo",46.91,-102.535,0,"아침땅_",-0.052,-118.491,0,"ディシジョン",-41.477,-85.98,0,0,0,0,0,0,"",0,0,0,0,4112.946,,,,0,0
124,5,0,5,0,0,2,2,0,0,0,255,255,255,38,4131.309,"Slaris",R,13,62,104,1.772,-0.775,0.588,1.772,1.487,1.601,-36.485,54.673,81,19,0,4,0,-373.756,306.143,-6.176,0,0,1,6,5,L,"うるの。",180,85.437,0.502,0,57,W,Y,0,0,0,0,0,0,0,0,0,0,0,0,0,0,0,0,0.096,-37.795,0,"-라후이-",-0.005,-18.238,0,"Floră",-16.897,-43.404,0,"낑깡__",-9.387,-70.549,0,"Ainy4／あいにゃ",18.525,-46.556,0,"즉석카레",15.082,-66.1,0,"Kenomo",46.857,-102.468,0,"아침땅_",-0.181,-118.276,0,"ディシジョン",-41.485,-85.984,0,0,0,0,0,0,"",0,0,0,0,4131.946,,,,0,0
125,6,1,5,0,0,0,0,0,0,0,255,255,255,85,4174.059,"P0TA0",R,33,79,129,1.714,2.005,0.306,1.949,0.551,2.55,-36.64,52.825,88,12,0,4,0,123.727,-119.979,7.427,0,0,1,8,7,R,"아침땅_",165,94.757,0.5,0,36,W,Y,0,0,0,0,0,0,0,0,0,0,0,0,0,0,0,0,-0.193,-37.598,0,"濃いめのラー油",-0.012,-17.954,0,"쟈가리코",-20.642,-47.016,0,"芝レイナ",-15.523,-62.822,0,"わだ、、",16.39,-42.789,0,"うるの。",12.63,-62.171,0,"Muna_328",29.393,-83.435,0,"うよすま",-5.298,-112.682,0,"-つる３-",-40.977,-86.528,0,0,0,0,0,0,"",0,0,0,0,4174.546,,,,0,0
126,6,1,5,0,0,1,0,0,0,0,255,255,255,86,4188.934,"P0TA0",R,13,71,111,-0.136,0.195,0.329,1.938,0.624,2.192,-36.64,58.589,94,6,0,0,0,-376.872,328.584,-22.521,0,0,0,8,7,R,"아침땅_",165,94.757,0.5,0,36,W,Y,0,0,0,0,0,0,0,0,0,0,0,0,0,0,0,0,-0.2,-37.511,0,"濃いめのラー油",0.157,-17.944,0,"쟈가리코",-20.354,-47.225,0,"芝レイナ",-15.497,-62.792,0,"わだ、、",16.018,-43.943,0,"うるの。",12.64,-62.301,0,"Muna_328",29.399,-83.451,0,"うよすま",-5.036,-110.783,0,"-つる３-",-41.048,-86.624,0,0,0,0,0,0,"",0,0,0,0,4189.457,,,,0,0
127,6,1,5,0,0,2,0,0,0,0,255,255,255,87,4203.983,"P0TA0",R,3,60,92,-3.498,-0.928,0.101,1.724,-0.682,1.453,-36.64,45.197,91,9,0,1,0,-361.405,176.189,-9.498,0,0,0,8,7,R,"아침땅_",165,94.757,0.5,0,36,W,Y,0,0,0,0,0,0,0,0,0,0,0,0,0,0,0,0,-0.164,-37.362,0,"濃いめのラー油",-0.223,-18.327,0,"쟈가리코",-20.282,-46.157,0,"芝レイナ",-15.511,-62.794,0,"わだ、、",15.713,-44.003,0,"うるの。",12.539,-62.328,0,"Muna_328",29.405,-83.448,0,"うよすま",-4.877,-110.02,0,"-つる３-",-40.978,-86.578,0,0,0,0,0,0,"",0,0,0,0,4204.657,,,,0,0
128,6,1,5,0,1,2,0,0,0,0,255,255,255,88,4220.474,"P0TA0",R,26,83,135,0.565,1.345,0.195,1.875,-0.001,2.114,-36.64,43.574,93,7,0,1,0,169.812,-200,2.911,0,0,0,8,7,R,"아침땅_",165,94.757,0.5,0,36,W,Y,0,0,0,0,0,0,0,0,0,0,0,0,0,0,0,0,-0.575,-37.661,0,"濃いめのラー油",-0.004,-18.315,0,"쟈가리코",-20.159,-46.165,0,"芝レイナ",-15.494,-62.8,0,"わだ、、",15.852,-44.16,0,"うるの。",12.556,-62.281,0,"Muna_328",29.336,-83.38,0,"うよすま",-5.405,-109.861,0,"-つる３-",-41.009,-86.544,0,0,0,0,0,0,"",0,0,0,0,4220.846,,,,0,0
129,6,1,5,0,2,2,0,0,0,0,255,255,255,89,4239.128,"P0TA0",R,32,58,113,-0.689,-0.728,0.196,1.717,-0.62,1.091,-36.64,58.406,92,8,0,2,0,174.737,-85.95,-10.561,0,0,1,8,7,R,"아침땅_",165,94.757,0.5,3,36,W,Y,4240.26,142,134,115,113,63,145,124,0.994,13.06,0.49,0.143,0.376,-190.094,-276.635,-104.267,-0.256,-37.706,0,"濃いめのラー油",-0.199,-18.405,0,"쟈가리코",-20.201,-46.173,69,"芝レイナ",-15.506,-62.795,0,"わだ、、",15.306,-44.22,0,"うるの。",12.428,-61.899,0,"Muna_328",29.338,-83.494,0,"うよすま",-4.127,-107.395,115,"-つる３-",-40.967,-86.515,0,4239.924,-4.293,-38.42,4242.791,7,"うよすま",-14.731,-96.737,1,0,,,,,276,2
130,6,1,5,0,0,0,0,1,0,0,7,255,255,90,4263.229,"P0TA0",R,13,66,107,-3.386,-2.529,0.166,1.503,-0.822,0.296,-36.64,30.457,67,33,0,1,0,-338.989,358.542,-31.075,-0.566,-21.17,0,0,1,R,"-라후이-",190,87.311,0.496,0,57,W,Y,0,0,0,0,0,0,0,0,0,0,0,0,0,0,0,0,3.075,-37.758,0,"濃いめのラー油",-0.186,-18.524,0,"쟈가리코",-18.607,-42.876,0,"芝レイナ",-9.471,-59.23,0,"わだ、、",18.983,-43.017,0,"うるの。",0.743,-60.394,0,"Muna_328",43.76,-102.881,0,"うよすま",-3.371,-119.263,0,"-つる３-",-49.706,-101.005,0,0,0,0,0,0,"",0,0,0,0,4263.546,4266.31,,,0,0
131,6,1,5,0,1,0,0,0,1,0,255,7,255,91,4284.62,"P0TA0",R,26,77,128,0.373,0.294,0.248,1.847,0.033,1.616,-36.64,33.302,92,8,0,2,0,79.866,-175.518,-2.952,0,0,0,0,1,R,"-라후이-",190,87.311,0.496,3,57,W,Y,4285.438,164,130,142,61,44,145,106,90.916,-87.662,-0.04,0,0.244,434.259,406.033,80.972,-0.318,-37.991,0,"濃いめのラー油",-0.129,-17.903,0,"쟈가리코",-20.59,-46.557,0,"芝レイナ",-15.254,-63.025,0,"わだ、、",17.568,-45.536,0,"うるの。",10.247,-62.506,0,"Muna_328",44.217,-102.322,0,"うよすま",-6.785,-125.197,0,"-つる３-",-49.662,-100.997,0,0,0,0,0,0,"",0,0,0,0,,4288.934,,,16,3
132,6,1,5,0,1,1,0,0,1,0,255,7,255,92,4302.591,"P0TA0",R,26,79,129,-3.943,-2.082,-0.069,1.472,-1.768,0.154,-36.64,9.552,49,51,0,1,0,33.476,-154.042,-1.974,0,0,0,0,1,R,"-라후이-",190,87.311,0.496,0,57,W,Y,0,0,0,0,0,0,0,0,0,0,0,0,0,0,0,0,-0.345,-37.994,0,"濃いめのラー油",-1.07,-20.963,0,"쟈가리코",-20.577,-46.052,0,"芝レイナ",-15.342,-62.948,0,"わだ、、",18.87,-42.901,0,"うるの。",6.339,-62.252,0,"Muna_328",44.328,-103.795,0,"うよすま",-7.937,-123.216,0,"-つる３-",-49.166,-105.828,0,0,0,0,0,0,"",0,0,0,0,4302.835,4305.537,,,0,0
133,6,1,5,0,2,1,0,0,1,0,255,7,255,93,4322.359,"P0TA0",R,10,64,108,-0.339,-2.465,0.286,1.62,-0.048,0.49,-36.64,28.688,99,1,0,1,0,-58.33,400,-12.173,0,0,0,0,1,R,"-라후이-",190,87.311,0.496,0,57,W,Y,0,0,0,0,0,0,0,0,0,0,0,0,0,0,0,0,-0.27,-37.851,0,"濃いめのラー油",-0.081,-17.956,0,"쟈가리코",-20.716,-45.477,0,"芝レイナ",-15.479,-62.963,0,"わだ、、",18,-42.693,0,"うるの。",6.772,-61.899,0,"Muna_328",44.941,-104.177,0,"うよすま",-6.556,-121.439,0,"-つる３-",-51.392,-103.997,0,0,0,0,0,0,"",0,0,0,0,4322.702,4325.199,,,0,0
134,6,1,5,0,2,2,0,0,1,0,255,7,255,94,4343.817,"P0TA0",R,26,79,129,1.384,0.517,0.298,1.808,0.441,1.738,-36.64,41.914,92,8,0,2,0,101.152,-200,5.482,0,0,0,0,1,R,"-라후이-",190,87.311,0.496,3,57,W,Y,4344.663,169,97,76,49,31,139,95,32.095,13.597,-0.41,0,0.272,236.383,454.743,-270.854,-0.013,-37.726,0,"濃いめのラー油",-0.034,-17.897,0,"쟈가리코",-20.589,-45.981,0,"芝レイナ",-15.45,-62.956,0,"わだ、、",18.509,-46.905,0,"うるの。",9.071,-61.602,85,"Muna_328",44.982,-104.259,0,"うよすま",-5.475,-121.662,0,"-つる３-",-51.44,-104.055,0,4348.846,-24.969,-94.04,4350.579,7,"うよすま",-27.918,-103.21,1,0,,4349.504,4355.221,,336,2
135,6,1,5,0,0,0,0,0,1,1,255,1,7,95,4380.479,"P0TA0",R,26,87,140,-1.511,0.725,0.043,1.835,-0.835,1.882,-36.64,29.082,90,10,0,2,0,128.26,-200,5.508,0,0,1,1,4,L,"Ainy4／あいにゃ",188.5,85,0.512,3,57,W,Y,4381.498,255,89,104,84,37,145,129,32.192,-8.789,0.68,0,0.563,256.065,140.206,-37.83,-0.198,-37.522,0,"濃いめのラー油",0.003,-17.965,0,"쟈가리코",-21.423,-48.904,0,"芝レイナ",-7.033,-62.412,0,"わだ、、",17.622,-43.798,0,"うるの。",13.026,-63.195,0,"Muna_328",52.489,-96.907,0,"うよすま",6.733,-120.95,0,"-つる３-",-48.705,-100.128,0,0,0,0,4386.657,7,"うよすま",14.18,-133.194,0,0,,4387.818,4385.019,4393.017,272,1
136,6,1,6,0,0,0,1,0,0,1,255,255,1,96,4415.111,"P0TA0",R,13,67,108,-1.262,-0.481,0.264,1.785,0.164,1.741,-36.64,52.203,87,13,0,2,0,-378.761,318.084,-12.529,0,0,0,2,0,R,"Slaris",190,85.704,0.452,3,57,W,Y,4416.031,224,132,31,80,50,120,82,32.76,53.415,0.94,0,0.284,53.371,-8.075,56.015,-0.384,-37.325,0,"濃いめのラー油",0.008,-18.062,0,"쟈가리코",-21.88,-48.444,0,"芝レイナ",-14.687,-63.473,0,"わだ、、",18.832,-41.39,0,"うるの。",11.774,-61.677,0,"Muna_328",43.443,-107.845,0,"うよすま",-6.768,-121.552,0,"-つる３-",-48.722,-104.955,0,4418.635,-48.283,-56.32,0,0,"",0,0,0,0,,,4419.961,,16,3
137,6,1,6,0,0,1,1,0,0,1,255,255,1,97,4436.936,"P0TA0",R,26,80,130,0.419,0.525,0.222,1.814,-0.02,1.745,-36.64,39.607,93,7,0,2,0,130.246,-200,-6.817,0,0,0,2,0,R,"Slaris",190,85.704,0.452,3,57,W,Y,4437.777,190,83,152,79,42,145,96,31.914,25.661,-0.54,0,0.374,306.135,96.242,-81.521,-0.381,-37.311,119,"濃いめのラー油",-0.004,-18.104,104,"쟈가리코",-21.596,-47.055,110,"芝レイナ",-15.11,-63.098,0,"わだ、、",18.885,-41.382,0,"うるの。",11.572,-62.521,0,"Muna_328",45.37,-105.319,0,"うよすま",-6.733,-121.519,0,"-つる３-",-53.829,-101.321,103,4441.757,-36.429,-92.319,4442.212,8,"-つる３-",-36.322,-92.084,1,0,4447.446,,4443.063,,53,2
138,6,1,6,0,0,0,1,1,0,1,0,255,1,98,4491.561,"P0TA0",R,3,57,101,-5.721,0.272,0.001,1.843,-1.552,1.872,-36.64,55.091,90,10,0,4,0,-447.224,56.403,-21.86,0,0,1,3,8,R,"ディシジョン",180.2,92.496,0.622,0,57,W,Y,0,0,0,0,0,0,0,0,0,0,0,0,0,0,0,0,-0.36,-37.768,0,"濃いめのラー油",-0.369,-18.131,0,"쟈가리코",-20.572,-41.368,0,"芝レイナ",-13.491,-59.095,0,"わだ、、",18.072,-41.101,0,"うるの。",7.248,-61.895,0,"Muna_328",5.19,-120.077,0,"うよすま",-25.269,-110.615,0,"-つる３-",-54.457,-91.344,0,0,0,0,0,0,"",0,0,0,0,4492.135,,4495.446,,0,0
139,6,1,6,0,0,1,1,1,0,1,0,255,1,99,4512.059,"P0TA0",R,13,66,107,-5.175,-2.096,-0.002,1.616,-1.555,0.848,-36.64,29.094,92,8,0,1,0,-360.645,335.47,-16.562,-1.06,-19.366,0,3,8,R,"ディシジョン",180.2,92.496,0.622,0,57,W,Y,0,0,0,0,0,0,0,0,0,0,0,0,0,0,0,0,-0.396,-37.548,0,"濃いめのラー油",-0.692,-18.218,0,"쟈가리코",-20.216,-40.739,0,"芝レイナ",-13.429,-59.108,0,"わだ、、",18.514,-40.968,0,"うるの。",6.522,-62.764,0,"Muna_328",7.393,-119.61,0,"うよすま",-23.919,-112.498,0,"-つる３-",-53.282,-91.769,0,0,0,0,0,0,"",0,0,0,0,4512.657,,4514.82,,0,0
140,6,1,6,0,1,1,1,1,0,1,0,255,1,100,4531.23,"P0TA0",R,13,61,104,-1.695,-2.465,0.235,1.593,-0.089,0.724,-36.64,36.933,100,0,0,4,0,-315.92,371.95,-29.497,-0.337,-20.13,1,3,8,R,"ディシジョン",180.2,92.496,0.622,0,57,W,Y,0,0,0,0,0,0,0,0,0,0,0,0,0,0,0,0,-0.347,-37.687,0,"濃いめのラー油",-0.212,-18.358,0,"쟈가리코",-20.581,-42.08,0,"芝レイナ",-13.634,-58.883,0,"わだ、、",18.02,-40.855,0,"うるの。",5.619,-62.718,0,"Muna_328",7.398,-119.568,0,"うよすま",-24.139,-106.825,0,"-つる３-",-53.295,-91.751,0,0,0,0,0,0,"",0,0,0,0,4531.89,,4533.71,,0,0
141,6,1,6,0,1,2,1,1,0,1,0,255,1,101,4573.421,"P0TA0",R,13,70,110,-3.63,-2.634,0.058,1.464,-1.096,0.609,-36.64,14.855,53,47,0,1,0,-258.333,400,-23.848,-0.672,-20.417,0,3,8,R,"ディシジョン",180.2,92.496,0.622,0,57,W,Y,0,0,0,0,0,0,0,0,0,0,0,0,0,0,0,0,0.044,-37.637,0,"濃いめのラー油",-0.383,-18.571,0,"쟈가리코",-19.888,-41.337,0,"芝レイナ",-13.849,-58.901,0,"わだ、、",17.72,-41.736,0,"うるの。",5.561,-63.188,0,"Muna_328",7.425,-119.595,0,"うよすま",-26.663,-106.96,0,"-つる３-",-53.339,-91.872,0,0,0,0,0,0,"",0,0,0,0,4574.024,,4593.099,,0,0
142,6,1,6,0,2,2,1,1,0,1,0,255,1,102,4670.674,"P0TA0",R,26,87,140,-0.789,-0.573,0.119,1.64,-0.507,1.109,-36.64,22.115,95,5,0,0,0,116.573,-164.025,3.587,-0.166,-11.996,1,3,8,R,"ディシジョン",180.2,92.496,0.622,0,57,W,Y,0,0,0,0,0,0,0,0,0,0,0,0,0,0,0,0,-0.253,-37.841,0,"濃いめのラー油",-0.196,-18.378,0,"쟈가리코",-20.697,-43.635,0,"芝レイナ",-16.689,-62.134,0,"わだ、、",17.157,-42.337,0,"うるの。",7.034,-62.511,0,"Muna_328",6.993,-120.452,0,"うよすま",-27.782,-109.61,0,"-つる３-",-54.922,-93.389,0,0,0,0,0,0,"",0,0,0,1,4674.113,,,4677.173,0,0
143,6,0,6,0,0,0,0,0,0,0,255,255,255,39,4720.219,"Slaris",R,33,90,140,1.869,-0.85,0.429,1.858,0.663,1.053,-36.485,47.432,66,28,6,2,0,103.352,-53.802,17.511,0,0,1,7,3,R,"芝レイナ",170.3,80,0.25,3,35,W,Y,4721.292,255,101,79,77,38,145,83,-18.049,-26.078,-0.83,0,0.301,109.481,-250.232,37.126,1.284,-36.929,0,"-라후이-",0.196,-17.708,0,"Floră",-18.778,-44.97,0,"낑깡__",-13.663,-66.456,0,"Ainy4／あいにゃ",17.5,-45.924,118,"즉석카레",10.774,-67.234,0,"Kenomo",39.691,-94.716,0,"아침땅_",-0.51,-114.905,0,"ディシジョン",-43.703,-86.069,0,4720.524,1.215,-22.166,4722.135,4,"Ainy4／あいにゃ",11.99,-43.871,0,0,,,,,22,2
144,6,0,6,0,0,0,1,0,0,0,255,255,255,40,4745.577,"Slaris",R,13,63,105,-3.878,-0.703,0.075,1.785,-0.966,1.669,-36.485,54.92,74,26,0,1,0,-372.687,312.348,0.12,0,0,0,8,7,R,"うよすま",175.4,85.385,0.5,0,57,W,Y,0,0,0,0,0,0,0,0,0,0,0,0,0,0,0,0,0.128,-37.061,0,"-라후이-",-0.377,-17.399,0,"Floră",-18.525,-44.751,0,"낑깡__",-13.762,-67.464,0,"Ainy4／あいにゃ",17.063,-44.971,0,"즉석카레",12.095,-65.019,0,"Kenomo",40.816,-105.284,0,"아침땅_",0.104,-116.698,0,"ディシジョン",-42.51,-86.636,0,0,0,0,0,0,"",0,0,0,0,4746.135,,,,0,0
145,6,0,6,0,1,0,1,0,0,0,255,255,255,41,4762.239,"Slaris",R,34,74,126,-0.883,-0.143,0.271,1.847,-0.53,1.475,-36.485,59.43,74,20,6,0,0,89.343,-27.824,11.087,0,0,1,8,7,R,"うよすま",175.4,85.385,0.5,0,57,W,Y,0,0,0,0,0,0,0,0,0,0,0,0,0,0,0,0,-0.179,-37.522,0,"-라후이-",-0.209,-17.308,0,"Floră",-18.908,-44.675,0,"낑깡__",-13.882,-67.753,0,"Ainy4／あいにゃ",16.124,-44.881,0,"즉석카레",11.781,-65.418,0,"Kenomo",42.172,-104.047,0,"아침땅_",-0.151,-116.983,0,"ディシジョン",-42.479,-86.607,0,0,0,0,0,0,"",0,0,0,0,4762.735,,,,0,0
146,6,0,6,0,1,1,1,0,0,0,255,255,255,42,4778.663,"Slaris",R,27,79,129,1.666,-0.271,0.334,1.878,0.66,1.309,-36.485,46.814,76,22,2,2,0,37.929,-118.275,23.061,0,0,1,8,7,R,"うよすま",175.4,85.385,0.5,3,45,W,Y,4779.643,255,64,141,69,5,145,88,20.955,11.561,-0.67,0,0.391,227.621,311.173,65.001,-1.203,-37.114,0,"-라후이-",0.169,-17.383,0,"Floră",-18.266,-44.593,0,"낑깡__",-13.379,-66.509,0,"Ainy4／あいにゃ",16.868,-44.492,0,"즉석카레",11.769,-65.098,71,"Kenomo",42.246,-104.052,0,"아침땅_",-0.273,-117.001,101,"ディシジョン",-42.488,-86.641,0,4782.846,-18.24,-87.987,4784.913,7,"아침땅_",-23.778,-103.648,1,0,,,,,324,2
147,6,0,6,0,0,0,1,1,0,0,17,255,255,43,4820.576,"Slaris",R,3,56,100,0.482,-0.386,0.394,1.623,1.136,1.388,-36.485,70.237,76,24,0,0,0,-454.546,0,-6.11,0,0,0,0,1,L,"濃いめのラー油",188.6,87,0.8,0,57,W,Y,0,0,0,0,0,0,0,0,0,0,0,0,0,0,0,0,-0.207,-38.273,0,"-라후이-",0.038,-17.769,0,"Floră",-16.809,-44.798,0,"낑깡__",-4.485,-60.816,0,"Ainy4／あいにゃ",16.394,-43.444,0,"즉석카레",10.981,-62.113,0,"Kenomo",44.295,-105.59,0,"아침땅_",-0.137,-119.448,0,"ディシジョン",-46.883,-94.501,0,0,0,0,0,0,"",0,0,0,0,4821.279,4822.543,,,0,0
148,6,0,6,0,0,1,1,0,1,0,255,17,255,44,4843.546,"Slaris",R,34,82,134,2.801,-0.486,0.529,1.806,1.066,1.261,-36.485,59.067,72,26,2,4,0,97.999,-35.048,7.272,0,0,1,0,1,L,"濃いめのラー油",188.6,87,0.8,0,57,W,Y,0,0,0,0,0,0,0,0,0,0,0,0,0,0,0,0,-0.187,-37.507,0,"-라후이-",0.7,-18.154,0,"Floră",-15.117,-44.684,0,"낑깡__",-3.957,-62.488,0,"Ainy4／あいにゃ",17.977,-41.863,0,"즉석카레",12.715,-63.472,0,"Kenomo",44.97,-106.128,0,"아침땅_",-0.094,-119.927,0,"ディシジョン",-46.68,-94.472,0,0,0,0,0,0,"",0,0,0,0,4843.99,,4846.071,,0,0
149,6,0,6,0,0,2,1,0,0,1,255,255,17,45,4876.896,"Slaris",R,13,68,108,1.485,-2.001,0.46,1.614,1.35,0.782,-36.485,42.218,89,11,0,1,0,-383.336,312.348,-22.244,0.207,-19.209,0,0,1,L,"濃いめのラー油",188.6,87,0.8,0,57,W,Y,0,0,0,0,0,0,0,0,0,0,0,0,0,0,0,0,-0.441,-37.953,0,"-라후이-",0.656,-18.671,0,"Floră",-13.911,-45.256,0,"낑깡__",-5.564,-59.439,0,"Ainy4／あいにゃ",16.517,-41.872,0,"즉석카레",13.022,-63.827,0,"Kenomo",45.145,-105.788,0,"아침땅_",-0.044,-120.333,0,"ディシジョン",-46.773,-94.652,0,0,0,0,0,0,"",0,0,0,0,4877.49,,4879.815,,0,0
150,6,0,6,0,1,2,1,0,0,1,255,255,17,46,4899.662,"Slaris",R,10,86,128,1.336,-1.986,0.337,1.784,0.572,0.773,-36.485,50.772,71,27,2,4,0,0,400,24.292,0,0,1,0,1,L,"濃いめのラー油",188.6,87,0.8,0,57,W,Y,0,0,0,0,0,0,0,0,0,0,0,0,0,0,0,0,-0.088,-37.569,0,"-라후이-",-0.011,-20.017,0,"Floră",-14.594,-44.948,0,"낑깡__",-5.914,-59.601,0,"Ainy4／あいにゃ",16.96,-41.289,0,"즉석카레",14.913,-64.548,0,"Kenomo",49.708,-101.279,0,"아침땅_",-0.045,-120.317,0,"ディシジョン",-46.51,-95.333,0,0,0,0,0,0,"",0,0,0,0,4900.19,,4902.377,,0,0
151,6,0,6,0,0,0,2,0,0,1,255,255,17,47,4923.916,"Slaris",R,27,96,140,1.536,-1.155,0.258,1.607,0.62,0.771,-36.485,21.392,83,17,0,2,0,30.944,-124.022,12.227,0,0,0,1,4,L,"わだ、、",190.3,80,0.528,3,57,W,Y,4925.034,255,177,107,157,54,145,87,25.318,-38.296,1,0,0.768,145.889,262.151,-14.044,-0.143,-37.444,0,"-라후이-",0.2,-17.758,0,"Floră",-14.112,-44.981,0,"낑깡__",-6.461,-60.499,93,"Ainy4／あいにゃ",16.029,-41.585,0,"즉석카레",15.705,-66.233,0,"Kenomo",49.806,-101.423,107,"아침땅_",0.227,-119.75,0,"ディシジョン",-47.257,-103.758,0,4927.901,38.483,-72.263,4929.202,6,"Kenomo",44.533,-81.699,1,0,,,,4930.292,164,2
152,6,0,6,1,0,0,2,1,0,0,14,255,255,48,4958.331,"Slaris",R,10,80,120,0.857,-0.811,0.187,1.766,0.368,1.548,-36.485,44.561,72,26,1,0,0,0,400,29.762,0,0,1,2,2,L,"쟈가리코",190,82,0.501,0,57,W,Y,0,0,0,0,0,0,0,0,0,0,0,0,0,0,0,0,0.046,-37.232,0,"-라후이-",0.13,-17.979,0,"Floră",-12.904,-45.749,0,"낑깡__",-3.902,-65.206,0,"Ainy4／あいにゃ",16.939,-42.747,0,"즉석카레",14.541,-66.589,0,"Kenomo",49.288,-106.478,0,"아침땅_",0.73,-120.582,0,"ディシジョン",-47.802,-101.01,0,0,0,0,0,0,"",0,0,0,0,4958.801,,,,0,0
153,6,0,6,1,0,1,2,1,0,0,14,255,255,49,4975.402,"Slaris",R,10,86,128,1.269,0.553,0.223,1.737,0.626,1.421,-36.485,48.073,68,32,0,2,0,0,400,21.361,0,0,1,2,2,L,"쟈가리코",190,82,0.501,3,57,W,Y,4976.496,167,113,80,64,9,145,130,-30,-2.455,0.57,0,0.44,-179.082,78.002,-60.794,-0.205,-38.145,0,"-라후이-",0.125,-17.983,0,"Floră",-13.576,-45.081,0,"낑깡__",-4.61,-66.659,105,"Ainy4／あいにゃ",17.019,-42.956,0,"즉석카레",14.559,-64.62,0,"Kenomo",49.221,-106.388,0,"아침땅_",0.134,-120.493,0,"ディシジョン",-50.065,-98.931,0,4975.535,0.31,-20.942,4977.768,3,"낑깡__",2.385,-70.054,0,4,5021.957,4981.36,,,180,2
154,7,1,6,1,0,0,0,0,0,0,255,255,255,103,5118.569,"-つる３-",L,0,89,140,-0.905,0.319,-0.283,1.602,-0.385,1.813,-36.992,19.824,90,10,0,0,0,0,0,-9.934,0,0,1,4,2,R,"Floră",190,85,0.404,0,57,W,Y,0,0,0,0,0,0,0,0,0,0,0,0,0,0,0,0,-0.246,-37.94,0,"P0TA0",-0.002,-16.549,0,"쟈가리코",-21.451,-45.699,0,"芝レイナ",-15.624,-63.05,0,"わだ、、",16.366,-47.028,0,"うるの。",12.079,-64.419,0,"Muna_328",42.781,-101.203,0,"うよすま",-7.925,-120.469,0,"濃いめのラー油",-54.41,-91.638,0,0,0,0,0,0,"",0,0,0,0,5119.124,,,,0,0
155,7,1,6,1,0,1,0,0,0,0,255,255,255,104,5133.341,"-つる３-",L,10,81,121,-0.268,0.802,-0.167,1.892,-0.112,2.587,-36.992,49.888,90,8,2,2,0,0,400,-8.909,0,0,1,4,2,R,"Floră",190,85,0.404,3,57,W,Y,5134.447,179,81,124,77,44,145,130,-20.234,29.466,0.55,0,0.506,-267.379,536.112,33.056,-0.197,-37.548,0,"P0TA0",0.023,-16.493,0,"쟈가리코",-21.05,-46.56,67,"芝レイナ",-15.626,-63.105,0,"わだ、、",16.413,-46.596,0,"うるの。",12.602,-64.233,0,"Muna_328",44.009,-102.467,0,"うよすま",-7.745,-120.551,0,"濃いめのラー油",-54.555,-91.274,0,5133.613,-1.814,-22.007,5134.913,2,"쟈가리코",-16.358,-47.232,0,0,,,,,36,2
156,7,1,6,1,0,0,1,0,0,0,255,255,255,105,5156.417,"-つる３-",L,10,82,122,-2.119,-1.646,-0.441,1.5,-0.915,1.138,-36.992,28.617,55,45,0,1,0,3.1,400,28.815,-0.874,-18.812,0,5,6,R,"Kenomo",180,80,0.449,0,57,W,Y,0,0,0,0,0,0,0,0,0,0,0,0,0,0,0,0,-0.261,-37.88,0,"P0TA0",-0.357,-17.132,0,"쟈가리코",-20.23,-45.659,0,"芝レイナ",-16.06,-62.62,0,"わだ、、",16.827,-45.797,0,"うるの。",12.629,-64.301,0,"Muna_328",44.389,-103.816,0,"うよすま",-6.324,-116.147,0,"濃いめのラー油",-49.052,-90.786,0,0,0,0,0,0,"",0,0,0,0,5160.457,,,,0,0
157,7,1,6,1,1,0,1,0,0,0,255,255,255,106,5171.458,"-つる３-",L,26,76,127,-4.198,3.212,-0.434,1.982,-1.777,3.303,-36.992,71.193,88,12,0,4,0,-23.686,-200,0.781,0,0,1,5,6,R,"Kenomo",180,80,0.449,0,57,W,Y,0,0,0,0,0,0,0,0,0,0,0,0,0,0,0,0,-0.282,-37.739,0,"P0TA0",-0.13,-16.391,0,"쟈가리코",-20.099,-45.539,0,"芝レイナ",-16.064,-62.63,0,"わだ、、",17.291,-45.285,0,"うるの。",12.553,-64.31,0,"Muna_328",43.132,-107.412,0,"うよすま",-4.266,-115.443,0,"濃いめのラー油",-49.881,-90.691,0,0,0,0,0,0,"",0,0,0,0,5172.013,,,,0,0
158,7,1,6,1,2,0,1,0,0,0,255,255,255,107,5190.319,"-つる３-",L,11,75,108,-1.445,0.653,-0.379,1.931,-0.618,2.31,-36.992,55.243,88,10,2,0,0,0,211.27,-3.483,0,0,0,5,6,R,"Kenomo",180,80,0.449,0,57,W,Y,0,0,0,0,0,0,0,0,0,0,0,0,0,0,0,0,-0.332,-37.851,0,"P0TA0",-0.006,-16.528,0,"쟈가리코",-20.376,-45.354,0,"芝レイナ",-16.082,-62.705,0,"わだ、、",18.179,-45.814,0,"うるの。",12.058,-64.307,0,"Muna_328",43.123,-107.388,0,"うよすま",-5.577,-116.594,0,"濃いめのラー油",-50.794,-91.458,0,0,0,0,0,0,"",0,0,0,0,5190.957,,,,0,0
159,7,1,6,1,2,1,1,0,0,0,255,255,255,108,5203.917,"-つる３-",L,10,83,110,-0.659,-0.663,-0.29,1.616,-0.279,1.797,-36.992,31.856,93,7,0,2,0,0,400,-6.192,0,0,1,5,6,R,"Kenomo",180,80,0.449,3,57,W,Y,5205.031,178,65,85,59,22,145,128,-16.793,-15.371,0.34,0,0.299,384.435,213.699,-337.402,-0.162,-37.493,0,"P0TA0",-0.014,-16.496,0,"쟈가리코",-20.392,-45.87,74,"芝レイナ",-16.056,-62.668,0,"わだ、、",17.87,-47.462,0,"うるの。",12.545,-64.548,98,"Muna_328",43.136,-107.378,0,"うよすま",-4.715,-114.95,0,"濃いめのラー油",-50.636,-91.064,0,5204.179,0.443,-22.239,5205.835,5,"うるの。",10.536,-59.359,0,0,,,,,100,2
160,7,1,6,1,0,0,2,0,0,0,255,255,255,109,5226.177,"-つる３-",L,13,91,115,0.477,-1.563,-0.31,1.477,-0.152,1.273,-36.992,17.907,52,48,0,1,0,197.649,371.443,11.848,0.314,-17.937,0,6,5,R,"즉석카레",170,90.311,0.397,0,57,W,Y,0,0,0,0,0,0,0,0,0,0,0,0,0,0,0,0,-0.252,-37.815,0,"P0TA0",0.065,-17.133,0,"쟈가리코",-20.484,-45.336,0,"芝レイナ",-16.244,-62.749,0,"わだ、、",17.834,-45.411,0,"うるの。",12.925,-63.913,0,"Muna_328",37.719,-91.462,0,"うよすま",-3.805,-110.859,0,"濃いめのラー油",-47.105,-86.589,0,0,0,0,0,0,"",0,0,0,0,5228.99,,,,0,0
161,7,1,6,1,1,0,2,0,0,0,255,255,255,110,5242.797,"-つる３-",L,28,86,139,17.137,-1.091,-0.173,1.507,0.126,1.485,-36.992,17.155,59,41,0,2,0,-21.453,-89.034,-3.932,0,0,1,6,5,R,"즉석카레",170,90.311,0.397,3,57,W,Y,5243.783,255,108,50,61,19,136,92,10.307,11.358,-0.08,0,0.173,4.211,425.13,198.374,0.055,-37.568,0,"P0TA0",-0.017,-16.845,0,"쟈가리코",-20.31,-45.262,0,"芝レイナ",-16.194,-62.689,99,"わだ、、",16.274,-46.562,0,"うるの。",12.875,-63.879,0,"Muna_328",36.726,-92.119,0,"うよすま",-3.889,-110.967,0,"濃いめのラー油",-47.208,-86.427,0,5244.968,-11.403,-64.177,5245.301,3,"芝レイナ",-10.607,-61.615,0,0,,,,,148,1
162,7,0,6,1,0,0,0,0,0,0,255,255,255,50,5289.959,"Slaris",R,33,86,139,2.433,-1.193,0.407,1.88,0.757,1.916,-36.485,45.45,73,23,3,2,0,116.999,-62.224,17.47,0,0,1,3,6,R,"Muna_328",189.5,89.724,0.4,3,90,W,Y,5291.034,215,57,29,0,0,42,45,-18.498,-27.163,-0.65,0,0.86,-2.693,-90.11,50.433,1.329,-37.044,120,"-라후이-",0.2,-17.985,0,"Floră",-18.64,-45.08,0,"낑깡__",-13.464,-67.146,0,"Ainy4／あいにゃ",17.427,-45.355,0,"즉석카레",13.023,-66.414,0,"Kenomo",42.914,-106.243,0,"아침땅_",-0.506,-119.435,0,"ディシジョン",-53.649,-99.778,0,5290.39,1.943,-23.146,5292.246,0,"Slaris",7.463,-36.179,0,0,,,,,20,2
163,7,0,6,1,0,0,1,0,0,0,255,255,255,51,5319.857,"Slaris",R,28,98,140,0.72,-2.047,0.173,1.629,0.247,0.235,-36.485,19.085,82,16,3,4,0,45.707,-90.662,13.843,0.135,-18.808,1,4,1,R,"P0TA0",189.5,96.215,0.525,0,57,W,Y,0,0,0,0,0,0,0,0,0,0,0,0,0,0,0,0,0.143,-37.156,0,"-라후이-",0.079,-17.562,0,"Floră",-19.006,-45.015,0,"낑깡__",-13.684,-67.51,0,"Ainy4／あいにゃ",18.457,-45.867,0,"즉석카레",9.434,-68.868,0,"Kenomo",47.168,-104.412,0,"아침땅_",-0.723,-119.754,0,"ディシジョン",-54.194,-99.018,0,0,0,0,0,0,"",0,0,0,0,5320.19,,,,0,0
164,7,0,6,1,0,1,1,0,0,0,255,255,255,52,5338.524,"Slaris",R,28,92,140,-0.868,-1.311,0.002,1.778,-0.427,0.712,-36.485,22.947,75,22,4,2,0,36.188,-70.936,15.671,0,0,1,4,1,R,"P0TA0",189.5,96.215,0.525,3,57,W,Y,5339.405,255,57,114,70,18,145,112,-30,50.256,0.91,0,0.158,154.47,-34.531,123.949,-0.251,-37.451,0,"-라후이-",-0.218,-17.593,0,"Floră",-18.796,-45.088,0,"낑깡__",-13.39,-66.018,0,"Ainy4／あいにゃ",18.032,-45.973,0,"즉석카레",9.647,-68.508,0,"Kenomo",44.467,-106.035,0,"아침땅_",-0.3,-119.414,0,"ディシジョン",-54.193,-99.036,0,5338.468,-1.301,-18.646,0,0,"",0,0,0,0,,,,,4,3
165,7,0,6,1,0,2,1,0,0,0,255,255,255,53,5359.505,"Slaris",R,14,93,126,-0.081,-0.253,-0.15,1.793,-0.624,1.704,-36.485,28.78,76,21,2,2,0,399.496,252.978,37.237,0,0,1,4,1,R,"P0TA0",189.5,96.215,0.525,3,57,W,Y,5360.437,230,185,249,93,69,145,118,1.299,7.274,0.12,0,0.166,-3.842,158.668,-371.731,-0.582,-37.765,0,"-라후이-",-0.126,-17.543,0,"Floră",-18.418,-44.703,74,"낑깡__",-13.385,-66.126,102,"Ainy4／あいにゃ",17.587,-45.138,0,"즉석카레",9.091,-66.127,0,"Kenomo",44.837,-104.225,0,"아침땅_",-0.302,-120.332,0,"ディシジョン",-54.505,-98.818,0,5360.291,-3.544,-45.79,5361.702,3,"낑깡__",-6.378,-70.703,0,0,,,,,148,2
166,7,0,6,1,0,0,2,0,0,0,255,255,255,54,5384.417,"Slaris",R,29,102,140,-2.573,-0.579,-0.265,1.409,-0.856,1.088,-36.485,7.54,37,63,0,4,0,-211.005,-200,43.15,0,0,1,5,0,L,"-つる３-",175.4,89.687,0.49,0,57,W,Y,0,0,0,0,0,0,0,0,0,0,0,0,0,0,0,0,0.155,-38.217,0,"-라후이-",-0.145,-17.624,0,"Floră",-14.033,-44.823,0,"낑깡__",-9.683,-68.946,0,"Ainy4／あいにゃ",17.696,-44.408,0,"즉석카레",13.252,-63.889,0,"Kenomo",43.731,-99.186,0,"아침땅_",0.244,-117.154,0,"ディシジョン",-46.121,-91.696,0,0,0,0,0,0,"",0,0,0,0,5384.835,,,,0,0
167,7,0,6,1,0,1,2,0,0,0,255,255,255,55,5400.272,"Slaris",R,10,73,115,1.481,-0.931,0.407,1.869,0.633,1.579,-36.485,66.344,71,28,1,4,0,0,399.831,15.358,0,0,1,5,0,L,"-つる３-",175.4,89.687,0.49,0,57,W,Y,0,0,0,0,0,0,0,0,0,0,0,0,0,0,0,0,-0.043,-37.557,0,"-라후이-",0.133,-17.759,0,"Floră",-14.1,-44.903,0,"낑깡__",-10.211,-69.353,0,"Ainy4／あいにゃ",17.524,-44.17,0,"즉석카레",11.741,-63.997,0,"Kenomo",43.95,-99.056,0,"아침땅_",0.062,-117.132,0,"ディシジョン",-46.135,-91.695,0,0,0,0,0,0,"",0,0,0,0,5400.768,,,,0,0
168,7,0,6,1,0,2,2,0,0,0,255,255,255,56,5418.381,"Slaris",R,27,87,140,-0.288,0.905,0.155,1.984,-0.239,2.018,-36.485,43.763,69,29,2,0,0,83.925,-104.622,24.834,0,0,1,5,0,L,"-つる３-",175.4,89.687,0.49,0,57,W,Y,0,0,0,0,0,0,0,0,0,0,0,0,0,0,0,0,-0.124,-37.578,0,"-라후이-",0.287,-17.659,0,"Floră",-14.923,-44.711,0,"낑깡__",-10.637,-68.844,0,"Ainy4／あいにゃ",17.532,-44.155,0,"즉석카레",11.649,-64.656,0,"Kenomo",44.024,-99.448,0,"아침땅_",-0.015,-117.122,0,"ディシジョン",-46.112,-91.66,0,0,0,0,0,0,"",0,0,0,0,5418.757,,,,0,0
169,8,1,6,1,0,0,0,0,0,0,255,255,255,111,5457.7,"-つる３-",L,28,86,139,0.142,-2.696,-0.164,1.214,0.129,-0.08,-36.992,17.198,51,49,0,1,0,-42.148,-87.427,-1.553,0.026,-20.422,0,7,3,R,"낑깡__",175.3,80,0.402,0,57,W,Y,0,0,0,0,0,0,0,0,0,0,0,0,0,0,0,0,-0.185,-37.926,0,"P0TA0",0.047,-16.741,0,"쟈가리코",-22.202,-48.041,0,"芝レイナ",-15.363,-63.109,0,"わだ、、",12.262,-47.457,0,"うるの。",13.408,-63.299,0,"Muna_328",32.652,-85.385,0,"うよすま",-5.86,-113.9,0,"濃いめのラー油",-48.727,-86.027,0,0,0,0,0,0,"",0,0,0,0,5457.968,,,,0,0
170,8,1,6,1,1,0,0,0,0,0,255,255,255,112,5470.041,"-つる３-",L,10,82,123,-1.226,-0.263,-0.267,1.738,-0.526,1.952,-36.992,34.842,91,7,2,0,0,0,400,-5.781,0,0,1,7,3,R,"낑깡__",175.3,80,0.402,0,57,W,Y,0,0,0,0,0,0,0,0,0,0,0,0,0,0,0,0,-0.231,-37.792,0,"P0TA0",0.029,-16.733,0,"쟈가리코",-21.896,-47.779,0,"芝レイナ",-15.867,-62.834,0,"わだ、、",15.859,-44.462,0,"うるの。",13.188,-63.639,0,"Muna_328",32.864,-86.396,0,"うよすま",-5.119,-113.064,0,"濃いめのラー油",-48.628,-86.188,0,0,0,0,0,0,"",0,0,0,0,5470.313,,,,0,0
171,8,1,6,1,1,1,0,0,0,0,255,255,255,113,5483.322,"-つる３-",L,13,81,118,0.812,-0.363,-0.32,1.646,-0.308,1.801,-36.992,28.598,98,2,0,2,0,390.434,312.348,46.023,0,0,0,7,3,R,"낑깡__",175.3,80,0.402,3,57,W,Y,5484.336,231,125,142,70,46,145,119,-15.004,32.15,0.78,0,0.255,-207.315,398.748,249.217,-0.083,-37.548,0,"P0TA0",-0.003,-16.93,0,"쟈가리코",-21.792,-47.703,79,"芝レイナ",-15.86,-62.817,0,"わだ、、",14.618,-45.99,0,"うるの。",13.141,-63.591,0,"Muna_328",32.893,-86.54,0,"うよすま",-4.605,-113.651,0,"濃いめのラー油",-48.628,-86.182,0,5483.457,-0.496,-19.624,5484.979,2,"쟈가리코",-19.451,-46.802,0,0,,,,,36,2
172,8,1,6,1,0,0,1,0,0,0,255,255,255,114,5509.387,"-つる３-",L,0,77,127,-2.232,2.507,-0.372,1.969,-0.961,2.955,-36.992,59.431,89,11,0,1,0,0,0,-1.036,0,0,0,8,7,R,"아침땅_",165,94.757,0.5,0,36,W,Y,0,0,0,0,0,0,0,0,0,0,0,0,0,0,0,0,-0.324,-37.75,0,"P0TA0",-0.073,-16.676,0,"쟈가리코",-21.111,-46.794,0,"芝レイナ",-15.649,-63.002,0,"わだ、、",16.677,-44.629,0,"うるの。",12.294,-61.929,0,"Muna_328",32.113,-86.405,0,"うよすま",-7.324,-107.673,0,"濃いめのラー油",-45.938,-84.747,0,0,0,0,0,0,"",0,0,0,0,5509.813,,,,0,0
173,8,1,6,1,1,0,1,0,0,0,255,255,255,115,5523.615,"-つる３-",L,27,87,140,-0.121,-0.132,-0.198,1.482,0.007,1.387,-36.992,13.45,53,47,0,0,0,-37.963,-137.325,-10.2,0,0,0,8,7,R,"아침땅_",165,94.757,0.5,0,36,W,Y,0,0,0,0,0,0,0,0,0,0,0,0,0,0,0,0,-0.195,-37.741,0,"P0TA0",0.043,-16.764,0,"쟈가리코",-20.584,-46.914,0,"芝レイナ",-15.713,-62.95,0,"わだ、、",15.988,-44.424,0,"うるの。",12.284,-61.995,0,"Muna_328",32.104,-86.397,0,"うよすま",-5.611,-107.436,0,"濃いめのラー油",-46.134,-84.901,0,0,0,0,0,0,"",0,0,0,0,5523.99,,,,0,0
174,8,1,6,1,1,1,1,0,0,0,255,255,255,116,5536.795,"-つる３-",L,27,92,140,0.362,-0.096,-0.187,1.484,0.059,1.394,-36.992,12.368,54,46,0,2,0,-19.64,-149.025,-13.615,0,0,1,8,7,R,"아침땅_",165,94.757,0.5,3,36,W,Y,5537.757,162,69,78,49,22,139,79,3.337,21.28,-0.79,0,0.296,125.791,530.922,-120.552,-0.126,-37.352,0,"P0TA0",0.009,-17.07,0,"쟈가리코",-20.493,-47.02,85,"芝レイナ",-15.664,-62.951,93,"わだ、、",14.815,-44.673,0,"うるの。",12.223,-61.926,0,"Muna_328",32.085,-86.261,0,"うよすま",-5.002,-109.206,0,"濃いめのラー油",-45.685,-84.721,0,5537.824,-8.229,-39.037,5539.335,3,"芝レイナ",-14.828,-54.95,0,0,,,,,164,2
175,8,1,6,1,0,0,2,0,0,0,255,255,255,117,5576.409,"-つる３-",L,27,92,140,0.633,-0.476,-0.127,1.41,0.341,1.189,-36.992,10.852,52,48,0,0,0,-42.553,-141.816,-9.677,0,0,0,0,1,L,"-라후이-",190,87.311,0.496,0,89,W,Y,0,0,0,0,0,0,0,0,0,0,0,0,0,0,0,0,-0.12,-37.92,0,"P0TA0",0.036,-16.64,0,"쟈가리코",-20.423,-47.451,0,"芝レイナ",-14.34,-64.325,0,"わだ、、",19.946,-47.722,0,"うるの。",13.276,-64.087,0,"Muna_328",51.549,-97.988,0,"うよすま",8.625,-122.485,0,"濃いめのラー油",-46.203,-87.222,0,0,0,0,0,0,"",0,0,0,0,5576.679,,,,0,0
176,8,1,6,1,0,1,2,0,0,0,255,255,255,118,5590.262,"-つる３-",L,0,88,140,0.232,-1.524,-0.13,1.385,0.105,0.654,-36.992,11.27,51,49,0,4,0,0,0,-34.26,0.086,-16.293,1,0,1,L,"-라후이-",190,87.311,0.496,0,89,W,Y,0,0,0,0,0,0,0,0,0,0,0,0,0,0,0,0,-0.177,-37.989,0,"P0TA0",0.061,-16.722,0,"쟈가리코",-20.834,-46.673,0,"芝レイナ",-14.522,-63.871,0,"わだ、、",19.819,-48.31,0,"うるの。",13.199,-64.073,0,"Muna_328",51.542,-97.985,0,"うよすま",7.908,-123.891,0,"濃いめのラー油",-38.207,-103.211,0,0,0,0,0,0,"",0,0,0,0,5590.49,,,,0,0
177,8,1,6,1,0,2,2,0,0,0,255,255,255,119,5608.282,"-つる３-",L,10,77,117,-1.991,0.781,-0.321,1.946,-0.858,2.598,-36.992,50.048,96,4,0,1,0,0,400,-6.039,0,0,0,0,1,L,"-라후이-",190,87.311,0.496,0,89,W,Y,0,0,0,0,0,0,0,0,0,0,0,0,0,0,0,0,-0.211,-37.607,0,"P0TA0",-0.024,-16.717,0,"쟈가리코",-20.921,-46.306,0,"芝レイナ",-14.49,-63.812,0,"わだ、、",20.217,-49.13,0,"うるの。",13.206,-64.046,0,"Muna_328",51.543,-97.997,0,"うよすま",9.047,-123.06,0,"濃いめのラー油",-42.945,-103.127,0,0,0,0,0,0,"",0,0,0,0,5608.602,,,,0,0
178,8,1,6,1,1,2,2,0,0,0,255,255,255,120,5624.777,"-つる３-",L,28,90,140,1.048,-0.936,-0.107,1.337,0.433,0.954,-36.992,13.488,60,40,0,2,0,19,-82.946,-4.559,0,0,1,0,1,L,"-라후이-",190,87.311,0.496,3,89,W,Y,5625.575,184,162,87,67,43,145,130,25.834,-13.863,0.41,0,0.456,375.117,-345.696,7.668,-0.051,-37.43,0,"P0TA0",0.075,-16.985,0,"쟈가리코",-20.411,-46.5,0,"芝レイナ",-13.959,-64.087,0,"わだ、、",20.497,-48.639,0,"うるの。",13.482,-64.005,0,"Muna_328",51.541,-97.989,0,"うよすま",8.52,-122.983,0,"濃いめのラー油",-42.83,-103.177,0,5630.168,38.666,-133.56,0,0,"",0,0,0,0,,5635.589,5640.751,,32,4
179,8,1,7,1,0,0,2,0,0,0,255,255,255,121,5667.804,"-つる３-",L,26,93,140,-0.424,0.413,-0.193,1.63,-0.199,1.7,-36.992,18.463,88,11,2,2,0,13.854,-186.362,-16.327,0,0,1,1,4,L,"Ainy4／あいにゃ",188.5,85,0.512,3,57,W,Y,5668.799,215,110,103,90,40,145,102,27.483,-34.6,0.93,0,0.543,351.062,7.252,-133.833,-0.243,-37.543,0,"P0TA0",-0.022,-17.003,0,"쟈가리코",-21.907,-49.523,0,"芝レイナ",-11.488,-65.425,0,"わだ、、",20.81,-47.232,0,"うるの。",13.737,-63.863,0,"Muna_328",51.143,-98.948,97,"うよすま",10.12,-122.725,0,"濃いめのラー油",-45.634,-91.662,0,5672.757,51.819,-94.366,5672.913,6,"Muna_328",50.131,-91.904,0,0,,,,,76,1
180,8,0,7,1,0,0,0,0,0,0,255,255,255,57,5713.474,"Slaris",R,34,92,140,-1.4,-0.417,0.075,1.868,-0.576,1.501,-36.485,28.155,75,19,6,2,0,63.769,-63.085,18.501,0,0,1,6,5,L,"うるの。",180,85.437,0.502,3,57,W,Y,5714.541,255,144,146,26,0,145,87,60.635,-34.367,-0.79,0,0.883,360.138,9.169,-228.631,0.735,-37.205,0,"-라후이-",-0.193,-17.849,0,"Floră",-13.666,-45.394,0,"낑깡__",-10.192,-68.062,0,"Ainy4／あいにゃ",16.459,-43.619,0,"즉석카레",14.256,-66.775,89,"Kenomo",42.311,-98.137,0,"아침땅_",0.083,-117.346,0,"ディシジョン",-44.229,-87.991,0,5719.413,31.731,-61.203,5719.59,5,"즉석카레",30.904,-59.989,0,0,,,,,68,1
181,8,0,7,1,0,0,1,0,0,0,255,255,255,58,5741.796,"Slaris",R,34,84,137,1.945,0.531,0.473,1.977,0.699,1.827,-36.485,58.662,66,32,2,1,0,97.152,-56.83,14.055,0,0,0,7,3,R,"芝レイナ",170.3,80,0.25,0,57,W,Y,0,0,0,0,0,0,0,0,0,0,0,0,0,0,0,0,0.196,-37.311,0,"-라후이-",-0.067,-17.846,0,"Floră",-18.457,-44.171,0,"낑깡__",-13.254,-67.481,0,"Ainy4／あいにゃ",17.555,-43.936,0,"즉석카레",10.642,-65.841,0,"Kenomo",38.463,-94.705,0,"아침땅_",-0.743,-115.415,0,"ディシジョン",-45.319,-88.343,0,0,0,0,0,0,"",0,0,0,0,5742.324,,,,0,0
182,8,0,7,1,1,0,1,0,0,0,255,255,255,59,5758.265,"Slaris",R,13,57,101,-3.153,-0.616,0.09,1.727,-0.644,1.772,-36.485,69.277,75,25,0,1,0,-358.49,312.348,1.232,0,0,0,7,3,R,"芝レイナ",170.3,80,0.25,0,57,W,Y,0,0,0,0,0,0,0,0,0,0,0,0,0,0,0,0,0.091,-37.895,0,"-라후이-",-0.117,-17.613,0,"Floră",-18.228,-44.469,0,"낑깡__",-13.985,-67.905,0,"Ainy4／あいにゃ",17.486,-43.947,0,"즉석카레",10.752,-65.707,0,"Kenomo",33.237,-97.585,0,"아침땅_",-0.641,-115.404,0,"ディシジョン",-45.308,-88.339,0,0,0,0,0,0,"",0,0,0,0,5758.957,,,,0,0
183,8,0,7,1,2,0,1,0,0,0,255,255,255,60,5772.179,"Slaris",R,13,60,103,0.206,-0.782,0.306,1.83,0.807,1.657,-36.485,66.422,83,17,0,2,0,-365.589,312.348,3.692,0,0,1,7,3,R,"芝レイナ",170.3,80,0.25,3,57,W,Y,5773.353,255,235,127,122,65,145,80,-30,53.273,1,0,0.337,231.685,-487.523,-225.506,-1.323,-36.799,0,"-라후이-",-0.171,-17.805,0,"Floră",-18.119,-44.454,0,"낑깡__",-13.463,-66.646,0,"Ainy4／あいにゃ",16.452,-44.268,0,"즉석카레",10.747,-65.686,0,"Kenomo",38.556,-97.375,0,"아침땅_",-0.492,-115.422,0,"ディシジョン",-45.32,-88.343,0,5772.524,-1.495,-22.076,0,0,"",0,0,0,0,,,,,4,0
184,8,0,7,1,2,1,1,0,0,0,255,255,255,61,5794.627,"Slaris",R,3,55,100,-4.176,0.004,0.065,1.719,-0.885,1.624,-36.485,64.468,70,30,0,4,0,-452.527,0,1.776,0,0,1,7,3,R,"芝レイナ",170.3,80,0.25,0,35,W,Y,0,0,0,0,0,0,0,0,0,0,0,0,0,0,0,0,-0.101,-37.865,0,"-라후이-",-0.296,-17.884,0,"Floră",-19.695,-42.555,0,"낑깡__",-14.027,-67.581,0,"Ainy4／あいにゃ",16.736,-44.016,0,"즉석카레",10.873,-65.008,0,"Kenomo",39.816,-95.941,0,"아침땅_",-0.931,-114.041,0,"ディシジョン",-46.603,-87.723,0,0,0,0,0,0,"",0,0,0,0,5795.424,,,,0,0
185,8,0,7,1,2,2,1,0,0,0,255,255,255,62,5811.539,"Slaris",R,33,90,140,0.568,-0.929,0.311,1.874,0.099,1,-36.485,47.045,79,21,0,0,0,103.572,-61.524,12.647,0,0,1,7,3,R,"芝レイナ",170.3,80,0.25,0,35,W,Y,0,0,0,0,0,0,0,0,0,0,0,0,0,0,0,0,-0.453,-37.243,0,"-라후이-",0.152,-17.536,0,"Floră",-19.838,-42.268,0,"낑깡__",-13.717,-67.649,0,"Ainy4／あいにゃ",16.553,-44.037,0,"즉석카레",10.672,-64.979,0,"Kenomo",39.49,-93.875,0,"아침땅_",-0.866,-114.018,0,"ディシジョン",-46.624,-87.742,0,0,0,0,0,0,"",0,0,0,0,5812.013,,,,0,0
186,8,0,7,1,0,0,2,0,0,0,255,255,255,63,5835.113,"Slaris",R,13,59,102,-1.092,-0.822,0.218,1.83,0.247,1.616,-36.485,51.275,80,20,0,0,0,-362.039,312.348,-16.763,0,0,1,8,7,R,"うよすま",175.4,85.385,0.5,0,57,W,Y,0,0,0,0,0,0,0,0,0,0,0,0,0,0,0,0,-0.034,-37.428,0,"-라후이-",-0.089,-17.53,0,"Floră",-18.813,-44.847,0,"낑깡__",-14.096,-68.139,0,"Ainy4／あいにゃ",16.779,-43.97,0,"즉석카레",10.044,-64.297,0,"Kenomo",36.559,-100.319,0,"아침땅_",-0.666,-116.866,0,"ディシジョン",-47.616,-89.497,0,0,0,0,0,0,"",0,0,0,0,5835.69,,,,0,0
187,8,0,7,1,0,1,2,0,0,0,255,255,255,64,5851.237,"Slaris",R,28,93,140,-0.231,-1.398,0.188,1.77,-0.193,0.685,-36.485,32.658,80,20,0,1,0,64.142,-98.45,14.763,0,0,0,8,7,R,"うよすま",175.4,85.385,0.5,0,45,W,Y,0,0,0,0,0,0,0,0,0,0,0,0,0,0,0,0,0.052,-37.019,0,"-라후이-",-0.045,-17.504,0,"Floră",-18.824,-44.981,0,"낑깡__",-13.863,-67.946,0,"Ainy4／あいにゃ",16.692,-43.978,0,"즉석카레",10.362,-64.546,0,"Kenomo",36.463,-100.261,0,"아침땅_",-0.688,-116.888,0,"ディシジョン",-47.622,-89.501,0,0,0,0,0,0,"",0,0,0,0,5851.635,,,,0,0
188,8,0,7,1,1,1,2,0,0,0,255,255,255,65,5867.398,"Slaris",R,34,89,140,-1.357,-0.632,0.1,1.89,-0.687,1.162,-36.485,43.62,74,25,1,0,0,68.823,-61.06,13.385,0,0,0,8,7,R,"うよすま",175.4,85.385,0.5,0,45,W,Y,0,0,0,0,0,0,0,0,0,0,0,0,0,0,0,0,-0.155,-37.791,0,"-라후이-",-0.147,-17.491,0,"Floră",-18.499,-44.381,0,"낑깡__",-14.066,-68.006,0,"Ainy4／あいにゃ",16.768,-43.895,0,"즉석카레",10.158,-64.621,0,"Kenomo",36.489,-100.305,0,"아침땅_",-0.661,-116.902,0,"ディシジョン",-47.565,-89.467,0,0,0,0,0,0,"",0,0,0,0,5867.779,,,,0,0
189,8,0,7,1,1,2,2,0,0,0,255,255,255,66,5882.108,"Slaris",R,3,59,103,-4.372,-0.331,0.057,1.68,-1.073,1.428,-36.485,81.571,76,24,0,1,0,-418.61,0,11.229,0,0,0,8,7,R,"うよすま",175.4,85.385,0.5,0,45,W,Y,0,0,0,0,0,0,0,0,0,0,0,0,0,0,0,0,-0.163,-37.477,0,"-라후이-",-0.253,-17.444,0,"Floră",-19.223,-43.906,0,"낑깡__",-14.357,-68.393,0,"Ainy4／あいにゃ",16.704,-43.931,0,"즉석카레",9.75,-64.748,0,"Kenomo",35.078,-101.324,0,"아침땅_",-0.68,-116.894,0,"ディシジョン",-47.604,-89.502,0,0,0,0,0,0,"",0,0,0,0,5882.613,,,,0,0
190,8,0,7,1,2,2,2,0,0,0,255,255,255,67,5896.799,"Slaris",R,13,52,98,-4.323,-1.347,0.05,1.65,-1.143,1.351,-36.485,94.844,80,20,0,1,0,-347.842,312.348,5.472,0,0,0,8,7,R,"うよすま",175.4,85.385,0.5,0,45,W,Y,0,0,0,0,0,0,0,0,0,0,0,0,0,0,0,0,-0.272,-37.879,0,"-라후이-",-0.234,-17.579,0,"Floră",-18.613,-44.465,0,"낑깡__",-13.961,-67.57,0,"Ainy4／あいにゃ",16.752,-43.912,0,"즉석카레",9.063,-66.134,0,"Kenomo",37.131,-101.501,0,"아침땅_",-0.693,-116.879,0,"ディシジョン",-47.594,-89.482,0,0,0,0,0,0,"",0,0,0,0,5897.39,,,,0,0
191,8,0,7,1,3,2,2,0,0,0,255,255,255,68,5914.65,"Slaris",R,13,61,104,-0.175,-0.433,0.382,1.84,0.637,1.828,-36.485,47.459,100,0,0,2,0,-369.138,312.348,-15.957,0,0,1,8,7,R,"うよすま",175.4,85.385,0.5,3,45,W,Y,5915.744,217,84,143,59,5,145,127,-15.562,36.686,0.54,0,0.355,-179.064,452.871,-102.169,-0.235,-36.91,0,"-라후이-",-0.198,-17.64,0,"Floră",-18.543,-44.906,82,"낑깡__",-13.589,-66.497,0,"Ainy4／あいにゃ",15.763,-44.191,0,"즉석카레",9.055,-66.109,0,"Kenomo",37.058,-101.597,0,"아침땅_",-0.701,-116.88,0,"ディシジョン",-47.583,-89.48,0,5914.89,-1.661,-21.368,5916.113,2,"Floră",-15.775,-42.84,0,0,,,5919.595,,48,2
192,9,1,7,1,0,0,0,0,0,0,255,255,255,122,5960.459,"-つる３-",L,26,87,140,-0.758,0.568,-0.224,1.678,-0.305,1.808,-36.992,29.395,89,11,0,0,0,-12.326,-176.298,-9.746,0,0,0,2,0,R,"Slaris",190,85.704,0.452,0,57,W,Y,0,0,0,0,0,0,0,0,0,0,0,0,0,0,0,0,-0.226,-37.744,0,"P0TA0",0.044,-16.734,0,"쟈가리코",-21.11,-48.076,0,"芝レイナ",-15.518,-63.267,0,"わだ、、",16.741,-47.016,0,"うるの。",12.163,-63.824,0,"Muna_328",44.914,-100.233,0,"うよすま",-4.877,-119.017,0,"濃いめのラー油",-46.423,-92.546,0,0,0,0,0,0,"",0,0,0,0,5960.657,,,,0,0
193,9,1,7,1,0,1,0,0,0,0,255,255,255,123,5977.537,"-つる３-",L,26,94,140,-0.199,-0.082,-0.211,1.476,-0.052,1.404,-36.992,11.706,48,51,1,0,0,-20.175,-176.312,-12.992,0,0,0,2,0,R,"Slaris",190,85.704,0.452,0,57,W,Y,0,0,0,0,0,0,0,0,0,0,0,0,0,0,0,0,-0.198,-37.864,0,"P0TA0",-0.003,-16.906,0,"쟈가리코",-21.2,-47.19,0,"芝レイナ",-15.811,-62.994,0,"わだ、、",18.175,-47.248,0,"うるの。",12.238,-64.354,0,"Muna_328",44.919,-100.24,0,"うよすま",-5.013,-119.295,0,"濃いめのラー油",-46.513,-92.478,0,0,0,0,0,0,"",0,0,0,0,5977.757,,,,0,0
194,9,1,7,1,0,2,0,0,0,0,255,255,255,124,5990.737,"-つる３-",L,0,52,109,-2.607,0.446,-0.269,1.778,-1.127,1.896,-36.992,48.411,96,4,0,1,0,0,0,6.657,0,0,0,2,0,R,"Slaris",190,85.704,0.452,0,57,W,Y,0,0,0,0,0,0,0,0,0,0,0,0,0,0,0,0,-0.277,-38.036,0,"P0TA0",0.187,-17.529,0,"쟈가리코",-21.314,-47.09,0,"芝レイナ",-15.899,-62.915,0,"わだ、、",16.599,-48.103,0,"うるの。",13.208,-63.96,0,"Muna_328",44.918,-100.245,0,"うよすま",-4.965,-117.786,0,"濃いめのラー油",-46.851,-92.746,0,0,0,0,0,0,"",0,0,0,4,5991.157,,,,0,0
195,9,1,7,1,0,0,1,0,0,0,255,255,255,125,6014.774,"-つる３-",L,26,90,140,-2.173,0.161,-0.341,1.579,-0.959,1.56,-36.992,22.782,53,47,0,1,0,15.417,-150.988,-11.329,0,0,0,3,8,R,"ディシジョン",180.2,92.496,0.622,0,57,W,Y,0,0,0,0,0,0,0,0,0,0,0,0,0,0,0,0,-0.258,-37.836,0,"P0TA0",-0.01,-16.82,0,"쟈가리코",-20.795,-46.968,0,"芝レイナ",-16.913,-62.174,0,"わだ、、",14.567,-47.902,0,"うるの。",10.829,-65.076,0,"Muna_328",10.173,-119.006,0,"うよすま",-24.247,-112.732,0,"濃いめのラー油",-56.645,-91.715,0,0,0,0,0,0,"",0,0,0,0,6015.246,,,,0,0
196,9,1,7,1,1,0,1,0,0,0,255,255,255,126,6027.507,"-つる３-",L,26,89,140,-1.622,0.084,-0.286,1.542,-0.702,1.479,-36.992,20.693,50,50,0,1,0,2.433,-189.226,-11.596,0,0,0,3,8,R,"ディシジョン",180.2,92.496,0.622,0,57,W,Y,0,0,0,0,0,0,0,0,0,0,0,0,0,0,0,0,-0.294,-37.767,0,"P0TA0",-0.125,-17.05,0,"쟈가리코",-20.929,-47.045,0,"芝レイナ",-16.929,-62.213,0,"わだ、、",15.247,-48.367,0,"うるの。",10.859,-65.082,0,"Muna_328",10.178,-119.002,0,"うよすま",-25.718,-115.095,0,"濃いめのラー油",-58.011,-92.366,0,0,0,0,0,0,"",0,0,0,0,6028.035,,,,0,0
197,9,1,7,1,2,0,1,0,0,0,255,255,255,127,6042.86,"-つる３-",L,10,65,109,-1.835,-1.638,-0.371,1.431,-0.793,1.238,-36.992,16.543,55,45,0,1,0,2.401,400,27.537,-0.335,-18.447,0,3,8,R,"ディシジョン",180.2,92.496,0.622,0,57,W,Y,0,0,0,0,0,0,0,0,0,0,0,0,0,0,0,0,-0.3,-37.71,0,"P0TA0",-0.065,-17.055,0,"쟈가리코",-20.959,-46.933,0,"芝レイナ",-16.939,-62.218,0,"わだ、、",14.199,-48.674,0,"うるの。",10.828,-65.052,0,"Muna_328",10.181,-118.996,0,"うよすま",-27.687,-113.03,0,"濃いめのラー油",-58.145,-92.048,0,0,0,0,0,0,"",0,0,0,0,6043.557,,,,0,0
198,9,1,7,1,3,0,1,0,0,0,255,255,255,128,6062.14,"-つる３-",L,28,78,116,0.849,-2.658,-0.188,1.081,0.466,-0.259,-36.992,30.204,47,17,36,1,0,-51.377,-63.2,20.274,0.138,-21.495,0,3,8,R,"ディシジョン",180.2,92.496,0.622,0,57,W,Y,0,0,0,0,0,0,0,0,0,0,0,0,0,0,0,0,-0.178,-37.862,0,"P0TA0",0.014,-17.029,0,"쟈가리코",-20.954,-46.974,0,"芝レイナ",-16.921,-62.217,0,"わだ、、",14.32,-48.665,0,"うるの。",10.842,-65.071,0,"Muna_328",10.186,-118.995,0,"うよすま",-32.221,-113.688,0,"濃いめのラー油",-57.791,-93.487,0,0,0,0,0,0,"",0,0,0,0,6062.735,,,,0,5
199,9,1,7,1,0,0,1,1,0,0,8,255,255,129,6085.992,"-つる３-",L,26,77,127,-2.417,1.92,-0.378,1.93,-1.006,2.638,-36.992,55.135,86,12,2,1,0,-21.946,-172.69,-4.458,0,0,0,4,2,R,"Floră",190,85,0.404,0,57,W,Y,0,0,0,0,0,0,0,0,0,0,0,0,0,0,0,0,-0.299,-37.71,0,"P0TA0",-1.247,-18.985,0,"쟈가리코",-20.678,-43.551,0,"芝レイナ",-13.226,-59.97,0,"わだ、、",18.695,-44.576,0,"うるの。",7.629,-62.939,0,"Muna_328",37.672,-110.2,0,"うよすま",-9.785,-121.693,0,"濃いめのラー油",-49.262,-92.669,0,0,0,0,0,0,"",0,0,0,0,6086.513,,,,0,0
200,9,1,7,1,1,0,1,1,0,0,8,255,255,130,6104.105,"-つる３-",L,26,90,140,-0.553,0.897,-0.242,1.668,-0.197,2.025,-36.992,25.811,91,9,0,0,0,-25.742,-167.784,-11.315,0,0,0,4,2,R,"Floră",190,85,0.404,0,57,W,Y,0,0,0,0,0,0,0,0,0,0,0,0,0,0,0,0,-0.284,-37.712,0,"P0TA0",-1.507,-18.383,0,"쟈가리코",-20.514,-43.073,0,"芝レイナ",-12.791,-60.402,0,"わだ、、",18.495,-44.125,0,"うるの。",6.999,-63.204,0,"Muna_328",37.677,-110.214,0,"うよすま",-9.784,-119.832,0,"濃いめのラー油",-49.501,-92.386,0,0,0,0,0,0,"",0,0,0,0,6104.546,,,,0,0
201,9,1,7,1,1,1,1,1,0,0,8,255,255,131,6121.15,"-つる３-",L,13,73,112,0.566,-1.277,-0.265,1.413,-0.301,1.201,-36.992,12.821,58,42,0,2,0,390.434,312.348,62.058,0,0,1,4,2,R,"Floră",190,85,0.404,3,57,W,Y,6122.369,221,84,150,118,87,145,89,29.148,-36.406,-0.88,0,0.376,168.893,-318.509,112.027,-0.241,-37.537,0,"P0TA0",-0.051,-17.18,0,"쟈가리코",-20.596,-46.222,0,"芝レイナ",-12.892,-60.562,0,"わだ、、",16.494,-44.995,70,"うるの。",7.217,-62.973,0,"Muna_328",37.673,-110.209,128,"うよすま",-7.726,-122.497,0,"濃いめのラー油",-49.479,-92.36,0,6126.135,49.238,-78.22,6129.046,6,"Muna_328",63.906,-93.052,1,0,,6126.847,6132.069,,42,2
202,9,1,7,1,0,0,1,0,1,1,255,2,8,132,6163.611,"-つる３-",L,27,92,140,-0.262,0.167,-0.213,1.53,-0.06,1.574,-36.992,13.881,51,49,0,2,0,-33.097,-142.072,-9.768,0,0,1,5,6,R,"Kenomo",180,80,0.449,3,57,W,Y,6164.648,132,13,72,24,0,134,109,26.969,35.084,0.15,0,0.171,403.561,296.999,-271.962,-0.208,-37.575,0,"P0TA0",0.015,-17.057,0,"쟈가리코",-21.685,-48.219,0,"芝レイナ",-15.06,-63.475,0,"わだ、、",16.446,-44.122,0,"うるの。",10.991,-62.087,111,"Muna_328",43.307,-103.915,0,"うよすま",2.56,-119.565,0,"濃いめのラー油",-47.994,-88.18,121,6168.835,-61.65,-96.586,6170.801,8,"濃いめのラー油",-62.363,-99.607,1,0,,6168.944,6168.338,6175.202,97,2
203,9,1,8,1,0,0,1,0,1,1,255,6,2,133,6207.544,"-つる３-",L,26,88,140,0.866,-1.555,-0.105,1.251,0.442,0.56,-36.992,15.924,50,50,0,1,0,-43.22,-172.119,-1.714,0,0,0,6,5,R,"즉석카레",170,90.311,0.397,0,57,W,Y,0,0,0,0,0,0,0,0,0,0,0,0,0,0,0,0,-0.141,-37.839,0,"P0TA0",0.139,-16.804,0,"쟈가리코",-21.323,-47.766,0,"芝レイナ",-15.676,-63.027,0,"わだ、、",18.533,-40.872,0,"うるの。",8.26,-61.245,0,"Muna_328",33.411,-90.325,0,"うよすま",-6.919,-109.131,0,"濃いめのラー油",-46.513,-83.983,0,0,0,0,0,0,"",0,0,0,0,6207.979,6210.415,6210.387,,0,0
204,9,1,8,1,1,0,1,0,1,1,255,6,2,134,6226.455,"-つる３-",L,41,40,99,-1.546,3.809,-0.207,2.019,-0.541,3.682,-36.992,92.23,77,23,0,4,0,-56.548,-58.299,-2.136,0,0,1,6,5,R,"즉석카레",170,90.311,0.397,0,57,W,Y,0,0,0,0,0,0,0,0,0,0,0,0,0,0,0,0,0.014,-37.727,0,"P0TA0",0.622,-21.169,0,"쟈가리코",-20.592,-45.874,0,"芝レイナ",-15.562,-63.11,0,"わだ、、",19.61,-39.71,0,"うるの。",1.887,-61.145,0,"Muna_328",33.425,-90.334,0,"うよすま",-5.691,-111.863,0,"濃いめのラー油",-46.459,-83.992,0,0,0,0,0,0,"",0,0,0,0,6227.102,,6231.573,6228.149,0,0
205,9,1,9,1,2,0,1,0,0,1,255,255,6,135,6251.158,"-つる３-",L,27,89,140,0.605,-2.298,-0.133,1.151,0.312,0.199,-36.992,22.083,51,13,37,1,0,-30.885,-121.666,-5.337,0.138,-18.289,0,6,5,R,"즉석카레",170,90.311,0.397,0,57,W,Y,0,0,0,0,0,0,0,0,0,0,0,0,0,0,0,0,-0.22,-37.908,0,"P0TA0",2.341,-17.842,0,"쟈가리코",-20.682,-45.84,0,"芝レイナ",-16.081,-62.726,0,"わだ、、",17.877,-42.349,0,"うるの。",10.84,-62.752,0,"Muna_328",33.155,-89.058,0,"うよすま",-5.798,-110.491,0,"濃いめのラー油",-45.234,-85.096,0,0,0,0,0,0,"",0,0,0,0,6251.613,,6253.97,,0,0
206,9,1,9,1,3,0,1,0,0,1,255,255,6,136,6270.45,"-つる３-",L,28,85,137,-2.676,1.312,-0.408,1.808,-1.158,2.269,-36.992,32.658,100,0,0,1,0,3.4,-61.823,0.333,0,0,0,6,5,R,"즉석카레",170,90.311,0.397,0,57,W,Y,0,0,0,0,0,0,0,0,0,0,0,0,0,0,0,0,-0.324,-37.735,0,"P0TA0",-0.043,-16.816,0,"쟈가리코",-20.405,-45.327,0,"芝レイナ",-15.483,-63.022,0,"わだ、、",18.876,-41.595,0,"うるの。",10.951,-63.221,0,"Muna_328",36.72,-89.551,0,"うよすま",-5.503,-110.502,0,"濃いめのラー油",-45.074,-85.332,0,0,0,0,0,0,"",0,0,0,0,6270.957,,6272.803,,0,5
207,9,1,9,1,0,0,1,1,0,1,5,255,6,137,6291.659,"-つる３-",L,26,94,140,-0.114,-0.315,-0.2,1.443,0,1.268,-36.992,9.234,50,50,0,2,0,-30.286,-161.98,-14.956,0,0,1,7,3,R,"낑깡__",175.3,80,0.402,3,57,W,Y,6292.572,184,139,107,97,57,145,102,25.485,47.812,0.03,0,0.249,-4.777,581.804,-146.563,-0.111,-37.446,0,"P0TA0",-0.006,-17.006,0,"쟈가리코",-20.211,-45.658,0,"芝レイナ",-13.334,-59.63,0,"わだ、、",16.511,-44.903,0,"うるの。",7.763,-62.18,0,"Muna_328",35.925,-89.933,0,"うよすま",-4.558,-113.121,0,"濃いめのラー油",-44.207,-80.831,0,6295.646,-66.603,-66.628,0,0,"",0,0,0,0,,,6298.583,,32,3
208,9,1,9,1,0,1,1,1,0,1,5,255,6,138,6314.697,"-つる３-",L,26,91,140,0.523,-0.134,-0.146,1.474,0.25,1.378,-36.992,10.266,52,48,0,2,0,-12.27,-156.36,-11.981,0,0,1,7,3,R,"낑깡__",175.3,80,0.402,3,57,W,Y,6315.636,189,161,139,96,54,145,90,58.686,26.21,-0.59,0,0.263,201.63,555.981,-81.377,-0.197,-37.49,0,"P0TA0",0.025,-17.024,0,"쟈가리코",-20.307,-46.362,0,"芝レイナ",-13.701,-60.061,0,"わだ、、",15.982,-44.954,0,"うるの。",8.396,-62.399,0,"Muna_328",33.918,-90.804,0,"うよすま",-6.391,-114.358,0,"濃いめのラー油",-43.647,-79.037,0,6320.679,-30.406,-63.587,6320.868,3,"芝レイナ",-29.53,-62.613,0,0,,,6323.261,,160,1
209,9,1,9,1,0,0,2,1,0,1,5,255,6,139,6347.19,"-つる３-",L,26,89,140,-1.087,0.895,-0.249,1.696,-0.474,1.9,-36.992,26.39,92,8,0,2,0,5.645,-176.962,-10.295,0,0,1,8,7,R,"아침땅_",165,94.757,0.5,3,57,W,Y,6348.166,166,67,79,33,19,137,118,-15.676,42.767,0.72,0,0.285,62.472,441.935,-140.892,-0.256,-37.577,0,"P0TA0",-0.09,-16.921,0,"쟈가리코",-20.441,-46.274,78,"芝レイナ",-15.641,-62.787,0,"わだ、、",15.336,-45.404,0,"うるの。",11.302,-63.599,0,"Muna_328",33.45,-87.197,0,"うよすま",-4.194,-105.891,0,"濃いめのラー油",-38.321,-75.714,0,6347.424,-3.387,-22.096,6348.768,2,"쟈가리코",-21.733,-42.697,0,0,,6352.584,,6353.025,4,2
210,9,0,9,1,0,0,0,0,0,0,255,255,255,69,6391.776,"Slaris",R,34,83,135,2.256,0.704,0.503,1.956,0.861,2.004,-36.485,68.223,68,27,5,2,0,76.248,-35.787,11.619,0,0,1,0,8,R,"濃いめのラー油",188.6,87,0.8,3,57,W,Y,6392.885,246,131,161,96,40,145,90,-42.47,-41.942,-0.79,0,0.344,56.368,-564.887,-24.786,0.106,-36.687,0,"-라후이-",0.128,-17.744,0,"Floră",-18.008,-44.12,86,"낑깡__",-13.144,-66.112,0,"Ainy4／あいにゃ",16.846,-44.813,0,"즉석카레",11.693,-67.766,0,"Kenomo",43.138,-109.65,0,"아침땅_",-0.788,-120.719,0,"ディシジョン",-50.923,-92.594,0,6392.013,1.575,-21.268,6393.668,4,"Ainy4／あいにゃ",17.6,-38.872,0,0,,,,,22,2
211,9,0,9,1,0,0,1,0,0,0,255,255,255,70,6415.534,"Slaris",R,10,83,123,1.797,-0.535,0.41,1.912,0.77,1.7,-36.485,61.832,73,24,4,4,0,0,400,17.979,0,0,1,1,4,L,"わだ、、",190.3,80,0.528,0,57,W,Y,0,0,0,0,0,0,0,0,0,0,0,0,0,0,0,0,0.235,-37.023,0,"-라후이-",0.046,-17.549,0,"Floră",-12.575,-46.015,0,"낑깡__",-8.025,-69.964,0,"Ainy4／あいにゃ",18.249,-45.776,0,"즉석카레",15.404,-66.18,0,"Kenomo",45.262,-106.39,0,"아침땅_",0.062,-119.526,0,"ディシジョン",-46.539,-100.96,0,0,0,0,0,0,"",0,0,0,0,6416.068,,,,0,0
212,9,0,9,1,0,1,1,0,0,0,255,255,255,71,6431.22,"Slaris",R,0,55,111,3.3,1.366,0.502,1.817,1.422,2.476,-36.485,90.522,54,44,2,1,0,0,0,6.661,0,0,0,1,4,L,"わだ、、",190.3,80,0.528,0,57,W,Y,0,0,0,0,0,0,0,0,0,0,0,0,0,0,0,0,0.235,-38.109,0,"-라후이-",0.16,-17.75,0,"Floră",-12.969,-46.261,0,"낑깡__",-3.713,-71.863,0,"Ainy4／あいにゃ",17.805,-44.705,0,"즉석카레",13.173,-65.594,0,"Kenomo",47.272,-104.769,0,"아침땅_",0.1,-119.52,0,"ディシジョン",-46.563,-100.987,0,0,0,0,0,0,"",0,0,0,0,6431.857,,,,0,0
213,9,0,9,1,1,1,1,0,0,0,255,255,255,72,6446.79,"Slaris",R,0,61,115,3.276,1.663,0.46,1.794,1.413,2.661,-36.485,87.355,30,63,7,1,0,0,0,7.471,0,0,0,1,4,L,"わだ、、",190.3,80,0.528,0,57,W,Y,0,0,0,0,0,0,0,0,0,0,0,0,0,0,0,0,0.129,-37.993,0,"-라후이-",0.271,-17.514,0,"Floră",-13.291,-46.194,0,"낑깡__",-2.716,-70.013,0,"Ainy4／あいにゃ",17.957,-44.723,0,"즉석카레",14.215,-65.419,0,"Kenomo",47.26,-104.764,0,"아침땅_",0.045,-119.515,0,"ディシジョン",-46.66,-100.898,0,0,0,0,0,0,"",0,0,0,0,6447.368,,,,0,0
214,9,0,9,1,2,1,1,0,0,0,255,255,255,73,6465.204,"Slaris",R,0,71,123,3.924,1.3,0.497,1.839,1.694,2.419,-36.485,80.231,64,32,4,1,0,0,0,5.452,0,0,0,1,4,L,"わだ、、",190.3,80,0.528,0,57,W,Y,0,0,0,0,0,0,0,0,0,0,0,0,0,0,0,0,0.331,-38.469,0,"-라후이-",0.156,-17.778,0,"Floră",-13.324,-45.875,0,"낑깡__",-1.597,-69.729,0,"Ainy4／あいにゃ",17.906,-44.654,0,"즉석카레",13.654,-65.553,0,"Kenomo",47.527,-104.768,0,"아침땅_",0.762,-119.591,0,"ディシジョン",-46.668,-100.878,0,0,0,0,0,0,"",0,0,0,0,6465.724,,,,0,0
215,9,0,9,1,3,1,1,0,0,0,255,255,255,74,6487.372,"Slaris",R,0,74,125,2.715,1.128,0.489,1.845,1.17,2.31,-36.485,75.679,52,44,4,2,0,-1.081,0,15.195,0,0,1,1,4,L,"わだ、、",190.3,80,0.528,3,57,W,Y,6488.462,255,231,119,106,43,145,125,26.626,-25.142,0.24,0,0.857,250.434,134.779,-68.847,-0.07,-37.527,0,"-라후이-",0.349,-17.83,0,"Floră",-13.425,-46.246,0,"낑깡__",-6.281,-68.378,0,"Ainy4／あいにゃ",17.877,-44.732,0,"즉석카레",14.555,-65.471,0,"Kenomo",47.441,-104.613,95,"아침땅_",0.332,-119.541,0,"ディシジョン",-46.701,-101.117,0,0,0,0,6492.624,6,"Kenomo",43.99,-117.121,0,0,,,,,100,1
216,9,0,9,1,0,0,2,0,0,0,255,255,255,75,6519.505,"Slaris",R,0,84,136,2.562,0.828,0.403,1.857,1.104,2.123,-36.485,59.437,75,25,0,1,0,0,0,15.966,0,0,0,2,2,L,"쟈가리코",190,82,0.501,0,57,W,Y,0,0,0,0,0,0,0,0,0,0,0,0,0,0,0,0,0.244,-37.849,0,"-라후이-",0.233,-17.796,0,"Floră",-12.545,-46.16,0,"낑깡__",-4.184,-69.504,0,"Ainy4／あいにゃ",16.904,-42.848,0,"즉석카레",15.332,-65.23,0,"Kenomo",48.328,-106.621,0,"아침땅_",-0.321,-119.828,0,"ディシジョン",-46.46,-103.367,0,0,0,0,0,0,"",0,0,0,0,6519.968,,,,0,0
217,9,0,9,1,1,0,2,0,0,0,255,255,255,76,6535.043,"Slaris",R,0,72,124,1.83,1.011,0.507,1.854,0.782,2.235,-36.485,77.791,73,22,6,1,0,0,0,8.493,0,0,0,2,2,L,"쟈가리코",190,82,0.501,0,57,W,Y,0,0,0,0,0,0,0,0,0,0,0,0,0,0,0,0,0.308,-37.033,0,"-라후이-",0.023,-17.477,0,"Floră",-12.659,-46.291,0,"낑깡__",-4.499,-70.494,0,"Ainy4／あいにゃ",16.889,-42.82,0,"즉석카레",15.484,-66.316,0,"Kenomo",48.318,-106.633,0,"아침땅_",-0.369,-119.829,0,"ディシジョン",-46.999,-103.318,0,0,0,0,0,0,"",0,0,0,0,6535.602,,,,0,0
218,9,0,9,1,2,0,2,0,0,0,255,255,255,77,6577.485,"Slaris",R,27,80,131,1.846,0.459,0.434,1.853,0.795,1.794,-36.485,69.486,77,22,1,2,0,-2.884,-103.32,16.777,0,0,1,2,2,L,"쟈가리코",190,82,0.501,3,57,W,Y,6578.651,223,108,86,72,23,145,108,30.339,-47.475,0.9,0,0.514,-22.551,-132.42,39.872,-0.162,-36.822,0,"-라후이-",0.119,-17.793,0,"Floră",-9.682,-40.319,0,"낑깡__",-4.823,-69.077,0,"Ainy4／あいにゃ",16.669,-42.877,0,"즉석카레",14.603,-65.232,0,"Kenomo",48.339,-106.621,0,"아침땅_",0.067,-120.623,0,"ディシジョン",-47.139,-103.215,0,6582.424,72.648,-81.493,0,0,"",0,0,0,0,,,,,4,3
219,9,0,9,1,2,1,2,0,0,0,255,255,255,78,6598.154,"Slaris",R,29,89,140,-2.238,-1.332,-0.058,1.823,-0.681,1.025,-36.485,36.832,79,21,0,2,0,-206.299,-200,33.029,0,0,1,2,2,L,"쟈가리코",190,82,0.501,3,57,W,Y,6599.26,255,92,87,78,47,145,97,15.956,28.668,-0.51,0,0.541,-536.28,-133.558,108.004,-0.183,-37.723,0,"-라후이-",-0.16,-17.668,0,"Floră",-10.204,-42.09,85,"낑깡__",-5.112,-68.92,0,"Ainy4／あいにゃ",16.521,-43.437,0,"즉석카레",14.993,-64.075,0,"Kenomo",46.634,-104.882,0,"아침땅_",0.027,-119.94,0,"ディシジョン",-47.143,-103.223,0,0,0,0,6599.546,2,"Floră",-10.537,-39.354,0,0,6900.702,,,,55,1
