id,inn,half,scoreA,scoreB,ball,strk,out,b1,b2,b3,b1Idx,b2Idx,b3Idx,pCnt,pSec,pName,pHand,pType,pPow,spdK,zoneX,zoneY,startX,startY,targetX,targetY,zDist,pitchAngle,pOver,pSide,pUnder,call,balk,sH,sV,gyro,plx,plz,bSwing,bIdx,bPos,bZone,bName,bHCm,batLen,batCen,batType,bFps,bOS,bVR,hSec,rotS,rotL,shS,lgS,prepS,batSpd,ev,ldeg,sdeg,hPos,buntGrip,handDist,angVeloX,angVeloY,angVeloZ,PPosX,PPosY,PThrSpd,CName,CPosX,CPosY,CThrSpd,1BName,1BPosX,1BPosY,1BThrSpd,2BName,2BPosX,2BPosY,2BThrSpd,3BName,3BPosX,3BPosY,3BThrSpd,SSName,SSPosX,SSPosY,SSThrSpd,LFName,LFPosX,LFPosY,LFThrSpd,CFName,CFPosX,CFPosY,CFThrSpd,RFName,RFPosX,RFPosY,RFThrSpd,ltSec,lx,lz,cSec,cPos,cPlr,cx,cz,1BSafe,tag,cpSec,sb2Sec,sb3Sec,sbhSec,ass,result
1,1,1,0,0,0,0,0,0,0,0,255,255,255,0,183.216,"인생최패망자",R,32,93,140,-0.198,0.459,0.723,1.44,-0.36,1.799,-36.743,40.21,2,98,0,2,0,207.046,-82.836,10.63,0,0,1,0,7,R,"Yes_Man_",174.8,84.826,0.502,3,80,W,Y,184.283,222,103,72,77,43,145,117,25.271,12.788,0.76,0,0.498,209.497,-322.671,22.312,0.093,-36.922,0,"눈꽃",-0.123,-17.502,0,"Sabo_10",-21.545,-48.16,0,"_Gosomi",-14.003,-61.614,0,"Pugeuk",20.01,-49.331,0,"아침땅_",11.664,-65.275,0,"MODECO",47.053,-90.458,0,"うよすま",-4.949,-111.715,100,"ディシジョン",-48.055,-91.428,0,0,0,0,189.371,7,"うよすま",-15.653,-117.023,0,0,,,,,1,1
2,1,1,0,0,0,0,1,0,0,0,255,255,255,1,207.725,"인생최패망자",R,32,90,140,1.114,-0.583,0.834,1.171,0.157,1.238,-36.743,60.641,6,73,22,0,0,250,-24.029,3.805,0,0,0,1,6,R,"Yaksok~",190,80,0.332,0,85,W,Y,0,0,0,0,0,0,0,0,0,0,0,0,0,0,0,0,0.117,-37.356,0,"눈꽃",-0.002,-17.511,0,"Sabo_10",-21.324,-47.605,0,"_Gosomi",-14.252,-61.743,0,"Pugeuk",17.376,-48.523,0,"아침땅_",11.694,-65.294,0,"MODECO",42.488,-105.066,0,"うよすま",-2.349,-115.479,0,"ディシジョン",-51.05,-95.151,0,0,0,0,0,0,"",0,0,0,0,208.715,,,,0,0
3,1,1,0,0,0,1,1,0,0,0,255,255,255,2,222.326,"인생최패망자",R,13,87,111,-2.134,-1.976,0.729,1.105,-0.22,0.803,-36.743,53.651,6,64,30,1,0,-390.434,312.348,-1.119,0,0,0,1,6,R,"Yaksok~",190,80,0.332,0,85,W,Y,0,0,0,0,0,0,0,0,0,0,0,0,0,0,0,0,0.241,-37.903,0,"눈꽃",-0.051,-17.558,0,"Sabo_10",-21.96,-48.33,0,"_Gosomi",-14.186,-62.031,0,"Pugeuk",18.009,-48.657,0,"아침땅_",11.733,-65.308,0,"MODECO",39.441,-104.137,0,"うよすま",-2.313,-117.339,0,"ディシジョン",-51.283,-95.428,0,0,0,0,0,0,"",0,0,0,0,223.471,,,,0,0
4,1,1,0,0,1,1,1,0,0,0,255,255,255,3,236.065,"인생최패망자",R,32,93,140,0.021,0.505,0.723,1.47,-0.359,1.879,-36.743,34.849,2,98,0,0,0,248.914,-65.441,12.246,0,0,1,1,6,R,"Yaksok~",190,80,0.332,0,84,W,Y,0,0,0,0,0,0,0,0,0,0,0,0,0,0,0,0,0.391,-37.306,0,"눈꽃",-0.033,-17.597,0,"Sabo_10",-22.012,-46.648,0,"_Gosomi",-14.178,-62.028,0,"Pugeuk",18.398,-50.057,0,"아침땅_",11.571,-65.292,0,"MODECO",39.103,-104.683,0,"うよすま",-3.104,-116.076,0,"ディシジョン",-51.284,-95.429,0,0,0,0,0,0,"",0,0,0,0,237.115,,,,0,0
5,1,1,0,0,1,2,1,0,0,0,255,255,255,4,250.329,"인생최패망자",R,32,91,140,0.135,-0.481,0.733,1.176,-0.311,1.256,-36.743,53.453,5,95,0,0,0,250,-77.011,0.874,0,0,0,1,6,R,"Yaksok~",190,80,0.332,0,55,W,Y,0,0,0,0,0,0,0,0,0,0,0,0,0,0,0,0,0.323,-37.293,0,"눈꽃",-0.018,-17.597,0,"Sabo_10",-22.165,-48.2,0,"_Gosomi",-14.164,-62.021,0,"Pugeuk",18.474,-50.16,0,"아침땅_",11.646,-65.28,0,"MODECO",39.103,-106.544,0,"うよすま",-2.546,-115.355,0,"ディシジョン",-51.29,-95.433,0,0,0,0,0,0,"",0,0,0,0,251.404,,,,0,0
6,1,1,0,0,0,0,2,0,0,0,255,255,255,5,267.643,"인생최패망자",R,32,94,140,-1.708,-0.446,0.571,1.183,-1.065,1.279,-36.743,40.425,5,82,12,1,0,250,-75.806,4.398,0,0,0,2,2,L,"Pring__",190,93.089,0.485,0,84,W,Y,0,0,0,0,0,0,0,0,0,0,0,0,0,0,0,0,0.139,-37.523,0,"눈꽃",-0.058,-17.566,0,"Sabo_10",-21.168,-46.811,0,"_Gosomi",-10.514,-65.056,0,"Pugeuk",22.697,-51.632,0,"아침땅_",15.11,-63.611,0,"MODECO",55.013,-104.633,0,"うよすま",8.305,-122.171,0,"ディシジョン",-48.703,-97.086,0,0,0,0,0,0,"",0,0,0,0,268.86,,,,0,0
7,1,1,0,0,1,0,2,0,0,0,255,255,255,6,279.143,"인생최패망자",R,32,91,140,0.109,0.686,0.731,1.403,-0.321,1.989,-36.743,44.066,5,95,0,2,0,249.623,-73.491,9.51,0,0,1,2,2,L,"Pring__",190,93.089,0.485,3,84,W,Y,280.044,191,91,95,93,55,145,118,25.615,-43.818,0.78,0,0.207,-194.549,-431.092,339.757,0.29,-37.032,0,"눈꽃",-0.03,-17.631,0,"Sabo_10",-20.967,-46.751,0,"_Gosomi",-10.495,-65.058,0,"Pugeuk",22.694,-51.467,0,"아침땅_",15.092,-63.502,0,"MODECO",54.959,-105.207,0,"うよすま",7.834,-122.067,0,"ディシジョン",-45.02,-101.386,0,284.915,81.809,-90.721,0,0,"",0,0,0,0,,,,,0,3
8,1,1,0,0,1,1,2,0,0,0,255,255,255,7,296.973,"인생최패망자",R,3,85,110,-0.094,-0.59,0.918,1.241,0.808,1.264,-36.743,80.859,11,89,0,0,0,-465.192,0,2.776,0,0,0,2,2,L,"Pring__",190,93.089,0.485,0,84,W,Y,0,0,0,0,0,0,0,0,0,0,0,0,0,0,0,0,0.239,-37.549,0,"눈꽃",-0.045,-17.549,0,"Sabo_10",-22.11,-47.601,0,"_Gosomi",-8.736,-64.948,0,"Pugeuk",23.389,-51.213,0,"아침땅_",15.143,-63.757,0,"MODECO",61.171,-97.435,0,"うよすま",7.772,-117.841,0,"ディシジョン",-40.616,-105.345,0,0,0,0,0,0,"",0,0,0,0,298.093,,,,0,0
9,1,1,0,0,1,2,2,0,0,0,255,255,255,8,308.203,"인생최패망자",R,32,92,140,0.691,-0.519,0.785,1.268,-0.07,1.235,-36.743,58.232,7,93,0,0,0,250,-68.459,2.347,0,0,1,2,2,L,"Pring__",190,93.089,0.485,0,84,W,Y,0,0,0,0,0,0,0,0,0,0,0,0,0,0,0,0,0.208,-37.162,0,"눈꽃",-0.026,-17.602,0,"Sabo_10",-21.738,-45.355,0,"_Gosomi",-8.712,-64.927,0,"Pugeuk",23.589,-51.269,0,"아침땅_",15.116,-63.677,0,"MODECO",61.874,-96.323,0,"うよすま",8.569,-119.182,0,"ディシジョン",-40.83,-105.269,0,0,0,0,0,0,"",0,0,0,0,309.215,,,,0,0
10,1,0,0,0,0,0,0,0,0,0,255,255,255,0,438.173,"_Chun",L,0,63,104,2.605,1.896,-0.251,2.321,1.143,2.694,-36.623,70.883,77,23,0,1,0,0,0,-3.306,0,0,0,0,9,R,"_송글_",174.9,90.478,0.316,0,82,W,Y,0,0,0,0,0,0,0,0,0,0,0,0,0,0,0,0,-0.248,-37.21,0,"encounter v",-0.006,-17.584,0,"Pring__",-21.381,-46.867,0,"SUGUN",-14.472,-61.214,0,"소솨소솨",19.082,-46.468,0,"CoalCat",10.359,-64.061,0,"Yaksok~",40.837,-84.33,0,"Yes_Man_",-1.577,-112.135,0,"Po_cari",-37.248,-83.269,0,0,0,0,0,0,"",0,0,0,0,439.504,,,,0,0
11,1,0,0,0,1,0,0,0,0,0,255,255,255,1,451.534,"_Chun",L,6,77,105,0.814,0.421,-0.022,2.137,1.192,1.89,-36.623,36.448,89,11,0,2,0,-424.73,33.161,-15.744,0,0,1,0,9,R,"_송글_",174.9,90.478,0.316,3,82,W,Y,452.587,187,161,80,116,59,145,101,93.961,-85.196,0,0,0.56,320.174,7.075,242.111,-0.058,-37.034,0,"encounter v",-0.009,-17.645,0,"Pring__",-20.588,-46.021,0,"SUGUN",-14.505,-61.236,0,"소솨소솨",19.087,-46.466,0,"CoalCat",10.412,-64.07,0,"Yaksok~",40.776,-84.326,0,"Yes_Man_",-5.362,-111.348,0,"Po_cari",-37.416,-83.636,0,0,0,0,0,0,"",0,0,0,0,,,,,0,3
12,1,0,0,0,1,1,0,0,0,0,255,255,255,2,473.09,"_Chun",L,26,90,140,1.439,-0.598,-0.312,1.872,0.552,1.053,-36.623,29.48,90,10,0,2,0,62.671,-199.699,-13.897,0,0,1,0,9,R,"_송글_",174.9,90.478,0.316,3,81,W,Y,473.968,239,62,81,16,0,136,126,-30,-42.455,0.36,0,0.4,-211.951,-293.363,11.404,-0.16,-37.152,0,"encounter v",-0.01,-17.673,0,"Pring__",-20.104,-45.19,0,"SUGUN",-14.032,-61.429,0,"소솨소솨",19.068,-46.21,85,"CoalCat",9.596,-63.934,0,"Yaksok~",38.093,-83.055,105,"Yes_Man_",-4.661,-110.973,0,"Po_cari",-36.949,-82.734,0,473.96,1.219,-20.119,483.593,6,"Yaksok~",67.389,-97.88,1,0,,483.664,,,10,2
13,1,0,0,0,0,0,0,0,1,0,255,19,255,3,508.251,"_Chun",L,26,80,131,0.797,0.963,-0.342,2.114,0.223,1.863,-36.623,44.354,73,27,0,2,0,105.686,-195.641,-14.873,0,0,1,1,7,R,"うよすま",160,85.385,0.5,3,81,W,Y,509.268,224,59,59,26,0,134,75,60.096,23.657,-0.73,0,0.322,333.412,66.147,29.633,-0.459,-37.066,0,"encounter v",0.018,-17.654,0,"Pring__",-21.839,-46.864,99,"SUGUN",-13.626,-61.667,0,"소솨소솨",19.008,-44.79,0,"CoalCat",8.005,-61.072,0,"Yaksok~",44.751,-89.474,0,"Yes_Man_",-2.135,-105.085,0,"Po_cari",-38.775,-80.878,0,0,0,0,514.76,2,"Pring__",-16.648,-53.688,0,0,,512.907,,,4,1
14,1,0,0,0,0,0,1,0,1,0,255,19,255,4,535.317,"_Chun",L,26,83,135,1.531,0.086,-0.297,2.036,0.57,1.473,-36.623,38.89,77,23,0,1,0,86.399,-190.176,-19.562,0,0,0,2,6,R,"MODECO",190,85,0.451,0,48,W,Y,0,0,0,0,0,0,0,0,0,0,0,0,0,0,0,0,-0.296,-37.844,0,"encounter v",-0.064,-17.529,0,"Pring__",-21.245,-46.374,0,"SUGUN",-16.031,-61.373,0,"소솨소솨",19.388,-44.161,0,"CoalCat",7.26,-61.603,0,"Yaksok~",41,-86.543,0,"Yes_Man_",-1.359,-122.482,0,"Po_cari",-41.049,-82.641,0,0,0,0,0,0,"",0,0,0,0,536.648,537.703,,,0,0
15,1,0,0,0,1,0,1,0,1,0,255,19,255,5,549.607,"_Chun",L,26,89,140,1.147,0.578,-0.303,2.107,0.396,1.781,-36.623,42.211,80,20,0,0,0,83.178,-200,-14.127,0,0,0,2,6,R,"MODECO",190,85,0.451,0,48,W,Y,0,0,0,0,0,0,0,0,0,0,0,0,0,0,0,0,-0.15,-37.88,0,"encounter v",-0.039,-17.566,0,"Pring__",-20.766,-46.33,0,"SUGUN",-16.035,-61.646,0,"소솨소솨",20.035,-45.217,0,"CoalCat",6.159,-61.581,0,"Yaksok~",41.012,-86.547,0,"Yes_Man_",-7.585,-118.932,0,"Po_cari",-41.082,-82.654,0,0,0,0,0,0,"",0,0,0,0,550.982,552.089,,,0,0
16,1,0,0,0,1,1,1,0,1,0,255,19,255,6,565.775,"_Chun",L,14,75,102,-2.237,-0.791,-0.463,2.092,-0.278,1.613,-36.623,43.513,89,11,0,4,0,-333.475,347.371,0.321,0,0,1,2,6,R,"MODECO",190,85,0.451,0,48,W,Y,0,0,0,0,0,0,0,0,0,0,0,0,0,0,0,0,-0.152,-37.654,0,"encounter v",-0.31,-17.625,0,"Pring__",-20.389,-45.48,0,"SUGUN",-16.047,-61.517,0,"소솨소솨",19.976,-45.49,0,"CoalCat",6.545,-61.45,0,"Yaksok~",41.005,-86.537,0,"Yes_Man_",-7.583,-118.923,0,"Po_cari",-41.054,-82.625,0,0,0,0,0,0,"",0,0,0,0,567.326,568.636,,,0,0
17,1,0,0,0,1,2,1,0,1,0,255,19,255,7,583.415,"_Chun",L,26,89,140,-1.414,-0.403,-0.521,1.949,-0.48,1.165,-36.623,39.363,78,22,0,0,0,-87.477,-199.335,-5.214,0,0,1,2,6,R,"MODECO",190,85,0.451,0,48,W,Y,0,0,0,0,0,0,0,0,0,0,0,0,0,0,0,0,-0.403,-37.514,0,"encounter v",-0.221,-17.437,0,"Pring__",-20.84,-46.387,0,"SUGUN",-14.564,-62.265,0,"소솨소솨",20.694,-43.147,0,"CoalCat",6.368,-61.572,0,"Yaksok~",41.007,-86.542,0,"Yes_Man_",-7.752,-118.877,0,"Po_cari",-40.789,-82.84,0,0,0,0,0,0,"",0,0,0,0,584.771,585.593,,,0,0
18,1,0,0,0,0,0,2,0,1,0,255,19,255,8,603.657,"_Chun",L,26,80,131,0.212,1.053,-0.408,2.164,0.006,2.066,-36.623,54.089,78,22,0,2,0,77.526,-200,-12.089,0,0,0,3,8,R,"ディシジョン",190,92.496,0.622,3,79,W,Y,604.741,205,93,141,115,8,145,104,104.266,0.163,0.92,0.095,0.355,188.822,233.565,-139.989,-0.56,-37.125,0,"encounter v",0.006,-17.512,0,"Pring__",-20.968,-46.595,0,"SUGUN",-14.521,-62.141,0,"소솨소솨",19.568,-45.446,0,"CoalCat",8.758,-61.005,0,"Yaksok~",39.721,-87.183,0,"Yes_Man_",-8.903,-125.25,0,"Po_cari",-41.103,-83.275,0,611.982,4.218,14.95,0,0,"",0,0,0,0,,608.271,,,0,3
19,1,0,0,0,0,1,2,0,1,0,255,19,255,9,629.895,"_Chun",L,26,90,140,1.22,0.516,-0.318,2.099,0.415,1.744,-36.623,43.593,80,20,0,2,0,92.866,-198.61,-16.106,0,0,1,3,8,R,"ディシジョン",190,92.496,0.622,3,35,W,Y,630.913,199,82,103,0,19,134,105,-30,53.229,0.92,0.048,0.321,-276.811,459.881,-113.43,-0.494,-37.032,0,"encounter v",-0.003,-17.483,0,"Pring__",-20.566,-46.211,0,"SUGUN",-15.307,-61.858,0,"소솨소솨",19.593,-44.807,0,"CoalCat",7.292,-61.15,0,"Yaksok~",40.353,-84.812,0,"Yes_Man_",-9.01,-124.895,0,"Po_cari",-44.211,-85.562,0,631.026,-2.11,-20.379,0,0,"",0,0,0,0,,636.394,,,0,3
20,1,0,0,0,0,2,2,0,1,0,255,19,255,10,650.927,"_Chun",L,14,74,101,-3.868,-0.015,-0.618,2.221,-0.969,2.098,-36.623,62.704,79,21,0,2,0,-335.641,341.136,9.683,0,0,1,3,8,R,"ディシジョン",190,92.496,0.622,3,35,W,Y,652.172,194,89,154,219,116,145,112,-30,51.516,0.91,0.238,0.498,-56.373,-292.473,-492.314,0.108,-37.549,0,"encounter v",-0.529,-17.643,0,"Pring__",-18.819,-43.509,0,"SUGUN",-15.035,-62.63,0,"소솨소솨",19.291,-44.515,0,"CoalCat",6.497,-62.711,0,"Yaksok~",42.15,-87.191,0,"Yes_Man_",-8.738,-124.675,0,"Po_cari",-43.881,-83.838,0,652.304,-2.894,-22.593,0,0,"",0,0,0,0,,657.849,,,0,3
21,1,0,0,0,0,2,2,0,1,0,255,19,255,11,673.512,"_Chun",L,26,87,140,1.226,-0.573,-0.292,1.927,0.566,1.059,-36.623,33.4,86,14,0,0,0,-16.282,-200,-8.312,0,0,1,3,8,R,"ディシジョン",190,92.496,0.622,0,36,W,Y,0,0,0,0,0,0,0,0,0,0,0,0,0,0,0,0,-0.253,-37.524,0,"encounter v",-0.049,-17.376,0,"Pring__",-21.07,-46.345,0,"SUGUN",-15.2,-62.751,0,"소솨소솨",19.257,-44.431,0,"CoalCat",10.143,-61.69,0,"Yaksok~",39.893,-85.602,0,"Yes_Man_",-10.104,-124.251,0,"Po_cari",-42.778,-80.8,0,0,0,0,0,0,"",0,0,0,0,674.793,,,,0,0
22,2,1,0,0,0,0,0,0,0,0,255,255,255,9,716.125,"인생최패망자",R,32,88,140,1.471,0.438,0.868,1.447,0.314,1.814,-36.743,61.453,0,100,0,0,0,250,-92.264,10.307,0,0,0,3,4,R,"소솨소솨",190,80,0.498,0,77,W,Y,0,0,0,0,0,0,0,0,0,0,0,0,0,0,0,0,0.116,-36.934,0,"눈꽃",-0.045,-17.904,0,"Sabo_10",-22.715,-49.247,0,"_Gosomi",-11.744,-64.582,0,"Pugeuk",18.038,-49.25,0,"아침땅_",11.437,-65.65,0,"MODECO",39.414,-114.94,0,"うよすま",-6.276,-116.985,0,"ディシジョン",-48.771,-93.748,0,0,0,0,0,0,"",0,0,0,0,717.326,,,,0,0
23,2,1,0,0,0,1,0,0,0,0,255,255,255,10,731.129,"인생최패망자",R,13,95,126,-4.425,-0.553,0.515,1.385,-1.324,1.615,-36.743,37.863,8,92,0,1,0,-390.434,312.348,21.679,0,0,0,3,4,R,"소솨소솨",190,80,0.498,0,77,W,Y,0,0,0,0,0,0,0,0,0,0,0,0,0,0,0,0,-0.072,-37.763,0,"눈꽃",-0.156,-17.861,0,"Sabo_10",-22.878,-48.857,0,"_Gosomi",-11.754,-64.608,0,"Pugeuk",17.881,-48.625,0,"아침땅_",11.757,-65.468,0,"MODECO",40.365,-114.386,0,"うよすま",-5.832,-113.829,0,"ディシジョン",-48.77,-93.777,0,0,0,0,0,0,"",0,0,0,0,732.393,,,,0,0
24,2,1,0,0,1,1,0,0,0,0,255,255,255,11,745.501,"인생최패망자",R,32,90,140,-0.323,-0.771,0.691,1.219,-0.509,1.076,-36.743,53.009,4,96,0,0,0,250,-70.59,9.496,0,0,1,3,4,R,"소솨소솨",190,80,0.498,0,77,W,Y,0,0,0,0,0,0,0,0,0,0,0,0,0,0,0,0,-0.013,-37.36,0,"눈꽃",-0.186,-17.891,0,"Sabo_10",-22.173,-47.168,0,"_Gosomi",-13.336,-63.692,0,"Pugeuk",17.813,-49.17,0,"아침땅_",11.747,-65.455,0,"MODECO",42.478,-113.933,0,"うよすま",-3.838,-114.612,0,"ディシジョン",-50.406,-93.754,0,0,0,0,0,0,"",0,0,0,0,746.715,,,,0,0
25,2,1,0,0,1,2,0,0,0,0,255,255,255,12,759.591,"인생최패망자",R,3,82,107,-1.187,-0.717,0.899,1.325,0.307,1.498,-36.743,67.015,12,88,0,0,0,-433.475,226.749,0.214,0,0,1,3,4,R,"소솨소솨",190,80,0.498,0,77,W,Y,0,0,0,0,0,0,0,0,0,0,0,0,0,0,0,0,0.155,-37.705,0,"눈꽃",-0.145,-17.907,0,"Sabo_10",-22.98,-46.521,0,"_Gosomi",-14.061,-63.508,0,"Pugeuk",17.829,-49.38,0,"아침땅_",11.77,-65.52,0,"MODECO",41.627,-116.39,0,"うよすま",-6.222,-113.366,0,"ディシジョン",-50.405,-93.763,0,0,0,0,0,0,"",0,0,0,0,760.96,,,,0,0
26,2,1,0,0,0,0,1,0,0,0,255,255,255,13,779.58,"인생최패망자",R,3,81,119,4.479,-0.284,1.011,1.332,2.618,1.44,-36.743,92.671,15,85,0,1,0,-474.784,0,4.452,0,0,0,4,3,R,"SUGUN",190,82.092,0.496,0,78,W,Y,0,0,0,0,0,0,0,0,0,0,0,0,0,0,0,0,0.223,-37.393,0,"눈꽃",-0.054,-17.916,0,"Sabo_10",-22.944,-48.322,0,"_Gosomi",-14.06,-63.512,0,"Pugeuk",17.682,-49.237,0,"아침땅_",10.72,-65.802,0,"MODECO",46.973,-107.786,0,"うよすま",-1.889,-114.704,0,"ディシジョン",-49.035,-97.514,0,0,0,0,0,0,"",0,0,0,0,780.915,,,,0,0
27,2,1,0,0,1,0,1,0,0,0,255,255,255,14,794.564,"인생최패망자",R,32,92,140,2.036,0.266,0.912,1.413,0.523,1.705,-36.743,69.678,7,93,0,2,0,241.029,-90.189,3.866,0,0,1,4,3,R,"SUGUN",190,82.092,0.496,3,78,W,Y,795.55,255,62,105,49,7,145,91,95.686,77.917,-0.77,0,0.273,-130.579,-322.894,152.333,0.372,-36.826,0,"눈꽃",0.002,-17.94,0,"Sabo_10",-23.063,-49.713,0,"_Gosomi",-14.008,-63.422,0,"Pugeuk",17.668,-49.581,0,"아침땅_",10.213,-65.834,0,"MODECO",52.808,-100.919,0,"うよすま",-2.55,-114.34,0,"ディシジョン",-47.599,-99.449,0,0,0,0,0,0,"",0,0,0,0,,,,,0,3
28,2,1,0,0,1,1,1,0,0,0,255,255,255,15,812.979,"인생최패망자",R,3,80,111,-0.347,0.263,0.9,1.462,0.311,1.793,-36.743,66.181,8,92,0,0,0,-262.334,0,16.584,0,0,0,4,3,R,"SUGUN",190,82.092,0.496,0,78,W,Y,0,0,0,0,0,0,0,0,0,0,0,0,0,0,0,0,0.108,-37.659,0,"눈꽃",-0.144,-17.861,0,"Sabo_10",-22.855,-48.41,0,"_Gosomi",-14.637,-64.055,0,"Pugeuk",18.329,-49.839,0,"아침땅_",7.905,-66.438,0,"MODECO",52.221,-105.729,0,"うよすま",-1.304,-113.321,0,"ディシジョン",-47.054,-100.176,0,0,0,0,0,0,"",0,0,0,0,814.26,,,,0,0
29,2,1,0,0,1,2,1,0,0,0,255,255,255,16,829.925,"인생최패망자",R,3,83,122,-1.955,-0.388,0.79,1.311,-0.048,1.374,-36.743,71.988,11,89,0,2,0,-500,0,4.733,0,0,1,4,3,R,"SUGUN",190,82.092,0.496,3,78,W,Y,831.006,255,97,129,118,20,145,130,-7.743,42.74,0.42,0,0.383,284.785,-187.499,266.915,0.024,-37.141,0,"눈꽃",-0.247,-17.964,0,"Sabo_10",-23.167,-47.861,102,"_Gosomi",-14.396,-63.994,0,"Pugeuk",18.302,-49.924,0,"아침땅_",5.908,-66.924,0,"MODECO",54.512,-104.56,0,"うよすま",-5.327,-112.869,0,"ディシジョン",-47.039,-100.179,0,831.204,-5.354,-26.31,832.382,2,"Sabo_10",-22.064,-44.561,0,0,,,,,128,2
30,2,1,0,0,0,0,2,0,0,0,255,255,255,17,854.445,"인생최패망자",R,33,92,140,-4.438,-0.464,0.481,1.302,-1.95,1.345,-36.743,29.821,2,98,0,3,0,135.08,-58.669,6.69,0.553,-20.642,0,5,1,L,"encounter v",190,84.791,0.423,0,78,W,Y,0,0,0,0,0,0,0,0,0,0,0,0,0,0,0,0,0.257,-37.578,0,"눈꽃",0.628,-19.179,0,"Sabo_10",-22.45,-48.896,0,"_Gosomi",-10.229,-65.936,0,"Pugeuk",21.389,-48.94,0,"아침땅_",15.196,-63.624,0,"MODECO",62.511,-97.379,0,"うよすま",8.789,-120.72,0,"ディシジョン",-49.108,-100.138,0,0,0,0,0,0,"",0,0,0,0,857.569,,,,0,6
31,2,1,0,0,2,0,2,0,0,0,255,255,255,18,870.637,"인생최패망자",R,33,71,123,0.751,-0.404,0.916,1.296,0.076,1.324,-36.743,72.642,2,98,0,0,0,136.896,-37.579,-1.378,0,0,1,5,1,L,"encounter v",190,84.791,0.423,0,78,W,Y,0,0,0,0,0,0,0,0,0,0,0,0,0,0,0,0,0.129,-37.296,0,"눈꽃",-0.018,-17.925,0,"Sabo_10",-21.798,-47.238,0,"_Gosomi",-10.223,-65.911,0,"Pugeuk",20.771,-47.944,0,"아침땅_",15.145,-63.611,0,"MODECO",61.672,-98.249,0,"うよすま",6.686,-117.631,0,"ディシジョン",-49.139,-100.135,0,0,0,0,0,0,"",0,0,0,0,871.837,,,,0,0
32,2,1,0,0,2,1,2,0,0,0,255,255,255,19,884.724,"인생최패망자",R,32,90,140,-0.09,-0.101,0.817,1.348,-0.386,1.495,-36.743,54.44,2,98,0,2,0,231.377,-70.856,5.731,0,0,1,5,1,L,"encounter v",190,84.791,0.423,3,78,W,Y,885.687,255,64,93,63,39,145,111,16.291,-44.21,0.06,0,0.293,28.11,-533.235,143.262,0.259,-36.899,0,"눈꽃",-0.031,-18.002,0,"Sabo_10",-22.33,-49.727,0,"_Gosomi",-10.193,-65.82,0,"Pugeuk",20.818,-48.072,0,"아침땅_",15.218,-63.477,0,"MODECO",61.268,-98.59,0,"うよすま",8.874,-118.841,0,"ディシジョン",-48.823,-100.481,0,888.848,57.549,-68.734,0,0,"",0,0,0,0,,,,,0,3
33,2,1,0,0,2,2,2,0,0,0,255,255,255,20,901.849,"인생최패망자",R,13,81,106,-1.907,-1.381,0.864,1.194,-0.112,1.214,-36.743,71.271,10,90,0,2,0,-373.095,316.381,3.216,0,0,1,5,1,L,"encounter v",190,84.791,0.423,3,41,W,Y,902.993,215,126,81,99,86,145,130,-30,36.746,0.66,0,0.534,42.386,95.491,54.597,-0.022,-36.983,0,"눈꽃",-0.129,-18.006,0,"Sabo_10",-23.849,-49.588,0,"_Gosomi",-9.461,-66.048,0,"Pugeuk",21.059,-48.113,0,"아침땅_",16.371,-62.784,0,"MODECO",58.082,-99.422,0,"うよすま",8.153,-120.66,0,"ディシジョン",-46.184,-101.322,0,903.048,-0.919,-21.292,904.448,2,"Sabo_10",-20.113,-46.971,0,0,,,,,128,2
34,2,0,0,0,0,0,0,0,0,0,255,255,255,12,980.671,"_Chun",L,26,87,140,-1.635,0.587,-0.57,2.117,-0.717,1.812,-36.623,49.716,79,21,0,2,0,19.256,-170.846,-10.795,0,0,0,4,1,L,"눈꽃",190,80,0.497,3,78,W,Y,981.7,255,112,56,83,31,137,130,30.426,-31.66,0.53,0,0.313,52.65,227.59,-139.103,-0.362,-36.915,0,"encounter v",-0.078,-17.797,0,"Pring__",-21.883,-47.697,0,"SUGUN",-14.712,-62.362,82,"소솨소솨",20.462,-45.011,0,"CoalCat",10.775,-62.623,0,"Yaksok~",41.705,-88.23,99,"Yes_Man_",7.012,-126.102,0,"Po_cari",-37.904,-87.761,0,986.604,53.616,-116.821,988.148,6,"Yaksok~",50.354,-110.792,1,0,,991.752,,,18,2
35,2,0,0,0,0,0,0,0,1,0,255,11,255,13,1012.564,"_Chun",L,14,61,103,0.713,0.896,-0.229,2.265,0.907,2.571,-36.623,54.402,77,23,0,2,0,-340.998,342.605,-6.359,0,0,1,5,3,R,"_Gosomi",175.2,85.038,0.47,3,78,W,Y,1013.836,164,75,99,81,89,145,108,20.759,32.349,0.11,0,0.459,18.677,429.572,29.336,-0.247,-37.236,0,"encounter v",-0.008,-17.646,120,"Pring__",-21.687,-47.73,0,"SUGUN",-13.655,-62.905,120,"소솨소솨",19.293,-45.84,0,"CoalCat",8.143,-60.68,0,"Yaksok~",42.175,-92.102,0,"Yes_Man_",-12.323,-105.745,0,"Po_cari",-46.523,-92.008,101,1017.826,-53.388,-89.661,1022.004,8,"Po_cari",-64.063,-101.391,1,0,1029.326,1016.043,1023.804,1028.775,176,2
36,2,0,0,1,0,0,0,0,1,0,255,13,255,14,1050.871,"_Chun",L,26,84,137,1.016,0.928,-0.317,2.124,0.353,1.885,-36.623,45.145,82,18,0,0,0,81.985,-200,-16.573,0,0,1,6,5,R,"아침땅_",166.8,94.757,0.5,0,78,W,Y,0,0,0,0,0,0,0,0,0,0,0,0,0,0,0,0,-0.065,-37.224,0,"encounter v",-0.104,-17.613,0,"Pring__",-21.345,-47.187,0,"SUGUN",-16.662,-60.862,0,"소솨소솨",19.887,-45.813,0,"CoalCat",8.19,-61.198,0,"Yaksok~",39.262,-82.9,0,"Yes_Man_",-2.318,-110.69,0,"Po_cari",-43.05,-87.798,0,0,0,0,0,0,"",0,0,0,0,1051.826,1052.798,,,0,0
37,2,0,0,1,0,1,0,0,1,0,255,13,255,15,1065.523,"_Chun",L,26,86,139,0.077,-0.139,-0.393,2.007,0.115,1.299,-36.623,44.947,84,16,0,2,0,-50.134,-200,-5.255,0,0,1,6,5,R,"아침땅_",166.8,94.757,0.5,3,78,W,Y,1066.285,156,55,15,27,7,36,45,-79.593,63.578,0.41,0.095,0.394,-537.772,265.373,-19.459,-0.537,-36.916,0,"encounter v",-0.018,-17.761,0,"Pring__",-21.213,-47.039,85,"SUGUN",-16.521,-61.093,0,"소솨소솨",19.982,-45.708,0,"CoalCat",8.267,-61.11,0,"Yaksok~",37.958,-85.428,0,"Yes_Man_",-7.188,-108.72,0,"Po_cari",-44.025,-88.146,0,1066.337,-0.175,-18.674,1072.615,2,"Pring__",-11.806,-24.961,0,0,,1074.506,,,4,2
38,2,0,0,1,0,2,0,0,1,0,255,13,255,16,1092.587,"_Chun",L,26,85,138,-1.364,0.685,-0.54,2.094,-0.668,1.753,-36.623,48.944,74,26,0,0,0,65.727,-200,-11.586,0,0,1,6,5,R,"아침땅_",166.8,94.757,0.5,0,78,W,Y,0,0,0,0,0,0,0,0,0,0,0,0,0,0,0,0,-0.339,-37.55,0,"encounter v",-0.119,-17.697,0,"Pring__",-21.485,-47.37,0,"SUGUN",-16.707,-61.316,0,"소솨소솨",20.403,-45.118,0,"CoalCat",6.831,-61.351,0,"Yaksok~",39.868,-84.894,0,"Yes_Man_",-7.857,-109.969,0,"Po_cari",-43.589,-86.617,0,0,0,0,0,0,"",0,0,0,0,1093.826,1094.809,,,0,0
39,2,0,0,1,0,0,1,0,1,0,255,13,255,17,1113.789,"_Chun",L,26,93,140,1.404,-0.521,-0.275,1.924,0.54,1.095,-36.623,34.084,85,15,0,0,0,68.522,-200,-14.242,0,0,0,7,2,L,"Sabo_10",185.3,88,0.452,0,78,W,Y,0,0,0,0,0,0,0,0,0,0,0,0,0,0,0,0,-0.127,-37.603,0,"encounter v",-0.022,-17.64,0,"Pring__",-22.051,-47.578,0,"SUGUN",-9.69,-65.397,0,"소솨소솨",20.36,-44.594,0,"CoalCat",11.374,-63.702,0,"Yaksok~",43.446,-88.366,0,"Yes_Man_",9.418,-125.446,0,"Po_cari",-44.586,-87.874,0,0,0,0,0,0,"",0,0,0,0,1115.004,1116.272,,,0,0
40,2,0,0,1,0,1,1,0,1,0,255,13,255,18,1126.747,"_Chun",L,26,88,140,2.828,0.279,-0.159,2.068,1.122,1.594,-36.623,34.258,80,20,0,1,0,84.99,-188.707,-20.121,0,0,0,7,2,L,"Sabo_10",185.3,88,0.452,0,78,W,Y,0,0,0,0,0,0,0,0,0,0,0,0,0,0,0,0,-0.094,-37.214,0,"encounter v",0.019,-17.787,0,"Pring__",-22.278,-47.677,0,"SUGUN",-8.449,-64.871,0,"소솨소솨",20.366,-44.589,0,"CoalCat",11.669,-63.293,0,"Yaksok~",44.016,-90.027,0,"Yes_Man_",14.098,-125.625,0,"Po_cari",-44.529,-87.981,0,0,0,0,0,0,"",0,0,0,0,1127.815,1129.454,,,0,0
41,2,0,0,1,1,1,1,0,1,0,255,13,255,19,1140.834,"_Chun",L,26,85,137,-1.883,0.402,-0.564,2.076,-0.822,1.655,-36.623,48.226,76,24,0,1,0,13.818,-200,-5.595,0,0,0,7,2,L,"Sabo_10",185.3,88,0.452,0,78,W,Y,0,0,0,0,0,0,0,0,0,0,0,0,0,0,0,0,-0.436,-37.028,0,"encounter v",-0.131,-17.69,0,"Pring__",-22.055,-47.496,0,"SUGUN",-6.221,-66.121,0,"소솨소솨",20.111,-45.401,0,"CoalCat",11.089,-63.374,0,"Yaksok~",44.013,-90.052,0,"Yes_Man_",-2.38,-124.767,0,"Po_cari",-44.501,-87.792,0,0,0,0,0,0,"",0,0,0,0,1141.904,1143.326,,,0,0
42,2,0,0,1,2,1,1,0,1,0,255,13,255,20,1158.746,"_Chun",L,13,83,109,2.812,-1.196,-0.229,2.003,0.785,1.415,-36.623,33.979,81,19,0,2,0,200.894,400,-12.262,0,0,0,7,2,L,"Sabo_10",185.3,88,0.452,3,78,W,Y,1159.698,255,91,98,120,66,145,99,25.628,-51.514,0.94,0,0.486,187.853,-16.867,-130.266,-0.217,-37.106,0,"encounter v",0.1,-17.837,0,"Pring__",-22.075,-47.487,0,"SUGUN",-7.607,-66.285,0,"소솨소솨",20.027,-44.966,0,"CoalCat",11.143,-63.351,0,"Yaksok~",43.734,-89.434,0,"Yes_Man_",16.193,-125.432,0,"Po_cari",-44.644,-88.116,0,1163.06,56.93,-64.305,0,0,"",0,0,0,0,,1166.337,,,0,3
43,2,0,0,1,2,2,1,0,1,0,255,13,255,21,1180.215,"_Chun",L,26,85,138,-0.169,1.197,-0.444,2.126,-0.148,2.146,-36.623,46.142,78,22,0,2,0,63.671,-200,-12.507,0,0,1,7,2,L,"Sabo_10",185.3,88,0.452,3,71,W,Y,1181.112,255,108,154,77,31,145,104,55.92,-24.451,-0.07,0,0.546,115.169,63.967,-33.854,-0.25,-36.99,0,"encounter v",-0.12,-17.713,0,"Pring__",-22.207,-47.959,0,"SUGUN",-8.286,-65.607,77,"소솨소솨",19.873,-45.439,0,"CoalCat",12.585,-63.218,0,"Yaksok~",44.729,-90.557,130,"Yes_Man_",13.264,-125.833,0,"Po_cari",-42.824,-87.682,0,1187.426,28.65,-83.941,1187.615,6,"Yaksok~",28.088,-82.596,0,0,,1186.239,,,18,1
44,2,0,0,1,0,0,2,0,1,0,255,13,255,22,1217.392,"_Chun",L,26,91,140,1.494,-0.157,-0.3,1.928,0.607,1.331,-36.623,28.543,86,14,0,2,0,45.332,-190.57,-18.101,0,0,1,8,4,R,"Pugeuk",190,86.201,0.347,3,77,W,Y,1218.454,206,32,88,58,25,145,130,25.408,39.188,0.54,0,0.686,-221.534,464.439,-19.89,-0.163,-37.301,0,"encounter v",0.016,-17.758,0,"Pring__",-18.84,-44.267,0,"SUGUN",-13.23,-62.277,0,"소솨소솨",20.342,-45.301,0,"CoalCat",8.105,-62.266,0,"Yaksok~",39.921,-89.376,0,"Yes_Man_",-15.525,-123.674,0,"Po_cari",-43.28,-87.124,0,1223.115,-80.315,-100.465,0,0,"",0,0,0,0,,1229.05,1223.337,1228.493,0,4
45,2,0,0,3,0,0,2,0,0,0,255,255,255,23,1262.425,"_Chun",L,10,94,128,-0.103,-2.733,-0.329,1.77,0.475,0.746,-36.623,24.833,87,13,0,2,0,0,400,-16.361,0,0,1,0,9,R,"_송글_",174.9,90.478,0.316,3,77,W,Y,1263.362,255,77,75,89,33,145,117,-13.862,-14.411,0.8,0,0.238,-480.952,-184.499,-307.646,-0.163,-36.932,0,"encounter v",0.038,-17.955,0,"Pring__",-19.748,-45.189,0,"SUGUN",-13.643,-59.46,0,"소솨소솨",19.836,-45.388,0,"CoalCat",9.042,-65.039,107,"Yaksok~",41.067,-89.514,0,"Yes_Man_",-15.964,-112.281,0,"Po_cari",-42.533,-84.305,0,1263.315,0.294,-20.241,1265.359,5,"CoalCat",14.726,-63.778,0,1,,,,,68,2
46,3,1,0,3,0,0,0,0,0,0,255,255,255,21,1306.373,"인생최패망자",R,32,94,140,-0.142,0.466,0.727,1.439,-0.34,1.8,-36.743,47.223,0,100,0,0,0,211.806,-83.834,7.495,0,0,0,6,5,R,"CoalCat",174.6,82.838,0.435,0,76,W,Y,0,0,0,0,0,0,0,0,0,0,0,0,0,0,0,0,0.214,-37.426,0,"눈꽃",0.041,-17.716,0,"Sabo_10",-23.69,-51.478,0,"_Gosomi",-11.714,-64.673,0,"Pugeuk",19.177,-48.366,0,"아침땅_",12.036,-65.207,0,"MODECO",49.241,-95.715,0,"うよすま",-5.662,-113.827,0,"ディシジョン",-51.006,-92.107,0,0,0,0,0,0,"",0,0,0,0,1307.582,,,,0,0
47,3,1,0,3,0,1,0,0,0,0,255,255,255,22,1319.618,"인생최패망자",R,32,88,140,1.593,0.184,0.882,1.396,0.383,1.649,-36.743,62.124,6,94,0,4,0,205.522,-72.045,2.138,0,0,1,6,5,R,"CoalCat",174.6,82.838,0.435,0,76,W,Y,0,0,0,0,0,0,0,0,0,0,0,0,0,0,0,0,0.336,-37.513,0,"눈꽃",-1.287,-17.775,0,"Sabo_10",-23.236,-50.301,0,"_Gosomi",-12.283,-64.502,0,"Pugeuk",19.305,-48.415,0,"아침땅_",12.205,-65.229,0,"MODECO",47.455,-99.356,0,"うよすま",-5.046,-113.162,0,"ディシジョン",-50.977,-92.11,0,0,0,0,0,0,"",0,0,0,0,1321.015,,,,0,0
48,3,1,0,3,0,2,0,0,0,0,255,255,255,23,1335.654,"인생최패망자",R,13,88,126,-0.673,-1.116,0.865,1.309,0.301,1.344,-36.743,72.103,12,88,0,2,0,-390.434,312.348,-14.555,0,0,1,6,5,R,"CoalCat",174.6,82.838,0.435,3,76,W,Y,1336.752,255,72,99,100,45,145,113,25.458,3.688,0.8,0,0.309,7.434,582.982,124.675,0.115,-37.179,0,"눈꽃",-0.022,-17.829,0,"Sabo_10",-21.964,-47.905,0,"_Gosomi",-12.088,-64.237,0,"Pugeuk",19.141,-48.806,0,"아침땅_",12.146,-65.263,86,"MODECO",47.503,-99.257,0,"うよすま",-3.724,-111.707,0,"ディシジョン",-50.964,-92.093,0,1341.404,-19.798,-114.706,1341.671,7,"うよすま",-18.839,-111.964,0,0,,,,,66,1
49,3,1,0,3,0,0,1,0,0,0,255,255,255,24,1359.237,"인생최패망자",R,32,83,135,2.301,0.372,0.949,1.426,0.692,1.755,-36.743,70.041,3,97,0,1,0,222.659,-72.771,-0.774,0,0,0,7,8,R,"Po_cari",175.3,85,0.45,0,76,W,Y,0,0,0,0,0,0,0,0,0,0,0,0,0,0,0,0,0.231,-37.047,0,"눈꽃",-0.044,-17.735,0,"Sabo_10",-22.718,-48.331,0,"_Gosomi",-14.744,-63.146,0,"Pugeuk",18.323,-48.675,0,"아침땅_",11.772,-65.08,0,"MODECO",44.389,-103.396,0,"うよすま",-3.746,-114.251,0,"ディシジョン",-50.597,-91.954,0,0,0,0,0,0,"",0,0,0,0,1360.437,,,,0,0
50,3,1,0,3,1,0,1,0,0,0,255,255,255,25,1371.97,"인생최패망자",R,32,79,129,1.516,-0.692,0.854,1.164,0.251,1.181,-36.743,73.283,12,73,15,1,0,250,-31.752,-1.503,0,0,0,7,8,R,"Po_cari",175.3,85,0.45,0,76,W,Y,0,0,0,0,0,0,0,0,0,0,0,0,0,0,0,0,0.142,-37.72,0,"눈꽃",-0.044,-17.803,0,"Sabo_10",-22.61,-48.61,0,"_Gosomi",-14.715,-63.212,0,"Pugeuk",18.271,-48.659,0,"아침땅_",10.957,-65.385,0,"MODECO",44.795,-103.119,0,"うよすま",-3.534,-112.182,0,"ディシジョン",-50.09,-92.119,0,0,0,0,0,0,"",0,0,0,0,1373.193,,,,0,0
51,3,1,0,3,2,0,1,0,0,0,255,255,255,26,1382.973,"인생최패망자",R,32,91,140,0.589,-0.38,0.776,1.212,-0.114,1.348,-36.743,57.053,7,93,0,0,0,250,-52.926,-0.485,0,0,0,7,8,R,"Po_cari",175.3,85,0.45,0,76,W,Y,0,0,0,0,0,0,0,0,0,0,0,0,0,0,0,0,0.133,-37.604,0,"눈꽃",-0.044,-17.733,0,"Sabo_10",-22.779,-48.841,0,"_Gosomi",-14.695,-63.208,0,"Pugeuk",18.329,-48.569,0,"아침땅_",12.136,-65.298,0,"MODECO",44.797,-103.107,0,"うよすま",-4.606,-112.341,0,"ディシジョン",-50.077,-92.098,0,0,0,0,0,0,"",0,0,0,0,1384.171,,,,0,0
52,3,1,0,3,2,1,1,0,0,0,255,255,255,27,1394.34,"인생최패망자",R,32,92,140,-3.147,0.593,0.429,1.447,-1.724,1.834,-36.743,28.744,0,100,0,4,0,244.015,-129.236,15.333,0,0,1,7,8,R,"Po_cari",175.3,85,0.45,0,76,W,Y,0,0,0,0,0,0,0,0,0,0,0,0,0,0,0,0,-0.035,-37.44,0,"눈꽃",-0.13,-17.737,0,"Sabo_10",-22.858,-47.827,0,"_Gosomi",-14.944,-63.403,0,"Pugeuk",18.256,-48.457,0,"아침땅_",8.793,-66.011,0,"MODECO",44.797,-103.098,0,"うよすま",-2.757,-111.145,0,"ディシジョン",-50.106,-92.124,0,0,0,0,0,0,"",0,0,0,0,1395.571,,,,0,0
53,3,1,0,3,2,2,1,0,0,0,255,255,255,28,1408.762,"인생최패망자",R,3,70,100,0.292,0.04,1.083,1.307,0.944,1.666,-36.743,79.937,2,98,0,0,0,-396.444,0,8.773,0,0,0,7,8,R,"Po_cari",175.3,85,0.45,0,76,W,Y,0,0,0,0,0,0,0,0,0,0,0,0,0,0,0,0,0.081,-37.636,0,"눈꽃",-0.023,-17.8,0,"Sabo_10",-22.248,-47.304,0,"_Gosomi",-14.922,-63.408,0,"Pugeuk",18.263,-48.55,0,"아침땅_",12.195,-65.153,0,"MODECO",44.797,-103.1,0,"うよすま",-3.021,-109.106,0,"ディシジョン",-50.085,-92.112,0,0,0,0,0,0,"",0,0,0,0,1410.148,,,,0,0
54,3,1,0,3,0,0,2,0,0,0,255,255,255,29,1432.109,"인생최패망자",R,32,90,140,0.392,-0.027,0.77,1.264,-0.141,1.541,-36.743,47.806,3,97,0,2,0,238.766,-74.851,5.353,0,0,1,8,9,R,"ddil_ddil69",190,89.899,0.397,3,77,W,Y,1433.275,255,107,131,66,43,145,96,62.772,38.778,-0.52,0,0.692,348.728,-373.323,58.151,-0.043,-37.197,0,"눈꽃",-0.084,-17.799,0,"Sabo_10",-22.541,-48.905,0,"_Gosomi",-15.052,-63.133,0,"Pugeuk",18.018,-49.76,0,"아침땅_",11.919,-65.194,0,"MODECO",41.316,-108.777,0,"うよすま",-7.154,-115.911,0,"ディシジョン",-48.052,-95.618,0,1439.671,-34.005,-66.967,1439.826,3,"_Gosomi",-33.364,-65.776,0,0,,,,,32,1
55,3,0,0,3,0,0,0,0,0,0,255,255,255,24,1468.896,"_Chun",L,26,90,140,1.149,0.257,-0.286,2.022,0.434,1.504,-36.623,37.025,80,20,0,2,0,55.95,-200,-17.811,0,0,1,1,7,R,"うよすま",160,85.385,0.5,3,45,W,Y,1469.801,255,84,101,45,0,145,81,-51.727,9.088,-0.76,0,0.337,-439.566,-146.752,-304.498,-0.175,-37.038,93,"encounter v",-0.008,-17.764,0,"Pring__",-23.014,-48.664,0,"SUGUN",-16.018,-62.349,0,"소솨소솨",19.655,-44.311,0,"CoalCat",11.32,-63.306,0,"Yaksok~",41.108,-86.606,0,"Yes_Man_",-6.449,-100.138,0,"Po_cari",-44.693,-89.39,0,1469.837,0.008,-20.53,1471.282,0,"_Chun",-2.253,-34.482,0,0,,,,,4,2
56,3,0,0,3,0,0,1,0,0,0,255,255,255,25,1494.844,"_Chun",L,14,81,106,1.375,-1.017,0.046,1.933,1.316,1.413,-36.623,21.828,88,12,0,4,0,-368.238,322.449,-22.563,0,0,1,2,6,R,"MODECO",190,85,0.451,0,47,W,Y,0,0,0,0,0,0,0,0,0,0,0,0,0,0,0,0,0.059,-37.264,0,"encounter v",-0.064,-17.677,0,"Pring__",-21.478,-47.045,0,"SUGUN",-9.791,-64.514,0,"소솨소솨",20.138,-45.298,0,"CoalCat",10.24,-63.13,0,"Yaksok~",41.377,-86.7,0,"Yes_Man_",6.566,-124.437,0,"Po_cari",-43.97,-88.935,0,0,0,0,0,0,"",0,0,0,0,1496.393,,,,0,0
57,3,0,0,3,0,1,1,0,0,0,255,255,255,26,1508.902,"_Chun",L,14,75,102,-2.855,-0.645,-0.55,2.093,-0.509,1.676,-36.623,49.215,84,16,0,1,0,-350.654,327.105,0.164,0,0,0,2,6,R,"MODECO",190,85,0.451,0,47,W,Y,0,0,0,0,0,0,0,0,0,0,0,0,0,0,0,0,0.015,-37.561,0,"encounter v",-0.518,-17.645,0,"Pring__",-21.403,-47.004,0,"SUGUN",-12.791,-62.759,0,"소솨소솨",20.219,-45.401,0,"CoalCat",10.316,-63.027,0,"Yaksok~",41.124,-86.988,0,"Yes_Man_",-18.953,-124.077,0,"Po_cari",-44.621,-88.905,0,0,0,0,0,0,"",0,0,0,0,1510.426,,,,0,0
58,3,0,0,3,1,1,1,0,0,0,255,255,255,27,1525.512,"_Chun",L,26,85,138,-1.428,-0.261,-0.524,1.939,-0.697,1.252,-36.623,35.532,82,18,0,2,0,65.758,-200,-12.703,0,0,1,2,6,R,"MODECO",190,85,0.451,3,47,W,Y,1526.547,229,107,80,62,34,145,100,27.32,49.658,0.94,0,0.523,48.575,398.397,-84.754,-0.622,-36.942,0,"encounter v",-0.117,-17.748,0,"Pring__",-21.364,-46.94,0,"SUGUN",-12.992,-62.734,0,"소솨소솨",20.157,-45.367,0,"CoalCat",10.315,-63.06,0,"Yaksok~",38.151,-87.483,0,"Yes_Man_",-11.942,-123.75,0,"Po_cari",-45.079,-89.207,0,1530.537,-64.95,-65.16,0,0,"",0,0,0,0,,,,,0,3
59,3,0,0,3,1,2,1,0,0,0,255,255,255,28,1547.71,"_Chun",L,28,86,139,-0.522,2.076,-0.438,2.227,-0.243,2.834,-36.623,67.743,72,26,1,1,0,21.464,-74.154,-1.648,0,0,0,2,6,R,"MODECO",190,85,0.451,0,47,W,Y,0,0,0,0,0,0,0,0,0,0,0,0,0,0,0,0,-0.38,-36.938,0,"encounter v",-0.113,-17.217,0,"Pring__",-21.447,-47.031,0,"SUGUN",-12.822,-62.716,0,"소솨소솨",20.239,-45.382,0,"CoalCat",10.402,-63.988,0,"Yaksok~",38.038,-89.757,0,"Yes_Man_",-13.19,-125.144,0,"Po_cari",-44.971,-89.279,0,0,0,0,0,0,"",0,0,0,0,1549.082,,,,0,0
60,3,0,0,3,2,2,1,0,0,0,255,255,255,29,1564.991,"_Chun",L,14,83,108,1.442,-0.223,0.044,2.067,1.361,1.886,-36.623,34.48,85,15,0,2,0,-383.336,312.348,-25.25,0,0,1,2,6,R,"MODECO",190,85,0.451,3,47,W,Y,1566.131,194,96,78,66,55,145,121,1.04,9.738,0.17,0,0.478,-431.714,392.261,-133.452,0.125,-37.059,0,"encounter v",-0.017,-17.69,0,"Pring__",-21.319,-46.989,87,"SUGUN",-10.55,-64.002,102,"소솨소솨",20.427,-45.371,0,"CoalCat",12.867,-62.419,0,"Yaksok~",42.208,-87.167,0,"Yes_Man_",3.324,-126.537,0,"Po_cari",-45.351,-89.148,0,1566.604,-2.771,-34.519,1567.904,3,"SUGUN",-7.038,-59.297,0,0,,,,,20,2
61,3,0,0,3,0,0,2,0,0,0,255,255,255,30,1592.95,"_Chun",L,13,76,103,-0.2,-0.893,-0.731,2.057,-0.706,1.577,-36.623,37.462,79,21,0,0,0,315.57,369.35,-5.093,0.235,-17.188,0,3,8,R,"ディシジョン",190,92.496,0.622,0,34,W,Y,0,0,0,0,0,0,0,0,0,0,0,0,0,0,0,0,-0.479,-37.78,0,"encounter v",-0.102,-17.756,0,"Pring__",-21.257,-47.126,0,"SUGUN",-13.982,-62.676,0,"소솨소솨",19.296,-46.419,0,"CoalCat",9.884,-64.472,0,"Yaksok~",37.775,-89.778,0,"Yes_Man_",-19.811,-125.161,0,"Po_cari",-42.117,-86.854,0,0,0,0,0,0,"",0,0,0,0,1597.56,,,,0,0
62,3,0,0,3,0,1,2,0,0,0,255,255,255,31,1615.206,"_Chun",L,14,83,107,-2.57,-0.786,-0.526,2.047,-0.41,1.566,-36.623,43.435,82,18,0,2,0,-360.753,335.347,-13.136,0,0,0,3,8,R,"ディシジョン",190,92.496,0.622,3,34,W,Y,1616.299,113,174,170,173,43,137,130,25.137,36.363,0.52,0.19,0.358,-69.186,209.04,-359.634,-0.259,-37.265,0,"encounter v",-0.563,-17.685,0,"Pring__",-19.195,-44.68,0,"SUGUN",-13.851,-62.534,0,"소솨소솨",19.804,-45.452,0,"CoalCat",9.976,-64.389,0,"Yaksok~",38.137,-90.089,0,"Yes_Man_",-19.617,-125.239,0,"Po_cari",-42.573,-88.503,0,1621.193,-72.532,-112.227,0,0,"",0,0,0,0,,1627.801,1633.038,,0,4
63,3,0,0,4,0,0,2,0,0,0,255,255,255,32,1660.121,"_Chun",L,26,89,140,0.562,-0.314,-0.358,1.95,0.124,1.239,-36.623,31.867,87,13,0,0,0,97.126,-180.907,-14.146,0,0,0,4,1,L,"눈꽃",190,80,0.497,0,76,W,Y,0,0,0,0,0,0,0,0,0,0,0,0,0,0,0,0,-0.319,-37.205,0,"encounter v",-0.018,-17.758,0,"Pring__",-21.902,-47.383,0,"SUGUN",-11.474,-63.968,0,"소솨소솨",19.831,-44.522,0,"CoalCat",11.334,-63.594,0,"Yaksok~",44.183,-92.97,0,"Yes_Man_",8.767,-127.174,0,"Po_cari",-45.7,-88.66,0,0,0,0,0,0,"",0,0,0,0,1661.526,,,,0,0
64,3,0,0,4,0,1,2,0,0,0,255,255,255,33,1676.66,"_Chun",L,14,79,106,0.66,-1.739,-0.229,1.768,0.625,1.07,-36.623,18.477,97,3,0,4,0,-170.476,400,-7.412,0,0,0,4,1,L,"눈꽃",190,80,0.497,0,76,W,Y,0,0,0,0,0,0,0,0,0,0,0,0,0,0,0,0,-0.193,-37.637,0,"encounter v",0.009,-17.543,0,"Pring__",-21.392,-46.115,0,"SUGUN",-12.697,-63.264,0,"소솨소솨",20.173,-45.337,0,"CoalCat",11.325,-63.658,0,"Yaksok~",44.328,-93.099,0,"Yes_Man_",11.411,-126.736,0,"Po_cari",-45.895,-88.485,0,0,0,0,0,0,"",0,0,0,0,1678.193,,,,0,0
65,3,0,0,4,0,2,2,0,0,0,255,255,255,34,1696.294,"_Chun",L,26,90,140,0.519,-0.198,-0.36,1.97,0.123,1.296,-36.623,37.95,86,14,0,2,0,84.15,-200,-12.455,0,0,0,4,1,L,"눈꽃",190,80,0.497,3,76,W,Y,1697.246,255,127,77,82,28,145,130,96.778,78.32,0.3,0,0.332,248.627,192.826,-56.703,0.05,-36.937,0,"encounter v",0.004,-17.711,0,"Pring__",-21.197,-46.206,0,"SUGUN",-12.931,-63.367,0,"소솨소솨",20.404,-45.281,0,"CoalCat",12.55,-62.612,0,"Yaksok~",44.298,-93.078,0,"Yes_Man_",11.113,-121.347,0,"Po_cari",-45.846,-88.62,0,0,0,0,0,0,"",0,0,0,0,,,,,0,3
66,3,0,0,4,0,2,2,0,0,0,255,255,255,35,1715.955,"_Chun",L,6,84,109,-0.892,-1.286,-0.246,1.928,0.423,1.081,-36.623,27.281,97,3,0,2,0,-428.755,215.71,-11.528,0,0,0,4,1,L,"눈꽃",190,80,0.497,3,76,W,Y,1717.093,255,178,55,80,76,137,126,97.114,81.702,0.31,0,0.48,538.577,-93.794,-148.208,-0.174,-37.07,0,"encounter v",-0.076,-17.801,0,"Pring__",-21.445,-46.151,0,"SUGUN",-12.85,-63.381,0,"소솨소솨",20.374,-45.286,0,"CoalCat",12.932,-62.617,0,"Yaksok~",44.338,-92.737,0,"Yes_Man_",12.48,-123.18,0,"Po_cari",-45.668,-89.535,0,0,0,0,0,0,"",0,0,0,0,,,,,0,3
67,3,0,0,4,0,2,2,0,0,0,255,255,255,36,1732.482,"_Chun",L,26,94,140,-0.045,0.945,-0.412,2.082,-0.144,2.016,-36.623,37.396,85,15,0,2,0,102.322,-200,-22.266,0,0,0,4,1,L,"눈꽃",190,80,0.497,3,76,W,Y,1733.542,255,106,80,65,21,145,114,27.052,-14.853,0.14,0,0.31,70.327,175.764,-69.651,-0.359,-36.793,0,"encounter v",-0.041,-17.608,0,"Pring__",-21.233,-45.868,0,"SUGUN",-12.83,-63.346,0,"소솨소솨",20.39,-45.291,0,"CoalCat",13.027,-62.356,0,"Yaksok~",43.323,-93.157,0,"Yes_Man_",14.648,-123.207,92,"Po_cari",-45.659,-87.593,0,1738.215,21.738,-115.191,1738.493,7,"Yes_Man_",21.164,-112.055,0,0,,,,,1,1
68,4,1,0,4,0,0,0,0,0,0,255,255,255,30,1781.409,"인생최패망자",R,32,87,140,1.347,-0.072,0.864,1.35,0.299,1.486,-36.743,60.924,4,96,0,2,0,188.579,-91.162,2.444,0,0,1,0,7,R,"Yes_Man_",174.8,84.826,0.502,3,76,W,Y,1782.487,157,51,81,61,30,143,85,113.125,50.789,-0.79,0,0.327,69.732,85.138,-119.106,0.387,-36.689,0,"눈꽃",-0.006,-17.716,0,"Sabo_10",-22.661,-49.93,0,"_Gosomi",-13.6,-62.265,0,"Pugeuk",17.991,-49.792,0,"아침땅_",11.537,-65.169,0,"MODECO",41.549,-94.331,0,"うよすま",-3.832,-111.94,0,"ディシジョン",-47.355,-91.591,0,0,0,0,0,0,"",0,0,0,0,,,,,0,3
69,4,1,0,4,0,1,0,0,0,0,255,255,255,31,1797.463,"인생최패망자",R,32,93,140,1.026,0.491,0.816,1.435,0.075,1.785,-36.743,50.458,4,96,0,2,0,250,-116.873,13.25,0,0,0,0,7,R,"Yes_Man_",174.8,84.826,0.502,3,75,W,Y,1798.586,87,99,34,42,26,90,64,31.517,42.203,0.93,0,0.416,-291.951,261.476,-297.686,0.322,-37.445,0,"눈꽃",-0.079,-17.723,0,"Sabo_10",-22.923,-49.513,116,"_Gosomi",-14.506,-62.045,0,"Pugeuk",18.972,-49.158,0,"아침땅_",11.796,-65.251,0,"MODECO",41.686,-95.16,0,"うよすま",-5.933,-111.725,0,"ディシジョン",-47.294,-89.711,0,0,0,0,1801.826,2,"Sabo_10",-26.404,-46.455,0,0,,,,,128,1
70,4,1,0,4,0,0,1,0,0,0,255,255,255,32,1821.678,"인생최패망자",R,13,85,109,-0.44,-0.354,0.967,1.479,0.519,1.828,-36.743,77.793,9,91,0,0,0,-385.932,313.546,-4.133,0,0,1,1,6,R,"Yaksok~",190,80,0.332,0,76,W,Y,0,0,0,0,0,0,0,0,0,0,0,0,0,0,0,0,0.163,-37.378,0,"눈꽃",-0.099,-17.653,0,"Sabo_10",-22.966,-49.401,0,"_Gosomi",-15.559,-62.588,0,"Pugeuk",19.521,-50.796,0,"아침땅_",12.523,-67.768,0,"MODECO",45.591,-106.807,0,"うよすま",-0.917,-117.405,0,"ディシジョン",-51.796,-94.198,0,0,0,0,0,0,"",0,0,0,0,1822.76,,,,0,0
71,4,1,0,4,0,1,1,0,0,0,255,255,255,33,1837.407,"인생최패망자",R,5,70,107,0.671,-0.224,0.94,1.326,0.435,1.498,-36.743,85.304,8,92,0,2,0,-87.602,2.946,3.905,0,0,1,1,6,R,"Yaksok~",190,80,0.332,3,76,W,Y,1838.405,126,99,107,102,88,139,130,98.502,-61.346,0.51,0,0.289,-260.157,80.333,-95.812,0.163,-36.921,0,"눈꽃",-0.137,-17.651,0,"Sabo_10",-22.842,-48.861,0,"_Gosomi",-14.502,-63.371,0,"Pugeuk",19.326,-50.87,0,"아침땅_",12.069,-68.043,0,"MODECO",47.173,-104.242,0,"うよすま",-2.716,-117.638,0,"ディシジョン",-51.786,-94.198,0,0,0,0,0,0,"",0,0,0,0,,,,,0,3
72,4,1,0,4,0,2,1,0,0,0,255,255,255,34,1854.098,"인생최패망자",R,3,81,120,-0.898,-0.354,0.864,1.32,0.295,1.402,-36.743,76.466,9,91,0,2,0,-431.741,0,7.87,0,0,1,1,6,R,"Yaksok~",190,80,0.332,3,76,W,Y,1855.004,152,184,94,94,55,145,102,23.996,39.013,0.93,0,0.231,167.449,204.957,375.434,0.139,-36.909,0,"눈꽃",-0.165,-17.665,0,"Sabo_10",-22.122,-48.096,0,"_Gosomi",-14.66,-63.717,0,"Pugeuk",18.862,-50.149,0,"아침땅_",12.514,-67.57,0,"MODECO",45.792,-103.438,0,"うよすま",-4.725,-117.337,0,"ディシジョン",-52.548,-93.374,102,1858.76,-52.118,-77.717,1864.704,8,"ディシジョン",-72.37,-91.358,1,0,,1865.248,1870.156,,72,2
73,4,1,0,4,0,0,1,0,0,1,255,255,6,35,1892.007,"인생최패망자",R,32,87,140,-0.928,-0.331,0.744,1.296,-0.725,1.322,-36.743,52.017,4,96,0,0,0,214.096,-104.58,0.915,0,0,1,2,2,L,"Pring__",190,93.089,0.485,0,76,W,Y,0,0,0,0,0,0,0,0,0,0,0,0,0,0,0,0,0.239,-37.507,0,"눈꽃",-0.073,-17.596,0,"Sabo_10",-21.702,-47.985,0,"_Gosomi",-11.877,-63.483,0,"Pugeuk",20.842,-45.425,0,"아침땅_",15.615,-63.437,0,"MODECO",53.263,-93.407,0,"うよすま",6.095,-120.269,0,"ディシジョン",-45.505,-96.903,0,0,0,0,0,0,"",0,0,0,0,1893.082,,1894.493,,0,0
74,4,1,0,4,0,1,1,0,0,1,255,255,6,36,1908.99,"인생최패망자",R,3,68,110,-0.262,-0.685,0.989,1.244,0.705,1.204,-36.743,85.116,5,95,0,2,0,-449.15,0,7.585,0,0,1,2,2,L,"Pring__",190,93.089,0.485,3,76,W,Y,1909.966,255,140,97,110,83,145,130,-16.892,17.997,0.47,0,0.646,-406.103,-366.605,-113.723,0.104,-36.826,0,"눈꽃",-0.046,-17.503,106,"Sabo_10",-22.098,-48.735,91,"_Gosomi",-9.902,-63.45,107,"Pugeuk",20.768,-46.399,0,"아침땅_",15.839,-63.124,0,"MODECO",54.898,-96.229,0,"うよすま",6.71,-119.424,0,"ディシジョン",-44.259,-99.081,0,1910.059,-0.764,-23.273,1911.637,3,"_Gosomi",-11.534,-56.797,1,0,1914.504,,,1914.456,176,2
75,4,1,1,4,0,0,1,1,0,0,2,255,255,37,1938.728,"인생최패망자",R,32,84,136,1.379,-0.327,0.844,1.388,0.203,1.623,-36.743,56.828,4,96,0,2,0,250,-115.979,4.305,0,0,1,3,4,R,"소솨소솨",190,80,0.498,3,76,W,Y,1939.78,255,87,102,94,29,145,100,62.964,2.275,-0.36,0,0.493,169.63,42.826,21.944,0.185,-37.411,0,"눈꽃",-0.013,-17.827,0,"Sabo_10",-19.758,-45.934,116,"_Gosomi",-15.068,-62.221,0,"Pugeuk",19.377,-48.813,0,"아침땅_",6.241,-63.452,94,"MODECO",43.875,-100.148,0,"うよすま",-7.093,-118.035,0,"ディシジョン",-51.584,-94.382,0,1946.493,-2.705,-71.415,1947.371,9,"ddil_ddil69",-2.691,-71.7,1,4,,,,,192,2
76,4,1,1,4,0,0,2,1,0,0,4,255,255,38,1979.76,"인생최패망자",R,3,81,108,-0.782,0.047,0.86,1.382,0.45,1.664,-36.743,74.632,5,95,0,2,0,-422.196,0,12.863,0,0,1,4,3,R,"SUGUN",190,82.092,0.496,3,76,W,Y,1980.794,246,233,130,152,68,145,125,-30,43.772,0.23,0,0.368,342.006,-269.293,224.179,0.066,-36.632,0,"눈꽃",-0.16,-17.848,0,"Sabo_10",-19.727,-44.555,108,"_Gosomi",-15.817,-62.151,0,"Pugeuk",18.986,-48.473,0,"아침땅_",11.398,-65.376,0,"MODECO",44.547,-100.327,0,"うよすま",-3.204,-117.928,0,"ディシジョン",-53.335,-94.529,0,1980.837,-1.752,-22.526,1982.137,2,"Sabo_10",-19.763,-41.51,0,0,,,,,128,2
77,4,0,1,4,0,0,0,0,0,0,255,255,255,37,2028.833,"_Chun",L,26,97,140,-0.27,-1.04,-0.472,1.799,-0.191,0.796,-36.623,28.31,81,19,0,0,0,64.826,-200,-12.415,0,0,1,5,3,R,"_Gosomi",175.2,85.038,0.47,0,76,W,Y,0,0,0,0,0,0,0,0,0,0,0,0,0,0,0,0,-0.275,-37.359,0,"encounter v",-0.103,-17.669,0,"Pring__",-21.045,-46.247,0,"SUGUN",-15.762,-61.838,0,"소솨소솨",19.373,-46.481,0,"CoalCat",9.939,-62.831,0,"Yaksok~",39.697,-89.636,0,"Yes_Man_",-11.614,-104.504,0,"Po_cari",-44.494,-85.621,0,0,0,0,0,0,"",0,0,0,0,2030.137,,,,0,0
78,4,0,1,4,0,1,0,0,0,0,255,255,255,38,2047.795,"_Chun",L,10,79,119,0.339,0.847,-0.407,2.219,0.159,2.582,-36.623,57.201,84,16,0,2,0,0,400,-3.285,0,0,1,5,3,R,"_Gosomi",175.2,85.038,0.47,3,76,W,Y,2048.874,215,61,128,80,59,145,90,25.16,21.606,0.96,0,0.457,104.001,-139.485,-16.123,-0.208,-36.739,0,"encounter v",0.003,-17.775,0,"Pring__",-21.097,-46.279,85,"SUGUN",-14.594,-63.092,0,"소솨소솨",20.455,-47.054,0,"CoalCat",10.023,-62.784,0,"Yaksok~",39.491,-89.647,0,"Yes_Man_",-12.318,-106.878,91,"Po_cari",-44.095,-83.927,0,2053.393,-25.876,-90.335,2054.004,7,"Yes_Man_",-26.561,-92.305,1,0,,,,,5,2
79,4,0,1,4,0,0,0,1,0,0,13,255,255,39,2074.718,"_Chun",L,26,93,140,0.51,0.594,-0.36,2.084,0.143,1.706,-36.623,41.181,75,25,0,2,0,66.468,-200,-20.32,0,0,1,6,5,R,"아침땅_",166.8,94.757,0.5,3,76,W,Y,2075.584,151,101,159,68,24,145,107,104.094,-72.541,0.14,0.143,0.301,114.085,244.175,46.361,-0.449,-36.926,0,"encounter v",-0.001,-17.775,0,"Pring__",-18.985,-42.061,0,"SUGUN",-11.498,-59.579,0,"소솨소솨",19.88,-47.126,0,"CoalCat",7.271,-62.056,0,"Yaksok~",36.704,-87.757,0,"Yes_Man_",-11.109,-106.141,0,"Po_cari",-39.738,-85.763,0,0,0,0,0,0,"",0,0,0,0,,,,,0,3
80,4,0,1,4,0,1,0,1,0,0,13,255,255,40,2095.461,"_Chun",L,26,90,140,2.105,-0.471,-0.26,1.898,0.796,1.123,-36.623,30.928,87,13,0,2,0,95.522,-200,-17.795,0,0,1,6,5,R,"아침땅_",166.8,94.757,0.5,3,39,W,Y,2096.377,127,85,110,73,26,138,89,-63.917,-56.769,-0.24,0.095,0.305,-257.223,-143.533,1.262,-0.011,-37.032,0,"encounter v",0.022,-17.785,0,"Pring__",-17.747,-42.296,0,"SUGUN",-11.378,-56.771,0,"소솨소솨",19.741,-48.133,0,"CoalCat",7.715,-61.793,0,"Yaksok~",38.354,-86.28,0,"Yes_Man_",-11.476,-106.363,0,"Po_cari",-40.892,-86.944,0,2096.348,0.89,-19.743,0,0,"",0,0,0,0,,,,,0,3
81,4,0,1,4,0,2,0,1,0,0,13,255,255,41,2118.849,"_Chun",L,10,75,104,1.24,0.205,-0.289,2.32,0.547,2.342,-36.623,58.828,78,22,0,0,0,0,400,-1.711,0.096,-19.906,0,6,5,R,"아침땅_",166.8,94.757,0.5,0,76,W,Y,0,0,0,0,0,0,0,0,0,0,0,0,0,0,0,0,-0.301,-37.254,0,"encounter v",0.006,-17.775,0,"Pring__",-18.187,-40.702,0,"SUGUN",-10.366,-57.623,0,"소솨소솨",19.776,-46.592,0,"CoalCat",6.033,-61.743,0,"Yaksok~",36.899,-86.088,0,"Yes_Man_",-10.584,-105.252,0,"Po_cari",-40.517,-87.405,0,0,0,0,0,0,"",0,0,0,0,2121.593,,,,0,0
82,4,0,1,4,0,0,1,1,0,0,13,255,255,42,2139.484,"_Chun",L,10,84,125,1.558,-1.26,-0.283,1.926,0.686,1.27,-36.623,32.947,86,14,0,1,0,0,400,-6.83,0,0,0,7,2,L,"Sabo_10",185.3,88,0.452,0,69,W,Y,0,0,0,0,0,0,0,0,0,0,0,0,0,0,0,0,-0.103,-37.174,0,"encounter v",-0.008,-17.495,0,"Pring__",-19.523,-40.23,0,"SUGUN",-9.534,-60.956,0,"소솨소솨",20.405,-44.677,0,"CoalCat",11.585,-62.299,0,"Yaksok~",63.605,-106.137,0,"Yes_Man_",4.16,-126.676,0,"Po_cari",-41.107,-87.742,0,0,0,0,0,0,"",0,0,0,0,2140.871,,,,0,0
83,4,0,1,4,0,1,1,1,0,0,13,255,255,43,2159.574,"_Chun",L,26,92,140,-1.319,0.15,-0.535,2.037,-0.673,1.505,-36.623,39.322,78,22,0,0,0,84.659,-200,-12.2,0,0,0,7,2,L,"Sabo_10",185.3,88,0.452,0,69,W,Y,0,0,0,0,0,0,0,0,0,0,0,0,0,0,0,0,-0.337,-37.457,0,"encounter v",-0.027,-17.507,0,"Pring__",-18.805,-40.851,0,"SUGUN",-8.419,-60.97,0,"소솨소솨",19.868,-45.041,0,"CoalCat",12.084,-61.955,0,"Yaksok~",63.6,-106.135,0,"Yes_Man_",-15.621,-124.109,0,"Po_cari",-44.819,-88.117,0,0,0,0,0,0,"",0,0,0,0,2160.615,,,,0,0
84,4,0,1,4,0,2,1,1,0,0,13,255,255,44,2176.799,"_Chun",L,26,88,140,-0.733,1.279,-0.486,2.146,-0.38,2.206,-36.623,46.111,80,20,0,1,0,55.912,-191.729,-7.471,0,0,0,7,2,L,"Sabo_10",185.3,88,0.452,0,69,W,Y,0,0,0,0,0,0,0,0,0,0,0,0,0,0,0,0,-0.339,-37.556,0,"encounter v",-0.076,-17.458,0,"Pring__",-18.816,-41.293,0,"SUGUN",-8.249,-61.266,0,"소솨소솨",19.887,-45.084,0,"CoalCat",13.233,-63.108,0,"Yaksok~",50.734,-88.922,0,"Yes_Man_",8.485,-126.075,0,"Po_cari",-44.003,-87.668,0,0,0,0,0,0,"",0,0,0,0,2177.893,,,,0,0
85,4,0,1,4,1,2,1,1,0,0,13,255,255,45,2194.117,"_Chun",L,13,87,126,2.849,-0.473,-0.331,2.083,0.705,1.7,-36.623,45.616,81,19,0,2,0,348.587,358.451,-11.525,0,0,0,7,2,L,"Sabo_10",185.3,88,0.452,3,69,W,Y,2194.965,200,85,89,114,72,145,120,26.085,-29.617,0.78,0,0.472,68.519,30.015,-8.138,-0.147,-36.914,0,"encounter v",0.301,-17.608,0,"Pring__",-17.822,-41.67,88,"SUGUN",-9.122,-60.994,0,"소솨소솨",19.829,-45.027,0,"CoalCat",13.088,-63.175,0,"Yaksok~",47.66,-92.637,128,"Yes_Man_",14.549,-123.831,0,"Po_cari",-44.31,-86.964,0,0,0,0,2199.604,6,"Yaksok~",48.641,-105.181,0,0,,,,,6,1
86,4,0,1,4,0,0,2,1,0,0,13,255,255,46,2222.088,"_Chun",L,26,87,140,0.487,1.017,-0.369,2.171,0.185,2.057,-36.623,48.02,78,22,0,1,0,28.336,-200,-16.428,0,0,0,8,4,R,"Pugeuk",190,86.201,0.347,0,75,W,Y,0,0,0,0,0,0,0,0,0,0,0,0,0,0,0,0,-0.328,-36.884,0,"encounter v",-0.08,-17.649,0,"Pring__",-19.943,-40.192,0,"SUGUN",-13.212,-62.076,0,"소솨소솨",20.447,-45.004,0,"CoalCat",9.174,-63.994,0,"Yaksok~",39.787,-96.975,0,"Yes_Man_",-18.105,-124.29,0,"Po_cari",-48.63,-90.814,0,0,0,0,0,0,"",0,0,0,0,2223.482,,,,0,0
87,4,0,1,4,1,0,2,1,0,0,13,255,255,47,2239.642,"_Chun",L,26,89,140,1.072,0.954,-0.327,2.169,0.42,2.018,-36.623,45.979,74,26,0,0,0,42.24,-200,-13.215,0,0,0,8,4,R,"Pugeuk",190,86.201,0.347,0,75,W,Y,0,0,0,0,0,0,0,0,0,0,0,0,0,0,0,0,-0.179,-37.787,0,"encounter v",-0.076,-17.653,0,"Pring__",-18.708,-41.445,0,"SUGUN",-13.274,-62.09,0,"소솨소솨",20,-45.571,0,"CoalCat",10.029,-64.398,0,"Yaksok~",39.19,-96.428,0,"Yes_Man_",-19.861,-123.444,0,"Po_cari",-47.731,-91.596,0,0,0,0,0,0,"",0,0,0,0,2240.982,,,,0,0
88,4,0,1,4,1,1,2,1,0,0,13,255,255,48,2257.379,"_Chun",L,13,79,105,0.074,-1.279,-0.681,1.92,-0.634,1.288,-36.623,44.609,90,10,0,2,0,346.501,343.847,1.128,0,0,1,8,4,R,"Pugeuk",190,86.201,0.347,3,75,W,Y,2258.451,226,211,116,171,77,145,97,-30,-17.311,0.95,0,0.942,110.596,-189.975,-180.07,-0.534,-37.099,96,"encounter v",-0.104,-17.903,0,"Pring__",-17.509,-42.601,0,"SUGUN",-12.044,-62.578,0,"소솨소솨",20.019,-45.565,0,"CoalCat",10.003,-64.381,0,"Yaksok~",39.279,-96.548,0,"Yes_Man_",-20.095,-124.264,0,"Po_cari",-48.323,-91.202,0,2258.459,0.333,-22.68,2259.582,0,"_Chun",2.415,-36.778,0,0,,2262.927,,,4,2
89,5,1,1,4,0,0,0,0,0,0,255,255,255,39,2302.208,"인생최패망자",R,32,87,140,0.233,0.125,0.847,1.393,-0.244,1.638,-36.743,63.581,5,95,0,2,0,230.427,-68.502,3.165,0,0,1,5,1,L,"encounter v",190,84.791,0.423,3,75,W,Y,2303.183,238,82,101,78,26,145,130,-30,-47.775,0.56,0,0.301,-125.117,-527.564,122.468,0.338,-36.695,0,"눈꽃",-0.03,-17.887,0,"Sabo_10",-22.299,-49.681,0,"_Gosomi",-11.346,-64.71,0,"Pugeuk",21.102,-48.549,0,"아침땅_",15.403,-63.518,0,"MODECO",56.415,-100.684,0,"うよすま",7.981,-116.734,0,"ディシジョン",-46.327,-98.595,0,2303.204,1.876,-20.882,0,0,"",0,0,0,0,,,,,0,3
90,5,1,1,4,0,1,0,0,0,0,255,255,255,40,2316.629,"인생최패망자",R,32,93,140,-2.009,0.587,0.653,1.457,-1.151,1.845,-36.743,38.551,0,100,0,2,0,183.372,-163.549,10.191,0,0,1,5,1,L,"encounter v",190,84.791,0.423,3,40,W,Y,2317.699,177,73,101,81,47,145,114,112.521,-16.399,0.14,0,0.363,160.926,-345.643,42.249,0.213,-37.016,0,"눈꽃",-0.137,-17.918,0,"Sabo_10",-22.698,-48.904,0,"_Gosomi",-12.199,-64.364,0,"Pugeuk",21.972,-48.102,0,"아침땅_",15.618,-63.224,0,"MODECO",57.507,-100,0,"うよすま",9.816,-116.728,0,"ディシジョン",-41.699,-103.068,0,0,0,0,0,0,"",0,0,0,0,,,,,0,3
91,5,1,1,4,0,2,0,0,0,0,255,255,255,41,2333.411,"인생최패망자",R,13,72,99,2.296,-1.436,1.144,1.234,1.713,1.234,-36.743,95.715,12,88,0,4,0,-344.378,321.847,-8.37,0,0,1,5,1,L,"encounter v",190,84.791,0.423,0,40,W,Y,0,0,0,0,0,0,0,0,0,0,0,0,0,0,0,0,0.16,-37.663,0,"눈꽃",0.004,-17.911,0,"Sabo_10",-23.167,-46.806,0,"_Gosomi",-14.255,-64.433,0,"Pugeuk",22.828,-48.41,0,"아침땅_",16.518,-62.883,0,"MODECO",58.734,-100.224,0,"うよすま",8.077,-119.499,0,"ディシジョン",-43.63,-102.144,0,0,0,0,0,0,"",0,0,0,0,2334.593,,,,0,0
92,5,1,1,4,0,0,1,0,0,0,255,255,255,42,2352.989,"인생최패망자",R,32,91,140,1.11,0.187,0.824,1.397,0.113,1.651,-36.743,57.851,7,93,0,0,0,250,-72.542,9.927,0,0,0,6,5,R,"CoalCat",174.6,82.838,0.435,0,75,W,Y,0,0,0,0,0,0,0,0,0,0,0,0,0,0,0,0,0.188,-37.472,0,"눈꽃",-0.034,-17.963,0,"Sabo_10",-23.062,-48.413,0,"_Gosomi",-16.265,-62.501,0,"Pugeuk",19.311,-49.231,0,"아침땅_",12.792,-65.062,0,"MODECO",45.648,-95.022,0,"うよすま",-3.598,-112.447,0,"ディシジョン",-50.129,-94.033,0,0,0,0,0,0,"",0,0,0,0,2354.226,,,,0,0
93,5,1,1,4,0,1,1,0,0,0,255,255,255,43,2367.026,"인생최패망자",R,3,80,107,-2.467,-0.855,0.719,1.18,-0.253,1.142,-36.743,70.442,7,63,30,4,0,-430.566,0,6.018,0,0,1,6,5,R,"CoalCat",174.6,82.838,0.435,0,75,W,Y,0,0,0,0,0,0,0,0,0,0,0,0,0,0,0,0,0.222,-37.364,0,"눈꽃",-0.546,-17.963,0,"Sabo_10",-23.532,-45.648,0,"_Gosomi",-16.039,-62.307,0,"Pugeuk",18.514,-49.807,0,"아침땅_",12.799,-65.043,0,"MODECO",45.172,-94.535,0,"うよすま",-3.568,-110.376,0,"ディシジョン",-50.137,-94.056,0,0,0,0,0,0,"",0,0,0,0,2368.504,,,,0,0
94,5,1,1,4,0,2,1,0,0,0,255,255,255,44,2383.222,"인생최패망자",R,32,92,140,-1.932,1.57,0.566,1.517,-1.09,2.424,-36.743,30.721,0,100,0,4,0,167.141,-100.639,15.87,0,0,1,6,5,R,"CoalCat",174.6,82.838,0.435,0,75,W,Y,0,0,0,0,0,0,0,0,0,0,0,0,0,0,0,0,0.308,-37.412,0,"눈꽃",-0.345,-17.867,0,"Sabo_10",-23.171,-47.259,0,"_Gosomi",-16.319,-62.481,0,"Pugeuk",18.575,-49.814,0,"아침땅_",12.038,-65.297,0,"MODECO",47.532,-97.359,0,"うよすま",-3.959,-109.369,0,"ディシジョン",-50.138,-94.052,0,0,0,0,0,0,"",0,0,0,0,2384.459,,,,0,0
95,5,1,1,4,0,0,2,0,0,0,255,255,255,45,2401.679,"인생최패망자",R,32,89,140,1.435,0.289,0.854,1.422,0.253,1.723,-36.743,67.157,2,98,0,2,0,250,-60.258,4.127,0,0,1,7,8,R,"Po_cari",175.3,85,0.45,3,76,W,Y,2402.762,241,83,83,55,17,145,127,-30,28.267,0.48,0,0.309,-110.021,-34.142,31.379,0.338,-37.198,120,"눈꽃",-0.094,-17.79,0,"Sabo_10",-22.817,-48.93,90,"_Gosomi",-16.307,-62.609,0,"Pugeuk",18.501,-49.735,0,"아침땅_",11.957,-65.198,0,"MODECO",38.088,-97.479,0,"うよすま",-3.786,-109.263,0,"ディシジョン",-50.127,-94.054,110,2402.815,-0.563,-19.508,2406.526,8,"ディシジョン",-37.835,-89.341,1,0,,2433.556,,,136,2
96,5,1,1,4,0,0,2,0,1,0,255,8,255,46,2457.264,"인생최패망자",R,13,84,108,-2.43,-1.332,0.689,1.208,-0.345,1.234,-36.743,64.848,7,93,0,4,0,-378.302,318.651,-3.462,0,0,1,8,9,R,"ddil_ddil69",190,89.899,0.397,0,37,W,Y,0,0,0,0,0,0,0,0,0,0,0,0,0,0,0,0,0.007,-37.503,0,"눈꽃",-0.678,-17.863,0,"Sabo_10",-20.911,-45.388,0,"_Gosomi",-14.05,-60.5,0,"Pugeuk",19.827,-45.1,0,"아침땅_",11.178,-67.211,0,"MODECO",42,-103.399,0,"うよすま",-4.597,-114.72,0,"ディシジョン",-51.479,-92.491,0,0,0,0,0,0,"",0,0,0,0,2458.737,2460.582,,,0,0
97,5,1,1,4,0,1,2,0,1,0,255,8,255,47,2474.575,"인생최패망자",R,13,82,120,-1.543,-0.851,0.792,1.341,-0.036,1.454,-36.743,73.618,8,92,0,2,0,-390.434,312.348,-14.397,0,0,1,8,9,R,"ddil_ddil69",190,89.899,0.397,3,75,W,Y,2475.738,255,118,143,97,54,145,87,-22.625,58.441,1,0,0.808,404.516,-350.054,50.663,-0.174,-37.201,0,"눈꽃",-0.45,-17.81,0,"Sabo_10",-22.149,-45.015,0,"_Gosomi",-17.06,-61.55,0,"Pugeuk",19.991,-49.234,0,"아침땅_",8.857,-69.472,0,"MODECO",42.424,-103.186,0,"うよすま",-5.073,-113.077,0,"ディシジョン",-51.495,-92.523,0,2475.915,-2.78,-21.861,0,0,"",0,0,0,0,,2480.7,,,0,3
98,5,1,1,4,0,2,2,0,1,0,255,8,255,48,2492.296,"인생최패망자",R,13,90,113,-4.703,-0.269,0.367,1.496,-1.343,1.855,-36.743,31.586,0,100,0,4,0,-390.434,312.348,25.24,0,0,1,8,9,R,"ddil_ddil69",190,89.899,0.397,0,75,W,Y,0,0,0,0,0,0,0,0,0,0,0,0,0,0,0,0,-0.238,-37.827,0,"눈꽃",-0.204,-18.373,0,"Sabo_10",-23.233,-45.608,0,"_Gosomi",-17.436,-59.932,0,"Pugeuk",19.93,-47.367,0,"아침땅_",7.789,-69.281,0,"MODECO",44.419,-104.725,0,"うよすま",-4.361,-115.399,0,"ディシジョン",-51.235,-91.941,0,0,0,0,0,0,"",0,0,0,0,2493.748,2495.828,,,0,0
99,5,0,1,4,0,0,0,0,0,0,255,255,255,49,2529.973,"_Chun",L,26,85,138,0.766,1.501,-0.352,2.135,0.233,2.263,-36.623,46.169,74,26,0,2,0,80.937,-200,-19.358,0,0,1,0,9,R,"_송글_",174.9,90.478,0.316,3,76,W,Y,2530.872,196,77,104,28,0,145,109,32.387,-4.601,0.12,0,0.573,59.071,3.308,-13.521,-0.091,-37.017,0,"encounter v",-0.026,-17.717,0,"Pring__",-20.732,-45.753,87,"SUGUN",-14.794,-59.873,0,"소솨소솨",19.906,-46.238,0,"CoalCat",10.003,-64.539,0,"Yaksok~",40.049,-89.003,0,"Yes_Man_",-11.077,-107.27,97,"Po_cari",-43.838,-87.165,0,0,0,0,2536.026,7,"Yes_Man_",7.283,-106.698,0,0,,,,,5,1
100,5,0,1,4,0,0,1,0,0,0,255,255,255,50,2555.107,"_Chun",L,26,91,140,0.821,0.193,-0.318,2.022,0.27,1.471,-36.623,34.618,81,19,0,2,0,71.702,-198.257,-12.47,0,0,1,1,7,R,"うよすま",160,85.385,0.5,3,75,W,Y,2556.013,255,47,130,94,11,145,119,26.191,-0.993,0.35,0,0.312,140.243,-406.243,13.374,-0.498,-36.815,0,"encounter v",0.027,-17.789,0,"Pring__",-19.962,-45.905,0,"SUGUN",-13.758,-62.808,79,"소솨소솨",19.259,-45.91,111,"CoalCat",9.58,-65.004,96,"Yaksok~",37.712,-85.988,0,"Yes_Man_",-5.648,-110.939,103,"Po_cari",-40.712,-84.637,0,2560.993,11.837,-123.297,2563.726,7,"Yes_Man_",15.737,-131.382,1,0,,2565.934,,,89,2
101,5,0,1,4,0,0,1,0,1,0,255,17,255,51,2594.197,"_Chun",L,26,83,134,0.708,0.401,-0.349,2.062,0.158,1.661,-36.623,37.93,80,20,0,0,0,112.455,-200,-18.141,0,0,1,2,6,R,"MODECO",190,85,0.451,0,46,W,Y,0,0,0,0,0,0,0,0,0,0,0,0,0,0,0,0,-0.342,-37.107,0,"encounter v",-0.069,-17.621,0,"Pring__",-21.754,-47.952,0,"SUGUN",-4.465,-63.077,0,"소솨소솨",20.297,-45.75,0,"CoalCat",6.263,-61.189,0,"Yaksok~",39.735,-89.484,0,"Yes_Man_",-14.662,-121.979,0,"Po_cari",-43.402,-87.826,0,0,0,0,0,0,"",0,0,0,0,2595.482,2596.709,,,0,0
102,5,0,1,4,0,1,1,0,1,0,255,17,255,52,2609.808,"_Chun",L,10,74,104,1.043,-1.048,-0.282,1.977,0.462,1.513,-36.623,33.241,91,9,0,4,0,0,400,6.159,0,0,1,2,6,R,"MODECO",190,85,0.451,0,46,W,Y,0,0,0,0,0,0,0,0,0,0,0,0,0,0,0,0,-0.333,-37.384,0,"encounter v",-0.032,-17.677,0,"Pring__",-21.674,-47.112,0,"SUGUN",-5.907,-63.796,0,"소솨소솨",20.715,-45.665,0,"CoalCat",8.335,-59.717,0,"Yaksok~",37.797,-88.414,0,"Yes_Man_",-14.632,-122.253,0,"Po_cari",-43.285,-88.16,0,0,0,0,0,0,"",0,0,0,0,2611.304,2613.435,,,0,0
103,5,0,1,4,0,2,1,0,1,0,255,17,255,53,2630.186,"_Chun",L,10,85,112,1.319,-1.791,-0.244,1.836,0.58,0.99,-36.623,24.77,88,12,0,2,0,0,400,-7.553,0,0,1,2,6,R,"MODECO",190,85,0.451,3,46,W,Y,2631.238,0,0,0,0,0,0,36,5.697,-11.692,0.95,0,0.678,-517.189,253.795,-167.64,-0.055,-37.237,120,"encounter v",0.004,-17.814,0,"Pring__",-21.005,-47.315,77,"SUGUN",-7.638,-63.57,0,"소솨소솨",20.252,-46.48,0,"CoalCat",9.862,-59.72,0,"Yaksok~",39.853,-91.395,0,"Yes_Man_",-14.311,-122.266,0,"Po_cari",-43.251,-88.038,0,2631.837,1.466,-26.936,2633.026,0,"_Chun",3.33,-34.487,0,0,,2636.722,,,4,2
104,5,0,1,4,0,0,2,0,1,0,255,17,255,54,2658.303,"_Chun",L,26,77,128,1.359,1.132,-0.359,2.2,0.444,2.109,-36.623,55.655,75,25,0,1,0,104.854,-200,-16.93,0,0,0,3,8,R,"ディシジョン",190,92.496,0.622,0,34,W,Y,0,0,0,0,0,0,0,0,0,0,0,0,0,0,0,0,-0.443,-36.849,117,"encounter v",0.011,-17.61,0,"Pring__",-20.693,-46.072,0,"SUGUN",-8.017,-65.163,0,"소솨소솨",20.43,-42.903,0,"CoalCat",8.978,-61.859,0,"Yaksok~",37.346,-90.137,0,"Yes_Man_",-16.675,-125.492,0,"Po_cari",-44.536,-89.289,0,0,0,0,0,0,"",0,0,0,0,2659.748,2661.063,,,0,0
105,5,0,1,4,1,0,2,0,1,0,255,17,255,55,2688.687,"_Chun",L,26,72,124,-0.013,1.006,-0.42,2.126,-0.065,2.026,-36.623,63.673,78,22,0,2,0,45.975,-200,-10.192,0,0,1,3,8,R,"ディシジョン",190,92.496,0.622,3,34,W,Y,2689.71,175,107,208,25,5,145,119,30.702,26.176,0.18,0.143,0.423,122.094,415.979,-192.247,-0.468,-36.671,0,"encounter v",-0.003,-17.693,0,"Pring__",-20.602,-46.192,0,"SUGUN",-10.009,-64.79,0,"소솨소솨",20.345,-45.252,0,"CoalCat",8.007,-62.35,75,"Yaksok~",38.03,-88.71,0,"Yes_Man_",-16.807,-125.394,0,"Po_cari",-45.117,-88.933,91,2694.948,-54.696,-109.771,2696.426,8,"Po_cari",-54.051,-112.155,1,0,,2700.639,2694.608,2699.333,192,2
106,5,0,1,5,0,0,2,0,1,0,255,18,255,56,2724.086,"_Chun",L,10,79,119,0.272,-2.057,-0.404,1.769,0.126,0.776,-36.623,19.779,90,10,0,1,0,2.107,400,-1.181,0.079,-19.41,0,4,1,L,"눈꽃",190,80,0.497,0,75,W,Y,0,0,0,0,0,0,0,0,0,0,0,0,0,0,0,0,-0.26,-37.689,0,"encounter v",0.015,-17.692,0,"Pring__",-20.659,-46.363,0,"SUGUN",-12.618,-63.602,0,"소솨소솨",20.503,-44.751,0,"CoalCat",12.063,-62.143,0,"Yaksok~",46.074,-93.863,0,"Yes_Man_",9.419,-124.632,0,"Po_cari",-49.839,-92.391,0,0,0,0,0,0,"",0,0,0,0,2725.493,2726.576,,,0,0
107,5,0,1,5,1,0,2,0,1,0,255,18,255,57,2738.545,"_Chun",L,10,77,105,-0.785,-1.386,-0.536,1.875,-0.327,1.297,-36.623,29.582,96,4,0,4,0,0,400,1.751,0,0,0,4,1,L,"눈꽃",190,80,0.497,0,75,W,Y,0,0,0,0,0,0,0,0,0,0,0,0,0,0,0,0,-0.331,-37.762,0,"encounter v",0.002,-17.707,0,"Pring__",-20.606,-46.331,0,"SUGUN",-11.281,-64.782,0,"소솨소솨",20.681,-45.093,0,"CoalCat",11.714,-62.05,0,"Yaksok~",46.285,-94.014,0,"Yes_Man_",12.21,-126.893,0,"Po_cari",-49.684,-92.438,0,0,0,0,0,0,"",0,0,0,0,2740.048,2741.248,,,0,0
108,5,0,1,5,1,1,2,0,1,0,255,18,255,58,2755.001,"_Chun",L,26,88,140,-0.289,1.157,-0.46,2.207,-0.17,2.145,-36.623,49.444,77,23,0,1,0,42.911,-200,-11.541,0,0,0,4,1,L,"눈꽃",190,80,0.497,0,75,W,Y,0,0,0,0,0,0,0,0,0,0,0,0,0,0,0,0,-0.142,-37.711,0,"encounter v",-0.011,-17.593,0,"Pring__",-20.602,-46.239,0,"SUGUN",-13.046,-64.13,0,"소솨소솨",20.326,-45.003,0,"CoalCat",11.776,-62.079,0,"Yaksok~",46.265,-94.005,0,"Yes_Man_",3.982,-125.853,0,"Po_cari",-49.745,-92.475,0,0,0,0,0,0,"",0,0,0,0,2756.448,2758.226,,,0,0
109,5,0,1,5,2,1,2,0,1,0,255,18,255,59,2770.08,"_Chun",L,10,82,123,-1.916,0.302,-0.624,2.142,-0.816,2.229,-36.623,52.781,79,21,0,2,0,0,400,-5.78,0,0,0,4,1,L,"눈꽃",190,80,0.497,3,75,W,Y,2771.09,255,111,72,63,26,143,117,25.71,28.071,0.17,0,0.411,-51.541,-558.576,-179.203,-0.49,-36.884,0,"encounter v",-0.074,-17.702,0,"Pring__",-20.649,-46.413,0,"SUGUN",-11.679,-64.061,0,"소솨소솨",20.416,-45.134,0,"CoalCat",12.229,-61.947,81,"Yaksok~",46.237,-94.013,0,"Yes_Man_",-3.687,-125.641,100,"Po_cari",-50.365,-92.848,0,2775.615,-34.977,-114.797,2778.082,7,"Yes_Man_",-32.997,-121.896,1,0,,2781.095,2776.203,2781.455,65,2
110,5,0,1,6,0,0,2,0,1,0,255,11,255,60,2805.014,"_Chun",L,26,89,140,1.679,0.247,-0.248,2.033,0.583,1.538,-36.623,34.201,83,17,0,2,0,115.077,-200,-20.315,0,0,1,5,3,R,"_Gosomi",175.2,85.038,0.47,3,44,W,Y,2806.091,138,66,164,70,36,143,114,101.197,-63.725,0.19,0,0.434,62.24,320.569,-29.547,-0.034,-37.156,0,"encounter v",0.018,-17.649,0,"Pring__",-19.857,-45.504,0,"SUGUN",-15.336,-62.969,0,"소솨소솨",19.539,-45.645,0,"CoalCat",9.005,-61.144,0,"Yaksok~",35.495,-88.117,0,"Yes_Man_",-13.794,-113.524,0,"Po_cari",-47.221,-90.93,0,0,0,0,0,0,"",0,0,0,0,,2808.588,,,0,3
111,5,0,1,6,0,1,2,0,1,0,255,11,255,61,2823.712,"_Chun",L,26,89,140,1.058,-0.617,-0.347,1.87,0.388,1.061,-36.623,27.608,84,16,0,0,0,61.805,-177.666,-15.944,0,0,0,5,3,R,"_Gosomi",175.2,85.038,0.47,0,44,W,Y,0,0,0,0,0,0,0,0,0,0,0,0,0,0,0,0,-0.143,-37.935,0,"encounter v",-0.064,-17.547,0,"Pring__",-21.004,-46.795,0,"SUGUN",-13.92,-63.767,0,"소솨소솨",19.304,-44.827,0,"CoalCat",7.752,-62.286,0,"Yaksok~",35.761,-87.913,0,"Yes_Man_",-12.559,-113.65,0,"Po_cari",-44.136,-96.281,0,0,0,0,0,0,"",0,0,0,0,2825.048,2826.245,,,0,0
112,5,0,1,6,0,2,2,0,1,0,255,11,255,62,2838.351,"_Chun",L,14,76,103,-2.908,-0.723,-0.536,2.067,-0.513,1.665,-36.623,40.515,88,12,0,4,0,-365.589,312.348,-10.752,0,0,1,5,3,R,"_Gosomi",175.2,85.038,0.47,0,44,W,Y,0,0,0,0,0,0,0,0,0,0,0,0,0,0,0,0,-0.526,-37.776,0,"encounter v",-0.572,-17.5,0,"Pring__",-20.246,-44.973,0,"SUGUN",-14.536,-63.076,0,"소솨소솨",19.992,-43.973,0,"CoalCat",7.562,-61.885,0,"Yaksok~",34.78,-87.474,0,"Yes_Man_",-13.146,-113.464,0,"Po_cari",-44.146,-96.301,0,0,0,0,0,0,"",0,0,0,0,2839.926,,,,0,0
113,6,1,1,6,0,0,0,0,0,0,255,255,255,49,2882.682,"인생최패망자",R,32,89,140,1.061,0.2,0.819,1.409,0.09,1.678,-36.743,60.211,8,92,0,2,0,250,-53.385,7.439,0,0,1,0,7,R,"Yes_Man_",174.8,84.826,0.502,3,75,W,Y,2883.784,211,56,110,63,28,145,87,92.916,82.9,-0.72,0,0.412,128.095,30.775,-31.392,0.196,-36.917,0,"눈꽃",0.003,-17.859,0,"Sabo_10",-23.214,-49.101,0,"_Gosomi",-14.135,-62.56,0,"Pugeuk",18.676,-50.627,0,"아침땅_",11.35,-65.386,0,"MODECO",41.013,-95.78,0,"うよすま",-4.353,-115.247,0,"ディシジョン",-47.363,-91.336,0,0,0,0,0,0,"",0,0,0,0,,,,,0,3
114,6,1,1,6,0,1,0,0,0,0,255,255,255,50,2899.481,"인생최패망자",R,13,80,105,-0.264,-1.589,0.992,1.212,0.596,1.206,-36.743,77.748,9,91,0,2,0,-367.826,318.609,-13.893,0,0,1,0,7,R,"Yes_Man_",174.8,84.826,0.502,3,74,W,Y,2900.725,134,138,103,97,65,141,107,-30,45.697,0.91,0,0.641,123.36,-39.191,66.094,0.348,-37.396,0,"눈꽃",-0.064,-17.935,0,"Sabo_10",-23.739,-49.321,97,"_Gosomi",-14.768,-62.745,0,"Pugeuk",19.519,-50.5,0,"아침땅_",11.739,-65.31,0,"MODECO",42.731,-97.117,0,"うよすま",-5.06,-113.581,0,"ディシジョン",-47.923,-91.256,0,2900.726,-0.727,-21.346,2902.404,2,"Sabo_10",-23.983,-44.067,0,0,,,,,128,2
115,6,1,1,6,0,0,1,0,0,0,255,255,255,51,2923.124,"인생최패망자",R,3,76,114,0.118,-0.038,0.9,1.384,0.924,1.603,-36.743,77.925,13,87,0,2,0,-499.999,0.969,-0.588,0,0,1,1,6,R,"Yaksok~",190,80,0.332,3,75,W,Y,2924.148,161,134,107,97,76,145,130,26.95,22.667,0.59,0,0.324,147.947,-130.901,40.614,0.093,-37.025,0,"눈꽃",-0.063,-17.889,0,"Sabo_10",-22.465,-49.21,0,"_Gosomi",-16.522,-61.851,0,"Pugeuk",19.14,-51.026,0,"아침땅_",12.308,-67.727,86,"MODECO",47.955,-105.36,0,"うよすま",-3.114,-116.809,0,"ディシジョン",-52.123,-94.331,0,2929.348,-39.426,-121.647,2931.582,7,"うよすま",-35.414,-112.574,1,0,,2934.845,,,66,2
116,6,1,1,6,0,0,1,0,1,0,255,6,255,52,2961.623,"인생최패망자",R,13,77,103,-0.304,-1.382,0.866,1.225,0.631,1.19,-36.743,82.359,12,88,0,2,0,-382.839,287.813,-6.95,0,0,1,2,2,L,"Pring__",190,93.089,0.485,3,75,W,Y,2962.591,194,211,48,108,115,135,114,-30,-34.231,0.89,0,0.744,78.073,223.222,65.809,0.038,-37.019,0,"눈꽃",-0.132,-17.922,0,"Sabo_10",-20.933,-47.324,90,"_Gosomi",-4.399,-60.1,0,"Pugeuk",19.538,-47.354,120,"아침땅_",14.989,-63.634,0,"MODECO",57.721,-101.125,0,"うよすま",5.366,-120.894,0,"ディシジョン",-46.355,-103.809,0,2962.704,0.643,-22.167,2964.126,4,"Pugeuk",16.299,-45.24,0,0,,2965.272,,,384,2
117,6,1,1,6,0,0,2,0,1,0,255,6,255,53,2991.346,"인생최패망자",R,3,84,110,0.404,-0.56,0.921,1.247,0.965,1.283,-36.743,87.596,12,88,0,2,0,-432.793,0,-10.757,0,0,1,3,4,R,"소솨소솨",190,80,0.498,3,75,W,Y,2992.493,255,133,135,92,58,145,130,25.633,11.305,0.3,0,0.601,358.77,283.729,327.616,0.018,-36.931,0,"눈꽃",-0.135,-18.133,0,"Sabo_10",-22.402,-46.967,0,"_Gosomi",-14.677,-63.403,0,"Pugeuk",19.958,-48.123,0,"아침땅_",10.715,-65.733,0,"MODECO",52.158,-108.905,0,"うよすま",-7.333,-116.745,0,"ディシジョン",-54.607,-95.25,0,2997.904,-32.652,-134.819,0,0,"",0,0,0,0,,3003.143,2997.129,3002.657,0,4
118,6,1,3,6,0,0,2,0,0,0,255,255,255,54,3041.18,"인생최패망자",R,13,83,108,-1.263,-1.283,0.87,1.196,0.216,1.207,-36.743,69.775,8,92,0,4,0,-408.832,276.782,-4.487,0,0,1,4,3,R,"SUGUN",190,82.092,0.496,0,75,W,Y,0,0,0,0,0,0,0,0,0,0,0,0,0,0,0,0,0.361,-37.037,0,"눈꽃",-0.16,-17.819,0,"Sabo_10",-22.648,-47.393,0,"_Gosomi",-12.811,-61.039,0,"Pugeuk",19.62,-49.745,0,"아침땅_",11.691,-68.195,0,"MODECO",53.454,-97.524,0,"うよすま",-5.228,-118.999,0,"ディシジョン",-52.167,-99.122,0,0,0,0,0,0,"",0,0,0,0,3042.459,,,,0,0
119,6,1,3,6,0,1,2,0,0,0,255,255,255,55,3058.56,"인생최패망자",R,32,94,140,-0.91,-0.488,0.636,1.28,-0.763,1.257,-36.743,49.164,4,96,0,0,0,250,-65.98,6.541,0.324,-21.615,1,4,3,R,"SUGUN",190,82.092,0.496,0,75,W,Y,0,0,0,0,0,0,0,0,0,0,0,0,0,0,0,0,0.168,-37.344,0,"눈꽃",-0.041,-18.759,0,"Sabo_10",-23.25,-47.731,0,"_Gosomi",-12.811,-61.039,0,"Pugeuk",19.76,-49.918,0,"아침땅_",8.373,-69.181,0,"MODECO",53.787,-96.994,0,"うよすま",-7.919,-118.906,0,"ディシジョン",-53.146,-98.743,0,0,0,0,0,0,"",0,0,0,0,,,,,0,0
120,6,1,3,6,0,2,2,0,0,0,255,255,255,56,3078.368,"인생최패망자",R,32,91,140,-0.416,-0.428,0.682,1.293,-0.549,1.298,-36.743,49.135,6,94,0,2,0,250,-61.894,5.945,0,0,1,4,3,R,"SUGUN",190,82.092,0.496,3,75,W,Y,3079.404,166,32,71,32,0,137,116,12.265,26.818,0.2,0,0.18,298.034,67.196,-158.676,0.088,-36.83,0,"눈꽃",-0.171,-17.887,0,"Sabo_10",-22.755,-49.254,0,"_Gosomi",-12.811,-61.039,0,"Pugeuk",19.646,-49.79,0,"아침땅_",11.553,-67.536,91,"MODECO",54.261,-96.748,0,"うよすま",-7.94,-119.133,0,"ディシジョン",-53.035,-98.637,105,3082.871,-39.199,-95.183,3083.471,8,"ディシジョン",-41.526,-99.564,1,0,,,,,72,2
121,6,1,3,6,0,0,2,1,0,0,3,255,255,57,3105.567,"인생최패망자",R,32,90,140,-0.33,0.029,0.69,1.378,-0.512,1.573,-36.743,51.058,5,95,0,2,0,250,-74.146,2.371,0,0,1,5,1,L,"encounter v",190,84.791,0.423,3,75,W,Y,3106.493,255,100,116,83,37,145,130,-30,-47.169,0.6,0,0.489,31.073,-308.131,0.553,0.081,-36.906,0,"눈꽃",-0.065,-17.843,0,"Sabo_10",-19.063,-43.442,0,"",0,0,0,"Pugeuk",22.43,-48.832,0,"아침땅_",15.798,-63.053,0,"MODECO",55.319,-101.601,0,"うよすま",8.505,-121.077,0,"ディシジョン",-46.826,-99.683,0,3106.582,1.928,-20.188,0,0,"",0,0,0,0,,,,,1,3
122,6,1,3,6,0,1,2,1,0,0,3,255,255,58,3143.27,"인생최패망자",R,0,87,140,-1.656,-0.269,0.641,1.34,-0.741,1.451,-36.743,55.643,5,95,0,2,0,0,0,0,0,0,1,5,1,L,"encounter v",190,84.791,0.423,3,39,W,Y,3144.232,255,47,122,78,25,145,100,-19.459,-20.203,-0.33,0,0.43,-235.487,-418.623,145.66,0.186,-37.093,0,"눈꽃",-0.159,-17.9,0,"Sabo_10",-19.046,-45.488,0,"_송글_",-11.471,-63.248,0,"Pugeuk",23.002,-49.078,0,"아침땅_",15.418,-63.42,86,"MODECO",56.626,-100.073,0,"うよすま",10.534,-121.883,0,"ディシジョン",-43.688,-102.673,0,3144.271,0.503,-21.939,3146.393,5,"아침땅_",13.318,-56.952,0,0,,,,,448,2
123,6,0,3,6,0,0,0,0,0,0,255,255,255,63,3198.207,"_Chun",L,26,91,140,3.162,-0.605,-0.306,2.083,0.429,1.702,-36.623,42.342,78,22,0,2,0,67.939,-200,-17.671,0,0,1,6,5,R,"아침땅_",166.8,94.757,0.5,3,75,W,Y,3199.14,66,85,50,38,32,85,63,31.272,27.72,-0.77,0,0.29,43.534,-30.324,-46.189,-0.178,-37.059,0,"encounter v",0.001,-17.794,0,"Pring__",-20.651,-46.521,86,"SUGUN",-15.796,-61.596,0,"소솨소솨",19.03,-45.887,0,"CoalCat",9.196,-61.495,0,"Yaksok~",40.572,-90.538,0,"Yes_Man_",-10.867,-111.373,0,"Po_cari",-48.261,-94.039,0,0,0,0,3202.582,2,"Pring__",-17.644,-54.492,0,0,,,,,4,1
124,6,0,3,6,0,0,1,0,0,0,255,255,255,64,3221.231,"_Chun",L,14,89,126,-0.148,-0.705,-0.317,1.999,0.531,1.523,-36.623,34.632,85,15,0,0,0,-376.143,329.418,0,0,0,0,7,2,L,"Sabo_10",185.3,88,0.452,0,76,W,Y,0,0,0,0,0,0,0,0,0,0,0,0,0,0,0,0,0.094,-38.029,0,"encounter v",-0.061,-17.639,0,"Pring__",-20.127,-45.623,0,"SUGUN",-10.792,-64.184,0,"소솨소솨",19.644,-45.513,0,"CoalCat",10.835,-63.477,0,"Yaksok~",61.378,-103.17,0,"Yes_Man_",6.14,-126.42,0,"Po_cari",-47.746,-96.087,0,0,0,0,0,0,"",0,0,0,0,3222.837,,,,0,0
125,6,0,3,6,0,1,1,0,0,0,255,255,255,65,3240.375,"_Chun",L,10,90,128,-0.685,-0.901,-0.455,2.029,-0.285,1.475,-36.623,38.031,78,22,0,2,0,0,400,0,0,0,1,7,2,L,"Sabo_10",185.3,88,0.452,3,76,W,Y,3241.311,140,148,101,118,68,144,110,-30,6.015,0.92,0,0.741,-12.926,111.111,125.162,-0.11,-36.774,93,"encounter v",-0.044,-17.922,0,"Pring__",-19.964,-45.464,0,"SUGUN",-11.189,-64.327,0,"소솨소솨",19.711,-45.792,0,"CoalCat",10.801,-63.375,0,"Yaksok~",63.041,-107.005,0,"Yes_Man_",7.53,-125.331,0,"Po_cari",-46.341,-97.529,0,3241.204,-0.26,-22.088,3242.159,0,"_Chun",-1.74,-36.059,0,0,,,,,4,2
126,6,0,3,6,0,0,2,0,0,0,255,255,255,66,3264.577,"_Chun",L,26,88,140,-0.207,1.422,-0.415,2.144,-0.06,2.333,-36.623,49.121,70,30,0,4,0,-12.98,-179.748,0,0,0,1,8,4,R,"Pugeuk",190,86.201,0.347,0,76,W,Y,0,0,0,0,0,0,0,0,0,0,0,0,0,0,0,0,-0.158,-37.89,0,"encounter v",-0.038,-17.712,0,"Pring__",-20.922,-46.686,0,"SUGUN",-14.914,-65.289,0,"소솨소솨",19.696,-46.557,0,"CoalCat",9.698,-63.124,0,"Yaksok~",36.47,-95.082,0,"Yes_Man_",-15.2,-118.092,0,"Po_cari",-49.827,-97.005,0,0,0,0,0,0,"",0,0,0,0,3265.915,,,,0,0
127,6,0,3,6,0,1,2,0,0,0,255,255,255,67,3278.731,"_Chun",L,14,83,107,-3.419,-0.466,-0.635,2.091,-0.781,1.769,-36.623,52.233,82,18,0,2,0,-358.661,337.71,0,0,0,1,8,4,R,"Pugeuk",190,86.201,0.347,3,76,W,Y,3279.846,255,102,147,131,47,145,118,-2.951,25.373,0.84,0,0.765,154.928,-82.608,110.23,-0.298,-37.196,0,"encounter v",-0.209,-18.025,0,"Pring__",-20.737,-46.541,0,"SUGUN",-14.224,-63.812,95,"소솨소솨",20.008,-46.61,0,"CoalCat",9.812,-63.158,0,"Yaksok~",37.917,-95.707,0,"Yes_Man_",-18.722,-123.506,0,"Po_cari",-53.929,-98.887,0,3280.204,-5.892,-32.315,3281.715,3,"SUGUN",-19.935,-59.835,0,0,3319.337,,,,52,2
128,7,1,3,6,0,0,0,0,0,0,255,255,255,59,3362.71,"눈꽃",R,26,92,140,-1.58,0.232,0.047,1.951,-0.785,1.535,-36.64,10.112,47,53,0,1,0,69.617,-196.106,0,0,0,0,6,5,R,"CoalCat",174.6,82.838,0.435,0,36,W,Y,0,0,0,0,0,0,0,0,0,0,0,0,0,0,0,0,0.136,-37.781,0,"인생최패망자",0.002,-17.695,0,"Sabo_10",-24.099,-49.121,0,"_송글_",-13.6,-63.865,0,"Pugeuk",18.584,-49.311,0,"아침땅_",9.361,-65.722,0,"MODECO",43.448,-103.06,0,"うよすま",-6.188,-107.298,0,"ディシジョン",-48.372,-94.111,0,0,0,0,0,0,"",0,0,0,0,3364.06,,,,0,0
129,7,1,3,6,1,0,0,0,0,0,255,255,255,60,3378.955,"눈꽃",R,13,59,102,-1.151,-0.09,0.343,1.972,0.231,2.049,-36.64,22.111,70,30,0,0,0,-362.039,312.348,0,0,0,1,6,5,R,"CoalCat",174.6,82.838,0.435,0,36,W,Y,0,0,0,0,0,0,0,0,0,0,0,0,0,0,0,0,-0.051,-37.755,0,"인생최패망자",-0.011,-17.661,0,"Sabo_10",-23.314,-49.201,0,"_송글_",-13.841,-63.801,0,"Pugeuk",18.915,-49.942,0,"아침땅_",10.772,-65.569,0,"MODECO",43.114,-102.676,0,"うよすま",-5.712,-110.32,0,"ディシジョン",-49.497,-92.148,0,0,0,0,0,0,"",0,0,0,0,3380.504,,,,0,0
130,7,1,3,6,1,1,0,0,0,0,255,255,255,61,3419.097,"눈꽃",R,10,69,112,65.11,1.058,0.309,2.252,0.335,2.592,-36.64,33.186,94,6,0,2,0,0,400,0,0,0,1,6,5,R,"CoalCat",174.6,82.838,0.435,3,76,W,Y,3420.252,156,50,78,52,32,139,84,-56.091,46.294,-0.72,0,0.392,-385.674,391.831,134.874,0.307,-37.607,0,"인생최패망자",0.067,-18.016,0,"Sabo_10",-22.651,-49.501,0,"_송글_",-14.025,-64.437,0,"Pugeuk",18.98,-49.941,0,"아침땅_",12.142,-64.952,0,"MODECO",42.443,-96.415,0,"うよすま",-7.065,-110.889,0,"ディシジョン",-48.834,-92.858,0,3420.237,-0.695,-20.602,3422.804,2,"Sabo_10",-22.142,-40.917,0,0,,,,,144,2
131,7,1,3,6,1,2,0,0,0,0,255,255,255,62,3437.899,"눈꽃",R,27,93,140,0.587,1.114,0.238,2.117,0.183,2.108,-36.64,21.883,86,14,0,2,0,47.822,-125.892,0,0,0,1,6,5,R,"CoalCat",174.6,82.838,0.435,3,76,W,Y,3439.055,44,58,81,62,34,61,61,31.187,28.539,0.39,0,0.436,-10.868,435.228,-412.866,0.286,-37.368,0,"인생최패망자",0.076,-18.045,0,"Sabo_10",-22.726,-49.197,106,"_송글_",-14.212,-64.145,0,"Pugeuk",17.712,-49.554,0,"아침땅_",9.85,-65.816,0,"MODECO",41.609,-97.724,0,"うよすま",-7.29,-115.4,0,"ディシジョン",-47.284,-88.729,0,0,0,0,3442.615,2,"Sabo_10",-20.166,-52.234,0,0,,,,,144,1
132,7,1,3,6,0,0,1,0,0,0,255,255,255,63,3460.897,"눈꽃",R,27,89,140,-0.879,-0.983,0.283,1.958,-0.483,0.903,-36.64,21.223,95,5,0,0,0,67.121,-113.87,0,0,0,1,7,8,R,"Po_cari",175.3,85,0.45,0,76,W,Y,0,0,0,0,0,0,0,0,0,0,0,0,0,0,0,0,0.174,-38.15,0,"인생최패망자",-0.011,-17.913,0,"Sabo_10",-20.541,-44.695,0,"_송글_",-13.276,-64.319,0,"Pugeuk",17.485,-49.846,0,"아침땅_",7.069,-66.388,0,"MODECO",42.424,-94.282,0,"うよすま",-6.477,-113.974,0,"ディシジョン",-45.71,-89.253,0,0,0,0,0,0,"",0,0,0,0,3462.237,,,,0,0
133,7,1,3,6,0,1,1,0,0,0,255,255,255,64,3474.252,"눈꽃",R,13,66,108,-0.777,-0.918,0.307,1.822,0.124,1.657,-36.64,13.001,53,47,0,0,0,-246.99,400,0,0,0,1,7,8,R,"Po_cari",175.3,85,0.45,0,76,W,Y,0,0,0,0,0,0,0,0,0,0,0,0,0,0,0,0,-0.055,-38.148,0,"인생최패망자",0.021,-17.966,0,"Sabo_10",-19.536,-42.007,0,"_송글_",-13.692,-64.002,0,"Pugeuk",17.651,-49.93,0,"아침땅_",10.806,-65.749,0,"MODECO",39.914,-92.957,0,"うよすま",-6.33,-112.441,0,"ディシジョン",-45.807,-89.454,0,0,0,0,0,0,"",0,0,0,0,3475.737,,,,0,0
134,7,1,3,6,0,2,1,0,0,0,255,255,255,65,3487.275,"눈꽃",R,0,60,113,-1.129,0.164,0.203,2.142,-0.498,1.741,-36.64,53.232,93,7,0,0,0,0,43.77,0,-0.385,-13.478,1,7,8,R,"Po_cari",175.3,85,0.45,0,76,W,Y,0,0,0,0,0,0,0,0,0,0,0,0,0,0,0,0,0.2,-37.427,0,"인생최패망자",-0.073,-18.077,0,"Sabo_10",-21.304,-43.209,0,"_송글_",-14.686,-62.711,0,"Pugeuk",17.754,-49.95,0,"아침땅_",10.838,-65.801,0,"MODECO",39.902,-92.92,0,"うよすま",-6.376,-110.775,0,"ディシジョン",-45.819,-89.46,0,0,0,0,0,0,"",0,0,0,0,3488.982,,,,0,0
135,7,1,3,6,0,0,2,0,0,0,255,255,255,66,3508.805,"눈꽃",R,14,68,109,-0.502,-0.681,0.058,1.832,-0.786,1.584,-36.64,12.394,51,49,0,0,0,350.679,353.211,0,0,0,0,8,9,L,"_Chun",190,80,0.455,0,76,W,Y,0,0,0,0,0,0,0,0,0,0,0,0,0,0,0,0,0.071,-37.9,0,"인생최패망자",-0.038,-17.743,0,"Sabo_10",-20.024,-46.119,0,"_송글_",-10.893,-64.573,0,"Pugeuk",21.902,-49.671,0,"아침땅_",15.165,-67.053,0,"MODECO",60.274,-98.715,0,"うよすま",7.043,-121.126,0,"ディシジョン",-45.897,-100.483,0,0,0,0,0,0,"",0,0,0,0,3510.093,,,,0,0
136,7,1,3,6,0,1,2,0,0,0,255,255,255,67,3522.753,"눈꽃",R,27,89,140,-1.598,-1.158,-0.011,1.605,-0.748,0.786,-36.64,14.864,42,58,0,2,0,38.483,-103.346,0,0,0,1,8,9,L,"_Chun",190,80,0.455,3,76,W,Y,3523.694,255,187,164,96,69,145,130,37.516,-45.528,0.5,0,0.447,248.83,-448.377,-9.629,0.335,-37.225,0,"인생최패망자",-0.042,-18.11,0,"Sabo_10",-20.712,-47.143,0,"_송글_",-11.001,-64.828,0,"Pugeuk",21.759,-49.977,0,"아침땅_",15.011,-65.04,0,"MODECO",61.005,-99.124,0,"うよすま",10.142,-122.478,0,"ディシジョン",-45.914,-100.489,0,3529.004,92.421,-91.282,0,0,"",0,0,0,0,,,,,16,3
137,7,1,3,6,0,2,2,0,0,0,255,255,255,68,3541.583,"눈꽃",R,12,73,123,-0.503,-0.629,0.148,1.793,-0.224,1.274,-36.64,15.877,58,42,0,2,0,0,66.652,0,0,0,1,8,9,L,"_Chun",190,80,0.455,3,86,W,Y,3542.646,215,90,101,81,47,145,98,53.388,-52.997,-0.46,0,0.358,51.971,-548.074,123.237,0.292,-37.374,0,"인생최패망자",0.002,-18.263,0,"Sabo_10",-20.653,-45.887,0,"_송글_",-13.416,-64.673,0,"Pugeuk",22.489,-49.598,0,"아침땅_",15.915,-65.345,0,"MODECO",57.586,-99.757,0,"うよすま",8.552,-122.63,0,"ディシジョン",-48.514,-98.237,0,3547.882,66.962,-57.3,0,0,"",0,0,0,0,,,,,16,3
138,7,1,3,6,0,2,2,0,0,0,255,255,255,69,3558.59,"눈꽃",R,10,66,97,-1.133,-1.55,0.104,1.881,-0.495,1.267,-36.64,19.377,53,47,0,4,0,0,400,0,0,0,1,8,9,L,"_Chun",190,80,0.455,0,86,W,Y,0,0,0,0,0,0,0,0,0,0,0,0,0,0,0,0,0.081,-37.25,0,"인생최패망자",0,-17.903,0,"Sabo_10",-21.472,-47.086,0,"_송글_",-12.972,-64.069,0,"Pugeuk",22.957,-49.309,0,"아침땅_",15.999,-67.915,0,"MODECO",58.5,-100.845,0,"うよすま",9.97,-120.214,0,"ディシジョン",-46.904,-100.728,0,0,0,0,0,0,"",0,0,0,0,3559.948,,,,0,0
139,7,0,3,6,0,0,0,0,0,0,255,255,255,68,3658.766,"ddil_ddil69",R,26,87,140,0.666,1.264,0.489,2.4,0.214,2.116,-36.539,49.142,89,11,0,1,0,44.555,-200,9.08,0,0,0,0,9,R,"_송글_",174.9,90.478,0.316,0,76,W,Y,0,0,0,0,0,0,0,0,0,0,0,0,0,0,0,0,0.166,-37.106,0,"encounter v",-0.001,-17.562,0,"Pring__",-21.027,-46.45,0,"SUGUN",-16.058,-61.985,0,"소솨소솨",19.602,-45.204,0,"CoalCat",9.229,-63.033,0,"Yaksok~",33.716,-89.505,0,"Yes_Man_",-15.413,-116.337,0,"Po_cari",-45.78,-93.603,0,0,0,0,0,0,"",0,0,0,0,3660.159,,,,0,0
140,7,0,3,6,1,0,0,0,0,0,255,255,255,69,3671.031,"ddil_ddil69",R,30,70,122,-0.281,-0.035,0.489,2.208,0.095,1.496,-36.539,34.499,86,14,0,0,0,-145.303,-48.637,3.086,0,0,1,0,9,R,"_송글_",174.9,90.478,0.316,0,76,W,Y,0,0,0,0,0,0,0,0,0,0,0,0,0,0,0,0,0.174,-36.947,0,"encounter v",-0.025,-17.529,0,"Pring__",-20.926,-46.375,0,"SUGUN",-15.654,-62.379,0,"소솨소솨",19.364,-45.405,0,"CoalCat",9.21,-63.046,0,"Yaksok~",33.712,-89.491,0,"Yes_Man_",-11.8,-113.427,0,"Po_cari",-46.158,-93.51,0,0,0,0,0,0,"",0,0,0,0,3672.404,,,,0,0
141,7,0,3,6,1,1,0,0,0,0,255,255,255,70,3684.976,"ddil_ddil69",R,32,64,118,-1.072,-1.23,0.341,1.995,-0.739,0.758,-36.539,17.208,51,49,0,2,0,155.598,-97.207,8.297,0,0,1,0,9,R,"_송글_",174.9,90.478,0.316,3,76,W,Y,3686.054,255,59,82,79,30,145,126,104.479,-73.109,0.52,0,0.438,104.089,-203.486,103.014,0.17,-36.982,0,"encounter v",-0.134,-17.697,0,"Pring__",-20.995,-46.297,0,"SUGUN",-16.047,-62.536,0,"소솨소솨",19.244,-45.512,0,"CoalCat",9.201,-63.098,0,"Yaksok~",33.693,-89.507,0,"Yes_Man_",-13.667,-115.276,0,"Po_cari",-46.053,-93.434,0,0,0,0,0,0,"",0,0,0,0,,,,,0,3
142,7,0,3,6,1,2,0,0,0,0,255,255,255,71,3702.901,"ddil_ddil69",R,26,113,140,-0.639,-0.142,0.462,2.189,-0.13,1.305,-36.539,37.396,75,25,0,0,0,-121.275,-200,-9.384,0,0,1,0,9,R,"_송글_",174.9,90.478,0.316,0,76,W,Y,0,0,0,0,0,0,0,0,0,0,0,0,0,0,0,0,0.247,-37.527,0,"encounter v",-0.057,-17.515,0,"Pring__",-20.334,-44.724,0,"SUGUN",-15.58,-62.16,0,"소솨소솨",19.845,-45.651,0,"CoalCat",9.666,-63.12,0,"Yaksok~",34.303,-88.323,0,"Yes_Man_",-18.085,-120.453,0,"Po_cari",-46.379,-93.672,0,0,0,0,0,0,"",0,0,0,0,3704.226,,,,0,0
143,7,0,3,6,0,0,1,0,0,0,255,255,255,72,3723.155,"ddil_ddil69",R,14,71,111,0.995,-1.185,0.439,2.189,-0.285,1.419,-36.539,26.882,88,12,0,4,0,390.434,312.348,15.725,0,0,1,1,7,R,"うよすま",160,85.385,0.5,0,76,W,Y,0,0,0,0,0,0,0,0,0,0,0,0,0,0,0,0,0.445,-37.152,0,"encounter v",-0.013,-17.676,0,"Pring__",-21.154,-46.527,0,"SUGUN",-15.583,-62.251,0,"소솨소솨",19.711,-45.312,0,"CoalCat",8.617,-62.176,0,"Yaksok~",35.474,-89.007,0,"Yes_Man_",-6.014,-113.452,0,"Po_cari",-44.821,-88.317,0,0,0,0,0,0,"",0,0,0,0,3724.671,,,,0,0
144,7,0,3,6,0,1,1,0,0,0,255,255,255,73,3740.46,"ddil_ddil69",R,26,87,140,0.614,0.104,0.502,2.22,0.209,1.412,-36.539,35.48,100,0,0,2,0,31.45,-200,7.938,0,0,1,1,7,R,"うよすま",160,85.385,0.5,3,76,W,Y,3741.533,94,72,9,14,0,16,46,-72.901,38.553,0.28,0,0.169,-181.093,-15.947,200.294,0.32,-36.933,119,"encounter v",-0.008,-17.658,0,"Pring__",-20.796,-46.377,0,"SUGUN",-15.466,-62.049,0,"소솨소솨",19.632,-45.35,0,"CoalCat",8.704,-62.151,0,"Yaksok~",35.461,-89.014,0,"Yes_Man_",4.738,-115.808,0,"Po_cari",-44.243,-88.692,0,3741.459,-0.083,-19.523,3745.659,0,"ddil_ddil69",-8.621,-29.287,1,0,,,,,4,2
145,7,0,3,6,0,0,1,1,0,0,17,255,255,74,3774.026,"ddil_ddil69",R,26,80,130,-0.394,-0.848,0.467,2.006,-0.151,0.865,-36.539,27.972,56,44,0,0,0,-24.319,-200,-1.607,0,0,0,2,6,R,"MODECO",190,85,0.451,0,76,W,Y,0,0,0,0,0,0,0,0,0,0,0,0,0,0,0,0,0.291,-37.117,0,"encounter v",-0.099,-17.486,0,"Pring__",-19.353,-42.146,0,"SUGUN",-11.999,-59.961,0,"소솨소솨",20.188,-46.626,0,"CoalCat",7.087,-61.731,0,"Yaksok~",34.568,-84.738,0,"Yes_Man_",-19.999,-122.382,0,"Po_cari",-49.923,-97.819,0,0,0,0,0,0,"",0,0,0,0,3775.582,,,,0,0
146,7,0,3,6,0,1,1,1,0,0,17,255,255,75,3787.578,"ddil_ddil69",R,6,69,111,1.27,-0.215,0.452,2.189,-0.222,1.457,-36.539,32.875,90,10,0,2,0,419.849,0,6.907,0,0,1,2,6,R,"MODECO",190,85,0.451,3,76,W,Y,3788.846,151,110,82,91,58,145,94,111.498,17.634,-0.63,0,0.597,389.444,443.466,51.07,0.37,-36.67,0,"encounter v",-0.122,-17.914,0,"Pring__",-18.658,-42.091,0,"SUGUN",-8.827,-60.933,0,"소솨소솨",19.848,-44.863,0,"CoalCat",4.337,-61.079,0,"Yaksok~",34.564,-84.737,0,"Yes_Man_",-20.024,-122.408,0,"Po_cari",-49.208,-97.653,0,0,0,0,0,0,"",0,0,0,2,,,,,68,3
147,7,0,3,6,0,2,2,0,0,0,255,255,255,76,3835.324,"ddil_ddil69",R,6,77,116,0.322,-0.383,0.311,2.26,-0.563,1.594,-36.539,35.751,86,14,0,2,0,406.32,208.316,-8.271,0,0,1,2,6,R,"MODECO",190,85,0.451,3,76,W,Y,3836.534,131,89,67,72,35,138,89,-52.158,32.122,-0.68,0,0.447,-138.446,-35.708,134.894,0.198,-36.967,0,"encounter v",-0.098,-17.753,0,"Pring__",-19.998,-45.693,0,"SUGUN",-14.27,-60.546,0,"소솨소솨",19.802,-45.598,0,"CoalCat",7.561,-61.163,0,"Yaksok~",34.73,-87.788,0,"Yes_Man_",-18.545,-122.451,0,"Po_cari",-47.598,-95.291,0,3836.537,-0.258,-20.114,3838.637,2,"Pring__",-13.651,-41.475,0,0,,,,,164,2
148,8,1,3,6,0,0,0,0,0,0,255,255,255,70,3874.357,"눈꽃",R,13,59,102,4.328,-0.126,0.731,1.993,2.522,2.153,-36.64,26.113,51,49,0,3,0,-362.039,312.348,0,-0.597,-20.717,0,0,7,R,"Yes_Man_",174.8,84.826,0.502,0,76,W,Y,0,0,0,0,0,0,0,0,0,0,0,0,0,0,0,0,0.203,-37.771,0,"인생최패망자",-0.149,-18.405,0,"Sabo_10",-21.253,-49.197,0,"_Gosomi",-13.062,-63.842,0,"Pugeuk",19.194,-49.522,0,"아침땅_",12.12,-65.258,0,"MODECO",45.811,-99.453,0,"うよすま",-4.747,-114.302,0,"ディシジョン",-49.992,-94.905,0,0,0,0,0,0,"",0,0,0,0,3877.493,,,,0,6
149,8,1,3,6,0,0,0,1,0,0,7,255,255,71,3899.201,"눈꽃",R,27,90,140,-1.107,-1.152,0.159,1.789,-0.614,0.749,-36.64,16.7,44,56,0,1,0,92.677,-141.54,0,0,0,0,1,6,R,"Yaksok~",190,80,0.332,0,76,W,Y,0,0,0,0,0,0,0,0,0,0,0,0,0,0,0,0,0.148,-37.547,0,"인생최패망자",0.1,-17.487,0,"Sabo_10",-19.936,-43.676,0,"_Gosomi",-14.152,-63.592,0,"Pugeuk",18.224,-47.934,0,"아침땅_",5.039,-63.605,0,"MODECO",45.885,-113.455,0,"うよすま",-4.105,-119.641,0,"ディシジョン",-50.629,-94.559,0,0,0,0,0,0,"",0,0,0,0,3900.315,,,,0,0
150,8,1,3,6,1,0,0,1,0,0,7,255,255,72,3913.72,"눈꽃",R,27,82,133,1.074,0.617,0.358,2.104,0.343,1.858,-36.64,39.984,83,17,0,2,0,78.371,-132.091,0,0,0,1,1,6,R,"Yaksok~",190,80,0.332,3,76,W,Y,3914.573,83,121,61,85,33,120,78,22.388,13.958,-0.63,0,0.159,247.581,-91.514,-100.927,0.189,-37.177,120,"인생최패망자",0.083,-17.644,0,"Sabo_10",-19.253,-41.682,85,"_Gosomi",-14.942,-62.438,0,"Pugeuk",17.546,-47.619,85,"아침땅_",7.387,-63.854,0,"MODECO",45.895,-113.444,0,"うよすま",-5.668,-119.812,0,"ディシジョン",-50.637,-94.56,0,0,0,0,3918.271,3,"_Gosomi",-11.929,-72.126,0,0,,,,,416,1
151,8,1,3,6,0,0,2,0,0,0,255,255,255,73,3945.147,"눈꽃",R,10,65,109,-0.623,-0.394,0.195,1.949,-0.277,1.889,-36.64,14.228,70,30,0,2,0,0,400,0,0,0,1,2,2,L,"Pring__",190,93.089,0.485,3,76,W,Y,3946.143,163,177,59,127,95,137,130,-30,0.445,0.37,0,0.472,-380.368,35.715,-29.96,0.378,-37.402,0,"인생최패망자",0.115,-17.844,0,"Sabo_10",-20.316,-46.051,0,"_Gosomi",-12.21,-64.869,0,"Pugeuk",21.56,-48.652,0,"아침땅_",16.636,-65.054,99,"MODECO",63.315,-94.468,0,"うよすま",7.203,-121.68,99,"ディシジョン",-41.453,-97.409,0,3946.148,-0.113,-22.765,3949.97,7,"うよすま",-0.716,-104.659,1,0,,,,,66,2
152,8,1,3,6,0,0,2,1,0,0,2,255,255,74,3971.018,"눈꽃",R,13,60,103,-0.543,-0.805,0.337,1.743,0.49,1.559,-36.64,25.064,70,30,0,2,0,-365.589,312.348,0,0,0,1,3,4,R,"소솨소솨",190,80,0.498,3,76,W,Y,3972.24,192,65,179,48,91,145,109,-1.268,20.153,0.93,0.095,0.569,-327.877,96.096,-128.503,-0.518,-37.548,0,"인생최패망자",-0.175,-17.87,0,"Sabo_10",-21.349,-44.383,0,"_Gosomi",-16.254,-61.867,87,"Pugeuk",18.841,-48.386,0,"아침땅_",6.711,-67.758,0,"MODECO",52.424,-109.153,0,"うよすま",-11.575,-121.71,0,"ディシジョン",-50.105,-94.166,0,3972.482,-3.386,-27.759,3974.126,3,"_Gosomi",-13.315,-57.078,0,0,,,,,160,2
153,8,0,3,6,0,0,0,0,0,0,255,255,255,77,4069.381,"ddil_ddil69",R,29,85,138,-1.064,-0.998,0.466,2.069,-0.175,1.152,-36.539,31.547,100,0,0,1,0,-220.548,200,-16.738,0,0,0,3,8,R,"ディシジョン",190,92.496,0.622,0,76,W,Y,0,0,0,0,0,0,0,0,0,0,0,0,0,0,0,0,0.306,-37.153,0,"encounter v",-0.066,-17.617,0,"Pring__",-21.363,-47.432,0,"SUGUN",-16.104,-61.938,0,"소솨소솨",19.384,-45.63,0,"CoalCat",8.644,-62.379,0,"Yaksok~",35.149,-86.488,0,"Yes_Man_",-13.269,-123.075,0,"Po_cari",-51.579,-97.242,0,0,0,0,0,0,"",0,0,0,0,4070.76,,,,0,0
154,8,0,3,6,1,0,0,0,0,0,255,255,255,78,4084.196,"ddil_ddil69",R,13,69,109,-2.809,-1.477,0.392,2.072,-0.502,1.076,-36.539,23.453,45,55,0,1,0,-391.767,306.088,12.317,-1.327,-19.473,0,3,8,R,"ディシジョン",190,92.496,0.622,0,76,W,Y,0,0,0,0,0,0,0,0,0,0,0,0,0,0,0,0,0.249,-36.939,0,"encounter v",-0.53,-17.723,0,"Pring__",-21.3,-47.445,0,"SUGUN",-16.23,-61.903,0,"소솨소솨",19.404,-45.651,0,"CoalCat",8.579,-62.383,0,"Yaksok~",35.136,-86.483,0,"Yes_Man_",-13.119,-123.125,0,"Po_cari",-51.279,-97.37,0,0,0,0,0,0,"",0,0,0,0,,,,,0,0
155,8,0,3,6,2,0,0,0,0,0,255,255,255,79,4102.244,"ddil_ddil69",R,26,80,131,1.143,1.044,0.529,2.219,0.39,2.059,-36.539,45.155,98,2,0,1,0,62.563,-200,-11.072,0,0,0,3,8,R,"ディシジョン",190,92.496,0.622,0,76,W,Y,0,0,0,0,0,0,0,0,0,0,0,0,0,0,0,0,0.194,-37.106,0,"encounter v",-0.08,-17.588,0,"Pring__",-21.298,-47.375,0,"SUGUN",-16.331,-61.907,0,"소솨소솨",20.111,-45.938,0,"CoalCat",8.628,-62.382,0,"Yaksok~",36.602,-88.933,0,"Yes_Man_",-13.16,-123.146,0,"Po_cari",-51.558,-97.231,0,0,0,0,0,0,"",0,0,0,0,4103.727,,,,0,0
156,8,0,3,6,3,0,0,0,0,0,255,255,255,80,4119.064,"ddil_ddil69",R,26,93,140,-0.237,0.136,0.433,2.236,-0.065,1.497,-36.539,39.683,90,10,0,0,0,-38.536,-200,-1.709,0,0,0,3,8,R,"ディシジョン",190,92.496,0.622,0,76,W,Y,0,0,0,0,0,0,0,0,0,0,0,0,0,0,0,0,0.227,-37.197,0,"encounter v",-0.073,-17.596,0,"Pring__",-21.272,-47.436,0,"SUGUN",-16.349,-62.024,0,"소솨소솨",19.149,-46.114,0,"CoalCat",8.589,-62.404,0,"Yaksok~",36.614,-88.94,0,"Yes_Man_",-13.152,-123.143,0,"Po_cari",-51.598,-97.223,0,0,0,0,0,0,"",0,0,0,0,4120.482,,,,0,0
157,8,0,3,6,3,1,0,0,0,0,255,255,255,81,4134.617,"ddil_ddil69",R,10,69,111,0.629,-0.154,0.572,2.356,0.288,2.006,-36.539,52.024,88,12,0,0,0,-16.723,400,5.792,0,0,0,3,8,R,"ディシジョン",190,92.496,0.622,0,76,W,Y,0,0,0,0,0,0,0,0,0,0,0,0,0,0,0,0,0.178,-36.976,0,"encounter v",-0.063,-17.615,0,"Pring__",-21.323,-47.422,0,"SUGUN",-15.468,-63.118,0,"소솨소솨",19.271,-45.649,0,"CoalCat",8.673,-62.424,0,"Yaksok~",36.391,-88.893,0,"Yes_Man_",-13.605,-123.499,0,"Po_cari",-51.614,-97.24,0,0,0,0,0,0,"",0,0,0,0,4136.16,,,,0,0
158,8,0,3,6,3,2,0,0,0,0,255,255,255,82,4150.879,"ddil_ddil69",R,6,70,112,-2.587,0.311,0.189,2.29,-1.913,1.783,-36.539,39.857,84,16,0,2,0,433.846,0,0.883,0,0,1,3,8,R,"ディシジョン",190,92.496,0.622,3,76,W,Y,4152.078,81,128,255,91,0,129,81,32.348,47.841,0.98,0.19,0.328,-22.053,-136.317,-444.304,0.14,-36.781,0,"encounter v",-0.175,-17.722,0,"Pring__",-21.415,-47.57,0,"SUGUN",-15.568,-62.944,0,"소솨소솨",19.562,-46.1,0,"CoalCat",10.15,-62.517,0,"Yaksok~",37.099,-89.718,0,"Yes_Man_",-14.242,-124.151,0,"Po_cari",-51.582,-97.095,0,4156.36,-47.807,-67.008,0,0,"",0,0,0,0,,,,,0,3
159,8,0,3,6,3,2,0,0,0,0,255,255,255,83,4175.696,"ddil_ddil69",R,26,89,140,1.944,1.442,0.577,2.486,0.797,2.315,-36.539,54.998,84,16,0,1,0,23.688,-200,-2.397,0,0,0,3,8,R,"ディシジョン",190,92.496,0.622,0,34,W,Y,0,0,0,0,0,0,0,0,0,0,0,0,0,0,0,0,0.008,-36.907,0,"encounter v",-0.048,-17.618,0,"Pring__",-21.093,-46.751,0,"SUGUN",-14.911,-62.921,0,"소솨소솨",19.875,-46.448,0,"CoalCat",9.621,-62.892,0,"Yaksok~",36.104,-89.689,0,"Yes_Man_",-16.209,-117.847,0,"Po_cari",-52.965,-102.52,0,0,0,0,0,0,"",0,0,0,0,4177.115,,,,0,5
160,8,0,3,6,0,0,0,1,0,0,18,255,255,84,4197.34,"ddil_ddil69",R,35,92,140,-0.636,-0.216,0.425,2.242,-0.349,1.628,-36.539,38.758,99,1,0,2,0,46.44,200,-27.626,0,0,1,4,1,R,"인생최패망자",190,80,0.351,3,76,W,Y,4198.472,255,188,121,117,40,145,128,-30,-19.378,0.7,0,0.441,-92.265,-387.126,-46.387,0.293,-36.771,0,"encounter v",-0.11,-17.713,0,"Pring__",-17.638,-42.898,0,"SUGUN",-8.423,-63.646,0,"소솨소솨",20.244,-45.798,0,"CoalCat",10.867,-62.619,89,"Yaksok~",42.915,-93.071,0,"Yes_Man_",-0.518,-121.634,0,"Po_cari",-51.248,-96.506,0,4198.449,0.316,-20.778,4200.271,5,"CoalCat",13.762,-58.653,1,0,,4204.497,,,84,2
161,8,0,3,6,0,0,1,1,0,0,11,255,255,85,4233.829,"ddil_ddil69",R,13,66,107,-3.038,-1.155,0.39,2.15,-0.711,1.312,-36.539,32.861,78,22,0,1,0,-381.222,310.493,18.822,0,0,0,5,3,R,"_Gosomi",175.2,85.038,0.47,0,76,W,Y,0,0,0,0,0,0,0,0,0,0,0,0,0,0,0,0,0.29,-37.412,0,"encounter v",-0.185,-17.75,0,"Pring__",-19.037,-44.674,0,"SUGUN",-8.914,-60.772,0,"소솨소솨",19.681,-46.904,0,"CoalCat",1.143,-59.559,0,"Yaksok~",33.021,-89.562,0,"Yes_Man_",-15.644,-112.082,0,"Po_cari",-48.62,-96.376,0,0,0,0,0,0,"",0,0,0,0,4235.482,4236.835,,,0,0
162,8,0,3,6,1,0,1,0,1,0,255,11,255,86,4251.347,"ddil_ddil69",R,26,79,129,1.949,1.787,0.482,2.486,0.752,2.399,-36.539,60.114,98,2,0,2,0,55.475,-200,6.261,0,0,1,5,3,R,"_Gosomi",175.2,85.038,0.47,3,76,W,Y,4252.556,170,66,143,94,26,145,127,25.158,-6.111,0.28,0,0.375,120.879,29.944,-58.557,0.053,-36.842,0,"encounter v",-0.032,-17.711,0,"Pring__",-21.156,-47.211,0,"SUGUN",-10.895,-61.52,85,"소솨소솨",19.495,-47.042,0,"CoalCat",5.759,-60.341,0,"Yaksok~",33.033,-89.577,0,"Yes_Man_",-14.118,-114.143,89,"Po_cari",-48.889,-96.157,0,4257.526,11.951,-130.709,4259.782,7,"Yes_Man_",12.503,-128.663,1,0,,4262.653,4257.709,4262.536,17,2
163,8,0,3,7,0,0,1,0,1,0,255,13,255,87,4283.322,"ddil_ddil69",R,0,67,120,-2.481,-0.077,0.266,2.214,-1.089,1.521,-36.539,37.302,90,10,0,1,0,0,0,2.717,0,0,0,6,5,R,"아침땅_",166.8,94.757,0.5,0,76,W,Y,0,0,0,0,0,0,0,0,0,0,0,0,0,0,0,0,0.037,-37.091,0,"encounter v",-0.139,-17.662,0,"Pring__",-20.811,-45.621,0,"SUGUN",-12.099,-61.265,0,"소솨소솨",19.47,-45.687,0,"CoalCat",7.411,-61.208,0,"Yaksok~",33.63,-89.133,0,"Yes_Man_",-3.192,-125.475,0,"Po_cari",-47.102,-95.103,0,0,0,0,0,0,"",0,0,0,0,4284.671,4285.735,,,0,0
164,8,0,3,7,1,0,1,0,1,0,255,13,255,88,4297.972,"ddil_ddil69",R,26,89,140,-0.461,1.306,0.398,2.41,-0.253,2.088,-36.539,50.32,98,2,0,1,0,28.778,-200,0.52,0,0,0,6,5,R,"아침땅_",166.8,94.757,0.5,0,76,W,Y,0,0,0,0,0,0,0,0,0,0,0,0,0,0,0,0,0.12,-37.305,0,"encounter v",-0.095,-17.686,0,"Pring__",-20.753,-45.807,0,"SUGUN",-12.22,-61.317,0,"소솨소솨",20.541,-45.2,0,"CoalCat",6.004,-59.812,0,"Yaksok~",33.303,-88.856,0,"Yes_Man_",-6.361,-120.954,0,"Po_cari",-47.136,-95.293,0,0,0,0,0,0,"",0,0,0,0,4299.337,4300.939,,,0,0
165,8,0,3,7,2,0,1,0,1,0,255,13,255,89,4311.181,"ddil_ddil69",R,10,70,113,0.739,0.825,0.546,2.468,0.306,2.596,-36.539,62.128,86,14,0,0,0,0,400,-0.748,0,0,0,6,5,R,"아침땅_",166.8,94.757,0.5,0,76,W,Y,0,0,0,0,0,0,0,0,0,0,0,0,0,0,0,0,0.262,-37.187,0,"encounter v",0.895,-17.404,0,"Pring__",-20.841,-44.645,0,"SUGUN",-4.795,-60.796,0,"소솨소솨",20.781,-44.002,0,"CoalCat",1.211,-59.764,0,"Yaksok~",33.482,-88.601,0,"Yes_Man_",-8.578,-116.535,0,"Po_cari",-47.307,-95.323,0,0,0,0,0,0,"",0,0,0,64,4312.615,,4315.293,,0,0
166,8,0,3,7,2,1,1,0,0,1,255,255,13,90,4343.778,"ddil_ddil69",R,26,89,140,-0.424,-0.18,0.467,2.147,-0.151,1.273,-36.539,32.128,98,2,0,2,0,-36.158,-200,6.142,0,0,1,6,5,R,"아침땅_",166.8,94.757,0.5,3,76,W,Y,4344.893,162,65,138,30,19,145,110,-30,28.058,0.89,0,0.234,18.079,314.778,-32.935,-0.129,-36.61,0,"encounter v",-0.062,-17.886,0,"Pring__",-21.304,-46.891,0,"SUGUN",-13.542,-61.468,0,"소솨소솨",19.312,-45.303,0,"CoalCat",7.746,-61.136,81,"Yaksok~",32.673,-82.994,0,"Yes_Man_",-9.404,-116.818,0,"Po_cari",-45.835,-95.078,111,4344.815,-0.682,-19.351,4349.026,8,"Po_cari",-36.108,-85.839,1,0,,,,4350.923,192,2
167,8,0,3,8,0,0,1,1,0,0,15,255,255,91,4373.541,"ddil_ddil69",R,35,103,140,-0.764,0.577,0.397,2.368,-0.322,2.127,-36.539,45.985,84,16,0,0,0,-16.76,200,-14.311,0,0,0,7,2,L,"Sabo_10",185.3,88,0.452,0,75,W,Y,0,0,0,0,0,0,0,0,0,0,0,0,0,0,0,0,0.19,-37.346,0,"encounter v",0.122,-19.86,0,"Pring__",-19.008,-45.02,0,"SUGUN",-8.552,-63.074,0,"소솨소솨",19.679,-45.17,0,"CoalCat",11.445,-61.55,0,"Yaksok~",46.728,-94.205,0,"Yes_Man_",23.791,-125.822,0,"Po_cari",-42.89,-92.185,0,0,0,0,0,0,"",0,0,0,0,4374.66,4376.739,,,0,0
168,8,0,3,8,0,1,1,0,1,0,255,15,255,92,4396.368,"ddil_ddil69",R,6,71,111,0.518,-0.447,0.35,2.148,-0.697,1.315,-36.539,31.468,86,14,0,0,0,500,0,25.265,0,0,0,7,2,L,"Sabo_10",185.3,88,0.452,0,75,W,Y,0,0,0,0,0,0,0,0,0,0,0,0,0,0,0,0,0.125,-37.125,85,"encounter v",-0.093,-17.825,0,"Pring__",-20.187,-46.192,0,"SUGUN",-4.15,-61.934,0,"소솨소솨",20.894,-42.393,0,"CoalCat",11.152,-59.4,0,"Yaksok~",44.024,-92.492,0,"Yes_Man_",7.985,-126.141,0,"Po_cari",-43.24,-95.05,0,0,0,0,0,0,"",0,0,0,0,4397.727,4399.255,,,0,0
169,8,0,3,8,0,2,1,0,1,0,255,15,255,93,4438.311,"ddil_ddil69",R,26,83,135,-1.482,-0.047,0.347,2.216,-0.566,1.369,-36.539,32.984,100,0,0,1,0,-64.447,-200,4.514,0,0,0,7,2,L,"Sabo_10",185.3,88,0.452,0,75,W,Y,0,0,0,0,0,0,0,0,0,0,0,0,0,0,0,0,0.098,-37.572,0,"encounter v",-0.047,-17.772,0,"Pring__",-20.46,-46.148,0,"SUGUN",-0.117,-59.827,0,"소솨소솨",19.424,-45.068,0,"CoalCat",10.982,-58.102,0,"Yaksok~",45.456,-90.868,0,"Yes_Man_",19.893,-127.359,0,"Po_cari",-43.351,-94.987,0,0,0,0,0,0,"",0,0,0,0,4439.471,4440.942,,,0,0
170,8,0,3,8,1,2,1,0,1,0,255,15,255,94,4454.292,"ddil_ddil69",R,10,77,117,-0.811,-0.847,0.428,2.273,-0.365,1.553,-36.539,40.675,84,16,0,2,0,0,400,9.854,0,0,1,7,2,L,"Sabo_10",185.3,88,0.452,3,75,W,Y,4455.291,187,103,117,101,40,145,126,-2.831,-13.319,0.25,0,0.505,-488.15,-347.747,-27.954,0.123,-36.929,119,"encounter v",-0.06,-17.864,0,"Pring__",-20.316,-46.084,104,"SUGUN",-5.703,-61.663,59,"소솨소솨",19.958,-45.411,96,"CoalCat",11.157,-58.035,0,"Yaksok~",45.488,-90.874,0,"Yes_Man_",20.045,-127.272,107,"Po_cari",-43.351,-95.031,0,4455.382,1.892,-28.858,4459.304,7,"Yes_Man_",19.417,-110.433,1,0,4494.337,4489.074,4460.573,,61,2
171,8,0,3,8,0,0,1,0,1,1,255,12,15,95,4520.43,"ddil_ddil69",R,26,92,140,-0.988,0.576,0.413,2.287,-0.403,1.774,-36.539,46.475,87,13,0,0,0,-30.188,-200,13.198,-0.677,-8.431,1,8,4,R,"Pugeuk",190,86.201,0.347,0,75,W,Y,0,0,0,0,0,0,0,0,0,0,0,0,0,0,0,0,0.174,-37.25,0,"encounter v",0.128,-18.161,0,"Pring__",-19.474,-44.663,0,"SUGUN",-13.985,-56.898,0,"소솨소솨",19.597,-40.077,0,"CoalCat",6.115,-60.586,0,"Yaksok~",33.67,-84.307,0,"Yes_Man_",-15.785,-125.646,0,"Po_cari",-47.211,-96.945,0,0,0,0,0,0,"",0,0,0,256,4527.182,4523.901,4523.616,,0,0
172,8,0,3,8,0,1,1,0,1,1,255,12,15,96,4543.35,"ddil_ddil69",R,26,75,126,0.606,-0.845,0.414,2.081,-0.398,1.107,-36.539,33.16,96,4,0,2,0,-35.826,-200,-10.144,0,0,0,8,4,R,"Pugeuk",190,86.201,0.347,3,75,W,Y,4544.523,9,9,9,18,14,3,41,16.556,28.607,0.87,0.857,0.61,-337.572,-182.275,-12.599,0.04,-36.876,0,"encounter v",-0.125,-18.1,0,"Pring__",-20.119,-45.385,0,"SUGUN",-14.715,-57.52,0,"소솨소솨",19.608,-43.816,0,"CoalCat",6.348,-59.527,0,"Yaksok~",30.724,-84.584,0,"Yes_Man_",-14.388,-123.779,0,"Po_cari",-46.359,-91.854,0,4545.827,-6.802,-32.74,4548.215,3,"SUGUN",-12.196,-47.776,1,0,4557.215,,4549.529,4548.941,116,2
173,8,0,3,9,0,0,1,0,1,0,255,14,255,97,4592.166,"ddil_ddil69",R,26,80,131,-0.437,-0.577,0.375,2.157,-0.583,1.325,-36.539,33.217,100,0,0,2,0,-23.074,-200,12.33,0,0,1,0,9,R,"_송글_",174.9,90.478,0.316,3,75,W,Y,4593.222,137,120,73,64,0,139,115,26.272,27.527,0.75,0,0.559,401.164,446.168,1.294,0.135,-36.99,0,"encounter v",-0.027,-17.875,105,"Pring__",-20.124,-46.271,0,"SUGUN",-14.049,-61.214,98,"소솨소솨",19.522,-45.769,0,"CoalCat",7.264,-59.633,0,"Yaksok~",33.379,-89.315,0,"Yes_Man_",-17.612,-115.726,0,"Po_cari",-45.232,-89.884,87,4598.215,-57.62,-105.968,4599.749,8,"Po_cari",-56.865,-108.116,1,0,4607.604,4602.86,4602.699,4607.759,176,2
174,8,0,3,10,0,0,1,0,1,0,255,19,255,98,4626.736,"ddil_ddil69",R,26,91,140,0.074,0.628,0.496,2.299,0.04,1.688,-36.539,40.966,81,19,0,2,0,-17.37,-200,2.753,0,0,0,1,7,R,"うよすま",160,85.385,0.5,3,75,W,Y,4627.85,148,59,93,12,0,135,122,-14.121,41.466,0.42,0,0.277,-141.743,500.977,-245.293,0.287,-36.84,0,"encounter v",-0.075,-17.747,0,"Pring__",-20.558,-45.272,0,"SUGUN",-14.469,-62.036,0,"소솨소솨",19.768,-45.608,83,"CoalCat",7.805,-60.793,0,"Yaksok~",31.588,-84.98,0,"Yes_Man_",-14.341,-120.201,0,"Po_cari",-41.135,-85.241,88,4627.882,-2.965,-22.466,4635.282,8,"Po_cari",-66.688,-97.357,1,0,,4637.604,4632.818,4637.621,152,2
175,8,0,3,11,0,0,1,0,0,1,255,255,17,99,4662.38,"ddil_ddil69",R,26,93,140,-0.01,0.687,0.479,2.337,0.122,1.841,-36.539,46.414,98,2,0,0,0,-104.954,-200,-12.297,0,0,0,2,6,R,"MODECO",190,85,0.451,0,75,W,Y,0,0,0,0,0,0,0,0,0,0,0,0,0,0,0,0,0.193,-37.236,0,"encounter v",-0.084,-17.7,0,"Pring__",-21.077,-47.298,0,"SUGUN",-15.3,-62.816,0,"소솨소솨",19.774,-44.811,0,"CoalCat",7.657,-61.852,0,"Yaksok~",33.093,-85.121,0,"Yes_Man_",-28.266,-121.615,0,"Po_cari",-50.244,-94.674,0,0,0,0,0,0,"",0,0,0,0,4663.727,,4665,,0,0
176,8,0,3,11,0,1,1,0,0,1,255,255,17,100,4676.036,"ddil_ddil69",R,26,83,135,-0.594,-2.036,0.447,1.78,-0.248,0.131,-36.539,26.826,46,54,0,2,0,-18.467,-200,10.705,0,0,1,2,6,R,"MODECO",190,85,0.451,3,75,W,Y,4677.243,200,126,82,79,64,145,111,-15.948,23.569,0.92,0,0.623,246.479,129.193,61.176,0.301,-36.696,0,"encounter v",-0.135,-17.803,120,"Pring__",-21.087,-47.305,0,"SUGUN",-15.34,-62.823,113,"소솨소솨",19.67,-44.769,0,"CoalCat",7.806,-61.744,0,"Yaksok~",32.985,-85.69,0,"Yes_Man_",-25.096,-121.901,0,"Po_cari",-50.689,-94.099,0,4677.193,-0.167,-18.84,4679.426,3,"SUGUN",-21.014,-57.574,1,0,4681.815,,,4681.735,48,2
177,8,0,3,12,0,0,1,1,0,0,16,255,255,101,4704.63,"ddil_ddil69",R,26,103,140,-1.814,-0.167,0.334,2.143,-0.771,1.309,-36.539,34.933,88,12,0,1,0,-22.873,-200,14.07,0,0,0,3,8,R,"ディシジョン",190,92.496,0.622,0,75,W,Y,0,0,0,0,0,0,0,0,0,0,0,0,0,0,0,0,0.124,-37.085,0,"encounter v",-0.088,-17.721,0,"Pring__",-18.861,-41.757,0,"SUGUN",-14.447,-61.784,0,"소솨소솨",19.012,-45.823,0,"CoalCat",6.134,-61.624,0,"Yaksok~",37.692,-88.348,0,"Yes_Man_",-23.376,-119.011,0,"Po_cari",-49.284,-94.679,0,0,0,0,0,0,"",0,0,0,0,4706.038,,,,0,0
178,8,0,3,12,0,1,1,1,0,0,16,255,255,102,4723.542,"ddil_ddil69",R,8,63,115,-1.344,0.336,0.35,2.294,-0.698,1.797,-36.539,45.038,89,11,0,2,0,58.506,0,7.436,0,0,0,3,8,R,"ディシジョン",190,92.496,0.622,3,75,W,Y,4724.716,121,174,146,155,0,138,122,111.716,-49.402,0.71,0.19,0.384,-132.235,-48.542,-60.199,0.161,-36.78,0,"encounter v",-0.203,-17.879,0,"Pring__",-18.18,-41.368,0,"SUGUN",-14.507,-61.913,0,"소솨소솨",18.934,-45.752,0,"CoalCat",6.558,-61.28,0,"Yaksok~",35.054,-89.026,0,"Yes_Man_",-10.829,-116.751,0,"Po_cari",-49.504,-94.343,0,0,0,0,0,0,"",0,0,0,0,,,,,0,3
179,8,0,3,12,0,2,1,1,0,0,16,255,255,103,4743.881,"ddil_ddil69",R,6,72,115,0.43,0.083,0.409,2.245,-0.423,1.637,-36.539,39.119,89,11,0,2,0,345.795,0,-2.467,0,0,1,3,8,R,"ディシジョン",190,92.496,0.622,3,34,W,Y,4745.106,123,136,153,118,0,138,97,28.936,-5.076,0.93,0.238,0.461,-385.35,-407.936,56.744,0.235,-36.882,0,"encounter v",-0.111,-17.891,0,"Pring__",-17.777,-42.928,0,"SUGUN",-8.881,-60.208,0,"소솨소솨",18.984,-45.694,120,"CoalCat",6.676,-61.559,0,"Yaksok~",33.259,-92.552,0,"Yes_Man_",-9.229,-116.286,109,"Po_cari",-49.655,-94.601,0,4749.526,13.947,-96.879,4754.36,7,"Yes_Man_",21.107,-126.656,1,0,4760.926,4749.913,4754.851,,41,2
180,8,0,3,12,0,0,1,0,1,1,255,18,16,104,4782.508,"ddil_ddil69",R,32,77,127,-2.075,-0.492,0.231,2.089,-1.25,1.133,-36.539,16.878,85,15,0,1,0,221.713,-147.284,11.251,0,0,0,4,1,R,"인생최패망자",190,80,0.351,0,74,W,Y,0,0,0,0,0,0,0,0,0,0,0,0,0,0,0,0,0.263,-37.334,0,"encounter v",-0.263,-18.043,0,"Pring__",-21.101,-47.003,0,"SUGUN",-9.531,-65.333,0,"소솨소솨",19.731,-44.903,0,"CoalCat",10.233,-59.707,0,"Yaksok~",32.058,-87.97,0,"Yes_Man_",20.823,-125.706,0,"Po_cari",-50.637,-103.939,0,0,0,0,0,0,"",0,0,0,0,4783.916,4784.43,4784.53,,0,0
181,8,0,3,12,0,1,1,0,1,1,255,18,16,105,4801.44,"ddil_ddil69",R,6,69,111,1.977,0.959,0.436,2.384,0.068,2.193,-36.539,58.885,81,15,4,2,0,430.673,0,-4.689,0,0,1,4,1,R,"인생최패망자",190,80,0.351,3,74,W,Y,4802.746,255,44,117,112,51,145,90,39.34,-30.332,-0.81,0,0.404,222.631,-361.968,47.527,0.038,-36.754,0,"encounter v",-0.018,-17.778,0,"Pring__",-21.114,-46.976,0,"SUGUN",-8.893,-65.422,0,"소솨소솨",19.686,-44.912,0,"CoalCat",10.311,-59.629,0,"Yaksok~",33.678,-89.856,97,"Yes_Man_",6.332,-123.86,0,"Po_cari",-51.13,-103.246,0,4807.682,41.803,-78.385,4807.882,6,"Yaksok~",40.344,-76.606,0,0,4811.471,4809.189,4809.388,,34,1
182,8,0,3,12,0,0,2,0,1,1,255,18,16,106,4830.819,"ddil_ddil69",R,26,82,133,-0.471,0.336,0.45,2.26,-0.233,1.568,-36.539,56.355,90,10,0,0,0,9.393,-200,1.486,0,0,0,5,3,R,"_Gosomi",175.2,85.038,0.47,0,74,W,Y,0,0,0,0,0,0,0,0,0,0,0,0,0,0,0,0,0.253,-37.051,0,"encounter v",-0.064,-17.682,0,"Pring__",-21.803,-48.236,0,"SUGUN",-13.721,-62.683,0,"소솨소솨",19.455,-44.905,0,"CoalCat",6.703,-61.441,0,"Yaksok~",31.045,-90.604,0,"Yes_Man_",3.778,-121.413,0,"Po_cari",-47.497,-99.838,0,0,0,0,0,0,"",0,0,0,0,4832.26,4833.308,4833.369,,0,0
183,8,0,3,12,0,1,2,0,1,1,255,18,16,107,4848.254,"ddil_ddil69",R,32,74,125,-0.944,-0.235,0.328,2.128,-0.798,1.224,-36.539,25.825,81,19,0,2,0,241.605,-200,-0.988,0,0,1,5,3,R,"_Gosomi",175.2,85.038,0.47,3,74,W,Y,4849.455,198,49,86,108,54,145,119,9.353,-34.351,0.76,0,0.477,-213.201,438.1,19.575,0.203,-36.783,0,"encounter v",-0.08,-17.781,0,"Pring__",-22.717,-49.07,85,"SUGUN",-13.72,-62.788,0,"소솨소솨",19.743,-44.557,117,"CoalCat",6.791,-61.403,0,"Yaksok~",32.205,-90.262,110,"Yes_Man_",1.589,-120.608,0,"Po_cari",-47.055,-100.084,0,4851.327,28.105,-66.881,4852.426,6,"Yaksok~",34.809,-81.015,1,0,,,4854.563,4854.935,14,2
184,8,0,3,13,0,0,2,1,0,1,13,255,18,108,4878.913,"ddil_ddil69",R,26,98,140,-0.684,0.467,0.427,2.243,-0.342,1.629,-36.539,44.033,90,10,0,2,0,21.96,-200,15.752,0,0,1,6,5,R,"아침땅_",166.8,94.757,0.5,3,74,W,Y,4880.021,141,94,151,85,31,145,109,31.119,39.73,0.8,0.143,0.308,346.415,399.863,146.972,0.127,-36.671,0,"encounter v",-0.067,-17.932,0,"Pring__",-18.378,-42.075,0,"SUGUN",-15.022,-60.005,0,"소솨소솨",18.757,-44.357,0,"CoalCat",9.063,-60.797,0,"Yaksok~",35.985,-88.697,0,"Yes_Man_",2.86,-117.679,0,"Po_cari",-43.228,-96.578,0,4884.76,-67.587,-84.946,0,0,"",0,0,0,0,,4885.056,4892.017,4885.257,0,3
185,8,0,3,13,0,1,2,1,0,1,13,255,18,109,4903.054,"ddil_ddil69",R,14,84,123,-0.499,-0.826,0.329,2.221,-0.797,1.546,-36.539,41.437,90,10,0,2,0,359.625,347.376,9.073,0,0,1,6,5,R,"아침땅_",166.8,94.757,0.5,3,74,W,Y,4904.147,138,94,124,138,58,143,86,-30,31.135,0.96,0.238,0.386,-257.886,-80.371,-145.948,0.174,-36.5,0,"encounter v",-0.113,-17.916,0,"Pring__",-18.06,-42.736,0,"SUGUN",-16.59,-62.312,0,"소솨소솨",19.37,-45.76,0,"CoalCat",8.523,-63.225,0,"Yaksok~",32.447,-86.598,0,"Yes_Man_",-9.48,-121.291,0,"Po_cari",-47.407,-93.544,0,4904.126,-0.585,-20.532,4905.76,2,"Pring__",-12.796,-40.738,0,0,,4908.76,,4909.607,4,2
186,9,1,3,13,0,0,0,0,0,0,255,255,255,75,4951.887,"Sabo_10",L,32,81,132,-0.588,-0.078,-0.608,1.375,0.038,1.486,-36.536,42.765,0,99,1,2,0,-191.353,-90.249,-12.353,0,0,1,4,3,R,"SUGUN",190,82.092,0.496,3,74,W,Y,4952.969,255,72,149,66,0,145,130,30.731,28.861,0.49,0,0.302,189.699,-295.653,96.9,-0.244,-37.681,0,"인생최패망자",-0.048,-17.723,0,"눈꽃",-22.646,-47.126,0,"_Gosomi",-15.877,-61.939,0,"Pugeuk",19.661,-49.815,0,"아침땅_",7.281,-66.41,0,"MODECO",47.064,-94.735,0,"うよすま",-7.176,-118.418,0,"ディシジョン",-50.891,-95.39,0,4958.249,-50.09,-125.439,0,0,"",0,0,0,0,,4963.215,4968.317,4973.512,0,4
187,9,1,4,13,0,0,0,0,0,0,255,255,255,76,4991.586,"Sabo_10",L,13,84,124,1.042,-0.598,-0.573,1.433,0.201,1.674,-36.536,33.991,0,97,3,2,0,173.221,400,-13.674,0,0,1,5,1,L,"encounter v",190,84.791,0.423,3,39,W,Y,4992.532,255,113,13,5,13,39,42,-28.638,-14.639,0.92,0,1.06,-290.681,-189.902,117.011,-0.361,-37.346,116,"인생최패망자",0.203,-18.162,0,"눈꽃",-19.547,-47.649,87,"_Gosomi",-10.627,-65.258,0,"Pugeuk",21.74,-48.886,0,"아침땅_",16.48,-65.31,0,"MODECO",55.536,-102.218,0,"うよすま",10.346,-123.089,0,"ディシジョン",-44.006,-102.356,0,4992.571,0.522,-21.633,4994.327,0,"Sabo_10",3.625,-34.47,0,0,,,,,128,2
188,9,1,4,13,0,0,1,0,0,0,255,255,255,77,5022.405,"Sabo_10",L,10,89,128,0.355,-0.335,-0.579,1.394,0.172,1.876,-36.536,32.646,0,100,0,2,0,0,400,-16.104,0,0,1,6,5,R,"CoalCat",174.6,82.838,0.435,3,74,W,Y,5023.476,221,117,48,83,12,136,81,62.161,29.885,-0.72,0,0.418,549.182,222.638,93.976,-0.107,-37.114,0,"인생최패망자",-0.153,-18.336,0,"눈꽃",-20.833,-48.452,96,"_Gosomi",-15.951,-63.238,0,"Pugeuk",19.607,-48.081,0,"아침땅_",6.558,-66.712,0,"MODECO",42.14,-92.97,0,"うよすま",-6.525,-113.513,0,"ディシジョン",-50.975,-93.413,0,0,0,0,5029.16,2,"눈꽃",-24.657,-53.819,0,0,,,,,128,1
189,9,1,4,13,0,0,2,0,0,0,255,255,255,78,5049.307,"Sabo_10",L,32,82,134,-2.235,0.071,-0.757,1.299,-0.655,1.541,-36.536,43.82,0,100,0,1,0,-209.175,-119.492,-15.361,0,0,0,7,8,R,"Po_cari",175.3,85,0.45,0,74,W,Y,0,0,0,0,0,0,0,0,0,0,0,0,0,0,0,0,-0.35,-37.898,0,"인생최패망자",0.006,-18.041,0,"눈꽃",-20.251,-46.727,0,"_Gosomi",-15.172,-62.069,0,"Pugeuk",18.392,-48.901,0,"아침땅_",5.256,-66.616,0,"MODECO",39.018,-90.071,0,"うよすま",-4.58,-114.343,0,"ディシジョン",-45.068,-87.537,0,0,0,0,0,0,"",0,0,0,0,5050.66,,,,0,0
190,9,1,4,13,1,0,2,0,0,0,255,255,255,79,5063.544,"Sabo_10",L,32,89,140,1.737,0.607,-0.403,1.388,0.988,1.854,-36.536,19.78,0,100,0,4,0,-169.964,-122.523,-32.882,0,0,1,7,8,R,"Po_cari",175.3,85,0.45,0,74,W,Y,0,0,0,0,0,0,0,0,0,0,0,0,0,0,0,0,-0.351,-37.627,0,"인생최패망자",0.083,-17.995,0,"눈꽃",-20.654,-47.677,0,"_Gosomi",-15.06,-62.152,0,"Pugeuk",18.235,-49.021,0,"아침땅_",10.775,-65.743,0,"MODECO",41.301,-94.264,0,"うよすま",-3.177,-113.731,0,"ディシジョン",-45.103,-87.565,0,0,0,0,0,0,"",0,0,0,0,5064.882,,,,0,0
191,9,1,4,13,1,1,2,0,0,0,255,255,255,80,5078.465,"Sabo_10",L,11,88,134,2.527,0.582,-0.403,1.472,0.991,2.148,-36.536,20.415,0,100,0,2,0,87.746,188.394,-26.7,0,0,1,7,8,R,"Po_cari",175.3,85,0.45,3,74,W,Y,5079.555,245,104,64,60,14,139,92,110.847,54.917,-0.25,0,0.305,236.377,-223.051,-69.224,-0.114,-37.464,0,"인생최패망자",0.117,-18.227,0,"눈꽃",-20.515,-47.95,0,"_Gosomi",-14.753,-62.069,0,"Pugeuk",18.156,-48.961,0,"아침땅_",11.775,-65.296,0,"MODECO",39.071,-91.694,0,"うよすま",-8.703,-115.386,0,"ディシジョン",-45.045,-87.61,0,0,0,0,0,0,"",0,0,0,0,,,,,0,3
192,9,1,4,13,1,2,2,0,0,0,255,255,255,81,5093.343,"Sabo_10",L,32,82,133,-1.541,-0.111,-0.705,1.369,-0.416,1.45,-36.536,34.867,0,74,26,2,0,-163.561,-99.415,-21.702,0,0,1,7,8,R,"Po_cari",175.3,85,0.45,3,41,W,Y,5094.461,196,84,47,86,18,135,91,25.661,51.232,0.93,0,0.377,152.646,418.825,-107.801,-0.236,-37.317,0,"인생최패망자",-0.107,-18.234,0,"눈꽃",-21.325,-46.971,0,"_Gosomi",-15.087,-62.613,0,"Pugeuk",18.608,-49.44,0,"아침땅_",5.593,-66.557,0,"MODECO",40.915,-90.704,0,"うよすま",-8.447,-114.318,0,"ディシジョン",-44.411,-89.35,0,5097.916,-55.494,-56.918,0,0,"",0,0,0,0,,,,,0,3
193,9,1,4,13,2,2,2,0,0,0,255,255,255,82,5134.09,"Sabo_10",L,26,84,137,1.034,-0.99,-0.506,1.203,0.509,0.87,-36.536,32.327,0,100,0,2,0,-30.764,-180.847,-9.392,0,0,1,7,8,R,"Po_cari",175.3,85,0.45,3,41,W,Y,5135.196,255,134,111,65,43,145,127,11.326,5.91,0.3,0,0.597,-73.89,381.274,291.217,-0.041,-37.375,0,"인생최패망자",-0.072,-18.214,0,"눈꽃",-20.836,-47.601,0,"_Gosomi",-15.119,-63.706,0,"Pugeuk",16.357,-49.048,0,"아침땅_",5.336,-66.687,0,"MODECO",37.465,-91.849,0,"うよすま",-8.387,-112.651,100,"ディシジョン",-46.323,-87.225,0,5137.926,-13.311,-100.287,5138.327,7,"うよすま",-13.164,-99.632,1,0,,,,,34,2
194,9,1,4,13,0,0,2,1,0,0,8,255,255,83,5149.671,"Sabo_10",L,39,9,10,30.883,-2.529,-0.244,1.443,13.447,-6.175,-36.536,85.989,0,56,44,1,0,-3.557,-166.309,-15.856,0.662,-34.08,0,8,9,L,"_Chun",190,80,0.455,0,74,W,Y,0,0,0,0,0,0,0,0,0,0,0,0,0,0,0,0,1.779,-35.239,0,"인생최패망자",0.927,-19.55,0,"눈꽃",-19.619,-45.665,0,"_Gosomi",-8.337,-66.375,0,"Pugeuk",21.33,-48.555,0,"아침땅_",15.742,-63.688,0,"MODECO",47.446,-101.882,0,"うよすま",-3.392,-116.546,0,"ディシジョン",-45.706,-94.373,0,0,0,0,0,0,"",0,0,0,0,,,,,0,0
195,9,1,4,13,1,0,2,1,0,0,8,255,255,84,5171.622,"Sabo_10",L,0,4,10,4.468,-2.529,0.007,0.875,1.947,0.541,-36.536,84.265,0,0,100,1,1,0,0,2.543,0.121,-34.284,0,8,9,L,"_Chun",190,80,0.455,0,74,W,Y,0,0,0,0,0,0,0,0,0,0,0,0,0,0,0,0,0.054,-34.425,0,"인생최패망자",0.1,-18.085,0,"눈꽃",-17.761,-45.156,0,"_Gosomi",-8.516,-64.804,0,"Pugeuk",20.95,-46.852,0,"아침땅_",15.322,-63.488,0,"MODECO",56.436,-102.839,0,"うよすま",10.59,-119.702,0,"ディシジョン",-46.275,-98.786,0,0,0,0,0,0,"",0,0,0,0,,5188.222,,,0,0
196,9,1,4,13,1,0,2,0,1,0,255,255,255,85,5196.727,"Sabo_10",L,13,81,118,2.42,0.322,-0.514,1.497,0.476,2.24,-36.536,34.013,0,100,0,2,0,353.403,353.704,-20.33,0,0,1,8,9,L,"_Chun",190,80,0.455,3,74,W,Y,5197.692,246,153,92,90,61,145,122,-5.69,-23.923,0.77,0,0.55,-248.144,-387.193,-53.887,-0.312,-37.522,0,"인생최패망자",0.136,-18.104,0,"눈꽃",-19.737,-46.554,84,"_Gosomi",-8.59,-64.055,0,"Pugeuk",20.53,-47.172,0,"아침땅_",15.267,-64.027,86,"MODECO",57.107,-103.041,0,"うよすま",9.902,-123.494,0,"ディシジョン",-46.255,-98.792,0,5197.893,4.387,-29.392,5199.549,5,"아침땅_",18,-60.843,0,0,,,5204.202,,192,2
