id,type,inn,half,scoreA,scoreB,ball,strk,out,b1,b2,b3,b1Idx,b2Idx,b3Idx,pCnt,pSec,pName,pHand,pType,pPow,spdK,zoneX,zoneY,startX,startY,targetX,targetY,zDist,pitchAngle,pOver,pSide,pUnder,call,sH,sV,gyro,plx,plz,bIdx,bPos,bZone,bName,bHCm,batLen,batCen,batType,bFps,bOS,bVR,bSwing,hSec,rotS,rotL,shS,lgS,prepS,batSpd,ev,ldeg,sdeg,launchPosX,launchPosY,launchPosZ,hPos,buntGrip,handDist,angVeloX,angVeloY,angVeloZ,ltSec,lx,lz,cSec,cPos,cx,cy,cz,1BSafe,tag,cpSec,bTo1Sec,bTo2Sec,bTo3Sec,bToHSec,r1To2Sec,r1To3Sec,r1ToHSec,r2To3Sec,r2ToHSec,r3ToHSec,r1LeaveSec,r2LeaveSec,r3LeaveSec,out1Sec,out1BatterIndex,out1PrevBase,out1Code,out1Ass,out2Sec,out2BatterIndex,out2PrevBase,out2Code,out2Ass,out3Sec,out3BatterIndex,out3PrevBase,out3Code,out3Ass,ball1Sec,ball1Pos,ball2Sec,ball2Pos,ball3Sec,ball3Pos,ballHSec,ballHPos,PitchPPosX,PitchPPosZ,PitchCPosX,PitchCPosZ,Pitch1BPosX,Pitch1BPosZ,Pitch2BPosX,Pitch2BPosZ,Pitch3BPosX,Pitch3BPosZ,PitchSSPosX,PitchSSPosZ,PitchLFPosX,PitchLFPosZ,PitchCFPosX,PitchCFPosZ,PitchRFPosX,PitchRFPosZ,PPosX,PPosY,PThrSpd,CName,CPosX,CPosY,CThrSpd,1BName,1BPosX,1BPosY,1BThrSpd,2BName,2BPosX,2BPosY,2BThrSpd,3BName,3BPosX,3BPosY,3BThrSpd,SSName,SSPosX,SSPosY,SSThrSpd,LFName,LFPosX,LFPosY,LFThrSpd,CFName,CFPosX,CFPosY,CFThrSpd,RFName,RFPosX,RFPosY,RFThrSpd,PGetSec,PGetX,PGetZ,CGetSec,CGetX,CGetZ,1BGetSec,1BGetX,1BGetZ,2BGetSec,2BGetX,2BGetZ,3BGetSec,3BGetX,3BGetZ,SSGetSec,SSGetX,SSGetZ,LFGetSec,LFGetX,LFGetZ,CFGetSec,CFGetX,CFGetZ,RFGetSec,RFGetX,RFGetZ,PThrSec,PThrX,PThrZ,CThrSec,CThrX,CThrZ,1BThrSec,1BThrX,1BThrZ,2BThrSec,2BThrX,2BThrZ,3BThrSec,3BThrX,3BThrZ,SSThrSec,SSThrX,SSThrZ,LFThrSec,LFThrX,LFThrZ,CFThrSec,CFThrX,CFThrZ,RFThrSec,RFThrX,RFThrZ,errPosDelta,result,balk,cPlr,sb2Sec,sb3Sec,sbhSec,ass,remarks
1,,1,1,0,0,0,0,0,0,0,0,255,255,255,0,202.091,"_Chun",L,10,83,124,-0.693,0.263,-0.494,2.191,-0.288,2.148,-36.669,58.842,72,28,0,0,0,400,-7.205,0,0,0,3,R,"_Gosomi",175,85.368,0.474,,84,W,Y,0,,,,,,,,,,,,,,,,,,,,,,,,,,,,0,0,,,,,,,,,,,,,,,,,,,,,,,,,,,,,,,,,,,,,,0.013,-37.6,0,-17.037,-21.383,-46.947,-14.85,-61.961,20.522,-50.284,9.943,-54.497,40.93,-90.677,0,-109.87,-39.921,-85.96,,,,"",,,,"",,,,"",,,,"",,,,"",,,,"",,,,"",,,,"",,,,,,,,,,,,,,,,,,,,,,,,,,,,,,,,,,,,,,,,,,,,,,,,,,,,,,,,,,"",0,0,"",,,,0,""
2,,1,1,0,0,0,1,0,0,0,0,255,255,255,1,222.999,"_Chun",L,10,94,118,1.118,-2.126,-0.249,1.706,0.493,0.881,-36.669,16.287,60,40,0,1,0,400,-5.634,0.24,-19.266,0,3,R,"_Gosomi",175,85.368,0.474,,84,W,Y,0,,,,,,,,,,,,,,,,,,,,,,,,,,,,0,0,,,,,,,,,,,,,,,,,,,,,,,,,,,,,,,,,,,,,,0.023,-37.647,-0.008,-17.132,-21.142,-46.601,-14.904,-62.114,20.645,-50.153,7.618,-61.242,40.915,-90.664,0,-109.86,-39.409,-94.436,,,,"",,,,"",,,,"",,,,"",,,,"",,,,"",,,,"",,,,"",,,,,,,,,,,,,,,,,,,,,,,,,,,,,,,,,,,,,,,,,,,,,,,,,,,,,,,,,,"",0,0,"",,,,0,""
3,,1,1,0,0,1,1,0,0,0,0,255,255,255,2,238.918,"_Chun",L,26,97,140,10.104,3.826,-0.237,1.957,0.799,1.378,-36.669,29.528,78,22,0,2,27.333,-150,-14.962,0,0,0,3,R,"_Gosomi",175,85.368,0.474,3,84,W,Y,1,240.011,146,43,79,74,14,143,85,-12.202,14.139,0.16,0.684,-19.928,-0.8,0,0.42,-125.5,293.181,508.227,239.469,-0.544,-22.7,241.744,3,-11.678,0.056,-54.843,0,0,,,,,,,,,,,,,,,245.386,0,,147,16,,,,,,,,,,,,,,,,,,,0.034,-37.605,0,-17.001,-21.219,-46.648,-14.764,-62.107,20.675,-50.348,7.832,-61.798,40.915,-90.664,0,-109.85,-39.415,-94.449,-0.121,-37.227,,"소솨소솨",0.14,-17.045,,"Pring__",-21.011,-46.491,83,"Pugeuk",-14.906,-62.209,86,"Muna_328",20.751,-50.434,,"Kr_Luna",4.971,-61.684,,"AI",40.9,-90.65,,"AI",0,-109.84,,"눈꽃",-39.412,-94.443,,250.502,-0.528,-38.087,,,,244.745,-18.677,-40.867,242.399,-12.038,-55.489,,,,,,,,,,,,,,,,,,,,,,249.424,-17.613,-39.542,243.901,-12.572,-53.512,,,,,,,,,,,,,,,,"",2,0,"Pugeuk",,,,19,""
4,,1,1,0,0,0,0,1,0,0,0,255,255,255,3,265.008,"_Chun",L,26,88,140,1.303,0.609,-0.302,2.075,0.494,1.792,-36.669,35.853,78,22,0,0,71.383,-150,-21.256,0,0,1,5,R,"CoalCat",174.6,83,0.397,,78,W,Y,0,,,,,,,,,,,,,,,,,,,,,,,,,,,,0,0,,,,,,,,,,,,,,,,,,,,,,,,,,,,,,,,,,,,,,-0.025,-37.705,0.032,-17.018,-21.432,-47.323,-14.02,-58.754,21.473,-51.214,7.192,-62.766,40.915,-90.664,0,-109.86,-36.925,-90.922,,,,"",,,,"",,,,"",,,,"",,,,"",,,,"",,,,"",,,,"",,,,269.158,-0.022,-37.509,,,,,,,,,,,,,,,,,,,,,,,,,,,,,,,,,,,,,,,,,,,,,,,,,,,,"",0,0,"",,,,0,""
5,,1,1,0,0,0,1,1,0,0,0,255,255,255,4,279.103,"_Chun",L,26,95,140,2.103,0.06,-0.227,1.986,0.845,1.477,-36.669,31.8,81,19,0,2,57.062,-150,-17.403,0,0,1,5,R,"CoalCat",174.6,83,0.397,3,78,W,Y,1,280.107,255,147,93,54,37,145,83,13.142,-21.25,0.795,1.136,-20.913,-0.93,0,0.485,271.927,-329.747,421.097,282.319,21.893,-68.999,283.811,6,27.985,0.06,-81.505,1,0,,285.368,,,,,,,,,,,,,,,,,,,,,,,,,,,,,,,,,,,,0.066,-37.637,0.072,-17.051,-20.875,-47.854,-15.252,-62.746,21.456,-51.116,8.678,-62.185,40.908,-90.658,0,-109.85,-36.93,-90.935,-0.125,-37.05,,"소솨소솨",0.109,-17.091,,"Pring__",-21.375,-47.131,,"Pugeuk",-15.173,-62.657,85,"Muna_328",21.412,-51.007,,"Kr_Luna",6.439,-62.525,,"AI",40.9,-90.65,,"AI",0,-109.84,,"눈꽃",-36.928,-90.953,,292.03,-0.143,-38.085,,,,,,,287.696,0.211,-59.183,,,,,,,,,,,,,,,,,,,,,,,,,290.972,-4.498,-55.398,,,,,,,,,,,,,,,,"",2,0,"AI",,,,18,""
6,,1,1,0,0,0,0,1,1,0,0,5,255,255,5,320.542,"_Chun",L,10,86,128,1.934,-1.432,-0.226,1.855,0.848,1.068,-36.669,26.44,88,12,0,2,0,400,-10.783,0,0,2,2,R,"SUGUN",190,82,0.5,3,76,W,Y,1,321.475,255,147,150,131,33,145,123,-30,24.116,0.361,0.462,-20.333,0.2,0,0.414,302.263,-484.623,-183.788,320.836,0.049,-21.032,322.553,3,-14.285,2.277,-53.221,0,2,,,,,,326.509,,,,,,,,,324.263,1,1,276,0,326.417,2,,147,16,,,,,,,,,,,,,,0.041,-37.693,0.148,-17.17,-19.616,-40.116,-14.4,-59.553,22.067,-50.481,13.548,-60.869,40.937,-90.684,0,-109.88,-47.494,-97.161,-0.126,-37.156,,"소솨소솨",0.135,-17.347,,"Pring__",-18.799,-43.005,83,"Pugeuk",-14.231,-59.237,87,"Muna_328",22.047,-50.435,,"Kr_Luna",13.227,-60.935,,"AI",40.9,-90.65,,"AI",0,-109.84,,"눈꽃",-47.506,-97.16,,,,,,,,325.805,-18.194,-40.727,323.168,-14.641,-54.08,,,,,,,,,,,,,,,,,,,,,,328.902,-17.49,-39.606,325.145,-11.104,-47.442,,,,,,,,,,,,,,,,"",2,0,"Pugeuk",326.509,,,17,""
7,SIDE,1,1,0,0,0,0,2,0,0,0,255,255,255,,329.192,,,,,,,,,,,,,,,,,,,,,,,3,,,,,,,,,,,,,,,,,,,,,,,,,,,,,,,,,,,,,,,0,0,,,,,,,,,,,,,,,,,,,,,,,,,,,,,,,,,,,,,,,,,,,,,,,,,,,,,,,,,,,,,,,,,,,,,,,,,,,,,,,,,,,,,,,,,,,,,,,,,,,,,,,,,,,,,,,,,,,,,,,,,,,,,,,,,,,,,,,,,,,,,,,,,"",0,0,"",,,,0,""
8,,1,0,0,0,0,0,0,0,0,0,255,255,255,0,382.359,"ke ro",R,0,0,0,0,0,0,0,0,0,0,0,0,0,0,0,0,0,0,0,0,0,2,L,"SUGUN",190,82,0.5,,76,W,Y,0,,,,,,,,,,,,,,,,,,,,,,,,,,,,0,0,,,,,,,,,,,,,,,,,,,,,,,,,,,,,,,,,,,,,,0.034,-38.348,0.003,-17.155,-18.274,-43.414,-17.069,-60.834,18.788,-57.488,10.886,-59.968,40.9,-90.65,3.438,-110.628,-40.8,-90.55,,,,"",,,,"",,,,"",,,,"",,,,"",,,,"",,,,"",,,,"",,,,,,,,,,,,,,,,,,,,,,,,,,,,,,,,,,,,,,,,,,,,,,,,,,,,,,,,,,"",0,0,"",,,,0,""
9,,1,0,0,0,0,0,0,0,0,0,255,255,255,0,448.823,"ke ro",R,0,78,128,0.837,1.98,0.347,1.881,0.354,2.667,-36.626,33.302,97,3,0,4,0,27.494,4.893,0,0,0,3,L,"Pugeuk",160,85.842,0.349,,72,W,Y,1,,,,,,,,,,,,,,,,,,,,,,,,,,,,0,0,,,,,,,,,,,,,,,,,,,,,,,,,,,,,,,,,,,,,,0.011,-37.849,-0.005,-17.22,-19.251,-46.868,-11.211,-64.376,19.954,-56.159,10.862,-64.137,40.9,-90.65,7.556,-108.797,-40.8,-90.55,,,,"",,,,"",,,,"",,,,"",,,,"",,,,"",,,,"",,,,"",,,,,,,,,,,,,,,,,,,,,,,,,,,,,,,,,,,,,,,,,,,,,,,,,,,,,,,,,,"",0,0,"",,,,0,""
10,,1,0,0,0,0,1,0,0,0,0,255,255,255,1,461.008,"ke ro",R,10,84,125,1.71,1.033,0.374,1.813,0.811,2.657,-36.626,30.242,100,0,0,4,-49.477,400,10.086,0,0,0,3,L,"Pugeuk",160,85.842,0.349,,72,W,Y,1,,,,,,,,,,,,,,,,,,,,,,,,,,,,0,0,,,,,,,,,,,,,,,,,,,,,,,,,,,,,,,,,,,,,,0.094,-37.937,-0.014,-17.316,-19.599,-45.662,-11.363,-64.408,20.484,-56.588,10.857,-64.157,40.9,-90.65,5.47,-105.756,-40.8,-90.55,,,,"",,,,"",,,,"",,,,"",,,,"",,,,"",,,,"",,,,"",,,,,,,,,,,,,,,,,,,,,,,,,,,,,,,,,,,,,,,,,,,,,,,,,,,,,,,,,,"",0,0,"",,,,0,""
11,,1,0,0,0,0,2,0,0,0,0,255,255,255,2,477.035,"ke ro",R,0,74,125,1.377,1.342,0.374,1.816,0.588,2.293,-36.626,29.61,100,0,0,2,0,0,13.145,0,0,0,3,L,"Pugeuk",160,85.842,0.349,3,73,W,Y,1,478.147,192,33,77,41,12,138,85,57.078,-41.721,0.251,1.187,-19.915,-0.34,0,0.367,520.728,-297.616,-16.338,482.953,42.118,-57.375,484.127,6,43.668,1.119,-61.916,0,0,,482.675,,,,,,,,,,,,,,,,,,,,,,,,,,,,,,,,,,,,0.088,-37.915,0.022,-17.305,-19.09,-46.039,-11.559,-64.392,16.879,-50.707,10.414,-64.041,40.9,-90.65,5.817,-104.859,-40.8,-90.55,0.252,-37.901,,"Ainy4／あいにゃ",0.046,-17.442,,"SUGUN",-19.266,-46.307,,"_Gosomi",-11.437,-64.348,,"HANA_ARASHI",16.873,-50.702,,"CoalCat",10.341,-63.888,,"AI",40.904,-90.653,,"うよすま",5.639,-104.874,,"AI",-40.804,-90.553,,,,,,,,,,,,,,,,,,,,,,,,,,,,,,,,,,,,,,,,,,,,,,,,,,,,,,,,"",3,0,"AI",,,,0,""
12,,1,0,0,0,0,2,0,0,0,0,255,255,255,3,496.823,"ke ro",R,26,82,134,-0.149,1.311,0.153,1.763,-0.08,2.123,-36.626,22.211,100,0,0,4,7.299,-150,7.69,0.025,-18.018,0,3,L,"Pugeuk",160,85.842,0.349,,73,W,Y,1,,,,,,,,,,,,,,,,,,,,,,,,,,,,0,0,,503.292,,,,,,,,,,,,,501.984,0,,147,16,,,,,,,,,,,,,,,,,,,-0.027,-37.944,-0.018,-17.31,-17.285,-43.612,-14.34,-63.727,18.212,-46.528,12.589,-62.895,40.9,-90.65,5.761,-108.236,-40.8,-90.55,,,,"",,,,"",,,,"",,,,"",,,,"",,,,"",,,,"",,,,"",,,,,,,,,,,,,,,,,,,,,,,,,,,,,,,,,,,,,,,,,,,,,,,,,,,,,,,,,,"",0,0,"",,,,0,""
13,,1,0,0,0,0,0,1,0,0,0,255,255,255,4,515.345,"ke ro",R,26,78,128,2.201,1.998,0.385,1.938,0.76,2.717,-36.626,41.135,98,2,0,1,141.787,-150,4.848,0,0,1,2,L,"Pring__",190,92.741,0.481,,70,W,Y,0,,,,,,,,,,,,,,,,,,,,,,,,,,,,0,0,,,,,,,,,,,,,,,,,,,,,,,,,,,,,,,,,,,,,,0.06,-37.916,-0.038,-17.336,-19.699,-46.06,-11.301,-64.17,20.224,-54.848,10.834,-63.858,40.9,-90.65,10.083,-122.515,-40.8,-90.55,,,,"",,,,"",,,,"",,,,"",,,,"",,,,"",,,,"",,,,"",,,,,,,,,,,,,,,,,,,,,,,,,,,,,,,,,,,,,,,,,,,,,,,,,,,,,,,,,,"",0,0,"",,,,0,""
14,,1,0,0,0,1,0,1,0,0,0,255,255,255,5,527.495,"ke ro",R,10,81,122,1.383,-0.155,0.316,1.742,0.593,1.96,-36.626,21.978,100,0,0,2,0,400,15.706,0,0,1,2,L,"Pring__",190,92.741,0.481,3,70,W,Y,1,528.519,255,128,103,117,83,145,130,26.434,-14.501,0.543,1.177,-20.66,0.66,0,0.472,391.088,-321.67,-321.836,533.211,40.774,-132.021,,,,,,0,0,,534.381,538.946,544.136,549.186,,,,,,,,,,,,,,,,,,,,,,,,,,,,,,,,,0.109,-37.918,-0.022,-17.321,-19.848,-45.854,-11.25,-64.223,20.463,-54.157,11.182,-63.495,40.9,-90.65,10.205,-122.448,-40.8,-90.55,0.392,-37.618,,"Ainy4／あいにゃ",-0.033,-17.497,,"SUGUN",-19.793,-45.917,,"_Gosomi",-11.251,-64.123,,"HANA_ARASHI",20.318,-54.017,,"CoalCat",11.118,-63.333,,"AI",40.904,-90.653,,"うよすま",10.142,-122.425,,"AI",-40.804,-90.553,,,,,,,,,,,,,,,,,,,,,,,,,,,,,,,,,,,,,,,,,,,,,,,,,,,,,,,,"",4,0,"",538.946,544.136,,0,""
15,,1,0,0,1,0,0,1,0,0,0,255,255,255,6,562.421,"ke ro",R,10,77,117,0.238,-0.017,0.252,1.775,0.096,2.042,-36.626,27.625,100,0,0,2,0,400,14.731,0,0,2,5,L,"Kr_Luna",174.125,92,0.498,3,69,W,Y,0,563.302,191,116,133,38,30,145,126,-15.004,-40.528,0.174,0.821,-19.835,0.44,0,0.053,-202.16,-499.89,263.138,562.544,2.543,-22.582,568.536,6,66.161,0.055,-100.443,1,0,,568.718,573.328,,,,,,,,,,,,,,,,,,,,,,,,,,,,,,,,,,,-0.042,-37.951,-0.021,-17.341,-19.543,-45.201,-9.237,-66.15,21.715,-50.235,12.531,-62.251,40.915,-90.664,19.516,-123.605,-40.815,-90.564,-0.077,-37.455,,"Ainy4／あいにゃ",-0.039,-17.388,,"SUGUN",-19.36,-45.819,,"_Gosomi",-8.919,-65.909,85,"HANA_ARASHI",21.576,-50.08,,"CoalCat",12.558,-62.085,,"AI",40.9,-90.65,,"うよすま",19.511,-123.602,,"AI",-40.8,-90.55,,577.435,0.128,-38.884,,,,,,,573.944,6.709,-63.352,,,,,,,,,,,,,,,,,,,,,,,,,576.205,2.695,-58.803,,,,,,,,,,,,,,,,"",2,0,"AI",573.328,,,65,""
16,,1,0,0,1,0,0,1,0,1,0,255,15,255,7,592.268,"ke ro",R,0,61,115,0.387,1.19,0.298,1.861,0.16,2.312,-36.626,33.922,96,4,0,2,0,0,5.973,0,0,3,8,L,"눈꽃",179.9,80,0.505,3,69,W,Y,1,593.574,189,70,83,77,24,145,127,97.402,-64.513,0.056,1.293,-19.29,0.35,0,0.322,262.252,535.461,-67.119,,,,,,,,,0,0,,,,,,,,,,,,,607.883,,,,,,,,,,,,,,,,,,,,,,,,,-0.078,-37.689,-0.03,-17.317,-19.962,-46.207,-2.679,-61.026,22,-52.368,11.744,-59.711,40.922,-90.671,4.778,-122.409,-40.822,-90.571,0.05,-38.016,,"Ainy4／あいにゃ",-0.006,-17.296,,"SUGUN",-19.661,-46.17,,"_Gosomi",-2.747,-61.012,,"HANA_ARASHI",22.438,-52.05,,"CoalCat",11.681,-55.533,,"AI",40.9,-90.65,,"うよすま",4.404,-122.248,,"AI",-40.8,-90.55,,,,,,,,,,,,,,,,,,,,,,,,,,,,,,,,,,,,,,,,,,,,,,,,,,,,,,,,"",3,0,"",595.907,,,0,""
17,,1,0,0,1,0,1,1,0,1,0,255,15,255,8,608.049,"ke ro",R,26,89,140,-0.795,0.342,0.123,1.713,-0.376,1.669,-36.626,14.865,97,3,0,2,19.192,-150,23.349,0,0,3,8,L,"눈꽃",179.9,80,0.505,3,69,W,Y,1,609.182,255,122,116,98,41,145,88,49.329,-19.503,-0.155,1.054,-19.923,-0.78,0,0.424,83.309,594.067,11.986,613.836,11.335,-79.085,615.686,6,11.556,0.195,-85.865,1,8,,615.084,619.677,,,,,,619.262,,,,,,620.246,3,2,292,0,,,,,,,,,,,,,,,,,,,-0.115,-37.755,-0.018,-17.319,-20.183,-46.198,-10.012,-61.67,22.227,-52.41,12.428,-60.75,40.915,-90.664,-3.673,-123.935,-40.815,-90.564,0.087,-38.105,,"Ainy4／あいにゃ",-0.096,-17.451,,"SUGUN",-20.062,-46.154,,"_Gosomi",-10.014,-61.608,77,"HANA_ARASHI",22.047,-52.563,,"CoalCat",12.166,-59.531,,"AI",40.9,-90.65,,"うよすま",-3.37,-123.93,,"AI",-40.8,-90.55,,624.039,-0.108,-38.879,,,,,,,619.288,0.233,-59.622,,,,,,,,,,,,,,,,,,,,,,,,,622.976,-3.036,-53.506,,,,,,,,,,,,,,,,"",2,0,"AI",619.677,619.262,,65,""
18,,1,0,0,1,0,0,2,0,0,1,255,255,15,9,642.223,"ke ro",R,26,92,140,-1.93,-0.561,-0.027,1.452,-0.862,1.132,-36.626,9.008,52,48,0,1,18.106,-150,19.532,0,0,4,4,R,"Muna_328",190,88.095,0.383,,69,W,Y,0,,,,,,,,,,,,,,,,,,,,,,,,,,,,0,0,,,,,,,,,,,653.884,,,648.612,,,,,,,,,,,,,,,,,,,,,,,,-0.076,-37.934,-0.113,-17.405,-19.793,-46.311,-15.67,-62.006,19.856,-56.98,9.159,-63.372,40.915,-90.664,-6.651,-119.798,-40.815,-90.564,,,,"",,,,"",,,,"",,,,"",,,,"",,,,"",,,,"",,,,"",,,,664.379,0.259,-38.825,,,,,,,,,,,,,,,,,,,,,,,,,,,,,,,,,,,,,,,,,,,,,,,,,,,,"",2,0,"",,,653.884,0,""
19,,1,0,0,2,1,0,2,0,0,0,255,255,255,10,672.896,"ke ro",R,10,79,120,1.042,1.055,0.334,1.923,0.537,2.646,-36.626,45.57,97,3,0,2,-56.141,326.837,5.185,0,0,4,4,R,"Muna_328",190,88.095,0.383,3,85,W,Y,1,674,255,98,59,38,1,136,94,103.294,-30.601,0.196,1.445,-20.667,-0.37,0,0.758,569.918,96.136,161.096,,,,,,,,,0,0,,,,,678.998,,,,,,,,,,,,,,,,,,,,,,,,,,,,,,,,,-0.02,-38.343,0.044,-17.418,-19.739,-46.194,-13.542,-63.462,20.671,-55.782,9.398,-63.465,40.907,-90.657,-7.468,-119.452,-40.807,-90.557,0.051,-37.739,,"Ainy4／あいにゃ",0.032,-17.462,,"SUGUN",-19.663,-46.341,,"_Gosomi",-13.524,-63.2,,"HANA_ARASHI",19.979,-56.245,,"CoalCat",8.391,-62.934,,"AI",40.9,-90.65,,"うよすま",-7.259,-119.279,,"AI",-40.8,-90.55,,,,,,,,,,,,,,,,,,,,,,,,,,,,,,,,,,,,,,,,,,,,,,,,,,,,,,,,"",3,0,"",,,,0,""
20,,1,0,0,2,1,1,2,0,0,0,255,255,255,11,690.103,"ke ro",R,10,72,113,-5.027,-2.209,-0.002,1.514,-1.999,0.732,-36.626,9.14,45,55,0,1,-104.678,400,21.941,-0.983,-19.648,4,4,R,"Muna_328",190,88.095,0.383,,85,W,Y,0,,,,,,,,,,,,,,,,,,,,,,,,,,,,0,0,,,,,,,,,,,,,,,,,,,,,,,,,,,,,,,,,,,,,,0.046,-38.326,-0.049,-17.304,-19.542,-46.194,-14.675,-64.171,20.271,-57.713,8.721,-64.14,40.915,-90.664,-7.841,-118.185,-40.815,-90.564,,,,"",,,,"",,,,"",,,,"",,,,"",,,,"",,,,"",,,,"",,,,,,,,,,,,,,,,,,,,,,,,,,,,,,,,,,,,,,,,,,,,,,,,,,,,,,,,,,"",0,0,"",,,,0,""
21,,1,0,0,2,2,1,2,0,0,0,255,255,255,12,704.723,"ke ro",R,32,79,129,2.5,1.946,0.367,1.891,0.811,2.548,-36.626,39.481,93,7,0,2,158.326,-150,4.163,0,0,4,4,R,"Muna_328",190,88.095,0.383,3,85,W,Y,1,705.849,195,96,78,19,2,136,125,26.207,15.366,0.477,1.858,-20.368,0.28,0,0.814,407.736,386.389,-210.844,710.828,-35.332,-123.272,711.811,7,-33.18,0.38,-120.147,1,0,,711.869,716.306,,,,,,,,,,,,,,,,,,,,,,,,,,,,,,,,,,,0.004,-38.468,-0.042,-17.338,-20.139,-46.621,-14.608,-63.871,19.408,-58.102,8.572,-63.997,40.915,-90.664,-4.852,-118.265,-40.815,-90.564,0.008,-37.527,,"Ainy4／あいにゃ",0.039,-17.414,,"SUGUN",-20.138,-46.548,,"_Gosomi",-14.59,-63.848,,"HANA_ARASHI",19.414,-58.3,,"CoalCat",8.582,-63.9,69,"AI",40.9,-90.65,,"うよすま",-4.851,-118.295,87,"AI",-40.8,-90.55,,721.717,0.402,-38.814,,,,,,,,,,,,,717.432,0.053,-59.671,,,,712.542,-31.875,-120.349,,,,,,,,,,,,,,,,,,,720.255,2.712,-58.107,,,,713.792,-29.601,-113.597,,,,"",2,0,"うよすま",716.306,,,74,""
22,,1,0,0,2,0,0,2,0,1,0,255,14,255,13,735.618,"ke ro",R,27,65,118,2.65,0.746,0.403,1.88,1.115,2.439,-36.626,48.172,92,8,0,2,109.847,-132.64,-2.059,0,0,5,1,R,"소솨소솨",190,80,0.501,3,68,W,Y,1,736.759,235,50,118,61,25,145,91,47.665,-9.973,0.588,1.776,-20.021,-0.77,0,0.578,528.543,26.032,-282.78,741.869,13.796,-82.811,743.011,6,14.654,1.317,-88.192,1,0,,743.627,753.043,,,,,,738.758,756.227,,,,,,,,,,,,,,,,,,,,,,747.136,3,,,757.071,1,0.022,-38.162,-0.039,-17.391,-19.697,-46.944,-16.046,-62.262,21.182,-55.471,9.517,-63.542,40.9,-90.65,-9.865,-119.204,-40.8,-90.55,0.093,-37.904,,"Ainy4／あいにゃ",0.012,-17.4,104,"SUGUN",-19.882,-46.63,102,"_Gosomi",-16.074,-62.185,107,"HANA_ARASHI",21.375,-51.536,,"CoalCat",7.828,-62.663,107,"AI",40.9,-90.65,,"うよすま",-9.41,-118.67,,"AI",-40.8,-90.55,,762.158,0.029,-37.505,756.633,-0.054,-20.291,750.639,-18.576,-40.329,746.776,0.272,-59.941,,,,752.891,-1.192,-58.114,,,,,,,,,,,,,761.248,1.992,-20.528,751.91,-14.189,-45.23,749.718,-7.035,-53.284,,,,755.108,-1.927,-53.604,,,,,,,,,,"",2,0,"AI",753.043,738.758,756.227,87,""
23,,1,0,0,3,0,0,2,0,1,0,255,11,255,14,778.619,"ke ro",R,26,73,124,1.238,0.416,0.303,1.71,0.368,1.719,-36.626,28.659,100,0,0,0,102.312,-150,12.364,0,0,6,0,L,"_Chun",190,80,0.445,,68,W,Y,1,,,,,,,,,,,,,,,,,,,,,,,,,,,,0,0,,,,,,,,,,,,,,,,,,,,,,,,,,,,,,,,782.851,3,,,,,-0.073,-38.525,0,-17.184,-19.814,-46.031,-10.116,-65.472,22.159,-51.243,11.087,-61.773,40.922,-90.671,10.586,-122.151,-40.822,-90.57,,,,"",,,,"",,,,"",,,,"",,,,"",,,,"",,,,"",,,,"",,,,784.961,0.241,-38.505,,,,,,,,,,,,,,,,,,,,,,,,,,,,,,,,,,,,,,,,,,,,,,,,,,,,"",0,0,"",781.016,,,0,""
24,,1,0,0,3,0,1,2,0,1,0,255,11,255,15,794.808,"ke ro",R,26,85,138,0.893,0.323,0.262,1.562,0.288,1.685,-36.626,15.681,57,43,0,0,67.103,-150,12.622,0,0,6,0,L,"_Chun",190,80,0.445,,68,W,Y,1,,,,,,,,,,,,,,,,,,,,,,,,,,,,0,0,,,,,,,,,,,,,794.932,,,,,,,,,,,,,,,,,,,,,,,,,0.057,-38.511,-0.011,-17.279,-18.35,-44.703,-7.706,-65.402,23.163,-52.177,11.75,-62.238,40.915,-90.664,12.166,-122.083,-40.815,-90.564,,,,"",,,,"",,,,"",,,,"",,,,"",,,,"",,,,"",,,,"",,,,799.187,-0.022,-37.352,,,,,,,,,,,,,,,,,,,,,,,,,,,,,,,,,,,,,,,,,,,,,,,,,,,,"",0,0,"",797.611,,,0,""
25,,1,0,0,3,0,2,2,0,1,0,255,11,255,16,810.954,"ke ro",R,14,82,119,2.221,-1.897,0.233,1.403,0.402,0.742,-36.626,15.88,70,30,0,1,386.641,317.031,63.458,0.77,-17.869,6,0,L,"_Chun",190,80,0.445,,68,W,Y,0,,,,,,,,,,,,,,,,,,,,,,,,,,,,0,0,,,,,,,,,,,,,825.21,,,,,,,,,,,,,,,,,,,,,,,,,0.008,-38.399,-0.004,-17.271,-19.76,-45.707,-7.122,-64.816,21.69,-51.337,11.765,-62.272,40.915,-90.664,12.527,-122.61,-40.815,-90.564,,,,"",,,,"",,,,"",,,,"",,,,"",,,,"",,,,"",,,,"",,,,816.351,0.031,-37.526,,,,,,,,,,,,,,,,,,,,,,,,,,,,,,,,,,,,,,,,,,,,,,,,,,,,"",0,0,"",814.104,,,0,""
26,,1,0,0,3,1,2,2,0,1,0,255,11,255,17,825.531,"ke ro",R,0,93,140,-6.131,-1.417,-0.043,1.465,-2.579,0.726,-36.626,8.098,31,69,0,3,0,0,7.971,-0.497,-21.092,6,0,L,"_Chun",190,80,0.445,,68,W,Y,0,,,,,,,,,,,,,,,,,,,,,,,,,,,,0,0,,,,,,,,,,,,,837.087,,,,,,,,,,,,,,,,,,,,,,,,,0.066,-38.384,0.011,-17.435,-19.747,-45.836,-6.649,-66.405,21.804,-53.115,11.755,-62.232,40.915,-90.664,10.895,-120.71,-40.815,-90.564,,,,"",,,,"",,,,"",,,,"",,,,"",,,,"",,,,"",,,,"",,,,,,,,,,,,,,,,,,,,,,,,,,,,,,,,,,,,,,,,,,,,,,,,,,,,,,,,,,"",6,0,"",836.633,,,0,""
27,,1,0,0,3,3,2,2,0,1,0,255,11,255,18,843.381,"ke ro",R,26,81,132,2.324,1.088,0.396,1.793,0.887,2.152,-36.626,27.734,100,0,0,2,77.589,-150,20.043,0,0,6,0,L,"_Chun",190,80,0.445,3,68,W,Y,1,844.287,255,82,22,18,9,66,66,96.996,-59.784,0.432,1.421,-20.115,0.31,0,0.33,413.092,-360.499,-243.711,,,,848.828,1,-11.829,3.392,-10.118,0,0,,,,,,,,,,,,,,,849.648,6,,450,0,,,,,,,,,,,,,,,,,,,0.101,-38.416,0.003,-17.44,-19.566,-46.039,-6.629,-65.74,23.209,-51.437,12.374,-62.798,40.915,-90.664,9.461,-119.532,-40.815,-90.564,0.163,-37.628,,"Ainy4／あいにゃ",0.026,-17.514,,"SUGUN",-19.632,-45.921,,"_Gosomi",-6.619,-65.703,,"HANA_ARASHI",23.213,-51.455,,"CoalCat",12.422,-62.043,,"AI",40.9,-90.65,,"うよすま",9.454,-119.431,,"AI",-40.8,-90.55,,,,,849.656,-11.778,-10.004,,,,,,,,,,,,,,,,,,,,,,,,,,,,,,,,,,,,,,,,,,,,,,,,,"",1,0,"Ainy4／あいにゃ",,,,16,""
28,SIDE,1,0,0,3,0,0,2,0,1,0,255,11,255,,851.34,,,,,,,,,,,,,,,,,,,,,,,0,,,,,,,,,,,,,,,,,,,,,,,,,,,,,,,,,,,,,,,0,0,,,,,,,,,,,,,,,,,,,,,,,,,,,,,,,,,,,,,,,,,,,,,,,,,,,,,,,,,,,,,,,,,,,,,,,,,,,,,,,,,,,,,,,,,,,,,,,,,,,,,,,,,,,,,,,,,,,,,,,,,,,,,,,,,,,,,,,,,,,,,,,,,"",0,0,"",,,,0,""
29,,2,1,0,3,0,0,0,0,0,0,255,255,255,7,900.967,"_Chun",L,26,92,140,1.011,-0.753,-0.326,1.852,0.382,1.009,-36.669,28.748,86,14,0,0,57.16,-150,-15.076,0,0,3,7,R,"うよすま",175.4,85.375,0.502,,68,W,Y,1,,,,,,,,,,,,,,,,,,,,,,,,,,,,0,0,,,,,,,,,,,,,,,,,,,,,,,,,,,,,,,,,,,,,,-0.009,-37.776,-0.035,-17.14,-21.46,-46.863,-17.39,-61.353,19.444,-51.279,10.463,-58.457,43.506,-90.406,0,-109.91,-38.93,-87.028,,,,"",,,,"",,,,"",,,,"",,,,"",,,,"",,,,"",,,,"",,,,,,,,,,,,,,,,,,,,,,,,,,,,,,,,,,,,,,,,,,,,,,,,,,,,,,,,,,"",0,0,"",,,,0,""
30,,2,1,0,3,0,1,0,0,0,0,255,255,255,8,940.956,"_Chun",L,14,81,106,1.282,0.674,-0.011,2.335,1.322,2.467,-36.669,52.369,74,23,3,0,-376.237,312.348,-33.217,0,0,3,7,R,"うよすま",175.4,85.375,0.502,,47,W,Y,0,,,,,,,,,,,,,,,,,,,,,,,,,,,,0,0,,,,,,,,,,,,,,,,,,,,,,,,,,,,,,,,,,,,,,0.126,-37.65,-0.034,-17.068,-21.517,-46.797,-17.055,-62.199,20.179,-50.546,8.893,-59.943,42.652,-92.558,0,-109.89,-38.929,-87.028,,,,"",,,,"",,,,"",,,,"",,,,"",,,,"",,,,"",,,,"",,,,,,,,,,,,,,,,,,,,,,,,,,,,,,,,,,,,,,,,,,,,,,,,,,,,,,,,,,"",0,0,"",,,,0,""
31,,2,1,0,3,0,2,0,0,0,0,255,255,255,9,961,"_Chun",L,26,87,140,-1.881,0.113,-0.559,2.034,-0.798,1.507,-36.669,49.267,73,27,0,1,-3.212,-150,-11.142,0,0,3,7,R,"うよすま",175.4,85.375,0.502,,47,W,Y,0,,,,,,,,,,,,,,,,,,,,,,,,,,,,0,0,,,,,,,,,,,,,,,,,,,,,,,,,,,,,,,,,,,,,,-0.075,-37.788,-0.188,-17.222,-21.513,-46.773,-17.087,-62.197,20.103,-50.668,8.489,-62.187,41.76,-94.79,0,-109.86,-38.953,-87.012,,,,"",,,,"",,,,"",,,,"",,,,"",,,,"",,,,"",,,,"",,,,,,,,,,,,,,,,,,,,,,,,,,,,,,,,,,,,,,,,,,,,,,,,,,,,,,,,,,"",0,0,"",,,,0,""
32,,2,1,0,3,1,2,0,0,0,0,255,255,255,10,976.759,"_Chun",L,13,77,115,-1.62,-1.136,-0.722,2.029,-1.254,1.443,-36.669,46.094,82,18,0,4,322.901,381.753,-0.214,0,0,3,7,R,"うよすま",175.4,85.375,0.502,,47,W,Y,1,,,,,,,,,,,,,,,,,,,,,,,,,,,,0,0,,,,,,,,,,,,,,,979.454,3,,578,0,,,,,,,,,,,,,,,,,,,-0.179,-37.611,-0.202,-17.28,-21.524,-46.792,-17.114,-62.179,20.146,-50.615,6.875,-61.884,42.147,-94.821,0,-109.85,-38.807,-87.224,,,,"",,,,"",,,,"",,,,"",,,,"",,,,"",,,,"",,,,"",,,,,,,,,,,,,,,,,,,,,,,,,,,,,,,,,,,,,,,,,,,,,,,,,,,,,,,,,,"",0,0,"",,,,0,""
33,,2,1,0,3,0,0,1,0,0,0,255,255,255,11,1000.137,"_Chun",L,14,86,125,-0.028,-0.067,-0.284,2.147,0.462,1.899,-36.669,42.208,78,22,0,2,-339.631,366.948,-10.101,0,0,4,1,L,"Ainy4／あいにゃ",188.5,85,0.51,3,67,W,Y,1,1001.181,255,67,41,64,2,130,127,90.981,85.573,-0.005,0.999,-20.514,0.38,0,0.63,585.576,-48.068,-121.614,,,,,,,,,0,0,,,,,,,,,,,,,,,,,,,,,,,,,,,,,,,,,,,,,,0.015,-37.739,-0.091,-17.113,-21.547,-47.712,-12.958,-64.668,25.156,-50.546,13.409,-59.283,42.414,-94.654,0,-109.86,-39.48,-100.773,-0.07,-37.067,,"소솨소솨",-0.089,-17.113,,"Pring__",-21.359,-47.513,,"Pugeuk",-12.935,-64.64,,"Muna_328",25.139,-50.51,,"Kr_Luna",13.546,-60.155,,"ddil_ddil69",42.221,-94.639,,"AI",0,-109.84,,"눈꽃",-39.474,-100.772,,,,,,,,,,,,,,,,,,,,,,,,,,,,,,,,,,,,,,,,,,,,,,,,,,,,,,,,"",3,0,"",,,,0,""
34,,2,1,0,3,0,1,1,0,0,0,255,255,255,12,1021.929,"_Chun",L,26,91,140,-2.052,0.185,-0.56,2.05,-0.933,1.576,-36.669,42.589,81,19,0,2,41.07,-150,-17.696,0,0,4,1,L,"Ainy4／あいにゃ",188.5,85,0.51,3,57,W,Y,1,1022.935,242,92,81,92,26,145,119,25.641,-23.352,-0.288,1.224,-20.866,0.19,0,0.523,292.512,-488.811,-188.416,1027.044,52.575,-110.69,1029.128,6,52.96,0.149,-111.994,1,0,,1028.299,1032.892,,,,,,,,,,,,,,,,,,,,,,,,,,,,,1034.895,3,,,,,-0.14,-37.664,-0.072,-17.212,-21.723,-47.244,-12.167,-65.155,24.49,-49.313,14.021,-60.465,44.73,-95.907,0,-109.86,-35.529,-103.782,-0.652,-36.873,,"소솨소솨",-0.128,-17.259,,"Pring__",-21.558,-47.097,,"Pugeuk",-12.127,-64.998,85,"Muna_328",24.51,-49.263,,"Kr_Luna",13.822,-60.534,,"ddil_ddil69",44.892,-95.981,114,"AI",0,-109.84,,"눈꽃",-36.403,-100.968,,1040.672,-0.122,-37.716,,,,,,,1033.863,4.339,-62.383,,,,,,,1029.75,52.562,-111.52,,,,,,,,,,,,,,,,1039.411,-3.024,-59.217,,,,,,,1031.182,50.178,-104.764,,,,,,,"",2,0,"ddil_ddil69",1032.892,,,193,""
35,,2,1,0,3,0,0,1,0,1,0,255,1,255,13,1057.131,"_Chun",L,14,81,106,1.628,-0.054,0.023,2.162,1.341,1.939,-36.669,35.872,79,21,0,4,-376.237,312.348,-18.268,0,0,5,4,R,"HANA_ARASHI",190,90,0.25,,67,W,Y,1,,,,,,,,,,,,,,,,,,,,,,,,,,,,0,0,,,,,,,,,,,,,1072.487,,,,,,,,,,,,,,,,,,,,,,,,,0.135,-37.729,-0.005,-17.134,-22.392,-47.663,-12.469,-64.759,18.415,-48.506,7.433,-61.222,42.506,-95.86,0,-109.86,-51.885,-96.324,,,,"",,,,"",,,,"",,,,"",,,,"",,,,"",,,,"",,,,"",,,,1061.634,-0.101,-37.452,,,,,,,,,,,,,,,,,,,,,,,,,,,,,,,,,,,,,,,,,,,,,,,,,,,,"",0,0,"",1059.646,,,0,""
36,,2,1,0,3,0,1,1,0,1,0,255,1,255,14,1073.042,"_Chun",L,26,91,140,0.664,0.478,-0.343,2.1,0.131,1.761,-36.669,40.913,80,20,0,2,123.36,-150,-20.412,0,0,5,4,R,"HANA_ARASHI",190,90,0.25,3,67,W,Y,1,1074.007,208,120,98,72,40,145,97,99.347,-75.969,0.155,1.137,-19.574,-0.48,0,0.648,524.414,289.962,-30.199,,,,,,,,,0,0,,,,,,,,,,,,,,,,,,,,,,,,,,,,,,,,,,,,,,0.014,-37.625,0.01,-17.116,-22.416,-47.679,-14.958,-63.411,19.065,-48.771,3.712,-61.324,42.123,-94.591,0,-109.85,-51.881,-96.347,-0.544,-36.929,,"소솨소솨",0.027,-17.125,,"Pring__",-22.144,-47.612,,"Pugeuk",-14.934,-63.353,,"Muna_328",19.033,-48.526,,"Kr_Luna",6.571,-60.993,,"ddil_ddil69",42.117,-94.592,,"AI",0,-109.84,,"눈꽃",-51.84,-96.318,,,,,,,,,,,,,,,,,,,,,,,,,,,,,,,,,,,,,,,,,,,,,,,,,,,,,,,,"",3,0,"",1078.182,,,0,""
37,,2,1,0,3,0,2,1,0,1,0,255,1,255,15,1092.9,"_Chun",L,10,90,128,1.095,-0.46,-0.304,2.06,0.485,1.732,-36.669,38.534,75,25,0,2,0,400,-14.857,0,0,5,4,R,"HANA_ARASHI",190,90,0.25,3,67,W,Y,1,1093.849,211,90,127,92,55,145,130,-15.011,-41.984,0.418,0.656,-20.561,0.52,0,0.656,-54.905,-473.717,-364.113,1093.144,2.36,-22.707,1099.527,6,68.802,0.058,-94.416,1,0,,1099.951,1104.62,,,,,,1098.38,1103.427,,,1092.948,,,,,,,,,,,,,,,,,,,,,,,,,-0.018,-37.635,0.025,-17.228,-22.464,-47.653,-14.032,-62.488,19.136,-49.155,8.5,-62.512,41.849,-94.503,0,-109.86,-48.285,-93.678,-0.151,-36.997,,"소솨소솨",0.079,-17.32,,"Pring__",-22.262,-47.457,,"Pugeuk",-14.056,-62.452,86,"Muna_328",19.05,-48.952,,"Kr_Luna",12.98,-61.566,,"ddil_ddil69",41.6,-94.832,108,"AI",0,-109.84,,"눈꽃",-48.179,-93.538,,1110.822,-0.174,-38.191,,,,,,,1105.411,0.987,-59.86,,,,,,,1100.157,68.251,-93.793,,,,,,,,,,,,,,,,1109.569,-2.845,-59.518,,,,,,,1102.473,57.713,-87.683,,,,,,,"",2,0,"ddil_ddil69",1104.62,1098.38,1103.427,193,""
38,,2,1,1,3,0,0,1,0,1,0,255,4,255,16,1129.313,"_Chun",L,26,87,140,1.818,0.023,-0.309,2.055,0.462,1.714,-36.669,36.435,85,15,0,2,70.286,-150,-15.787,0,0,6,0,R,"ke ro",190,80,0.396,3,66,W,Y,1,1130.288,255,82,123,52,27,145,117,27.077,26.717,0.117,1.326,-19.976,0.17,0,0.632,438.784,299.606,278.756,,,,1134.419,8,-50.536,3.91,-102.741,0,0,,1136.068,,,,,,,,,,,,,1135.182,6,,457,0,,,,,,,,,,,,,,,,,,,-0.019,-37.697,0.008,-16.984,-21.781,-47.406,-14.592,-62.137,20.184,-49.7,12.761,-60.342,40.483,-93.414,0,-109.86,-43.95,-91.361,-0.187,-37.042,,"소솨소솨",0.016,-17.137,,"Pring__",-21.593,-47.292,,"Pugeuk",-14.541,-62.039,85,"Muna_328",19.971,-46.093,,"Kr_Luna",10.134,-60.952,,"ddil_ddil69",40.476,-93.414,,"AI",0,-109.84,,"눈꽃",-43.864,-91.41,90,1142.664,-0.048,-38.384,,,,,,,1138.531,-12.068,-69.872,,,,,,,,,,,,,1135.191,-50.776,-103.261,,,,,,,,,,1140.994,-12.665,-65.047,,,,,,,,,,,,,1135.956,-48.443,-101.116,"",1,0,"눈꽃",1136.322,,,73,""
39,,2,1,1,3,0,0,2,0,1,0,255,4,255,17,1159.137,"_Chun",L,10,90,130,0.188,0.22,-0.476,2.105,-0.449,1.815,-36.669,52.257,83,17,0,2,0,343.986,-2.287,0,0,0,3,R,"_Gosomi",175,85.368,0.474,3,66,W,Y,1,1160.244,197,41,85,74,36,145,119,-9.02,9.058,-0.45,0.622,-20.052,0.19,0,0.475,-363.529,477.287,6.599,1159.544,-1.034,-23.62,1164.586,7,-13.62,0.058,-112.235,1,0,,1165.75,,,,,,,1164.979,1169.955,,,1159.188,,,,,,,,,,,,,,,,,,,,,,,,,-0.022,-37.524,0.031,-17.184,-21.204,-46.285,-16.304,-61.95,18.547,-47.387,6.626,-61.527,42.191,-94.263,0,-109.86,-41.107,-97.184,-0.424,-36.815,,"소솨소솨",0.047,-17.386,,"Pring__",-21.073,-46.048,,"Pugeuk",-16.256,-61.943,85,"Muna_328",19.037,-46.777,,"Kr_Luna",6.466,-62.477,,"ddil_ddil69",42.19,-94.255,,"AI",0,-109.84,,"눈꽃",-41.106,-97.173,,1173.004,0.148,-38.263,,,,,,,1168.642,-4.448,-75.673,,,,,,,,,,,,,,,,,,,,,,,,,1171.499,-6.552,-64.219,,,,,,,,,,,,,,,,"",2,0,"AI",,1164.979,1169.955,65,""
40,,2,1,2,3,0,0,2,1,0,0,3,255,255,18,1185.216,"_Chun",L,26,88,140,1.105,0.499,-0.287,2.088,0.393,1.727,-36.669,41.392,79,21,0,2,71.677,-150,-20.318,0,0,1,5,R,"CoalCat",174.6,83,0.397,3,66,W,Y,1,1186.24,255,88,27,21,12,83,64,11.669,27.441,0.238,1.02,-19.48,-0.88,0,0.43,249.249,-536.472,100.361,1187.236,-11.352,-45.221,1187.477,2,-10.563,0.632,-43.188,0,0,,,,,,,,,,,,1188.071,,,1188.211,1,,451,0,,,,,,,,,,,,,,,,,,,0.01,-37.728,0.02,-17.084,-19.655,-40.077,-14.331,-62.646,19.91,-49.111,8.461,-59.39,41.756,-93.444,0,-109.85,-40.579,-87.155,-0.414,-36.917,,"소솨소솨",0.063,-17.111,,"Pring__",-17.351,-42.9,,"Pugeuk",-14.827,-61.719,,"Muna_328",19.792,-48.985,,"Kr_Luna",4.622,-59.741,,"ddil_ddil69",41.783,-93.415,,"AI",0,-109.84,,"눈꽃",-38.721,-86.412,,,,,,,,1188.222,-10.891,-43.734,,,,,,,,,,,,,,,,,,,,,,,,,,,,,,,,,,,,,,,,,,,,,,"",1,0,"Pring__",,,,2,""
41,SIDE,2,1,2,3,0,0,2,1,0,0,3,255,255,,1191.182,,,,,,,,,,,,,,,,,,,,,,,2,,,,,,,,,,,,,,,,,,,,,,,,,,,,,,,,,,,,,,,0,0,,,,,,,,,,,,,,,,,,,,,,,,,,,,,,,,,,,,,,,,,,,,,,,,,,,,,,,,,,,,,,,,,,,,,,,,,,,,,,,,,,,,,,,,,,,,,,,,,,,,,,,,,,,,,,,,,,,,,,,,,,,,,,,,,,,,,,,,,,,,,,,,,"",0,0,"",,,,0,""
42,,2,0,2,3,0,0,0,0,0,0,255,255,255,19,1219.835,"ke ro",R,26,82,133,1.989,1.579,0.351,1.821,0.787,2.261,-36.626,33.872,98,2,0,2,47.649,-150,11.029,0,0,0,3,L,"Pugeuk",160,85.842,0.349,3,66,W,Y,1,1220.875,30,14,5,7,2,3,43,29.52,-7.389,0.375,1.397,-20.45,0.75,0,0.491,574.835,-145.928,90.94,,,,1222.769,0,3.325,3.925,-40.665,0,0,,,,,,,,,,,,,,,1223.584,0,,449,0,,,,,,,,,,,,,,,,,,,-0.001,-37.835,-0.072,-17.242,-19.507,-45.785,-12.755,-63.419,20.692,-55.509,12.795,-63.126,40.922,-90.67,6.391,-109.034,-40.822,-90.57,0.092,-38.055,,"Ainy4／あいにゃ",0.023,-17.363,,"SUGUN",-18.533,-44.823,,"_Gosomi",-12.677,-63.389,,"HANA_ARASHI",20.261,-55.86,,"CoalCat",12.762,-63.006,,"AI",40.9,-90.65,,"うよすま",6.559,-109.055,,"AI",-40.8,-90.55,,1223.595,3.338,-40.814,,,,,,,,,,,,,,,,,,,,,,,,,,,,,,,,,,,,,,,,,,,,,,,,,,,,"",1,0,"ke ro",,,,64,""
43,,2,0,2,3,0,0,1,0,0,0,255,255,255,20,1240.039,"ke ro",R,26,82,134,0.582,0.981,0.229,1.807,0.171,2.096,-36.626,31.157,95,5,0,2,63.359,-150,10.222,0,0,1,2,L,"Pring__",190,92.741,0.481,3,65,W,Y,1,1241.179,255,91,99,97,56,145,119,32.643,-33.827,0.126,1.386,-19.868,0.19,0,0.265,421.297,-414.174,104.731,1246.003,66.986,-101.007,1246.828,6,64.893,0.506,-98.777,1,0,,1247.248,1251.856,,,,,,,,,,,,,,,,,,,,,,,,,,,,,1253.426,3,,,,,-0.073,-37.917,-0.044,-17.221,-19.722,-46.408,-9.373,-65.704,21.054,-54.433,12.209,-62.961,40.922,-90.671,14.281,-124.38,-40.822,-90.57,0.034,-37.938,,"Ainy4／あいにゃ",-0.048,-17.286,,"SUGUN",-19.709,-46.41,,"_Gosomi",-9.321,-65.642,87,"HANA_ARASHI",21.282,-51.072,,"CoalCat",12.317,-62.887,,"AI",40.9,-90.65,,"うよすま",13.975,-123.806,,"AI",-40.8,-90.55,,1255.977,0.128,-38.743,,,,,,,1252.456,2.684,-60.625,,,,,,,,,,,,,,,,,,,,,,,,,1254.948,-1.604,-55.306,,,,,,,,,,,,,,,,"",2,0,"AI",1251.856,,,65,""
44,,2,0,2,3,0,0,1,0,1,0,255,12,255,21,1270.023,"ke ro",R,3,61,106,0.831,1.429,0.436,1.811,1.104,2.44,-36.626,43.518,100,0,0,1,-388.017,0,-1.468,0,0,2,5,L,"Kr_Luna",174.125,92,0.498,,65,W,Y,0,,,,,,,,,,,,,,,,,,,,,,,,,,,,0,0,,,,,,,,,,,,,1280.563,,,,,,,,,,,,,,,,,,,,,,,,,-0.024,-37.816,-0.049,-17.174,-20.492,-46.505,-4.557,-62.151,20.406,-46.897,11.688,-58.012,40.922,-90.671,15.364,-120.68,-40.822,-90.571,,,,"",,,,"",,,,"",,,,"",,,,"",,,,"",,,,"",,,,"",,,,1274.705,-0.157,-37.149,,,,,,,,,,,,,,,,,,,,,,,,,,,,,,,,,,,,,,,,,,,,,,,,,,,,"",0,0,"",1272.604,,,0,""
45,,2,0,2,3,1,0,1,0,1,0,255,12,255,22,1283.388,"ke ro",R,26,79,129,1.203,1.399,0.294,1.826,0.361,2.249,-36.626,28.414,100,0,0,4,101.77,-150,13.814,0,0,2,5,L,"Kr_Luna",174.125,92,0.498,,65,W,Y,0,,,,,,,,,,,,,,,,,,,,,,,,,,,,0,0,,,,,,,,,,,,,1304.811,,,,,,,,,,,,,,,,,,,1287.468,3,,,,,-0.019,-37.664,-0.044,-17.201,-20.163,-46.989,-0.387,-61.422,21.96,-49.198,11.724,-58.059,40.907,-90.657,11.799,-120.649,-40.807,-90.557,,,,"",,,,"",,,,"",,,,"",,,,"",,,,"",,,,"",,,,"",,,,1289.981,0.298,-38.767,,,,,,,,,,,,,,,,,,,,,,,,,,,,,,,,,,,,,,,,,,,,,,,,,,,,"",0,0,"",1285.405,,,0,""
46,,2,0,2,3,1,1,1,0,1,0,255,12,255,23,1305.333,"ke ro",R,26,89,140,-0.511,-1.021,0.144,1.334,-0.261,0.881,-36.626,14.334,52,48,0,0,26.761,-150,37.694,0,0,2,5,L,"Kr_Luna",174.125,92,0.498,,65,W,Y,0,,,,,,,,,,,,,,,,,,,,,,,,,,,,0,0,,,,,,,,,,,,,,,,,,,,,,,,,,,,,,,,,,,,,,-0.038,-37.53,-0.039,-17.25,-19.663,-46.356,-6.711,-65.538,22.644,-50.121,12.465,-58.837,40.922,-90.67,12.834,-121.603,-40.822,-90.57,,,,"",,,,"",,,,"",,,,"",,,,"",,,,"",,,,"",,,,"",,,,1310.843,-0.02,-37.14,,,,,,,,,,,,,,,,,,,,,,,,,,,,,,,,,,,,,,,,,,,,,,,,,,,,"",0,0,"",1307.885,,,0,""
47,,2,0,2,3,1,2,1,0,1,0,255,12,255,24,1322.372,"ke ro",R,7,74,119,1.816,-0.107,0.245,1.612,0.375,1.565,-36.626,20.682,65,35,0,2,244.594,20.321,26.598,0,0,2,5,L,"Kr_Luna",174.125,92,0.498,3,65,W,Y,0,1323.218,196,127,134,61,40,145,92,-15.455,-2.364,0.694,0.814,-20.358,0.95,0,0.137,-152.901,-546.467,194.925,1322.386,0.816,-22.987,1324.761,3,2.161,0.058,-60.551,0,0,,1328.372,,,,,,,1328.213,,,,1322.919,,1328.655,2,,147,1,,,,,,,,,,,,,1326.336,3,,,,,-0.035,-37.768,-0.04,-17.266,-19.969,-47.127,-5.304,-64.648,22.382,-51.064,12.978,-58.638,40.915,-90.664,12.31,-121.488,-40.815,-90.564,-0.166,-37.231,,"Ainy4／あいにゃ",-0.006,-17.371,,"SUGUN",-20.007,-46.911,67,"_Gosomi",-5.998,-64.736,87,"HANA_ARASHI",22.388,-51.061,,"CoalCat",12.998,-58.497,,"AI",40.9,-90.65,,"うよすま",12.312,-121.493,,"AI",-40.8,-90.55,,1332.892,0.411,-39.366,,,,1327.986,-18.827,-40.664,1325.514,1.719,-61.212,,,,,,,,,,,,,,,,,,,,,,1331.711,-14.533,-39.96,1326.616,-2.027,-57.945,,,,,,,,,,,,,,,,"",2,0,"_Gosomi",,1328.213,,69,""
48,,2,0,2,3,0,0,2,0,0,1,255,255,12,25,1350.282,"ke ro",R,0,65,119,-1.739,0.893,0.105,1.723,-0.761,2.135,-36.626,19.14,99,1,0,2,0,0,1.879,0,0,3,8,L,"눈꽃",179.9,80,0.505,3,66,W,Y,1,1351.344,255,131,26,19,14,82,65,25.834,-0.276,-0.35,1.409,-21.028,0.92,0,0.369,21.605,-213.118,-560.459,1354.061,2.58,-65.962,1354.236,5,2.348,2.004,-63.179,0,0,,,,,,,,,,,1357.094,,,,1354.984,3,,454,0,,,,,,,,,,,,,,,,,,,-0.049,-37.892,-0.013,-17.225,-19.012,-45.45,-7.706,-66.444,22.75,-49.219,13.501,-62.311,40.922,-90.671,-5.092,-117.746,-40.822,-90.571,0.063,-37.856,,"Ainy4／あいにゃ",-0.041,-17.277,,"SUGUN",-18.883,-45.335,,"_Gosomi",-7.695,-66.391,,"HANA_ARASHI",22.767,-49.229,,"CoalCat",13.499,-62.183,,"AI",40.9,-90.65,,"うよすま",-4.8,-117.776,,"AI",-40.8,-90.55,,,,,,,,,,,1354.996,2.231,-64.025,,,,1354.997,2.396,-63.7,,,,,,,,,,,,,,,,,,,,,,,,,,,,,,,,,,,,,"",1,0,"CoalCat",,,1357.094,3,""
49,SIDE,2,0,2,3,0,0,2,0,0,1,255,255,12,,1357.787,,,,,,,,,,,,,,,,,,,,,,,4,,,,,,,,,,,,,,,,,,,,,,,,,,,,,,,,,,,,,,,0,0,,,,,,,,,,,,,,,,,,,,,,,,,,,,,,,,,,,,,,,,,,,,,,,,,,,,,,,,,,,,,,,,,,,,,,,,,,,,,,,,,,,,,,,,,,,,,,,,,,,,,,,,,,,,,,,,,,,,,,,,,,,,,,,,,,,,,,,,,,,,,,,,,"",0,0,"",,,,0,""
50,,3,1,2,3,0,0,0,0,0,0,255,255,255,19,1403.585,"_Chun",L,14,82,107,-2.373,-0.525,-0.462,2.083,-0.32,1.728,-36.669,46.458,80,20,0,1,-362.473,333.381,-16.727,0,0,2,2,R,"SUGUN",190,82,0.5,,65,W,Y,0,,,,,,,,,,,,,,,,,,,,,,,,,,,,0,0,,,,,,,,,,,,,,,,,,,,,,,,,,,,,,,,,,,,,,-0.015,-37.665,-0.12,-17.099,-21.162,-46.935,-15.804,-62.628,21.187,-51.536,9.197,-62.488,39.062,-96.169,0,-109.89,-43.835,-94.597,,,,"",,,,"",,,,"",,,,"",,,,"",,,,"",,,,"",,,,"",,,,,,,,,,,,,,,,,,,,,,,,,,,,,,,,,,,,,,,,,,,,,,,,,,,,,,,,,,"",0,0,"",,,,0,""
51,,3,1,2,3,1,0,0,0,0,0,255,255,255,20,1421.984,"_Chun",L,26,88,140,0.848,0.308,-0.3,2.061,0.253,1.655,-36.669,38.474,78,22,0,2,91.873,-150,-18.623,0,0,2,2,R,"SUGUN",190,82,0.5,3,65,W,Y,1,1422.918,192,13,86,26,13,138,127,-30,47.26,0.017,0.987,-19.216,0.3,0,0.27,-339.876,428.273,-247.116,1422.186,-1.706,-20.798,,,,,,0,0,,,,,,,,,,,,,,,,,,,,,,,,,,,,,,,,,,,,,,0.019,-37.72,0.005,-17.053,-21.276,-46.959,-16.061,-62.783,21.181,-51.586,8.284,-62.974,43.176,-97.229,0,-109.86,-47.165,-95.545,-0.522,-36.891,,"소솨소솨",0.015,-17.046,,"Pring__",-21.121,-46.829,,"Pugeuk",-15.914,-62.731,,"Muna_328",21.187,-51.539,,"Kr_Luna",8.11,-62.802,,"ddil_ddil69",46.564,-99.508,,"AI",0,-109.84,,"눈꽃",-47.166,-95.549,,,,,,,,,,,,,,,,,,,,,,,,,,,,,,,,,,,,,,,,,,,,,,,,,,,,,,,,"",3,0,"",,,,0,""
52,,3,1,2,3,1,1,0,0,0,0,255,255,255,21,1443.685,"_Chun",L,10,84,125,0.377,-0.121,-0.371,2.129,0.175,1.956,-36.669,51.464,80,20,0,0,0,400,-6.367,0,0,2,2,R,"SUGUN",190,82,0.5,,65,W,Y,0,,,,,,,,,,,,,,,,,,,,,,,,,,,,0,0,,,,,,,,,,,,,,,,,,,,,,,,,,,,,,,,,,,,,,0.048,-37.582,0.023,-17.071,-21.788,-47.806,-16.777,-62.542,22.122,-51.121,7.253,-61.943,45.053,-96.638,0,-109.86,-46.842,-95.344,,,,"",,,,"",,,,"",,,,"",,,,"",,,,"",,,,"",,,,"",,,,,,,,,,,,,,,,,,,,,,,,,,,,,,,,,,,,,,,,,,,,,,,,,,,,,,,,,,"",0,0,"",,,,0,""
53,,3,1,2,3,1,2,0,0,0,0,255,255,255,22,1461.221,"_Chun",L,12,69,120,1.533,1.074,-0.245,2.222,0.675,2.347,-36.669,53.645,88,12,0,2,0,72.459,6.825,0,0,2,2,R,"SUGUN",190,82,0.5,3,65,W,Y,1,1462.28,235,58,95,48,13,145,113,26.303,-5.629,0.332,1.29,-18.931,0.85,0,0.481,557.19,165.002,-149.376,1466.911,7.685,-120.429,1467.102,7,7.606,1.961,-117.911,0,0,,1467.843,,,,,,,,,,,,,1467.908,2,,456,0,,,,,,,,,,,,,,,,,,,-0.048,-37.656,-0.197,-17.039,-21.959,-47.783,-16.768,-62.61,22.153,-51.191,4.43,-62.504,45.253,-96.928,0,-109.86,-46.79,-95.317,-0.183,-36.898,,"소솨소솨",-0.199,-17.066,,"Pring__",-21.804,-47.612,,"Pugeuk",-16.704,-62.58,,"Muna_328",22.157,-51.06,,"Kr_Luna",3.987,-62.547,,"ddil_ddil69",45.24,-96.957,,"AI",0,-109.84,,"눈꽃",-46.791,-95.316,,1473.888,-0.168,-37.678,,,,,,,,,,,,,,,,,,,,,,,,,,,,,,,,,,,,,,,,,,,,,,,,,,,,"",1,0,"AI",,,,64,""
54,,3,1,2,3,0,0,1,0,0,0,255,255,255,23,1488.019,"_Chun",L,26,93,140,1.092,0.568,-0.291,2.107,0.414,1.771,-36.669,40.797,83,17,0,2,51.869,-150,-16.765,0,0,3,7,R,"うよすま",175.4,85.375,0.502,3,65,W,Y,1,1489.007,242,92,123,93,21,145,93,114.353,-41.315,0.231,1.058,-19.577,-0.43,0,0.425,496.48,305.53,141.985,,,,,,,,,0,0,,,,,,,,,,,,,,,,,,,,,,,,,,,,,,,,,,,,,,0.015,-37.727,0.02,-17.078,-21.894,-47.588,-14.161,-60.392,19.596,-51.169,11.116,-61.344,44.431,-103.075,0,-109.86,-42.104,-89.76,-0.466,-37.031,,"소솨소솨",0.161,-17.177,,"Pring__",-21.715,-47.392,,"Pugeuk",-14.015,-60.306,,"Muna_328",19.494,-51.082,,"Kr_Luna",13.253,-61.132,,"ddil_ddil69",44.431,-103.075,,"AI",0,-109.84,,"눈꽃",-41.901,-89.908,,,,,,,,,,,,,,,,,,,,,,,,,,,,,,,,,,,,,,,,,,,,,,,,,,,,,,,,"",3,0,"",,,,0,""
55,,3,1,2,3,0,1,1,0,0,0,255,255,255,24,1507.409,"_Chun",L,27,91,140,1.428,-0.837,-0.282,1.841,0.589,0.969,-36.669,26.731,83,17,0,2,30.387,-140.267,-10.939,0,0,3,7,R,"うよすま",175.4,85.375,0.502,3,47,W,Y,1,1508.358,255,80,75,58,0,143,98,-13.825,33.083,0.29,0.604,-19.716,-0.08,0,0.364,-375.703,57.269,464.292,1507.602,-1.074,-21.808,1509.086,2,-16.407,0.055,-45.047,0,0,,,,,,,,,,,,,,,1512.092,3,,147,0,,,,,,,,,,,1511.401,2,,,,,,,0.03,-37.636,0.029,-17.186,-21.717,-47.156,-16.435,-62.544,20.896,-52.157,12.484,-62.103,47.402,-97.769,0,-109.86,-42.104,-90.037,-0.151,-37.026,,"소솨소솨",0.133,-17.427,,"Pring__",-21.49,-46.941,86,"Pugeuk",-16.38,-62.462,,"Muna_328",20.898,-52.122,,"Kr_Luna",13.111,-61.612,,"ddil_ddil69",47.409,-97.768,,"AI",0,-109.84,,"눈꽃",-42.069,-89.98,,1513.688,-0.753,-38.061,,,,1509.941,-16.981,-45.453,,,,,,,,,,,,,,,,,,,,,,,,,1512.666,-17.833,-39.592,,,,,,,,,,,,,,,,,,,"",2,0,"Pring__",,,,66,""
56,,3,1,2,3,0,0,2,0,0,0,255,255,255,25,1533.654,"_Chun",L,13,71,99,0.225,-0.069,-0.665,2.179,-0.556,2.118,-36.669,53.122,77,23,0,0,312.87,359.377,-3.543,0,0,4,1,L,"Ainy4／あいにゃ",188.5,85,0.51,,57,W,Y,0,,,,,,,,,,,,,,,,,,,,,,,,,,,,0,0,,,,,,,,,,,,,,,,,,,,,,,,,,,,,,,,,,,,,,-0.136,-37.362,0.019,-17.05,-21.614,-47.675,-12.095,-64.714,25.077,-49.7,14.059,-61.794,44.74,-97.797,0,-109.87,-42.29,-99.443,,,,"",,,,"",,,,"",,,,"",,,,"",,,,"",,,,"",,,,"",,,,1538.035,-0.097,-37.655,,,,,,,,,,,,,,,,,,,,,,,,,,,,,,,,,,,,,,,,,,,,,,,,,,,,"",0,0,"",,,,0,""
57,,3,1,2,3,0,1,2,0,0,0,255,255,255,26,1553.291,"_Chun",L,13,82,121,2.846,-0.325,-0.265,1.983,0.666,1.807,-36.669,32.115,80,20,0,4,350.989,356.1,-8.497,0,0,4,1,L,"Ainy4／あいにゃ",188.5,85,0.51,,57,W,Y,1,,,,,,,,,,,,,,,,,,,,,,,,,,,,0,0,,,,,,,,,,,,,,,,,,,,,,,,,,,,,,,,,,,,,,0.031,-37.522,0.252,-17.088,-21.603,-47.668,-12.245,-64.954,25.104,-49.723,14.031,-61.812,45.442,-97.138,0,-109.86,-42.306,-99.44,,,,"",,,,"",,,,"",,,,"",,,,"",,,,"",,,,"",,,,"",,,,1558.482,0.065,-37.383,,,,,,,,,,,,,,,,,,,,,,,,,,,,,,,,,,,,,,,,,,,,,,,,,,,,"",0,0,"",,,,0,""
58,,3,1,2,3,0,2,2,0,0,0,255,255,255,27,1572.506,"_Chun",L,10,87,128,-2.165,-0.654,-0.62,2.083,-0.886,1.681,-36.669,52.973,75,25,0,4,28.879,392.329,-6.897,0.642,-21.22,4,1,L,"Ainy4／あいにゃ",188.5,85,0.51,,57,W,Y,1,,,,,,,,,,,,,,,,,,,,,,,,,,,,0,0,,,,,,,,,,,,,,,1575.264,4,,578,0,,,,,,,,,,,,,,,,,,,-0.08,-37.644,-0.034,-17.134,-21.535,-47.175,-12.346,-64.966,25.067,-49.661,14.777,-62.082,47.816,-97.934,0,-109.86,-37.71,-85.032,,,,"",,,,"",,,,"",,,,"",,,,"",,,,"",,,,"",,,,"",,,,,,,,,,,,,,,,,,,,,,,,,,,,,,,,,,,,,,,,,,,,,,,,,,,,,,,,,,"",0,0,"",,,,0,""
59,,3,0,2,3,0,0,0,0,0,0,255,255,255,26,1624.068,"ke ro",R,3,63,106,-0.803,1.26,0.32,1.858,0.479,2.414,-36.626,46.106,100,0,0,4,-430.416,0,0.139,0,0,4,4,R,"Muna_328",190,88.095,0.383,,85,W,Y,1,,,,,,,,,,,,,,,,,,,,,,,,,,,,0,0,,,,,,,,,,,,,,,,,,,,,,,,,,,,,,,,,,,,,,-0.124,-38.009,-0.039,-17.199,-20.246,-46.89,-15.381,-62.698,17.922,-59.144,9.463,-63.139,40.9,-90.65,-10.138,-121.092,-40.8,-90.55,,,,"",,,,"",,,,"",,,,"",,,,"",,,,"",,,,"",,,,"",,,,,,,,,,,,,,,,,,,,,,,,,,,,,,,,,,,,,,,,,,,,,,,,,,,,,,,,,,"",0,0,"",,,,0,""
60,,3,0,2,3,0,1,0,0,0,0,255,255,255,27,1639.094,"ke ro",R,0,72,123,0.174,0.698,0.242,1.798,0.051,2.039,-36.626,27.059,100,0,0,2,10.568,0,14.341,0,0,4,4,R,"Muna_328",190,88.095,0.383,3,85,W,Y,1,1640.173,255,112,43,0,0,68,68,99.037,-59.435,0.023,1.236,-19.653,0.48,0,0.845,555.876,138.135,-178.662,,,,,,,,,0,0,,,,,,,,,,,,,,,,,,,,,,,,,,,,,,,,,,,,,,-0.061,-37.944,-0.049,-17.304,-20.022,-47.087,-14.933,-62.937,18.694,-58.808,9.878,-63.478,40.9,-90.65,-9.529,-121.597,-40.8,-90.55,0.204,-37.958,,"Ainy4／あいにゃ",-0.046,-17.394,,"SUGUN",-19.86,-47.001,,"_Gosomi",-14.93,-62.855,,"HANA_ARASHI",18.683,-57.269,,"CoalCat",9.895,-63.316,,"AI",40.904,-90.653,,"うよすま",-9.764,-121.431,,"AI",-40.804,-90.553,,,,,,,,,,,,,,,,,,,,,,,,,,,,,,,,,,,,,,,,,,,,,,,,,,,,,,,,"",0,0,"",,,,0,""
61,,3,0,2,3,0,1,0,0,0,0,255,255,255,28,1654.478,"ke ro",R,10,90,128,0.627,-1.182,0.227,1.55,0.266,1.293,-36.626,13.773,57,43,0,2,0,400,19.622,0,0,4,4,R,"Muna_328",190,88.095,0.383,3,85,W,Y,1,1655.487,255,169,139,0,0,138,130,13.851,-32.484,0.197,0.614,-21.083,0.37,0,0.81,-385.972,424.507,-175.554,1657.061,34.939,-83.772,1657.478,6,37.147,0.382,-88.438,1,0,,1661.571,1685.043,,,,,,,,,,,,,,,,,,,,,,,,,,,,,,,,,,,0.035,-37.999,-0.027,-17.274,-20.329,-47.932,-15.653,-62.522,20.982,-57.585,9.267,-64.005,40.9,-90.65,-2.017,-118.24,-40.8,-90.55,0.127,-37.852,120,"Ainy4／あいにゃ",-0.114,-17.549,,"SUGUN",-20.097,-48.04,64,"_Gosomi",-15.604,-62.33,85,"HANA_ARASHI",20.8,-57.352,,"CoalCat",9.3,-63.841,,"AI",40.903,-90.653,,"うよすま",-6.008,-119.192,,"AI",-40.803,-90.553,,1666.505,0.22,-38.749,,,,1683.635,-18.333,-39.854,1662.163,0.752,-59.624,,,,,,,,,,,,,,,,1682.877,-1.679,-38.333,,,,1688.519,-12.569,-43.489,1665.325,-0.157,-57.389,,,,,,,,,,,,,,,,"",2,0,"AI",1685.043,,,69,""
62,,3,0,2,3,0,0,0,0,1,0,255,14,255,29,1703.138,"ke ro",R,26,84,136,1.648,0.628,0.332,1.768,0.681,1.867,-36.626,32.998,97,3,0,2,18.751,-150,4.187,0,0,5,1,R,"소솨소솨",190,80,0.501,3,65,W,Y,1,1704.213,255,102,54,85,37,137,90,106.806,34.476,0.304,1.216,-19.613,-0.57,0,0.708,-20.612,576.886,-163.64,,,,,,,,,0,0,,,,,,,,,,,,,1722.279,,,,,,,,,,,,,,,,,,,1724.984,5,,,,,-0.038,-37.888,-0.032,-17.286,-19.236,-45.308,-17.161,-61.147,19.224,-49.269,9.062,-59.929,40.9,-90.65,-6.922,-114,-40.8,-90.55,0.105,-37.867,,"Ainy4／あいにゃ",0.005,-17.407,,"SUGUN",-19.165,-45.883,,"_Gosomi",-17.157,-61.101,,"HANA_ARASHI",19.207,-49.276,,"CoalCat",9.038,-59.924,,"AI",40.904,-90.653,,"うよすま",-6.916,-113.988,,"AI",-40.804,-90.553,,,,,,,,,,,,,,,,,,,,,,,,,,,,,,,,,,,,,,,,,,,,,,,,,,,,,,,,"",3,0,"",1706.536,,,0,""
63,,3,0,2,3,0,1,0,0,1,0,255,14,255,30,1737.355,"ke ro",R,26,84,136,-0.42,-0.869,0.139,1.402,-0.172,0.933,-36.626,11.152,51,49,0,0,-10.613,-150,16.243,0,0,5,1,R,"소솨소솨",190,80,0.501,,65,W,Y,0,,,,,,,,,,,,,,,,,,,,,,,,,,,,0,0,,,,,,,,,,,,,1742.325,,,,,,,,,,,,,,,,,,,,,,,,,0.049,-37.955,0.002,-17.344,-19.66,-44.788,-16.316,-62.829,19.155,-44.832,4.975,-60.107,40.9,-90.65,-7.385,-115.278,-40.8,-90.55,,,,"",,,,"",,,,"",,,,"",,,,"",,,,"",,,,"",,,,"",,,,,,,,,,,,,,,,,,,,,,,,,,,,,,,,,,,,,,,,,,,,,,,,,,,,,,,,,,"",0,0,"",1739.889,,,0,""
64,,3,0,2,3,0,2,0,0,1,0,255,14,255,31,1755.483,"ke ro",R,26,83,134,0.76,0.496,0.294,1.791,0.529,2.043,-36.626,28.535,100,0,0,2,119.074,-150,9.494,0,0,5,1,R,"소솨소솨",190,80,0.501,3,65,W,Y,1,1756.553,249,87,93,86,26,145,89,21.769,-18.178,0.401,1.45,-20.138,-0.87,0,0.497,474.412,-360.118,-72.45,1760.378,30.085,-90.978,1760.328,6,28.736,2.068,-88.233,0,0,,,,,,,,,1761.669,,,,,,1761.313,5,,456,0,1765.252,4,2,676,8,,,,,,,,,,,,,,0.007,-38.028,0.005,-17.309,-19.837,-45.927,-16.595,-62.017,21.667,-49.403,7.989,-61.383,40.9,-90.65,-7.457,-114.711,-40.8,-90.55,0.146,-38.082,,"Ainy4／あいにゃ",0.034,-17.432,,"SUGUN",-18.959,-46.305,,"_Gosomi",-16.571,-62.046,88,"HANA_ARASHI",22.1,-50.244,,"CoalCat",8.065,-61.278,,"AI",40.904,-90.653,,"うよすま",-7.444,-114.695,,"AI",-40.804,-90.553,,1769.118,0.353,-38.659,,,,,,,1765.264,0.607,-59.371,,,,,,,,,,,,,,,,,,,,,,,,,1767.952,-0.033,-57.324,,,,,,,,,,,,,,,,"",1,0,"AI",,1761.669,,65,""
65,,3,0,2,3,0,0,2,0,0,0,255,255,255,32,1786.927,"ke ro",R,3,57,103,1.873,1.551,0.549,1.853,1.61,2.601,-36.626,49.966,100,0,0,1,-401.417,0,2.585,0,0,6,0,L,"_Chun",190,80,0.445,,64,W,Y,0,,,,,,,,,,,,,,,,,,,,,,,,,,,,0,0,,,,,,,,,,,,,,,,,,,,,,,,,,,,,,,,,,,,,,0.013,-37.921,-0.01,-17.367,-19.666,-46.338,-11.232,-65.41,22.266,-50.19,11.428,-61.595,40.9,-90.65,8.913,-121.085,-40.8,-90.55,,,,"",,,,"",,,,"",,,,"",,,,"",,,,"",,,,"",,,,"",,,,1790.943,0.048,-37.14,,,,,,,,,,,,,,,,,,,,,,,,,,,,,,,,,,,,,,,,,,,,,,,,,,,,"",0,0,"",,,,0,""
66,,3,0,2,3,1,0,2,0,0,0,255,255,255,33,1798.976,"ke ro",R,26,81,132,-0.227,0.689,0.171,1.757,-0.069,1.901,-36.626,18.46,100,0,0,2,-24.617,-150,25.399,0,0,6,0,L,"_Chun",190,80,0.445,3,64,W,Y,1,1799.857,255,135,28,20,12,87,85,112.133,58.622,0.054,1.361,-20.172,0.22,0,0.561,450.559,-270.911,-289.144,,,,,,,,,0,0,,,,,,,,,,,,,,,,,,,,,,,,,,,,,,,,,,,,,,0.031,-37.982,0.002,-17.353,-19.759,-46.094,-11.408,-64.966,21.757,-49.56,11.477,-61.615,40.9,-90.65,7.574,-120.416,-40.8,-90.55,0.092,-37.669,,"Ainy4／あいにゃ",-0.025,-17.4,,"SUGUN",-19.54,-46.176,,"_Gosomi",-11.42,-64.863,,"HANA_ARASHI",21.406,-49.164,,"CoalCat",11.5,-61.423,,"AI",40.903,-90.653,,"うよすま",7.529,-120.293,,"AI",-40.803,-90.553,,,,,,,,,,,,,,,,,,,,,,,,,,,,,,,,,,,,,,,,,,,,,,,,,,,,,,,,"",3,0,"",,,,0,""
67,,3,0,2,3,1,1,2,0,0,0,255,255,255,34,1815.37,"ke ro",R,32,98,140,-0.155,-0.694,0.102,1.441,-0.295,1.048,-36.626,6.202,58,42,0,2,168.602,-150,25.268,0,0,6,0,L,"_Chun",190,80,0.445,3,89,W,Y,1,1816.257,217,119,20,15,10,61,67,1.568,-25.707,-0.024,0.707,-19.656,0.7,0,0.279,-62.142,-460.639,379.408,1816.094,5.532,-30.607,1818.561,5,16.567,0.058,-54.432,0,0,,1821.971,,,,,,,,,,,,,1822.272,6,,147,2,,,,,,,,,,,,,,,,,,,0.053,-37.949,-0.006,-17.364,-19.005,-45.22,-12.38,-64.797,21.597,-47.888,12.44,-62.625,40.9,-90.65,7.883,-120.738,-40.8,-90.55,0.095,-37.527,,"Ainy4／あいにゃ",-0.126,-17.524,,"SUGUN",-18.879,-45.127,86,"_Gosomi",-12.373,-64.764,,"HANA_ARASHI",21.125,-47.377,,"CoalCat",12.462,-62.526,107,"AI",40.903,-90.653,,"うよすま",7.884,-120.734,,"AI",-40.803,-90.553,,,,,,,,1821.6,-17.889,-39.696,,,,,,,1819.369,16.614,-54.887,,,,,,,,,,,,,,,,1823.544,-17.48,-39.704,,,,,,,1820.053,12.839,-53.411,,,,,,,,,,"",2,0,"CoalCat",,,,6,""
68,SIDE,3,0,2,3,0,0,2,0,0,0,255,255,255,,1823.926,,,,,,,,,,,,,,,,,,,,,,,7,,,,,,,,,,,,,,,,,,,,,,,,,,,,,,,,,,,,,,,0,0,,,,,,,,,,,,,,,,,,,,,,,,,,,,,,,,,,,,,,,,,,,,,,,,,,,,,,,,,,,,,,,,,,,,,,,,,,,,,,,,,,,,,,,,,,,,,,,,,,,,,,,,,,,,,,,,,,,,,,,,,,,,,,,,,,,,,,,,,,,,,,,,,"",0,0,"",,,,0,""
69,,4,1,2,3,0,0,0,0,0,0,255,255,255,28,1862.238,"_Chun",L,10,88,128,-1.389,-0.254,-0.498,2.103,-0.59,1.861,-36.669,56.822,78,22,0,2,0,400,-2.255,0,0,5,4,R,"HANA_ARASHI",190,90,0.25,3,64,W,Y,1,1863.279,186,88,146,73,39,145,114,27.884,12.838,-0.357,1.002,-20.538,0.83,0,0.679,421.046,337.411,262.439,1867.703,-31.682,-116.008,1870.228,8,-33.417,0.06,-122.204,1,0,,1869.339,1874.05,,,,,,,,,,,,,,,,,,,,,,,,,,,,,,,,,,,0.01,-37.667,-0.013,-17.151,-21.929,-47.532,-16.886,-62.638,21.622,-49.716,12.487,-59.301,45.465,-94.683,0,-109.89,-48.032,-96.467,-0.191,-36.743,,"소솨소솨",-0.063,-17.177,,"Pring__",-21.653,-47.551,,"Pugeuk",-16.761,-62.643,75,"Muna_328",21.596,-49.686,,"Kr_Luna",12.49,-59.303,,"ddil_ddil69",45.438,-94.654,,"AI",0,-109.84,,"눈꽃",-48.018,-96.431,107,1879.98,0.01,-37.978,,,,,,,1873.899,-7.83,-75.564,,,,,,,,,,,,,1871.072,-33.556,-121.415,,,,,,,,,,1878.334,-5.838,-63.728,,,,,,,,,,,,,1871.672,-30.881,-118.993,"",2,0,"눈꽃",1874.05,,,73,""
70,,4,1,2,3,0,0,0,0,1,0,255,4,255,29,1897.525,"_Chun",L,14,76,103,0.6,0.409,-0.074,2.251,0.998,2.333,-36.669,50.208,83,17,0,2,-356.774,323.764,-23.722,0,0,6,0,R,"ke ro",190,80,0.396,3,64,W,Y,1,1898.678,249,162,61,92,52,138,99,27.142,12.383,0.107,1.156,-20.291,0.92,0,0.892,-3.878,-569.141,-189.903,1902.478,-5.977,-102.915,1902.719,7,-6.093,1.916,-100.439,0,0,,,,,,,,,,,,,1897.746,,1903.48,6,,456,0,,,,,,,,,,,,,,,,,,,0.147,-37.729,-0.042,-17.152,-19.018,-44.602,-15.043,-60.518,19.09,-46.773,4.675,-60.381,45.158,-95.557,0,-109.86,-44.364,-98.105,-0.204,-37.028,,"소솨소솨",-0.115,-17.171,,"Pring__",-18.38,-43.933,,"Pugeuk",-15.235,-60.292,,"Muna_328",18.578,-46.533,,"Kr_Luna",4.75,-60.648,60,"ddil_ddil69",45.164,-95.554,,"AI",0,-109.84,,"눈꽃",-43.332,-98.326,,1911.423,-0.125,-38.159,,,,,,,,,,,,,1907.404,-0.096,-59.669,,,,,,,,,,,,,,,,,,,,,,,,,1909.801,0.244,-58.274,,,,,,,,,,"",1,0,"AI",1904.648,,,68,""
71,,4,1,2,3,0,0,1,0,1,0,255,4,255,30,1924.348,"_Chun",L,10,79,107,1.185,-0.766,-0.24,1.977,0.522,1.75,-36.669,31.665,85,15,0,2,0,400,4.953,0,0,0,3,R,"_Gosomi",175,85.368,0.474,3,64,W,Y,1,1925.468,215,124,26,30,44,98,74,-30,39.593,0.207,0.763,-20.873,0.92,0,0.574,259.009,-477.287,-255.17,1924.761,-0.785,-22.079,1926.869,2,-15.756,0.055,-41.611,1,32,,1931.645,,,,,,,1929.921,,,,,,1930.269,5,2,293,2,,,,,,,,,,,1932.874,2,,,,,,,0.089,-37.748,-0.027,-17.192,-21.124,-46.721,-15.009,-60.821,19.388,-47.668,7.067,-61.658,46.35,-95.202,0,-109.85,-37.653,-95.943,-0.045,-37.037,120,"소솨소솨",0.003,-17.447,,"Pring__",-20.951,-46.534,109,"Pugeuk",-15.092,-60.689,,"Muna_328",19.392,-47.609,97,"Kr_Luna",5.741,-62.893,,"ddil_ddil69",46.324,-95.158,,"AI",0,-109.84,,"눈꽃",-36.3,-97.221,,1935.671,-0.47,-37.878,,,,1927.657,-16.114,-41.965,,,,1929.837,18.441,-40.166,,,,,,,,,,,,,1951.637,-1.736,-38.124,,,,1928.471,-11.855,-41.786,,,,1930.954,17.141,-40.365,,,,,,,,,,,,,"",2,0,"Pring__",,1929.921,,82,""
72,,4,1,2,3,0,0,2,1,0,0,3,255,255,31,1965.537,"_Chun",L,26,92,140,0.65,0.205,-0.307,2.054,0.256,1.558,-36.669,37.952,81,19,0,2,28.36,-150,-27.752,0,0,1,5,R,"CoalCat",174.6,83,0.397,3,64,W,Y,1,1966.487,255,57,61,38,13,136,78,31.775,1.611,0.119,1.28,-20.491,-0.92,0,0.416,438.275,-48.365,406.91,1970.519,-2.458,-83.501,1971.378,7,-2.479,0.83,-87.455,1,0,,1971.389,,,,1971.732,,,,,,1965.68,,,,,,,,,,,,,,,,,,,,1975.157,3,,,,,0.025,-37.64,0.007,-17.165,-19.204,-40.221,-15.861,-59.614,20.51,-47.459,7.552,-62.225,43.582,-94.2,0,-109.85,-34.549,-91.518,-0.45,-36.929,,"소솨소솨",0.091,-17.167,,"Pring__",-17.272,-43.233,,"Pugeuk",-16.544,-59.842,73,"Muna_328",20.412,-47.734,,"Kr_Luna",7.038,-62.22,,"ddil_ddil69",43.55,-94.162,,"AI",0,-109.84,,"눈꽃",-34.553,-91.519,,1980.054,0.169,-37.906,,,,,,,1975.125,0.132,-58.783,,,,,,,,,,,,,,,,,,,,,,,,,1978.961,1.476,-54.585,,,,,,,,,,,,,,,,"",2,0,"AI",1971.732,,,65,""
73,,4,1,2,3,0,0,2,1,1,0,5,3,255,32,1997.83,"_Chun",L,10,72,102,0.628,-0.909,-0.35,2.076,0.282,1.621,-36.669,40.427,89,11,0,0,0,400,1.039,0,0,2,2,R,"SUGUN",190,82,0.5,,64,W,Y,0,,,,,,,,,,,,,,,,,,,,,,,,,,,,0,0,,,,,,,,,,,,1997.858,2017.331,,,,,,,,,,,,,,,,,,,,,,,,,-0.004,-37.651,0.096,-17.186,-18.615,-41.217,-15.943,-58.562,18.946,-46.571,1.825,-60.677,42.844,-91.916,0,-109.86,-42.877,-88.407,,,,"",,,,"",,,,"",,,,"",,,,"",,,,"",,,,"",,,,"",,,,2003.07,-0.074,-37.55,,,,,,,,,,,,,,,,,,,,,,,,,,,,,,,,,,,,,,,,,,,,,,,,,,,,"",0,0,"",,,,0,""
74,,4,1,2,3,0,1,2,1,1,0,5,3,255,33,2017.826,"_Chun",L,26,88,140,2.393,-0.043,-0.2,1.974,0.968,1.437,-36.669,29.83,86,14,0,2,58.907,-150,-17.947,0,0,2,2,R,"SUGUN",190,82,0.5,3,64,W,Y,1,2018.711,240,55,124,77,11,145,105,16.499,-26.001,0.497,0.902,-19.18,-0.12,0,0.453,224.85,-555.785,23.35,2021.644,43.47,-87.693,2022.061,6,40.805,1.781,-84.231,0,0,,,,,,2023.667,,,2023.584,,,,,,2022.633,2,,455,0,,,,,,,,,,,,,,,,,,,0.025,-37.745,0.115,-17.11,-19.462,-39.842,-16.323,-58.866,20.036,-47.548,5.158,-61.641,43.57,-91.468,0,-109.86,-42.425,-93.223,-0.076,-36.99,,"소솨소솨",0.133,-17.221,,"Pring__",-16.951,-43.314,,"Pugeuk",-16.35,-58.986,,"Muna_328",19.947,-47.288,,"Kr_Luna",4.931,-61.716,,"ddil_ddil69",43.607,-91.378,89,"AI",0,-109.84,,"눈꽃",-41.346,-89.186,,,,,,,,,,,,,,2026.307,19.37,-40.691,,,,2022.65,41.291,-85.03,,,,,,,,,,,,,,,,,,,,,,,,,2023.842,37.932,-80.34,,,,,,,"",1,0,"ddil_ddil69",2023.667,2023.584,,144,""
75,SIDE,4,1,2,3,0,0,2,1,0,1,5,255,3,,2026.501,,,,,,,,,,,,,,,,,,,,,,,3,,,,,,,,,,,,,,,,,,,,,,,,,,,,,,,,,,,,,,,0,0,,,,,,,,,,,,,,,,,,,,,,,,,,,,,,,,,,,,,,,,,,,,,,,,,,,,,,,,,,,,,,,,,,,,,,,,,,,,,,,,,,,,,,,,,,,,,,,,,,,,,,,,,,,,,,,,,,,,,,,,,,,,,,,,,,,,,,,,,,,,,,,,,"",0,0,"",,,,0,""
76,,4,0,2,3,0,0,0,0,0,0,255,255,255,35,2060.754,"ke ro",R,26,54,110,-1.037,0.207,0.063,1.526,-0.639,1.561,-36.626,10.307,66,34,0,2,116.166,-150,-2.577,0,0,7,6,R,"ddil_ddil69",175.8,89.974,0.401,3,64,W,Y,1,2061.892,125,72,31,18,14,60,60,25.144,-3.889,-0.12,1.152,-20.986,0.88,0,0.462,398.729,312.41,321.582,,,,2064.678,5,0.305,3.292,-57.606,0,0,,2067.505,,,,,,,,,,,,,2065.412,7,,454,0,,,,,,,,,,,,,,,,,,,-0.042,-37.865,-0.059,-17.395,-19.493,-45.953,-14.665,-63.166,20.034,-57.387,9.592,-63.753,40.9,-90.65,-6.733,-114.156,-40.8,-90.55,0.2,-37.918,,"Ainy4／あいにゃ",-0.138,-17.539,,"SUGUN",-19.438,-45.816,,"_Gosomi",-14.627,-63.087,,"HANA_ARASHI",18.879,-57.342,,"CoalCat",9.601,-63.646,74,"AI",40.904,-90.654,,"うよすま",-6.686,-114.051,,"AI",-40.804,-90.554,,2068.722,-0.282,-38.713,,,,,,,,,,,,,2065.427,0.224,-58.395,,,,,,,,,,,,,,,,,,,,,,,,,2067.58,0.007,-53.944,,,,,,,,,,"",1,0,"CoalCat",,,,66,""
77,,4,0,2,3,0,0,1,0,0,0,255,255,255,36,2084.688,"ke ro",R,26,75,126,3.267,1.939,0.44,1.854,1.208,2.44,-36.626,47.845,95,5,0,1,129.693,-150,0.33,0,0,0,3,R,"Pugeuk",160,85.842,0.349,,64,W,Y,0,,,,,,,,,,,,,,,,,,,,,,,,,,,,0,0,,,,,,,,,,,,,,,,,,,,,,,,,,,,,,,,,,,,,,0,-38.014,-0.053,-17.327,-19.571,-46.189,-14.785,-63.313,19.704,-52.146,9.343,-64.068,40.9,-90.65,-5.063,-104.464,-40.8,-90.55,,,,"",,,,"",,,,"",,,,"",,,,"",,,,"",,,,"",,,,"",,,,2089.139,-0.317,-37.2,,,,,,,,,,,,,,,,,,,,,,,,,,,,,,,,,,,,,,,,,,,,,,,,,,,,"",0,0,"",,,,0,""
78,,4,0,2,3,1,0,1,0,0,0,255,255,255,37,2097.257,"ke ro",R,26,86,139,-1.426,-1.485,0.052,1.417,-0.586,0.655,-36.626,11.859,68,32,0,1,-27.292,-150,20.613,0,0,0,3,R,"Pugeuk",160,85.842,0.349,,64,W,Y,0,,,,,,,,,,,,,,,,,,,,,,,,,,,,0,0,,,,,,,,,,,,,,,,,,,,,,,,,,,,,,,,,,,,,,0.004,-37.965,-0.025,-17.334,-20.148,-46.629,-14.122,-63.464,19.718,-49.333,9.349,-64.085,40.9,-90.65,-5.158,-104.198,-40.8,-90.55,,,,"",,,,"",,,,"",,,,"",,,,"",,,,"",,,,"",,,,"",,,,2101.466,-0.108,-37.093,,,,,,,,,,,,,,,,,,,,,,,,,,,,,,,,,,,,,,,,,,,,,,,,,,,,"",0,0,"",,,,0,""
79,,4,0,2,3,2,0,1,0,0,0,255,255,255,38,2109.819,"ke ro",R,10,71,113,1.467,0.445,0.333,1.834,0.629,2.43,-36.626,34.083,100,0,0,2,0,400,10.109,0,0,0,3,R,"Pugeuk",160,85.842,0.349,3,64,W,Y,1,2110.936,198,80,124,41,23,145,101,24.95,31.237,0.046,1.1,-20.555,0.1,0,0.55,273.012,534.211,-9.137,2115.086,-56.424,-91.532,2115.004,8,-54.4,2.019,-89.492,0,0,,2115.847,2120.458,2125.057,,,,,,,,,,,2115.987,0,,456,0,,,,,,,,,,,,,,,,,,,0.054,-37.925,-0.027,-17.311,-20.252,-46.622,-14.241,-62.798,19.855,-50.194,9.384,-64.073,40.9,-90.65,-5.085,-102.315,-40.8,-90.55,0.297,-37.939,,"Ainy4／あいにゃ",-0.005,-17.355,,"SUGUN",-20.104,-46.556,,"_Gosomi",-14.2,-62.713,,"HANA_ARASHI",19.119,-49.231,,"CoalCat",9.283,-63.928,,"AI",40.904,-90.654,,"うよすま",-5.082,-102.313,,"AI",-40.804,-90.554,,,,,,,,,,,,,,,,,,,,,,,,,,,,,,,,,,,,,,,,,,,,,,,,,,,,,,,,"",1,0,"AI",2120.458,2125.057,,0,""
80,,4,0,2,3,0,0,2,0,0,0,255,255,255,39,2135.899,"ke ro",R,10,73,115,0.168,-0.806,0.202,1.66,0.067,1.598,-36.626,19.538,70,30,0,2,0,400,12.398,0,0,1,2,L,"Pring__",190,92.741,0.481,3,64,W,Y,1,2136.838,190,152,62,100,117,138,130,-30,-20.707,0.036,0.779,-20.937,0.56,0,0.52,-112.293,524.702,268.474,2136.036,0.504,-22.18,2141.027,7,34.914,0.057,-115.842,1,2,,2142.582,2148.51,,,,,,,,,,,,2148.607,1,1,278,12,,,,,,,,,,,,,,,,,,,-0.052,-37.812,-0.026,-17.34,-20.218,-46.46,-11.354,-65.343,22.091,-51.777,11.602,-62.511,40.9,-90.65,13.408,-123.077,-40.8,-90.55,0.361,-37.883,,"Ainy4／あいにゃ",-0.024,-17.427,,"SUGUN",-20.231,-46.923,120,"_Gosomi",-11.304,-65.29,,"HANA_ARASHI",21.862,-52.604,,"CoalCat",11.659,-61.89,,"AI",40.903,-90.653,,"うよすま",11.976,-122.428,115,"AI",-40.803,-90.553,,,,,,,,2146.64,-26.227,-47.888,,,,,,,2148.284,-1.552,-58.382,,,,2141.87,34.684,-116.712,,,,,,,,,,2147.18,-23.151,-48.854,,,,,,,,,,,,,2142.766,33.002,-112.416,,,,"",2,0,"うよすま",2148.51,2152.989,,14,""
81,SIDE,4,0,2,3,0,0,2,0,0,0,255,255,255,,2154.553,,,,,,,,,,,,,,,,,,,,,,,1,,,,,,,,,,,,,,,,,,,,,,,,,,,,,,,,,,,,,,,0,0,,,,,,,,,,,,,,,,,,,,,,,,,,,,,,,,,,,,,,,,,,,,,,,,,,,,,,,,,,,,,,,,,,,,,,,,,,,,,,,,,,,,,,,,,,,,,,,,,,,,,,,,,,,,,,,,,,,,,,,,,,,,,,,,,,,,,,,,,,,,,,,,,"",0,0,"",,,,0,""
82,,5,1,2,3,0,0,0,0,0,0,255,255,255,34,2188.729,"_Chun",L,26,90,140,3.154,-0.866,-0.143,1.891,1.235,1.127,-36.669,25.583,79,21,0,4,63.143,-150,-33.527,0.715,-20.85,3,7,R,"うよすま",175.4,85.375,0.502,,64,W,Y,1,,,,,,,,,,,,,,,,,,,,,,,,,,,,0,0,,,,,,,,,,,,,,,,,,,,,,,,,,,,,,,,,,,,2192.017,1,0.045,-37.717,0.019,-17.111,-21.116,-46.381,-15.698,-61.736,18.991,-50.797,11.737,-53.943,45.405,-95.946,0,-109.88,-40.004,-88.069,,,,"",,,,"",,,,"",,,,"",,,,"",,,,"",,,,"",,,,"",,,,,,,,,,,,,,,,,,,,,,,,,,,,,,,,,,,,,,,,,,,,,,,,,,,,,,,,,,"",0,0,"",,,,0,""
83,,5,1,2,3,0,1,0,0,0,0,255,255,255,35,2210.886,"_Chun",L,14,80,106,1.304,0.541,-0.161,2.275,0.99,2.506,-36.669,56.233,80,20,0,2,-213.242,400,-13.898,0,0,3,7,R,"うよすま",175.4,85.375,0.502,3,46,W,Y,1,2212.056,239,54,110,63,20,145,100,104.321,-72.472,0.244,0.923,-19.227,-0.05,0,0.449,87.538,572.585,-156.472,,,,,,,,,0,0,,,,,,,,,,,,,,,,,,,,,,,,,,,,,,,,,,,,,,0.124,-37.803,-0.064,-17.144,-21.174,-46.348,-15.891,-61.759,21.403,-49.321,9.551,-58.006,45.507,-96.387,0,-109.86,-40.185,-88.132,-0.1,-36.937,,"소솨소솨",-0.175,-17.203,,"Pring__",-20.952,-46.125,,"Pugeuk",-15.815,-61.697,,"Muna_328",21.704,-48.941,,"Kr_Luna",9.478,-58.768,,"ddil_ddil69",44.935,-95.913,,"AI",0,-109.84,,"눈꽃",-40.177,-88.114,,,,,,,,,,,,,,,,,,,,,,,,,,,,,,,,,,,,,,,,,,,,,,,,,,,,,,,,"",3,0,"",,,,0,""
84,,5,1,2,3,0,2,0,0,0,0,255,255,255,36,2226.764,"_Chun",L,13,84,109,-0.058,-1.392,-0.526,2.013,-0.366,1.366,-36.669,42.535,77,23,0,1,187.948,400,-5.404,0.11,-18.154,3,7,R,"うよすま",175.4,85.375,0.502,,46,W,Y,0,,,,,,,,,,,,,,,,,,,,,,,,,,,,0,0,,,,,,,,,,,,,,,,,,,,,,,,,,,,,,,,,,,,,,-0.06,-37.64,-0.267,-17.131,-20.657,-45.847,-16.656,-62.247,21.059,-48.48,6.661,-62.241,44.999,-96.133,0,-109.85,-43.318,-88.609,,,,"",,,,"",,,,"",,,,"",,,,"",,,,"",,,,"",,,,"",,,,,,,,,,,,,,,,,,,,,,,,,,,,,,,,,,,,,,,,,,,,,,,,,,,,,,,,,,"",0,0,"",,,,0,""
85,,5,1,2,3,1,2,0,0,0,0,255,255,255,37,2238.909,"_Chun",L,10,78,109,-0.99,-1.003,-0.621,2.037,-0.556,1.387,-36.669,55.848,69,31,0,0,75.726,260.431,-4.104,0,0,3,7,R,"うよすま",175.4,85.375,0.502,,46,W,Y,0,,,,,,,,,,,,,,,,,,,,,,,,,,,,0,0,,,,,,,,,,,,,,,2241.69,3,,578,0,,,,,,,,,,,,,,,,,,,-0.054,-37.602,-0.087,-17.117,-20.636,-45.789,-16.641,-62.387,21,-48.536,6.993,-61.572,44.995,-96.119,0,-109.85,-43.277,-88.468,,,,"",,,,"",,,,"",,,,"",,,,"",,,,"",,,,"",,,,"",,,,,,,,,,,,,,,,,,,,,,,,,,,,,,,,,,,,,,,,,,,,,,,,,,,,,,,,,,"",0,0,"",,,,0,""
86,,5,1,2,3,0,0,1,0,0,0,255,255,255,38,2261.591,"_Chun",L,26,86,139,1.262,0.52,-0.289,2.106,0.534,1.783,-36.669,44.2,78,22,0,0,18.284,-150,-15.041,0,0,4,1,R,"Ainy4／あいにゃ",188.5,85,0.51,,63,W,Y,0,,,,,,,,,,,,,,,,,,,,,,,,,,,,0,0,,,,,,,,,,,,,,,,,,,,,,,,,,,,,,,,,,,,,,0.047,-37.747,0,-17.085,-20.693,-45.808,-16.642,-62.441,21.42,-49.013,7.576,-62.454,45.881,-96.161,0,-109.86,-48.501,-99.944,,,,"",,,,"",,,,"",,,,"",,,,"",,,,"",,,,"",,,,"",,,,,,,,,,,,,,,,,,,,,,,,,,,,,,,,,,,,,,,,,,,,,,,,,,,,,,,,,,"",0,0,"",,,,0,""
87,,5,1,2,3,0,1,1,0,0,0,255,255,255,39,2277.708,"_Chun",L,14,82,108,-2.15,-0.858,-0.57,2.066,-0.544,1.611,-36.669,45.852,76,24,0,1,-196.609,400,-13.137,0,0,4,1,R,"Ainy4／あいにゃ",188.5,85,0.51,,63,W,Y,0,,,,,,,,,,,,,,,,,,,,,,,,,,,,0,0,,,,,,,,,,,,,,,,,,,,,,,,,,,,,,,,,,,,,,-0.091,-37.7,-0.032,-17.14,-20.69,-45.812,-16.725,-62.404,21.94,-49.025,6.737,-62.34,46.08,-94.531,0,-109.85,-46.918,-100.42,,,,"",,,,"",,,,"",,,,"",,,,"",,,,"",,,,"",,,,"",,,,,,,,,,,,,,,,,,,,,,,,,,,,,,,,,,,,,,,,,,,,,,,,,,,,,,,,,,"",0,0,"",,,,0,""
88,,5,1,2,3,1,1,1,0,0,0,255,255,255,40,2294.896,"_Chun",L,29,93,140,0.907,1.154,-0.327,2.11,0.2,2.184,-36.669,43.865,76,22,2,2,155.575,-150,-29.716,0,0,4,1,R,"Ainy4／あいにゃ",188.5,85,0.51,3,63,W,Y,1,2295.901,183,74,49,25,5,121,107,34.486,17.37,0.172,1.499,-19.776,0.19,0,0.449,329.223,468.126,-180.196,2300.586,-36.239,-104.196,2300.803,8,-35.056,2.339,-102.096,0,0,,2302.115,,,,,,,,,,,,,2301.585,4,,457,0,,,,,,,,,,,,,,,,,,,-0.026,-37.829,-0.022,-17.12,-20.674,-45.78,-16.72,-62.458,21.723,-49.122,6.774,-62.331,46.289,-95.157,0,-109.86,-46.921,-100.419,-0.159,-36.991,,"소솨소솨",-0.07,-17.028,,"Pring__",-20.489,-45.571,,"Pugeuk",-16.633,-62.344,,"Muna_328",21.727,-49.078,,"Kr_Luna",5.922,-62.385,,"ddil_ddil69",46.311,-95.12,,"AI",0,-109.84,,"눈꽃",-46.926,-100.418,100,,,,,,,,,,,,,,,,,,,,,,,,,2301.594,-35.328,-102.529,,,,,,,,,,,,,,,,,,,,,,,,,2303.104,-33.343,-102.427,"",1,0,"눈꽃",,,,8,""
89,,5,1,2,3,0,0,2,0,0,0,255,255,255,41,2321.449,"_Chun",L,26,94,140,1.872,0.651,-0.249,2.004,0.743,1.876,-36.669,31.92,75,25,0,2,59.437,-150,-21.396,0,0,5,4,R,"HANA_ARASHI",190,90,0.25,3,63,W,Y,1,2322.464,143,75,101,40,29,141,88,43.404,11.854,0.253,1.228,-19.794,-0.81,0,0.565,50.545,472.136,-366.787,2326.853,-18.303,-82.302,2327.036,3,-17.425,2.717,-80.362,0,0,,2328.737,,,,,,,,,,,,,2327.844,5,,452,0,,,,,,,,,,,,,,,,,,,0.007,-37.815,-0.004,-17.136,-20.793,-46.374,-16.982,-62.04,22.21,-49.162,9.529,-61.064,44.204,-91.427,0,-109.85,-47.182,-96.789,-0.236,-36.951,,"소솨소솨",-0.06,-17.076,,"Pring__",-20.668,-46.204,,"Pugeuk",-17.137,-61.789,,"Muna_328",22.096,-49.241,,"Kr_Luna",6.259,-61.237,,"ddil_ddil69",43.742,-91.044,,"AI",0,-109.84,,"눈꽃",-47.203,-96.552,,,,,,,,,,,2327.852,-17.481,-80.635,,,,,,,,,,,,,,,,,,,,,,,,,,,,,,,,,,,,,,,,,,,"",1,0,"Pugeuk",,,,1,""
90,SIDE,5,1,2,3,0,0,2,0,0,0,255,255,255,,2330.173,,,,,,,,,,,,,,,,,,,,,,,6,,,,,,,,,,,,,,,,,,,,,,,,,,,,,,,,,,,,,,,0,0,,,,,,,,,,,,,,,,,,,,,,,,,,,,,,,,,,,,,,,,,,,,,,,,,,,,,,,,,,,,,,,,,,,,,,,,,,,,,,,,,,,,,,,,,,,,,,,,,,,,,,,,,,,,,,,,,,,,,,,,,,,,,,,,,,,,,,,,,,,,,,,,,"",0,0,"",,,,0,""
91,,5,0,2,3,0,0,0,0,0,0,255,255,255,40,2361.205,"ke ro",R,26,70,122,-1.379,-0.78,0.066,1.366,-0.623,0.993,-36.626,10.811,48,52,0,0,12.205,-150,11.812,0,0,2,5,L,"Kr_Luna",174.125,92,0.498,,64,W,Y,0,,,,,,,,,,,,,,,,,,,,,,,,,,,,0,0,,,,,,,,,,,,,,,,,,,,,,,,,,,,,,,,,,,,,,-0.124,-37.573,-0.052,-17.223,-20.167,-46.204,-9.954,-65.569,22.429,-53.435,10.884,-63.46,40.937,-90.684,16.729,-124.768,-40.837,-90.584,,,,"",,,,"",,,,"",,,,"",,,,"",,,,"",,,,"",,,,"",,,,,,,,,,,,,,,,,,,,,,,,,,,,,,,,,,,,,,,,,,,,,,,,,,,,,,,,,,"",0,0,"",,,,0,""
92,,5,0,2,3,0,1,0,0,0,0,255,255,255,41,2378.641,"ke ro",R,26,78,129,2.002,0.428,0.328,1.668,0.803,1.692,-36.626,25.39,67,33,0,1,39.073,-150,20.42,0,0,2,5,L,"Kr_Luna",174.125,92,0.498,,64,W,Y,0,,,,,,,,,,,,,,,,,,,,,,,,,,,,0,0,,,,,,,,,,,,,,,,,,,,,,,,,,,,,,,,,,,,,,0.003,-37.904,-0.078,-17.243,-20.269,-46.605,-10.282,-65.32,21.1,-51.323,11.703,-62.942,40.915,-90.664,18.503,-124.881,-40.815,-90.564,,,,"",,,,"",,,,"",,,,"",,,,"",,,,"",,,,"",,,,"",,,,,,,,,,,,,,,,,,,,,,,,,,,,,,,,,,,,,,,,,,,,,,,,,,,,,,,,,,"",0,0,"",,,,0,""
93,,5,0,2,3,1,1,0,0,0,0,255,255,255,42,2392.247,"ke ro",R,14,78,116,2.082,-1.454,0.211,1.502,0.246,1.113,-36.626,14.253,58,42,0,4,383.645,262.086,43.154,0.741,-18.04,2,5,L,"Kr_Luna",174.125,92,0.498,,64,W,Y,0,,,,,,,,,,,,,,,,,,,,,,,,,,,,0,0,,,,,,,,,,,,,,,,,,,,,,,,,,,,,,,,,,,,,,-0.005,-37.893,-0.062,-17.239,-20.369,-46.91,-9.1,-65.208,21.096,-51.711,11.685,-62.912,40.915,-90.664,16.418,-123.416,-40.815,-90.564,,,,"",,,,"",,,,"",,,,"",,,,"",,,,"",,,,"",,,,"",,,,,,,,,,,,,,,,,,,,,,,,,,,,,,,,,,,,,,,,,,,,,,,,,,,,,,,,,,"",0,0,"",,,,0,""
94,,5,0,2,3,1,2,0,0,0,0,255,255,255,43,2407.785,"ke ro",R,0,81,132,2.374,0.379,0.391,1.727,1.022,1.814,-36.626,31.743,100,0,0,1,0,0,0,0,0,2,5,L,"Kr_Luna",174.125,92,0.498,,64,W,Y,0,,,,,,,,,,,,,,,,,,,,,,,,,,,,0,0,,,,,,,,,,,,,,,,,,,,,,,,,,,,,,,,,,,,,,-0.038,-37.754,-0.049,-17.277,-20.209,-47.027,-9.112,-65.218,20.889,-50.411,12.181,-62.702,40.915,-90.664,16.07,-123.525,-40.815,-90.564,,,,"",,,,"",,,,"",,,,"",,,,"",,,,"",,,,"",,,,"",,,,,,,,,,,,,,,,,,,,,,,,,,,,,,,,,,,,,,,,,,,,,,,,,,,,,,,,,,"",0,0,"",,,,0,""
95,,5,0,2,3,2,2,0,0,0,0,255,255,255,44,2421.135,"ke ro",R,3,68,111,0.506,0.847,0.458,1.684,0.963,2.101,-36.626,30.713,100,0,0,0,-412.861,0,-1.499,0,0,2,5,L,"Kr_Luna",174.125,92,0.498,,64,W,Y,0,,,,,,,,,,,,,,,,,,,,,,,,,,,,0,0,,,,,,,,,,,,,,,2423.588,2,,578,0,,,,,,,,,,,,,,,,,,,-0.002,-37.657,-0.043,-17.26,-20.473,-46.924,-9.067,-64.929,21.818,-50.619,12.11,-62.643,40.915,-90.664,15.537,-124.677,-40.815,-90.564,,,,"",,,,"",,,,"",,,,"",,,,"",,,,"",,,,"",,,,"",,,,,,,,,,,,,,,,,,,,,,,,,,,,,,,,,,,,,,,,,,,,,,,,,,,,,,,,,,"",0,0,"",,,,0,""
96,,5,0,2,3,1,0,1,0,0,0,255,255,255,45,2456.148,"ke ro",R,0,86,140,0.333,-0.011,0.186,1.611,0.139,1.599,-36.626,19.78,47,53,0,2,0,0,0,0,0,3,8,L,"눈꽃",179.9,80,0.505,3,64,W,Y,1,2457.473,232,106,98,71,31,145,127,105.769,44.682,0.055,0.903,-19.519,0.42,0,0.374,351.423,480.538,-74.74,,,,,,,,,0,0,,,,,,,,,,,,,,,,,,,,,,,,,,,,,,,,,,,,,,-0.105,-37.739,-0.044,-17.251,-20.244,-46.445,-10.769,-65.156,23.403,-53.714,12.422,-62.288,40.915,-90.664,-7.707,-124.076,-40.815,-90.564,0.349,-37.876,,"Ainy4／あいにゃ",-0.061,-17.375,,"SUGUN",-20.248,-46.358,,"_Gosomi",-10.73,-65.041,,"HANA_ARASHI",23.474,-53.687,,"CoalCat",12.425,-62.139,,"AI",40.9,-90.65,,"うよすま",-7.607,-124.071,,"AI",-40.8,-90.55,,,,,,,,,,,,,,,,,,,,,,,,,,,,,,,,,,,,,,,,,,,,,,,,,,,,,,,,"",3,0,"",,,,0,""
97,,5,0,2,3,1,1,1,0,0,0,255,255,255,46,2471.846,"ke ro",R,0,85,137,41.806,1.022,0.182,1.652,-0.029,1.55,-36.626,19.909,58,42,0,2,0,0,0,0,0,3,8,L,"눈꽃",179.9,80,0.505,3,64,W,Y,1,2472.999,255,76,82,81,38,145,118,26.313,-15.443,-0.015,0.909,-20.037,0.2,0,0.278,378.946,-463.487,-39.748,2477.361,39.445,-118.556,2479.061,6,39.06,0.1,-119.992,1,0,,2478.419,2482.86,,,,,,,,,,,,,,,,,,,,,,,,,,,,,,,,,,,0.004,-38.194,-0.058,-17.213,-20.279,-46.554,-9.849,-66.21,22.359,-50.221,12.473,-63.169,40.915,-90.664,-8.572,-123.854,-40.815,-90.564,0.119,-37.634,,"Ainy4／あいにゃ",-0.028,-17.303,,"SUGUN",-19.785,-46.645,,"_Gosomi",-9.864,-66.137,86,"HANA_ARASHI",22.121,-51.572,,"CoalCat",12.529,-63.03,,"AI",40.9,-90.65,,"うよすま",-8.565,-123.851,,"AI",-40.8,-90.55,,2487.892,0.138,-38.625,,,,,,,2484.335,3.18,-63.951,,,,,,,,,,,,,,,,,,,,,,,,,2486.662,0.554,-58.878,,,,,,,,,,,,,,,,"",2,0,"AI",2482.86,,,65,""
98,,5,0,2,3,0,0,1,0,1,0,255,18,255,47,2501.405,"ke ro",R,26,70,122,-2.746,-1.596,-0.054,1.185,-1.183,0.464,-36.626,20.597,51,49,0,1,-7.308,-150,15.072,0,0,4,4,R,"Muna_328",190,88.095,0.383,,85,W,Y,0,,,,,,,,,,,,,,,,,,,,,,,,,,,,0,0,,,,,,,,,,,,,2514.362,,,,,,,,,,,,,,,,,,,,,,,,,-0.046,-37.661,-0.051,-17.235,-19.591,-46.01,-14.634,-62.739,21.063,-50.277,7.679,-60.443,40.915,-90.664,-13.142,-122.119,-40.815,-90.564,,,,"",,,,"",,,,"",,,,"",,,,"",,,,"",,,,"",,,,"",,,,2506.031,-0.327,-37.979,,,,,,,,,,,,,,,,,,,,,,,,,,,,,,,,,,,,,,,,,,,,,,,,,,,,"",0,0,"",2503.989,,,0,""
99,,5,0,2,3,1,0,1,0,1,0,255,18,255,48,2515.24,"ke ro",R,26,87,140,-0.499,-0.938,0.145,1.425,-0.173,0.895,-36.626,10.116,61,39,0,0,-36.383,-150,13.81,0,0,4,4,R,"Muna_328",190,88.095,0.383,,85,W,Y,0,,,,,,,,,,,,,,,,,,,,,,,,,,,,0,0,,,,,,,,,,,,,,,,,,,,,,,,,,,,,,,,,,,,,,-0.009,-37.857,-0.018,-17.242,-19.522,-45.415,-13.949,-62.727,20.893,-50.166,7.502,-59.956,40.915,-90.664,-11.894,-121.549,-40.815,-90.564,,,,"",,,,"",,,,"",,,,"",,,,"",,,,"",,,,"",,,,"",,,,2519.588,-0.247,-37.473,,,,,,,,,,,,,,,,,,,,,,,,,,,,,,,,,,,,,,,,,,,,,,,,,,,,"",0,0,"",2518.072,,,0,""
100,,5,0,2,3,1,1,1,0,1,0,255,18,255,49,2527.513,"ke ro",R,33,68,121,5.254,2.613,0.524,2.042,2.068,3.125,-36.626,63.933,97,3,0,1,124.718,-121.046,-3.392,2.034,-6.666,4,4,R,"Muna_328",190,88.095,0.383,,85,W,Y,0,,,,,,,,,,,,,,,,,,,,,,,,,,,,0,0,,,,,,,,,,,,,2527.537,,,,,,,,,,,,,,,,,,,,,,,,,-0.013,-37.804,-0.034,-17.265,-19.574,-45.655,-16.034,-62.776,19.709,-50.845,7.556,-60.003,40.907,-90.657,-12.629,-121.258,-40.807,-90.557,,,,"",,,,"",,,,"",,,,"",,,,"",,,,"",,,,"",,,,"",,,,2537.534,0.36,-39.853,,,,,,,,,,,,,,,,,,,,,,,,,,,,,,,,,,,,,,,,,,,,,,,,,,,,"",0,0,"",2532.255,,,0,""
101,,5,0,2,3,2,1,1,0,1,0,255,18,255,50,2552.735,"ke ro",R,10,71,113,0.682,-0.232,0.262,1.651,0.289,1.974,-36.626,22.828,59,41,0,0,0,400,5.641,0,0,4,4,R,"Muna_328",190,88.095,0.383,,85,W,Y,1,,,,,,,,,,,,,,,,,,,,,,,,,,,,0,0,,,,,,,,,,,,,2566.267,,,,,,,,,,,,,,,,,,,,,,,,,-0.019,-37.851,-0.049,-17.366,-19.343,-45.178,-14.869,-63.608,20.948,-51.414,2.546,-60.276,40.922,-90.67,-12.442,-121.218,-40.822,-90.57,,,,"",,,,"",,,,"",,,,"",,,,"",,,,"",,,,"",,,,"",,,,2556.928,-0.127,-37.311,,,,,,,,,,,,,,,,,,,,,,,,,,,,,,,,,,,,,,,,,,,,,,,,,,,,"",0,0,"",2555.939,,,0,""
102,,5,0,2,3,2,2,1,0,1,0,255,18,255,51,2567.367,"ke ro",R,10,80,120,0.551,-0.721,0.24,1.666,0.077,1.614,-36.626,16.596,58,42,0,2,94.991,400,37.844,0,0,4,4,R,"Muna_328",190,88.095,0.383,3,85,W,Y,1,2568.435,222,128,113,26,0,145,130,7.737,-17.293,0.185,0.794,-21.176,0.68,0,0.935,-538.331,190.545,-184.099,2569.027,13.483,-66.716,2574.986,6,29.32,0.057,-124.937,1,0,,2574.587,2579.12,,,,,,2575.169,2580.118,,,,,,,,,,,,,,,,,,,,,,,,,,,,0.075,-37.942,-0.038,-17.36,-19.49,-45.109,-15.099,-63.587,21.156,-51.258,7.138,-60.928,40.915,-90.664,-10.027,-122.497,-40.815,-90.564,0.154,-37.89,,"Ainy4／あいにゃ",-0.031,-17.428,,"SUGUN",-19.343,-45.096,,"_Gosomi",-15.126,-63.51,85,"HANA_ARASHI",20.381,-48.852,,"CoalCat",8.177,-61.056,,"AI",40.9,-90.65,,"うよすま",-9.955,-122.45,115,"AI",-40.8,-90.55,,2583.324,0.337,-38.787,,,,,,,2580.211,2.052,-64.517,,,,,,,,,,2576.629,29.274,-123.672,,,,,,,,,,,,,2582.163,1.479,-57.767,,,,,,,,,,2577.835,28.396,-115.9,,,,"",2,0,"AI",2579.12,2575.169,2580.118,73,""
103,,5,0,2,4,0,0,1,0,1,0,255,14,255,52,2596.557,"ke ro",R,12,71,120,0.579,0.833,0.324,1.849,0.242,2.231,-36.626,34.087,99,1,0,0,0,91.104,8.54,0,0,5,1,R,"소솨소솨",190,80,0.501,,65,W,Y,1,,,,,,,,,,,,,,,,,,,,,,,,,,,,0,0,,,,,,,,,,,,,2610.108,,,,,,,,,,,,,,,,,,,,,,,,,-0.002,-37.892,-0.03,-17.373,-19.699,-45.854,-15.384,-62.979,21.744,-53.786,8.595,-61.147,40.915,-90.664,-10.077,-123.427,-40.815,-90.564,,,,"",,,,"",,,,"",,,,"",,,,"",,,,"",,,,"",,,,"",,,,2600.414,-0.085,-37.609,,,,,,,,,,,,,,,,,,,,,,,,,,,,,,,,,,,,,,,,,,,,,,,,,,,,"",0,0,"",2599.374,,,0,""
104,,5,0,2,4,0,1,1,0,1,0,255,14,255,53,2610.781,"ke ro",R,26,79,129,-3.341,-1.342,-0.058,1.398,-1.494,0.623,-36.626,10.467,22,78,0,1,26.001,-150,4.037,0,0,5,1,R,"소솨소솨",190,80,0.501,,65,W,Y,0,,,,,,,,,,,,,,,,,,,,,,,,,,,,0,0,,,,,,,,,,,,,2622.843,,,,,,,,,,,,,,,,,,,,,,,,,-0.008,-37.87,-0.04,-17.382,-19.659,-45.734,-15.277,-63.117,22.198,-53.924,8.334,-61.183,40.915,-90.664,-8.999,-114.337,-40.815,-90.564,,,,"",,,,"",,,,"",,,,"",,,,"",,,,"",,,,"",,,,"",,,,2614.625,-0.344,-37.498,,,,,,,,,,,,,,,,,,,,,,,,,,,,,,,,,,,,,,,,,,,,,,,,,,,,"",0,0,"",2613.566,,,0,""
105,,5,0,2,4,1,1,1,0,1,0,255,14,255,54,2623.245,"ke ro",R,13,68,109,0.642,0.197,0.42,1.781,0.725,2.267,-36.626,36.067,100,0,0,2,-243.633,396.909,7.392,0,0,5,1,R,"소솨소솨",190,80,0.501,3,65,W,Y,1,2624.393,255,118,95,111,35,145,130,94.238,-62.351,0.029,1.268,-20.344,0.55,0,0.678,465.77,304.444,224.437,,,,,,,,,0,0,,,,,,,,,,,,,2629.893,,,,,,,,,,,,,,,,,,,,,,,,,-0.023,-37.827,-0.041,-17.381,-19.563,-45.507,-15.353,-63.061,20.124,-52.639,8.371,-61.203,40.907,-90.657,-5.833,-113.449,-40.807,-90.557,0.349,-37.861,,"Ainy4／あいにゃ",0.004,-17.443,,"SUGUN",-19.663,-45.561,,"_Gosomi",-15.217,-62.985,,"HANA_ARASHI",22.12,-55.274,,"CoalCat",8.447,-61.052,,"AI",40.9,-90.65,,"うよすま",-5.728,-113.46,,"AI",-40.8,-90.55,,,,,,,,,,,,,,,,,,,,,,,,,,,,,,,,,,,,,,,,,,,,,,,,,,,,,,,,"",3,0,"",2627.099,,,0,""
106,,5,0,2,4,1,2,1,0,1,0,255,14,255,55,2638.512,"ke ro",R,10,72,114,0.47,-0.633,0.242,1.572,0.197,1.717,-36.626,18.285,70,30,0,2,0,400,11.687,0,0,5,1,R,"소솨소솨",190,80,0.501,3,65,W,Y,1,2639.608,198,147,82,109,60,145,130,25.477,11.389,0.088,0.792,-20.531,0.41,0,0.598,85.839,588.661,-78.163,2643.994,-35.486,-124.177,2645.344,7,-32.586,0.076,-118.482,1,0,,2645.941,2650.713,,,,,,2646.005,2650.884,,,,,,,,,,,,,,,,,,,,,,,,,,,,0.011,-37.865,-0.054,-17.332,-20.073,-45.716,-16.316,-62.241,22.491,-50.834,7.689,-61.45,40.915,-90.664,-6.01,-113.442,-40.815,-90.564,0.19,-38.007,,"Ainy4／あいにゃ",-0.092,-17.463,,"SUGUN",-19.836,-45.712,73,"_Gosomi",-16.215,-62.162,97,"HANA_ARASHI",21.44,-51.45,,"CoalCat",8.028,-60.958,72,"AI",40.9,-90.65,,"うよすま",-6.011,-113.418,115,"AI",-40.8,-90.55,,2655.492,0.586,-38.674,,,,2671.271,-18.683,-43.175,2649.385,-13.479,-66.822,,,,2651.111,-0.074,-59.693,,,,2646.227,-31.742,-118.666,,,,,,,,,,2673.11,-13.365,-43.41,2650.302,-11.557,-67.673,,,,2654.332,3.709,-54.872,,,,2647.358,-29.763,-113.027,,,,"",2,1,"うよすま",2650.713,2646.005,2650.884,79,""
107,BK,5,0,2,5,0,0,1,0,1,0,255,11,255,,2672.578,,,,,,,,,,,,,,,,,,,,,,,6,,,,,,,,,,,,,,,,,,,,,,,,,,,,,,,,,,,,,,,0,0,,,,,,,,,,,,,,,,,,,,,,,,,,,,,,,,,,,,,,,,,,,,,,,,,,,,,,,,,,,,,,,,,,,,,,,,,,,,,,,,,,,,,,,,,,,2674.22,0.794,-38.302,,,,,,,,,,,,,,,,,,,,,,,,,,,,,,,,,,,,,,,,,,,,,,,,,,,,"",0,0,"",,,,64,""
108,,5,0,2,5,0,0,1,0,0,1,255,255,255,56,2686.968,"ke ro",R,26,75,126,1.313,0.23,0.276,1.65,0.452,1.606,-36.626,25.604,62,38,0,2,71.764,-150,12.826,0,0,6,0,L,"_Chun",190,80,0.445,3,65,W,Y,1,2687.924,255,116,25,29,16,92,92,29.198,-36.6,0.244,1.092,-20.14,0.54,0,0.361,572.404,124.279,-130.032,2692.136,48.88,-86.742,2692.269,6,47.329,2.222,-84.418,0,0,,,,,,,,,,,,,,,2693.065,6,,456,0,,,,,,,,,,,,,,,,,,,-0.075,-37.768,0.017,-17.559,-19.771,-46.207,-7.571,-66.254,20.808,-48.1,13.237,-60.528,40.915,-90.664,10.501,-121.667,-40.815,-90.564,0.105,-37.66,,"Ainy4／あいにゃ",0.013,-17.622,,"SUGUN",-19.644,-46.202,,"_Gosomi",-7.568,-66.204,,"HANA_ARASHI",20.827,-48.1,,"CoalCat",13.25,-61.113,73,"AI",40.9,-90.65,,"うよすま",8.79,-121.431,,"AI",-40.8,-90.55,,2704.525,0.675,-38.205,,,,,,,,,,,,,2697.049,23.875,-52.847,,,,,,,,,,,,,,,,,,,,,,,,,2703.149,17.947,-49.388,,,,,,,,,,"",1,0,"AI",,2696.115,,66,""
109,,5,0,2,5,0,0,2,0,0,1,255,255,255,57,2720.349,"ke ro",R,26,85,138,1.869,0.094,0.327,1.625,0.711,1.513,-36.626,24.779,68,32,0,2,67.522,-150,9.291,0,0,7,6,R,"ddil_ddil69",175.8,89.974,0.401,3,65,W,Y,1,2721.448,252,94,83,72,0,145,85,99.669,-71.681,0.354,0.896,-19.171,-0.81,0,0.477,500.019,330.951,21.274,,,,,,,,,0,0,,,,,,,,,,,,,,,,,,,,,,,,,,,,,,,,,,,,,,-0.007,-37.836,-0.062,-17.366,-19.678,-45.216,-15.25,-62.617,21.614,-50.136,9.824,-62.868,40.922,-90.67,-9.429,-115.862,-40.822,-90.57,0.157,-37.831,,"Ainy4／あいにゃ",-0.034,-17.446,,"SUGUN",-19.558,-45.632,,"_Gosomi",-15.205,-62.503,,"HANA_ARASHI",20.534,-49.631,,"CoalCat",9.804,-62.719,,"AI",40.9,-90.65,,"うよすま",-9.298,-115.865,,"AI",-40.8,-90.55,,,,,,,,,,,,,,,,,,,,,,,,,,,,,,,,,,,,,,,,,,,,,,,,,,,,,,,,"",3,0,"",,,,0,""
110,,5,0,2,5,0,1,2,0,0,1,255,255,255,58,2736.118,"ke ro",R,33,72,123,4.842,1.678,0.563,1.87,1.903,2.495,-36.626,53.338,98,2,0,3,108.935,-101.876,-0.823,0.952,-21.756,7,6,R,"ddil_ddil69",175.8,89.974,0.401,,65,W,Y,0,,,,,,,,,,,,,,,,,,,,,,,,,,,,0,0,,,,,,,,,,,,,,,,,,,,,,,,,,,,,,,,,,,,,,-0.019,-37.759,-0.053,-17.352,-20.05,-44.766,-15.43,-62.864,20.28,-50.631,9.753,-62.629,40.915,-90.664,-7.967,-115.787,-40.815,-90.564,,,,"",,,,"",,,,"",,,,"",,,,"",,,,"",,,,"",,,,"",,,,,,,,,,,,,,,,,,,,,,,,,,,,,,,,,,,,,,,,,,,,,,,,,,,,,,,,,,"",6,0,"",,,,0,""
111,,5,0,2,5,2,0,2,0,0,1,255,255,11,59,2769.877,"ke ro",R,26,76,126,1.821,0.626,0.338,1.742,0.689,1.803,-36.626,34.896,100,0,0,4,60.594,-150,4.764,0,0,7,6,R,"ddil_ddil69",175.8,89.974,0.401,,65,W,Y,1,,,,,,,,,,,,,,,,,,,,,,,,,,,,0,0,,,,,,,,,,,,,,,,,,,,,,,,,,,,,,,,,,,,,,-0.088,-37.797,-0.049,-17.266,-19.446,-45.034,-14.635,-63.12,20.712,-48.013,9.638,-63.59,40.915,-90.664,-8.426,-115.635,-40.815,-90.564,,,,"",,,,"",,,,"",,,,"",,,,"",,,,"",,,,"",,,,"",,,,,,,,,,,,,,,,,,,,,,,,,,,,,,,,,,,,,,,,,,,,,,,,,,,,,,,,,,"",0,0,"",,,,0,""
112,,5,0,2,5,2,2,2,0,0,1,255,255,11,60,2787.266,"ke ro",R,13,74,113,-2.294,-1.298,0.213,1.525,-0.361,1.332,-36.626,10.095,70,30,0,4,-359.056,347.964,12.83,0,0,7,6,R,"ddil_ddil69",175.8,89.974,0.401,,66,W,Y,1,,,,,,,,,,,,,,,,,,,,,,,,,,,,0,0,,,,,,,,,,,,,,,2790.076,7,,578,0,,,,,,,,,,,,,,,,,,,-0.007,-37.777,-0.033,-17.257,-19.448,-45.25,-15.281,-62.706,21.52,-50.494,9.632,-63.522,40.915,-90.664,-7.598,-113.749,-40.815,-90.564,,,,"",,,,"",,,,"",,,,"",,,,"",,,,"",,,,"",,,,"",,,,,,,,,,,,,,,,,,,,,,,,,,,,,,,,,,,,,,,,,,,,,,,,,,,,,,,,,,"",0,0,"",,,,0,""
113,SIDE,5,0,2,5,0,0,2,0,0,1,255,255,11,,2791.307,,,,,,,,,,,,,,,,,,,,,,,0,,,,,,,,,,,,,,,,,,,,,,,,,,,,,,,,,,,,,,,0,0,,,,,,,,,,,,,,,,,,,,,,,,,,,,,,,,,,,,,,,,,,,,,,,,,,,,,,,,,,,,,,,,,,,,,,,,,,,,,,,,,,,,,,,,,,,,,,,,,,,,,,,,,,,,,,,,,,,,,,,,,,,,,,,,,,,,,,,,,,,,,,,,,"",0,0,"",,,,0,""
114,,6,1,2,5,0,0,0,0,0,0,255,255,255,42,2833.556,"_Chun",L,2,81,118,-1.429,-0.098,-0.868,0.875,-1.209,1.219,-36.701,57.744,4,13,84,0,357.863,-349.191,-9.149,0,0,6,0,R,"ke ro",190,80,0.396,,66,W,Y,0,,,,,,,,,,,,,,,,,,,,,,,,,,,,0,0,,,,,,,,,,,,,,,,,,,,,,,,,,,,,,,,,,,,,,-0.389,-37.647,-0.085,-17.053,-21.808,-47.269,-17.798,-60.225,22.498,-49.551,12.573,-59.399,46.152,-96.005,0,-109.89,-40.838,-99.892,,,,"",,,,"",,,,"",,,,"",,,,"",,,,"",,,,"",,,,"",,,,,,,,,,,,,,,,,,,,,,,,,,,,,,,,,,,,,,,,,,,,,,,,,,,,,,,,,,"",0,0,"",,,,0,""
115,,6,1,2,5,0,1,0,0,0,0,255,255,255,43,2851.527,"_Chun",L,36,84,137,1.203,0.123,-0.551,1.034,0.653,1.834,-36.701,31.566,0,10,90,0,-79.251,123.168,-6.167,0,0,6,0,R,"ke ro",190,80,0.396,,66,W,Y,0,,,,,,,,,,,,,,,,,,,,,,,,,,,,0,0,,,,,,,,,,,,,,,,,,,,,,,,,,,,,,,,,,,,,,-0.323,-37.593,-0.044,-17.171,-21.762,-47.238,-17.838,-60.192,22.344,-49.604,12.626,-60.882,46.178,-96.059,0,-109.85,-40.803,-99.864,,,,"",,,,"",,,,"",,,,"",,,,"",,,,"",,,,"",,,,"",,,,,,,,,,,,,,,,,,,,,,,,,,,,,,,,,,,,,,,,,,,,,,,,,,,,,,,,,,"",0,0,"",,,,0,""
116,,6,1,2,5,0,2,0,0,0,0,255,255,255,44,2871.283,"_Chun",L,4,78,123,0.159,0.322,-0.716,0.972,-0.247,1.762,-36.701,48.011,2,10,88,0,208.532,-75.172,-7.993,0,0,6,0,R,"ke ro",190,80,0.396,,66,W,Y,0,,,,,,,,,,,,,,,,,,,,,,,,,,,,0,0,,,,,,,,,,,,,,,2873.881,6,,578,0,,,,,,,,,,,,,,,,,,,-0.353,-37.759,-0.031,-17.16,-22.016,-47.098,-17.998,-60.153,22.321,-49.641,10.335,-61.218,46.736,-95.837,0,-109.86,-40.822,-99.875,,,,"",,,,"",,,,"",,,,"",,,,"",,,,"",,,,"",,,,"",,,,,,,,,,,,,,,,,,,,,,,,,,,,,,,,,,,,,,,,,,,,,,,,,,,,,,,,,,"",0,0,"",,,,0,""
117,,6,1,2,5,0,0,1,0,0,0,255,255,255,45,2894.423,"_Chun",L,3,86,132,1.999,0.756,-0.61,1.123,0.498,2.064,-36.701,27.673,4,39,57,2,263.76,0,-9.641,0,0,0,3,R,"_Gosomi",175,85.368,0.474,3,66,W,Y,1,2895.495,98,52,53,38,28,124,121,102.687,-64.6,0.479,1.149,-19.101,0.55,0,0.363,-100.358,531.961,-258.738,,,,,,,,,0,0,,,,,,,,,,,,,,,,,,,,,,,,,,,,,,,,,,,,,,-0.366,-37.659,-0.047,-17.112,-21.674,-47.287,-17.739,-60.742,22.301,-49.587,9.441,-61.412,46.726,-95.878,0,-109.85,-36.59,-102.05,-0.454,-37.071,,"소솨소솨",-0.048,-17.197,,"Pring__",-21.71,-47.079,,"Pugeuk",-17.673,-60.688,,"Muna_328",22.259,-49.548,,"Kr_Luna",9.383,-61.481,,"ddil_ddil69",46.193,-96.623,,"AI",0,-109.84,,"눈꽃",-36.946,-101.713,,,,,,,,,,,,,,,,,,,,,,,,,,,,,,,,,,,,,,,,,,,,,,,,,,,,,,,,"",3,0,"",,,,0,""
118,,6,1,2,5,0,1,1,0,0,0,255,255,255,46,2913.098,"_Chun",L,32,89,140,0.282,-0.679,-0.554,0.982,0.447,1.371,-36.701,26.75,2,53,45,2,-223.802,130.511,-15.654,0,0,0,3,R,"_Gosomi",175,85.368,0.474,3,66,W,Y,1,2914.187,155,28,34,25,0,84,89,-30,29.967,-0.023,0.564,-19.07,0.73,0,0.378,-457.249,366.527,-128.77,2913.369,-0.639,-20.132,2915.453,2,-17.899,0.128,-41.491,0,0,,,,,,,,,,,,,,,2917.696,0,,147,0,,,,,,,,,,,2916.971,2,,,,,,,-0.327,-37.656,-0.014,-17.143,-21.894,-47.236,-18.108,-61.346,22.447,-49.906,9.86,-61.569,45.645,-96.745,0,-109.86,-40.74,-101.758,-0.164,-37.312,,"소솨소솨",0.068,-17.297,,"Pring__",-21.84,-47.195,87,"Pugeuk",-18.104,-61.261,,"Muna_328",22.443,-49.851,,"Kr_Luna",6.437,-63.533,,"ddil_ddil69",45.363,-96.555,,"AI",0,-109.84,,"눈꽃",-40.588,-101.687,,2919.736,-0.506,-38.054,,,,2916.168,-18.322,-41.723,,,,,,,,,,,,,,,,,,,,,,,,,2918.619,-17.619,-39.683,,,,,,,,,,,,,,,,,,,"",2,0,"Pring__",,,,66,""
119,,6,1,2,5,0,0,2,0,0,0,255,255,255,47,2931.044,"_Chun",L,32,87,140,0.793,0.627,-0.522,1.189,0.597,2.099,-36.701,18.068,2,54,44,0,-171.179,106.896,-14.365,0,0,1,5,R,"CoalCat",174.6,83,0.397,,66,W,Y,1,,,,,,,,,,,,,,,,,,,,,,,,,,,,0,0,,,,,,,,,,,,,,,,,,,,,,,,,,,,,,,,,,,,,,-0.303,-37.506,0.032,-17.088,-20.582,-46.925,-16.304,-62.143,21.625,-49.866,6.068,-60.962,45.4,-96.569,0,-109.85,-33.011,-95.544,,,,"",,,,"",,,,"",,,,"",,,,"",,,,"",,,,"",,,,"",,,,2936.337,0.168,-37.633,,,,,,,,,,,,,,,,,,,,,,,,,,,,,,,,,,,,,,,,,,,,,,,,,,,,"",0,0,"",,,,0,""
120,,6,1,2,5,0,1,2,0,0,0,255,255,255,48,2945.564,"_Chun",L,32,89,140,0.83,0.053,-0.521,1.09,0.601,1.751,-36.701,23.302,5,51,44,0,-162.833,89.471,-9.297,0,0,1,5,R,"CoalCat",174.6,83,0.397,,37,W,Y,1,,,,,,,,,,,,,,,,,,,,,,,,,,,,0,0,,,,,,,,,,,,,,,,,,,,,,,,,,,,,,,,,,,,,,-0.266,-37.576,0.035,-17.089,-20.604,-46.872,-16.699,-62.061,21.646,-49.719,5.923,-61.342,45.398,-96.512,0,-109.85,-37.85,-92.071,,,,"",,,,"",,,,"",,,,"",,,,"",,,,"",,,,"",,,,"",,,,2950.204,-0.056,-37.368,,,,,,,,,,,,,,,,,,,,,,,,,,,,,,,,,,,,,,,,,,,,,,,,,,,,"",0,0,"",,,,0,""
121,,6,1,2,5,0,2,2,0,0,0,255,255,255,49,2958.085,"_Chun",L,33,89,140,0.787,1.605,-0.613,1.316,0.538,2.664,-36.701,24.114,2,54,45,2,-127.508,59.936,-11.039,0,0,1,5,R,"CoalCat",174.6,83,0.397,3,66,W,Y,1,2959.162,103,38,92,90,60,136,126,93.356,67.721,0.18,1.499,-19.531,0.48,0,0.355,198.062,505.401,-255.619,,,,,,,,,0,0,,,,,,,,,,,,,,,,,,,,,,,,,,,,,,,,,,,,,,-0.295,-37.728,0.001,-17.024,-20.588,-46.888,-16.541,-62.096,21.661,-49.731,7.754,-61.006,45.924,-96.463,0,-109.85,-36.192,-93.848,-0.237,-37.313,,"소솨소솨",-0.028,-17.04,,"Pring__",-20.366,-46.726,,"Pugeuk",-16.462,-62.108,,"Muna_328",22.369,-50.202,,"Kr_Luna",7.612,-65.095,,"ddil_ddil69",45.953,-96.437,,"AI",0,-109.84,,"눈꽃",-36.208,-93.858,,,,,,,,,,,,,,,,,,,,,,,,,,,,,,,,,,,,,,,,,,,,,,,,,,,,,,,,"",3,0,"",,,,0,""
122,,6,1,2,5,0,2,2,0,0,0,255,255,255,50,2980.286,"_Chun",L,33,89,140,-2.364,0.344,-0.865,1.065,-0.798,1.899,-36.701,40.061,0,51,49,4,-149.79,68.347,-12.227,0,0,1,5,R,"CoalCat",174.6,83,0.397,,66,W,Y,1,,,,,,,,,,,,,,,,,,,,,,,,,,,,0,0,,,,,,,,,,,,,,,2983.09,1,,578,0,,,,,,,,,,,,,,,,,,,-0.324,-37.979,-0.128,-17.117,-20.61,-46.964,-15.267,-62.24,23.17,-50.376,9.788,-62.387,46.703,-95.679,0,-109.85,-34.667,-99.196,,,,"",,,,"",,,,"",,,,"",,,,"",,,,"",,,,"",,,,"",,,,,,,,,,,,,,,,,,,,,,,,,,,,,,,,,,,,,,,,,,,,,,,,,,,,,,,,,,"",0,0,"",,,,0,""
123,SIDE,6,1,2,5,0,0,2,0,0,0,255,255,255,,2985.336,,,,,,,,,,,,,,,,,,,,,,,2,,,,,,,,,,,,,,,,,,,,,,,,,,,,,,,,,,,,,,,0,0,,,,,,,,,,,,,,,,,,,,,,,,,,,,,,,,,,,,,,,,,,,,,,,,,,,,,,,,,,,,,,,,,,,,,,,,,,,,,,,,,,,,,,,,,,,,,,,,,,,,,,,,,,,,,,,,,,,,,,,,,,,,,,,,,,,,,,,,,,,,,,,,,"",0,0,"",,,,0,""
124,,6,0,2,5,0,0,0,0,0,0,255,255,255,61,3027.104,"HANA_ARASHI",R,26,92,140,-0.661,-0.019,0.407,1.937,-0.433,1.413,-36.544,17.832,24,76,0,0,98.468,-150,15.368,0,0,0,3,R,"Pugeuk",160,85.842,0.349,,67,W,Y,0,,,,,,,,,,,,,,,,,,,,,,,,,,,,0,0,,,,,,,,,,,,,,,,,,,,,,,,,,,,,,,,,,,,,,0.147,-37.475,-0.073,-17.365,-19.488,-46.378,-15.872,-61.564,20.78,-50.639,9.803,-60.54,40.922,-90.671,0.108,-111.615,-40.822,-90.571,,,,"",,,,"",,,,"",,,,"",,,,"",,,,"",,,,"",,,,"",,,,,,,,,,,,,,,,,,,,,,,,,,,,,,,,,,,,,,,,,,,,,,,,,,,,,,,,,,"",0,0,"",,,,0,""
125,,6,0,2,5,0,1,0,0,0,0,255,255,255,62,3038.378,"HANA_ARASHI",R,10,79,119,-1.115,1.172,0.393,2.279,-0.496,2.728,-36.544,48.531,100,0,0,0,0,400,-54.001,0,0,0,3,R,"Pugeuk",160,85.842,0.349,,67,W,Y,1,,,,,,,,,,,,,,,,,,,,,,,,,,,,0,0,,,,,,,,,,,,,,,,,,,,,,,,,,,,,,,,,,,,,,0.008,-37.451,-0.072,-17.382,-19.39,-46.208,-15.028,-61.981,20.423,-50.646,9.413,-60.078,40.908,-90.657,-3.194,-108.063,-40.808,-90.557,,,,"",,,,"",,,,"",,,,"",,,,"",,,,"",,,,"",,,,"",,,,,,,,,,,,,,,,,,,,,,,,,,,,,,,,,,,,,,,,,,,,,,,,,,,,,,,,,,"",0,0,"",,,,0,""
126,,6,0,2,5,0,2,0,0,0,0,255,255,255,63,3050.051,"HANA_ARASHI",R,26,93,140,-0.806,-0.891,0.395,1.818,-0.489,0.953,-36.544,13.872,27,73,0,0,92.222,-150,11.068,0,0,0,3,R,"Pugeuk",160,85.842,0.349,,67,W,Y,1,,,,,,,,,,,,,,,,,,,,,,,,,,,,0,0,,,,,,,,,,,,,,,3052.667,0,,578,0,,,,,,,,,,,,,,,,,,,0.1,-37.422,-0.065,-17.399,-19.476,-46.338,-15.022,-62.016,20.419,-50.637,10.072,-62.639,40.907,-90.657,-3.549,-106.408,-40.807,-90.557,,,,"",,,,"",,,,"",,,,"",,,,"",,,,"",,,,"",,,,"",,,,,,,,,,,,,,,,,,,,,,,,,,,,,,,,,,,,,,,,,,,,,,,,,,,,,,,,,,"",0,0,"",,,,0,""
127,,6,0,2,5,0,0,1,0,0,0,255,255,255,64,3065.361,"HANA_ARASHI",R,26,84,136,-1.109,1.526,0.398,2.236,-0.473,2.417,-36.544,42.175,100,0,0,4,-16.984,-150,-24.755,0,0,1,2,L,"Pring__",190,92.741,0.481,,67,W,Y,1,,,,,,,,,,,,,,,,,,,,,,,,,,,,0,0,,,,,,,,,,,,,,,,,,,,,,,,,,,,,,,,,,,,,,0.111,-37.597,-0.061,-17.356,-19.306,-46.751,-9.088,-66.031,20.872,-50.343,12.473,-62.369,40.915,-90.664,14.827,-121.903,-40.815,-90.564,,,,"",,,,"",,,,"",,,,"",,,,"",,,,"",,,,"",,,,"",,,,,,,,,,,,,,,,,,,,,,,,,,,,,,,,,,,,,,,,,,,,,,,,,,,,,,,,,,"",0,0,"",,,,0,""
128,,6,0,2,5,0,1,1,0,0,0,255,255,255,65,3077.362,"HANA_ARASHI",R,26,90,140,-1.205,0.355,0.405,2.011,-0.677,1.688,-36.544,30.525,82,18,0,2,102.906,-150,7.669,0,0,1,2,L,"Pring__",190,92.741,0.481,3,67,W,Y,1,3078.473,255,133,126,107,84,145,99,114.801,-3.033,-0.174,1.304,-20.342,-0.38,0,0.517,557.035,-185.766,-123.301,,,,,,,,,0,0,,,,,,,,,,,,,,,,,,,,,,,,,,,,,,,,,,,,,,0.019,-37.388,-0.067,-17.369,-19.48,-46.733,-9.745,-65.827,20.571,-50.499,12.504,-62.439,40.907,-90.657,11.431,-118.865,-40.807,-90.557,0.207,-36.787,,"Ainy4／あいにゃ",-0.057,-17.46,,"SUGUN",-19.861,-47.61,,"_Gosomi",-9.675,-65.867,,"ke ro",20.494,-50.348,,"CoalCat",12.49,-62.261,,"AI",40.9,-90.65,,"うよすま",11.443,-118.827,,"AI",-40.8,-90.55,,,,,,,,,,,,,,,,,,,,,,,,,,,,,,,,,,,,,,,,,,,,,,,,,,,,,,,,"",3,0,"",,,,0,""
129,,6,0,2,5,0,2,1,0,0,0,255,255,255,66,3093.041,"HANA_ARASHI",R,13,84,122,-0.835,-0.061,0.554,2.077,0.249,1.904,-36.544,39.502,83,17,0,2,-390.434,312.348,12.666,0,0,1,2,L,"Pring__",190,92.741,0.481,3,67,W,Y,1,3094.101,242,151,127,100,70,145,99,109.432,62.663,-0.159,0.991,-20.372,-0.4,0,0.434,265.759,-527.428,105.791,,,,,,,,,0,0,,,,,,,,,,,,,,,,,,,,,,,,,,,,,,,,,,,,,,0.098,-37.512,-0.028,-17.363,-19.553,-46.115,-10.857,-65.489,21.445,-50.395,12.622,-61.897,40.907,-90.657,11.915,-119.859,-40.807,-90.557,0.044,-36.905,,"Ainy4／あいにゃ",-0.005,-17.46,,"SUGUN",-19.875,-46.413,,"_Gosomi",-10.868,-65.421,,"ke ro",21.324,-50.27,,"CoalCat",12.619,-61.728,,"AI",40.9,-90.65,,"うよすま",11.507,-119.804,,"AI",-40.8,-90.55,,,,,,,,,,,,,,,,,,,,,,,,,,,,,,,,,,,,,,,,,,,,,,,,,,,,,,,,"",3,0,"",,,,0,""
130,,6,0,2,5,0,2,1,0,0,0,255,255,255,67,3106.664,"HANA_ARASHI",R,32,90,140,-2.438,-1.537,0.21,1.561,-1.348,0.507,-36.544,19.752,36,64,0,1,250,-150,59.433,0,0,1,2,L,"Pring__",190,92.741,0.481,,67,W,Y,0,,,,,,,,,,,,,,,,,,,,,,,,,,,,0,0,,,,,,,,,,,,,,,,,,,,,,,,,,,,,,,,,,,,,,0.113,-37.416,-0.037,-17.388,-19.901,-46.699,-11.326,-65.364,21.857,-49.898,13.496,-61.808,40.9,-90.65,10.585,-119.47,-40.8,-90.55,,,,"",,,,"",,,,"",,,,"",,,,"",,,,"",,,,"",,,,"",,,,,,,,,,,,,,,,,,,,,,,,,,,,,,,,,,,,,,,,,,,,,,,,,,,,,,,,,,"",0,0,"",,,,0,""
131,,6,0,2,5,1,2,1,0,0,0,255,255,255,68,3125.417,"HANA_ARASHI",R,32,97,140,0.106,0.488,0.458,2.03,-0.197,1.772,-36.544,26.422,73,27,0,0,171.703,-150,22.495,0,0,1,2,L,"Pring__",190,92.741,0.481,,67,W,Y,1,,,,,,,,,,,,,,,,,,,,,,,,,,,,0,0,,,,,,,,,,,,,,,3127.867,1,,578,0,,,,,,,,,,,,,,,,,,,0.082,-37.377,-0.026,-17.353,-19.863,-46.741,-11.451,-65.362,21.548,-49.909,13.081,-61.967,40.915,-90.664,9.85,-120.257,-40.815,-90.564,,,,"",,,,"",,,,"",,,,"",,,,"",,,,"",,,,"",,,,"",,,,,,,,,,,,,,,,,,,,,,,,,,,,,,,,,,,,,,,,,,,,,,,,,,,,,,,,,,"",0,0,"",,,,0,""
132,,6,0,2,5,0,0,2,0,0,0,255,255,255,69,3144.785,"HANA_ARASHI",R,13,75,114,1.428,1.019,0.699,2.133,1.226,2.648,-36.544,62.741,64,36,0,0,-357.844,349.21,14.891,0,0,2,5,L,"Kr_Luna",174.125,92,0.498,,67,W,Y,0,,,,,,,,,,,,,,,,,,,,,,,,,,,,0,0,,,,,,,,,,,,,,,,,,,,,,,,,,,,,,,,,,,,,,0.065,-37.604,-0.029,-17.371,-20.007,-46.228,-11.912,-65.123,21.708,-50.14,13.252,-62.031,40.922,-90.671,16.094,-121.329,-40.822,-90.57,,,,"",,,,"",,,,"",,,,"",,,,"",,,,"",,,,"",,,,"",,,,,,,,,,,,,,,,,,,,,,,,,,,,,,,,,,,,,,,,,,,,,,,,,,,,,,,,,,"",0,0,"",,,,0,""
133,,6,0,2,5,0,1,2,0,0,0,255,255,255,70,3157.008,"HANA_ARASHI",R,26,90,140,1.442,0.989,0.605,2.096,0.487,2.014,-36.544,36.219,61,39,0,0,90.519,-150,7.942,0,0,2,5,L,"Kr_Luna",174.125,92,0.498,,67,W,Y,0,,,,,,,,,,,,,,,,,,,,,,,,,,,,0,4,,,,,,,,,,,,,,,,,,,,,,,,,,,,,,,,,,,,,,0.122,-38.075,-0.023,-17.42,-19.877,-46.355,-9.61,-65.752,22.429,-49.406,13.335,-62.076,40.907,-90.657,15.997,-121.389,-40.807,-90.557,,,,"",,,,"",,,,"",,,,"",,,,"",,,,"",,,,"",,,,"",,,,,,,,,,,,,,,,,,,,,,,,,,,,,,,,,,,,,,,,,,,,,,,,,,,,,,,,,,"",0,0,"",,,,0,""
134,,6,0,2,5,0,2,2,0,0,0,255,255,255,71,3187.315,"HANA_ARASHI",R,26,93,140,-1.166,0.434,0.413,1.935,-0.403,1.699,-36.544,26.742,84,16,0,2,-87.431,-150,-0.092,0,0,2,5,L,"Kr_Luna",174.125,92,0.498,3,67,W,Y,0,3188.139,184,93,62,34,15,136,110,-16.681,-35.238,-0.307,0.923,-18.444,0.89,0,0.08,-589.668,-106.069,32.274,3187.303,1.637,-21.185,3188.928,4,19.302,0.105,-46.096,0,0,,3193.411,,,,,,,,,,,,,3192.942,2,,147,64,,,,,,,,,,,,,,,,,,,0.066,-38.053,0.004,-17.27,-19.778,-46.225,-10.627,-65.609,22.425,-49.387,12.713,-62.226,40.93,-90.677,13.493,-122.809,-40.83,-90.577,0.122,-36.789,,"Ainy4／あいにゃ",-0.007,-17.297,,"SUGUN",-19.925,-46.175,,"_Gosomi",-10.527,-65.596,,"ke ro",22.362,-49.303,107,"CoalCat",12.617,-62.146,,"AI",40.9,-90.65,,"うよすま",13.453,-122.642,,"AI",-40.8,-90.55,,,,,,,,3192.374,-18.163,-39.906,,,,3189.834,19.756,-47.132,,,,,,,,,,,,,,,,,,,,,,,,,3190.871,14.795,-45.812,,,,,,,,,,,,,"",2,0,"ke ro",,,,68,""
135,SIDE,6,0,2,5,0,0,2,0,0,0,255,255,255,,3193.932,,,,,,,,,,,,,,,,,,,,,,,3,,,,,,,,,,,,,,,,,,,,,,,,,,,,,,,,,,,,,,,0,0,,,,,,,,,,,,,,,,,,,,,,,,,,,,,,,,,,,,,,,,,,,,,,,,,,,,,,,,,,,,,,,,,,,,,,,,,,,,,,,,,,,,,,,,,,,,,,,,,,,,,,,,,,,,,,,,,,,,,,,,,,,,,,,,,,,,,,,,,,,,,,,,,"",0,0,"",,,,0,""
136,,7,1,2,5,0,0,0,0,0,0,255,255,255,51,3232.026,"_Chun",L,32,86,139,1.915,0.283,-0.41,1.139,1.116,1.902,-36.701,12.648,2,58,40,1,-193.613,95.635,-16.835,0,0,2,2,R,"SUGUN",190,82,0.5,,67,W,Y,0,,,,,,,,,,,,,,,,,,,,,,,,,,,,0,0,,,,,,,,,,,,,,,,,,,,,,,,,,,,,,,,,,,,,,-0.264,-37.828,0.071,-17.165,-20.708,-46.578,-13.061,-63.76,22.472,-49.965,9.934,-62.86,48.399,-94.999,0,-109.88,-42.493,-101.597,,,,"",,,,"",,,,"",,,,"",,,,"",,,,"",,,,"",,,,"",,,,,,,,,,,,,,,,,,,,,,,,,,,,,,,,,,,,,,,,,,,,,,,,,,,,,,,,,,"",0,0,"",,,,0,""
137,,7,1,2,5,1,0,0,0,0,0,255,255,255,52,3249.334,"_Chun",L,33,82,133,0.538,-1.059,-0.601,0.849,0.473,1.074,-36.701,47.731,4,13,83,2,-149.969,100.619,-5.163,0,0,2,2,R,"SUGUN",190,82,0.5,3,67,W,Y,1,3250.289,255,60,161,73,27,145,111,13.087,-4.451,0.134,0.559,-19.32,0.08,0,0.415,28.922,-598.954,20.426,3252.619,13.943,-94.132,3257.603,7,23.466,0.059,-130.398,1,0,,3255.942,3260.561,,,,,,,,,,,,,,,,,,,,,,,,,,,,,,,,,,,-0.281,-37.678,0.052,-17.166,-20.805,-46.523,-13.336,-63.604,22.593,-49.957,9.456,-62.662,48.672,-94.564,0,-109.86,-42.382,-101.502,-0.475,-37.165,,"소솨소솨",0.091,-17.252,,"Pring__",-20.633,-46.329,,"Pugeuk",-13.17,-63.696,79,"Muna_328",22.399,-49.954,,"Kr_Luna",9.441,-62.673,,"ddil_ddil69",48.675,-94.58,,"AI",0,-109.84,,"눈꽃",-41.272,-99.66,,3268.752,0.04,-38.35,,,,,,,3263.113,1.595,-63.901,,,,,,,,,,,,,,,,,,,,,,,,,3267.521,-2.052,-58.293,,,,,,,,,,,,,,,,"",2,0,"AI",3260.561,,,65,""
138,,7,1,2,5,0,0,0,0,1,0,255,2,255,53,3284.263,"_Chun",L,32,87,140,2.022,1.044,-0.412,1.252,1.106,2.318,-36.701,19.566,2,56,43,1,-153.406,82.438,-10.161,0,0,3,7,R,"うよすま",175.4,85.375,0.502,,67,W,Y,0,,,,,,,,,,,,,,,,,,,,,,,,,,,,0,0,,,,,,,,,,,,,3298.708,,,,,,,,,,,,,,,,,,,,,,,,,-0.191,-37.548,0.043,-17.152,-21.357,-47.547,-15.024,-60.934,17.76,-46.612,5.236,-61.565,46.946,-96.04,0,-109.86,-41.663,-88.069,,,,"",,,,"",,,,"",,,,"",,,,"",,,,"",,,,"",,,,"",,,,3288.727,0.043,-37.428,,,,,,,,,,,,,,,,,,,,,,,,,,,,,,,,,,,,,,,,,,,,,,,,,,,,"",0,0,"",3286.72,,,0,""
139,,7,1,2,5,1,0,0,0,1,0,255,2,255,54,3299.695,"_Chun",L,33,84,137,-0.886,-0.796,-0.742,0.909,-0.173,1.231,-36.701,41.408,3,15,82,0,-134.197,57.744,-7.486,0,0,3,7,R,"うよすま",175.4,85.375,0.502,,67,W,Y,1,,,,,,,,,,,,,,,,,,,,,,,,,,,,0,0,,,,,,,,,,,,,3315.129,,,,,,,,,,,,,,,,,,,,,,,,,-0.342,-37.679,-0.066,-17.186,-21.448,-47.23,-15.084,-61.362,18.517,-47.543,5.009,-62.351,47.386,-95.752,0,-109.85,-42.737,-87.021,,,,"",,,,"",,,,"",,,,"",,,,"",,,,"",,,,"",,,,"",,,,3304.275,0.044,-37.581,,,,,,,,,,,,,,,,,,,,,,,,,,,,,,,,,,,,,,,,,,,,,,,,,,,,"",0,0,"",3302.416,,,0,""
140,,7,1,2,5,1,1,0,0,1,0,255,2,255,55,3316.305,"_Chun",L,3,87,126,2.246,-0.99,-0.687,0.938,0.151,1.289,-36.701,31.685,3,51,47,2,494.519,-2.824,-12.291,0,0,3,7,R,"うよすま",175.4,85.375,0.502,3,67,W,Y,1,3317.287,255,76,113,99,19,145,86,-39.308,-47.243,0.426,0.738,-20.055,-0.77,0,0.321,-432.092,-380.833,-168.114,3316.519,1.313,-20.871,,,,,,0,0,,,,,,,,,,,,,3332.706,,,,,,,,,,,,,,,,,,,,,,,,,-0.396,-37.705,0.046,-17.211,-21.438,-47.245,-15.174,-61.33,18.6,-48.285,4.696,-61.703,47.357,-95.774,0,-109.85,-42.794,-87.033,-0.243,-37.268,,"소솨소솨",0.055,-17.237,,"Pring__",-21.221,-47.001,,"Pugeuk",-15.079,-61.155,,"Muna_328",19.052,-47.397,,"Kr_Luna",2.503,-61.492,,"ddil_ddil69",47.282,-95.984,,"AI",0,-109.84,,"눈꽃",-42.787,-87.028,,,,,,,,,,,,,,,,,,,,,,,,,,,,,,,,,,,,,,,,,,,,,,,,,,,,,,,,"",3,0,"",3321.592,,,0,""
141,,7,1,2,5,1,2,0,0,1,0,255,2,255,56,3339.744,"_Chun",L,33,88,140,-0.206,0.917,-0.623,1.225,0.128,2.222,-36.701,28.601,0,51,49,0,-143.547,61.164,-9.747,0,0,3,7,R,"うよすま",175.4,85.375,0.502,,45,W,Y,0,,,,,,,,,,,,,,,,,,,,,,,,,,,,0,4,,,,,,,,,3342.976,,,,,,3342.339,3,,578,0,3343.112,2,2,293,32,,,,,,,,,,,,,,-0.332,-37.688,0.037,-17.057,-19.829,-45.676,-10.14,-63.111,20.043,-47.559,0.6,-61.375,48.382,-96.705,0,-109.86,-40.51,-85.854,,,,"",,,,"",,,,"",,,,"",,,,"",,,,"",,,,"",,,,"",,,,,,,,,,,,,,,,,,,,,,,,,,,,,,,,,,,,,,,,,,,,,,,,,,,,,,,,,,"",0,0,"",,3342.976,,0,""
142,,7,1,2,5,0,0,2,0,0,0,255,255,255,57,3366.876,"_Chun",L,32,87,140,1.843,0.113,-0.427,1.102,1.037,1.781,-36.701,18.64,2,12,87,2,-159.232,80.533,-10.361,0,0,4,1,R,"Ainy4／あいにゃ",188.5,85,0.51,3,56,W,Y,1,3367.897,202,126,77,31,0,137,86,43.863,15.114,0.26,1.17,-20.562,-0.79,0,0.689,467.928,375.555,1.417,,,,3372.536,3,-20.98,2.824,-77.372,0,0,,3374.008,,,,,,,,,,,,,3373.417,4,,452,0,,,,,,,,,,,,,,,,,,,-0.339,-37.766,0.035,-17.008,-20.684,-46.751,-15.302,-63.057,21.681,-48.852,9.541,-63.707,48.348,-96.688,0,-109.87,-44.745,-104.209,-0.058,-37.125,,"소솨소솨",0.102,-17.066,,"Pring__",-20.434,-46.472,,"Pugeuk",-15.254,-63.095,84,"Muna_328",21.676,-48.786,,"Kr_Luna",8.013,-63.918,,"ddil_ddil69",48.366,-96.689,,"AI",0,-109.84,,"눈꽃",-44.732,-104.2,,,,,,,,,,,3373.426,-21.202,-77.657,,,,,,,,,,,,,,,,,,,,,,,,,3375.005,-20.467,-75.825,,,,,,,,,,,,,,,,"",1,0,"Pugeuk",,,,1,""
143,SIDE,7,1,2,5,0,0,2,0,0,0,255,255,255,,3375.687,,,,,,,,,,,,,,,,,,,,,,,5,,,,,,,,,,,,,,,,,,,,,,,,,,,,,,,,,,,,,,,0,0,,,,,,,,,,,,,,,,,,,,,,,,,,,,,,,,,,,,,,,,,,,,,,,,,,,,,,,,,,,,,,,,,,,,,,,,,,,,,,,,,,,,,,,,,,,,,,,,,,,,,,,,,,,,,,,,,,,,,,,,,,,,,,,,,,,,,,,,,,,,,,,,,"",0,0,"",,,,0,""
144,,7,0,2,5,0,0,0,0,0,0,255,255,255,72,3437.325,"HANA_ARASHI",R,13,67,108,0.455,0.623,0.763,2.188,0.895,2.406,-36.544,64.951,52,48,0,0,-383.336,312.348,16.707,0,0,3,8,L,"눈꽃",179.9,80,0.505,,67,W,Y,1,,,,,,,,,,,,,,,,,,,,,,,,,,,,0,0,,,,,,,,,,,,,,,,,,,,,,,,,,,,,,,,,,,,,,0.001,-38.07,0.012,-17.365,-19.786,-45.919,-9.287,-65.807,20.854,-48.198,12.869,-62.803,40.908,-90.657,5.826,-119.115,-40.808,-90.557,,,,"",,,,"",,,,"",,,,"",,,,"",,,,"",,,,"",,,,"",,,,,,,,,,,,,,,,,,,,,,,,,,,,,,,,,,,,,,,,,,,,,,,,,,,,,,,,,,"",0,0,"",,,,0,""
145,,7,0,2,5,0,1,0,0,0,0,255,255,255,73,3452.182,"HANA_ARASHI",R,32,92,140,-0.72,0.673,0.37,2.014,-0.603,1.854,-36.544,25.446,64,36,0,2,205.456,-150,7.926,0,0,3,8,L,"눈꽃",179.9,80,0.505,3,67,W,Y,1,3453.707,255,173,80,98,47,145,105,27.564,-32.237,-0.143,1.155,-19.85,0.05,0,0.492,158.546,577.596,-35.301,3457.536,38.18,-102.412,3457.736,6,37.312,2.042,-99.642,0,0,,3459.286,,,,,,,,,,,,,3458.601,3,,456,0,,,,,,,,,,,,,,,,,,,0.026,-38.028,-0.104,-17.319,-19.629,-45.844,-9.522,-65.802,20.877,-48.211,12.736,-62.805,40.922,-90.67,6.012,-117.992,-40.822,-90.57,0.134,-36.89,,"Ainy4／あいにゃ",-0.056,-17.39,,"SUGUN",-19.634,-45.802,,"_Gosomi",-9.268,-65.809,85,"ke ro",20.774,-48.085,,"CoalCat",12.581,-62.638,,"AI",40.9,-90.65,,"うよすま",6.086,-117.951,,"AI",-40.8,-90.55,,3465.555,-1.047,-42.323,,,,,,,3462.937,3.907,-63.407,,,,,,,,,,,,,,,,,,,,,,,,,3464.325,4.513,-61.722,,,,,,,,,,,,,,,,"",1,0,"AI",,,,33,""
146,,7,0,2,5,0,0,1,0,0,0,255,255,255,74,3478.793,"HANA_ARASHI",R,26,95,140,-0.148,0.281,0.457,2.003,-0.2,1.643,-36.544,29.158,74,26,0,2,89.59,-150,3.447,0,0,4,4,R,"Muna_328",190,88.095,0.383,3,67,W,Y,1,3479.821,255,149,72,0,0,120,85,12.892,7.116,-0.184,1.186,-20.457,-0.22,0,0.878,77.589,270.163,-530.087,,,,3481.394,3,-6.143,2.938,-60.576,0,0,,,,,,,,,,,,,,,3482.224,4,,452,0,,,,,,,,,,,,,,,,,,,0.06,-38.05,-0.1,-17.314,-19.68,-46.345,-14.085,-63.562,20.685,-49.959,10.31,-64.301,40.915,-90.664,-11.271,-120.983,-40.818,-90.567,0.248,-36.737,,"Ainy4／あいにゃ",-0.074,-17.368,,"SUGUN",-19.6,-46.161,,"_Gosomi",-14.117,-63.492,93,"ke ro",20.579,-49.814,,"CoalCat",9.917,-61.787,,"AI",40.9,-90.65,,"うよすま",-11.278,-120.979,,"AI",-40.8,-90.55,,3485.01,-1.902,-38.637,,,,,,,3482.237,-6.238,-61.347,,,,,,,,,,,,,,,,,,,,,,,,,3483.91,-4.059,-57.84,,,,,,,,,,,,,,,,"",1,0,"_Gosomi",,,,33,""
147,,7,0,2,5,0,0,2,0,0,0,255,255,255,75,3497.752,"HANA_ARASHI",R,26,84,137,1.113,0.414,0.563,2.027,0.293,1.722,-36.544,38.028,77,23,0,2,126.326,-150,1.883,0,0,5,1,R,"소솨소솨",190,80,0.501,3,67,W,Y,1,3498.755,255,146,105,108,45,145,117,19.734,6.135,0.148,1.345,-20.713,0.17,0,0.494,409.254,428.684,93.495,,,,3502.928,7,-20.047,3.109,-120.195,0,0,,,,,,,,,,,,,,,3503.816,5,,456,0,,,,,,,,,,,,,,,,,,,0.178,-38.004,-0.137,-17.27,-19.581,-45.653,-15.519,-63.069,20.606,-49.85,9.095,-63.476,40.907,-90.657,-11.76,-118.773,-40.808,-90.557,0.064,-36.894,,"Ainy4／あいにゃ",-0.11,-17.313,,"SUGUN",-19.459,-46.079,,"_Gosomi",-15.473,-62.963,,"ke ro",19.519,-48.308,,"CoalCat",9.079,-63.334,,"AI",40.9,-90.65,,"うよすま",-9.799,-119.212,,"AI",-40.8,-90.55,,,,,,,,,,,,,,,,,,,,,,,3503.827,-20.337,-121.061,,,,,,,,,,,,,,,,,,,,,,,,,,,,,,,"",1,0,"うよすま",,,,8,""
148,SIDE,7,0,2,5,0,0,2,0,0,0,255,255,255,,3505.05,,,,,,,,,,,,,,,,,,,,,,,6,,,,,,,,,,,,,,,,,,,,,,,,,,,,,,,,,,,,,,,0,0,,,,,,,,,,,,,,,,,,,,,,,,,,,,,,,,,,,,,,,,,,,,,,,,,,,,,,,,,,,,,,,,,,,,,,,,,,,,,,,,,,,,,,,,,,,,,,,,,,,,,,,,,,,,,,,,,,,,,,,,,,,,,,,,,,,,,,,,,,,,,,,,,"",0,0,"",,,,0,""
149,,8,1,2,5,0,0,0,0,0,0,255,255,255,58,3575.639,"Pring__",R,26,91,140,-0.229,0.159,0.127,1.354,-0.34,1.558,-36.191,21.556,17,83,0,0,183.456,-200,12.526,0,0,5,0,R,"HANA_ARASHI",190,90,0.25,,50,W,Y,0,,,,,,,,,,,,,,,,,,,,,,,,,,,,0,0,,,,,,,,,,,,,,,,,,,,,,,,,,,,,,,,,,,,,,0.086,-37.783,-0.031,-17.036,-19.252,-44.239,-11.847,-61.015,21.528,-48.423,8.458,-62.327,61.243,-105.766,0,-109.85,-48.6,-101.21,,,,"",,,,"",,,,"",,,,"",,,,"",,,,"",,,,"",,,,"",,,,,,,,,,,,,,,,,,,,,,,,,,,,,,,,,,,,,,,,,,,,,,,,,,,,,,,,,,"",0,0,"",,,,0,""
150,,8,1,2,5,0,1,0,0,0,0,255,255,255,59,3593.034,"Pring__",R,3,80,105,0.734,-0.019,0.558,1.497,1.11,1.899,-36.191,46.293,0,100,0,0,-432.595,211.221,-7.111,0,0,5,0,R,"HANA_ARASHI",190,90,0.25,,50,W,Y,1,,,,,,,,,,,,,,,,,,,,,,,,,,,,0,0,,,,,,,,,,,,,,,,,,,,,,,,,,,,,,,,,,,,,,-0.007,-37.098,-0.108,-17.279,-19.354,-44.986,-12.378,-60.957,22.392,-49.623,9.176,-62.161,62.828,-107.267,0,-109.85,-48.599,-101.195,,,,"",,,,"",,,,"",,,,"",,,,"",,,,"",,,,"",,,,"",,,,,,,,,,,,,,,,,,,,,,,,,,,,,,,,,,,,,,,,,,,,,,,,,,,,,,,,,,"",0,0,"",,,,0,""
151,,8,1,2,5,0,2,0,0,0,0,255,255,255,60,3610.414,"Pring__",R,32,89,140,-0.655,-0.702,0.073,1.385,-0.589,1.01,-36.191,18.334,23,77,0,0,233.163,-200,11.969,0,0,5,0,R,"HANA_ARASHI",190,90,0.25,,50,W,Y,0,,,,,,,,,,,,,,,,,,,,,,,,,,,,0,0,,,,,,,,,,,,,,,3613.035,5,,578,0,,,,,,,,,,,,,,,,,,,-0.089,-37.197,-0.018,-17.012,-19.329,-44.603,-12.784,-60.686,22.449,-49.623,9.49,-62.063,62.7,-107.409,0,-109.85,-48.596,-101.19,,,,"",,,,"",,,,"",,,,"",,,,"",,,,"",,,,"",,,,"",,,,,,,,,,,,,,,,,,,,,,,,,,,,,,,,,,,,,,,,,,,,,,,,,,,,,,,,,,"",0,0,"",,,,0,""
152,,8,1,2,5,0,0,1,0,0,0,255,255,255,61,3631.822,"Pring__",R,13,74,101,0.256,-0.507,0.446,1.613,0.763,1.717,-36.191,43.291,0,100,0,0,-347.23,300,-6.067,0,0,6,4,R,"ke ro",190,85,0.446,,67,W,Y,1,,,,,,,,,,,,,,,,,,,,,,,,,,,,0,0,,,,,,,,,,,,,,,,,,,,,,,,,,,,,,,,,,,,,,-0.013,-37.217,-0.022,-16.993,-19.35,-44.106,-14.612,-60.408,22.512,-49.647,9.54,-62.059,62.695,-107.407,0,-109.86,-48.605,-101.198,,,,"",,,,"",,,,"",,,,"",,,,"",,,,"",,,,"",,,,"",,,,,,,,,,,,,,,,,,,,,,,,,,,,,,,,,,,,,,,,,,,,,,,,,,,,,,,,,,"",0,0,"",,,,0,""
153,,8,1,2,5,0,1,1,0,0,0,255,255,255,62,3647.732,"Pring__",R,10,87,115,-0.524,-0.211,0.224,1.665,-0.235,1.83,-36.191,30.964,86,14,0,2,0,300,10.497,0,0,6,4,R,"ke ro",190,85,0.446,3,67,W,Y,1,3648.835,255,140,68,88,43,143,121,-30,27.417,-0.104,0.904,-20.091,0.78,0,0.874,286.885,-513.24,-119.507,3647.961,-0.857,-21.551,3649.736,3,-18.02,1.944,-55.041,0,0,,3654.476,,,,,,,,,,,,,3654.161,6,,148,0,,,,,,,,,,,3653.544,3,,,,,,,-0.09,-37.173,-0.176,-17.064,-19.622,-44.779,-14.737,-60.432,23.404,-49.63,9.515,-62.044,62.7,-107.414,0,-109.85,-42.843,-100.574,-0.172,-36.798,,"소솨소솨",-0.342,-17.297,,"_Chun",-19.168,-45.065,,"Pugeuk",-14.685,-60.301,85,"Muna_328",23.4,-49.606,,"Kr_Luna",9.551,-62.006,,"ddil_ddil69",62.924,-107.163,,"AI",0,-109.84,,"눈꽃",-42.847,-100.588,,3659.101,-0.668,-38.144,,,,,,,3650.618,-18.324,-55.771,,,,,,,,,,,,,,,,,,,,,,,,,3658.238,-15.173,-41.288,,,,,,,,,,,,,,,,"",2,0,"Pugeuk",,,,3,""
154,,8,1,2,5,0,0,2,0,0,0,255,255,255,63,3676.284,"Pring__",R,32,79,129,-0.215,0.727,0.207,1.436,-0.435,1.838,-36.191,29.574,41,59,0,2,240.354,-200,6.923,0,0,0,3,R,"_Gosomi",175,85.368,0.474,3,67,W,Y,1,3677.401,225,32,28,24,20,87,84,19.767,-1.443,-0.039,1.154,-19.874,0.33,0,0.47,593.41,-77.225,43.6,3680.928,2.685,-90.332,3681.569,7,2.783,0.333,-91.868,1,0,,3682.943,,,,,,,,,,,,,,,,,,,,,,,,,,,,,,,,,,,,-0.151,-37.075,-0.071,-17.047,-19.518,-44.105,-19.468,-59.539,22.574,-48.377,8.641,-62.245,60.67,-106.426,0,-109.86,-39.511,-99.541,-0.397,-36.825,,"소솨소솨",-0.093,-17.335,,"_Chun",-19.237,-44.564,,"Pugeuk",-19.538,-60.167,79,"Muna_328",22.54,-48.371,,"Kr_Luna",8.851,-62.18,,"ddil_ddil69",62.065,-107.765,,"AI",0,-109.84,,"눈꽃",-38.773,-99.633,,3688.434,0.136,-38.592,,,,,,,3685.512,0.169,-59.207,,,,,,,,,,,,,,,,,,,,,,,,,3687.357,-0.071,-56.784,,,,,,,,,,,,,,,,"",2,0,"AI",,,,3,""
155,,8,1,2,5,0,0,2,1,0,0,3,255,255,64,3701.403,"Pring__",R,32,90,140,-2.333,-1.333,0.019,1.301,-1.307,0.659,-36.191,18.146,23,77,0,2,250,-200,34.997,0,0,1,5,R,"CoalCat",174.6,83,0.397,3,67,W,Y,1,3702.537,255,99,20,18,18,65,64,12.472,26.959,-0.829,0.72,-21.794,0.91,0,0.448,90.033,-6.057,593.176,3703.186,-12.177,-43.962,3703.652,2,-12.401,0.14,-44.403,1,0,,3707.823,3717.601,,,3707.911,3713.057,3717.856,,,,,,,,,,,,,,,,,,,,,,,,,,,,,,-0.151,-37.04,-0.018,-17.104,-19.91,-40.904,-16.978,-58.709,22.694,-48.259,7.94,-59.126,36.387,-86.532,0,-109.85,-38.406,-91.152,-0.289,-36.796,,"소솨소솨",-0.156,-17.311,,"_Chun",-19.152,-43.827,95,"Pugeuk",-16.96,-58.613,,"Muna_328",21.878,-48.921,85,"Kr_Luna",5.834,-61.29,,"ddil_ddil69",34.734,-83.98,114,"AI",0,-109.84,,"눈꽃",-38.399,-91.125,,3725.3,0.639,-36.105,,,,3704.522,-13.192,-44.759,,,,3718.585,21.66,-43.239,,,,3714.892,50.368,-98.508,,,,,,,,,,,,,3706.096,-13.463,-47.924,,,,3724.341,16.762,-39.562,,,,3716.151,49.276,-92.688,,,,,,,"",2,0,"_Chun",3707.911,3713.057,3717.856,210,""
156,,8,1,3,5,0,0,2,0,1,0,255,5,255,65,3748.628,"Pring__",R,26,84,137,0.677,0.149,0.319,1.548,0.089,1.539,-36.191,32.579,44,56,0,0,151.831,-200,-0.71,0,0,2,2,R,"SUGUN",190,82,0.5,,67,W,Y,0,,,,,,,,,,,,,,,,,,,,,,,,,,,,0,0,,,,,,,,,,,,,3748.924,,,,,,,,,,,,,,,,,,,,,,,,,-0.116,-36.992,-0.039,-17.098,-20.488,-42.979,-18.829,-57.654,19.337,-46.969,7.719,-62.493,41.369,-93.506,0,-109.87,-45.67,-98.1,,,,"",,,,"",,,,"",,,,"",,,,"",,,,"",,,,"",,,,"",,,,3752.642,-0.162,-37.571,,,,,,,,,,,,,,,,,,,,,,,,,,,,,,,,,,,,,,,,,,,,,,,,,,,,"",0,0,"",3751.124,,,0,""
157,,8,1,3,5,0,1,2,0,1,0,255,5,255,66,3769.574,"Pring__",R,32,95,140,-1.362,0.038,0.01,1.331,-0.884,1.482,-36.191,14.566,31,69,0,2,240.33,-200,37.61,0,0,2,2,R,"SUGUN",190,82,0.5,3,67,W,Y,1,3770.629,151,114,97,77,29,145,114,94.031,-78.818,-0.238,0.983,-19.082,0.82,0,0.343,404.267,381.602,-225.716,,,,,,,,,0,0,,,,,,,,,,,,,3769.771,,,,,,,,,,,,,,,,,,,,,,,,,-0.041,-37.2,-0.026,-17.123,-19.654,-43.327,-18.796,-59.566,19.877,-46.68,6.115,-62.34,49.218,-99,0,-109.86,-46.793,-99.835,-0.219,-36.832,,"소솨소솨",-0.228,-17.409,,"_Chun",-19.687,-43.867,,"Pugeuk",-18.748,-59.449,,"Muna_328",19.896,-46.631,,"Kr_Luna",5.354,-62.454,,"ddil_ddil69",49.204,-99.007,,"AI",0,-109.84,,"눈꽃",-46.804,-99.835,,,,,,,,,,,,,,,,,,,,,,,,,,,,,,,,,,,,,,,,,,,,,,,,,,,,,,,,"",3,0,"",3774.264,,,0,""
158,,8,1,3,5,0,2,2,0,1,0,255,5,255,67,3789.059,"Pring__",R,10,82,111,1.884,-0.55,0.496,1.577,0.917,1.64,-36.191,44.789,47,53,0,2,-64.265,300,1.804,0,0,2,2,R,"SUGUN",190,82,0.5,3,67,W,Y,1,3790.291,255,126,149,100,15,145,130,-30,-26.593,0.338,0.735,-19.782,0.68,0,0.539,275.521,-523.611,-99.596,3789.411,0.925,-20.949,3793.236,6,36.901,0.056,-92.084,1,0,,3796.029,,,,,,,3795.214,,,,,,,,,,,,,,,,,,,,,,,,,,,,,-0.038,-36.989,-0.012,-17.09,-19.629,-43.478,-18.653,-60.273,19.699,-46.85,6.538,-62.841,49.404,-99.421,0,-109.86,-50.943,-97.976,-0.13,-36.646,,"소솨소솨",-0.015,-17.12,,"_Chun",-19.629,-43.842,,"Pugeuk",-18.881,-60.007,,"Muna_328",19.729,-46.757,62,"Kr_Luna",5.239,-63.021,,"ddil_ddil69",49.41,-99.408,114,"AI",0,-109.84,,"눈꽃",-50.94,-97.969,,3802.562,0.132,-37.942,,,,,,,,,,3796.771,19.709,-40.711,,,,3793.934,37.076,-93.325,,,,,,,,,,,,,,,,,,,3801.268,17.581,-39.851,,,,3794.688,34.763,-87.299,,,,,,,"",2,0,"ddil_ddil69",,3795.214,,146,""
159,,8,1,3,5,0,0,2,1,0,1,2,255,5,68,3819.474,"Pring__",R,32,80,130,1.731,1.101,0.401,1.51,0.469,2.098,-36.191,39.468,27,73,0,1,197.715,-158.235,-5.499,0,0,3,7,R,"うよすま",175.4,85.375,0.502,,67,W,Y,0,,,,,,,,,,,,,,,,,,,,,,,,,,,,0,0,,,,,,,,,,,,3820.685,,,,,,,,,,,,,,,,,,,,,,,,,,-0.082,-37.057,0.023,-17.174,-19.647,-42.457,-16.306,-58.254,19.875,-40.838,5.409,-60.327,52.141,-101.742,0,-109.86,-38.953,-90.266,,,,"",,,,"",,,,"",,,,"",,,,"",,,,"",,,,"",,,,"",,,,3823.856,-0.161,-37.728,,,,,,,,,,,,,,,,,,,,,,,,,,,,,,,,,,,,,,,,,,,,,,,,,,,,"",0,0,"",,3822.858,,0,""
160,,8,1,3,5,1,0,2,1,0,1,2,255,5,69,3835.472,"Pring__",R,32,82,134,-0.521,-0.619,0.18,1.415,-0.559,1.061,-36.191,27.822,0,100,0,0,240.388,-200,20.495,0,0,3,7,R,"うよすま",175.4,85.375,0.502,,67,W,Y,0,,,,,,,,,,,,,,,,,,,,,,,,,,,,0,0,,,,,,,,,,,,3849.13,,3835.588,,,,,,,,,,,,,,,,,,,,,,,,-0.197,-37.001,-0.002,-17.121,-19.679,-41.479,-16.205,-58.783,19.925,-40.918,3.827,-59.582,52.607,-102.15,0,-109.85,-38.975,-90.293,,,,"",,,,"",,,,"",,,,"",,,,"",,,,"",,,,"",,,,"",,,,3840.582,0.332,-37.122,,,,,,,,,,,,,,,,,,,,,,,,,,,,,,,,,,,,,,,,,,,,,,,,,,,,"",0,0,"",,3837.922,,0,""
161,,8,1,3,5,1,1,2,1,0,1,2,255,5,70,3852.868,"Pring__",R,13,81,106,0.012,-0.577,0.514,1.41,0.664,1.715,-36.191,38.529,13,87,0,2,-366.102,300,13.619,0,0,3,7,R,"うよすま",175.4,85.375,0.502,3,67,W,Y,1,3854.069,202,103,157,75,19,145,111,-30,46.765,-0.414,0.51,-19.15,0.9,0,0.352,-138.539,574.914,-101.395,3853.178,-1.241,-19.924,3854.553,2,-19.867,1.213,-37.298,0,0,,,,,,,,,,,,3861.507,,3864.728,,,,,,,,,,,,,,,,,,,,,,,,0.023,-37.037,-0.024,-17.172,-19.107,-39.904,-16.364,-58.932,19.986,-40.919,4.75,-60.513,52.933,-101.889,0,-109.85,-38.979,-90.3,-0.11,-36.88,,"소솨소솨",-0.048,-17.338,,"_Chun",-18.543,-41.221,79,"Pugeuk",-16.239,-58.79,,"Muna_328",19.835,-44.74,,"Kr_Luna",4.073,-60.606,,"ddil_ddil69",52.884,-102.113,,"AI",0,-109.84,,"눈꽃",-38.972,-90.294,,3858.623,-0.55,-37.663,,,,3855.46,-20.192,-38.057,,,,,,,,,,,,,,,,,,,,,,,,,3857.674,-16.249,-39.145,,,,,,,,,,,,,,,,,,,"",3,0,"_Chun",,3860.542,,66,""
162,,8,1,3,5,1,2,2,1,0,1,2,255,5,71,3874.376,"Pring__",R,13,82,109,-0.305,-0.735,0.337,1.363,0.424,1.605,-36.191,30.486,46,54,0,2,-319.473,300,-2.693,0,0,3,7,R,"うよすま",175.4,85.375,0.502,3,45,W,Y,1,3875.564,255,69,131,107,33,145,122,28.273,-13.654,-0.391,0.826,-20.093,0.72,0,0.357,-161.919,573.875,-66.707,3879.361,10.2,-122.608,3879.536,7,10.298,2.137,-119.596,0,0,,3881.591,,,,3877.323,,,,,3879.404,,,,3880.514,3,,456,0,,,,,,,,,,,,,,,,,,,-0.04,-37.015,-0.02,-17.13,-18.639,-39.819,-16.805,-60.926,20.057,-40.806,3.063,-59.521,50.94,-100.884,0,-109.85,-37.751,-89.975,-0.28,-36.653,,"소솨소솨",-0.061,-17.411,,"_Chun",-17.887,-43.625,,"Pugeuk",-16.702,-60.844,,"Muna_328",20.354,-45.144,,"Kr_Luna",0.588,-59.038,,"ddil_ddil69",50.909,-100.872,,"AI",0,-109.84,,"눈꽃",-37.758,-89.972,,,,,,,,,,,,,,,,,,,,,,,,,,,,,,,,,,,,,,,,,,,,,,,,,,,,,,,,"",1,0,"AI",3877.323,,3879.404,0,""
163,SIDE,8,1,3,5,0,0,2,1,0,1,2,255,5,,3884.75,,,,,,,,,,,,,,,,,,,,,,,4,,,,,,,,,,,,,,,,,,,,,,,,,,,,,,,,,,,,,,,0,0,,,,,,,,,,,,,,,,,,,,,,,,,,,,,,,,,,,,,,,,,,,,,,,,,,,,,,,,,,,,,,,,,,,,,,,,,,,,,,,,,,,,,,,,,,,,,,,,,,,,,,,,,,,,,,,,,,,,,,,,,,,,,,,,,,,,,,,,,,,,,,,,,"",0,0,"",,,,0,""
164,,8,0,3,5,0,0,0,0,0,0,255,255,255,76,3918.032,"HANA_ARASHI",R,29,64,104,-2.709,1.361,0.261,2.31,-0.741,2.311,-36.544,32.363,100,0,0,2,-221.992,-150,-9.844,0,0,6,2,L,"_Chun",190,80,0.445,3,66,W,Y,1,3919.078,255,136,23,17,13,73,67,97.756,66.077,-0.517,1.543,-20,-0.63,0,0.358,561.775,8.761,-210.551,3923.286,20.369,-7.679,,,,,,0,0,,,,,,,,,,,,,,,,,,,,,,,,,,,,,,,,,,,,,,0.08,-37.681,-0.032,-17.212,-19.441,-45.275,-10.478,-65.146,21.729,-48.876,11.197,-63.436,40.93,-90.677,10.564,-121.903,-40.83,-90.577,0.237,-37.064,,"Ainy4／あいにゃ",-0.095,-17.258,,"SUGUN",-19.27,-45.18,,"_Gosomi",-10.422,-65.094,,"ke ro",21.271,-48.507,,"CoalCat",11.183,-63.325,,"AI",40.9,-90.65,,"うよすま",9.505,-121.834,,"AI",-40.8,-90.55,,,,,,,,,,,,,,,,,,,,,,,,,,,,,,,,,,,,,,,,,,,,,,,,,,,,,,,,"",3,0,"",,,,0,""
165,,8,0,3,5,0,1,0,0,0,0,255,255,255,77,3935.542,"HANA_ARASHI",R,32,96,140,0.319,1.036,0.473,2.148,-0.127,2.114,-36.544,51.855,80,20,0,4,185.847,-150,4.533,0,0,6,2,L,"_Chun",190,80,0.445,,89,W,Y,1,,,,,,,,,,,,,,,,,,,,,,,,,,,,0,0,,,,,,,,,,,,,,,,,,,,,,,,,,,,,,,,,,,,,,-0.015,-37.566,-0.023,-17.199,-19.158,-45.335,-9.126,-65.32,20.802,-47.978,12.558,-63.689,40.915,-90.664,8.942,-121.715,-40.815,-90.564,,,,"",,,,"",,,,"",,,,"",,,,"",,,,"",,,,"",,,,"",,,,,,,,,,,,,,,,,,,,,,,,,,,,,,,,,,,,,,,,,,,,,,,,,,,,,,,,,,"",0,0,"",,,,0,""
166,,8,0,3,5,0,2,0,0,0,0,255,255,255,78,3948.675,"HANA_ARASHI",R,26,98,140,-1.343,0.534,0.348,2.051,-0.706,1.8,-36.544,34.644,83,17,0,2,80.943,-150,12.099,0,0,6,2,L,"_Chun",190,80,0.445,3,89,W,Y,1,3949.585,255,126,22,19,10,72,72,12.622,-40.457,-0.192,1.181,-19.752,0.18,0,0.253,142,-582.099,31.576,3950.553,22.727,-43.306,3950.769,4,20.312,0.887,-41.093,0,0,,,,,,,,,,,,,,,3951.687,6,,453,0,,,,,,,,,,,,,,,,,,,-0.025,-37.635,-0.034,-17.213,-19.104,-45.887,-9.34,-65.369,21.788,-48.076,12.619,-63.695,40.907,-90.657,7.991,-122.789,-40.807,-90.557,0.155,-36.888,,"Ainy4／あいにゃ",-0.088,-17.252,,"SUGUN",-19.269,-45.816,,"_Gosomi",-9.703,-65.129,,"ke ro",21.722,-47.929,120,"CoalCat",12.572,-63.585,,"AI",40.9,-90.65,,"うよすま",8.512,-121.044,,"AI",-40.8,-90.55,,,,,,,,,,,,,,3951.697,20.959,-41.96,,,,,,,,,,,,,,,,,,,,,,,,,3952.866,15.557,-40.733,,,,,,,,,,,,,"",1,0,"ke ro",,,,64,""
167,,8,0,3,5,0,0,1,0,0,0,255,255,255,79,3972.369,"HANA_ARASHI",R,29,88,140,-1.787,0.134,0.381,1.969,-0.554,1.525,-36.544,26.709,100,0,0,4,-176.346,-150,7.118,0,0,7,6,L,"ddil_ddil69",175.8,89.974,0.401,,66,W,Y,1,,,,,,,,,,,,,,,,,,,,,,,,,,,,0,0,,,,,,,,,,,,,,,,,,,,,,,,,,,,,,,,,,,,,,0.061,-37.584,-0.031,-17.211,-19.525,-45.553,-8.547,-66.186,23.276,-48.215,12.613,-62.881,40.922,-90.671,6.124,-114.168,-40.822,-90.57,,,,"",,,,"",,,,"",,,,"",,,,"",,,,"",,,,"",,,,"",,,,,,,,,,,,,,,,,,,,,,,,,,,,,,,,,,,,,,,,,,,,,,,,,,,,,,,,,,"",0,0,"",,,,0,""
168,,8,0,3,5,0,1,1,0,0,0,255,255,255,80,3987.263,"HANA_ARASHI",R,10,66,109,-1.676,1.273,0.339,2.282,-0.749,2.914,-36.544,43.321,93,7,0,2,5.2,400,-29.618,0,0,7,6,L,"ddil_ddil69",175.8,89.974,0.401,3,39,W,Y,1,3988.504,255,66,54,42,25,136,87,-33.183,-10.237,-0.282,1.188,-20.09,-0.47,0,0.17,-425.396,-101.068,410.882,3987.719,0.028,-21.782,3990.277,5,6.53,0.168,-56.667,0,0,,,,,,,,,,,,,,,3993.73,7,,147,2,,,,,,,,,,,,,,,,,,,0.076,-37.647,-0.016,-17.186,-19.829,-45.383,-8.618,-66.162,22.543,-48.153,12.672,-62.468,40.915,-90.664,6.458,-114.956,-40.815,-90.564,0.313,-36.996,,"Ainy4／あいにゃ",-0.033,-17.21,,"SUGUN",-19.59,-45.537,85,"_Gosomi",-8.557,-66.116,,"ke ro",22.45,-47.974,,"CoalCat",12.636,-62.375,107,"AI",40.9,-90.65,,"うよすま",5.611,-114.968,,"AI",-40.8,-90.55,,3996.493,3.359,-37.448,,,,3993.124,-17.968,-40.43,,,,,,,3991.183,6.684,-57.861,,,,,,,,,,,,,,,,3995.206,-17.718,-39.938,,,,,,,3991.867,4.038,-55.833,,,,,,,,,,"",2,0,"CoalCat",,,,38,""
169,,8,0,3,5,0,0,2,0,0,0,255,255,255,81,4014.825,"HANA_ARASHI",R,32,89,140,2.375,1.683,0.646,2.16,0.678,2.31,-36.544,50.927,79,21,0,2,250,-150,20.368,0,0,0,3,R,"Pugeuk",160,85.842,0.349,3,66,W,Y,1,4015.891,164,33,82,43,10,139,86,63.58,59.148,0.444,1.242,-19.441,-0.27,0,0.417,-30.781,572.187,-177.918,4020.277,-55.248,-43.655,,,,,,0,0,,,,,4025.955,,,,,,,,,,,,,,,,,,,,,,,,,,,,,,,,,0.116,-37.502,-0.023,-17.176,-19.767,-45.187,-14.924,-62.886,21.598,-52.161,10.131,-63.152,40.93,-90.677,-3.752,-106.101,-40.83,-90.577,0.57,-36.791,,"Ainy4／あいにゃ",-0.027,-17.207,,"SUGUN",-19.802,-45.369,,"_Gosomi",-14.87,-62.817,,"ke ro",21.077,-51.236,,"CoalCat",10.153,-62.933,,"AI",40.9,-90.65,,"うよすま",-3.727,-106.083,,"AI",-40.8,-90.55,,,,,,,,,,,,,,,,,,,,,,,,,,,,,,,,,,,,,,,,,,,,,,,,,,,,,,,,"",3,0,"",,,,0,""
170,,8,0,3,5,0,1,2,0,0,0,255,255,255,82,4037.01,"HANA_ARASHI",R,26,89,140,0.512,0.93,0.515,2.058,0.071,1.919,-36.544,40.321,58,42,0,2,98.701,-150,8.657,0,0,0,3,R,"Pugeuk",160,85.842,0.349,3,74,W,Y,0,4038.045,9,73,15,6,9,9,46,91.083,-86.319,0.08,1.074,-19.854,0.25,0.429,0.683,-569.16,-189.23,-15.769,,,,4041.761,1,-11.405,3.045,-21.478,0,0,,,,,,,,,,,,,,,4042.706,0,,450,0,,,,,,,,,,,,,,,,,,,0.091,-37.536,-0.045,-17.251,-19.691,-45.525,-16.045,-62.25,20.761,-53.05,10.249,-63.891,40.922,-90.67,-4.986,-106.162,-40.815,-90.564,0.166,-36.653,,"Ainy4／あいにゃ",-0.048,-17.261,,"SUGUN",-19.113,-44.925,,"_Gosomi",-16.056,-62.178,,"ke ro",19.646,-51.27,,"CoalCat",10.315,-63.829,,"AI",40.9,-90.65,,"うよすま",-5.205,-105.906,,"AI",-40.8,-90.55,,,,,4042.714,-11.574,-21.597,,,,,,,,,,,,,,,,,,,,,,,,,,,,,,,,,,,,,,,,,,,,,,,,,"",1,0,"Ainy4／あいにゃ",,,,16,""
171,SIDE,8,0,3,5,0,0,2,0,0,0,255,255,255,,4043.565,,,,,,,,,,,,,,,,,,,,,,,1,,,,,,,,,,,,,,,,,,,,,,,,,,,,,,,,,,,,,,,0,0,,,,,,,,,,,,,,,,,,,,,,,,,,,,,,,,,,,,,,,,,,,,,,,,,,,,,,,,,,,,,,,,,,,,,,,,,,,,,,,,,,,,,,,,,,,,,,,,,,,,,,,,,,,,,,,,,,,,,,,,,,,,,,,,,,,,,,,,,,,,,,,,,"",0,0,"",,,,0,""
172,,9,1,3,5,0,0,0,0,0,0,255,255,255,72,4078.654,"Pring__",R,13,84,109,-0.996,-1.151,0.373,1.411,0.226,1.278,-36.191,28.349,0,100,0,1,-386.885,300,18.012,0,0,4,1,L,"Ainy4／あいにゃ",188.5,85,0.51,,57,W,Y,0,,,,,,,,,,,,,,,,,,,,,,,,,,,,0,0,,,,,,,,,,,,,,,,,,,,,,,,,,,,,,,,,,,,,,0.06,-37.259,0.004,-17.09,-19.974,-45.451,-15.876,-60.761,24.84,-49.893,12.787,-59.323,58.872,-109.945,0,-109.88,-30.666,-106.446,,,,"",,,,"",,,,"",,,,"",,,,"",,,,"",,,,"",,,,"",,,,,,,,,,,,,,,,,,,,,,,,,,,,,,,,,,,,,,,,,,,,,,,,,,,,,,,,,,"",0,0,"",,,,0,""
173,,9,1,3,5,1,0,0,0,0,0,255,255,255,73,4093.838,"Pring__",R,13,91,113,-3.076,-0.955,0.108,1.27,-0.596,1.406,-36.191,14.417,13,87,0,3,-390.434,300,47.893,-0.302,-20.863,4,1,L,"Ainy4／あいにゃ",188.5,85,0.51,,57,W,Y,0,,,,,,,,,,,,,,,,,,,,,,,,,,,,0,0,,,,,,,,,,,,,,,,,,,,,,,,,,,,,,,,,,,,,,-0.016,-36.978,-0.048,-17.063,-19.967,-45.492,-15.89,-60.736,24.855,-49.896,13.147,-59.448,58.86,-109.952,0,-109.85,-30.233,-106.261,,,,"",,,,"",,,,"",,,,"",,,,"",,,,"",,,,"",,,,"",,,,,,,,,,,,,,,,,,,,,,,,,,,,,,,,,,,,,,,,,,,,,,,,,,,,,,,,,,"",6,0,"",,,,0,""
174,,9,1,3,5,3,0,0,0,0,0,255,255,255,74,4121.144,"Pring__",R,3,77,105,1.993,0.461,0.616,1.472,1.622,1.923,-36.191,55.749,0,100,0,1,-413.967,0,-0.099,0,0,4,1,L,"Ainy4／あいにゃ",188.5,85,0.51,,57,W,Y,0,,,,,,,,,,,,,,,,,,,,,,,,,,,,0,0,,4129.115,,,,,,,,,,,,,,,,,,,,,,,,,,,,,,,,,,,,0.011,-37.21,0.008,-17.061,-20.042,-44.727,-14.439,-61.501,24.951,-49.207,13.09,-59.503,59.664,-109.094,0,-109.86,-30.065,-105.441,,,,"",,,,"",,,,"",,,,"",,,,"",,,,"",,,,"",,,,"",,,,,,,,,,,,,,,,,,,,,,,,,,,,,,,,,,,,,,,,,,,,,,,,,,,,,,,,,,"",5,0,"",,,,0,""
175,,9,1,3,5,0,0,0,1,0,0,1,255,255,75,4141.689,"Pring__",R,32,81,132,1.909,0.121,0.313,1.563,0.524,1.586,-36.191,40.262,37,63,0,1,215.099,-115.235,-2.764,0,0,5,0,R,"HANA_ARASHI",190,90,0.25,,66,W,Y,0,,,,,,,,,,,,,,,,,,,,,,,,,,,,0,0,,,,,,,,,,,,4142.593,,,,,,,,,,,,,,,,,,,,,,,,,,-0.071,-37.363,-0.125,-17.18,-19.719,-40.537,-15.523,-56.767,24.686,-49.384,5.385,-60.921,59.658,-109.098,0,-109.86,-51.025,-96.774,,,,"",,,,"",,,,"",,,,"",,,,"",,,,"",,,,"",,,,"",,,,,,,,,,,,,,,,,,,,,,,,,,,,,,,,,,,,,,,,,,,,,,,,,,,,,,,,,,"",0,0,"",,,,0,""
176,,9,1,3,5,1,0,0,1,0,0,1,255,255,76,4157.004,"Pring__",R,26,82,134,0.525,0.062,0.302,1.53,0.01,1.48,-36.191,36.143,15,85,0,0,153.849,-199.141,5.948,0,0,5,0,R,"HANA_ARASHI",190,90,0.25,,66,W,Y,1,,,,,,,,,,,,,,,,,,,,,,,,,,,,0,0,,,,,,,,,,,,4171.277,,,,,,,,,,,,,,,,,,,,,,,,,,-0.135,-37.102,-0.026,-17.017,-19.781,-40.601,-15.69,-56.741,22.354,-48.846,5.415,-60.948,59.658,-109.098,0,-109.85,-51.068,-96.794,,,,"",,,,"",,,,"",,,,"",,,,"",,,,"",,,,"",,,,"",,,,,,,,,,,,,,,,,,,,,,,,,,,,,,,,,,,,,,,,,,,,,,,,,,,,,,,,,,"",0,0,"",,,,0,""
177,,9,1,3,5,1,1,0,1,0,0,1,255,255,77,4171.331,"Pring__",R,13,83,108,-2.52,-1.295,0.165,1.179,-0.419,1.212,-36.191,23.698,23,77,0,1,-372.205,300,28.678,-0.792,-17.235,5,0,R,"HANA_ARASHI",190,90,0.25,,51,W,Y,0,,,,,,,,,,,,,,,,,,,,,,,,,,,,0,0,,,,,,,,,,,,4189.539,,,,,,,,,,,,,,,,,,,,,,,,,,-0.022,-36.954,-0.002,-17.098,-19.637,-40.717,-16.183,-56.589,22.079,-48.451,6.1,-62.03,59.165,-108.514,0,-109.85,-51.064,-96.802,,,,"",,,,"",,,,"",,,,"",,,,"",,,,"",,,,"",,,,"",,,,,,,,,,,,,,,,,,,,,,,,,,,,,,,,,,,,,,,,,,,,,,,,,,,,,,,,,,"",0,0,"",,,,0,""
178,,9,1,3,5,2,1,0,1,0,0,1,255,255,78,4189.652,"Pring__",R,13,79,105,-1.44,-0.842,0.224,1.317,0.075,1.51,-36.191,22.137,15,85,0,0,-372.687,300,44.148,0,0,5,0,R,"HANA_ARASHI",190,90,0.25,,51,W,Y,1,,,,,,,,,,,,,,,,,,,,,,,,,,,,0,0,,,,,,,,,,,,,,,,,,,,,,,,,,,,,,,,,,,,,,-0.02,-37.103,0.048,-16.866,-19.877,-40.736,-16.517,-56.652,22.104,-48.408,5.889,-61.904,59.157,-108.526,0,-109.85,-51.01,-96.766,,,,"",,,,"",,,,"",,,,"",,,,"",,,,"",,,,"",,,,"",,,,,,,,,,,,,,,,,,,,,,,,,,,,,,,,,,,,,,,,,,,,,,,,,,,,,,,,,,"",0,0,"",,,,0,""
179,,9,1,3,5,2,2,0,1,0,0,1,255,255,79,4205.938,"Pring__",R,13,84,123,-2.42,-0.947,0.199,1.287,-0.471,1.339,-36.191,24.907,0,100,0,4,-390.434,300,25.94,0,0,5,0,R,"HANA_ARASHI",190,90,0.25,,51,W,Y,1,,,,,,,,,,,,,,,,,,,,,,,,,,,,0,0,,,,,,,,,,,,4206.195,,,4208.676,5,,578,0,,,,,,,,,,,,,,,,,,,-0.097,-36.944,-0.022,-17.069,-19.877,-40.643,-16.485,-56.905,23.398,-49.699,6.467,-62.103,49.191,-97.028,0,-109.85,-51.005,-96.713,,,,"",,,,"",,,,"",,,,"",,,,"",,,,"",,,,"",,,,"",,,,,,,,,,,,,,,,,,,,,,,,,,,,,,,,,,,,,,,,,,,,,,,,,,,,,,,,,,"",0,0,"",,,,0,""
180,,9,1,3,5,0,0,1,1,0,0,1,255,255,80,4225.045,"Pring__",R,13,76,102,-1.106,-0.166,0.27,1.522,0.217,1.952,-36.191,24.312,27,73,0,2,-354.363,300,27.509,0,0,6,4,R,"ke ro",190,80,0.396,3,66,W,Y,1,4226.229,255,130,63,94,64,139,98,8.854,51.977,-0.267,0.858,-19.657,0.93,0,0.717,506.443,125.235,296.364,4226.794,-29.258,-41.775,,,,,,0,0,,,,,,,,,,,,,,,,,,,,,,,,,,,,,,,,,,,,,,-0.02,-37.119,-0.032,-17.124,-19.66,-41.14,-15.067,-56.093,22.752,-48.326,8.618,-62.296,49.248,-96.963,0,-109.85,-51.077,-96.8,-0.355,-36.782,,"소솨소솨",-0.087,-17.306,,"_Chun",-19.95,-42.516,,"Pugeuk",-15.042,-55.941,,"Muna_328",22.756,-48.301,,"Kr_Luna",7.076,-62.173,,"ddil_ddil69",49.202,-96.997,,"AI",0,-109.84,,"눈꽃",-51.071,-96.795,,,,,,,,,,,,,,,,,,,,,,,,,,,,,,,,,,,,,,,,,,,,,,,,,,,,,,,,"",3,0,"",,,,0,""
181,,9,1,3,5,0,1,1,1,0,0,1,255,255,81,4240.843,"Pring__",R,3,83,107,-0.629,-0.298,0.393,1.29,0.598,1.451,-36.191,34.722,0,100,0,2,-486.364,0,13.368,0,0,6,4,R,"ke ro",190,80,0.396,3,66,W,Y,1,4241.99,255,87,45,57,49,134,115,32.252,44.943,-0.204,0.93,-20.208,0.76,0,0.667,476.446,-64.014,359.028,4245.803,-71.274,-90.055,4247.178,8,-70.734,0.318,-91.247,0,0,,,,,,,,,,,,4241.696,,,,,,,,,,,,,,,,,,,,,,,,,,-0.011,-37.003,-0.039,-17.143,-19.922,-41.086,-16.53,-55.657,21.234,-48.472,8.563,-61.154,48.862,-95.007,0,-109.85,-48.601,-93.598,-0.155,-36.989,,"소솨소솨",-0.109,-17.316,,"_Chun",-20.064,-44.956,,"Pugeuk",-16.63,-55.77,,"Muna_328",21.274,-48.236,,"Kr_Luna",8.684,-61.104,,"ddil_ddil69",48.862,-95.007,,"AI",0,-109.84,,"눈꽃",-48.599,-93.584,91,,,,,,,,,,,,,,,,,,,,,,,,,4248.141,-69.966,-90.808,,,,,,,,,,,,,,,,,,,,,,,,,4249.459,-66.682,-84.746,"",3,0,"눈꽃",,,,8,""
182,,9,1,3,5,0,2,1,1,0,0,1,255,255,82,4264.419,"Pring__",R,3,79,106,-0.087,-0.297,0.534,1.486,0.724,1.444,-36.191,44.779,0,100,0,2,-423.055,0,2.116,0,0,6,4,R,"ke ro",190,80,0.396,3,66,W,Y,1,4265.58,255,161,44,74,54,133,80,-30,54.943,-0.049,0.872,-19.999,1,0,0.877,-0.091,-548.867,-242.375,4264.711,-1.976,-21.362,,,,,,0,0,,,,,,4268.24,,,,,,4284.563,,,,,,,,,,,,,,,,,,,,,,,,,,0.029,-37.16,-0.017,-17.093,-19.959,-40.835,-17.992,-56.187,20.985,-48.014,5.779,-61.332,46.839,-97.379,0,-109.85,-53.602,-95.453,0.035,-37.008,,"소솨소솨",-0.098,-17.224,,"_Chun",-19.127,-45.094,,"Pugeuk",-18.026,-56.204,,"Muna_328",20.996,-48.157,,"Kr_Luna",3.925,-61.254,,"ddil_ddil69",46.843,-97.357,,"AI",0,-109.84,,"눈꽃",-52.195,-96.178,,,,,,,,,,,,,,,,,,,,,,,,,,,,,,,,,,,,,,,,,,,,,,,,,,,,,,,,"",3,0,"",4268.24,,,0,""
183,,9,1,3,5,0,2,1,1,0,0,1,255,255,83,4284.536,"Pring__",R,32,78,128,2.486,0.288,0.353,1.582,0.712,1.649,-36.191,41.338,21,79,0,2,250,-157.695,-6.612,0,0,6,4,R,"ke ro",190,80,0.396,3,66,W,Y,1,4285.645,119,50,101,57,33,137,91,63.119,-63.894,0.496,1.057,-19.079,-0.54,0,0.547,-580.08,153.322,-0.067,4289.527,58.471,-53.388,,,,,,0,0,,,,,,,,,,,,4292.382,,,,,,,,,,,,,,,,,,,,,,,,,,-0.098,-37.156,0.03,-17.071,-19.984,-40.962,-16.945,-55.491,20.954,-46.869,7.369,-61.891,47.61,-96.125,0,-109.84,-51.93,-94.906,0.043,-37.046,,"소솨소솨",-0.041,-17.212,,"_Chun",-19.434,-44.124,,"Pugeuk",-16.754,-55.445,,"Muna_328",20.839,-47.194,,"Kr_Luna",5.808,-61.843,,"ddil_ddil69",47.591,-96.213,,"AI",0,-109.84,,"눈꽃",-51.936,-94.915,,,,,,,,,,,,,,,,,,,,,,,,,,,,,,,,,,,,,,,,,,,,,,,,,,,,,,,,"",3,0,"",,,,0,""
184,,9,1,3,5,0,2,1,1,0,0,1,255,255,84,4303.138,"Pring__",R,13,79,105,0.155,-0.523,0.433,1.405,0.723,1.7,-36.191,39.705,20,80,0,2,-358.406,300,4.115,0,0,6,4,R,"ke ro",190,80,0.396,3,66,W,Y,1,4304.323,255,119,57,86,46,137,101,93.359,84.095,-0.583,1.439,-20.898,0.91,0,0.77,105.108,-143.898,572.927,,,,,,,,,0,0,,,,,,,,,,,,4321.248,,,,,,,,,,,,,,,,,,,,,,,,,,-0.028,-37.084,-0.018,-17.126,-19.866,-41.418,-15.769,-55.958,22.941,-49.158,7.99,-61.71,48.506,-95.05,0,-109.85,-45.656,-95.325,0.014,-36.874,,"소솨소솨",-0.011,-17.308,,"_Chun",-20.294,-43.333,,"Pugeuk",-15.697,-55.796,,"Muna_328",22.983,-49.254,,"Kr_Luna",8.642,-62.209,,"ddil_ddil69",48.516,-95.104,,"AI",0,-109.84,,"눈꽃",-46.868,-95.076,,,,,,,,,,,,,,,,,,,,,,,,,,,,,,,,,,,,,,,,,,,,,,,,,,,,,,,,"",3,0,"",,,,0,""
185,,9,1,3,5,0,2,1,1,0,0,1,255,255,85,4321.291,"Pring__",R,3,76,114,-5.075,0.959,0.491,1.369,0.89,1.607,-36.191,48.856,0,100,0,2,-500,0,-2.417,0,0,6,4,R,"ke ro",190,80,0.396,3,66,W,Y,1,4322.449,255,126,97,61,40,145,130,29.005,-18.858,-0.318,1.226,-20.3,0.56,0,0.705,196.067,345.5,449.653,4329.569,29.208,-151.365,,,,,,0,0,,4328.422,4333.092,4338.233,4343.542,4326.903,4331.98,4337.131,,,,,,,,,,,,,,,,,,,,,,,,,,,,,,-0.058,-37.015,-0.02,-17.102,-19.633,-41.331,-16.097,-55.083,24.105,-49.58,9.363,-62.385,53.046,-95.384,0,-109.85,-47.42,-95.185,-0.103,-37.13,,"소솨소솨",-0.107,-17.259,,"_Chun",-20.568,-43.92,,"Pugeuk",-15.893,-55.021,,"Muna_328",24.21,-49.721,,"Kr_Luna",9.541,-62.298,,"ddil_ddil69",52.981,-95.316,,"AI",0,-109.84,,"눈꽃",-47.406,-95.205,,,,,,,,,,,,,,,,,,,,,,,,,,,,,,,,,,,,,,,,,,,,,,,,,,,,,,,,"",4,0,"",4326.903,4331.98,4337.131,0,""
186,,9,1,5,5,0,0,1,0,0,0,255,255,255,86,4364.018,"Pring__",R,32,83,135,1.468,-0.137,0.374,1.501,0.344,1.364,-36.191,32.308,0,100,0,2,210.283,-174.661,6.382,0,0,0,3,R,"_Gosomi",175,85.368,0.474,3,66,W,Y,1,4365.127,179,65,102,86,42,145,86,37.518,17.108,0.273,0.882,-20.189,-0.75,0,0.35,505.175,220.527,-236.994,4369.511,-22.455,-84.413,4369.953,8,-22.662,0.454,-84.963,1,0,,4371.169,,,,,,,,,,,,,,,,,,,,,,,,,,,,,,,,,,,,-0.015,-37.131,-0.043,-16.955,-19.839,-44.529,-17.02,-57.83,20.582,-48.597,10.347,-62.427,45.323,-91.608,0,-109.86,-44.215,-96.34,0.285,-37.055,,"소솨소솨",-0.112,-17.028,,"_Chun",-19.557,-45.032,,"Pugeuk",-17.131,-57.675,,"Muna_328",20.577,-48.584,,"Kr_Luna",9.271,-62.641,62,"ddil_ddil69",45.617,-92.422,,"AI",0,-109.84,,"눈꽃",-40.75,-96.902,101,4376.771,-0.49,-38.737,,,,,,,,,,,,,4373.041,-0.42,-58.967,,,,,,,4370.863,-23.391,-86.008,,,,,,,,,,,,,,,,4375.346,-0.016,-58.032,,,,,,,4371.649,-19.975,-82.083,"",2,0,"눈꽃",,,,14,""
187,,9,1,5,5,0,0,1,1,0,0,3,255,255,87,4388.14,"Pring__",R,13,80,106,-0.034,-0.707,0.505,1.575,0.634,1.634,-36.191,42.85,21,79,0,0,-361.219,300,3.77,0,0,1,5,R,"CoalCat",174.6,83,0.397,,66,W,Y,1,,,,,,,,,,,,,,,,,,,,,,,,,,,,0,0,,,,,,,,,,,,,,,,,,,,,,,,,,,,,,,,,,,,,,0.004,-37.033,0.002,-16.914,-19.479,-41.557,-16.485,-58.712,21.524,-48.131,6.708,-62.237,45.05,-90.425,0,-109.85,-39.298,-90.091,,,,"",,,,"",,,,"",,,,"",,,,"",,,,"",,,,"",,,,"",,,,4393.454,0.098,-37.535,,,,,,,,,,,,,,,,,,,,,,,,,,,,,,,,,,,,,,,,,,,,,,,,,,,,"",0,0,"",,,,0,""
188,,9,1,5,5,0,1,1,1,0,0,3,255,255,88,4400.994,"Pring__",R,10,79,109,1.222,-0.473,0.467,1.624,0.518,1.749,-36.191,44.086,94,6,0,2,0,300,0.569,0,0,1,5,R,"CoalCat",174.6,83,0.397,3,66,W,Y,1,4402.242,255,142,18,29,22,66,70,-30,47.168,0.244,0.924,-21.63,0.85,0,0.553,304.085,-501.014,128.52,4401.428,-1.311,-23.089,4404.736,2,-17.414,0.054,-35.866,0,0,,4407.585,,,,4407.125,,,,,,4402.112,,,4407.607,1,,147,0,,,,,,,,,,,4407.025,2,,,,,,,-0.017,-37.152,-0.008,-16.866,-20.052,-41.314,-16.227,-58.651,22.371,-48.412,5.495,-62.239,45.525,-91.711,0,-109.85,-36.044,-90.313,0.252,-36.872,,"소솨소솨",-0.045,-16.891,,"_Chun",-19.571,-43.227,85,"Pugeuk",-16.116,-58.635,,"Muna_328",22.317,-48.252,,"Kr_Luna",5.541,-62.254,,"ddil_ddil69",45.551,-91.928,,"AI",0,-109.84,,"눈꽃",-36.048,-90.322,,4411.442,-0.522,-37.474,,,,4405.694,-17.175,-36.136,,,,,,,,,,,,,,,,,,,,,,,,,4410.533,-16.642,-43.425,,,,,,,,,,,,,,,,,,,"",2,0,"_Chun",4407.125,,,66,""
189,,9,1,5,5,0,0,2,0,1,0,255,3,255,89,4428.873,"Pring__",R,32,90,140,-0.019,0.443,0.24,1.409,-0.278,1.736,-36.191,25.771,33,67,0,0,223.805,-200,44.718,0,0,2,2,R,"SUGUN",190,82,0.5,,66,W,Y,0,,,,,,,,,,,,,,,,,,,,,,,,,,,,0,0,,,,,,,,,4432.966,,,,,,,,,,,,,,,,,,,,,,,,,,,,,-0.105,-36.954,-0.006,-16.853,-19.729,-44.125,-18.227,-58.802,21.266,-47.613,6.29,-62.6,44.674,-92.568,0,-109.86,-50.668,-95.708,,,,"",,,,"",,,,"",,,,"",,,,"",,,,"",,,,"",,,,"",,,,4438.864,0.58,-38.157,,,,,,,,,,,,,,,,,,,,,,,,,,,,,,,,,,,,,,,,,,,,,,,,,,,,"",0,0,"",,4432.966,,0,""
190,,9,1,5,5,0,1,2,0,0,1,255,255,3,90,4453.232,"Pring__",R,32,84,136,1.58,0.019,0.374,1.523,0.342,1.456,-36.191,42.838,13,87,0,2,250,-200,-1.424,0,0,2,2,R,"SUGUN",190,82,0.5,3,66,W,Y,1,4454.282,138,66,27,57,9,73,67,54.889,40.62,0.298,1.002,-19.91,-0.74,0,0.33,470.821,95.823,-359.369,,,,4458.377,2,-26.242,3.628,-49.475,0,0,,4459.947,,,,,,,,,4459.753,,,4453.518,4459.323,2,,451,0,,,,,,,,,,,,,,,,,,,0.012,-37.618,0.164,-16.794,-19.993,-44.545,-17.777,-58.767,19.91,-40.929,7.51,-61.539,43.37,-94.12,0,-109.86,-49.263,-95.45,-0.171,-36.851,,"소솨소솨",-0.07,-16.973,,"_Chun",-19.585,-45.031,,"Pugeuk",-17.794,-58.73,,"Muna_328",19.681,-44.729,,"Kr_Luna",8.883,-61.656,,"ddil_ddil69",43.358,-94.187,,"AI",0,-109.84,,"눈꽃",-49.27,-95.452,,,,,,,,4459.333,-26.547,-49.838,4459.416,-26.941,-50.209,,,,,,,,,,,,,,,,,,,,,,,,,,,,,,,,,,,,,,,,,,,"",1,0,"_Chun",,,4459.753,65,""
191,SIDE,9,1,5,5,0,0,2,0,0,1,255,255,3,,4462.959,,,,,,,,,,,,,,,,,,,,,,,3,,,,,,,,,,,,,,,,,,,,,,,,,,,,,,,,,,,,,,,0,0,,,,,,,,,,,,,,,,,,,,,,,,,,,,,,,,,,,,,,,,,,,,,,,,,,,,,,,,,,,,,,,,,,,,,,,,,,,,,,,,,,,,,,,,,,,,,,,,,,,,,,,,,,,,,,,,,,,,,,,,,,,,,,,,,,,,,,,,,,,,,,,,,"",0,0,"",,,,0,""
192,,9,0,5,5,0,0,0,0,0,0,255,255,255,83,4499.281,"HANA_ARASHI",R,26,92,140,-2.553,-0.87,0.22,1.764,-1.303,0.922,-36.544,10.372,27,73,0,2,132.708,-150,9.853,0,0,1,0,L,"Pring__",190,92.741,0.481,3,66,W,Y,1,4500.164,255,134,125,98,84,145,97,21.645,41.606,-0.733,0.6,-20.631,-0.47,0,0.49,-160.764,566.739,113.85,4502.361,-47.671,-64.133,,,,,,0,0,,,,,,,,,,,,,,,,,,,,,,,,,,,,,,,,,,,,,,0.086,-37.506,-0.071,-17.318,-19.384,-45.82,-15.253,-63.459,20.432,-48.15,11.447,-62.476,40.908,-90.657,11.534,-121.984,-40.808,-90.557,0.026,-36.793,,"Ainy4／あいにゃ",-0.054,-17.349,,"SUGUN",-19.463,-45.601,,"_Gosomi",-11.508,-64.629,,"ke ro",20.225,-47.732,,"CoalCat",11.579,-62.358,,"AI",40.9,-90.65,,"うよすま",11.562,-121.975,,"AI",-40.8,-90.55,,,,,,,,,,,,,,,,,,,,,,,,,,,,,,,,,,,,,,,,,,,,,,,,,,,,,,,,"",3,0,"",,,,0,""
193,,9,0,5,5,0,1,0,0,0,0,255,255,255,84,4520.802,"HANA_ARASHI",R,26,97,140,-3.922,-1.212,0.092,1.698,-1.899,0.708,-36.544,10.368,33,67,0,2,137.668,-150,14.129,0,0,1,0,L,"Pring__",190,92.741,0.481,3,66,W,Y,1,4521.747,230,142,117,86,68,145,46,-66.323,65.104,-0.884,0.368,-20.339,-0.16,0,0.592,-0.709,560.917,213.007,4520.919,-1.163,-20.469,,,,,,0,0,,,,,,,,,,,,,,,,,,,,,,,,,,,,,,,,,,,,,,-0.074,-37.344,-0.065,-17.35,-20.058,-46.42,-14.414,-63.419,21.019,-48.749,12.708,-62.981,40.915,-90.664,8.85,-122.24,-40.815,-90.564,0.163,-36.725,,"Ainy4／あいにゃ",-0.175,-17.472,,"SUGUN",-20.018,-46.293,,"_Gosomi",-14.402,-63.393,,"ke ro",21.168,-48.403,,"CoalCat",12.727,-62.832,,"AI",40.9,-90.65,,"うよすま",8.853,-122.237,,"AI",-40.8,-90.55,,,,,,,,,,,,,,,,,,,,,,,,,,,,,,,,,,,,,,,,,,,,,,,,,,,,,,,,"",3,0,"",,,,0,""
194,,9,0,5,5,0,2,0,0,0,0,255,255,255,85,4536.732,"HANA_ARASHI",R,26,88,140,1.376,1.063,0.592,2.137,0.428,2.132,-36.544,43.801,90,10,0,4,113.326,-150,7.629,0,0,1,0,L,"Pring__",190,92.741,0.481,,66,W,Y,1,,,,,,,,,,,,,,,,,,,,,,,,,,,,0,0,,,,,,,,,,,,,,,4539.511,1,,578,0,,,,,,,,,,,,,,,,,,,0.078,-37.465,-0.045,-17.343,-20.165,-46.726,-14.094,-63.934,21.369,-47.512,12.66,-62.368,40.915,-90.664,9.305,-123.656,-40.815,-90.564,,,,"",,,,"",,,,"",,,,"",,,,"",,,,"",,,,"",,,,"",,,,,,,,,,,,,,,,,,,,,,,,,,,,,,,,,,,,,,,,,,,,,,,,,,,,,,,,,,"",0,0,"",,,,0,""
195,,9,0,5,5,0,0,1,0,0,0,255,255,255,86,4559.608,"HANA_ARASHI",R,32,85,138,-0.135,0.158,0.431,1.956,-0.321,1.535,-36.544,28.988,87,13,0,0,180.538,-150,3.519,0,0,2,5,L,"Kr_Luna",174.125,92,0.498,,66,W,Y,0,,,,,,,,,,,,,,,,,,,,,,,,,,,,0,0,,,,,,,,,,,,,,,,,,,,,,,,,,,,,,,,,,,,,,0.03,-37.205,-0.044,-17.254,-19.72,-46.331,-10.412,-65.741,21.298,-47.512,12.463,-62.233,40.93,-90.677,16.27,-123.886,-40.83,-90.577,,,,"",,,,"",,,,"",,,,"",,,,"",,,,"",,,,"",,,,"",,,,,,,,,,,,,,,,,,,,,,,,,,,,,,,,,,,,,,,,,,,,,,,,,,,,,,,,,,"",0,0,"",,,,0,""
196,,9,0,5,5,0,1,1,0,0,0,255,255,255,87,4573.652,"HANA_ARASHI",R,13,75,113,-3.048,-0.957,0.357,1.944,-0.665,1.494,-36.544,25.26,75,25,0,2,-377.095,328.328,-9.499,0,0,2,5,L,"Kr_Luna",174.125,92,0.498,3,66,W,Y,0,4574.559,237,126,128,82,32,145,113,-30,22.43,-0.606,0.548,-20.327,0.09,0,0.147,-427.334,205.324,367.733,4573.536,-0.954,-21.169,4575.794,3,-17.203,0.828,-60.446,0,0,,4579.674,,,,,,,,,,,,,4579.723,2,,147,1,,,,,,,,,,,,,,,,,,,0.064,-37.507,-0.059,-17.272,-19.706,-46.061,-10.381,-65.76,21.295,-47.504,12.435,-62.194,40.915,-90.664,15.929,-123.483,-40.815,-90.564,-0.043,-36.8,,"Ainy4／あいにゃ",-0.061,-17.281,,"SUGUN",-19.85,-45.956,85,"_Gosomi",-10.37,-65.691,102,"ke ro",21.216,-47.416,,"CoalCat",12.519,-62.072,,"AI",40.9,-90.65,,"うよすま",15.849,-123.32,,"AI",-40.8,-90.55,,4583.811,-1.335,-33.513,,,,4579.125,-19.201,-40.843,4576.738,-17.098,-61.324,,,,,,,,,,,,,,,,,,,,,,4582.723,-17.939,-39.594,4578.302,-18.224,-56.178,,,,,,,,,,,,,,,,"",2,0,"_Gosomi",,,,37,""
197,,9,0,5,5,0,0,2,0,0,0,255,255,255,88,4597.861,"HANA_ARASHI",R,26,86,139,2.236,2.074,0.428,2.121,-0.335,2.102,-36.544,34.899,90,10,0,2,-68.89,-150,-1.113,0,0,3,8,L,"눈꽃",179.9,80,0.505,3,66,W,Y,1,4598.96,254,109,62,102,27,138,98,12.653,-10.832,-0.192,1.316,-20.071,-0.04,0,0.301,413.516,-424.136,95.463,4601.478,18.202,-89.645,4603.353,7,24.704,0.055,-108.113,1,8,,4604.383,4610.63,,,,,,,,,,,,4610.466,3,1,278,12,,,,,,,,,,,,,,,,,,,0.098,-37.432,-0.029,-17.237,-19.445,-45.519,-12.701,-64.546,21.199,-47.71,12.409,-63.109,40.922,-90.671,8.134,-123.669,-40.822,-90.57,0.299,-36.8,,"Ainy4／あいにゃ",-0.033,-17.305,,"SUGUN",-19.242,-46.121,120,"_Gosomi",-12.662,-64.483,,"ke ro",21.128,-47.638,,"CoalCat",12.556,-62.829,,"AI",40.9,-90.65,,"うよすま",8.387,-123.539,115,"AI",-40.8,-90.55,,,,,,,,4608.322,-20.784,-44.239,,,,,,,4609.957,-0.83,-58.368,,,,4604.311,24.527,-109.071,,,,,,,,,,4608.909,-17.779,-46.072,,,,,,,,,,,,,4605.135,22.972,-103.548,,,,"",2,0,"うよすま",4610.63,,,14,""
198,SIDE,9,0,5,5,0,0,2,0,0,0,255,255,255,,4613.234,,,,,,,,,,,,,,,,,,,,,,,4,,,,,,,,,,,,,,,,,,,,,,,,,,,,,,,,,,,,,,,0,0,,,,,,,,,,,,,,,,,,,,,,,,,,,,,,,,,,,,,,,,,,,,,,,,,,,,,,,,,,,,,,,,,,,,,,,,,,,,,,,,,,,,,,,,,,,,,,,,,,,,,,,,,,,,,,,,,,,,,,,,,,,,,,,,,,,,,,,,,,,,,,,,,"",0,0,"",,,,0,""
199,,10,1,5,5,0,0,0,0,0,0,255,255,255,91,4666.564,"소솨소솨",R,33,83,135,2.6,0.066,0.838,1.543,0.907,1.617,-36.539,42.095,15,85,0,2,138.806,-27.551,-3.881,0,0,3,7,R,"うよすま",175.4,85.375,0.502,3,65,W,Y,1,4667.594,183,67,65,5,0,109,64,-19.7,-41.883,0.468,0.892,-19.299,-0.81,0,0.247,31.505,-427.885,419.431,4666.786,2.396,-21.425,4669.369,4,18.517,0.057,-43.362,0,0,,4673.278,,,,,,,,,,,,,4672.882,3,,147,16,,,,,,,,,,,,,,,,,,,0.244,-37.583,-0.025,-17.551,-20.304,-44.245,-16.988,-57.664,23.541,-50.215,12.513,-59.435,55.772,-112.813,0,-109.88,-38.414,-88.088,0.315,-37.555,,"Pring__",-0.026,-17.557,,"_Chun",-19.903,-45.849,85,"Pugeuk",-16.311,-58.29,,"Muna_328",23.549,-50.142,120,"Kr_Luna",11.442,-59.759,,"ddil_ddil69",56.183,-112.513,,"AI",0,-109.84,,"눈꽃",-38.423,-88.042,,4674.776,-0.847,-38.923,,,,4672.247,-18.779,-39.716,,,,4670.269,18.801,-43.806,,,,,,,,,,,,,,,,,,,4673.809,-17.935,-40.126,,,,4670.82,15.66,-43.238,,,,,,,,,,,,,"",2,0,"Muna_328",,,,82,""
200,,10,1,5,5,0,0,1,0,0,0,255,255,255,92,4689.209,"소솨소솨",R,32,83,134,0.649,-0.353,0.652,1.463,0.043,1.358,-36.539,33.038,0,100,0,0,151.018,-37.017,-3.549,0,0,4,1,L,"Ainy4／あいにゃ",188.5,85,0.51,,58,W,Y,0,,,,,,,,,,,,,,,,,,,,,,,,,,,,0,0,,,,,,,,,,,,,,,,,,,,,,,,,,,,,,,,,,,,,,0.173,-37.405,-0.017,-17.541,-20.752,-45.757,-13.096,-59.52,24.632,-49.395,13.52,-60.275,47.259,-101.186,0,-109.86,-31.633,-109.771,,,,"",,,,"",,,,"",,,,"",,,,"",,,,"",,,,"",,,,"",,,,4693.137,-0.146,-37.515,,,,,,,,,,,,,,,,,,,,,,,,,,,,,,,,,,,,,,,,,,,,,,,,,,,,"",0,0,"",,,,0,""
201,,10,1,5,5,0,1,1,0,0,0,255,255,255,93,4702.812,"소솨소솨",R,5,70,120,-0.605,-0.545,0.614,1.437,-0.132,1.272,-36.539,27.939,37,63,0,0,-91.762,0,-2.913,0,0,4,1,L,"Ainy4／あいにゃ",188.5,85,0.51,,58,W,Y,0,,,,,,,,,,,,,,,,,,,,,,,,,,,,0,0,,,,,,,,,,,,,,,,,,,,,,,,,,,,,,,,,,,,,,0.164,-37.375,-0.031,-17.546,-20.592,-44.978,-13.925,-60.621,24.779,-49.152,15.008,-59.619,47.18,-101.389,0,-109.85,-31.721,-110.091,,,,"",,,,"",,,,"",,,,"",,,,"",,,,"",,,,"",,,,"",,,,4706.928,-0.23,-37.477,,,,,,,,,,,,,,,,,,,,,,,,,,,,,,,,,,,,,,,,,,,,,,,,,,,,"",0,0,"",,,,0,""
202,,10,1,5,5,0,2,1,0,0,0,255,255,255,94,4717.16,"소솨소솨",R,5,73,122,2.06,0.247,0.863,1.586,1.024,1.76,-36.539,48.296,40,60,0,2,-95.791,0,-7.722,0,0,4,1,L,"Ainy4／あいにゃ",188.5,85,0.51,3,58,W,Y,1,4718.345,188,34,70,28,0,136,94,25.595,-45.535,0.539,1.143,-19.571,0.94,0,0.439,179.945,-437.665,368.876,4721.828,61.76,-70.465,,,,,,0,0,,,,,,,,,,,,,,,,,,,,,,,,,,,,,,,,,,,,,,0.199,-37.49,-0.001,-17.737,-20.696,-46.07,-14.136,-61.328,24.72,-49.268,14.98,-59.623,49.95,-101.492,0,-109.85,-31.768,-107.487,0.225,-37.941,,"Pring__",-0.004,-17.752,,"_Chun",-20.776,-46.463,,"Pugeuk",-14.067,-61.281,,"Muna_328",24.73,-49.238,,"Kr_Luna",14.985,-59.647,,"ddil_ddil69",50.041,-101.408,,"AI",0,-109.84,,"눈꽃",-31.767,-107.498,,,,,,,,,,,,,,,,,,,,,,,,,,,,,,,,,,,,,,,,,,,,,,,,,,,,,,,,"",3,0,"",,,,0,""
203,,10,1,5,5,0,2,1,0,0,0,255,255,255,95,4736.329,"소솨소솨",R,5,65,116,-0.907,-1.146,0.585,1.324,-0.268,0.904,-36.539,20.555,34,66,0,2,-84.765,0,0.304,0,0,4,1,L,"Ainy4／あいにゃ",188.5,85,0.51,3,58,W,Y,1,4737.492,255,112,82,84,25,145,129,26.244,29.431,-0.155,0.721,-21.072,0.47,0,0.54,340.236,-200.458,-451.725,4742.078,-54.302,-130.239,,,,,,0,0,,4742.82,4747.356,4752.548,4757.664,,,,,,,,,,,,,,,,,,,,,,,,,,,,,,,,,0.246,-37.268,-0.047,-18.05,-21.301,-47.32,-16.347,-60.024,24.654,-48.969,15.115,-59.582,49.72,-98.233,0,-109.85,-21.541,-97.2,0.334,-37.874,,"Pring__",-0.062,-18.035,,"_Chun",-20.262,-46.015,,"Pugeuk",-14.013,-62.156,,"Muna_328",24.66,-48.976,,"Kr_Luna",15.115,-59.59,,"ddil_ddil69",49.729,-98.211,,"AI",0,-109.84,,"눈꽃",-15.6,-91.829,,,,,,,,,,,,,,,,,,,,,,,,,,,,,,,,,,,,,,,,,,,,,,,,,,,,,,,,"",4,0,"",4747.356,4752.548,,0,""
204,,10,1,6,5,0,0,1,0,0,0,255,255,255,96,4773.365,"소솨소솨",R,33,88,140,1.605,-0.316,0.755,1.478,0.522,1.407,-36.539,45.329,0,100,0,1,112.037,-9.481,-4.112,0,0,5,0,R,"HANA_ARASHI",190,90,0.25,,65,W,Y,0,,,,,,,,,,,,,,,,,,,,,,,,,,,,0,0,,,,,,,,,,,,,,,,,,,,,,,,,,,,,,,,,,,,,,0.116,-37.703,0.018,-17.592,-22.03,-47.199,-19.923,-50.687,23.82,-48.794,9.868,-61.466,43.615,-99.465,0,-109.86,-42.562,-96.257,,,,"",,,,"",,,,"",,,,"",,,,"",,,,"",,,,"",,,,"",,,,,,,,,,,,,,,,,,,,,,,,,,,,,,,,,,,,,,,,,,,,,,,,,,,,,,,,,,"",0,0,"",,,,0,""
205,,10,1,6,5,1,0,1,0,0,0,255,255,255,97,4785.72,"소솨소솨",R,33,95,140,-0.442,-0.591,0.563,1.419,-0.373,1.219,-36.539,22.418,0,100,0,2,120.961,-28.569,-0.539,0,0,5,0,R,"HANA_ARASHI",190,90,0.25,3,65,W,Y,1,4786.727,117,82,84,91,43,137,119,26.892,33.587,-0.401,0.913,-19.521,0.74,0,0.621,255.102,534.291,-97.244,4790.828,-69.023,-99.584,4791.853,8,-65.369,0.2,-96.972,1,0,,4792.586,,,,,,,,,,,,,,,,,,,,,,,,,,,,,,4798.481,5,,,,,0.2,-37.522,0.011,-17.589,-20.773,-46.164,-16.981,-57.927,23.797,-48.93,10.475,-61.535,43.615,-99.465,0,-109.85,-42.778,-93.351,0.26,-37.527,,"Pring__",-0.009,-17.599,,"_Chun",-20.891,-46.52,,"Pugeuk",-17.089,-57.331,,"Muna_328",23.803,-48.744,,"Kr_Luna",10.474,-61.535,67,"ddil_ddil69",43.615,-99.465,,"AI",0,-109.84,,"눈꽃",-42.773,-93.347,113,4801.069,0.142,-38.752,,,,,,,,,,,,,4796.56,0.779,-58.874,,,,,,,4792.834,-64.808,-96.431,,,,,,,,,,,,,,,,4799.707,0.216,-57.784,,,,,,,4793.474,-61.166,-95.292,"",2,0,"눈꽃",,,,14,""
206,,10,1,6,5,0,0,1,1,0,0,0,255,255,98,4811.433,"소솨소솨",R,34,79,129,1.201,-0.404,0.743,1.527,0.468,1.566,-36.539,35.055,0,100,0,2,95.112,5.236,-3.224,0,0,6,4,R,"ke ro",190,80,0.396,3,65,W,Y,1,4812.527,255,71,104,71,13,145,91,-6.42,2.637,0.221,0.864,-20.441,-0.79,0,0.598,-157.086,578.457,-26.68,4811.744,-0.108,-26.307,4816.261,7,-2.078,0.059,-88.198,1,0,,4818.462,,,,4818.393,,,,,,4813.02,,,,,,,,,,,,,,,,,,,,,,,,,,0.226,-37.466,-0.01,-17.585,-19.736,-42.322,-15.441,-56.266,23.545,-47.14,8.661,-61.433,49.336,-102.73,0,-109.85,-47.807,-96.652,0.373,-37.612,,"Pring__",0.003,-17.587,,"_Chun",-19.342,-45.852,,"Pugeuk",-15.452,-56.272,,"Muna_328",22.593,-48.887,,"Kr_Luna",7.404,-61.824,65,"ddil_ddil69",49.274,-102.689,,"AI",0,-109.84,,"눈꽃",-47.808,-96.639,,4824.325,0.421,-39.122,,,,,,,,,,,,,4820.033,-0.095,-59.341,,,,,,,,,,,,,,,,,,,,,,,,,4822.96,0.509,-57.911,,,,,,,,,,"",2,0,"AI",4818.393,,,6,""
207,,10,1,6,5,0,0,1,1,1,0,4,0,255,99,4839.231,"소솨소솨",R,34,84,136,-2.54,-0.802,0.376,1.402,-1.241,1.119,-36.539,9.736,20,80,0,4,85.722,-23.728,-3.765,0,0,0,3,R,"_Gosomi",175,85.368,0.474,,65,W,Y,1,,,,,,,,,,,,,,,,,,,,,,,,,,,,0,0,,,,,,,,,,,,4840.214,4839.971,,,,,,,,,,,,,,,,,,,,,,,,,0.155,-37.382,0.014,-17.615,-19.545,-44.824,-14.485,-56.768,20.25,-46.925,10.593,-60.953,44.092,-97.57,0,-109.86,-38.589,-95.869,,,,"",,,,"",,,,"",,,,"",,,,"",,,,"",,,,"",,,,"",,,,4844.282,-0.175,-37.071,,,,,,,,,,,,,,,,,,,,,,,,,,,,,,,,,,,,,,,,,,,,,,,,,,,,"",0,0,"",4841.669,,,0,""
208,,10,1,6,5,0,1,1,1,1,0,4,0,255,100,4855.781,"소솨소솨",R,33,87,140,1.319,-0.532,0.622,1.463,-0.095,1.335,-36.539,30.186,0,100,0,2,120.634,-3.223,-3.649,0,0,0,3,R,"_Gosomi",175,85.368,0.474,3,65,W,Y,1,4856.882,183,96,149,75,21,145,116,25.346,41.117,0.026,0.764,-20.031,0.2,0,0.417,60.524,577.221,152.16,4860.694,-74.042,-85.26,,,,,,0,0,,,,,,,,,,,,4856.893,4857.593,,,,,,,,,,,,,,,,,,,,,,,,,0.174,-37.559,0.005,-17.587,-19.627,-43.083,-14.067,-57.57,20.032,-46.801,10.061,-62.209,41.041,-97.402,0,-109.85,-38.659,-95.929,0.265,-37.784,,"Pring__",0.023,-17.739,,"_Chun",-19.511,-44.267,,"Pugeuk",-13.997,-57.559,,"Muna_328",21.35,-47.082,,"Kr_Luna",9.457,-62.351,,"ddil_ddil69",40.997,-97.489,,"AI",0,-109.84,,"눈꽃",-38.673,-95.93,,,,,,,,,,,,,,,,,,,,,,,,,,,,,,,,,,,,,,,,,,,,,,,,,,,,,,,,"",3,0,"",4870.005,,,0,""
209,,10,1,6,5,0,2,1,1,1,0,4,0,255,101,4880.237,"소솨소솨",R,3,66,112,-4.531,-0.649,0.337,1.437,-1.423,1.242,-36.539,15.44,0,100,0,4,-311.934,0,-3.037,0,0,0,3,R,"_Gosomi",175,85.368,0.474,,65,W,Y,1,,,,,,,,,,,,,,,,,,,,,,,,,,,,0,1,,,,,,,,,,,,4881.359,4881.452,,4883.104,0,,578,0,,,,,,,,,,,,,,,,,,,0.062,-37.288,0.013,-17.646,-19.649,-41.975,-14.696,-57.065,20.73,-46.127,6.172,-60.899,47.071,-95.316,0,-109.85,-47.97,-93.135,,,,"",,,,"",,,,"",,,,"",,,,"",,,,"",,,,"",,,,"",,,,,,,,,,,,,,,,,,,,,,,,,,,,,,,,,,,,,,,,,,,,,,,,,,,,,,,,,,"",0,0,"",4882.662,,,0,""
210,,10,1,6,5,0,0,2,1,1,0,4,0,255,102,4899.627,"소솨소솨",R,34,86,139,-0.221,-0.549,0.597,1.447,-0.213,1.278,-36.539,21.632,0,100,0,0,70.662,-12.122,-0.334,0,0,1,5,R,"CoalCat",174.6,83,0.397,,65,W,Y,0,,,,,,,,,,,,,,,,,,,,,,,,,,,,0,0,,,,,,,,,,,,4900.232,,,,,,,,,,,,,,,,,,,,,,,,,,0.214,-37.54,-0.01,-17.608,-20.456,-43.438,-15.305,-56.731,21.132,-47.289,6.192,-60.905,47.308,-96.038,0,-109.85,-40.569,-94.178,,,,"",,,,"",,,,"",,,,"",,,,"",,,,"",,,,"",,,,"",,,,,,,,,,,,,,,,,,,,,,,,,,,,,,,,,,,,,,,,,,,,,,,,,,,,,,,,,,"",0,0,"",4902.876,,,0,""
211,,10,1,6,5,0,1,2,1,1,0,4,0,255,103,4912.244,"소솨소솨",R,3,70,112,-5.133,-0.614,0.328,1.443,-1.462,1.264,-36.539,9.686,0,100,0,2,-434.564,0,-4.98,0,0,1,5,R,"CoalCat",174.6,83,0.397,3,65,W,Y,1,4913.463,226,151,79,62,51,145,104,19.898,42.688,-0.859,0.805,-21.217,0.9,0,0.442,427.311,29.671,420.149,4915.844,-51.473,-74.362,4920.036,8,-70.597,0.058,-94.544,1,0,,4918.25,4922.752,,,4918.58,4924.364,,4919.39,4924.607,,4913.114,4912.883,,,,,,,,,,,,,,,,,,,,,,,,,0.114,-37.269,-0.015,-17.6,-19.551,-43.265,-16.629,-58.554,21.442,-46.787,6.983,-60.66,46.861,-95.971,0,-109.85,-41.984,-93.435,0.011,-37.434,,"Pring__",-0.265,-17.717,105,"_Chun",-19.787,-43.592,,"Pugeuk",-16.759,-58.436,,"Muna_328",21.355,-46.693,,"Kr_Luna",6.937,-60.698,,"ddil_ddil69",46.861,-95.963,,"AI",0,-109.84,,"눈꽃",-42.004,-93.419,106,4930.397,0.081,-37.249,4927.381,1.132,-24.316,4924.617,-24.724,-45.224,,,,,,,,,,,,,,,,4921.007,-70.357,-94.088,,,,4929.788,1.602,-26.59,,,,,,,,,,,,,,,,,,,4921.707,-67.63,-91.502,"",2,0,"눈꽃",4918.58,4919.39,4924.607,106,""
212,,10,1,7,5,0,0,2,0,1,1,255,5,4,104,4944.267,"소솨소솨",R,33,82,133,2.546,0.314,0.833,1.602,0.886,1.809,-36.539,50.812,0,100,0,1,135.421,2.121,-1.976,0,0,2,2,R,"SUGUN",190,82,0.5,,65,W,Y,0,,,,,,,,,,,,,,,,,,,,,,,,,,,,0,0,,,,,,,,,,,,,,,,,,,,,,,,,,,,,,,,,,,,,,0.146,-37.348,-0.038,-17.653,-19.934,-44.47,-15.658,-59.173,20.21,-42.7,10.269,-61.623,45.43,-98.621,0,-109.85,-46.879,-89.311,,,,"",,,,"",,,,"",,,,"",,,,"",,,,"",,,,"",,,,"",,,,4948.447,-0.084,-37.297,,,,,,,,,,,,,,,,,,,,,,,,,,,,,,,,,,,,,,,,,,,,,,,,,,,,"",0,0,"",4947.292,,,0,""
213,,10,1,7,5,1,0,2,0,1,1,255,5,4,105,4960.915,"소솨소솨",R,34,81,131,2.174,-0.025,0.81,1.535,0.778,1.592,-36.539,44.593,0,100,0,1,98.273,-3.263,-1.704,0,0,2,2,R,"SUGUN",190,82,0.5,,65,W,Y,0,,,,,,,,,,,,,,,,,,,,,,,,,,,,0,0,,,,,,,,,,,,,4961.186,,,,,,,,,,,,,,,,,,,,,,,,,0.21,-37.279,-0.06,-17.656,-19.746,-44.671,-16.37,-62.017,20.943,-44.124,7.927,-62.649,46.343,-98.189,0,-109.86,-44.955,-91.704,,,,"",,,,"",,,,"",,,,"",,,,"",,,,"",,,,"",,,,"",,,,4964.677,-0.049,-37.458,,,,,,,,,,,,,,,,,,,,,,,,,,,,,,,,,,,,,,,,,,,,,,,,,,,,"",0,0,"",4963.368,,,0,""
214,,10,1,7,5,2,0,2,0,1,1,255,5,4,106,4975.626,"소솨소솨",R,33,80,130,3.026,0.509,0.879,1.638,1.096,1.928,-36.539,59.54,0,100,0,1,131.693,0.077,-4.47,0,0,2,2,R,"SUGUN",190,82,0.5,,65,W,Y,0,,,,,,,,,,,,,,,,,,,,,,,,,,,,0,0,,,,,,,,,,,,,4975.931,4977.235,,,,,,,,,,,,,,,,,,,,,,,,0.152,-37.358,-0.071,-17.626,-19.512,-45.412,-16.413,-61.871,20.542,-42.349,11.197,-61.41,46.416,-98.574,0,-109.85,-44.92,-91.697,,,,"",,,,"",,,,"",,,,"",,,,"",,,,"",,,,"",,,,"",,,,4979.482,0.175,-37.324,,,,,,,,,,,,,,,,,,,,,,,,,,,,,,,,,,,,,,,,,,,,,,,,,,,,"",0,0,"",4978.21,4978.196,,0,""
215,,10,1,7,5,3,0,2,0,1,1,255,5,4,107,4993.067,"소솨소솨",R,32,87,140,0.786,-0.666,0.707,1.517,0.296,1.536,-36.539,38.71,20,80,0,2,160.1,-32.685,-6.477,0,0,2,2,R,"SUGUN",190,82,0.5,3,65,W,Y,1,4994.088,255,32,94,49,13,145,94,-13.113,4.961,0.219,0.966,-20,-0.65,0,0.282,288.617,516.397,-100.172,4993.286,-0.126,-23.734,4997.736,7,-5.517,0.06,-90.147,1,0,,4999.828,,,,,,,4999.238,,5000.439,,,4995.143,,,,,,,,,,,,,,,,,,,,,,,,0.178,-37.515,-0.065,-17.661,-19.194,-44.942,-16.344,-62.01,20.613,-43.671,7.598,-62.625,46.823,-98.424,0,-109.86,-45.759,-94.251,0.233,-37.53,,"Pring__",-0.064,-17.663,,"_Chun",-19.496,-45.707,,"Pugeuk",-16.424,-61.947,,"Muna_328",20.391,-45.658,,"Kr_Luna",8.326,-62.449,62,"ddil_ddil69",46.824,-98.36,,"AI",0,-109.84,,"눈꽃",-45.758,-94.269,,5006.736,0.325,-39.096,,,,,,,,,,,,,5001.654,-0.129,-59.614,,,,,,,,,,,,,,,,,,,,,,,,,5005.623,-0.64,-53.536,,,,,,,,,,"",2,0,"AI",,4999.238,5000.439,6,""
216,,10,1,8,5,0,0,2,1,0,1,2,255,5,109,5020.163,"소솨소솨",R,3,79,119,-0.282,0.252,0.754,1.582,0.516,1.752,-36.539,44.4,0,100,0,0,-398.843,0,-3.852,0,0,3,7,R,"うよすま",175.4,85.375,0.502,,65,W,Y,1,,,,,,,,,,,,,,,,,,,,,,,,,,,,0,0,,,,,,,,,,,,5034.442,,5021.037,,,,,,,,,,,,,,,,,,,,,,,,0.147,-37.258,-0.042,-17.566,-19.806,-41.529,-14.986,-60.864,19.983,-42.81,9.66,-60.619,41.506,-93.498,0,-109.86,-44.456,-90.041,,,,"",,,,"",,,,"",,,,"",,,,"",,,,"",,,,"",,,,"",,,,5024.846,-0.158,-37.172,,,,,,,,,,,,,,,,,,,,,,,,,,,,,,,,,,,,,,,,,,,,,,,,,,,,"",0,0,"",,5022.487,,0,""
217,,10,1,8,5,0,1,2,1,0,1,2,255,5,109,5034.991,"소솨소솨",R,33,83,135,0.961,-0.551,0.691,1.439,0.225,1.251,-36.539,26.759,28,72,0,2,122.045,-36.517,-3.175,0,0,3,7,R,"うよすま",175.4,85.375,0.502,3,44,W,Y,1,5036.015,255,76,108,69,13,145,115,-4.033,33.062,0.152,0.683,-19.275,0.12,0,0.372,492.957,313.836,136.014,5035.319,-4.619,-26.526,5038.353,5,-42.331,0.808,-79.874,1,0,,5041.719,,,,5040.583,,,,,5041.272,,,5035.545,,,,,,,,,,,,,,,,,,,,,,,,0.245,-37.474,-0.053,-17.577,-19.283,-39.699,-14.514,-62.478,19.757,-41.274,8.772,-61.951,41.304,-93.834,0,-109.85,-43.631,-89.292,0.329,-37.475,,"Pring__",-0.064,-17.614,,"_Chun",-19.3,-39.621,,"Pugeuk",-14.459,-62.349,,"Muna_328",19.902,-43.028,,"Kr_Luna",8.125,-62.102,,"ddil_ddil69",41.44,-93.733,,"AI",0,-109.84,,"눈꽃",-43.628,-89.29,87,5046.851,-0.7,-36.75,5043.105,-4.292,-27.091,,,,,,,,,,,,,,,,,,,5039.253,-40.1,-75.961,,,,,,,,,,,,,,,,,,,,,,,,,5040.047,-36.845,-71.157,"",2,0,"Kr_Luna",5040.583,,5041.272,42,""
218,,10,1,9,5,0,0,2,1,1,0,7,2,255,110,5062.806,"소솨소솨",R,32,87,140,-2.203,0.43,0.387,1.608,-1.189,1.831,-36.539,18.862,17,83,0,2,160.155,-57.087,-1.126,0,0,4,1,L,"Ainy4／あいにゃ",188.5,85,0.51,3,65,W,Y,1,5063.86,236,84,95,88,31,145,129,27.614,1.025,-0.357,1.265,-20.935,0.62,0,0.581,453.982,-295.075,-258.517,5068.728,7.304,-141.628,5071.494,7,10.744,0.056,-136.606,0,0,,5069.258,5073.718,5078.8,5083.87,5068.921,5073.919,5079.166,5068.526,5073.713,,,,,,,,,,,,,,,,,,,,,,,,,,,,0.078,-37.446,-0.033,-17.458,-19.993,-42.493,-15.29,-62.135,22.53,-45.777,16.318,-60.802,45.385,-98.222,0,-109.86,-36.4,-107.287,-0.043,-37.787,,"Pring__",-0.075,-17.475,,"_Chun",-19.838,-42.95,,"Pugeuk",-13.754,-62.736,,"Muna_328",22.225,-46.293,,"Kr_Luna",16.322,-60.809,,"ddil_ddil69",45.453,-98.274,,"AI",0,-109.84,,"눈꽃",-36.398,-107.292,,,,,,,,,,,,,,,,,,,,,,,,,,,,,,,,,,,,,,,,,,,,,,,,,,,,,,,,"",4,0,"AI",5068.921,5068.526,5073.713,0,""
219,,10,1,12,5,0,0,2,0,0,0,255,255,255,111,5101.516,"소솨소솨",R,33,86,139,-2.82,0.583,0.64,1.51,-0.011,1.511,-36.539,31.203,0,100,0,2,124.609,-33.43,-4.209,0,0,5,0,R,"HANA_ARASHI",190,90,0.25,3,65,W,Y,1,5102.611,162,73,151,73,39,145,113,19.54,-16.725,-0.154,1.076,-20.39,0.12,0,0.604,378.819,418.976,202.374,5106.869,20.715,-124.931,5108.886,7,17.904,0.085,-130.809,1,0,,5108.55,5113.216,,,,,,,,,,,,,,,,,,,,,,,,,,,,,5115.782,3,,,,,0.146,-37.393,-0.016,-17.642,-19.231,-44.352,-14.917,-61.343,22.911,-47.764,16.316,-60.786,49.465,-99.333,0,-109.86,-42.417,-90.265,0.116,-37.446,,"Pring__",-0.027,-17.642,,"_Chun",-19.314,-44.262,,"Pugeuk",-14.99,-61.326,85,"Muna_328",22.927,-47.766,,"Kr_Luna",16.113,-60.873,,"ddil_ddil69",49.617,-99.144,,"AI",0,-109.84,,"눈꽃",-44.116,-91.857,,5122.124,-0.056,-38.179,,,,,,,5114.348,1.297,-65.516,,,,,,,,,,,,,,,,,,,,,,,,,5121.069,-0.999,-56.95,,,,,,,,,,,,,,,,"",2,0,"AI",5113.216,,,3,""
220,,10,1,12,5,0,0,2,0,1,0,255,0,255,112,5130.913,"소솨소솨",R,34,89,140,-1.624,-0.663,0.459,1.405,-0.855,1.173,-36.539,16.191,6,94,0,1,98.362,-29.208,-2.335,0,0,6,4,R,"ke ro",190,80,0.396,,65,W,Y,0,,,,,,,,,,,,,,,,,,,,,,,,,,,,0,0,,,,,,,,,,,,,5143.093,,,,,,,,,,,,,,,,,,,,,,,,,0.156,-37.416,-0.019,-17.63,-19.089,-43.534,-14.511,-61.316,21.08,-45.59,11.105,-62.755,49.982,-97.589,0,-109.85,-44.718,-90.352,,,,"",,,,"",,,,"",,,,"",,,,"",,,,"",,,,"",,,,"",,,,5134.231,0.011,-37.461,,,,,,,,,,,,,,,,,,,,,,,,,,,,,,,,,,,,,,,,,,,,,,,,,,,,"",0,0,"",5133.625,,,0,""
221,,10,1,12,5,1,0,2,0,1,0,255,0,255,113,5143.399,"소솨소솨",R,33,84,137,-0.097,-0.242,0.589,1.489,-0.249,1.444,-36.539,21.315,16,84,0,2,135.716,-19.114,-3.942,0,0,6,4,R,"ke ro",190,80,0.396,3,65,W,Y,1,5144.475,255,43,91,60,7,145,118,-10.808,21.341,-0.268,0.773,-20.099,0.12,0,0.538,-147.02,560.044,-157.277,5143.586,-1.679,-23.651,5145.269,3,-14.995,0.055,-57.187,0,64,,5150.301,,,,,,,5150.585,,,,,,5149.147,6,,147,1,,,,,,,,,,,,,,,,,,,0.215,-37.387,-0.019,-17.639,-18.922,-43.982,-14.696,-62.175,21.116,-46.34,9.647,-63.346,49.667,-98.767,0,-109.85,-43.367,-89.485,0.207,-37.455,,"Pring__",-0.036,-17.65,,"_Chun",-19.324,-44.583,,"Pugeuk",-15.093,-62.494,75,"Muna_328",21.184,-46.77,,"Kr_Luna",9.641,-63.342,,"ddil_ddil69",49.656,-98.771,,"AI",0,-109.84,,"눈꽃",-42.049,-89.558,,,,,,,,5148.558,-19.306,-40.004,5146.232,-15.439,-57.732,,,,,,,,,,,,,,,,,,,,,,,,,5147.803,-15.277,-50.131,,,,,,,,,,,,,,,,"",2,0,"Pugeuk",,5150.585,,65,""
222,SIDE,10,1,12,5,0,0,2,0,1,0,255,0,255,,5150.958,,,,,,,,,,,,,,,,,,,,,,,0,,,,,,,,,,,,,,,,,,,,,,,,,,,,,,,,,,,,,,,0,0,,,,,,,,,,,,,,,,,,,,,,,,,,,,,,,,,,,,,,,,,,,,,,,,,,,,,,,,,,,,,,,,,,,,,,,,,,,,,,,,,,,,,,,,,,,,,,,,,,,,,,,,,,,,,,,,,,,,,,,,,,,,,,,,,,,,,,,,,,,,,,,,,"",0,0,"",,,,0,""
223,,10,0,12,5,0,0,0,0,0,0,255,255,255,89,5221.284,"Ainy4／あいにゃ",R,3,79,106,-0.805,-0.169,0.381,1.682,0.551,1.517,-36.905,33.977,90,10,0,0,-452.591,0,-11.331,0,0,4,4,R,"Muna_328",190,88.095,0.383,,65,W,Y,1,,,,,,,,,,,,,,,,,,,,,,,,,,,,0,0,,,,,,,,,,,,,,,,,,,,,,,,,,,,,,,,,,,,,,-0.033,-38.081,-0.072,-18.111,-19.173,-45.686,-15.851,-62.019,21.384,-49.422,10.597,-63.562,40.929,-90.677,-7.858,-120.324,-40.83,-90.577,,,,"",,,,"",,,,"",,,,"",,,,"",,,,"",,,,"",,,,"",,,,,,,,,,,,,,,,,,,,,,,,,,,,,,,,,,,,,,,,,,,,,,,,,,,,,,,,,,"",0,0,"",,,,0,""
224,,10,0,12,5,0,1,0,0,0,0,255,255,255,90,5236.764,"Ainy4／あいにゃ",R,14,73,100,1.565,-0.74,0.188,1.771,-0.045,1.71,-36.905,35.832,80,20,0,4,323.982,350.704,24.951,1.298,-20.164,4,4,R,"Muna_328",190,88.095,0.383,,65,W,Y,1,,,,,,,,,,,,,,,,,,,,,,,,,,,,0,0,,,,,,,,,,,,,,,,,,,,,,,,,,,,,,,,,,,,,,-0.087,-38.15,-0.086,-18.093,-19.357,-45.56,-15.823,-62.052,21.341,-49.499,10.693,-63.623,40.915,-90.664,-9.631,-118.507,-40.815,-90.564,,,,"",,,,"",,,,"",,,,"",,,,"",,,,"",,,,"",,,,"",,,,,,,,,,,,,,,,,,,,,,,,,,,,,,,,,,,,,,,,,,,,,,,,,,,,,,,,,,"",0,0,"",,,,0,""
225,,10,0,12,5,0,2,0,0,0,0,255,255,255,91,5257.242,"Ainy4／あいにゃ",R,33,85,138,-0.391,-1.583,0.127,1.4,-0.352,0.536,-36.905,6.427,51,49,0,2,123.776,-88.144,-18.788,0,0,4,4,R,"Muna_328",190,88.095,0.383,3,65,W,Y,1,5258.332,254,126,174,28,0,145,130,-30,-0.74,-0.072,0.427,-20.544,0.65,0,0.857,-302.808,-428.334,-291.268,5257.361,-0.061,-21.323,5259.711,3,-6.661,1.965,-64.771,0,0,,5264.322,,,,,,,,,,,,,5263.888,4,,147,1,,,,,,,,,,,,,,,,,,,-0.007,-37.947,-0.095,-17.07,-19.389,-46.187,-15.16,-62.627,21.129,-49.652,10.327,-63.76,40.915,-90.664,-9.215,-115.648,-40.815,-90.564,0.125,-37.714,,"HANA_ARASHI",-0.151,-17.1,,"SUGUN",-19.158,-45.988,85,"_Gosomi",-15.125,-62.6,89,"ke ro",20.988,-49.528,,"CoalCat",10.33,-63.561,,"AI",40.9,-90.65,,"うよすま",-9.055,-114.174,,"AI",-40.8,-90.55,,5265.926,-1.159,-38.965,,,,5263.269,-18.673,-40.825,5260.626,-7.243,-65.109,,,,,,,,,,,,,,,,,,,,,,5264.927,-17.9,-40.195,5261.959,-7.958,-62.252,,,,,,,,,,,,,,,,"",2,0,"_Gosomi",,,,21,""
226,,10,0,12,5,0,0,1,0,0,0,255,255,255,92,5280.756,"Ainy4／あいにゃ",R,29,85,138,0.555,-0.548,0.324,1.583,0.564,1.127,-36.905,24.74,63,37,0,2,-227.254,-150,11.981,0,0,5,0,R,"소솨소솨",190,80,0.501,3,65,W,Y,1,5281.824,243,122,74,123,45,145,130,26.122,13.011,0.079,0.758,-19.647,0.48,0,0.499,-585.856,-124.156,-36.86,5285.069,-19.69,-120.453,5285.236,7,-19.035,2.335,-116.711,0,0,,,,,,,,,,,,,,,5286.164,5,,456,0,,,,,,,,,,,,,,,,,,,-0.003,-38.055,-0.056,-16.835,-19.693,-45.71,-15.191,-63.028,21.13,-50.313,9.722,-64.452,40.922,-90.671,-7.731,-115.936,-40.822,-90.571,0.217,-37.458,,"HANA_ARASHI",-0.103,-16.911,,"SUGUN",-19.528,-45.622,,"_Gosomi",-15.179,-62.976,,"ke ro",20.992,-50.193,,"CoalCat",9.731,-64.366,,"AI",40.9,-90.65,,"うよすま",-8.029,-115.425,115,"AI",-40.8,-90.55,,5290.52,-0.537,-39.044,,,,,,,,,,,,,,,,,,,5286.175,-19.453,-117.681,,,,,,,,,,,,,,,,,,,,,,,,,5287.398,-17.76,-110.567,,,,"",1,0,"うよすま",,,,24,""
227,,10,0,12,5,0,0,2,0,0,0,255,255,255,93,5304.525,"Ainy4／あいにゃ",R,3,72,99,1.771,0.859,0.517,1.897,1.766,2.164,-36.905,73.307,86,14,0,4,-450,0,10.468,0,0,6,2,L,"_Chun",190,80,0.445,,65,W,Y,1,,,,,,,,,,,,,,,,,,,,,,,,,,,,0,0,,,,,,,,,,,,,,,,,,,,,,,,,,,,,,,,,,,,,,-0.045,-38.006,-0.024,-17.134,-19.467,-45.276,-11.522,-65.277,22.86,-48.371,11.764,-62.41,40.922,-90.671,11.744,-118.188,-40.822,-90.571,,,,"",,,,"",,,,"",,,,"",,,,"",,,,"",,,,"",,,,"",,,,5309.188,-0.339,-37.939,,,,,,,,,,,,,,,,,,,,,,,,,,,,,,,,,,,,,,,,,,,,,,,,,,,,"",0,0,"",,,,0,""
228,,10,0,12,5,0,1,2,0,0,0,255,255,255,94,5319.251,"Ainy4／あいにゃ",R,27,90,140,0.329,-0.423,0.212,1.608,0.043,1.211,-36.905,16.263,43,57,0,2,66.567,-147.059,0.568,0,0,6,2,L,"_Chun",190,80,0.445,3,65,W,Y,1,5320.225,212,111,23,20,10,73,73,-21.072,-39.327,0.284,0.62,-19.104,0.91,0,0.21,-340.187,-488.19,77.098,5319.336,1.437,-20.499,5321.453,4,18.811,0.054,-42.033,0,0,,,,,,,,,,,,,,,5325.28,6,,147,64,,,,,,,,,,,,,,,,,,,-0.059,-38.001,-0.072,-16.931,-19.36,-45.916,-11.776,-64.62,22.325,-48.477,11.818,-62.4,40.915,-90.664,10.387,-121.23,-40.815,-90.564,0.183,-37.275,,"HANA_ARASHI",-0.119,-16.952,,"SUGUN",-19.663,-46.299,,"_Gosomi",-11.746,-64.588,,"ke ro",22.217,-48.352,120,"CoalCat",11.82,-62.357,,"AI",40.9,-90.65,,"うよすま",10.401,-121.215,,"AI",-40.8,-90.55,,,,,,,,5324.642,-18.092,-39.307,,,,5322.425,19.408,-42.697,,,,,,,,,,,,,,,,,,,,,,,,,5323.384,13.494,-41.757,,,,,,,,,,,,,"",2,0,"ke ro",,,,68,""
229,SIDE,10,0,12,5,0,0,2,0,0,0,255,255,255,,5326.009,,,,,,,,,,,,,,,,,,,,,,,7,,,,,,,,,,,,,,,,,,,,,,,,,,,,,,,,,,,,,,,0,0,,,,,,,,,,,,,,,,,,,,,,,,,,,,,,,,,,,,,,,,,,,,,,,,,,,,,,,,,,,,,,,,,,,,,,,,,,,,,,,,,,,,,,,,,,,,,,,,,,,,,,,,,,,,,,,,,,,,,,,,,,,,,,,,,,,,,,,,,,,,,,,,,"",0,0,"",,,,0,""
230,END,11,1,12,5,0,0,0,0,0,0,255,255,255,,5336.493,,,,,,,,,,,,,,,,,,,,,,,,,,,,,,,,,,,,,,,,,,,,,,,,,,,,,,,,,,,,,,,,,,,,,,,,,,,,,,,,,,,,,,,,,,,,,,,,,,,,,,,,,,,,,,,,,,,,,,,,,,,,,,,,,,,,,,,,,,,,,,,,,,,,,,,,,,,,,,,,,,,,,,,,,,,,,,,,,,,,,,,,,,,,,,,,,,,,,,,,,,,,,,,,,,,,,,,,"{""schemaVersion"":6,""gameTimeZeroUtc"":""2026-07-30T08:31:04.461Z"",""exportedAtUtc"":""2026-07-30T10:00:00.954Z"",""teamNameA"":""Red"",""teamNameB"":""Blue""}"
