id,type,inn,half,scoreA,scoreB,ball,strk,out,b1,b2,b3,b1Idx,b2Idx,b3Idx,pCnt,pSec,pName,pHand,pType,pPow,spdK,zoneX,zoneY,startX,startY,targetX,targetY,zDist,pitchAngle,pOver,pSide,pUnder,call,sH,sV,gyro,plx,plz,bIdx,bPos,bZone,bName,bHCm,batLen,batCen,batType,bFps,bOS,bVR,bSwing,hSec,rotS,rotL,shS,lgS,prepS,batSpd,ev,ldeg,sdeg,launchPosX,launchPosY,launchPosZ,hPos,buntGrip,handDist,angVeloX,angVeloY,angVeloZ,ltSec,lx,lz,cSec,cPos,cx,cy,cz,1BSafe,tag,cpSec,bTo1Sec,bTo2Sec,bTo3Sec,bToHSec,r1To2Sec,r1To3Sec,r1ToHSec,r2To3Sec,r2ToHSec,r3ToHSec,r1LeaveSec,r2LeaveSec,r3LeaveSec,out1Sec,out1BatterIndex,out1PrevBase,out1Code,out1Ass,out2Sec,out2BatterIndex,out2PrevBase,out2Code,out2Ass,out3Sec,out3BatterIndex,out3PrevBase,out3Code,out3Ass,ball1Sec,ball1Pos,ball2Sec,ball2Pos,ball3Sec,ball3Pos,ballHSec,ballHPos,PitchPPosX,PitchPPosZ,PitchCPosX,PitchCPosZ,Pitch1BPosX,Pitch1BPosZ,Pitch2BPosX,Pitch2BPosZ,Pitch3BPosX,Pitch3BPosZ,PitchSSPosX,PitchSSPosZ,PitchLFPosX,PitchLFPosZ,PitchCFPosX,PitchCFPosZ,PitchRFPosX,PitchRFPosZ,PPosX,PPosY,PThrSpd,CName,CPosX,CPosY,CThrSpd,1BName,1BPosX,1BPosY,1BThrSpd,2BName,2BPosX,2BPosY,2BThrSpd,3BName,3BPosX,3BPosY,3BThrSpd,SSName,SSPosX,SSPosY,SSThrSpd,LFName,LFPosX,LFPosY,LFThrSpd,CFName,CFPosX,CFPosY,CFThrSpd,RFName,RFPosX,RFPosY,RFThrSpd,PGetSec,PGetX,PGetZ,CGetSec,CGetX,CGetZ,1BGetSec,1BGetX,1BGetZ,2BGetSec,2BGetX,2BGetZ,3BGetSec,3BGetX,3BGetZ,SSGetSec,SSGetX,SSGetZ,LFGetSec,LFGetX,LFGetZ,CFGetSec,CFGetX,CFGetZ,RFGetSec,RFGetX,RFGetZ,PThrSec,PThrX,PThrZ,CThrSec,CThrX,CThrZ,1BThrSec,1BThrX,1BThrZ,2BThrSec,2BThrX,2BThrZ,3BThrSec,3BThrX,3BThrZ,SSThrSec,SSThrX,SSThrZ,LFThrSec,LFThrX,LFThrZ,CFThrSec,CFThrX,CFThrZ,RFThrSec,RFThrX,RFThrZ,errPosDelta,result,balk,cPlr,sb2Sec,sb3Sec,sbhSec,ass,remarks
1,,1,1,0,0,0,1,0,0,0,0,255,255,255,0,317.602,"ke ro",R,26,75,126,2.293,0.955,0.39,1.764,0.919,2.062,-36.566,33.887,100,0,0,1,51.288,-150,3.836,0,0,0,2,R,"인생최패망자",190,80,0.396,,87,W,Y,0,,,,,,,,,,,,,,,,,,,,,,,,,,,,0,0,,,,,,,,,,,,,,,,,,,,,,,,,,,,,,,,,,,,,,0.01,-37.776,-0.039,-17.464,-18.761,-44.07,-16.543,-61.893,21.003,-47.463,12.979,-65.26,35.753,-86.129,2.907,-122.834,-48.204,-95.74,,,,"",,,,"",,,,"",,,,"",,,,"",,,,"",,,,"",,,,"",,,,,,,,,,,,,,,,,,,,,,,,,,,,,,,,,,,,,,,,,,,,,,,,,,,,,,,,,,"",0,0,"",,,,0,""
2,,1,1,0,0,1,1,0,0,0,0,255,255,255,1,330.009,"ke ro",R,10,80,120,0.077,-2.498,0.322,1.626,0.025,0.495,-36.566,21.363,51,49,0,1,0,400,8.176,0.013,-20.356,0,2,R,"인생최패망자",190,80,0.396,,87,W,Y,0,,,,,,,,,,,,,,,,,,,,,,,,,,,,0,0,,,,,,,,,,,,,,,,,,,,,,,,,,,,,,,,,,,,,,0.019,-37.855,-0.045,-17.483,-18.616,-44.494,-15.961,-60.741,20.599,-48.707,12.402,-65.219,35.754,-86.139,2.846,-122.889,-47.862,-95.797,,,,"",,,,"",,,,"",,,,"",,,,"",,,,"",,,,"",,,,"",,,,,,,,,,,,,,,,,,,,,,,,,,,,,,,,,,,,,,,,,,,,,,,,,,,,,,,,,,"",0,0,"",,,,0,""
3,,1,1,0,0,2,1,0,0,0,0,255,255,255,2,342.615,"ke ro",R,26,77,127,1.469,0.876,0.34,1.792,0.52,2.012,-36.566,32.374,100,0,0,0,71.689,-150,7.874,0,0,0,2,R,"인생최패망자",190,80,0.396,,87,W,Y,0,,,,,,,,,,,,,,,,,,,,,,,,,,,,0,0,,,,,,,,,,,,,,,,,,,,,,,,,,,,,,,,,,,,,,0.002,-37.966,-0.051,-17.478,-18.392,-45.098,-15.755,-60.679,20.733,-49.094,12.541,-65.137,35.755,-86.133,2.927,-122.859,-47.141,-95.872,,,,"",,,,"",,,,"",,,,"",,,,"",,,,"",,,,"",,,,"",,,,,,,,,,,,,,,,,,,,,,,,,,,,,,,,,,,,,,,,,,,,,,,,,,,,,,,,,,"",0,0,"",,,,0,""
4,,1,1,0,0,2,2,0,0,0,0,255,255,255,3,355.255,"ke ro",R,14,77,115,0.869,-2.529,0.13,1.269,-0.144,0.516,-36.566,16.194,70,30,0,1,362.218,344.671,70.915,0.191,-19.931,0,2,R,"인생최패망자",190,80,0.396,,87,W,Y,0,,,,,,,,,,,,,,,,,,,,,,,,,,,,0,0,,,,,,,,,,,,,,,,,,,,,,,,,,,,,,,,,,,,,,0.036,-37.853,-0.072,-17.491,-18.308,-45.321,-15.366,-60.82,20.748,-49.047,13.238,-64.281,36.517,-86.372,2.903,-122.934,-45.953,-97.909,,,,"",,,,"",,,,"",,,,"",,,,"",,,,"",,,,"",,,,"",,,,,,,,,,,,,,,,,,,,,,,,,,,,,,,,,,,,,,,,,,,,,,,,,,,,,,,,,,"",0,0,"",,,,0,""
5,,1,1,0,0,3,2,0,0,0,0,255,255,255,4,366.29,"ke ro",R,26,83,134,-84.711,-2.529,0.251,1.686,0.262,1.675,-36.566,25.311,100,0,0,2,88.225,-150,24.169,0,0,0,2,R,"인생최패망자",190,80,0.396,3,87,W,Y,1,367.366,212,131,113,74,39,145,91,37.394,-25.577,0.168,1.109,-19.814,-0.79,0,0.345,586.973,-121.805,-25.014,372.34,34.796,-84.729,373.395,6,37.639,1.033,-89.992,1,0,,372.925,,,,,,,,,,,,,,,,,,,,,,,,,,,,,,,,,,,,-0.054,-37.853,-0.063,-17.482,-18.485,-44.965,-15.379,-61.062,21.17,-48.901,12.262,-65.576,58.738,-102.533,2.878,-123.931,-45.389,-97.724,0.188,-37.757,,"encounter v",-0.078,-17.49,,"-라후이-",-18.275,-45.237,,"Rite_",-15.375,-61.059,85,"かめかめん",21.15,-48.915,,"_송글_",12.317,-65.627,,"Kr_Luna",58.724,-102.521,119,"Yes_Man_",2.911,-123.946,,"ByeolBam",-46.088,-97.739,,382.465,0.239,-38.88,,,,,,,376.003,1.088,-59.451,,,,,,,373.648,38.291,-90.536,,,,,,,,,,,,,,,,381.41,-1.242,-56.468,,,,,,,374.256,34.788,-87.672,,,,,,,"",2,0,"Kr_Luna",,,,257,""
6,,1,1,0,0,0,0,0,1,0,0,2,255,255,5,397.755,"ke ro",R,26,87,140,0.348,-0.692,0.207,1.497,0.153,1.057,-36.566,12.799,51,49,0,0,-8.057,-150,25.629,0,0,1,8,R,"SUGUN",181.4,82,0.5,,83,W,Y,0,,,,,,,,,,,,,,,,,,,,,,,,,,,,0,0,,,,,,,,,,,,402.12,,,,,,,,,,,,,,,,,,,,,,,,,,0.024,-38.465,-0.056,-17.462,-19.747,-39.909,-14.69,-62.546,20.837,-47.239,13.154,-65.124,35.304,-86.918,-6.685,-107.663,-45.362,-93.741,,,120,"",,,,"",,,,"",,,,"",,,,"",,,,"",,,,"",,,,"",,,,403.308,-0.177,-37.275,,,,,,,,,,,,,,,,,,,,,,,,,412.09,-1.677,-38.187,,,,,,,,,,,,,,,,,,,,,,,,,"",0,0,"",,,,0,""
7,,1,1,0,0,0,1,0,1,0,0,2,255,255,6,427.206,"ke ro",R,13,84,122,-0.806,-0.796,0.27,1.647,0.168,1.57,-36.566,18.928,45,55,0,2,-326.762,378.453,8.048,0,0,1,8,R,"SUGUN",181.4,82,0.5,3,83,W,Y,1,428.448,255,200,132,55,10,145,113,-4.667,7.997,-0.23,0.67,-21.264,0.9,0,0.389,-290.561,521.893,56.584,428.373,-1.134,-27.361,431.529,7,-11.282,0.06,-89.856,1,0,,433.897,,,,432.264,,,,,,,,,,,,,,,,,,,,,,,,,,,,,,,,0.065,-37.996,-0.024,-17.612,-19.346,-40.608,-14.247,-62.414,21.437,-47.179,12.218,-65.281,35.152,-86.769,-6.791,-105.34,-44.724,-94.604,0.1,-37.743,,"encounter v",-0.005,-17.616,,"-라후이-",-19.108,-43.543,,"Rite_",-14.112,-62.227,,"かめかめん",21.446,-47.196,,"_송글_",11.735,-65.127,87,"Kr_Luna",35.166,-86.763,,"Yes_Man_",-6.779,-105.325,109,"ByeolBam",-44.73,-94.603,,438.185,0.028,-38.878,,,,,,,,,,,,,433.961,-0.117,-59.892,,,,431.828,-11.568,-91.27,,,,,,,,,,,,,,,,,,,437.283,1.134,-54.576,,,,432.819,-8.38,-84.634,,,,"",2,0,"Yes_Man_",432.264,,,34,""
8,,1,1,0,0,0,0,0,1,1,0,8,2,255,8,457.33,"ke ro",R,26,90,140,-0.994,-0.741,0.093,1.489,-0.457,1.017,-36.566,8.154,50,50,0,2,19.703,-150,26.802,0,0,2,1,L,"눈꽃",190,80,0.505,3,83,W,Y,0,458.282,255,230,90,115,44,145,120,18.49,-20.918,-0.199,0.673,-19.462,0.2,0,0.455,424.841,423.657,-5.006,463.207,30.866,-129.028,465.04,7,28.495,0.054,-120.409,1,0,,463.795,468.385,,,463.134,468.187,,463.997,468.752,,,,,,,,,,,,,,,,,,,,,,470.333,3,,,,,-0.1,-37.734,-0.019,-17.586,-19.491,-45.365,-0.598,-60.562,20.519,-45.119,13.464,-63.59,41.273,-94.573,1.472,-123.401,-38.389,-103.114,0.089,-37.472,,"encounter v",-0.026,-17.567,,"-라후이-",-19.463,-45.088,,"Rite_",-4.116,-60.621,99,"かめかめん",20.384,-45.326,,"_송글_",13.406,-63.534,,"Kr_Luna",41.375,-94.48,,"Yes_Man_",1.47,-123.373,98,"ByeolBam",-38.407,-103.122,,471.378,0.498,-38.565,,,,,,,469.277,1.03,-62.143,,,,,,,,,,465.3,27.473,-120.522,,,,,,,,,,,,,470.391,0.717,-57.339,,,,,,,,,,466.496,26.722,-113.383,,,,"",2,0,"Yes_Man_",463.134,463.997,468.752,33,""
9,,1,1,1,0,0,0,0,0,1,1,255,1,8,8,518.379,"ke ro",R,26,78,129,2.487,1.663,0.383,1.856,0.974,2.299,-36.566,37.526,100,0,0,1,75.82,-150,5.515,0,0,4,7,R,"うよすま",160,82.375,0.502,,83,W,Y,0,,,,,,,,,,,,,,,,,,,,,,,,,,,,0,0,,,,,,,,,,,,,534.417,533.008,,,,,,,,,,,,,,,,,,,,,,,,-0.075,-37.712,-0.036,-17.584,-19.705,-46.786,-12.485,-63.443,19.316,-43.61,11.935,-65.602,45.796,-105.552,-2.854,-111.087,-44.066,-93.448,,,,"",,,,"",,,,"",,,,"",,,,"",,,,"",,,,"",,,,"",,,,522.935,-0.003,-37.335,,,,,,,,,,,,,,,,,,,,,,,,,,,,,,,,,,,,,,,,,,,,,,,,,,,,"",0,0,"",520.964,520.895,,0,""
10,,1,1,1,0,1,0,0,0,1,1,255,1,8,9,535.114,"ke ro",R,26,82,134,2.587,1.819,0.392,1.843,0.958,2.391,-36.566,39.274,100,0,0,1,109.876,-150,11.11,0,0,4,7,R,"うよすま",160,82.375,0.502,,83,W,Y,0,,,,,,,,,,,,,,,,,,,,,,,,,,,,0,0,,,,,,,,,,,,,549.243,547.905,,,,,,,,,,,,,,,,,,,,,,,,-0.088,-37.628,-0.05,-17.577,-19.433,-46.326,-12.064,-63.257,19.34,-41.604,11.565,-64.372,33.661,-94.359,-2.861,-109.777,-44.188,-93.242,,,,"",,,,"",,,,"",,,,"",,,,"",,,,"",,,,"",,,,"",,,,539.086,-0.125,-37.251,,,,,,,,,,,,,,,,,,,,,,,,,,,,,,,,,,,,,,,,,,,,,,,,,,,,"",0,0,"",537.655,537.699,,0,""
11,,1,1,1,0,2,0,0,0,1,1,255,1,8,10,549.703,"ke ro",R,26,86,140,-0.607,-1.477,0.141,1.434,-0.28,0.66,-36.566,8.774,51,49,0,1,8.119,-150,26.2,0,0,4,7,R,"うよすま",160,82.375,0.502,,83,W,Y,0,,,,,,,,,,,,,,,,,,,,,,,,,,,,0,0,,,,,,,,,,,,,561.968,562.144,,,,,,,,,,,,,,,,,,,,,,,,-0.041,-37.654,-0.056,-17.578,-19.531,-46.409,-12.05,-63.257,19.727,-43.328,10.503,-65.415,36.567,-85.624,-2.846,-109.797,-44.175,-93.22,,,,"",,,,"",,,,"",,,,"",,,,"",,,,"",,,,"",,,,"",,,,554.683,-0.043,-37.148,,,,,,,,,,,,,,,,,,,,,,,,,,,,,,,,,,,,,,,,,,,,,,,,,,,,"",0,0,"",552.031,552.276,,0,""
12,,1,1,1,0,3,0,0,0,1,1,255,1,8,11,562.426,"ke ro",R,10,71,113,1.532,0.378,0.354,1.83,0.657,2.388,-36.566,33.201,100,0,0,4,0,400,11.856,0,0,4,7,R,"うよすま",160,82.375,0.502,,83,W,Y,1,,,,,,,,,,,,,,,,,,,,,,,,,,,,0,0,,,,,,,,,,,,,575.8,575.933,,,,,,,,,,,,,,,,,,,,,,,,-0.053,-37.576,-0.06,-17.584,-19.116,-45.957,-13.407,-62.852,20.032,-40.796,10,-65.348,36.609,-85.628,-2.833,-109.907,-44.152,-93.164,,,,"",,,,"",,,,"",,,,"",,,,"",,,,"",,,,"",,,,"",,,,567.267,0.076,-37.181,,,,,,,,,,,,,,,,,,,,,,,,,,,,,,,,,,,,,,,,,,,,,,,,,,,,"",0,0,"",564.836,565.222,,0,""
13,,1,1,1,0,3,1,0,0,1,1,255,1,8,12,576.439,"ke ro",R,14,71,111,1.448,-0.743,0.224,1.704,-0.034,1.756,-36.566,15.711,100,0,0,2,354.319,352.786,35.846,0,0,4,7,R,"うよすま",160,82.375,0.502,3,83,W,Y,1,577.53,243,104,112,59,17,145,87,-87.673,-12.31,0.336,0.463,-19.237,-0.44,0,0.386,-579.425,-134.681,-78.277,577.284,0.34,-19.253,580.084,1,0.765,3.384,-21.166,0,0,,582.636,,,,,,,,,,,601.826,,582.985,4,,147,64,,,,,,,,,,,,,,,,,,,0.021,-37.756,-0.039,-17.615,-18.323,-46.056,-13.412,-62.87,19.753,-42.987,12.108,-64.966,36.572,-85.69,-2.573,-110.651,-43.443,-91.725,0.168,-37.802,,"encounter v",-0.063,-17.639,130,"-라후이-",-18.732,-46.164,88,"Rite_",-13.451,-63.014,,"かめかめん",19.76,-42.989,,"_송글_",11.04,-64.819,,"Kr_Luna",36.538,-85.677,,"Yes_Man_",-2.377,-110.535,,"ByeolBam",-43.602,-91.646,,586.811,-0.467,-38.583,580.285,0.798,-21.105,582.345,-18.997,-38.802,,,,,,,,,,,,,,,,,,,,,,581.354,-1.526,-22.926,585.929,-14.875,-39.103,,,,,,,,,,,,,,,,,,,"",2,0,"encounter v",583.723,585.356,,68,""
14,,1,1,1,0,0,1,1,0,1,1,255,1,8,13,602.882,"ke ro",R,10,78,118,1.544,0.173,0.291,1.728,0.498,1.823,-36.566,34.535,100,0,0,2,0,400,-0.927,0,0,4,4,R,"소솨소솨",190,80,0.501,3,83,W,Y,1,604.026,255,100,81,96,45,145,108,-19.892,11.927,0.129,0.694,-20.504,0.05,0,0.531,-457.199,381.017,-76.128,603.807,-0.265,-22.348,608.095,7,-9.92,0.057,-93.524,1,0,,610.127,,,,,,,609.233,,608.472,,,603.036,,,,,,,,,,,,,,,,,,,,,,,,-0.151,-37.642,-0.077,-17.504,-18.296,-46.927,-14.775,-62.188,19.276,-44.242,12.618,-64.952,38.422,-96.398,-3.27,-110.509,-44.071,-90.795,0.141,-37.929,,"encounter v",-0.051,-17.502,,"-라후이-",-19.614,-48.15,,"Rite_",-14.769,-61.71,,"かめかめん",18.688,-44.788,,"_송글_",12.231,-64.785,85,"Kr_Luna",38.45,-96.386,,"Yes_Man_",-3.017,-110.472,113,"ByeolBam",-43.879,-90.805,,616.382,-0.213,-38.173,,,,,,,,,,,,,610.521,-0.362,-60.097,,,,608.361,-10.295,-94.901,,,,,,,,,,,,,,,,,,,615.509,0.54,-52.097,,,,609.308,-7.744,-87.684,,,,"",2,0,"Yes_Man_",,609.233,608.472,34,""
15,,1,1,2,0,0,0,1,1,0,1,4,255,1,14,631.617,"ke ro",R,26,78,129,1.21,1.866,0.317,1.887,0.384,2.484,-36.566,35.634,97,3,0,1,104.361,-150,20.565,0,0,5,5,L,"하루（Haru）",169.7,85,0.397,,83,W,Y,0,,,,,,,,,,,,,,,,,,,,,,,,,,,,0,0,,,,,,634.652,,,,,,,,636.436,,,,,,,,,,,,,,,,,,639.771,3,,,,,-0.045,-37.71,-0.003,-17.594,-20.063,-40.371,-12.144,-63.289,20.208,-44.239,9.642,-66.163,43.733,-89.577,7.847,-119.15,-45.044,-92.691,,,,"",,,,"",,,,"",,,,"",,,,"",,,,"",,,,"",,,,"",,,,655.727,0.013,-37.535,,,,,,,,,,,,,,,,,,,,,,,,,,,,,,,,,,,,,,,,,,,,,,,,,,,,"",0,0,"",634.652,633.787,,0,""
16,,1,1,2,0,1,0,1,0,1,1,255,4,1,15,667.656,"ke ro",R,26,87,140,-2.733,-2.501,-0.024,1.308,-1.2,0.042,-36.566,16.845,52,48,0,1,6.885,-150,19.205,0,0,5,5,L,"하루（Haru）",169.7,85,0.397,,83,W,Y,0,,,,,,,,,,,,,,,,,,,,,,,,,,,,0,0,,,,,,,,,,,,,667.899,680.989,,,,,,,,,,,,,,,,,,,,,,,,-0.203,-37.566,-0.037,-17.497,-18.622,-45.752,-11.668,-64.564,19.567,-45.538,12.38,-65.063,43.821,-89.509,5.494,-118.92,-41.081,-99.441,,,,"",,,,"",,,,"",,,,"",,,,"",,,,"",,,,"",,,,"",,,,671.421,-0.244,-37.363,,,,,,,,,,,,,,,,,,,,,,,,,,,,,,,,,,,,,,,,,,,,,,,,,,,,"",0,0,"",670.823,670.227,,0,""
17,,1,1,2,0,2,0,1,0,1,1,255,4,1,16,681.478,"ke ro",R,26,77,128,1.049,-0.096,0.338,1.647,0.429,1.381,-36.566,28.389,60,40,0,2,11.534,-150,19.54,0,0,5,5,L,"하루（Haru）",169.7,85,0.397,3,83,W,Y,1,682.593,236,107,119,69,33,145,97,26.382,-33.674,0.183,0.783,-19.089,0.94,0,0.166,294.547,-492.555,175.02,,,,687.495,6,54.031,2.566,-83.823,0,0,,688.046,,,,,,,,,693.437,,689.845,688.087,687.743,5,,455,0,,,,,,,,,,,,,,,,,,,-0.013,-38.123,-0.041,-17.433,-18.883,-44.349,-9.482,-64.315,20.203,-46.142,13.811,-64.473,43.817,-89.512,5.351,-119.084,-36.109,-95.973,0.072,-37.963,,"encounter v",-0.047,-17.455,102,"-라후이-",-18.912,-44.354,,"Rite_",-9.41,-64.078,99,"かめかめん",20.19,-46.113,,"_송글_",13.432,-64.388,,"Kr_Luna",43.774,-89.555,87,"Yes_Man_",5.422,-119.044,,"ByeolBam",-36.111,-95.972,,698.119,-0.047,-37.369,693.997,0.561,-20.739,,,,691.597,5.746,-60.788,,,,,,,687.754,54.686,-84.397,,,,,,,,,,697.249,0.209,-21.675,,,,692.321,6.46,-57.019,,,,,,,688.594,53.628,-84.575,,,,,,,"",1,0,"Kr_Luna",689.707,686.167,693.437,321,""
18,,1,1,3,0,0,0,2,0,1,0,255,4,255,17,714.707,"ke ro",R,26,61,115,4.007,1.108,0.553,1.812,1.598,2.075,-36.566,49.58,100,0,0,4,87.955,-150,8.15,0,0,6,6,R,"_Gosomi",175.2,86.368,0.484,,83,W,Y,1,,,,,,,,,,,,,,,,,,,,,,,,,,,,0,0,,,,,,,,,,,,,715.19,,,,,,,,,,,,,,,,,,,,,,,,,0.006,-37.848,-0.058,-17.484,-18.845,-45.525,-14.056,-61.778,20.539,-47.074,11.123,-65.617,54.213,-85.257,-6.707,-119.929,-43.891,-89.134,,,,"",,,,"",,,,"",,,,"",,,,"",,,,"",,,,"",,,,"",,,,718.692,-0.371,-37.348,,,,,,,,,,,,,,,,,,,,,,,,,,,,,,,,,,,,,,,,,,,,,,,,,,,,"",0,0,"",717.595,,,0,""
19,,1,1,3,0,0,1,2,0,1,0,255,4,255,18,730.68,"ke ro",R,26,90,140,-0.063,-0.76,0.196,1.517,0.026,1.022,-36.566,12.103,46,54,0,2,-45.446,-150,27.625,0,0,6,6,R,"_Gosomi",175.2,86.368,0.484,3,83,W,Y,1,731.791,196,44,69,122,48,143,127,4.116,13.234,-0.579,0.508,-19.685,0.35,0,0.365,-146.692,569.211,-120.336,732.673,-10.761,-55.914,740.551,8,-30.222,0.057,-127.295,1,0,,737.322,741.804,746.703,,,,,736.978,741.905,,,,,,,,,,,,,,,,,,,,,,,,,,,,0.016,-38.07,-0.057,-17.512,-19.022,-45.732,-14.068,-62.205,21.154,-45.242,12.574,-64.66,34.837,-87.706,-8.277,-109.304,-42.627,-91.236,0.162,-37.661,,"encounter v",-0.049,-17.575,,"-라후이-",-18.985,-45.488,,"Rite_",-14.011,-62.084,,"かめかめん",21.008,-45.379,,"_송글_",11.765,-64.761,85,"Kr_Luna",34.836,-87.706,,"Yes_Man_",-8.283,-109.307,,"ByeolBam",-42.629,-91.236,114,753.204,0.46,-38.647,,,,,,,,,,,,,744.762,-0.244,-59.758,,,,,,,740.741,-30.087,-126.592,,,,,,,,,,,,,,,,751.974,7.371,-59.532,,,,,,,741.793,-28.29,-122.114,"",2,0,"ByeolBam",741.804,736.978,741.905,18,""
20,,1,1,4,0,0,0,2,0,0,1,255,255,6,19,768.179,"ke ro",R,10,82,123,0.43,-2.104,0.234,1.482,0.18,0.931,-36.566,10.571,52,48,0,1,0,400,6.474,0,0,7,3,R,"CoalCat",160,83,0.397,,83,W,Y,0,,,,,,,,,,,,,,,,,,,,,,,,,,,,0,0,,,,,,,,,,,,,,,,,,,,,,,,,,,,,,,,,,,,,,0.035,-37.901,-0.07,-17.462,-17.551,-48.775,-15.363,-61.851,19.041,-46.455,12.501,-63.639,-5.019,-72.255,0.727,-78.943,-41.518,-96.563,,,,"",,,,"",,,,"",,,,"",,,,"",,,,"",,,,"",,,,"",,,,772.015,-0.14,-37.402,,,,,,,,,,,,,,,,,,,,,,,,,,,,,,,,,,,,,,,,,,,,,,,,,,,,"",0,0,"",,,,0,""
21,,1,1,4,0,1,0,2,0,0,1,255,255,6,20,781.278,"ke ro",R,26,106,140,1.693,0.008,0.28,1.562,0.711,1.446,-36.566,13.117,25,75,0,4,13.471,-150,24.364,0,0,7,3,R,"CoalCat",160,83,0.397,,83,W,Y,1,,,,,,,,,,,,,,,,,,,,,,,,,,,,0,0,,,,,,,,,,,,,,,,,,,,,,,,,,,,,,,,,,,,,,0.054,-37.826,-0.062,-17.486,-18.956,-47.312,-13.653,-61.7,20.691,-50.368,12.413,-63.798,-4.94,-72.264,17.336,-111.596,-41.486,-100.189,,,,"",,,,"",,,,"",,,,"",,,,"",,,,"",,,,"",,,,"",,,,784.899,-0.067,-37.363,,,,,,,,,,,,,,,,,,,,,,,,,,,,,,,,,,,,,,,,,,,,,,,,,,,,"",0,0,"",,,,0,""
22,,1,1,4,0,1,1,2,0,0,1,255,255,6,21,793.407,"ke ro",R,26,79,129,2.149,0.134,0.363,1.627,0.902,1.493,-36.566,20.556,70,30,0,2,15.474,-150,12.833,0,0,7,3,R,"CoalCat",160,83,0.397,3,83,W,Y,1,794.641,255,97,98,80,62,145,80,12.329,-24.976,0.399,0.85,-19.786,-0.79,0,0.397,156.595,-578.682,24.603,,,,796.273,4,14.45,2.521,-46.167,0,0,,,,,,,,,,,,,,795.635,796.526,7,,453,0,,,,,,,,,,,,,,,,,,,0.045,-37.832,-0.07,-17.475,-19.21,-47.143,-13.947,-62.533,18.585,-45.718,12.462,-63.727,-4.812,-72.245,18.129,-108.904,-41.447,-100.171,0.29,-37.841,,"encounter v",-0.046,-17.481,,"-라후이-",-18.672,-47.081,,"Rite_",-13.919,-62.499,,"かめかめん",18.593,-45.721,,"_송글_",12.992,-63.251,,"Kr_Luna",-4.18,-72.82,,"Yes_Man_",18.14,-108.879,,"ByeolBam",-41.465,-100.181,,,,,,,,,,,,,,796.537,14.796,-47.245,,,,,,,,,,,,,,,,,,,,,,,,,,,,,,,,,,,,,,,,"",1,0,"かめかめん",,,,8,""
23,SIDE,1,1,4,0,0,0,2,0,0,1,255,255,6,,798.18,,,,,,,,,,,,,,,,,,,,,,,8,,,,,,,,,,,,,,,,,,,,,,,,,,,,,,,,,,,,,,,0,0,,,,,,,,,,,,,,,,,,,,,,,,,,,,,,,,,,,,,,,,,,,,,,,,,,,,,,,,,,,,,,,,,,,,,,,,,,,,,,,,,,,,,,,,,,,,,,,,,,,,,,,,,,,,,,,,,,,,,,,,,,,,,,,,,,,,,,,,,,,,,,,,,"",0,0,"",,,,0,""
24,,1,0,4,0,0,0,0,0,0,0,255,255,255,0,911.934,"_Chun",L,27,95,140,1.851,-0.105,-0.238,1.962,0.791,1.39,-36.669,31.702,84,16,0,1,19.112,-140.174,-14.355,0,0,0,0,R,"Yaksok~",173.3,80,0.328,,82,W,Y,0,,,,,,,,,,,,,,,,,,,,,,,,,,,,0,0,,,,,,,,,,,,,,,,,,,,,,,,,,,,,,,,,,,,,,0.04,-37.691,-0.019,-17.704,-19.906,-45.343,-13.154,-58.409,19.411,-45.594,10.078,-65.017,43.316,-98.888,0.57,-117.13,-46.278,-92.41,,,,"",,,,"",,,,"",,,,"",,,,"",,,,"",,,,"",,,,"",,,,,,,,,,,,,,,,,,,,,,,,,,,,,,,,,,,,,,,,,,,,,,,,,,,,,,,,,,"",0,0,"",,,,0,""
25,,1,0,4,0,1,0,0,0,0,0,255,255,255,1,927.509,"_Chun",L,26,90,140,0.506,0.745,-0.322,2.128,0.184,1.865,-36.669,47.467,76,24,0,2,34.162,-150,-7.905,0,0,0,0,R,"Yaksok~",173.3,80,0.328,3,56,W,Y,1,928.348,183,109,38,36,3,120,94,-30,34.385,0.123,1.082,-19.37,0.9,0,0.133,-434.09,116.561,397.467,928.007,-1.053,-21.088,929.418,2,-16.202,1.242,-41.247,0,0,,,,,,,,,,,,,,,931.163,0,,147,0,,,,,,,,,,,930.608,2,,,,,,,0.072,-37.752,-0.018,-17.722,-19.965,-45.27,-12.89,-59.413,19.355,-45.114,10.057,-65.041,42.351,-98.2,-0.335,-116.871,-45.883,-91.611,-0.441,-36.786,,"눈꽃",-0.035,-17.733,,"인생최패망자",-19.74,-45.063,107,"CoalCat",-12.788,-59.374,,"소솨소솨",19.29,-45.099,,"하루（Haru）",10.059,-65.043,,"_Gosomi",42.301,-98.176,,"うよすま",-0.363,-116.072,,"SUGUN",-45.896,-91.63,,933.25,-0.357,-38.213,,,,929.796,-16.699,-41.755,,,,,,,,,,,,,,,,,,,,,,,,,932.427,-17.211,-39.683,,,,,,,,,,,,,,,,,,,"",2,0,"인생최패망자",,,,257,""
26,,1,0,4,0,0,0,1,0,0,0,255,255,255,2,949.828,"_Chun",L,26,90,140,0.336,0.868,-0.34,2.142,0.169,1.942,-36.669,52.004,77,23,0,0,-9.948,-150,-11.89,0,0,1,7,R,"Yes_Man_",174.8,85.251,0.499,,83,W,Y,0,,,,,,,,,,,,,,,,,,,,,,,,,,,,0,0,,,,,,,,,,,,,,,,,,,,,,,,,,,,,,,,,,,,,,0.093,-37.547,-0.023,-17.676,-18.708,-43.808,-13.699,-61.028,19.449,-46.941,10.583,-65.305,39.83,-95.485,-5.093,-110.789,-45.619,-91.194,,,,"",,,,"",,,,"",,,,"",,,,"",,,,"",,,,"",,,,"",,,,953.348,0.064,-36.997,,,,,,,,,,,,,,,,,,,,,,,,,,,,,,,,,,,,,,,,,,,,,,,,,,,,"",0,0,"",,,,0,""
27,,1,0,4,0,0,1,1,0,0,0,255,255,255,3,960.062,"_Chun",L,14,75,102,-3.634,-0.638,-0.605,2.104,-0.826,1.734,-36.669,52.535,82,18,0,4,-358.6,316.928,-3.616,0,0,1,7,R,"Yes_Man_",174.8,85.251,0.499,,83,W,Y,1,,,,,,,,,,,,,,,,,,,,,,,,,,,,0,0,,,,,,,,,,,,,,,,,,,,,,,,,,,,,,,,,,,,,,-0.034,-37.478,-0.037,-17.687,-18.144,-43.564,-13.686,-61.046,19.648,-46.868,10.184,-65.517,42.158,-98.938,-4.344,-113.621,-45.495,-91.316,,,,"",,,,"",,,,"",,,,"",,,,"",,,,"",,,,"",,,,"",,,,964.264,-0.079,-37.712,,,,,,,,,,,,,,,,,,,,,,,,,,,,,,,,,,,,,,,,,,,,,,,,,,,,"",0,0,"",,,,0,""
28,,1,0,4,0,0,2,1,0,0,0,255,255,255,4,971.246,"_Chun",L,26,94,140,1.462,-0.416,-0.281,1.908,0.592,1.204,-36.669,35.991,80,20,0,2,39.473,-150,-14.292,0,0,1,7,R,"Yes_Man_",174.8,85.251,0.499,3,83,W,Y,1,972.301,185,63,82,49,23,142,86,28.36,10.94,0.293,0.751,-19.825,-0.7,0,0.311,491.156,37.686,-342.558,976.973,-13.227,-91.343,977.34,7,-13.342,0.205,-91.893,1,0,,978.112,,,,,,,,,,,,,,,,,,,,,,,,,,,,,,981.909,5,,,,,0.124,-37.701,-0.009,-17.79,-18.498,-43.585,-13.68,-61.095,19.182,-46.911,10.239,-65.624,40.022,-100.252,-2.783,-112.512,-45.384,-91.605,-0.354,-36.73,,"눈꽃",0.027,-17.866,,"인생최패망자",-18.271,-43.333,,"CoalCat",-13.551,-60.955,,"소솨소솨",19.344,-46.797,,"하루（Haru）",10.219,-65.584,63,"_Gosomi",39.917,-100.183,,"うよすま",-2.936,-112.519,99,"SUGUN",-45.193,-91.808,,986.878,5.313,-40.915,,,,,,,,,,,,,980.228,-0.465,-59.157,,,,977.73,-12.607,-93.342,,,,,,,,,,,,,,,,,,,985.56,0.071,-57.082,,,,978.688,-11.828,-88.549,,,,"",2,0,"うよすま",,,,296,""
29,,1,0,4,0,0,0,1,1,0,0,17,255,255,5,1001.973,"_Chun",L,14,87,126,0.026,-0.081,-0.279,2.112,0.371,1.859,-36.669,41.899,75,25,0,2,-303.174,397.6,-30.034,0,0,2,4,R,"かめかめん",190,95.2,0.539,3,83,W,Y,1,1003.065,157,122,74,124,72,145,130,-4.291,32.61,-0.005,0.848,-19.405,0.31,0,0.269,99.579,-590.705,33.932,1002.995,-5.187,-27.718,1003.884,2,-13.998,0.074,-41.438,0,0,,,,,,1006.882,,,,,,,,,1006.665,1,1,166,1,1008.625,2,,147,32,,,,,,,,1005.989,5,,,,,0.058,-37.8,-0.01,-17.739,-17.808,-39.669,-13.07,-58.669,19.985,-45.613,10.05,-60.731,41.776,-103.97,-3.313,-113.231,-34.554,-77.812,-0.436,-36.978,,"눈꽃",-0.044,-17.719,,"인생최패망자",-16.879,-41.665,112,"CoalCat",-12.691,-57.896,,"소솨소솨",19.111,-45.341,,"하루（Haru）",10.055,-60.734,103,"_Gosomi",41.391,-103.721,,"うよすま",-3.373,-113.214,,"SUGUN",-34.388,-78.182,,,,,,,,1004.211,-14.505,-41.917,,,,,,,1005.8,0.633,-59.183,,,,,,,,,,,,,,,,1004.931,-12.04,-44.493,,,,,,,1006.924,-3.133,-55.733,,,,,,,,,,"",2,0,"인생최패망자",1006.882,,,33,""
30,SIDE,1,0,4,0,0,0,2,0,0,0,255,255,255,,1010.848,,,,,,,,,,,,,,,,,,,,,,,3,,,,,,,,,,,,,,,,,,,,,,,,,,,,,,,,,,,,,,,0,0,,,,,,,,,,,,,,,,,,,,,,,,,,,,,,,,,,,,,,,,,,,,,,,,,,,,,,,,,,,,,,,,,,,,,,,,,,,,,,,,,,,,,,,,,,,,,,,,,,,,,,,,,,,,,,,,,,,,,,,,,,,,1038.088,-19.608,-42.666,,,,,,,,,,,,,,,,,,,"",0,0,"",,,,0,""
31,,2,1,4,0,0,0,0,0,0,0,255,255,255,22,1060.508,"ke ro",R,3,63,106,1.313,0.802,0.489,1.788,1.429,2.126,-36.566,48.702,100,0,0,0,-453.826,0,-0.997,0.21,-18.417,8,0,L,"_Chun",190,80,0.445,,83,W,Y,0,,,,,,,,,,,,,,,,,,,,,,,,,,,,0,0,,,,,,,,,,,,,,,,,,,,,,,,,,,,,,,,,,,,1071.16,1,-0.136,-37.657,-0.042,-17.494,-17.234,-46.886,-13.599,-64.374,20.721,-47.203,14.751,-62.767,45.363,-94.23,1.789,-115.548,-41.643,-96.523,,,,"",,,,"",,,,"",,,,"",,,,"",,,,"",,,,"",,,,"",,,,,,,,,,,,,,,,,,,,,,,,,,,,,,,,,,,,,,,,,,,,,,,,,,,,,,,,,,"",0,0,"",,,,0,""
32,,2,1,4,0,0,0,0,0,0,0,255,255,255,23,1086.88,"ke ro",R,14,81,119,1.547,-0.878,0.221,1.647,0.142,1.505,-36.566,19.672,70,30,0,2,317.111,386.575,22.462,0,0,8,0,L,"_Chun",190,80,0.445,3,83,W,Y,1,1087.928,243,182,95,96,73,145,111,-30,-56.056,0.301,0.629,-19.996,0.93,0,0.554,547.2,241.831,-45.714,1087.562,1.752,-20.977,,,,,,0,0,,,,,,,,,,,,,,,,,,,,,,,,,,,,,,,,,,,,,,0.002,-37.979,-0.032,-17.507,-18.046,-44.32,-13.68,-63.596,20.622,-46.963,14.746,-63.167,45.375,-94.224,5.238,-111.851,-40.398,-104.388,0.19,-37.754,,"encounter v",-0.043,-17.511,,"-라후이-",-17.931,-43.931,,"Rite_",-13.552,-63.491,,"かめかめん",20.609,-46.954,,"_송글_",14.966,-62.971,,"Kr_Luna",45.38,-94.233,,"Yes_Man_",5.161,-111.896,,"ByeolBam",-38.395,-102.896,,,,,,,,,,,,,,,,,,,,,,,,,,,,,,,,,,,,,,,,,,,,,,,,,,,,,,,,"",3,0,"",,,,0,""
33,,2,1,4,0,0,1,0,0,0,0,255,255,255,24,1100.831,"ke ro",R,10,82,123,0.764,-0.34,0.275,1.754,0.325,1.835,-36.566,26.341,100,0,0,2,0,400,11.358,0,0,8,0,L,"_Chun",190,80,0.445,3,83,W,Y,1,1101.849,255,165,82,75,40,145,130,1.163,-25.578,0.317,0.906,-19.953,0.39,0,0.342,159.694,-573.336,76.05,1102.307,14.475,-47.214,1104.451,6,36.749,0.056,-86.343,1,0,,1107.722,,,,,,,,,,,,,,,,,,,,,,,,,,,,,,1107.858,3,,,,,0.001,-37.867,-0.001,-17.545,-17.653,-40.02,-13.653,-63.791,21.64,-46.254,15.166,-63.815,46.073,-92.804,10.26,-122.035,-41.488,-99.5,0.082,-37.883,,"encounter v",-0.001,-17.547,,"-라후이-",-16.401,-42.822,,"Rite_",-13.142,-62.735,85,"かめかめん",21.526,-46.534,,"_송글_",15.641,-63.283,,"Kr_Luna",45.8,-92.98,114,"Yes_Man_",10.13,-122.2,,"ByeolBam",-41.474,-99.483,,1110.685,0.333,-38.913,,,,,,,1107.231,0.967,-59.933,,,,,,,1104.803,37.36,-86.963,,,,,,,,,,,,,,,,1109.583,-1.088,-57.836,,,,,,,1105.476,34.435,-84.718,,,,,,,"",2,0,"Kr_Luna",,,,48,""
34,,2,1,4,0,0,0,0,1,0,0,0,255,255,25,1127.478,"ke ro",R,27,72,124,3.085,1.64,0.385,1.889,1.203,2.508,-36.566,52.376,98,2,0,1,81.976,-129.037,0.412,0,0,0,2,R,"인생최패망자",190,80,0.396,,82,W,Y,0,,,,,,,,,,,,,,,,,,,,,,,,,,,,0,0,,,,,,,,,,,,1140.406,,,,,,,,,,,,,,,,,,,,,,,,,,-0.007,-38.2,-0.018,-17.531,-19.615,-40.797,-13.51,-64.269,20.615,-46.778,12.552,-59.532,36.885,-87.495,11.799,-125.187,-43.801,-93.396,,,,"",,,,"",,,,"",,,,"",,,,"",,,,"",,,,"",,,,"",,,,1130.952,-0.24,-37.42,,,,,,,,,,,,,,,,,,,,,,,,,,,,,,,,,,,,,,,,,,,,,,,,,,,,"",0,0,"",,,,0,""
35,,2,1,4,0,1,0,0,1,0,0,0,255,255,26,1140.966,"ke ro",R,26,80,131,0.705,-0.758,0.27,1.503,0.372,0.993,-36.566,17.341,58,42,0,0,-50.155,-150,7.364,0,0,0,2,R,"인생최패망자",190,80,0.396,,82,W,Y,0,,,,,,,,,,,,,,,,,,,,,,,,,,,,0,0,,,,,,,,,,,,1154.55,,,,,,,,,,,,,,,,,,,,,,,,,,-0.063,-37.746,-0.018,-17.535,-18.613,-44.458,-14.33,-63.298,20.586,-46.874,10.659,-61.119,36.846,-87.532,11.45,-121.814,-43.021,-96.124,,,,"",,,,"",,,,"",,,,"",,,,"",,,,"",,,,"",,,,"",,,,1144.666,-0.289,-37.365,,,,,,,,,,,,,,,,,,,,,,,,,,,,,,,,,,,,,,,,,,,,,,,,,,,,"",0,0,"",,,,0,""
36,,2,1,4,0,1,1,0,1,0,0,0,255,255,27,1154.892,"ke ro",R,6,71,113,1.944,-0.36,0.217,1.655,0.075,1.387,-36.566,16.843,100,0,0,2,430.815,0,21.163,0,0,0,2,R,"인생최패망자",190,80,0.396,3,82,W,Y,1,1156.008,211,250,130,146,69,145,95,-72.2,56.759,0.356,0.89,-20.495,-0.61,0,0.493,180.957,-512.82,-253.516,1155.595,-0.05,-20.763,1158.351,2,-22.05,2.919,-35.298,0,0,,,,,,,,,,,,1177.785,,,,,,,,,,,,,,,,,,,,,,,,,,0.016,-37.984,-0.038,-17.522,-18.824,-42.174,-14.283,-63.513,20.807,-47.148,11.54,-62.634,39.617,-90.087,11.315,-121.83,-43.66,-96.829,0.139,-37.862,,"encounter v",-0.032,-17.554,,"-라후이-",-19.575,-43.312,,"Rite_",-14.169,-63.344,,"かめかめん",20.8,-47.137,,"_송글_",11.289,-62.766,,"Kr_Luna",39.616,-90.092,,"Yes_Man_",11.416,-121.813,,"ByeolBam",-43.671,-96.832,,,,,,,,1158.754,-22.205,-35.529,,,,,,,,,,,,,,,,,,,,,,,,,,,,,,,,,,,,,,,,,,,,,,"",3,0,"-라후이-",,,,128,""
37,,2,1,4,0,1,2,0,1,0,0,0,255,255,28,1178.778,"ke ro",R,26,84,136,0.841,-0.462,0.261,1.585,0.329,1.184,-36.566,16.397,57,43,0,2,20.681,-150,11.105,0,0,0,2,R,"인생최패망자",190,80,0.396,3,82,W,Y,1,1179.836,197,170,106,134,51,145,91,13.046,-36.731,0.156,0.848,-20.483,-0.76,0,0.42,72.233,-595.031,26.839,,,,1181.14,4,19.336,3.059,-43.693,0,0,,,,,,,,,,,,1201.193,,,1181.52,0,,453,0,,,,,,,,,,,,,,,,,,,-0.023,-37.825,-0.043,-17.659,-19.021,-43.512,-15.215,-62.539,19.842,-44.857,11.075,-63.52,43.595,-97.878,9.795,-124.308,-42.551,-94.903,0.203,-37.813,,"encounter v",-0.019,-17.681,,"-라후이-",-19.15,-42.424,86,"Rite_",-15.135,-62.376,,"かめかめん",19.596,-45.716,92,"_송글_",11.041,-63.458,,"Kr_Luna",43.523,-97.977,,"Yes_Man_",9.73,-124.279,,"ByeolBam",-43.508,-96.253,,1187.496,-0.746,-38.469,,,,1184.178,-17.886,-39.423,,,,1181.531,19.898,-44.47,,,,,,,,,,,,,,,,,,,1186.489,-17.353,-39.39,,,,1182.267,18.504,-44.276,,,,,,,,,,,,,"",1,0,"かめかめん",,,,132,""
38,,2,1,4,0,0,0,1,1,0,0,0,255,255,29,1201.809,"ke ro",R,3,63,106,-0.41,0.676,0.402,1.67,0.708,2.029,-36.566,26.664,70,30,0,2,-465.18,0,3.92,0,0,1,8,R,"SUGUN",181.4,82,0.5,3,82,W,Y,1,1203.068,255,128,110,67,26,145,128,96.77,-68.117,-0.109,1.178,-19.998,0.58,0,0.415,455.25,-372.411,118.563,,,,,,,,,0,0,,,,,,,,,,,,1218.231,,,,,,,,,,,,,,,,,,,,,,,,,,0.032,-37.735,-0.041,-17.671,-19.473,-40.373,-15.599,-62.738,20.334,-46.558,11.219,-62.364,39.822,-91.504,-17.625,-109.811,-44.206,-89.992,0.185,-37.519,,"encounter v",-0.013,-17.686,,"-라후이-",-18.516,-42.801,,"Rite_",-15.496,-62.614,,"かめかめん",20.318,-46.546,,"_송글_",10.367,-62.391,,"Kr_Luna",39.78,-91.547,,"Yes_Man_",-15.227,-106.774,,"ByeolBam",-44.219,-90,,,,,,,,,,,,,,,,,,,,,,,,,,,,,,,,,,,,,,,,,,,,,,,,,,,,,,,,"",3,0,"",,,,0,""
39,,2,1,4,0,0,1,1,1,0,0,0,255,255,30,1219.388,"ke ro",R,3,75,114,-3.512,-1.426,0.127,1.524,-0.767,1.078,-36.566,21.766,50,50,0,2,-434.635,247.169,-1.624,0,0,1,8,R,"SUGUN",181.4,82,0.5,3,81,W,Y,1,1220.572,255,146,129,97,28,145,118,-22.586,22.531,-0.676,0.469,-21.194,0.82,0,0.357,-97.608,-59.672,-588.992,1220.196,-1.068,-22.138,1222.051,3,-11.142,0.534,-56.922,0,0,,1226.06,,,,1225.298,,,,,,,,,1224.379,8,1,166,16,1226.506,1,,147,64,,,,,,,,,,,,,,-0.202,-37.752,-0.045,-17.56,-19.496,-40.357,-15.403,-62.493,20.701,-46.934,11.598,-61.691,39.791,-91.624,-11.483,-105.34,-43.663,-91.709,-0.057,-37.817,,"encounter v",-0.029,-17.567,,"-라후이-",-18.986,-42.221,,"Rite_",-15.323,-62.341,87,"かめかめん",20.702,-46.944,,"_송글_",10.928,-61.741,86,"Kr_Luna",39.884,-91.511,,"Yes_Man_",-11.688,-105.223,,"ByeolBam",-43.654,-91.708,,,,,,,,1225.932,-18.123,-40.747,1222.499,-11.523,-57.871,,,,1223.75,-0.211,-59.561,,,,,,,,,,,,,,,,,,,1223.113,-8.871,-58.243,,,,1224.644,-2.124,-57.502,,,,,,,,,,"",2,0,"Rite_",1225.298,,,208,""
40,SIDE,2,1,4,0,0,0,2,0,0,0,255,255,255,,1228.717,,,,,,,,,,,,,,,,,,,,,,,2,,,,,,,,,,,,,,,,,,,,,,,,,,,,,,,,,,,,,,,0,0,,,,,,,,,,,,,,,,,,,,,,,,,,,,,,,,,,,,,,,,,,,,,,,,,,,,,,,,,,,,,,,,,,,,,,,,,,,,,,,,,,,,,,,,,,,,,,,,,,,,,,,,,,,,,,,,,,,,,,,,,,,,1228.794,-17.589,-39.985,,,,,,,,,,,,,,,,,,,"",0,0,"",,,,0,""
41,,2,0,4,0,0,0,0,0,0,0,255,255,255,6,1261.052,"_Chun",L,26,94,140,0.018,0.497,-0.364,2.097,-0.001,1.729,-36.669,43.583,83,17,0,2,16.501,-150,-16.886,0,0,3,8,R,"ByeolBam",175.3,90,0.5,3,81,W,Y,1,1262.074,245,64,148,75,37,145,127,109.168,-59.395,0.023,1.033,-19.574,0.54,0,0.228,507.994,316.272,43.755,,,,,,,,,0,0,,,,,,,,,,,,,,,,,,,,,,,,,,,,,,,,,,,,,,-0.027,-37.73,-0.001,-17.802,-18.488,-43.703,-14.002,-58.74,19.596,-47.81,9.99,-64.554,33.5,-103.7,-6.173,-113.918,-44.641,-88.696,-0.648,-36.877,,"눈꽃",-0.026,-17.871,,"인생최패망자",-18.129,-43.362,,"CoalCat",-14.955,-58.287,,"소솨소솨",19.748,-47.406,,"하루（Haru）",9.991,-64.565,,"_Gosomi",33.382,-103.669,,"うよすま",-5.965,-113.697,,"SUGUN",-44.52,-88.703,,,,,,,,,,,,,,,,,,,,,,,,,,,,,,,,,,,,,,,,,,,,,,,,,,,,,,,,"",3,0,"",,,,0,""
42,,2,0,4,0,0,1,0,0,0,0,255,255,255,7,1276.837,"_Chun",L,14,80,105,-3.361,-0.589,-0.624,2.134,-0.764,1.781,-36.669,53.674,74,26,0,1,-343.819,346.788,-19.354,0,0,3,8,R,"ByeolBam",175.3,90,0.5,,81,W,Y,0,,,,,,,,,,,,,,,,,,,,,,,,,,,,0,0,,,,,,,,,,,,,,,,,,,,,,,,,,,,,,,,,,,,,,-0.093,-37.527,-0.01,-17.878,-18.452,-43.507,-15.603,-58.155,19.492,-46.98,9.435,-65.177,31.271,-102.824,-6.148,-112.261,-43.91,-89.186,,,,"",,,,"",,,,"",,,,"",,,,"",,,,"",,,,"",,,,"",,,,,,,,,,,,,,,,,,,,,,,,,,,,,,,,,,,,,,,,,,,,,,,,,,,,,,,,,,"",0,0,"",,,,0,""
43,,2,0,4,0,1,1,0,0,0,0,255,255,255,8,1289.923,"_Chun",L,27,51,108,-2.089,2.887,-0.552,2.129,-0.863,3.137,-36.669,97.02,68,32,0,1,-15.515,-119.048,-1.809,0,0,3,8,R,"ByeolBam",175.3,90,0.5,,81,W,Y,0,,,,,,,,,,,,,,,,,,,,,,,,,,,,0,0,,,,,,,,,,,,,,,,,,,,,,,,,,,,,,,,,,,,,,-0.032,-38.164,-0.026,-17.899,-18.504,-43.613,-15.228,-58.867,19.505,-46.987,8.459,-65.577,31.353,-102.825,-6.084,-112.777,-44.464,-90.664,,,,"",,,,"",,,,"",,,,"",,,,"",,,,"",,,,"",,,,"",,,,,,,,,,,,,,,,,,,,,,,,,,,,,,,,,,,,,,,,,,,,,,,,,,,,,,,,,,"",0,0,"",,,,0,""
44,,2,0,4,0,2,1,0,0,0,0,255,255,255,9,1303.059,"_Chun",L,10,86,128,-1.57,0.642,-0.504,2.18,-0.672,2.419,-36.669,66.253,77,23,0,1,2.16,400,-2.547,0,0,3,8,R,"ByeolBam",175.3,90,0.5,,81,W,Y,0,,,,,,,,,,,,,,,,,,,,,,,,,,,,0,0,,,,,,,,,,,,,,,,,,,,,,,,,,,,,,,,,,,,,,0.025,-37.705,-0.001,-17.885,-18.519,-43.614,-14.893,-58.393,19.506,-46.958,8.906,-65.424,31.532,-102.946,-5.856,-113.243,-45.424,-92.251,,,,"",,,,"",,,,"",,,,"",,,,"",,,,"",,,,"",,,,"",,,,,,,,,,,,,,,,,,,,,,,,,,,,,,,,,,,,,,,,,,,,,,,,,,,,,,,,,,"",0,0,"",,,,0,""
45,,2,0,4,0,3,1,0,0,0,0,255,255,255,10,1315.417,"_Chun",L,27,97,140,1.715,0.389,-0.258,2.046,0.698,1.689,-36.669,36.076,80,20,0,2,41.829,-127.871,-13.703,0,0,3,8,R,"ByeolBam",175.3,90,0.5,3,81,W,Y,1,1316.244,196,96,114,61,30,145,86,101.189,-75.821,0.198,1.09,-19.625,-0.76,0,0.305,218.871,549.526,-100.585,,,,,,,,,0,0,,,,,,,,,,,,,,,,,,,,,,,,,,,,,,,,,,,,,,0.007,-37.702,-0.014,-17.863,-18.702,-43.724,-14.851,-58.371,19.521,-46.998,8.869,-65.406,33.457,-103.019,-5.278,-112.44,-45.759,-92.319,-0.226,-36.877,,"눈꽃",-0.024,-17.881,,"인생최패망자",-18.474,-43.458,,"CoalCat",-14.84,-58.382,,"소솨소솨",19.478,-46.95,,"하루（Haru）",8.869,-65.416,,"_Gosomi",33.82,-103.303,,"うよすま",-4.714,-112.453,,"SUGUN",-45.878,-92.064,,,,,,,,,,,,,,,,,,,,,,,,,,,,,,,,,,,,,,,,,,,,,,,,,,,,,,,,"",3,0,"",,,,0,""
46,,2,0,4,0,3,2,0,0,0,0,255,255,255,11,1329.443,"_Chun",L,14,85,109,1.194,0.348,0.039,2.193,1.268,2.258,-36.669,37.895,85,15,0,2,-386.885,312.348,-36.522,0,0,3,8,R,"ByeolBam",175.3,90,0.5,3,81,W,Y,1,1330.506,195,71,92,51,32,145,99,-2.864,-6.371,0.142,1.05,-20.443,-0.12,0,0.295,-102.552,590.195,33.953,1330.406,1.198,-31.654,1332.484,5,2.809,0.056,-60.981,0,0,,1336.053,,,,,,,,,,,,,1335.799,3,,147,32,,,,,,,,,,,,,,,,,,,0.141,-37.731,-0.014,-17.869,-18.388,-43.548,-14.922,-57.399,19.222,-46.628,9.45,-65.006,32.067,-103.832,-5.515,-112.161,-46.994,-92.635,0.087,-36.998,,"눈꽃",-0.053,-17.887,,"인생최패망자",-18.187,-43.336,99,"CoalCat",-14.865,-57.323,,"소솨소솨",18.928,-46.727,,"하루（Haru）",9.111,-65.068,96,"_Gosomi",32.047,-103.785,,"うよすま",-5.513,-112.081,,"SUGUN",-47.129,-92.447,,1338.435,0.671,-38.378,,,,1335.215,-17.995,-40.64,,,,,,,1332.928,2.943,-62.498,,,,,,,,,,,,,,,,1337.489,-16.93,-40.093,,,,,,,1333.878,0.241,-57.517,,,,,,,,,,"",2,0,"하루（Haru）",,,,289,""
47,,2,0,4,0,0,0,1,0,0,0,255,255,255,12,1358.522,"_Chun",L,27,97,140,2.548,0.103,-0.179,1.994,1.067,1.497,-36.669,32.798,75,25,0,2,40.738,-146.285,-19.2,0,0,4,3,R,"Rite_",169.8,80,0.453,3,82,W,Y,1,1359.541,255,102,81,62,38,145,84,-74.182,-62.593,0.728,0.518,-19.273,-0.79,0,0.382,-416.511,-425.571,73.537,1359.073,0.97,-19.398,1361.773,4,16.483,1.643,-38.659,0,0,,1364.85,,,,,,,,,,,,,1364.759,4,,147,16,,,,,,,,,,,,,,,,,,,0.11,-37.616,0.001,-17.828,-18.135,-43.333,-13.187,-56.645,19.761,-47.402,9.948,-65.246,31.67,-103.611,-1.575,-108.799,-44,-89.07,-0.101,-36.978,,"눈꽃",-0.009,-17.853,,"인생최패망자",-18.325,-43.369,113,"CoalCat",-12.972,-56.716,,"소솨소솨",18.647,-46.625,120,"하루（Haru）",9.952,-65.248,,"_Gosomi",31.639,-103.08,,"うよすま",-2.512,-108.657,,"SUGUN",-43.371,-88.41,,1367.252,-0.574,-38.062,,,,1364.168,-17.876,-39.241,,,,1362.222,16.666,-39.358,,,,,,,,,,,,,,,,,,,1366.43,-16.95,-39.919,,,,1362.882,12.495,-38.702,,,,,,,,,,,,,"",2,0,"소솨소솨",,,,273,""
48,,2,0,4,0,0,0,2,0,0,0,255,255,255,13,1387.293,"_Chun",L,26,93,140,-2.04,0.206,-0.563,2.048,-0.909,1.592,-36.669,41.305,77,23,0,2,31.156,-150,-15.572,0,0,5,6,L,"Kr_Luna",190,95,0.498,3,82,W,Y,1,1388.038,128,93,96,90,41,139,90,110.325,56.869,-0.368,1.047,-19.767,-0.63,0,0.058,250.713,-541.265,64.614,,,,,,,,,0,0,,,,,,,,,,,,,,,,,,,,,,,,,,,,,,,,,,,,,,-0.14,-37.73,-0.052,-17.787,-15.651,-46.065,-10.033,-61.452,19.557,-46.475,13.731,-63.882,54.826,-97.718,21.465,-120.66,-35.129,-108.122,-0.724,-37.086,,"눈꽃",-0.113,-17.808,,"인생최패망자",-15.473,-45.772,,"CoalCat",-10.081,-60.432,,"소솨소솨",19.502,-46.332,,"하루（Haru）",13.728,-63.875,,"_Gosomi",54.8,-97.864,,"うよすま",21.231,-119.764,,"SUGUN",-35.226,-108.051,,,,,,,,,,,,,,,,,,,,,,,,,,,,,,,,,,,,,,,,,,,,,,,,,,,,,,,,"",3,0,"",,,,0,""
49,,2,0,4,0,0,1,2,0,0,0,255,255,255,14,1402.742,"_Chun",L,14,81,106,-1.789,-0.021,-0.403,2.226,-0.063,2.048,-36.669,51.532,79,21,0,2,-359.525,332.87,-16.538,0,0,5,6,L,"Kr_Luna",190,95,0.498,3,82,W,Y,1,1403.625,153,98,140,89,46,145,112,26.632,-17.505,-0.328,1.026,-20.517,0.1,0,0.094,575.298,-164.933,42.773,,,,1408.651,7,32.891,2.716,-112.802,0,0,,1409.277,,,,,,,,,,,,,1409.139,5,,456,0,,,,,,,,,,,,,,,,,,,0.01,-37.753,-0.051,-17.784,-16.066,-46.051,-10.811,-62.18,19.857,-45.93,13.38,-64.245,57.727,-98.451,17.846,-122.264,-34.137,-108.663,-0.363,-37.134,,"눈꽃",-0.078,-17.784,,"인생최패망자",-15.373,-45.188,,"CoalCat",-10.751,-62.09,,"소솨소솨",19.776,-45.957,,"하루（Haru）",13.378,-64.239,,"_Gosomi",57.733,-98.44,,"うよすま",17.857,-122.261,100,"SUGUN",-33.975,-108.615,,,,,,,,,,,,,,,,,1412.098,13.737,-78.509,,,,1409.151,33.217,-113.958,,,,,,,,,,,,,,,,,,,,,,,,,1410.446,31.328,-108.665,,,,"0:-5",1,0,"うよすま",,,,40,""
50,SIDE,2,0,4,0,0,0,2,0,0,0,255,255,255,,1412.68,,,,,,,,,,,,,,,,,,,,,,,6,,,,,,,,,,,,,,,,,,,,,,,,,,,,,,,,,,,,,,,0,0,,,,,,,,,,,,,,,,,,,,,,,,,,,,,,,,,,,,,,,,,,,,,,,,,,,,,,,,,,,,,,,,,,,,,,,,,,,,,,,,,,,,,,,,,,,,,,,,,,,,,,,,,,,,,,,,,,,,,,,,,,,,,,,,,,,,,,,,,,,,,,,,,"",0,0,"",,,,0,""
51,,3,1,4,0,0,0,0,0,0,0,255,255,255,31,1472.404,"ke ro",R,26,84,137,-1.73,-1.171,0.048,1.444,-0.797,0.742,-36.566,8.569,51,49,0,2,30.083,-150,16.919,0,0,2,1,L,"눈꽃",190,80,0.505,3,82,W,Y,0,1473.404,255,120,122,93,30,145,130,32.72,-2.423,-0.321,0.569,-20.353,0.56,0,0.51,-224.189,-368.954,-416.668,1477.896,17.215,-128.992,1479.484,7,17.893,0.402,-132.408,1,0,,1478.979,1483.461,,,,,,,,,,,,,,,,,,,,,,,,,,,,,,,,,,,-0.151,-37.552,-0.007,-17.665,-18.309,-44.86,-13.987,-63.705,21.036,-47.5,13.943,-64.245,43.25,-97.223,2.416,-122.035,-38.317,-102.682,0.079,-37.398,,"encounter v",-0.019,-17.656,,"-라후이-",-18.516,-44.607,,"Rite_",-13.982,-63.699,84,"かめかめん",21.023,-47.504,,"_송글_",13.856,-64.067,,"Kr_Luna",43.249,-97.22,,"Yes_Man_",5.103,-122.268,100,"ByeolBam",-37.948,-102.439,,1488.15,0.297,-38.749,,,,,,,1484.567,0.559,-62.642,,,,,,,,,,1480.064,17.74,-131.298,,,,,,,,,,,,,1486.97,0.322,-58.499,,,,,,,,,,1481.301,18.829,-125.54,,,,"",2,0,"Yes_Man_",1483.461,,,18,""
52,,3,1,4,0,0,0,0,0,1,0,255,1,255,32,1502.161,"ke ro",R,26,83,135,0.67,0.68,0.272,1.747,0.245,1.79,-36.566,27.399,100,0,0,2,27.372,-150,9.71,0,0,3,7,R,"うよすま",160,82.375,0.472,3,82,W,Y,1,1503.17,223,83,140,75,32,145,88,102.011,68.458,0.124,1.046,-20.463,-0.39,0,0.373,-34.399,585.231,-127.756,,,,,,,,,0,0,,,,,,,,,,,,,1517.233,,,,,,,,,,,,,,,,,,,,,,,,,-0.123,-37.638,-0.093,-17.613,-19.176,-44.379,-13.468,-62.116,21.608,-46.534,9.52,-62.328,-11.937,-87.487,0.193,-118.799,-45.628,-95.67,0.184,-37.71,,"encounter v",-0.09,-17.614,,"-라후이-",-18.815,-44.786,,"Rite_",-13.351,-61.905,,"かめかめん",21.672,-46.968,,"_송글_",6.655,-61.564,,"Kr_Luna",-10.58,-89.258,,"Yes_Man_",1.536,-123.644,,"ByeolBam",-44.773,-95.472,,,,,,,,,,,,,,,,,,,,,,,,,,,,,,,,,,,,,,,,,,,,,,,,,,,,,,,,"",3,0,"",1505.47,,,0,""
53,,3,1,4,0,0,1,0,0,1,0,255,1,255,33,1517.875,"ke ro",R,26,78,128,-0.042,-1.061,0.237,1.514,-0.051,0.86,-36.566,16.858,55,45,0,2,16.669,-150,15.123,0,0,3,7,R,"うよすま",160,82.375,0.472,3,82,W,Y,1,1518.866,167,135,103,117,26,145,122,-3.194,-17.436,-0.009,0.564,-20.319,0.62,0,0.335,-132.85,542.995,-217.962,1518.529,2.054,-27.089,1520.062,5,11.937,0.056,-57.232,1,0,,1524.136,,,,,,,,,,,1531.621,,,,,,,,,,,,,,,,,,,,,,,,,-0.087,-37.628,-0.024,-17.778,-20.192,-43.185,-13.415,-61.676,23.009,-47.46,9.964,-63.107,-8.296,-92.001,34.568,-109.825,-45.707,-96.271,0.166,-37.816,,"encounter v",-0.064,-17.754,,"-라후이-",-19.586,-43.186,,"Rite_",-14.298,-62.212,,"かめかめん",22.972,-47.465,,"_송글_",11.979,-61.608,97,"Kr_Luna",-8.466,-91.829,,"Yes_Man_",32.073,-106.822,,"ByeolBam",-45.756,-101.006,,1571.852,0.004,-38.105,,,,,,,,,,1533.094,28.564,-30.044,1520.53,12.2,-58.157,,,,,,,,,,,,,,,,,,,,,,,,,1525.718,12.533,-48.23,,,,,,,,,,"",2,0,"_송글_",1529.897,,,68,""
54,,3,1,4,0,0,0,0,1,0,0,7,255,255,34,1580.983,"ke ro",R,26,85,137,0.99,0.296,0.296,1.541,0.443,0.913,-36.566,17.525,57,43,0,2,29.556,-150,9.978,0,0,4,4,R,"소솨소솨",190,80,0.501,3,82,W,Y,1,1582.007,255,83,76,93,35,145,93,-50.899,-4.479,0.208,0.653,-20.075,-0.69,0,0.302,213.079,198.058,-524.757,1581.396,0.249,-20.618,1585.018,3,-10.014,0.233,-49.123,0,0,,1587.803,,,,,,1586.804,,,,,,,1587.629,4,,147,16,,,,,,,,,,,,,,,,,,,0.028,-38.175,-0.08,-17.472,-18.712,-44.343,-15.404,-62.788,20.366,-41.052,12.875,-64.655,38.316,-90.956,-6.135,-120.031,-43.889,-96.241,0.193,-37.653,,"encounter v",-0.079,-17.475,,"-라후이-",-18.461,-44.837,85,"Rite_",-15.145,-62.215,85,"かめかめん",19.562,-44.923,,"_송글_",12.703,-64.553,,"Kr_Luna",38.228,-91.041,,"Yes_Man_",-6.916,-122.233,,"ByeolBam",-43.894,-96.225,,1590.531,-1.233,-38.201,,,,1587.037,-18.429,-40.314,1585.64,-10.399,-49.596,,,,,,,,,,,,,,,,,,,,,,1589.533,-17.022,-39.901,1586.362,-11.549,-47.231,,,,,,,,,,,,,,,,"",2,0,"Rite_",,,1586.804,144,""
55,,3,1,4,1,0,0,1,0,0,0,255,255,255,35,1613.211,"ke ro",R,26,76,127,0.099,0.512,0.182,1.703,-0.025,1.722,-36.566,21.542,100,0,0,2,41.087,-150,12.239,0,0,5,5,L,"하루（Haru）",169.7,85,0.397,3,82,W,Y,1,1614.309,255,119,60,78,48,138,81,30.995,-18.481,0.013,1.013,-19.587,-0.74,0,0.192,428.869,-406.435,-104.315,1618.684,27.561,-80.721,1618.807,6,26.681,1.825,-79.078,0,0,,1619.54,,,,,,,,,,,,,1619.414,5,,455,0,,,,,,,,,,,,,,,,,,,-0.067,-37.826,-0.021,-17.522,-17.561,-46.709,-13.437,-62.257,22.091,-48.919,14.064,-64.001,43.51,-90.414,0.124,-120.322,-44.766,-96.089,0.094,-37.599,,"encounter v",-0.024,-17.523,,"-라후이-",-17.537,-45.815,,"Rite_",-13.58,-61.728,,"かめかめん",22.088,-48.92,,"_송글_",13.177,-64.281,,"Kr_Luna",43.42,-90.522,70,"Yes_Man_",-0.413,-118.307,,"ByeolBam",-44.776,-96.134,,1625.439,0.394,-38.333,,,,,,,,,,,,,,,,1619.426,26.958,-79.548,,,,,,,,,,,,,,,,,,,,,,,,,1622.687,19.757,-72.311,,,,,,,"",1,0,"Kr_Luna",,,,32,""
56,,3,1,6,0,0,0,2,0,0,0,255,255,255,36,1641.372,"ke ro",R,14,73,112,0.737,-0.982,0.124,1.68,-0.329,1.514,-36.566,17.106,100,0,0,0,359.569,347.434,17.723,0,0,6,6,R,"_Gosomi",175.2,85.368,0.484,,82,W,Y,0,,,,,,,,,,,,,,,,,,,,,,,,,,,,0,0,,,,,,,,,,,,,,,,,,,,,,,,,,,,,,,,,,,,,,-0.111,-37.668,-0.013,-17.518,-20.755,-50.212,-14.994,-62.556,20.194,-45.023,12.419,-64.931,32.622,-81.107,-15.617,-108.694,-43.741,-95.474,,,,"",,,,"",,,,"",,,,"",,,,"",,,,"",,,,"",,,,"",,,,1645.842,-0.188,-37.106,,,,,,,,,,,,,,,,,,,,,,,,,,,,,,,,,,,,,,,,,,,,,,,,,,,,"",0,0,"",,,,0,""
57,,3,1,6,0,0,1,2,0,0,0,255,255,255,37,1657.588,"ke ro",R,3,69,110,1.621,-0.587,0.47,1.703,0.935,1.632,-36.566,22.708,100,0,0,2,-459.598,115.477,6.518,0,0,6,6,R,"_Gosomi",175.2,85.368,0.484,3,82,W,Y,1,1658.689,177,55,66,59,82,138,97,26.216,11.952,-0.287,0.972,-20.161,0,0,0.407,312.463,507.448,69.736,1662.962,-26.967,-98.762,1663.118,7,-25.777,2.254,-96.139,0,0,,1664.234,,,,,,,,,,,,,1663.765,6,,456,0,,,,,,,,,,,,,,,,,,,0.064,-37.964,-0.021,-17.511,-20.455,-50.596,-14.152,-62.565,20.979,-46.813,12.69,-65.128,32.352,-81.202,-14.856,-110.384,-43.455,-96.803,0.292,-37.626,,"encounter v",-0.011,-17.539,,"-라후이-",-20.51,-50.153,,"Rite_",-14.161,-62.36,,"かめかめん",20.836,-47.054,,"_송글_",12.63,-65.02,,"Kr_Luna",32.424,-81.163,,"Yes_Man_",-14.711,-110.389,,"ByeolBam",-47.821,-97.201,,,,,,,,,,,,,,,,,,,,,,,1663.774,-26.331,-96.807,,,,,,,,,,,,,,,,,,,,,,,,,,,,,,,"",1,0,"Yes_Man_",,,,2,""
58,SIDE,3,1,6,0,0,0,2,0,0,0,255,255,255,,1664.973,,,,,,,,,,,,,,,,,,,,,,,7,,,,,,,,,,,,,,,,,,,,,,,,,,,,,,,,,,,,,,,0,0,,,,,,,,,,,,,,,,,,,,,,,,,,,,,,,,,,,,,,,,,,,,,,,,,,,,,,,,,,,,,,,,,,,,,,,,,,,,,,,,,,,,,,,,,,,,,,,,,,,,,,,,,,,,,,,,,,,,,,,,,,,,,,,,,,,,,,,,,,,,,,,,,"",0,0,"",,,,0,""
59,,3,0,6,0,0,0,0,0,0,0,255,255,255,15,1699.366,"_Chun",L,26,90,140,-1.98,-0.436,-0.534,1.943,-0.821,1.19,-36.669,48.214,72,28,0,2,-21.035,-150,-7.135,0,0,6,5,R,"_송글_",174.9,91.844,0.315,3,42,W,Y,1,1700.303,247,74,110,87,0,145,126,30.347,-9.045,-0.537,0.843,-19.648,0.54,0,0.545,357.795,406.801,257.868,1705.529,5.089,-134.574,1707.807,7,4.424,0.059,-125.906,1,0,,1705.557,1709.977,,,,,,,,,,,,,,,,,,,,,,,,,,,,,,,,,,,-0.026,-37.885,0.025,-17.992,-18.159,-43.254,-13.001,-60.105,19.805,-46.001,10.658,-65.144,38.832,-100.719,-4.652,-112.469,-46.542,-90.533,-0.638,-36.925,,"눈꽃",-0.232,-18.1,,"인생최패망자",-17.826,-42.922,,"CoalCat",-12.941,-59.994,71,"소솨소솨",18.99,-46.097,,"하루（Haru）",10.658,-65.138,,"_Gosomi",39.128,-99.72,,"うよすま",-4.607,-112.449,99,"SUGUN",-46.591,-90.486,,1719.572,0.319,-37.158,,,,,,,1712.383,-6.303,-62.809,,,,,,,,,,1708.462,4.297,-126.731,,,,,,,,,,,,,1718.176,-2.215,-57.253,,,,,,,,,,1709.444,4.67,-120.046,,,,"",2,0,"うよすま",1709.977,,,392,""
60,,3,0,6,0,0,0,0,0,1,0,255,15,255,16,1732.831,"_Chun",L,26,87,140,0.597,0.202,-0.313,2.047,0.189,1.588,-36.669,40.855,75,25,0,2,71.111,-150,-22.17,0,0,7,2,R,"-라후이-",190,87,0.498,3,82,W,Y,0,1733.614,192,110,127,58,37,145,114,110.381,-59.305,0.136,1.029,-19.574,0.13,0,0.197,286.786,526.846,13.685,,,,,,,,,0,0,,,,,,,,,,,,,1733.104,,,,,,,,,,,,,,,,,,,,,,,,,0.064,-37.733,-0.035,-17.764,-18.725,-43.652,-11.87,-59.658,19.567,-45.801,9.48,-64.643,36.264,-108.425,-3.038,-118.614,-46.062,-93.333,-0.56,-36.85,,"눈꽃",-0.065,-17.784,,"인생최패망자",-18.425,-43.438,,"CoalCat",-11.826,-59.621,,"소솨소솨",18.374,-45.983,,"하루（Haru）",9.432,-64.709,,"_Gosomi",36.352,-108.274,,"うよすま",-3.025,-118.646,,"SUGUN",-45.977,-93.372,,,,,,,,,,,,,,,,,,,,,,,,,,,,,,,,,,,,,,,,,,,,,,,,,,,,,,,,"",3,0,"",1735.872,,,0,""
61,,3,0,6,0,0,1,0,0,1,0,255,15,255,17,1744.424,"_Chun",L,26,83,135,-2.84,0.514,-0.379,2.117,-0.089,1.824,-36.669,46.683,81,19,0,2,41.866,-150,-15.158,0,0,7,2,R,"-라후이-",190,87,0.498,3,82,W,Y,1,1745.234,142,97,99,55,41,142,130,5.806,13.801,-0.115,1.214,-20.209,0.46,0,0.23,-95.822,590.997,-39.247,,,,1746.24,3,-11.112,1.942,-57.599,0,64,,,,,1749.351,,,,1766.739,,,,1761.489,,1746.819,7,,452,0,1766.882,6,2,293,416,,,,,,,,1752.32,5,1766.467,4,,,0.03,-37.709,-0.041,-17.734,-18.49,-43.906,-11.8,-59.863,20.399,-46.592,7.616,-64.906,35.722,-109.791,-2.946,-118.502,-45.75,-93.633,-0.468,-36.821,120,"눈꽃",-0.081,-17.746,,"인생최패망자",-18.508,-43.624,,"CoalCat",-11.743,-59.735,86,"소솨소솨",19.508,-46.545,85,"하루（Haru）",7.34,-64.948,80,"_Gosomi",35.925,-109.518,,"うよすま",-2.819,-118.891,,"SUGUN",-45.736,-93.586,,1754.592,-0.119,-37.989,,,,,,,1746.832,-11.809,-60.07,1766.415,18.867,-40.116,1748.903,-0.676,-59.335,,,,,,,,,,1765.675,2.499,-39.09,,,,,,,1748.334,-7.062,-58.006,1771.251,14.96,-43.842,1753.289,-0.167,-58.218,,,,,,,,,,"",1,0,"CoalCat",1748.089,1766.739,,432,""
62,,3,0,6,0,0,0,2,0,0,0,255,255,255,18,1784.624,"_Chun",L,26,94,140,-1.182,0.11,-0.47,2.034,-0.509,1.531,-36.669,40.962,81,19,0,2,7.176,-150,-13.479,0,0,8,1,L,"encounter v",190,86.037,0.42,3,38,W,Y,1,1785.451,196,136,59,69,11,137,95,112.778,-57.989,-0.205,0.995,-19.597,-0.34,0,0.25,166.95,-285.385,-500.683,,,,,,,,,0,0,,,,,,,,,,,,,,,,,,,,,,,,,,,,,,,,,,,,,,-0.059,-37.632,-0.061,-17.804,-15.969,-45.587,-9.813,-61.506,19.052,-44.788,14.822,-63.526,52.348,-97.858,9.516,-119.469,-44.281,-96.097,-0.297,-36.977,,"눈꽃",-0.147,-17.857,,"인생최패망자",-15.652,-45.311,,"CoalCat",-9.763,-61.45,,"소솨소솨",18.669,-44.864,,"하루（Haru）",14.824,-63.522,,"_Gosomi",52.787,-97.698,,"うよすま",9.524,-119.472,,"SUGUN",-44.648,-96.095,,,,,,,,,,,,,,,,,,,,,,,,,,,,,,,,,,,,,,,,,,,,,,,,,,,,,,,,"",3,0,"",,,,0,""
63,,3,0,6,0,0,1,2,0,0,0,255,255,255,19,1797.685,"_Chun",L,13,83,107,3.756,-0.64,-0.145,2.102,0.968,1.684,-36.669,39.771,79,21,0,4,345.933,351.463,-6.34,0,0,8,1,L,"encounter v",190,86.037,0.42,,38,W,Y,1,,,,,,,,,,,,,,,,,,,,,,,,,,,,0,0,,,,,,,,,,,,,,,,,,,,,,,,,,,,,,,,,,,,,,0.178,-37.685,-0.059,-17.861,-18.385,-46.081,-11.799,-55.343,18.818,-45.799,14.001,-64.191,50.638,-97.932,5.922,-119.417,-46.59,-91.593,,,,"",,,,"",,,,"",,,,"",,,,"",,,,"",,,,"",,,,"",,,,,,,,,,,,,,,,,,,,,,,,,,,,,,,,,,,,,,,,,,,,,,,,,,,,,,,,,,"",0,0,"",,,,0,""
64,,3,0,6,0,0,2,2,0,0,0,255,255,255,20,1811.85,"_Chun",L,26,94,140,-1.059,0.602,-0.477,2.102,-0.541,1.84,-36.669,40.247,80,20,0,2,69.615,-150,-22.122,0,0,8,1,L,"encounter v",190,86.037,0.42,3,38,W,Y,1,1812.718,255,87,96,62,13,145,121,8.825,5.205,-0.018,1.148,-19.329,0.21,0,0.312,456.546,-389.242,-7.519,1815.451,-2.606,-107.361,1815.896,7,-2.624,0.287,-106.764,1,0,,1818.317,,,,,,,,,,,,,,,,,,,,,,,,,,,,,,,,,,,,-0.116,-37.698,-0.068,-17.884,-16.583,-44.957,-9.749,-59.232,19.766,-46.254,13.996,-64.174,50.927,-98.8,7.292,-118.819,-46.556,-91.537,-0.297,-37.099,,"눈꽃",-0.111,-17.882,,"인생최패망자",-16.246,-44.501,,"CoalCat",-9.686,-59.11,,"소솨소솨",19.756,-45.951,,"하루（Haru）",13.995,-64.179,81,"_Gosomi",50.842,-98.801,,"うよすま",7.383,-118.82,100,"SUGUN",-46.619,-91.55,,1826.901,-0.371,-37.776,,,,,,,,,,,,,1819.63,-1.647,-70.343,,,,1816.541,-2.451,-108.428,,,,,,,,,,,,,,,,,,,1825.461,2.644,-61.274,,,,1818.065,-1.991,-102.806,,,,"",2,0,"うよすま",,,,296,""
65,,3,0,6,0,0,0,2,1,0,0,11,255,255,21,1843.207,"_Chun",L,26,82,134,0.423,1.354,-0.341,2.162,0.159,2.207,-36.669,52.193,74,26,0,2,25.138,-150,-12.795,0,0,0,9,R,"Yaksok~",173.3,80,0.328,3,82,W,Y,1,1844.09,249,146,87,77,42,145,126,31.562,-9.679,0.114,1.266,-19.147,0.45,0,0.159,403.808,-439.119,64.138,1849.484,30.436,-128.338,1850.418,6,29.078,0.553,-126.327,1,0,,1849.755,1854.068,,,1848.704,1853.722,,,,,,,,,,,,,,,,,,,,,,,,,,,,,,,0.036,-37.73,-0.103,-17.838,-18.296,-39.766,-13.533,-57.923,19.097,-47.232,8.709,-63.96,44.574,-103.434,-6.146,-113.827,-46.425,-91.258,-0.48,-36.867,,"눈꽃",-0.106,-17.851,130,"인생최패망자",-17.165,-41.999,,"CoalCat",-13.422,-57.888,72,"소솨소솨",17.833,-47.398,102,"하루（Haru）",8.718,-63.966,,"_Gosomi",44.695,-103.396,103,"うよすま",-4.48,-113.98,,"SUGUN",-46.443,-91.224,,1866.665,1.549,-36.476,1858.03,1.224,-21.673,,,,1859.91,-0.369,-58.477,1855.837,20.794,-47.72,,,,1850.983,29.333,-125.921,,,,,,,,,,1858.612,0.956,-24.387,,,,1865.256,-1.644,-57.28,1856.608,18.442,-44.422,,,,1852.441,25.68,-117.565,,,,,,,"",2,0,"_Gosomi",1848.704,1853.722,,468,""
66,,3,0,6,0,0,1,2,0,1,1,255,19,11,22,1915.83,"_Chun",L,10,77,106,-1.755,-0.461,-0.625,2.162,-0.73,1.93,-36.669,58.927,74,26,0,2,-8.349,400,-10.685,0,0,1,7,R,"Yes_Man_",174.8,85.251,0.499,3,80,W,Y,1,1916.997,122,137,123,90,51,138,126,15.973,-2.316,-0.33,0.845,-20.755,0.64,0,0.453,172.361,571.538,-60.302,,,,1920.929,7,-8.168,3.811,-124.944,0,0,,1922.664,,,,,,,1921.253,,1921.958,,,1915.886,1921.574,1,,456,0,,,,,,,,,,,,,,,,,,,-0.068,-37.62,0,-17.62,-18.584,-45.417,-11.954,-60.099,18.848,-44.993,10.717,-61.235,43.451,-105.828,-3.736,-117.145,-44.228,-89.62,-0.374,-36.952,,"눈꽃",-0.127,-17.832,,"인생최패망자",-17.326,-43.568,,"CoalCat",-11.814,-60.05,,"소솨소솨",18.072,-44.294,,"하루（Haru）",10.714,-61.245,,"_Gosomi",43.478,-105.825,,"うよすま",-3.773,-117.387,50,"SUGUN",-46.106,-91.305,,,,,,,,,,,,,,,,,,,,,,,1921.586,-8.457,-125.714,,,,,,,,,,,,,,,,,,,,,,,,,1922.083,-10.203,-124.07,,,,"",1,0,"うよすま",,1921.253,1921.958,8,""
67,SIDE,3,0,6,0,0,0,2,0,1,1,255,19,11,,1923.317,,,,,,,,,,,,,,,,,,,,,,,2,,,,,,,,,,,,,,,,,,,,,,,,,,,,,,,,,,,,,,,0,0,,,,,,,,,,,,,,,,,,,,,,,,,,,,,,,,,,,,,,,,,,,,,,,,,,,,,,,,,,,,,,,,,,,,,,,,,,,,,,,,,,,,,,,,,,,,,,,,,,,,,,,,,,,,,,,,,,,,,,,,,,,,,,,,,,,,,,,,,,,,,,,,,"",0,0,"",,,,0,""
68,,4,1,6,0,0,0,0,0,0,0,255,255,255,38,1965.059,"ke ro",R,26,89,140,-0.998,-1.373,0.119,1.377,-0.492,0.718,-36.596,9.025,58,42,0,2,38.79,-150,16.267,0,0,7,3,R,"CoalCat",160,83,0.397,3,82,W,Y,1,1966.223,253,127,61,77,58,138,105,10.072,22.3,-0.193,0.449,-19.903,0.18,0,0.458,233.826,-545.022,90.974,1968.029,-18.64,-76.196,1973.696,7,-31.095,0.055,-122.995,1,0,,1971.115,1975.78,,,,,,,,,,,,,,,,,,,,,,,,,,,,,,,,,,,0.069,-38.011,-0.064,-17.386,-18.582,-46.423,-15.605,-60.602,20.029,-45.319,14.259,-64.63,36.878,-86.533,-10.062,-112.338,-42.332,-90.321,0.496,-37.578,,"encounter v",-0.051,-17.48,,"-라후이-",-19.005,-46.423,,"Rite_",-14.829,-60.529,,"かめかめん",18.901,-45.086,,"_송글_",14.185,-64.537,87,"Kr_Luna",37.897,-88.275,,"Yes_Man_",-10.541,-115.571,103,"ByeolBam",-42.327,-90.307,,1982.479,0.293,-38.806,,,,,,,,,,,,,1978.611,-0.121,-59.878,,,,1974.342,-30.481,-122.13,,,,,,,,,,,,,,,,,,,1981.435,-0.815,-56.444,,,,1975.58,-27.435,-116.949,,,,"3:+1",2,0,"Yes_Man_",1975.78,,,66,""
69,,4,1,6,0,0,0,0,0,1,0,255,3,255,39,1997.468,"ke ro",R,26,66,119,2.793,1.219,0.469,1.827,1.032,2.221,-36.596,38.905,100,0,0,1,101.883,-150,12.192,0,0,8,0,L,"_Chun",190,80,0.445,,82,W,Y,0,,,,,,,,,,,,,,,,,,,,,,,,,,,,0,0,,,,,,,,,,,,,2002.441,,,,,,,,,,,,,,,,,,,,,,,,,0.035,-37.786,-0.038,-17.771,-17.988,-44.824,-14.188,-62.816,22.029,-46.92,13.939,-59.139,17.568,-79.261,-11.999,-104.309,-38.828,-103.456,,,,"",,,,"",,,,"",,,,"",,,,"",,,,"",,,,"",,,,"",,,,2001.657,0.416,-37.186,,,,,,,,,,,,,,,,,,,,,,,,,,,,,,,,,,,,,,,,,,,,,,,,,,,,"",0,0,"",2000.292,,,0,""
70,,4,1,6,0,1,0,0,0,1,0,255,3,255,40,2011.208,"ke ro",R,10,82,123,0.468,0.745,0.3,1.882,0.195,2.516,-36.596,36.232,96,4,0,2,0,400,7.594,0,0,8,0,L,"_Chun",190,80,0.445,3,82,W,Y,1,2012.201,255,210,126,83,64,145,116,4.877,-33.787,0.069,1.164,-19.114,0.88,0,0.353,579.776,132.314,-79.704,,,,2013.062,4,18.411,1.8,-46.943,0,0,,,,,,,,,,,,,2020.515,,2013.656,8,,453,0,2015.713,7,2,676,4,,,,,,,,2015.713,3,,,,,-0.021,-37.854,-0.025,-17.771,-18.563,-44.41,-14.609,-62.212,22.44,-46.887,15.278,-59.397,47.626,-94.292,5.975,-121.166,-39.66,-100.293,0.178,-37.608,,"encounter v",-0.013,-17.799,,"-라후이-",-18.596,-44.153,,"Rite_",-14.411,-61.861,78,"かめかめん",22.182,-47.151,89,"_송글_",15.227,-59.575,,"Kr_Luna",50.482,-96.698,,"Yes_Man_",5.98,-121.156,,"ByeolBam",-39.548,-101.94,,2019.742,0.087,-38.799,,,,,,,2015.436,-1.372,-59.232,2013.667,19.03,-47.264,,,,,,,,,,,,,,,,,,,,,,2018.491,-0.357,-58.191,2014.276,16.257,-48.678,,,,,,,,,,,,,"",1,0,"かめかめん",2016.444,,,20,""
71,,4,1,6,0,0,0,2,0,0,0,255,255,255,41,2033.898,"ke ro",R,10,80,120,1.705,0.41,0.353,1.847,0.732,2.326,-36.596,38.116,100,0,0,2,0,400,2.368,0,0,0,2,R,"인생최패망자",190,80,0.396,3,82,W,Y,1,2035.026,255,110,126,77,40,145,90,104.092,49.909,0.315,1.156,-20.228,-0.81,0,0.415,591.574,49.5,87.118,,,,,,,,,0,0,,,,,,,,,,,,,,,,,,,,,,,,,,,,,,,,,,,,,,0.024,-38.252,-0.036,-17.792,-20.403,-46.304,-14.264,-62.78,21.744,-47.877,13.789,-64.434,40.728,-93.286,9.397,-125.645,-45.024,-92.305,0.158,-37.77,,"encounter v",-0.025,-17.786,,"-라후이-",-20.412,-46.231,,"Rite_",-14.033,-61.869,,"かめかめん",21.667,-48.233,,"_송글_",13.496,-64.356,,"Kr_Luna",40.855,-93.176,,"Yes_Man_",9.405,-125.641,,"ByeolBam",-44.865,-92.298,,,,,,,,,,,,,,,,,,,,,,,,,,,,,,,,,,,,,,,,,,,,,,,,,,,,,,,,"",3,0,"",,,,0,""
72,,4,1,6,0,0,1,2,0,0,0,255,255,255,42,2052.197,"ke ro",R,10,84,125,-1.779,-0.769,0.112,1.603,-0.787,1.559,-36.596,8.788,67,33,0,1,5.891,400,22.159,0,0,0,2,R,"인생최패망자",190,80,0.396,,80,W,Y,0,,,,,,,,,,,,,,,,,,,,,,,,,,,,0,0,,,,,,,,,,,,,,,,,,,,,,,,,,,,,,,,,,,,,,0.094,-37.94,-0.054,-17.672,-17.75,-42.99,-14.833,-62.643,20.783,-46.496,14.573,-63.746,40.679,-90.737,8.526,-124.772,-43.222,-93.373,,,,"",,,,"",,,,"",,,,"",,,,"",,,,"",,,,"",,,,"",,,,,,,,,,,,,,,,,,,,,,,,,,,,,,,,,,,,,,,,,,,,,,,,,,,,,,,,,,"",0,0,"",,,,0,""
73,,4,1,6,0,1,1,2,0,0,0,255,255,255,43,2066.709,"ke ro",R,10,84,125,-0.225,-1.426,0.176,1.518,-0.103,1.15,-36.596,2.913,70,30,0,2,0,400,13.168,0,0,0,2,R,"인생최패망자",190,80,0.396,3,80,W,Y,1,2067.77,255,224,184,140,106,145,112,-30,53.228,-0.039,0.501,-20.62,0.92,0,0.318,84.919,-583.141,-112.851,2067.129,-1.057,-21.384,,,,,,0,0,,,,,,,,,,,,,,,,,,,,,,,,,,,,,,,,,,,,,,0.063,-37.844,-0.032,-17.675,-20.236,-46.785,-14.578,-62.557,22,-47.769,12.99,-64.04,40.664,-90.832,8.548,-124.916,-44.414,-93.785,0.14,-37.633,,"encounter v",-0.18,-17.8,,"-라후이-",-20.061,-46.342,,"Rite_",-14.499,-62.395,,"かめかめん",21.988,-47.781,,"_송글_",10.288,-64.178,,"Kr_Luna",40.789,-90.673,,"Yes_Man_",8.618,-124.767,,"ByeolBam",-44.436,-93.789,,,,,,,,,,,,,,,,,,,,,,,,,,,,,,,,,,,,,,,,,,,,,,,,,,,,,,,,"",3,0,"",,,,0,""
74,,4,1,6,0,1,2,2,0,0,0,255,255,255,44,2082.988,"ke ro",R,23,78,125,1.648,2.223,0.377,2.038,0.826,3.111,-36.596,53.118,97,3,0,1,-76.084,104.302,4.513,0,0,0,2,R,"인생최패망자",190,80,0.396,,81,W,Y,0,,,,,,,,,,,,,,,,,,,,,,,,,,,,0,0,,,,,,,,,,,,,,,,,,,,,,,,,,,,,,,,,,,,,,-0.036,-37.827,-0.05,-17.699,-19.191,-47.164,-15.215,-63.558,22.278,-47.064,12.857,-65.051,34.481,-93.078,9.926,-124.433,-45.668,-94.72,,,,"",,,,"",,,,"",,,,"",,,,"",,,,"",,,,"",,,,"",,,,,,,,,,,,,,,,,,,,,,,,,,,,,,,,,,,,,,,,,,,,,,,,,,,,,,,,,,"",0,0,"",,,,0,""
75,,4,1,6,0,2,2,2,0,0,0,255,255,255,45,2096.198,"ke ro",R,26,75,126,1.061,-0.087,0.303,1.608,0.255,1.407,-36.596,14.679,70,30,0,2,127.547,-150,6.108,0,0,0,2,R,"인생최패망자",190,80,0.396,3,81,W,Y,1,2097.272,236,114,148,100,26,145,93,23.16,4.378,0.04,0.987,-20.152,-0.71,0,0.437,238,550.317,-22.534,2101.473,-15.862,-99.18,2104.418,8,-22.997,0.059,-119.713,1,0,,2102.956,2107.295,,,,,,,,,,,,,,,,,,,,,,,,,,,,,2109.778,5,,,,,0.029,-37.839,-0.061,-17.674,-19.366,-47.505,-14.948,-63.299,21.36,-47.483,12.922,-64.982,34.483,-93.063,10.139,-124.391,-44.864,-95.808,0.218,-37.551,,"encounter v",-0.059,-17.695,,"-라후이-",-19.067,-47.138,,"Rite_",-15.308,-62.707,,"かめかめん",21.228,-47.674,,"_송글_",13.2,-64.792,88,"Kr_Luna",34.474,-93.071,,"Yes_Man_",9.925,-124.431,,"ByeolBam",-44.861,-95.816,106,2112.791,0.01,-38.425,,,,,,,,,,,,,2108.704,0.224,-60.008,,,,,,,2105.019,-23.185,-120.099,,,,,,,,,,,,,,,,2111.754,0.633,-55.091,,,,,,,2105.96,-20.386,-115.181,"",2,0,"ByeolBam",2107.295,,,72,""
76,,4,1,6,0,0,0,2,0,1,0,255,2,255,46,2127.648,"ke ro",R,11,81,128,0.803,1.38,0.332,1.876,0.34,2.599,-36.596,35.794,96,4,0,2,0,160.428,10.55,0,0,1,8,R,"SUGUN",179.9,82,0.5,3,82,W,Y,1,2128.693,255,90,72,20,1,135,119,-30,8.95,0.138,1.371,-19.489,0.2,0,0.405,-509.67,-303.927,-88.681,2128.184,-0.211,-21.722,2131.929,7,-10.306,0.059,-95.793,1,0,,2134.131,,,,,,,2132.473,2137.186,,,,,,,,,,,,,,,,,,,,2169.261,2,,,,,,,0.011,-37.759,-0.064,-17.539,-18.508,-44.513,-15.371,-62.494,20.883,-46.694,12.994,-64.401,26.776,-105.444,0.023,-109.29,-43.793,-95.593,0.092,-37.543,120,"encounter v",-0.036,-17.632,130,"-라후이-",-19.334,-45.315,87,"Rite_",-14.936,-61.866,,"かめかめん",20.73,-46.981,,"_송글_",10.178,-63.75,91,"Kr_Luna",26.702,-105.454,,"Yes_Man_",0.062,-109.284,113,"ByeolBam",-43.779,-95.594,,2146.153,-0.133,-38.464,2137.485,-0.086,-20.65,2167.314,-18.721,-39.309,,,,,,,2134.907,-0.123,-60.161,,,,2132.573,-10.673,-96.967,,,,2166.566,-1.679,-38.346,2138.735,0.795,-24.436,2170.85,-17.369,-40.252,,,,,,,2135.712,0.545,-55.186,,,,2133.513,-8.285,-90.17,,,,"",2,0,"Yes_Man_",,2132.473,2137.186,450,""
77,,4,1,7,0,0,0,2,1,0,0,8,255,255,47,2180.564,"ke ro",R,32,61,115,3.99,1.726,0.475,1.87,1.301,2.626,-36.596,35.541,100,0,0,1,242.499,-68.288,-8.195,0,0,2,1,L,"눈꽃",190,80,0.505,,82,W,Y,0,,,,,,,,,,,,,,,,,,,,,,,,,,,,0,0,,,,,,,,,,,,2195.051,,,,,,,,,,,,,,,,,,,,,,,,,,0.069,-37.799,-0.032,-17.584,-19.657,-40.584,-11.416,-64.123,20.783,-46.976,12.276,-63.124,47.156,-98.276,5.702,-117.616,-38.553,-98.838,,,,"",,,,"",,,,"",,,,"",,,,"",,,,"",,,,"",,,,"",,,,2185.582,-0.028,-37.495,,,,,,,,,,,,,,,,,,,,,,,,,,,,,,,,,,,,,,,,,,,,,,,,,,,,"",0,0,"",,,,0,""
78,,4,1,7,0,1,0,2,1,0,0,8,255,255,48,2195.842,"ke ro",R,26,48,105,5.605,1.771,0.533,2.108,2.421,2.556,-36.596,71.216,100,0,0,1,2.335,-150,21.185,0,0,2,1,L,"눈꽃",190,80,0.505,,82,W,Y,0,,,,,,,,,,,,,,,,,,,,,,,,,,,,0,0,,,,,,,,,,,,2206.475,,,,,,,,,,,,,,,,,,,,,,,,,,-0.046,-37.581,-0.047,-17.592,-19.95,-40.561,-10.23,-64.026,21.893,-47.218,13.77,-64.011,47.851,-97.361,6.067,-117.556,-38.877,-98.208,,,,"",,,,"",,,,"",,,,"",,,,"",,,,"",,,,"",,,,"",,,,2199.927,0.073,-37.067,,,,,,,,,,,,,,,,,,,,,,,,,,,,,,,,,,,,,,,,,,,,,,,,,,,,"",0,0,"",,,,0,""
79,,4,1,7,0,2,0,2,1,0,0,8,255,255,49,2209.699,"ke ro",R,26,80,131,0.317,1.823,0.234,1.979,0.098,2.609,-36.596,40.978,99,1,0,1,22.413,-150,5.925,0,0,2,1,L,"눈꽃",190,80,0.505,,82,W,Y,0,,,,,,,,,,,,,,,,,,,,,,,,,,,,0,0,,,,,,2211.895,,,,,,,,,,,,,,,,,,,,,,,,,,,,,,,,-0.221,-37.638,-0.027,-17.836,-19.237,-40.026,-11.902,-63.207,21.104,-47.098,14.739,-63.727,45.774,-95.816,6.207,-117.925,-38.777,-98.257,,,,"",,,,"",,,,"",,,,"",,,,"",,,,"",,,,"",,,,"",,,,2215.156,0.025,-36.981,,,,,,,,,,,,,,,,,,,,,,,,,,,,,,,,,,,,,,,,,,,,,,,,,,,,"",0,0,"",2211.895,,,0,""
80,,4,1,7,0,3,0,2,0,1,0,255,8,255,50,2225.937,"ke ro",R,26,90,140,0.329,-0.187,0.183,1.554,0.061,1.364,-36.596,16.337,49,51,0,0,57.018,-150,21.831,0,0,2,1,L,"눈꽃",190,80,0.505,,82,W,Y,0,,,,,,,,,,,,,,,,,,,,,,,,,,,,0,0,,,,,,,,,,,,,2237.571,,,,,,,,,,,,,,,,,,,,,,,,,-0.141,-37.553,-0.028,-17.671,-19.536,-46.123,-10.995,-65.055,20.629,-46.279,14.682,-63.316,45.775,-95.739,9.536,-114.696,-38.465,-97.722,,,,"",,,,"",,,,"",,,,"",,,,"",,,,"",,,,"",,,,"",,,,2229.897,-0.157,-37.554,,,,,,,,,,,,,,,,,,,,,,,,,,,,,,,,,,,,,,,,,,,,,,,,,,,,"",0,0,"",2228.624,,,0,""
81,,4,1,7,0,3,1,2,0,1,0,255,8,255,51,2238.153,"ke ro",R,13,65,107,0.733,0.4,0.447,1.864,0.995,2.324,-36.596,38.978,100,0,0,2,-359.281,337.013,1.668,0,0,2,1,L,"눈꽃",190,80,0.505,3,82,W,Y,0,2239.624,255,107,95,63,24,145,112,103.309,50.406,0.088,1.068,-19.578,0.09,0,0.43,582.461,101.081,-102.579,,,,,,,,,0,0,,,,,,,,,,,,,2250.587,,,,,,,,,,,,,,,,,,,,,,,,,-0.012,-38.478,0.01,-17.664,-19.826,-44.843,-10.024,-66.474,20.494,-44.718,13.595,-64.576,45.715,-95.81,8.594,-113.805,-38.449,-97.695,0.257,-37.559,,"encounter v",0.04,-17.667,,"-라후이-",-19.768,-45.273,,"Rite_",-9.519,-64.673,,"かめかめん",20.919,-45.828,,"_송글_",13.8,-64.279,,"Kr_Luna",45.881,-95.631,,"Yes_Man_",8.595,-113.8,,"ByeolBam",-38.471,-97.721,,,,,,,,,,,,,,,,,,,,,,,,,,,,,,,,,,,,,,,,,,,,,,,,,,,,,,,,"",3,0,"",2242.526,,,0,""
82,,4,1,7,0,3,2,2,0,1,0,255,8,255,52,2252.862,"ke ro",R,10,79,119,0.967,-0.897,0.236,1.704,0.21,1.82,-36.596,18.902,100,0,0,2,0,400,10.032,0,0,2,1,L,"눈꽃",190,80,0.505,3,82,W,Y,0,2254.08,255,119,117,82,26,145,130,-14.373,10.708,0.151,0.737,-20.409,0.55,0,0.407,-353.618,-249.684,415.467,2253.396,-0.346,-23.066,2257.207,8,-22.393,0.056,-100.538,1,0,,2259.46,2269.255,,,,,,2258.779,2269.015,,,,,,,,,,,,,,,,,,,,,,,,,,,,0.003,-38.096,-0.016,-17.998,-17.809,-46.285,-9.722,-64.252,21.3,-46.893,14.058,-64.135,46.076,-94.61,9.698,-114.546,-38.415,-101.273,0.042,-37.39,,"encounter v",-0.022,-18.005,130,"-라후이-",-17.78,-46.25,,"Rite_",-8.918,-63.888,,"かめかめん",21.275,-46.902,117,"_송글_",14.076,-63.907,,"Kr_Luna",45.887,-94.757,63,"Yes_Man_",9.853,-114.545,,"ByeolBam",-38.199,-101.42,110,2279.754,0.125,-38.879,2268.168,-9.509,-6.791,,,,2272.07,-0.396,-58.441,2261.523,13.717,-46.351,,,,2272.086,0.493,-59.281,,,,2257.79,-22.569,-101.242,,,,2270.373,-6.084,-14.708,,,,,,,2262.064,12.227,-42.906,,,,2278.202,0.838,-58.511,,,,2258.942,-20.672,-93.658,"",2,0,"ByeolBam",2269.255,2258.779,2269.015,316,""
83,,4,1,8,0,0,0,2,0,1,0,255,1,255,53,2293.898,"ke ro",R,10,85,127,0.276,-0.467,0.201,1.709,0.114,1.839,-36.596,29.085,100,0,0,2,0,400,10.205,0,0,3,7,R,"うよすま",160,82.375,0.472,3,82,W,Y,1,2294.881,255,42,156,102,38,145,81,-60.659,0.893,0.047,0.642,-20.017,-0.77,0,0.251,-302.49,-287.654,-430.993,2294.218,0.041,-20.344,2296.351,0,-0.253,3.173,-36.753,0,0,,2300.282,,,,,,,2300.853,,,,2295.081,,2299.431,3,,147,0,,,,,,,,,,,,,,,,,,,-0.203,-37.569,-0.04,-17.635,-20.95,-47.925,-13.328,-62.947,21.266,-47.265,12.242,-65.001,0.405,-73.106,3.761,-106.815,-41.262,-94.494,0.012,-37.616,120,"encounter v",-0.016,-17.651,,"-라후이-",-20.77,-47.676,,"Rite_",-13.165,-62.319,,"かめかめん",21.268,-47.274,,"_송글_",11.073,-64.807,,"Kr_Luna",-0.402,-73.329,,"Yes_Man_",10.997,-105.07,,"ByeolBam",-41.267,-94.542,,2297.026,-0.271,-37.471,,,,2298.83,-18.615,-39.171,,,,,,,,,,,,,,,,,,,2298.218,-5.785,-37.479,,,,,,,,,,,,,,,,,,,,,,,,,"",2,0,"ke ro",,2300.853,,128,""
84,SIDE,4,1,8,0,0,0,2,0,1,0,255,1,255,,2301.467,,,,,,,,,,,,,,,,,,,,,,,4,,,,,,,,,,,,,,,,,,,,,,,,,,,,,,,,,,,,,,,0,0,,,,,,,,,,,,,,,,,,,,,,,,,,,,,,,,,,,,,,,,,,,,,,,,,,,,,,,,,,,,,,,,,,,,,,,,,,,,,,,,,,,,,,,,,,,2341.608,-0.307,-37.947,,,,,,,,,,,,,,,,,,,,,,,,,,,,,,,,,,,,,,,,,,,,,,,,,,,,"",0,0,"",,,,256,""
85,,4,0,8,0,0,0,0,0,0,0,255,255,255,23,2344.58,"_Chun",L,12,88,138,0.387,0.157,-0.345,2.102,0.179,1.741,-36.669,43.873,82,18,0,2,0,54.421,-8.239,0,0,2,4,R,"かめかめん",190,95.2,0.539,3,82,W,Y,1,2345.594,175,63,85,71,35,145,130,-30,18.54,-0.05,0.752,-19.561,0.46,0,0.175,-504.787,322.33,-35.975,2344.996,-0.451,-20.75,2346.84,3,-12.899,2.696,-57.49,0,0,,2351.517,,,,,,,,,,,,,2350.314,2,,147,128,,,,,,,,,,,,,,,,,,,0.009,-37.902,-0.041,-17.917,-18.474,-43.547,-12.882,-60.016,19.118,-46.596,9.59,-66.061,39.506,-102.733,-7.523,-115.534,-44.189,-89.663,-0.221,-37.003,,"눈꽃",-0.063,-17.927,,"인생최패망자",-18.242,-43.323,109,"CoalCat",-12.465,-60.257,90,"소솨소솨",18.256,-47.296,,"하루（Haru）",9.618,-66.004,,"_Gosomi",39.408,-102.495,,"うよすま",-7.17,-115.568,,"SUGUN",-37.839,-85.435,,2353.007,-0.568,-37.769,,,,2349.75,-18.713,-40.751,2347.425,-13.427,-58.896,,,,,,,,,,,,,,,,,,,,,,2352.167,-16.477,-40.385,2348.876,-13.63,-53.614,,,,,,,,,,,,,,,,"",2,0,"CoalCat",,,,385,""
86,,4,0,8,0,0,0,1,0,0,0,255,255,255,24,2365.221,"_Chun",L,26,84,137,0.422,1.43,-0.37,2.135,0.074,2.27,-36.669,49.263,72,28,0,4,86.475,-150,-15.656,0,0,3,8,R,"ByeolBam",175.3,90,0.5,,73,W,Y,1,,,,,,,,,,,,,,,,,,,,,,,,,,,,0,0,,,,,,,,,,,,,,,,,,,,,,,,,,,,,,,,,,,,,,0.063,-37.651,-0.053,-17.95,-18.052,-43.079,-13.441,-60.238,19.781,-47.166,9.239,-65.688,39.593,-101.415,-8.182,-116.626,-45.688,-90.965,,,,"",,,,"",,,,"",,,,"",,,,"",,,,"",,,,"",,,,"",,,,2369.119,-0.093,-37.211,,,,,,,,,,,,,,,,,,,,,,,,,,,,,,,,,,,,,,,,,,,,,,,,,,,,"",0,0,"",,,,0,""
87,,4,0,8,0,0,1,1,0,0,0,255,255,255,25,2379.948,"_Chun",L,0,79,128,1.178,0.107,-0.319,2.144,0.413,1.682,-36.669,47.17,81,19,0,2,0,33.317,0.126,0,0,3,8,R,"ByeolBam",175.3,90,0.5,3,73,W,Y,1,2380.893,214,100,71,36,20,137,93,-7.382,32.579,0.071,0.947,-20.026,-0.17,0,0.276,20.745,598.079,43.257,2380.54,-3.619,-25.66,2381.818,2,-14.75,0.055,-41.214,0,0,,,,,,,,,,,,,,,2384.412,3,,147,0,,,,,,,,,,,2383.84,2,,,,,,,0.084,-37.437,-0.025,-17.968,-17.907,-42.979,-13.667,-58.8,19.667,-46.206,9.392,-65.796,34.972,-106.037,-7.246,-116.134,-45.667,-90.77,-0.515,-36.882,,"눈꽃",-0.15,-18.02,,"인생최패망자",-17.661,-42.759,118,"CoalCat",-13.542,-58.738,,"소솨소솨",18.596,-46.358,,"하루（Haru）",9.384,-65.793,,"_Gosomi",34.972,-105.989,,"うよすま",-7.249,-116.126,,"SUGUN",-45.652,-90.888,,2386.238,-0.506,-38.07,,,,2382.435,-15.262,-41.968,,,,,,,,,,,,,,,,,,,,,,,,,2385.423,-17.3,-39.906,,,,,,,,,,,,,,,,,,,"",2,0,"인생최패망자",,,,257,""
88,,4,0,8,0,0,0,2,0,0,0,255,255,255,26,2402.856,"_Chun",L,14,91,127,-2.485,-1.272,-0.527,1.963,-0.76,1.352,-36.669,43.247,81,19,0,4,-197.884,400,-7.269,0,0,4,3,R,"Rite_",169.8,80,0.453,,82,W,Y,1,,,,,,,,,,,,,,,,,,,,,,,,,,,,0,0,,,,,,,,,,,,,,,,,,,,,,,,,,,,,,,,,,,,,,-0.017,-37.623,-0.02,-17.959,-18.146,-43.379,-14.591,-60.151,18.795,-44.648,10.137,-64.304,36.562,-105.508,-4.783,-109.887,-35.373,-82.564,,,,"",,,,"",,,,"",,,,"",,,,"",,,,"",,,,"",,,,"",,,,2406.783,0.008,-37.578,,,,,,,,,,,,,,,,,,,,,,,,,,,,,,,,,,,,,,,,,,,,,,,,,,,,"",0,0,"",,,,0,""
89,,4,0,8,0,0,1,2,0,0,0,255,255,255,27,2417.013,"_Chun",L,14,87,111,1.304,0.278,0.016,2.176,1.288,2.218,-36.669,39.83,82,16,2,0,-383.941,320.296,-36.464,0,0,4,3,R,"Rite_",169.8,80,0.453,,82,W,Y,0,,,,,,,,,,,,,,,,,,,,,,,,,,,,0,0,,,,,,,,,,,,,,,,,,,,,,,,,,,,,,,,,,,,,,0.106,-37.844,-0.023,-17.966,-18.129,-43.307,-15.201,-59.19,18.391,-45.908,10.737,-65.314,36.623,-106.139,-4.654,-110.173,-47.312,-91.096,,,,"",,,,"",,,,"",,,,"",,,,"",,,,"",,,,"",,,,"",,,,2420.769,-0.014,-37.651,,,,,,,,,,,,,,,,,,,,,,,,,,,,,,,,,,,,,,,,,,,,,,,,,,,,"",0,0,"",,,,0,""
90,,4,0,8,0,0,2,2,0,0,0,255,255,255,28,2430.016,"_Chun",L,26,86,139,2.167,0.903,-0.222,2.016,0.867,1.944,-36.669,33.839,73,24,4,2,62.042,-150,-21.564,0,0,4,3,R,"Rite_",169.8,80,0.453,3,82,W,Y,1,2431.001,163,126,27,57,28,88,63,43.51,-46.094,0.485,1.126,-19.322,-0.78,0,0.291,-424.265,-209.239,369.078,2434.54,34.053,-50.704,,,,,,0,0,,2436.406,,,2442.281,,,,,,,,,,,,,,,,,,,,,,,,,,,,,,,,,-0.008,-37.943,-0.037,-17.958,-18.139,-43.338,-14.904,-59.355,18.409,-45.899,10.733,-65.314,37.715,-108.328,-4.43,-110.269,-47.082,-90.76,-0.089,-36.928,,"눈꽃",-0.032,-17.951,,"인생최패망자",-18.138,-43.316,,"CoalCat",-13.741,-59.65,,"소솨소솨",18.504,-45.721,,"하루（Haru）",10.739,-65.331,,"_Gosomi",37.751,-108.396,,"うよすま",-4.303,-110.226,,"SUGUN",-47.125,-90.979,,,,,,,,,,,,,,,,,,,,,,,,,,,,,,,,,,,,,,,,,,,,,,,,,,,,,,,,"",3,0,"",,,,0,""
91,,4,0,8,0,0,2,2,0,0,0,255,255,255,29,2453.563,"_Chun",L,26,84,136,-0.309,2.478,-0.435,2.23,-0.15,2.823,-36.669,58.151,73,25,2,1,20.322,-150,-14.146,0,0,4,3,R,"Rite_",169.8,80,0.453,,48,W,Y,0,,,,,,,,,,,,,,,,,,,,,,,,,,,,0,0,,,,,,,,,,,,,,,,,,,,,,,,,,,,,,,,,,,,,,-0.034,-37.983,0.004,-17.949,-17.588,-42.772,-13.473,-59.931,19.063,-45.357,11.71,-64.694,42.138,-101.976,-4.69,-108.493,-45.471,-92.159,,,,"",,,,"",,,,"",,,,"",,,,"",,,,"",,,,"",,,,"",,,,,,,,,,,,,,,,,,,,,,,,,,,,,,,,,,,,,,,,,,,,,,,,,,,,,,,,,,"",0,0,"",,,,0,""
92,,4,0,8,0,1,2,2,0,0,0,255,255,255,30,2467.076,"_Chun",L,10,83,110,0.882,0,-0.321,2.199,0.392,2.177,-36.669,54.124,80,20,0,2,0,400,-4.041,0,0,4,3,R,"Rite_",169.8,80,0.453,3,48,W,Y,1,2468.119,255,185,60,67,55,138,89,5.272,-11.923,0.18,0.888,-20.807,-0.3,0,0.451,-536.611,219.24,-154.864,2468.473,4.595,-43.315,2469.651,5,7.643,0.056,-57.478,0,0,,2473.275,,,,,,,,,,,,,2473.156,4,,147,32,,,,,,,,,,,,,,,,,,,0.041,-37.956,-0.052,-17.976,-17.263,-42.648,-12.839,-60.487,19.18,-46.507,10.593,-64.025,40.053,-103.031,-4.673,-110.752,-46.055,-92.506,-0.383,-36.87,,"눈꽃",-0.062,-17.968,,"인생최패망자",-17.302,-42.629,98,"CoalCat",-12.725,-60.376,,"소솨소솨",19.104,-46.403,,"하루（Haru）",10.58,-64.011,103,"_Gosomi",40.078,-102.976,,"うよすま",-4.556,-110.686,,"SUGUN",-45.773,-92.556,,,,,,,,2472.59,-17.955,-40.23,,,,,,,2470.212,7.893,-58.647,,,,,,,,,,,,,,,,2474.512,-17.207,-38.699,,,,,,,2471.282,3.766,-54.624,,,,,,,,,,"",2,0,"하루（Haru）",,,,33,""
93,SIDE,4,0,8,0,0,0,2,0,0,0,255,255,255,,2474.935,,,,,,,,,,,,,,,,,,,,,,,5,,,,,,,,,,,,,,,,,,,,,,,,,,,,,,,,,,,,,,,0,0,,,,,,,,,,,,,,,,,,,,,,,,,,,,,,,,,,,,,,,,,,,,,,,,,,,,,,,,,,,,,,,,,,,,,,,,,,,,,,,,,,,,,,,,,,,,,,,,,,,,,,,,,,,,,,,,,,,,,,,,,,,,,,,,,,,,,,,,,,,,,,,,,"",0,0,"",,,,0,""
94,,5,1,8,0,0,0,0,0,0,0,255,255,255,54,2521.098,"ke ro",R,14,75,114,1.618,-0.933,0.227,1.713,0.057,1.452,-36.596,25.859,70,30,0,2,362.424,344.455,23.722,0,0,4,4,R,"소솨소솨",190,80,0.501,3,82,W,Y,1,2522.201,246,128,79,107,39,145,99,-63.65,-41.776,0.378,0.365,-19.997,-0.42,0,0.547,-588.072,-83.195,-85.146,2521.618,0.603,-20.248,2525.54,4,23.449,0.388,-36.15,0,0,,,,,,,,,,,,,,,,,,,,,,,,,,,,,,,,,,,,,,0.016,-37.977,-0.029,-17.829,-18.869,-46.113,-15.386,-62.561,21.956,-48.453,12.888,-64.874,36.895,-86.484,-6.691,-111.866,-43.031,-94.878,0.235,-37.517,,"encounter v",-0.016,-17.84,,"-라후이-",-18.617,-45.717,,"Rite_",-14.666,-62.086,,"かめかめん",21.209,-48.775,,"_송글_",12.763,-64.663,,"Kr_Luna",36.902,-86.493,,"Yes_Man_",-7.783,-111.917,,"ByeolBam",-43.022,-94.881,,,,,,,,,,,,,,2526.138,23.798,-36.42,,,,,,,,,,,,,,,,,,,,,,,,,,,,,,,,,,,,,,,,"",3,0,"かめかめん",,,,4,""
95,,5,1,8,0,0,1,0,0,0,0,255,255,255,55,2535.678,"ke ro",R,10,82,122,1.918,0.695,0.357,1.917,0.768,2.582,-36.596,36.033,100,0,0,2,0,400,18.107,0,0,4,4,R,"소솨소솨",190,80,0.501,3,82,W,Y,1,2536.732,163,98,103,85,23,145,126,-10.164,-38.172,0.362,1.274,-20.473,0.24,0,0.693,-588.194,117.466,15.146,2536.351,5.049,-26.447,2537.573,4,18.946,0.135,-46.171,0,0,,,,,,,,,,,,,,,2541.395,4,,147,4,,,,,,,,,,,,,,,,,,,0.078,-37.922,-0.043,-17.834,-19.15,-47.281,-15.01,-61.751,22.592,-47.785,14.919,-63.828,36.892,-85.934,-9.168,-109.415,-42.222,-93.398,0.194,-37.672,,"encounter v",-0.016,-17.844,,"-라후이-",-19.318,-46.384,85,"Rite_",-15.21,-61.062,,"かめかめん",22.238,-48.303,96,"_송글_",14.049,-64.26,,"Kr_Luna",34.443,-87.401,,"Yes_Man_",-9.592,-110.13,,"ByeolBam",-43.175,-92.747,,2544.495,-0.374,-38.57,,,,2540.81,-18.528,-39.882,,,,2538.149,20.16,-47.277,,,,,,,,,,,,,,,,,,,2543.403,-17.153,-39.54,,,,2539.052,15.956,-46.516,,,,,,,,,,,,,"",2,0,"かめかめん",,,,132,""
96,,5,1,8,0,0,0,1,0,0,0,255,255,255,56,2557.906,"ke ro",R,3,73,115,0.744,1.271,0.433,1.77,0.973,2.317,-36.596,35.19,100,0,0,2,-379.872,0,1.067,0,0,5,5,L,"하루（Haru）",169.7,85,0.397,3,82,W,Y,1,2559.051,178,127,51,42,57,134,86,6.466,-27.739,0.093,1.241,-19.59,-0.32,0,0.163,556.389,-3.086,-224.549,,,,2560.351,4,15.307,0.775,-48.436,0,0,,,,,,,,,,,,,,,2560.97,5,,453,0,,,,,,,,,,,,,,,,,,,-0.151,-38.575,-0.037,-17.789,-17.93,-49.551,-14.247,-63.156,22.621,-46.561,13.682,-63.727,43.324,-89.061,-1.914,-109.537,-40.661,-93.889,0.171,-37.382,,"encounter v",-0.065,-17.825,,"-라후이-",-18.231,-49.311,,"Rite_",-13.774,-63.523,,"かめかめん",22.071,-47.774,74,"_송글_",13.285,-63.704,,"Kr_Luna",46.285,-92.471,,"Yes_Man_",5.908,-111.7,,"ByeolBam",-40.721,-93.963,,2564.108,0.609,-38.439,,,,,,,,,,2560.981,16.026,-49.265,,,,,,,,,,,,,,,,,,,,,,,,,2563.246,8.368,-45.674,,,,,,,,,,,,,"",1,0,"かめかめん",,,,4,""
97,,5,1,8,0,0,0,2,0,0,0,255,255,255,57,2579.615,"ke ro",R,10,80,122,0.211,0.497,0.292,1.869,0.083,2.317,-36.596,33.053,100,0,0,2,0,356.646,11.75,0,0,6,6,R,"_Gosomi",175.2,85.368,0.484,3,82,W,Y,1,2580.744,108,55,91,56,50,136,122,-30,46.222,-0.236,0.844,-19.077,0.72,0,0.414,-304.942,507.501,97.226,2580.14,-1.638,-20.412,,,,,,0,0,,,,,,,,,,,,,,,,,,,,,,,,,,,,,,,,,,,,,,0.001,-38.612,-0.033,-17.765,-18.697,-46.486,-14.564,-63.561,20.728,-47.882,11.398,-65.583,31.4,-83.541,-6.78,-105.769,-41.443,-93.588,0.126,-37.753,,"encounter v",-0.034,-17.789,,"-라후이-",-18.669,-46.597,,"Rite_",-14.665,-63.493,,"かめかめん",20.674,-48.243,,"_송글_",11.273,-65.464,,"Kr_Luna",27.849,-76.659,,"Yes_Man_",-6.95,-106.132,,"ByeolBam",-41.453,-93.591,,,,,,,,,,,,,,,,,,,,,,,,,,,,,,,,,,,,,,,,,,,,,,,,,,,,,,,,"",3,0,"",,,,0,""
98,,5,1,8,0,0,1,2,0,0,0,255,255,255,58,2596.945,"ke ro",R,10,85,127,2.282,0.641,0.311,1.674,0.502,1.677,-36.596,19.485,56,44,0,2,0,400,7.522,0,0,6,6,R,"_Gosomi",175.2,85.368,0.484,3,82,W,Y,1,2597.926,172,57,120,96,61,145,112,-30,-4.068,0.072,0.361,-19.856,0.07,0,0.377,-536.782,250.124,96.455,2597.351,0.109,-20.379,2599.562,5,3.075,1.034,-62.789,0,0,,,,,,,,,,,,,,,2603.04,6,,147,64,,,,,,,,,,,,,,,,,,,0.07,-38.007,-0.031,-17.781,-21.422,-46.749,-15.97,-62.753,20.686,-47.404,11.825,-64.789,24.744,-78.292,-6.702,-108.873,-41.553,-93.178,0.116,-37.754,,"encounter v",-0.023,-17.794,,"-라후이-",-21.345,-46.814,,"Rite_",-15.906,-62.673,,"かめかめん",20.083,-48.631,,"_송글_",11.623,-64.76,88,"Kr_Luna",24.736,-78.302,,"Yes_Man_",-6.785,-108.876,,"ByeolBam",-41.463,-93.332,,,,,,,,2602.369,-18.463,-40.404,,,,,,,2600.226,3.224,-63.951,,,,,,,,,,,,,,,,,,,,,,,,,2600.916,0.586,-61.032,,,,,,,,,,"",2,0,"_송글_",,,,192,""
99,SIDE,5,1,8,0,0,0,2,0,0,0,255,255,255,,2603.997,,,,,,,,,,,,,,,,,,,,,,,7,,,,,,,,,,,,,,,,,,,,,,,,,,,,,,,,,,,,,,,0,0,,,,,,,,,,,,,,,,,,,,,,,,,,,,,,,,,,,,,,,,,,,,,,,,,,,,,,,,,,,,,,,,,,,,,,,,,,,,,,,,,,,,,,,,,,,2640.994,-0.374,-37.982,,,,,,,,,,,,,,,,,,,,,,,,,,,,,,,,,,,,,,,,,,,,,,,,,,,,"",0,0,"",,,,256,""
100,,5,0,8,0,0,0,0,0,0,0,255,255,255,31,2644.051,"_Chun",L,26,93,140,-1.53,0.257,-0.521,2.051,-0.757,1.625,-36.669,40.996,83,17,0,2,77.562,-150,-12.352,0,0,5,6,L,"Kr_Luna",190,95,0.498,3,56,W,Y,1,2644.792,187,87,108,61,34,145,99,108.115,56.661,-0.263,1.043,-19.465,-0.38,0,0.051,-69.549,-547.892,234.473,,,,,,,,,0,0,,,,,,,,,,,,,,,,,,,,,,,,,,,,,,,,,,,,,,-0.098,-37.807,-0.025,-17.838,-17.204,-46.287,-9.226,-63.289,19.23,-45.691,13.663,-64.744,52.407,-98.921,15.351,-120.29,-45.055,-91.886,-0.293,-37.062,,"눈꽃",-0.078,-17.884,,"인생최패망자",-17.124,-46.133,,"CoalCat",-9.157,-63.149,,"소솨소솨",18.869,-45.318,,"하루（Haru）",13.663,-64.749,,"_Gosomi",52.366,-98.879,,"うよすま",15.262,-120.366,,"SUGUN",-44.405,-92.649,,,,,,,,,,,,,,,,,,,,,,,,,,,,,,,,,,,,,,,,,,,,,,,,,,,,,,,,"",3,0,"",,,,0,""
101,,5,0,8,0,0,1,0,0,0,0,255,255,255,32,2659.48,"_Chun",L,10,80,108,1.486,-0.979,-0.158,2.009,0.651,1.53,-36.669,31.604,89,11,0,1,0,400,7.044,0,0,5,6,L,"Kr_Luna",190,95,0.498,,56,W,Y,0,,,,,,,,,,,,,,,,,,,,,,,,,,,,0,0,,,,,,,,,,,,,,,,,,,,,,,,,,,,,,,,,,,,,,0.146,-37.511,-0.04,-17.841,-17.214,-46.155,-10.307,-64.787,19.667,-46.804,14.422,-63.926,52.535,-96.225,18.129,-121.623,-41.117,-106.171,,,,"",,,,"",,,,"",,,,"",,,,"",,,,"",,,,"",,,,"",,,,,,,,,,,,,,,,,,,,,,,,,,,,,,,,,,,,,,,,,,,,,,,,,,,,,,,,,,"",0,0,"",,,,0,""
102,,5,0,8,0,1,1,0,0,0,0,255,255,255,33,2671.222,"_Chun",L,26,88,140,3.237,0.468,-0.111,2.102,1.257,1.756,-36.669,40.21,81,19,0,1,114.517,-150,-18.174,0,0,5,6,L,"Kr_Luna",190,95,0.498,,56,W,Y,0,,,,,,,,,,,,,,,,,,,,,,,,,,,,0,0,,,,,,,,,,,,,,,,,,,,,,,,,,,,,,,,,,,,,,0.024,-38.074,-0.026,-17.868,-16.95,-46.155,-10.503,-64.802,19.675,-46.855,14.407,-63.904,52.524,-96.277,18.801,-124.565,-41.1,-106.147,,,,"",,,,"",,,,"",,,,"",,,,"",,,,"",,,,"",,,,"",,,,,,,,,,,,,,,,,,,,,,,,,,,,,,,,,,,,,,,,,,,,,,,,,,,,,,,,,,"",0,0,"",,,,0,""
103,,5,0,8,0,2,1,0,0,0,0,255,255,255,34,2684.97,"_Chun",L,14,84,124,-0.54,-0.706,-0.343,2.036,0.176,1.594,-36.669,43.506,80,20,0,2,-251.198,400,0,0,0,5,6,L,"Kr_Luna",190,95,0.498,3,56,W,Y,1,2685.77,189,131,171,75,37,145,130,15.907,-28.688,0.03,0.801,-20.782,0.66,0,0.156,-281.945,-488.653,-204.269,2688.162,47.058,-91.853,2688.696,6,49.099,0.344,-94.439,1,0,,2692.343,,,,,,,,,,,,,,,,,,,,,,,,,,,,,,,,,,,,0.047,-37.609,-0.021,-17.921,-17.209,-46.057,-10.53,-64.802,19.548,-47.227,14.368,-63.901,52.503,-96.234,18.162,-124.01,-40.561,-105.776,-0.231,-37.004,,"눈꽃",-0.076,-18.012,,"인생최패망자",-17.115,-46.167,,"CoalCat",-10.44,-64.673,72,"소솨소솨",19.537,-47.137,,"하루（Haru）",14.305,-63.92,,"_Gosomi",52.555,-96.158,96,"うよすま",18.107,-123.731,,"SUGUN",-40.983,-106.257,,2697.287,0.163,-38.31,,,,,,,2693.47,0.307,-58.583,,,,,,,2689.292,49.626,-95.137,,,,,,,,,,,,,,,,2695.959,0.028,-57.365,,,,,,,2690.73,44.057,-89.204,,,,,,,"",2,0,"_Gosomi",,,,448,""
104,,5,0,8,0,0,0,0,1,0,0,16,255,255,35,2713.441,"_Chun",L,26,73,125,-0.62,1.779,-0.451,2.165,-0.267,2.451,-36.669,68.506,67,32,1,2,6.946,-150,-9.886,0,0,6,5,R,"_송글_",174.9,91.844,0.315,3,42,W,Y,1,2714.473,183,137,117,67,21,145,86,94.485,-80.516,-0.097,1.459,-19.603,-0.77,0,0.545,548.514,185.689,157.008,,,,,,,,,0,0,,,,,,,,,,,,2730.823,,,,,,,,,,,,,,,,,,,,,,,,,,0.012,-37.619,-0.036,-17.895,-18.01,-39.638,-11.111,-56.935,19.936,-47.627,9.756,-60.797,45.335,-96.078,-4.441,-113.654,-47.624,-93.298,-0.453,-36.96,,"눈꽃",-0.075,-17.885,,"인생최패망자",-16.832,-41.631,,"CoalCat",-11.064,-56.88,,"소솨소솨",19.033,-47.018,,"하루（Haru）",9.765,-60.792,,"_Gosomi",45.283,-96.084,,"うよすま",-4.449,-113.658,,"SUGUN",-47.462,-93.417,,,,,,,,,,,,,,,,,,,,,,,,,,,,,,,,,,,,,,,,,,,,,,,,,,,,,,,,"",3,0,"",,,,0,""
105,,5,0,8,0,0,1,0,1,0,0,16,255,255,36,2731.845,"_Chun",L,26,93,140,1.811,0.298,-0.258,2.028,0.699,1.615,-36.669,36.305,83,17,0,2,71.543,-150,-19.998,0,0,6,5,R,"_송글_",174.9,91.844,0.315,3,42,W,Y,1,2732.763,171,72,95,81,22,145,83,-10.269,-1.115,0.378,0.892,-19.991,-0.9,0,0.389,570.828,-41.347,180.126,2732.229,0.465,-24.264,2737.906,7,-5.776,0.057,-84.72,1,0,,2738.067,,,,2737.229,,,,,,,,,,,,,,,,,,,,,,,,,,,,,,,,0.012,-37.891,-0.024,-17.941,-18.268,-39.683,-13.137,-56.669,19.108,-46.589,9.817,-60.539,43.65,-111.292,-6.128,-114.101,-48.211,-91.014,-0.073,-37.023,,"눈꽃",-0.014,-17.956,,"인생최패망자",-16.771,-41.096,,"CoalCat",-13.089,-56.657,,"소솨소솨",18.645,-47.089,116,"하루（Haru）",9.815,-60.539,67,"_Gosomi",43.675,-111.29,,"うよすま",-6.13,-114.093,100,"SUGUN",-48.235,-90.92,,2749.79,0.36,-37.916,,,,,,,,,,2741.707,18.679,-41.09,2743.36,0.315,-58.539,,,,2738.534,-6.038,-86.349,,,,,,,,,,,,,,,,2742.375,15.383,-43.685,2748.362,0.49,-57.274,,,,2739.655,-1.703,-78.801,,,,"",2,0,"うよすま",2737.229,,,312,""
106,,5,0,8,0,0,0,0,1,1,0,15,16,255,37,2771.679,"_Chun",L,27,89,140,1.921,-0.33,-0.244,1.928,0.766,1.293,-36.669,28.11,86,14,0,1,57.296,-108.208,-9.867,0,0,7,2,R,"-라후이-",190,87,0.498,,82,W,Y,0,,,,,,,,,,,,,,,,,,,,,,,,,,,,0,0,,,,,,,,,,,,2772.44,2784.584,,,,,,,,,,,,,,,,,,,,,,,,,0.031,-37.592,-0.112,-18.017,-18.272,-39.664,-12.862,-58.395,19.903,-47.213,10.114,-61.644,40.222,-101.31,-4.826,-117.349,-34.733,-77.333,,,,"",,,,"",,,,"",,,,"",,,,"",,,,"",,,,"",,,,"",,,,2775.348,0.143,-37.716,,,,,,,,,,,,,,,,,,,,,,,,,,,,,,,,,,,,,,,,,,,,,,,,,,,,"",0,0,"",2774.029,,,0,""
107,,5,0,8,0,1,0,0,1,1,0,15,16,255,38,2786.696,"_Chun",L,26,89,140,1.809,0.159,-0.255,2.011,0.714,1.563,-36.669,34.852,77,23,0,2,60.137,-150,-15.958,0,0,7,2,R,"-라후이-",190,87,0.498,3,82,W,Y,1,2787.402,164,99,117,60,44,145,101,32.225,15.424,0.336,1.08,-20.406,-0.29,0,0.148,-64.565,593.606,58.849,2791.54,-32.558,-95.484,2791.707,8,-30.922,2.662,-92.8,0,0,,2793.544,,,,,,,,,,2809.105,2799.795,,2792.261,7,,457,0,2794.649,5,2,678,2,,,,,,2797.775,2,,,,,,,0.068,-37.562,0.007,-17.67,-18.058,-39.612,-13.701,-59.912,20.188,-46.408,2.486,-62.42,41.29,-101.312,-4.144,-117.649,-38.308,-81.891,-0.131,-37.047,,"눈꽃",0.009,-17.667,,"인생최패망자",-17.401,-42.332,101,"CoalCat",-13.649,-59.759,,"소솨소솨",18.767,-45.577,,"하루（Haru）",7.328,-61.271,103,"_Gosomi",41.266,-101.299,,"うよすま",-4.14,-117.646,,"SUGUN",-38.303,-81.881,119,2801.296,-0.321,-38.09,,,,2797.178,-18.535,-40.21,,,,,,,2794.667,-0.825,-60.173,,,,,,,2792.274,-31.422,-93.656,,,,,,,2800.372,-17.612,-39.481,,,,,,,2796.165,-5.36,-54.319,,,,,,,2792.993,-28.3,-90.229,"",1,0,"SUGUN",2796.686,,,291,""
108,,5,0,8,0,0,0,2,1,0,0,15,255,255,39,2817.892,"_Chun",L,26,85,137,-1.063,0.95,-0.487,2.159,-0.577,2.054,-36.669,50.014,81,19,0,2,91.646,-150,-9.025,0,0,8,1,L,"encounter v",190,86.037,0.42,3,82,W,Y,1,2818.705,217,126,61,77,23,138,130,13.315,17.978,-0.165,1.292,-19.144,0.65,0,0.298,393.517,-452.739,-13.136,2822.673,-25.797,-131.867,2824.418,7,-18.714,0.055,-125.748,1,1,,2824.22,2828.817,2835.926,,2823.239,2828.123,2833.341,,,,2818.549,,,,,,,,,,,,,,,,,,,,,,,,,,-0.067,-37.826,-0.035,-17.765,-19.63,-40.089,-10.369,-61.555,19.201,-45.661,12.293,-65.301,52.539,-98.603,7.296,-117.971,-45.737,-91.485,-0.469,-36.974,,"눈꽃",-0.071,-17.761,,"인생최패망자",-16.683,-44.495,,"CoalCat",-9.501,-61.462,70,"소솨소솨",19.042,-45.628,,"하루（Haru）",12.291,-65.297,,"_Gosomi",52.518,-98.609,,"うよすま",7.299,-117.968,100,"SUGUN",-45.721,-91.579,,2844.725,-0.542,-26.568,2837.057,17.507,-14.991,,,,2828.964,-3.155,-71.858,,,,,,,,,,2824.99,-17.879,-125.77,,,,,,,,,,,,,2830.898,-2.947,-64.083,,,,,,,,,,2826.772,-16.126,-115.096,,,,"",2,0,"うよすま",2823.239,2828.123,2833.341,396,""
109,,5,0,8,1,0,0,2,0,0,1,255,255,11,40,2860.328,"_Chun",L,10,84,125,-1.471,-0.485,-0.471,2.099,-0.458,1.786,-36.669,42.563,84,16,0,0,-107.611,400,-9.903,0,0,0,4,R,"Yaksok~",173.3,80,0.328,,53,W,Y,1,,,,,,,,,,,,,,,,,,,,,,,,,,,,0,0,,,,,,,,,,,,,,2860.393,,,,,,,,,,,,,,,,,,,,,,,,-0.067,-37.627,-0.009,-17.958,-18.574,-44.298,-11.173,-60.199,20.42,-46.184,10.274,-63.546,43.623,-97.128,-4.623,-113.357,-45.731,-92.393,,,,"",,,,"",,,,"",,,,"",,,,"",,,,"",,,,"",,,,"",,,,2864.396,-0.246,-37.959,,,,,,,,,,,,,,,,,,,,,,,,,,,,,,,,,,,,,,,,,,,,,,,,,,,,"",0,0,"",,2862.554,,0,""
110,,5,0,8,1,0,1,2,0,0,1,255,255,11,41,2876.812,"_Chun",L,10,83,110,1.958,-1.648,-0.133,1.956,0.855,1.228,-36.669,25.233,89,11,0,2,0,400,-6.834,0,0,0,4,R,"Yaksok~",173.3,80,0.328,3,53,W,Y,1,2877.798,220,146,87,85,72,145,93,-48.109,13.794,0.381,0.3,-19.824,-0.4,0,0.38,33.72,-486.871,-349.027,2877.095,0.327,-20.041,2879.773,3,-7.439,1.334,-51.847,0,0,,2883.534,,,,,,,,,2882.502,,,,2882.904,0,,147,128,,,,,,,,,,,,,,,,,,,0.069,-37.586,0.005,-18.101,-18.039,-43.283,-11.167,-60.206,19.99,-44.676,9.117,-63.865,39.364,-99.136,-3.286,-114.542,-45.669,-92.988,-0.141,-36.956,,"눈꽃",0.012,-18.117,,"인생최패망자",-17.837,-43.05,,"CoalCat",-11.12,-60.034,88,"소솨소솨",19.421,-46.244,,"하루（Haru）",9.122,-63.87,,"_Gosomi",38.932,-98.792,,"うよすま",-3.298,-114.539,,"SUGUN",-45.786,-92.888,,,,,,,,2882.305,-18.384,-40.62,2880.437,-7.821,-52.674,,,,,,,,,,,,,,,,,,,,,,,,,2881.616,-11.694,-47.74,,,,,,,,,,,,,,,,"",2,0,"CoalCat",,,2882.502,129,""
111,SIDE,5,0,8,1,0,1,2,0,0,0,255,255,255,,2887.986,,,,,,,,,,,,,,,,,,,,,,,0,,,,,,,,,,,,,,,,,,,,,,,,,,,,,,,,,,,,,,,0,0,,,,,,,,,,,,,,,,,,,,,,,,,,,,,,,,,,,,,,,,,,,,,,,,,,,,,,,,,,,,,,,,,,,,,,,,,,,,,,,,,,,,,,,,,,,,,,,,,,,,,,,,,,,,,,,,,,,,,,,,,,,,,,,,,,,,,,,,,,,,,,,,,"",0,0,"",,,,0,""
112,,6,1,8,1,2,0,0,0,0,0,255,255,255,59,2978.789,"ke ro",R,26,89,140,0.689,0.446,0.215,1.662,0.182,1.686,-36.596,21.088,56,44,0,2,5.924,-150,21.038,0,0,7,3,R,"CoalCat",160,83,0.397,3,82,W,Y,1,2979.862,149,52,70,68,30,140,79,7.298,23.832,-0.105,1,-20.27,-0.69,0,0.418,160.356,301.331,-493.443,,,,2981.018,2,-12.289,0.869,-46.263,0,0,,,,,,,,,,,,,,,2981.63,7,,451,0,,,,,,,,,,,,,,,,,,,-0.044,-37.744,-0.025,-17.9,-18.67,-45.906,-13.588,-62.887,18.573,-49.567,12.212,-65.282,-2.599,-84.042,1.497,-111.617,-41.491,-90.561,-0.044,-37.365,,"encounter v",-0.007,-17.945,,"-라후이-",-18.689,-45.748,96,"Rite_",-13.752,-62.839,,"Yaksok~",18.556,-49.542,,"_송글_",12.317,-64.812,,"Kr_Luna",-2.593,-84.016,,"Yes_Man_",2.991,-112.71,,"ByeolBam",-41.497,-90.576,,2985.697,-0.481,-38.289,,,,2981.638,-12.69,-46.674,,,,,,,,,,,,,,,,,,,,,,,,,2984.82,-14.859,-41.107,,,,,,,,,,,,,,,,,,,"",1,0,"-라후이-",,,,132,""
113,,6,1,8,1,0,0,1,0,0,0,255,255,255,60,3000.039,"ke ro",R,26,79,129,0.116,1.337,0.174,1.832,-0.047,2.305,-36.596,29.334,93,7,0,4,61.398,-150,14.566,0,0,8,0,L,"_Chun",190,80,0.445,,83,W,Y,1,,,,,,,,,,,,,,,,,,,,,,,,,,,,0,0,,,,,,,,,,,,,,,,,,,,,,,,,,,,,,,,,,,,,,-0.08,-37.663,-0.035,-17.886,-19.732,-46.391,-12.862,-62.697,19.055,-48.211,12.951,-64.456,46.8,-97.762,-6.764,-114.566,-42.834,-104.412,,,,"",,,,"",,,,"",,,,"",,,,"",,,,"",,,,"",,,,"",,,,3005.223,-0.089,-37.12,,,,,,,,,,,,,,,,,,,,,,,,,,,,,,,,,,,,,,,,,,,,,,,,,,,,"",0,0,"",,,,0,""
114,,6,1,8,1,0,1,1,0,0,0,255,255,255,61,3025.151,"ke ro",R,13,72,112,0.721,0.678,0.476,1.837,1.01,2.431,-36.596,31.137,100,0,0,2,-394.004,307.833,7.638,0,0,8,0,L,"_Chun",190,80,0.445,3,83,W,Y,1,3026.224,189,81,101,59,44,145,130,6.203,-43.304,0.151,1.117,-19.107,0.59,0,0.226,-346.225,-371.505,319.55,3027.084,35.874,-54.385,,,,,,0,0,,,,,,,,,,,,,,,,,,,,,,,,,,,,,,,,,,,,,,0.174,-38.143,-0.034,-17.84,-20.044,-45.823,-12.873,-62.922,19.047,-48.196,12.738,-65.142,45.878,-97.91,7.227,-117.72,-37.398,-98.719,0.181,-37.546,,"encounter v",0.001,-17.864,,"-라후이-",-19.991,-45.537,,"Rite_",-12.88,-62.726,,"Yaksok~",19.054,-48.194,,"_송글_",12.917,-64.715,,"Kr_Luna",45.905,-97.869,,"Yes_Man_",7.4,-117.703,,"ByeolBam",-37.354,-98.729,,,,,,,,,,,,,,,,,,,,,,,,,,,,,,,,,,,,,,,,,,,,,,,,,,,,,,,,"",3,0,"",,,,0,""
115,,6,1,8,1,0,2,1,0,0,0,255,255,255,62,3044.601,"ke ro",R,10,83,124,1.66,-2.529,0.255,1.485,0.246,1.04,-36.596,17.287,53,47,0,2,0,400,7.653,0,0,8,0,L,"_Chun",190,80,0.445,3,83,W,Y,1,3045.644,189,191,84,91,68,145,129,-6.176,-8.544,0.105,0.371,-20.15,0.27,0,0.336,-114.065,-532.85,251.118,3045.051,0.524,-22.875,3048.529,7,9.324,0.057,-100.759,1,0,,3051.412,,,,,,,,,,,,,,,,,,,,,,,,,,,,,,,,,,,,-0.05,-37.662,-0.014,-17.873,-18.838,-50.017,-13.63,-64.59,20.899,-51.193,13.215,-64.582,51.524,-90.771,8.825,-117.147,-35.985,-101.17,0.149,-37.838,,"encounter v",-0.015,-17.89,,"-라후이-",-18.848,-49.76,,"Rite_",-13.193,-64.44,76,"Yaksok~",20.863,-51.24,,"_송글_",13.224,-64.434,,"Kr_Luna",51.676,-90.62,,"Yes_Man_",8.706,-117.131,110,"ByeolBam",-36.221,-102.776,,3055.135,0.323,-38.826,,,,,,,3051.624,0.132,-60.086,,,,,,,,,,3049.114,9.318,-102.207,,,,,,,,,,,,,3053.974,-0.912,-56.787,,,,,,,,,,3050.076,8.129,-94.831,,,,"",2,0,"Yes_Man_",,,,22,""
116,,6,1,8,1,0,0,1,1,0,0,0,255,255,63,3068.89,"ke ro",R,11,79,123,1.447,1.113,0.368,1.924,0.619,2.554,-36.596,42.248,95,5,0,2,0,229.354,4.365,0,0,0,2,R,"인생최패망자",190,80,0.396,3,82,W,Y,1,3070.018,255,143,152,112,50,145,91,113.455,-32.992,0.264,1.393,-19.807,-0.8,0,0.414,553.126,-153.148,174.92,,,,,,,,,0,0,,,,,,,,,,,,3085.818,,,,,,,,,,,,,,,,,,,,,,,,,,-0.047,-37.754,-0.018,-17.834,-19.991,-45.138,-13.834,-63.711,17.532,-47.314,9.623,-60.417,46.051,-101.024,3.341,-116.971,-41.595,-98.155,0.143,-37.456,,"encounter v",-0.002,-17.815,,"-라후이-",-19.519,-43.376,,"Rite_",-13.76,-63.609,,"Yaksok~",17.535,-47.312,,"_송글_",10,-60.132,,"Kr_Luna",46.053,-101.092,,"Yes_Man_",2.477,-117.724,,"ByeolBam",-42.214,-101.877,,,,,,,,,,,,,,,,,,,,,,,,,,,,,,,,,,,,,,,,,,,,,,,,,,,,,,,,"",3,0,"",,,,0,""
117,,6,1,8,1,0,1,1,1,0,0,0,255,255,64,3085.927,"ke ro",R,26,80,130,0.308,0.361,0.222,1.671,0.031,1.694,-36.596,17.694,70,30,0,2,66.424,-150,34.46,0,0,0,2,R,"인생최패망자",190,80,0.396,3,81,W,Y,1,3087.001,253,133,115,136,57,145,98,94.77,-80.678,0.056,1.132,-19.961,-0.46,0,0.452,228.787,-533.077,153.25,,,,,,,,,0,0,,,,,,,,,,,,3099.787,,,,,,,,,,,,,,,,,,,,,,,,,,-0.019,-37.719,-0.031,-17.8,-20.521,-46.322,-13.848,-63.591,19.2,-49.472,10.185,-61.858,42.152,-93.482,6.824,-117.888,-43.146,-100.765,0.178,-37.598,,"encounter v",-0.063,-17.829,,"-라후이-",-20.172,-46.366,,"Rite_",-13.785,-63.48,,"Yaksok~",19.211,-49.479,,"_송글_",10.169,-61.821,,"Kr_Luna",42.161,-93.499,,"Yes_Man_",6.822,-117.84,,"ByeolBam",-42.483,-99.612,,,,,,,,,,,,,,,,,,,,,,,,,,,,,,,,,,,,,,,,,,,,,,,,,,,,,,,,"",3,0,"",,,,0,""
118,,6,1,8,1,0,2,1,1,0,0,0,255,255,65,3101.156,"ke ro",R,0,72,124,0.914,2.181,0.383,2.034,0.386,2.97,-36.596,46.196,95,5,0,2,0,0,5.312,0,0,0,2,R,"인생최패망자",190,80,0.396,3,81,W,Y,1,3102.283,255,82,109,80,41,145,130,-4.074,11.978,0.06,1.97,-20.076,0.33,0,0.265,423.807,387.206,174.525,3102.229,-4.456,-40.102,3108.406,7,-25.008,0.054,-128.281,1,0,,3107.909,3112.276,,,3107.11,3111.871,,,,,,,,,,,,,,,,,,,,,,,,,3114.981,5,,,,,-0.002,-37.693,-0.043,-17.783,-19.539,-41.474,-14.548,-62.935,18.483,-48.777,9.791,-59.795,40.007,-93.101,1.882,-120.762,-43.527,-98.754,0.212,-37.606,,"encounter v",-0.048,-17.782,,"-라후이-",-19.184,-43.857,,"Rite_",-14.461,-62.81,,"Yaksok~",18.475,-48.777,,"_송글_",9.996,-59.656,88,"Kr_Luna",40.118,-92.965,,"Yes_Man_",1.423,-121.977,98,"ByeolBam",-43.527,-98.753,,3117.983,0.284,-38.599,,,,,,,,,,,,,3113.195,-2.481,-65.292,,,,3109.048,-24.216,-127.187,,,,,,,,,,,,,,,,,,,3117.05,0.017,-53.467,,,,3110.234,-23.772,-121.566,,,,"3:+1",2,0,"Yes_Man_",3107.11,3111.871,,70,""
119,,6,1,8,1,0,0,1,0,1,1,255,2,0,66,3137.303,"ke ro",R,10,86,127,0.586,-2.368,0.167,1.308,0.04,0.628,-36.596,19.202,52,48,0,1,145.456,400,45.646,0.118,-19.79,1,8,R,"SUGUN",179.9,82,0.5,,82,W,Y,0,,,,,,,,,,,,,,,,,,,,,,,,,,,,0,0,,,,,,,,,,,,,,3138.227,,,,,,,,,,,,,,,,,,,,,,3139.282,1,0.004,-37.724,-0.041,-17.855,-20.668,-46.523,-15.086,-62.118,15.936,-44.981,5.433,-61.514,-2.73,-69.899,3.07,-116.908,-43.36,-96.675,,,,"",,,,"",,,,"",,,,"",,,,"",,,,"",,,,"",,,,"",,,,3144.191,0.046,-37.459,,,,,,,,,,,,,,,,,,,,,,,,,,,,,,,,,,,,,,,,,,,,,,,,,,,,"",0,0,"",,3140.155,,0,""
120,,6,1,8,1,1,0,1,0,1,1,255,2,0,67,3152.928,"ke ro",R,26,86,139,0.834,-0.448,0.241,1.513,0.348,1.203,-36.596,16.152,51,49,0,2,5.883,-150,17.719,0,0,1,8,R,"SUGUN",179.9,82,0.5,3,82,W,Y,1,3153.845,255,111,132,62,22,145,88,17.571,-10.273,0.148,0.734,-19.211,-0.78,0,0.309,433.373,-414.06,27.246,3157.151,17.355,-85.357,3160.696,7,26.043,0.057,-108.959,1,2,,3159.292,3165.854,,,,,,3158.649,3163.872,3160.525,,,3154.867,3165.814,1,1,276,2,,,,,,,,,,,,,3165.042,3,,,,,-0.033,-37.692,-0.048,-17.642,-20.624,-47.087,-15.279,-62.688,17.17,-45.847,2.421,-60.979,-1.652,-70.455,0.047,-114.546,-45.268,-95.51,0.183,-37.603,,"encounter v",-0.06,-17.787,,"-라후이-",-20.224,-47.722,,"Rite_",-15.192,-62.567,69,"Yaksok~",16.629,-46.733,,"_송글_",5.187,-59.858,,"Kr_Luna",-4.764,-72.174,,"Yes_Man_",-4.013,-113.253,110,"ByeolBam",-44.915,-96.075,,3175.745,0.261,-38.535,,,,,,,3164.41,1.063,-60.445,,,,,,,,,,3161.371,25.731,-109.412,,,,,,,,,,,,,3174.52,-0.916,-56.153,,,,,,,,,,3162.334,25.731,-102.647,,,,"",2,0,"Yes_Man_",3165.854,3158.649,3160.525,22,""
121,,6,1,10,1,0,0,2,0,0,0,255,255,255,68,3194.625,"ke ro",R,26,91,140,2.054,0.959,0.083,1.563,-0.465,1.314,-36.596,8.01,69,31,0,2,-2.413,-150,19.418,0,0,2,1,L,"눈꽃",190,80,0.505,3,82,W,Y,0,3195.59,255,143,112,98,39,145,130,26.107,8.479,-0.096,1.151,-20.322,0.31,0,0.506,346.484,-320.043,-370.839,3200.418,-7.258,-140.391,,,,,,0,0,,3201.514,3206.165,3211.346,3216.42,,,,,,,,,,,,,,,,,,,,,,,,,,,,,,,,,-0.069,-37.697,0.011,-17.804,-20.322,-47.638,-11.019,-65.008,19.309,-49.713,14.135,-63.833,40.786,-91.671,4.201,-111.287,-38.579,-96.796,0.075,-37.625,,"encounter v",0.011,-17.805,,"-라후이-",-20.078,-47.951,,"Rite_",-11.098,-64.88,,"Yaksok~",19.329,-49.698,,"_송글_",14.252,-64.116,,"Kr_Luna",41.18,-92.033,,"Yes_Man_",4.231,-111.23,,"ByeolBam",-38.74,-97.136,,,,,,,,,,,,,,,,,,,,,,,,,,,,,,,,,,,,,,,,,,,,,,,,,,,,,,,,"",4,0,"",3206.165,3211.346,,0,""
122,,6,1,11,1,0,0,2,0,0,0,255,255,255,69,3231.176,"ke ro",R,10,89,128,0.63,-1.797,0.253,1.601,0.267,1.144,-36.596,17.911,58,42,0,2,0,400,14.708,0,0,3,7,R,"うよすま",160,82.375,0.472,3,82,W,Y,1,3232.155,255,70,103,87,8,145,92,-30,43.181,0.115,0.349,-20.244,0.95,0,0.421,-291.311,-311.312,-422.164,3231.54,-0.355,-20.745,3233.307,2,-20.517,0.151,-42.368,0,0,,,,,,,,,,,,,,,3235.604,3,,147,0,,,,,,,,,,,3234.955,2,,,,,,,0.026,-38.604,-0.04,-17.51,-20.385,-42.986,-15.594,-61.433,19.17,-47.339,11.492,-65.601,16.638,-88.566,-5.711,-108.096,-43.453,-96.565,0.246,-37.663,,"encounter v",-0.028,-17.544,,"-라후이-",-20.828,-46.344,,"Rite_",-14.908,-61.547,,"Yaksok~",18.628,-47.856,,"_송글_",11.293,-65.635,,"Kr_Luna",16.635,-88.562,,"Yes_Man_",-6.015,-109.039,,"ByeolBam",-43.457,-96.565,,,,,,,,3233.904,-20.918,-42.78,,,,,,,,,,,,,,,,,,,,,,,,,,,,,,,,,,,,,,,,,,,,,,"",2,0,"-라후이-",,,,128,""
123,SIDE,6,1,11,1,0,0,2,0,0,0,255,255,255,,3236.547,,,,,,,,,,,,,,,,,,,,,,,4,,,,,,,,,,,,,,,,,,,,,,,,,,,,,,,,,,,,,,,0,0,,,,,,,,,,,,,,,,,,,,,,,,,,,,,,,,,,,,,,,,,,,,,,,,,,,,,,,,,,,,,,,,,,,,,,,,,,,,,,,,,,,,,,,,,,,,,,,,,,,,,,,,,,,,,,,,,,,,,,,,,,,,,,,,,,,,,,,,,,,,,,,,,"",0,0,"",,,,0,""
124,,6,0,11,1,0,0,0,0,0,0,255,255,255,42,3287.604,"_Chun",L,10,86,128,-0.65,0.273,-0.402,2.139,-0.271,2.206,-36.669,61.441,70,30,0,2,0,400,-0.84,0,0,1,7,R,"Yes_Man_",174.8,85.251,0.499,3,82,W,Y,1,3288.744,159,86,62,62,16,137,113,-30,17.025,-0.105,0.915,-19.583,0.12,0,0.331,-471.211,359.391,93.8,3288.162,-0.553,-21.035,3289.973,3,-10.305,1.974,-55.356,0,0,,3294.587,,,,,,,,,,,,,3293.536,1,,147,128,,,,,,,,,,,3293.071,2,,,,,,,0.101,-37.646,-0.024,-17.689,-18.587,-43.752,-14.066,-58.917,21.039,-47.416,9.572,-65.295,35.474,-102.873,-6.75,-114.446,-35.318,-84.773,-0.428,-37.039,,"눈꽃",-0.076,-17.683,,"인생최패망자",-18.615,-44.096,99,"CoalCat",-13.951,-58.717,81,"소솨소솨",19.122,-46.825,,"하루（Haru）",9.634,-65.292,,"_Gosomi",35.467,-102.85,,"うよすま",-5.585,-113.235,,"SUGUN",-35.022,-84.718,,3296.268,-0.051,-38.437,,,,3292.923,-18.904,-40.611,3290.572,-10.785,-56.378,,,,,,,,,,,,,,,,,,,,,,3295.333,-17.396,-39.685,3291.795,-12.615,-54.699,,,,,,,,,,,,,,,,"",2,0,"CoalCat",,,,129,""
125,,6,0,11,1,0,0,1,0,0,0,255,255,255,43,3304.866,"_Chun",L,26,95,140,-3.028,0.293,-0.203,1.998,0.957,1.469,-36.669,33.654,75,25,0,2,26.423,-150,-14.746,0,0,2,0,R,"ke ro",190,80,0.446,3,50,W,Y,1,3305.861,253,53,0,0,18,17,46,27.721,-32.541,0.679,0.978,-20.189,-0.84,0,0.739,130.703,-488.005,323.678,,,,3307.918,4,13.945,1.607,-38.641,0,0,,,,,,,,,,,,,,,3308.496,2,,453,0,,,,,,,,,,,,,,,,,,,0.102,-37.561,-0.017,-17.6,-16.337,-43.588,-13.199,-61.157,16.603,-47.633,9.776,-66.012,34.401,-100.619,-8.038,-116.64,-46.893,-90.266,-0.181,-36.907,,"눈꽃",0.136,-17.735,,"인생최패망자",-17.369,-43.067,92,"CoalCat",-13.165,-61.146,,"소솨소솨",17.264,-47.923,120,"하루（Haru）",9.403,-65.753,,"_Gosomi",34.462,-100.632,,"うよすま",-8.864,-117.313,,"SUGUN",-46.756,-89.797,,3313.063,-0.573,-37.401,,,,3310.538,-18.562,-39.604,,,,3308.504,14.201,-39.317,,,,,,,,,,,,,,,,,,,3312.085,-17.321,-39.155,,,,3309.349,9.351,-38.529,,,,,,,,,,,,,"",1,0,"소솨소솨",,,,17,""
126,,6,0,11,1,0,0,2,0,0,0,255,255,255,44,3328.896,"_Chun",L,14,81,106,-2.678,-0.82,-0.478,2.037,-0.416,1.593,-36.669,44.304,89,11,0,1,-376.237,312.348,-12.608,-0.825,-17.996,3,8,R,"ByeolBam",175,90,0.5,,82,W,Y,0,,,,,,,,,,,,,,,,,,,,,,,,,,,,0,0,,,,,,,,,,,,,,,,,,,,,,,,,,,,,,,,,,,,,,0.031,-37.722,0.008,-17.621,-17.518,-42.676,-13.636,-57.428,20.26,-47.779,9.245,-65.951,40.904,-112.994,-4.939,-115.633,-45.997,-91.86,,,,"",,,,"",,,,"",,,,"",,,,"",,,,"",,,,"",,,,"",,,,3333.379,-0.123,-37.453,,,,,,,,,,,,,,,,,,,,,,,,,,,,,,,,,,,,,,,,,,,,,,,,,,,,"",0,0,"",,,,0,""
127,,6,0,11,1,1,0,2,0,0,0,255,255,255,45,3344.428,"_Chun",L,26,92,140,0.473,0.753,-0.321,2.122,0.133,1.876,-36.669,44.727,84,16,0,0,60.81,-150,-12.45,0.142,-18.55,3,8,R,"ByeolBam",175,90,0.5,,82,W,Y,1,,,,,,,,,,,,,,,,,,,,,,,,,,,,0,0,,,,,,,,,,,,,,,,,,,,,,,,,,,,,,,,,,,,,,0.061,-37.77,-0.019,-17.649,-17.52,-42.66,-13.449,-57.649,20.179,-47.282,9.213,-65.965,40.924,-112.522,-3.547,-113.831,-45.907,-91.903,,,,"",,,,"",,,,"",,,,"",,,,"",,,,"",,,,"",,,,"",,,,3349.519,0.082,-37.593,,,,,,,,,,,,,,,,,,,,,,,,,,,,,,,,,,,,,,,,,,,,,,,,,,,,"",0,0,"",,,,0,""
128,,6,0,11,1,1,1,2,0,0,0,255,255,255,46,3359.772,"_Chun",L,14,85,124,0.308,-0.373,-0.199,2.102,0.717,1.781,-36.669,44.624,86,14,0,2,-361.772,345.139,-20.453,0,0,3,8,R,"ByeolBam",175,90,0.5,3,82,W,Y,1,3360.918,166,97,137,82,33,145,116,4.575,36.807,-0.503,0.642,-20.104,0.82,0,0.241,51.733,563.935,198.244,3361.396,-21.155,-45.485,3364.062,8,-53.491,0.055,-79.223,1,0,,3366.738,,,,,,,,,,,,,,,,,,,,,,,,,,,,3368.859,2,,,,,,,0.144,-38.276,-0.023,-17.755,-17.704,-42.508,-13.403,-57.782,20.478,-45.766,9.26,-65.974,44.414,-113.797,-4.948,-114.543,-46.088,-91.585,0.152,-37.02,,"눈꽃",0.036,-17.846,,"인생최패망자",-17.72,-42.515,89,"CoalCat",-13.336,-57.619,,"소솨소솨",19.008,-46.172,,"하루（Haru）",9.252,-65.961,,"_Gosomi",44.485,-113.809,,"うよすま",-4.887,-114.546,,"SUGUN",-46.211,-92.059,106,3371.02,-0.173,-38.19,,,,3367.969,-20.207,-40.25,,,,,,,,,,,,,,,,3364.655,-54.191,-79.991,,,,,,,3369.999,-17.925,-40.021,,,,,,,,,,,,,,,,3365.997,-47.761,-73.018,"",2,0,"SUGUN",,,,3,""
129,,6,0,11,1,0,0,2,1,0,0,18,255,255,47,3389.046,"_Chun",L,26,87,140,0.31,1.332,-0.356,2.099,0.052,2.185,-36.669,45.097,74,26,0,4,68.459,-150,-14.47,0,0,4,3,R,"Rite_",169.8,80,0.453,3,82,W,Y,1,3390.358,111,84,49,60,9,130,89,27.883,35.537,0.108,1.201,-18.764,0.92,0,0.36,-358.615,-480.509,-22.504,,,,3389.893,1,0.097,1.21,-18.781,0,0,,,,,,,,,,,,,,,,,,,,,,,,,,,,,,,,,,,,,,0.071,-37.675,-0.045,-17.829,-17.807,-39.472,-14.09,-59.476,20.21,-47.156,8.37,-63.429,35.646,-88.8,-3.469,-114.853,-47.396,-92.926,-0.587,-36.92,,"눈꽃",0.006,-17.94,,"인생최패망자",-16.752,-41.453,,"CoalCat",-13.548,-59.22,,"소솨소솨",19.665,-47.382,,"하루（Haru）",8.368,-63.441,,"_Gosomi",35.64,-88.788,,"うよすま",-3.106,-114.885,,"SUGUN",-47.383,-92.834,,,,,3390.693,0.027,-18.88,,,,,,,,,,,,,,,,,,,,,,,,,,,,,,,,,,,,,,,,,,,,,,,,,"",3,0,"눈꽃",,,,4,""
130,,6,0,11,1,0,2,2,1,0,0,18,255,255,48,3436.915,"_Chun",L,14,84,108,-3.186,-0.206,-0.559,2.165,-0.67,1.976,-36.669,49.268,82,18,0,4,-366.804,332.303,-7.061,0,0,4,3,R,"Rite_",169.8,80,0.453,3,82,W,Y,1,3438.354,255,146,87,67,66,145,91,-30,60.419,-1.033,1.218,-20.9,0.99,0,0.5,38.327,-573.131,-173.354,3437.873,-4.406,-22.843,,,,,,0,0,,,,,,,,,,,,3439.249,,,,,,,,,,,,,,,,,,,,,,,,,,-0.083,-38.248,0.019,-17.817,-18.175,-39.63,-13.001,-58.723,19.315,-46.477,7.753,-64.051,43.345,-93.652,-3.389,-111.433,-47.321,-89.907,-0.357,-36.965,,"눈꽃",-0.048,-17.935,,"인생최패망자",-17.49,-42.507,,"CoalCat",-12.946,-58.641,,"소솨소솨",18.462,-47.328,,"하루（Haru）",7.759,-64.077,,"_Gosomi",43.321,-93.635,,"うよすま",-2.736,-110.341,,"SUGUN",-47.378,-89.88,,,,,,,,,,,,,,,,,,,,,,,,,,,,,,,,,,,,,,,,,,,,,,,,,,,,,,,,"",3,0,"",,,,0,""
131,,6,0,11,1,0,2,2,1,0,0,18,255,255,49,3458.943,"_Chun",L,26,85,138,-0.637,2.734,-0.471,2.213,-0.306,2.971,-36.669,64.424,75,22,3,1,31.403,-150,-10.275,0,0,4,3,R,"Rite_",169.8,80,0.453,,82,W,Y,0,,,,,,,,,,,,,,,,,,,,,,,,,,,,0,0,,,,,,,,,,,,,,,,,,,,,,,,,,,,,,,,,,,,,,0.02,-37.735,-0.031,-17.846,-18.204,-39.99,-13.457,-59.873,20.054,-46.664,8.525,-64.036,39.971,-96.768,-4.332,-110.526,-46.545,-90.839,,,,"",,,,"",,,,"",,,,"",,,,"",,,,"",,,,"",,,,"",,,,,,,,,,,,,,,,,,,,,,,,,,,,,,,,,,,,,,,,,,,,,,,,,,,,,,,,,,"",0,0,"",,,,0,""
132,,6,0,11,1,1,2,2,1,0,0,18,255,255,50,3476.07,"_Chun",L,14,85,124,-3.144,0.306,-0.513,2.106,-0.763,2.171,-36.669,44.532,85,15,0,4,-369.9,336.414,-0.903,-0.883,-14.312,4,3,R,"Rite_",169.8,80,0.453,,82,W,Y,1,,,,,,,,,,,,,,,,,,,,,,,,,,,,0,0,,,,,,,,,,,,,,,3480.213,4,,706,0,,,,,,,,,,,,,,,,,,,-0.12,-37.727,-0.014,-17.868,-18.366,-39.772,-13.571,-60.039,20.248,-47.004,9.765,-63.617,39.949,-96.777,-4.049,-113.14,-46.311,-90.499,,,,"",,,,"",,,,"",,,,"",,,,"",,,,"",,,,"",,,,"",,,,,,,,,,,,,,,,,,,,,,,,,,,,,,,,,,,,,,,,,,,,,,,,,,,,,,,,,,"",0,0,"",,,,0,""
133,SIDE,6,0,11,1,0,0,2,1,0,0,18,255,255,,3483.89,,,,,,,,,,,,,,,,,,,,,,,5,,,,,,,,,,,,,,,,,,,,,,,,,,,,,,,,,,,,,,,0,0,,,,,,,,,,,,,,,,,,,,,,,,,,,,,,,,,,,,,,,,,,,,,,,,,,,,,,,,,,,,,,,,,,,,,,,,,,,,,,,,,,,,,,,,,,,,,,,,,,,,,,,,,,,,,,,,,,,,,,,,,,,,,,,,,,,,,,,,,,,,,,,,,"",0,0,"",,,,0,""
134,,7,1,11,1,0,0,0,0,0,0,255,255,255,71,3580.895,"encounter v",R,13,71,99,-4.271,-2.018,0.242,1.868,-1.11,0.83,-36.676,24.33,92,8,0,1,-349.996,314.275,-7.98,-0.905,-19.328,4,4,R,"소솨소솨",190,80,0.501,,83,W,Y,0,,,,,,,,,,,,,,,,,,,,,,,,,,,,0,0,,,,,,,,,,,,,,,,,,,,,,,,,,,,,,,,,,,,,,-0.006,-37.673,-0.18,-17.201,-19.968,-49.569,-15.712,-61.9,18.246,-61.041,12.72,-64.823,-13.09,-78.87,-5.604,-118.431,-41.601,-90.64,,,,"",,,,"",,,,"",,,,"",,,,"",,,,"",,,,"",,,,"",,,,,,,,,,,,,,,,,,,,,,,,,,,,,,,,,,,,,,,,,,,,,,,,,,,,,,,,,,"",0,0,"",,,,0,""
135,,7,1,11,1,1,0,0,0,0,0,255,255,255,71,3594.491,"encounter v",R,0,64,104,-0.335,-0.288,0.547,2.142,-0.163,1.422,-36.676,58.753,72,28,0,0,0,0,-4.57,0,0,4,4,R,"소솨소솨",190,80,0.501,,83,W,Y,1,,,,,,,,,,,,,,,,,,,,,,,,,,,,0,0,,,,,,,,,,,,,,,,,,,,,,,,,,,,,,,,,,,,,,0.006,-37.535,-0.029,-17.089,-17.394,-48.641,-15.389,-61.768,15.792,-63.361,4.139,-67.148,-13.108,-78.886,-10.938,-115.586,-44.247,-98.809,,,,"",,,,"",,,,"",,,,"",,,,"",,,,"",,,,"",,,,"",,,,,,,,,,,,,,,,,,,,,,,,,,,,,,,,,,,,,,,,,,,,,,,,,,,,,,,,,,"",0,0,"",,,,0,""
136,,7,1,11,1,1,1,0,0,0,0,255,255,255,72,3607.036,"encounter v",R,10,43,82,0.204,-2.22,0.624,1.938,0.073,0.979,-36.676,49.351,100,0,0,4,0,400,-20.191,0.023,-20.03,4,4,R,"소솨소솨",190,80,0.501,,83,W,Y,1,,,,,,,,,,,,,,,,,,,,,,,,,,,,0,16,,,,,,,,,,,,,,,,,,,,,,,,,,,,,,,,,,,,3610.022,1,0.171,-37.993,-0.007,-17.185,-17.245,-45.012,-16.258,-62.505,16.282,-63.093,4.209,-67.328,-13.213,-78.869,-11.606,-115.68,-45.851,-98.399,,,,"",,,,"",,,,"",,,,"",,,,"",,,,"",,,,"",,,,"",,,,,,,,,,,,,,,,,,,,,,,,,,,,,,,,,,,,,,,,,,,,,,,,,,,,,,,,,,"",0,0,"",,,,0,""
137,,7,1,11,1,1,2,0,0,0,0,255,255,255,73,3677.557,"encounter v",R,10,48,84,0.923,-1.998,0.724,1.992,0.383,1.098,-36.676,54.354,100,0,0,4,0,400,-20.316,0.143,-19.625,4,4,R,"소솨소솨",190,80,0.501,,83,W,Y,1,,,,,,,,,,,,,,,,,,,,,,,,,,,,0,16,,,,,,,,,,,,,,,3681.273,4,,274,0,,,,,,,,,,,,,,,,,3681.321,1,0.112,-37.603,-0.108,-17.197,-24.016,-52.032,-15.109,-61.744,15.724,-63.622,1.825,-67.941,-13.496,-75.134,15.847,-106.899,-36.454,-102.774,,,,"",,,,"",,,,"",,,,"",,,,"",,,,"",,,,"",,,,"",,,,3683.012,0.04,-37.114,,,,,,,,,,,,,,,,,,,,,,,,,,,,,,,,,,,,,,,,,,,,,,,,,,,,"",0,0,"",,,,0,""
138,,7,1,11,1,0,0,1,0,0,0,255,255,255,74,3698.427,"encounter v",R,32,95,140,-1.192,-0.998,0.411,2.032,-0.878,0.865,-36.676,34.83,68,32,0,2,250,-150,-10.317,0,0,5,5,L,"하루（Haru）",169.7,85,0.397,3,83,W,Y,1,3699.571,255,79,71,70,40,145,118,26.665,-30.724,-0.248,0.057,-19.642,0.73,0,0.153,124.06,-484.736,-331.12,3698.94,-0.248,-19.642,3705.729,6,50.734,0.085,-113.059,1,0,,3704.855,3709.254,,,,,,,,,,,,,,,,,,,,,,,,,,,,,,,,,,,0.091,-37.934,-0.045,-17.561,-19.288,-47.596,-15.429,-60.98,23.982,-54.949,10.994,-65.657,30.539,-87.971,10.236,-120.232,-41.593,-101.653,0.168,-37.22,,"ke ro",-0.096,-17.541,,"-라후이-",-19.328,-47.317,,"Rite_",-14.924,-60.881,64,"Yaksok~",23.993,-54.928,,"_송글_",11.091,-65.511,,"Kr_Luna",35.798,-91.344,99,"Yes_Man_",10.206,-120.282,,"ByeolBam",-42.117,-101.391,,3715.415,-0.487,-42.635,,,,,,,3710.904,0.942,-60.497,,,,,,,3706.344,51.169,-112.327,,,,,,,,,,,,,,,,3714.227,0.857,-58.769,,,,,,,3707.443,47.237,-109.92,,,,,,,"",2,0,"Kr_Luna",3709.254,,,304,""
139,,7,1,11,1,0,0,1,0,1,0,255,5,255,75,3730.645,"encounter v",R,10,44,82,0.149,-2.728,0.616,1.965,0.05,0.987,-36.676,57.77,100,0,0,4,0,397.524,-23.404,0.018,-20.17,6,6,R,"_Gosomi",175.2,85.368,0.484,,83,W,Y,1,,,,,,,,,,,,,,,,,,,,,,,,,,,,0,0,,,,,,,,,,,,,3730.879,,,,,,,,,,,,,,,,,,,,,,,,,-0.019,-37.306,0.002,-17.584,-18.342,-43.542,-14.337,-61.433,17.835,-48.602,12.271,-64.482,19.543,-86.405,1.794,-114.927,-41.372,-94.311,,,,"",,,,"",,,,"",,,,"",,,,"",,,,"",,,,"",,,,"",,,,3734.608,-0.006,-37.035,,,,,,,,,,,,,,,,,,,,,,,,,,,,,,,,,,,,,,,,,,,,,,,,,,,,"",0,0,"",3733.699,,,0,""
140,,7,1,11,1,0,1,1,0,1,0,255,5,255,76,3744.336,"encounter v",R,38,9,10,-1.246,-2.728,0.241,1.92,-0.55,0.876,-36.676,148.457,56,44,0,1,-0.823,-12.266,-0.69,0.158,-33.809,6,6,R,"_Gosomi",175.2,85.368,0.484,,83,W,Y,0,,,,,,,,,,,,,,,,,,,,,,,,,,,,0,0,,,,,,,,,3750.39,,,,,,,,,,,,,,,,,,,,,,,,,,,,,0.094,-37.793,-0.008,-17.534,-18.005,-43.033,-13.288,-62.068,18.623,-53.187,10.951,-64.097,-8.449,-79.576,-10.418,-114.586,-41.873,-94.199,,,,"",,,,"",,,,"",,,,"",,,,"",,,,"",,,,"",,,,"",,,,3747.028,0.026,-33.546,,,,,,,,,,,,,,,,,,,,,,,,,,,,,,,,,,,,,,,,,,,,,,,,,,,,"",0,0,"",,3750.39,,0,""
141,,7,1,11,1,0,1,1,0,0,1,255,255,5,77,3763.683,"encounter v",R,10,44,82,0.361,-2.728,0.591,1.957,0.143,0.463,-36.676,56.172,100,0,0,4,0,400,-8.049,0.094,-21.283,6,6,R,"_Gosomi",175.2,85.368,0.484,,83,W,Y,1,,,,,,,,,,,,,,,,,,,,,,,,,,,,0,0,,,,,,,,,,,,,,3765.465,,,,,,,,,,,,,,,,,,,,,,,,-0.047,-37.525,-0.024,-17.658,-18.731,-41.711,-14.546,-61.081,19.884,-42.243,11.576,-64.199,-7.203,-83.296,-9.576,-117.967,-42.059,-94.392,,,,"",,,,"",,,,"",,,,"",,,,"",,,,"",,,,"",,,,"",,,,3767.578,0.074,-37.071,,,,,,,,,,,,,,,,,,,,,,,,,,,,,,,,,,,,,,,,,,,,,,,,,,,,"",0,0,"",,3766.831,,0,""
142,,7,1,11,1,0,2,1,0,0,1,255,255,5,78,3775.679,"encounter v",R,32,93,140,0.211,0.008,0.547,2.188,-0.248,1.435,-36.676,55.57,75,25,0,0,235.537,-150,-13.788,0,0,6,6,R,"_Gosomi",175.2,85.368,0.484,,83,W,Y,1,,,,,,,,,,,,,,,,,,,,,,,,,,,,0,0,,,,,,,,,,,,,,,3778.354,6,,578,0,,,,,,,,,,,,,,,,,,,0.108,-37.707,0.004,-17.632,-18.24,-43.427,-14.433,-61.753,19.495,-41.61,9.521,-66.363,-7.2,-83.299,-5.86,-117.98,-42.695,-94.515,,,,"",,,,"",,,,"",,,,"",,,,"",,,,"",,,,"",,,,"",,,,3779.557,0.187,-36.946,,,,,,,,,,,,,,,,,,,,,,,,,,,,,,,,,,,,,,,,,,,,,,,,,,,,"",0,0,"",,3776.579,,0,""
143,,7,1,11,1,0,0,2,0,0,1,255,255,5,79,3794.145,"encounter v",R,32,80,130,0.974,1.246,0.622,2.352,0.103,2.047,-36.676,81.524,67,33,0,2,200.073,-150,-17.307,0,0,7,3,R,"CoalCat",160,83,0.397,3,82,W,Y,1,3795.304,143,44,44,60,6,127,105,-30,31.507,0.164,1.042,-18.856,0.84,0,0.377,-297.573,468.822,227.28,3794.762,-0.866,-20.524,3796.162,2,-13.795,1.605,-41.296,0,0,,,,,,,,,,,,,,3795.686,3798.996,7,,147,0,,,,,,,,,,,3798.354,2,,,,,,,0.039,-37.473,0.015,-17.661,-17.445,-43.755,-14.134,-62.143,20.289,-49.591,11.315,-64.585,6.314,-89.399,-8.365,-114.971,-42.722,-94.41,0.26,-37.333,,"ke ro",-0.004,-17.603,,"-라후이-",-17.433,-43.869,,"Rite_",-14.325,-61.982,,"Yaksok~",18.555,-48.022,,"_송글_",11.223,-64.474,,"Kr_Luna",6.284,-89.405,,"Yes_Man_",-8.501,-114.915,,"ByeolBam",-40.671,-94.395,,,,,,,,3796.782,-14.19,-41.813,,,,,,,,,,,,,,,,,,,,,,,,,,,,,,,,,,,,,,,,,,,,,,"",2,0,"-라후이-",,,,128,""
144,SIDE,7,1,11,1,0,0,2,0,0,1,255,255,5,,3799.646,,,,,,,,,,,,,,,,,,,,,,,8,,,,,,,,,,,,,,,,,,,,,,,,,,,,,,,,,,,,,,,0,0,,,,,,,,,,,,,,,,,,,,,,,,,,,,,,,,,,,,,,,,,,,,,,,,,,,,,,,,,,,,,,,,,,,,,,,,,,,,,,,,,,,,,,,,,,,,,,,,,,,,,,,,,,,,,,,,,,,,,,,,,,,,,,,,,,,,,,,,,,,,,,,,,"",0,1,"",,,,0,""
145,,7,0,11,1,0,0,0,0,0,0,255,255,255,51,3905.331,"하루（Haru）",R,26,81,132,-1.228,-0.203,0.176,1.651,-0.597,1.339,-36.698,20.051,36,64,0,2,38.47,-150,20.268,0,0,5,6,L,"Kr_Luna",190,95,0.498,3,58,W,Y,1,3906.185,198,114,122,64,22,145,116,96.116,80.212,-0.202,0.926,-19.933,0.16,0,0.131,376.411,112.517,-453.492,,,,,,,,,0,0,,,,,,,,,,,,,,,,,,,,,,,,,,,,,,,,,,,,,,-0.09,-37.283,-0.018,-18.087,-17.799,-48.749,-10.088,-61.734,21.47,-49.178,11.745,-59.906,42.879,-108.808,17.389,-121.432,-37.992,-108.149,0.163,-37.431,,"눈꽃",-0.059,-18.182,,"인생최패망자",-17.796,-48.74,,"CoalCat",-10.074,-61.722,,"소솨소솨",20.879,-49.666,,"_Chun",11.717,-59.874,,"_Gosomi",45.34,-106.997,,"うよすま",16.866,-121.077,,"SUGUN",-38.007,-108.106,,,,,,,,,,,,,,,,,,,,,,,,,,,,,,,,,,,,,,,,,,,,,,,,,,,,,,,,"",3,0,"",,,,0,""
146,,7,0,11,1,0,1,0,0,0,0,255,255,255,52,3923.002,"하루（Haru）",R,26,87,140,-1.311,-0.5,0.146,1.596,-0.737,1.163,-36.698,18.277,37,63,0,2,123.071,-150,34.552,0,0,5,6,L,"Kr_Luna",190,95,0.498,3,58,W,Y,0,3923.825,227,78,137,54,24,145,118,13.713,-9.265,0.195,0.789,-19.732,0.18,0,0.065,121.938,-586.486,34.137,3926.906,24.66,-106.901,3927.306,7,24.81,0.223,-107.253,1,0,,3929.713,,,,,,,,,,,,,,,,,,,,,,,,,,,,,,3932.271,3,,,,,-0.112,-37.148,0.002,-18.109,-17.811,-48.744,-11.461,-59.149,20.811,-49.395,11.829,-58.805,47.171,-105.088,18.976,-122.257,-36.437,-107.845,-0.134,-37.151,,"눈꽃",-0.099,-18.161,,"인생최패망자",-17.827,-48.761,,"CoalCat",-11.456,-59.27,71,"소솨소솨",20.78,-49.306,,"_Chun",11.839,-58.926,,"_Gosomi",47.174,-105.097,,"うよすま",18.948,-122.313,100,"SUGUN",-36.468,-107.849,,3935.745,-1.037,-38.864,,,,,,,3931.619,1.081,-58.862,,,,,,,,,,3927.976,24.765,-107.892,,,,,,,,,,,,,3934.379,0.111,-57.879,,,,,,,,,,3929.407,23.455,-99.462,,,,"",2,0,"うよすま",,,,136,""
147,,7,0,11,1,0,0,0,1,0,0,16,255,255,53,3950.879,"하루（Haru）",R,0,64,116,0.397,-0.235,0.411,1.708,0.245,1.464,-36.698,70.426,82,18,0,2,-48.512,0,6.537,0,0,6,5,R,"_송글_",174.9,91.844,0.315,3,83,W,Y,1,3951.95,205,89,129,88,49,145,98,58.366,59.691,0.068,0.844,-20.203,-0.17,0,0.529,497.409,-84.129,324.817,,,,,,,,,0,0,,,,,,,,,,,,,,,,,,,,,,,,,,,,,,,,,,,,,,-0.196,-37.217,-0.014,-18.081,-18.522,-39.601,-13.049,-57.32,20.743,-49.304,10.744,-59.224,32.798,-108.841,-4.603,-114.28,-39.539,-84.647,0.059,-36.915,,"눈꽃",-0.026,-18.091,,"인생최패망자",-17.705,-41.858,,"CoalCat",-12.836,-57.491,,"소솨소솨",20.139,-48.316,,"_Chun",10.974,-59.843,,"_Gosomi",32.794,-108.829,,"うよすま",-4.554,-114.349,,"SUGUN",-37.818,-83.083,,,,,,,,,,,,,,,,,,,,,,,,,,,,,,,,,,,,,,,,,,,,,,,,,,,,,,,,"",3,0,"",,,,0,""
148,,7,0,11,1,0,1,0,1,0,0,16,255,255,54,3969.602,"하루（Haru）",R,5,64,114,-1.165,-0.442,0.242,1.661,-0.293,1.348,-36.698,52.521,85,15,0,2,-124.389,0,10.63,0,0,6,5,R,"_송글_",174.9,91.844,0.315,3,42,W,Y,1,3970.66,227,108,129,121,0,145,124,-30,24.979,-0.213,0.803,-20.49,0.72,0,0.666,306.646,-477.534,-194.755,3970.029,-0.81,-21.777,3973.084,8,-28.408,0.146,-81.61,1,0,,3975.973,,,,3975.231,,,,,,3969.911,,,,,,,,,,,,,,,,,,,,,,,,,,-0.172,-37.225,-0.024,-17.899,-18.495,-39.601,-14.367,-59.106,20,-47.373,9.531,-59.621,32.663,-108.485,-4.201,-115.936,-41.483,-89.125,0.013,-36.995,,"눈꽃",-0.08,-17.886,,"인생최패망자",-16.994,-41.926,,"CoalCat",-14.333,-58.993,,"소솨소솨",19.925,-48.212,,"_Chun",9.591,-59.779,86,"_Gosomi",32.552,-108.487,,"うよすま",-4.202,-115.945,,"SUGUN",-41.128,-89.226,119,3981.493,-0.063,-38.255,,,,,,,,,,,,,3975.497,-1.137,-59.89,,,,,,,3973.668,-28.704,-82.572,,,,,,,,,,,,,,,,3980.317,-4.018,-58.067,,,,,,,3974.053,-26.835,-80.902,"",2,0,"SUGUN",3975.231,,,34,""
149,,7,0,11,1,0,0,0,1,1,0,15,16,255,55,4010.844,"하루（Haru）",R,0,58,113,1.441,-0.021,0.538,1.78,0.762,1.719,-36.698,76.706,82,18,0,2,-1.081,0,8.501,0,0,7,2,R,"-라후이-",190,87,0.498,3,82,W,Y,1,4011.738,201,116,140,56,42,145,101,27.324,-4.357,0.297,1.044,-20.369,-0.28,0,0.206,-309.329,511.587,50.93,4015.607,-3.39,-103.237,4015.74,7,-3.008,1.834,-100.826,0,0,,,,,,,,,,,,4037.557,,,4016.442,7,,456,0,4019.381,5,2,678,8,,,,,,,,4020.778,5,,,,,-0.029,-37.163,0.004,-17.858,-18.333,-43.632,-14.044,-58.356,20.164,-46.982,1.248,-60.729,33.994,-106.943,-4.239,-119.557,-45.529,-93.681,-0.039,-36.722,,"눈꽃",-0.01,-17.87,,"인생최패망자",-18.34,-43.53,,"CoalCat",-13.955,-58.246,,"소솨소솨",18.145,-47.315,,"_Chun",4.856,-61.329,61,"_Gosomi",33.998,-106.935,,"うよすま",-4.236,-119.553,100,"SUGUN",-45.512,-93.687,,4025.468,-0.259,-44.981,,,,,,,,,,,,,4019.39,-1.156,-59.904,,,,4016.453,-3.194,-101.844,,,,,,,,,,,,,,,,,,,4024.402,0.569,-58.18,,,,4017.818,-2.379,-92.6,,,,"",1,0,"うよすま",,,,40,""
150,,7,0,11,1,0,0,2,1,0,0,15,255,255,56,4042.859,"하루（Haru）",R,27,75,126,4.264,0.34,0.312,1.826,0.034,1.907,-36.698,45.451,90,10,0,2,63.303,-106.371,1.343,0,0,8,0,L,"encounter v",190,86.037,0.42,3,82,W,Y,1,4043.909,255,157,92,65,34,145,130,24.012,-32.821,0.142,1.245,-20.24,0.41,0,0.352,427.557,-221.216,-358.132,4048.129,69.178,-112.864,,,,,,0,0,,4049.446,4053.888,4059.035,4064.142,4044.768,4049.823,4054.71,,,,,,,,,,,,,,,,,,,,,,,,,,,,,,-0.08,-37.253,-0.014,-17.87,-18.147,-39.544,-7.12,-60.887,20.374,-46.271,10.12,-60.707,35.945,-107.213,7.17,-119.535,-45.694,-94.407,-0.395,-37.049,,"눈꽃",-0.2,-18.223,,"인생최패망자",-18.07,-43.005,,"CoalCat",-2.223,-60.218,,"소솨소솨",20.023,-46.537,,"_Chun",7.753,-61.518,,"_Gosomi",42.889,-104.471,,"うよすま",8.659,-120.026,,"SUGUN",-45.664,-94.385,,,,,,,,,,,,,,,,,,,,,,,,,,,,,,,,,,,,,,,,,,,,,,,,,,,,,,,,"",4,0,"",4044.768,4049.823,4054.71,0,""
151,,7,0,11,3,0,0,2,0,0,0,255,255,255,57,4088.325,"하루（Haru）",R,3,68,110,-2.647,-0.15,0.234,1.711,-0.328,1.523,-36.698,45.463,73,27,0,1,-443.491,0,12.627,0,0,0,4,R,"Yaksok~",173.3,80,0.328,,82,W,Y,0,,,,,,,,,,,,,,,,,,,,,,,,,,,,0,0,,,,,,,,,,,,,,,,,,,,,,,,,,,,,,,,,,,,,,-0.143,-37.318,-0.043,-17.874,-18.183,-43.427,-12.862,-59.748,20.025,-51.875,6.214,-62.314,39.314,-104.765,-1.575,-114.008,-46.109,-93.204,,,,"",,,,"",,,,"",,,,"",,,,"",,,,"",,,,"",,,,"",,,,,,,,,,,,,,,,,,,,,,,,,,,,,,,,,,,,,,,,,,,,,,,,,,,,,,,,,,"",0,0,"",,,,0,""
152,,7,0,11,3,1,0,2,0,0,0,255,255,255,58,4104.896,"하루（Haru）",R,3,65,111,-0.967,-0.127,0.341,1.714,0.17,1.534,-36.698,53.712,75,25,0,2,-325.622,0,10.074,0,0,0,4,R,"Yaksok~",173.3,80,0.328,3,52,W,Y,1,4105.885,190,158,86,82,55,145,106,25.223,43.755,-0.228,0.819,-19.661,0.89,0,0.251,-450.032,-336.316,-210.625,4108.884,-50.274,-80.891,4109.262,8,-49.326,0.835,-79.594,0,0,,,,,,,,,,,,,,,4109.843,0,,457,0,,,,,,,,,,,,,,,,,,,-0.174,-37.172,-0.027,-17.871,-17.962,-43.183,-12.856,-59.755,19.718,-51.873,7.064,-62.356,40.338,-103.521,-2.771,-113.74,-47.261,-93.675,-0.373,-37.084,,"눈꽃",-0.05,-17.872,,"인생최패망자",-17.937,-43.17,,"CoalCat",-12.841,-59.746,,"소솨소솨",19.59,-51.732,,"_Chun",7.036,-62.328,,"_Gosomi",40.338,-103.507,,"うよすま",-2.73,-113.758,,"SUGUN",-47.287,-93.537,,,,,,,,,,,4113.373,-22.053,-55.703,,,,,,,,,,,,,4109.855,-49.966,-80.202,,,,,,,,,,,,,,,,,,,,,,,,,,,,"",1,0,"SUGUN",,,,130,""
153,SIDE,7,0,11,3,0,0,2,0,0,0,255,255,255,,4115.624,,,,,,,,,,,,,,,,,,,,,,,0,,,,,,,,,,,,,,,,,,,,,,,,,,,,,,,,,,,,,,,0,0,,,,,,,,,,,,,,,,,,,,,,,,,,,,,,,,,,,,,,,,,,,,,,,,,,,,,,,,,,,,,,,,,,,,,,,,,,,,,,,,,,,,,,,,,,,,,,,,,,,,,,,,,,,,,,,,,,,,,,,,,,,,,,,,,,,,,,,,,,,,,,,,,"",0,0,"",,,,0,""
154,,8,1,11,3,0,0,0,0,0,0,255,255,255,80,4154.946,"encounter v",R,32,91,140,-0.651,-0.603,0.482,2.086,-0.55,1.084,-36.676,37.774,78,22,0,0,250,-150,-29.891,0,0,8,9,R,"TaeGeuk_",176.6,90.533,0.624,,82,W,Y,0,,,,,,,,,,,,,,,,,,,,,,,,,,,,0,0,,,,,,,,,,,,,,,,,,,,,,,,,,,,,,,,,,,,,,0.04,-37.565,0.001,-17.13,-19.134,-47.768,-14.49,-63.104,21.187,-52.544,10.237,-62.609,40.476,-90.71,0.448,-115.788,-42.845,-95.121,,,,"",,,,"",,,,"",,,,"",,,,"",,,,"",,,,"",,,,"",,,,,,,,,,,,,,,,,,,,,,,,,,,,,,,,,,,,,,,,,,,,,,,,,,,,,,,,,,"",0,0,"",,,,0,""
155,,8,1,11,3,0,1,0,0,0,0,255,255,255,81,4168.748,"encounter v",R,13,47,81,-2.634,-2.554,0.443,1.838,-0.485,0.696,-36.676,44.587,56,44,0,4,-287.502,312.348,-79.605,-0.509,-20.255,8,9,R,"TaeGeuk_",176.6,90.533,0.624,,82,W,Y,1,,,,,,,,,,,,,,,,,,,,,,,,,,,,0,0,,,,,,,,,,,,,,,,,,,,,,,,,,,,,,,,,,,,,,0.045,-37.629,-0.017,-17.292,-18.949,-47.599,-15.23,-63.158,20.794,-58.671,11.836,-65.255,27.065,-91.567,-7.947,-114.221,-42.842,-95.114,,,,"",,,,"",,,,"",,,,"",,,,"",,,,"",,,,"",,,,"",,,,,,,,,,,,,,,,,,,,,,,,,,,,,,,,,,,,,,,,,,,,,,,,,,,,,,,,,,"",0,0,"",,,,0,""
156,,8,1,11,3,0,2,0,0,0,0,255,255,255,82,4181.716,"encounter v",R,10,44,82,0.183,0.093,0.521,2.41,0.067,2.49,-36.676,59.244,100,0,0,2,0,400,-24.737,0,0,8,9,R,"TaeGeuk_",176.6,90.533,0.624,3,82,W,Y,1,4182.832,183,80,108,93,55,145,109,17.787,39.067,-0.253,0.826,-19.727,0.12,0,0.295,-20.047,597.561,50.188,4185.395,-53.456,-72.575,,,,,,0,0,,,,,4190.034,,,,,,,,,,,,,,,,,,,,,,,,,,,,,,,,,0.04,-37.584,-0.024,-17.33,-18.989,-47.473,-15.477,-62.612,1.104,-68.18,20.545,-57.217,27.057,-91.593,-7.771,-114.312,-43.177,-92.507,0.323,-37.437,,"ke ro",-0.091,-17.268,,"-라후이-",-19.032,-47.492,,"Rite_",-15.312,-62.317,,"Yaksok~",1.492,-70.619,,"_송글_",20.447,-57.028,,"Kr_Luna",27.068,-91.584,,"Yes_Man_",-7.968,-114.135,,"ByeolBam",-43.15,-92.587,,,,,,,,,,,,,,,,,,,,,,,,,,,,,,,,,,,,,,,,,,,,,,,,,,,,,,,,"",3,0,"",,,,0,""
157,,8,1,11,3,0,2,0,0,0,0,255,255,255,83,4201.869,"encounter v",R,35,99,140,-0.701,1.399,0.436,2.31,-0.297,2.559,-36.676,51.228,68,32,0,1,-20.555,200,-67.167,0,0,8,9,R,"TaeGeuk_",176.6,90.533,0.624,,82,W,Y,0,,,,,,,,,,,,,,,,,,,,,,,,,,,,0,0,,,,,,,,,,,,,,,,,,,,,,,,,,,,,,,,,,,,,,0.023,-38.021,-0.03,-17.14,-21.015,-45.875,-16.125,-61.735,0.438,-67.993,21.399,-52.572,24.939,-89.664,-12.435,-118.371,-45.395,-92.87,,,,"",,,,"",,,,"",,,,"",,,,"",,,,"",,,,"",,,,"",,,,,,,,,,,,,,,,,,,,,,,,,,,,,,,,,,,,,,,,,,,,,,,,,,,,,,,,,,"",0,0,"",,,,0,""
158,,8,1,11,3,1,2,0,0,0,0,255,255,255,84,4215.623,"encounter v",R,32,90,140,1.18,2.157,0.533,2.35,0.155,2.7,-36.676,71.423,65,35,0,1,250,-150,-11.597,0,0,8,9,R,"TaeGeuk_",176.6,90.533,0.624,,82,W,Y,0,,,,,,,,,,,,,,,,,,,,,,,,,,,,0,0,,,,,,,,,,,,,,,,,,,,,,,,,,,,,,,,,,,,,,0.009,-37.813,-0.028,-17.226,-20.007,-44.931,-16.625,-61.382,1.281,-68.355,21.221,-51.99,24.902,-89.686,-13.567,-116.844,-51.869,-89.731,,,,"",,,,"",,,,"",,,,"",,,,"",,,,"",,,,"",,,,"",,,,,,,,,,,,,,,,,,,,,,,,,,,,,,,,,,,,,,,,,,,,,,,,,,,,,,,,,,"",0,0,"",,,,0,""
159,,8,1,11,3,2,2,0,0,0,0,255,255,255,85,4238.278,"encounter v",R,32,93,140,0.943,2.016,0.511,2.326,0.052,2.617,-36.676,78.184,62,38,0,1,250,-150,0.112,0,0,8,9,R,"TaeGeuk_",176.6,90.533,0.624,,82,W,Y,0,,,,,,,,,,,,,,,,,,,,,,,,,,,,0,0,,,,,,,,,,,,,,,,,,,,,,,,,,,,,,,,,,,,,,-0.049,-37.824,-0.015,-17.189,-20.171,-46.721,-16.233,-61.779,1.187,-68.386,21.645,-51.346,24.961,-89.629,-13.521,-116.843,-47.824,-92.873,,,,"",,,,"",,,,"",,,,"",,,,"",,,,"",,,,"",,,,"",,,,,,,,,,,,,,,,,,,,,,,,,,,,,,,,,,,,,,,,,,,,,,,,,,,,,,,,,,"",0,0,"",,,,0,""
160,,8,1,11,3,3,2,0,0,0,0,255,255,255,86,4250.705,"encounter v",R,0,40,87,0.196,-0.014,0.522,2.031,0.069,1.609,-36.676,50.319,100,0,0,2,0,0,-6.463,0,0,8,9,R,"TaeGeuk_",176.6,90.533,0.624,3,82,W,Y,1,4251.745,198,118,108,102,99,145,108,28.086,23.738,0.028,0.907,-20.157,0.09,0,0.232,-431.223,-408.948,-82.513,4255.54,-27.004,-104.292,4256.118,7,-27.315,0.604,-106.951,1,0,,4257.175,,,,,,,,,,,,,,,,,,,,,,,,,,,,,,,,,,,,0.03,-37.585,-0.022,-17.195,-20.077,-45.758,-16.234,-61.802,1.095,-68.115,20.822,-51.798,25.618,-89.874,-13.393,-116.31,-47.401,-93.815,-0.005,-37.165,,"ke ro",-0.055,-17.16,,"-라후이-",-20.068,-45.791,,"Rite_",-16.144,-61.632,,"Yaksok~",1.575,-70.802,85,"_송글_",20.556,-51.888,,"Kr_Luna",25.638,-89.91,,"Yes_Man_",-13.308,-116.213,111,"ByeolBam",-46.706,-94.343,,4262.454,0.502,-43.45,,,,,,,,,,4259.884,-1.319,-59.802,,,,,,,4256.802,-27.173,-107.84,,,,,,,,,,,,,,,,4261.693,-2.28,-55.241,,,,,,,4257.911,-23.731,-100.899,,,,"",2,0,"Yes_Man_",,,,259,""
161,,8,1,11,3,0,0,0,1,0,0,9,255,255,87,4276.193,"encounter v",R,13,81,118,-1.52,1.196,0.491,2.389,-0.041,2.751,-36.676,69.666,81,19,0,2,-367.668,338.851,-35.337,0,0,0,2,R,"인생최패망자",190,80,0.396,3,82,W,Y,1,4277.374,255,192,146,96,64,145,111,9.504,26.583,-0.289,1.537,-20.989,0.89,0,0.435,331.969,-331.904,373.679,,,,4278.695,3,-18.056,3.592,-58.9,0,0,,,,,,,,,,,,4278.617,,,4279.318,0,,452,0,,,,,,,,,,,,,,,,,,,0.075,-37.885,0.04,-17.423,-19.328,-41.958,-15.516,-63.322,3.677,-67.227,21.765,-51.663,38.194,-92.117,-12.535,-118.613,-45.363,-94.087,0.268,-37.423,,"ke ro",0.027,-17.413,,"-라후이-",-19.421,-42.79,87,"Rite_",-15.637,-62.994,86,"Yaksok~",3.675,-67.269,,"_송글_",21.541,-51.765,,"Kr_Luna",43.828,-93.6,,"Yes_Man_",-11.898,-115.025,,"ByeolBam",-45.07,-94.618,,4285.074,-0.168,-41.921,,,,4281.704,-19.022,-40.417,4279.33,-18.773,-60.283,,,,,,,,,,,,,,,,,,,,,,4284.097,-16.861,-40.057,4280.904,-18.421,-53.517,,,,,,,,,,,,,,,,"",1,0,"Rite_",,,,400,""
162,,8,1,11,3,0,0,1,1,0,0,9,255,255,88,4298.392,"encounter v",R,0,58,99,-0.76,-0.676,0.488,2.056,-0.346,1.21,-36.676,59.858,95,5,0,0,0,4.996,-7.715,0,0,1,8,R,"SUGUN",179.9,82,0.5,,82,W,Y,1,,,,,,,,,,,,,,,,,,,,,,,,,,,,0,0,,,,,,,,,,,,,,,,,,,,,,,,,,,,,,,,,,,,,,0.014,-37.783,-0.018,-17.129,-18.874,-42.64,-16.337,-62.279,0.109,-67.997,20.82,-53.213,17.135,-71.798,-6.067,-119.903,-45.541,-92.822,,,,"",,,,"",,,,"",,,,"",,,,"",,,,"",,,,"",,,,"",,,,4302.032,0.032,-37.045,,,,,,,,,,,,,,,,,,,,,,,,,,,,,,,,,,,,,,,,,,,,,,,,,,,,"",0,0,"",,,,0,""
163,,8,1,11,3,0,1,1,1,0,0,9,255,255,89,4310.879,"encounter v",R,10,58,91,-0.274,-2.424,0.557,1.917,-0.133,0.895,-36.676,52.883,100,0,0,4,0,400,-22.424,0,0,1,8,R,"SUGUN",179.9,82,0.5,,82,W,Y,1,,,,,,,,,,,,,,,,,,,,,,,,,,,,0,0,,,,,,,,,,,,4320.658,,,,,,,,,,,,,,,,,,,,,,,,,,-0.013,-37.382,0.032,-17.299,-19.772,-43.508,-15.787,-61.621,0.409,-67.842,20.85,-53.421,15.807,-68.204,-8.956,-114.856,-42.143,-96.589,,,,"",,,,"",,,,"",,,,"",,,,"",,,,"",,,,"",,,,"",,,,4315.3,-0.105,-37.071,,,,,,,,,,,,,,,,,,,,,,,,,,,,,,,,,,,,,,,,,,,,,,,,,,,,"",0,0,"",,,,0,""
164,,8,1,11,3,0,2,1,1,0,0,9,255,255,90,4325.125,"encounter v",R,38,33,85,2.927,-1.056,0.538,1.993,1.242,0.962,-36.676,91.966,100,0,0,1,6.5,-17.309,-6.022,0.545,-17.276,1,8,R,"SUGUN",179.9,82,0.5,,82,W,Y,0,,,,,,,,,,,,,,,,,,,,,,,,,,,,0,0,,,,,,,,,,,,4325.324,,,,,,,,,,,,,,,,,,,,,,,,,,-0.026,-37.121,-0.021,-17.229,-19.551,-45.826,-15.422,-61.526,0.581,-68.114,20.316,-53.267,17.583,-73.162,-9.993,-112.586,-42.831,-96.201,,,,"",,,,"",,,,"",,,,"",,,,"",,,,"",,,,"",,,,"",,,,4329.438,-0.09,-37.01,,,,,,,,,,,,,,,,,,,,,,,,,,,,,,,,,,,,,,,,,,,,,,,,,,,,"",0,0,"",,,,0,""
165,,8,1,11,3,1,2,1,1,0,0,9,255,255,91,4338.202,"encounter v",R,32,101,140,0.176,-0.561,0.54,2.09,-0.28,1.107,-36.676,45.593,80,20,0,2,250,-150,-22.31,0,0,1,8,R,"SUGUN",179.9,82,0.5,3,82,W,Y,1,4339.421,255,78,75,54,3,141,127,-22.499,-0.732,0.019,0.648,-19.198,0.48,0,0.353,-506.281,-321.866,-9.079,4338.817,0.039,-20.605,4340.651,4,0.654,1.247,-62.449,0,0,,,,,,,,,,,,4340.709,,,4342.784,8,1,165,0,4344.219,1,,147,1,,,,,,,,4342.19,4,,,,,0.089,-37.489,-0.037,-17.319,-19.712,-50.142,-15.655,-62.354,0.917,-68.206,20.311,-53.289,17.801,-73.256,-10.051,-112.658,-43.827,-94.162,0.388,-37.14,,"ke ro",-0.067,-17.281,,"-라후이-",-20.289,-49.666,,"Rite_",-16.085,-61.24,,"Yaksok~",1.262,-70.047,106,"_송글_",20.333,-53.41,,"Kr_Luna",17.618,-73.166,,"Yes_Man_",-10.136,-112.611,,"ByeolBam",-43.56,-94.328,,,,,,,,4343.612,-18.776,-40.099,,,,4341.276,0.64,-63.99,,,,,,,,,,,,,,,,,,,,,,,,,4342.548,-2.577,-56.816,,,,,,,,,,,,,"",2,0,"Yaksok~",,,,129,""
166,SIDE,8,1,11,3,0,0,2,0,0,0,255,255,255,,4345.34,,,,,,,,,,,,,,,,,,,,,,,2,,,,,,,,,,,,,,,,,,,,,,,,,,,,,,,,,,,,,,,0,0,,,,,,,,,,,,,,,,,,,,,,,,,,,,,,,,,,,,,,,,,,,,,,,,,,,,,,,,,,,,,,,,,,,,,,,,,,,,,,,,,,,,,,,,,,,,,,,,,,,,,,,,,,,,,,,,,,,,,,,,,,,,,,,,,,,,,,,,,,,,,,,,,"",0,0,"",,,,0,""
167,,8,0,11,3,0,0,0,0,0,0,255,255,255,59,4382.533,"하루（Haru）",R,13,16,67,-0.881,0.325,0.327,1.998,0.218,2.431,-36.701,79.209,100,0,0,2,-237.81,312.348,-62.345,0,0,1,7,R,"Yes_Man_",174.8,85.251,0.499,3,82,W,Y,1,4384.115,159,126,72,60,14,139,108,24.594,-8.118,-0.201,1.216,-20.759,0.83,0,0.527,490.758,264.896,221.329,,,,4388.751,7,7.368,2.483,-113.795,0,0,,4389.923,,,,,,,,,,,,,4389.366,1,,456,0,,,,,,,,,,,,,,,,,,,-0.124,-37.02,-0.02,-17.468,-18.579,-43.651,-13.285,-60.214,20.781,-49.832,10.352,-61.561,38.276,-102.489,-5.555,-115.197,-45.156,-90.675,-0.157,-37.015,,"눈꽃",-0.045,-17.47,,"인생최패망자",-18.565,-43.639,,"CoalCat",-13.28,-60.207,,"소솨소솨",20.24,-48.898,,"_Chun",10.379,-61.593,,"_Gosomi",38.229,-102.419,,"うよすま",-5.257,-114.956,100,"SUGUN",-45.108,-90.613,,4394.309,0.887,-43.604,,,,,,,,,,,,,,,,,,,4389.379,7.458,-114.521,,,,,,,,,,,,,,,,,,,,,,,,,4390.958,7.166,-108.71,,,,"",1,0,"うよすま",,,,8,""
168,,8,0,11,3,0,0,1,0,0,0,255,255,255,60,4410.889,"하루（Haru）",R,10,12,65,-1.273,0.016,0.158,1.791,-0.559,1.826,-36.701,79.378,100,0,0,0,0,399.566,-53.489,0,0,2,1,R,"ke ro",190,80,0.446,,82,W,Y,1,,,,,,,,,,,,,,,,,,,,,,,,,,,,0,0,,,,,,,,,,,,,,,,,,,,,,,,,,,,,,,,,,,,,,-0.141,-37,-0.02,-17.466,-19.024,-44.236,-12.652,-60.535,19.332,-47.356,9.382,-60.531,35.207,-105.095,-5.591,-119.004,-46.109,-93.693,,,,"",,,,"",,,,"",,,,"",,,,"",,,,"",,,,"",,,,"",,,,4414.965,-0.095,-36.879,,,,,,,,,,,,,,,,,,,,,,,,,,,,,,,,,,,,,,,,,,,,,,,,,,,,"",0,0,"",,,,0,""
169,,8,0,11,3,0,1,1,0,0,0,255,255,255,61,4427.537,"하루（Haru）",R,33,73,125,6.816,-0.959,0.142,1.691,-0.755,1.47,-36.701,29.509,76,24,0,2,143.695,-92.119,15.61,0,0,2,1,R,"ke ro",190,80,0.446,3,82,W,Y,1,4428.614,159,129,56,70,22,137,96,8.711,5.156,-0.225,0.975,-20.142,-0.26,0,0.531,435.767,-411.415,-29.067,4430.495,-2.318,-76.974,4432.373,7,-1.74,0.06,-98.607,1,4,,4434.531,4457.002,,,,,,,,,,,,4457.026,2,1,278,8,,,,,,,,,,,,,,,,,,,-0.245,-37.154,0.007,-17.479,-17.808,-42.795,-12.668,-60.52,19.865,-47.347,9.511,-60.517,35.737,-104.226,-6.568,-117.949,-46.128,-93.64,-0.044,-37.382,102,"눈꽃",-0.069,-17.533,,"인생최패망자",-17.78,-42.768,,"CoalCat",-12.651,-60.553,,"소솨소솨",19.709,-49.007,,"_Chun",9.568,-60.445,84,"_Gosomi",35.732,-104.226,,"うよすま",-6.572,-117.95,100,"SUGUN",-46.076,-93.619,,4439.609,-0.397,-39.09,,,,,,,,,,,,,4435.404,0.604,-60.07,,,,4432.993,-1.97,-99.573,,,,4455.83,-1.058,-43.889,,,,,,,,,,,,,4438.419,1.77,-59.483,,,,4433.741,-1.647,-93.495,,,,"",2,1,"うよすま",4457.002,,,40,""
170,BK,8,0,11,3,0,0,2,0,0,0,255,255,255,,4460.084,,,,,,,,,,,,,,,,,,,,,,,3,,,,,,,,,,,,,,,,,,,,,,,,,,,,,,,,,,,,,,,0,0,,,,,,,,,,,,,,,,,,,,,,,,,,,,,,,,,,,,,,,,,,,,,,,,,,,,,,,,,,,,,,,,,,,,,,,,,,,,,,,,,,,,,,,,,,,4471.628,0.166,-37.738,,,,,,,,,,,,,,,,,,,,,,,,,,,,,,,,,,,,,,,,,,,,,,,,,,,,"",0,0,"",,,,0,""
171,,8,0,11,3,0,0,2,0,0,0,255,255,255,62,4479.323,"하루（Haru）",R,27,79,129,2.042,0.359,0.471,1.75,0.773,1.662,-36.701,43.882,89,11,0,2,77.389,-136.48,8.135,0,0,3,8,R,"ByeolBam",175.3,90,0.5,3,82,W,Y,1,4480.251,235,65,116,53,23,145,95,-16.67,35.036,0.225,0.959,-19.498,-0.34,0,0.345,-89.901,593.129,10.762,4479.806,-1.796,-22.343,4481.329,2,-16.697,0.058,-43.21,0,0,,,,,,,,,,,,,,,4484.15,3,,147,0,,,,,,,,,,,4483.55,2,,,,,,,0.055,-37.507,-0.031,-17.483,-20.697,-45.939,-13.098,-60.176,19.446,-53.507,6.343,-63.123,33.675,-105.956,-4.529,-113.944,-46.159,-92.84,0.17,-36.827,,"눈꽃",-0.044,-17.482,,"인생최패망자",-20.418,-45.459,,"CoalCat",-12.144,-60.347,,"소솨소솨",18.712,-53.644,,"_Chun",6.377,-63.311,,"_Gosomi",33.986,-106.639,,"うよすま",-4.522,-113.858,,"SUGUN",-46.064,-92.73,,,,,,,,4481.939,-17.473,-43.905,,,,,,,,,,,,,,,,,,,,,,,,,,,,,,,,,,,,,,,,,,,,,,"",2,0,"인생최패망자",,,,1,""
172,SIDE,8,0,11,3,0,0,2,0,0,0,255,255,255,,4485.428,,,,,,,,,,,,,,,,,,,,,,,4,,,,,,,,,,,,,,,,,,,,,,,,,,,,,,,,,,,,,,,0,0,,,,,,,,,,,,,,,,,,,,,,,,,,,,,,,,,,,,,,,,,,,,,,,,,,,,,,,,,,,,,,,,,,,,,,,,,,,,,,,,,,,,,,,,,,,,,,,,,,,,,,,,,,,,,,,,,,,,,,,,,,,,,,,,,,,,,,,,,,,,,,,,,"",0,0,"",,,,0,""
173,,9,1,11,3,0,0,0,0,0,0,255,255,255,92,4524.117,"encounter v",R,32,87,140,2.13,0.078,1.019,1.731,0.553,1.593,-36.676,67.302,18,82,0,4,250,-69.729,-5.128,0,0,2,1,L,"눈꽃",190,80,0.505,,82,W,Y,0,,,,,,,,,,,,,,,,,,,,,,,,,,,,0,0,,,,,,,,,,,,,,,,,,,,,,,,,,,,,,,,,,,,,,0.313,-37.683,0.022,-17.369,-19.745,-44.924,-16.044,-61.917,0.353,-68.252,21.471,-55.402,44.443,-83.587,4.909,-116.064,-40.378,-97.684,,,,"",,,,"",,,,"",,,,"",,,,"",,,,"",,,,"",,,,"",,,,,,,,,,,,,,,,,,,,,,,,,,,,,,,,,,,,,,,,,,,,,,,,,,,,,,,,,,"",0,0,"",,,,0,""
174,,9,1,11,3,0,1,0,0,0,0,255,255,255,93,4533.245,"encounter v",R,13,83,122,-2.214,-0.626,0.825,1.719,-0.35,1.552,-36.676,44.877,17,83,0,2,-390.434,300,-25.39,0,0,2,1,L,"눈꽃",190,80,0.505,3,82,W,Y,0,4534.405,255,212,101,93,66,145,130,-30,17.503,-0.45,0.739,-20.082,0.4,0,0.625,101.829,556.89,198.756,4533.662,-0.873,-21.417,4538.417,8,-16.664,0.057,-100.319,1,0,,4539.95,,,,,,,,,,,,,,,,,,,,,,,,,,,,,,,,,,,,0.278,-37.35,0.027,-17.364,-18.885,-44.374,-16.241,-62.464,0.355,-68.441,21.678,-54.857,44.127,-85.302,5.511,-116.651,-39.151,-99.079,0.168,-37.081,,"ke ro",0.016,-17.356,,"-라후이-",-18.667,-44.712,,"Rite_",-16.22,-62.468,,"Yaksok~",0.358,-68.447,,"_송글_",21.684,-54.861,,"Kr_Luna",43.095,-86.233,,"Yes_Man_",5.351,-116.679,,"ByeolBam",-39.157,-99.082,96,4543.518,-0.571,-42.862,,,,,,,,,,,,,,,,,,,,,,4539.002,-17.059,-100.995,,,,,,,,,,,,,,,,,,,,,,,,,4541.228,-14.534,-85.466,"",2,0,"ByeolBam",,,,264,""
175,,9,1,11,3,0,0,0,1,0,0,1,255,255,94,4556.173,"encounter v",R,1,49,92,-2.029,-2.244,0.574,1.593,-0.52,1.113,-36.676,60.76,8,92,0,1,-5.347,-1.473,-1.304,0,0,3,7,R,"うよすま",160,82.375,0.472,,82,W,Y,0,,,,,,,,,,,,,,,,,,,,,,,,,,,,0,0,,,,,,,,,,,,4567.497,,,,,,,,,,,,,,,,,,,,,,,,,,0.032,-37.287,-0.001,-17.181,-18.653,-44.733,-14.373,-63.401,4.531,-66.363,20.87,-49.996,-8.129,-76.49,2.325,-110.804,-39.744,-94.402,,,,"",,,,"",,,,"",,,,"",,,,"",,,,"",,,,"",,,,"",,,,4560.066,0.145,-37.156,,,,,,,,,,,,,,,,,,,,,,,,,,,,,,,,,,,,,,,,,,,,,,,,,,,,"",0,0,"",,,,0,""
176,,9,1,11,3,1,0,0,1,0,0,1,255,255,95,4569.496,"encounter v",R,32,84,136,0.926,0.269,0.905,1.733,0.025,1.589,-36.676,56.951,20,80,0,0,250,-131.17,24.611,0.136,-10.483,3,7,R,"うよすま",160,82.375,0.472,,82,W,Y,0,,,,,,,,,,,,,,,,,,,,,,,,,,,,0,0,,,,,,4576.142,,,,,,,,,,,,,,,,,,,,,,,,,,4580.902,4,,,,,0.231,-37.644,-0.063,-17.265,-20.075,-41.178,-13.188,-61.917,3.011,-66.712,17.912,-50.894,-7.648,-76.737,8.225,-105.494,-38.895,-96.529,,,,"",,,,"",,,,"",,,,"",,,,"",,,,"",,,,"",,,,"",,,,4583.003,2.773,-37.044,,,,,,,,,,,,,,,,,,,,,,,,,,,,,,,,,,,,,,,,,,,,,,,,,,,,"",0,0,"",4576.142,,,0,""
177,,9,1,11,3,1,1,0,0,1,0,255,1,255,96,4594.436,"encounter v",R,35,93,140,11.047,4.917,0.856,1.923,-0.204,2.318,-36.676,60.006,11,76,13,2,86.582,200,-74.976,0,0,3,7,R,"うよすま",160,82.375,0.472,3,82,W,Y,1,4595.523,4,8,20,14,18,4,46,-2.594,13.193,-0.054,1.109,-20.052,0.48,0,0.431,571.579,-168.031,-71.156,4595.506,-1.78,-27.619,4596.64,0,-3.899,0.06,-34.64,0,0,,4600.846,,,,,,,4601.62,,,,,,4600.853,3,,147,256,,,,,,,,,,,,,,,4602.73,5,,,0.214,-37.498,-0.011,-17.298,-17.738,-44.418,-13.996,-61.975,5.465,-62.135,19.792,-48.308,-7.587,-75.235,15.75,-108.525,-40.204,-95.861,0.296,-37.338,120,"ke ro",-0.042,-17.295,,"-라후이-",-17.398,-44.63,120,"Rite_",-14.223,-62.793,,"Yaksok~",7.842,-65.104,,"_송글_",19.779,-48.335,87,"Kr_Luna",-7.741,-75.276,,"Yes_Man_",15.991,-107.005,,"ByeolBam",-42.961,-94.984,,4597.211,-3.592,-35.478,,,,4600.227,-18.596,-39.607,,,,,,,4602.275,18.558,-39.045,,,,,,,,,,4599.377,-1.973,-38.18,,,,4600.783,-16.121,-39.343,,,,,,,4604.702,14.462,-40.443,,,,,,,,,,"",2,0,"encounter v",,4601.62,,448,""
178,,9,1,11,3,0,0,1,0,0,1,255,255,1,97,4620.764,"encounter v",R,15,52,90,-1.129,-0.52,0.734,1.438,-0.516,0.981,-36.676,51.887,0,100,0,0,0,-250,-5.42,0,0,4,4,L,"소솨소솨",190,80,0.501,,45,W,Y,0,,,,,,,,,,,,,,,,,,,,,,,,,,,,0,1,,,,,,,,,,,,,,4632.569,,,,,,,,,,,,,,,,,,,,,,,,0.136,-37.193,-0.087,-17.31,-18.874,-46.731,-12.568,-63.305,0.145,-57.212,18.808,-47.791,18.71,-68.609,3.507,-109.266,-29.047,-96.385,,,,"",,,,"",,,,"",,,,"",,,,"",,,,"",,,,"",,,,"",,,,4624.862,0.027,-36.838,,,,,,,,,,,,,,,,,,,,,,,,,,,,,,,,,,,,,,,,,,,,,,,,,,,,"",0,1,"",,4623.577,,0,""
179,BK,9,1,11,3,0,1,1,0,0,1,255,255,1,,4641.351,,,,,,,,,,,,,,,,,,,,,,,4,,,,,,,,,,,,,,,,,,,,,,,,,,,,,,,,,,,,,,,0,0,,,,,,,,,,,4649.138,,,4643.577,,,,,,,,,,,,,,,,,,,,,,,,,,,,,,,,,,,,,,,,,,,,,,,,,,,,,,,,,,,,,,,,,,,,,,,,,,,,,4652.078,-0.324,-35.901,,,,,,,,,,,,,,,,,,,,,,,,,4642.079,-8.738,-27.736,,,,,,,,,,,,,,,,,,,,,,,,,"",0,1,"",,4643.475,4649.138,0,""
180,BK,9,1,12,3,1,1,1,0,0,0,255,255,255,,4695.073,,,,,,,,,,,,,,,,,,,,,,,4,,,,,,,,,,,,,,,,,,,,,,,,,,,,,,,,,,,,,,,0,0,,,,,,,,,,,,,,,,,,,,,,,,,,,,,,,,,,,,,,,,,,,,,,,,,,,,,,,,,,,,,,,,,,,,,,,,,,,,,,,,,,,,,,,,,,,,,,,,,,,,,,,,,,,,,,,,,,,,,,,,,,,,,,,,,,,,,,,,,,,,,,,,,"",0,1,"",,,,0,""
181,,9,1,12,3,3,1,1,0,0,0,255,255,255,98,4720.852,"encounter v",R,45,45,89,1.455,0.615,0.937,1.854,0.115,1.879,-36.676,62.795,10,90,0,2,202.273,-101.97,-9.055,0,0,4,4,L,"소솨소솨",190,80,0.501,3,82,W,Y,1,4722.216,255,64,61,86,50,138,89,100.731,60.754,0.275,1.265,-20.284,-0.69,0,0.201,521.677,167.801,-244.327,,,,,,,,,0,0,,,,,,,,,,,,,,,,,,,,,,,,,,,,,,,,,,,,,,0.099,-37.94,0.011,-17.262,-16.06,-47.896,-12.941,-64.743,1.869,-67.642,20.867,-50.924,21.01,-72.973,8.125,-116.311,-37.585,-98.588,0.174,-37.074,,"ke ro",-0.016,-17.244,,"-라후이-",-16.522,-47.426,,"Rite_",-12.888,-64.659,,"Yaksok~",1.981,-69.021,,"_송글_",20.765,-50.807,,"Kr_Luna",20.966,-72.94,,"Yes_Man_",8.103,-116.312,,"ByeolBam",-37.516,-98.653,,,,,,,,,,,,,,,,,,,,,,,,,,,,,,,,,,,,,,,,,,,,,,,,,,,,,,,,"",3,0,"",,,,0,""
182,,9,1,12,3,3,2,1,0,0,0,255,255,255,99,4733.467,"encounter v",R,3,41,82,-1.386,-0.151,0.91,1.701,0.031,1.548,-36.676,54.702,0,100,0,2,-250.838,0,-11.016,0,0,4,4,L,"소솨소솨",190,80,0.501,3,82,W,Y,1,4734.899,255,50,46,75,57,135,83,55.037,30.982,-0.229,0.996,-20.695,-0.86,0,0.163,-190,485.368,-297.184,4739.651,-31.746,-64.658,4739.851,3,-30.618,2.557,-63.525,0,0,,4740.884,,,,,,,,,,,,,4740.43,4,,452,0,,,,,,,,,,,,,,,,,,,0.15,-37.809,-0.041,-17.127,-18.914,-45.64,-13.936,-63.961,1.891,-68.106,22.729,-51.941,29.174,-77.856,6.905,-115.794,-40.351,-97.07,0.141,-36.992,,"ke ro",-0.061,-17.089,,"-라후이-",-18.592,-45.978,,"Rite_",-13.939,-63.973,83,"Yaksok~",1.934,-68.062,,"_송글_",22.348,-51.562,,"Kr_Luna",28.105,-78.338,,"Yes_Man_",6.961,-115.812,,"ByeolBam",-40.626,-96.342,,4745.703,-1.368,-38.719,,,,,,,4740.442,-30.51,-64.009,,,,,,,,,,,,,,,,,,,,,,,,,4744.111,-25.467,-54.539,,,,,,,,,,,,,,,,"",1,0,"Rite_",,,,272,""
183,,9,1,12,3,1,0,2,0,0,0,255,255,255,100,4772.595,"encounter v",R,32,52,108,-1.532,0.215,0.667,1.74,-1.085,1.622,-36.676,36.488,3,97,0,2,205.695,-115.138,3.274,0,0,5,5,L,"_Chun",190,80,0.445,3,82,W,Y,1,4773.79,245,142,100,73,38,145,130,29.47,-40.922,-0.226,1.086,-19.833,0.64,0,0.374,44.356,-597.615,29.819,4777.929,86.05,-94.543,,,,,,0,0,,,,,,,,,,,,,,,,,,,,,,,,,,,,,,,,,,,,,,0.011,-38.017,-0.019,-17.206,-19.567,-45.525,-13.71,-63.953,11.119,-66.016,22.162,-50.348,42.996,-94.461,16.361,-123.995,-41.184,-104.919,0.125,-36.954,,"ke ro",-0.087,-17.255,,"-라후이-",-19.575,-45.514,,"Rite_",-13.383,-63.367,,"Yaksok~",11.451,-66.719,,"_송글_",22.083,-50.277,,"Kr_Luna",42.764,-94.676,,"Yes_Man_",16.306,-124.078,,"ByeolBam",-41.6,-105.868,,,,,,,,,,,,,,,,,,,,,,,,,,,,,,,,,,,,,,,,,,,,,,,,,,,,,,,,"",3,0,"",,,,0,""
184,,9,1,12,3,1,1,2,0,0,0,255,255,255,101,4789.313,"encounter v",R,13,65,95,-1.917,-1.655,0.756,1.484,-0.138,1.079,-36.676,51.64,45,55,0,1,-315.354,300,-17.663,-0.566,-18.5,5,5,L,"_Chun",190,80,0.445,,82,W,Y,0,,,,,,,,,,,,,,,,,,,,,,,,,,,,0,0,,,,,,,,,,,,,,,,,,,,,,,,,,,,,,,,,,,,,,0.09,-37.991,-0.005,-17.122,-18.043,-45.173,-13.741,-63.172,13.829,-64.712,23.236,-50.86,56.467,-100.149,21.957,-123.977,-41.75,-106.612,,,,"",,,,"",,,,"",,,,"",,,,"",,,,"",,,,"",,,,"",,,,,,,,,,,,,,,,,,,,,,,,,,,,,,,,,,,,,,,,,,,,,,,,,,,,,,,,,,"",0,0,"",,,,0,""
185,,9,1,12,3,2,1,2,0,0,0,255,255,255,102,4798.627,"encounter v",R,41,48,91,0.477,-0.283,0.809,1.602,0.027,1.334,-36.676,53.716,16,84,0,2,65.493,-94.085,-7.041,0,0,5,5,L,"_Chun",190,80,0.445,3,82,W,Y,1,4799.877,255,182,123,96,62,145,130,-30,-47.441,0.088,0.912,-20.416,0.65,0,0.589,512.52,311.903,6.297,4799.24,1.684,-21.888,,,,,,0,0,,,,,,,,,,,,,,,,,,,,,,,,,,,,,,,,,,,,,,0.175,-38.073,0.001,-17.041,-17.26,-45.259,-13.363,-63.077,13.153,-65.139,23.04,-51.006,56.591,-100.109,21.135,-124.092,-41.754,-106.598,0.278,-37.151,,"ke ro",-0.025,-17.031,,"-라후이-",-16.781,-45.123,,"Rite_",-13.211,-63.058,,"Yaksok~",13.596,-66.499,,"_송글_",22.902,-50.844,,"Kr_Luna",56.591,-100.153,,"Yes_Man_",21.136,-124.068,,"ByeolBam",-41.426,-106.291,,,,,,,,,,,,,,,,,,,,,,,,,,,,,,,,,,,,,,,,,,,,,,,,,,,,,,,,"",3,0,"",,,,0,""
186,,9,1,12,3,2,2,2,0,0,0,255,255,255,103,4812.352,"encounter v",R,15,31,79,-0.99,0.366,0.627,1.675,-0.537,1.491,-36.676,46.399,0,100,0,2,31.084,-250,-21.438,0,0,5,5,L,"_Chun",190,80,0.445,3,82,W,Y,1,4813.729,255,56,110,63,44,145,130,25.347,-0.345,-0.175,1.179,-20.613,0.49,0,0.315,-103.822,-590.27,28.321,4817.773,16.042,-130.799,4817.929,7,14.839,2.759,-126.669,0,0,,,,,,,,,,,,,,,4818.601,5,,456,0,,,,,,,,,,,,,,,,,,,0.105,-37.401,-0.002,-17.321,-17.024,-42.861,-15.047,-62.346,12.67,-65.378,21.674,-52.048,52.497,-96.501,17.165,-125.298,-40.021,-105.772,0.124,-37.161,,"ke ro",-0.075,-17.295,,"-라후이-",-16.998,-42.864,,"Rite_",-14.822,-62.076,,"Yaksok~",14.128,-69.069,,"_송글_",22.017,-51.617,,"Kr_Luna",51.464,-96.667,,"Yes_Man_",21.125,-123.837,87,"ByeolBam",-40.015,-105.768,,,,,,,,,,,,,,,,,,,,,,,4818.61,14.837,-127.453,,,,,,,,,,,,,,,,,,,,,,,,,4820.909,13.668,-113.633,,,,"",1,0,"Yes_Man_",,,,2,""
187,SIDE,9,1,12,3,0,0,2,0,0,0,255,255,255,,4820.906,,,,,,,,,,,,,,,,,,,,,,,6,,,,,,,,,,,,,,,,,,,,,,,,,,,,,,,,,,,,,,,0,0,,,,,,,,,,,,,,,,,,,,,,,,,,,,,,,,,,,,,,,,,,,,,,,,,,,,,,,,,,,,,,,,,,,,,,,,,,,,,,,,,,,,,,,,,,,,,,,,,,,,,,,,,,,,,,,,,,,,,,,,,,,,,,,,,,,,,,,,,,,,,,,,,"",0,0,"",,,,0,""
188,,9,0,12,3,0,0,0,0,0,0,255,255,255,63,4845.619,"소솨소솨",R,3,59,105,2.895,1.472,0.627,2.02,1.986,2.432,-36.539,44.984,70,30,0,1,-384.165,0,-1.176,0.855,-18.478,4,3,R,"Rite_",169.8,80,0.453,,82,W,Y,0,,,,,,,,,,,,,,,,,,,,,,,,,,,,0,0,,,,,,,,,,,,,,,,,,,,,,,,,,,,,,,,,,,,,,0.053,-37.618,-0.009,-17.723,-18.766,-43.69,-12.084,-60.159,19.302,-48.002,10.869,-60.195,42.216,-109.309,9.565,-121.436,-46.183,-90.46,,,,"",,,,"",,,,"",,,,"",,,,"",,,,"",,,,"",,,,"",,,,,,,,,,,,,,,,,,,,,,,,,,,,,,,,,,,,,,,,,,,,,,,,,,,,,,,,,,"",0,0,"",,,,0,""
189,,9,0,12,3,1,0,0,0,0,0,255,255,255,64,4858.407,"소솨소솨",R,34,81,131,1.916,0.692,0.35,1.875,0.697,1.91,-36.539,28.673,86,14,0,2,87.084,-64.334,0.844,0,0,4,3,R,"Rite_",169.8,80,0.453,3,82,W,Y,1,4859.57,161,70,52,47,12,135,79,-26.935,-14.548,0.361,1.054,-19.499,-0.73,0,0.195,556.362,-91.224,205.28,4858.995,0.858,-21.408,4861.584,5,6.925,0.057,-52.58,0,0,,4864.81,,,,,,,,,,,,,4864.678,4,,147,32,,,,,,,,,,,,,,,,,,,0.039,-37.631,-0.03,-17.68,-17.553,-42.936,-12.198,-59.99,20.884,-46.995,10.865,-60.126,42.23,-107.866,-3.849,-116.979,-45.758,-91.306,0.422,-37.48,,"눈꽃",-0.048,-17.694,,"인생최패망자",-18.097,-43.232,105,"CoalCat",-12.171,-60.056,,"하루（Haru）",20.874,-46.988,,"_Chun",10.24,-60.086,117,"_Gosomi",42.328,-107.75,,"うよすま",-4.836,-116.327,,"SUGUN",-46.03,-91.271,,4866.269,-0.779,-38.551,,,,4864.068,-18.928,-40.083,,,,,,,4862.344,7.218,-53.168,,,,,,,,,,,,,,,,4865.339,-17.974,-39.574,,,,,,,4863.038,3.892,-50.638,,,,,,,,,,"",2,0,"_Chun",,,,33,""
190,,9,0,12,3,0,0,1,0,0,0,255,255,255,65,4884.092,"소솨소솨",R,33,81,132,4.243,0.134,0.554,1.803,1.648,1.649,-36.539,42.081,76,24,0,1,127.461,-39.821,-1.822,2.67,-21.523,5,6,L,"Kr_Luna",190,95,0.498,,82,W,Y,0,,,,,,,,,,,,,,,,,,,,,,,,,,,,0,0,,,,,,,,,,,,,,,,,,,,,,,,,,,,,,,,,,,,,,-0.013,-37.744,0.452,-17.95,-4.449,-66.857,-12.14,-61.898,22.466,-47.69,11.41,-59.531,57.189,-103.523,20.948,-122.791,-30.39,-114.328,,,,"",,,,"",,,,"",,,,"",,,,"",,,,"",,,,"",,,,"",,,,,,,,,,,,,,,,,,,,,,,,,,,,,,,,,,,,,,,,,,,,,,,,,,,,,,,,,,"",0,0,"",,,,0,""
191,,9,0,12,3,1,0,1,0,0,0,255,255,255,66,4903.38,"소솨소솨",R,34,85,138,0.599,-0.129,0.231,1.746,0.142,1.463,-36.539,13.413,47,53,0,0,81.565,-68.453,1.189,0,0,5,6,L,"Kr_Luna",190,95,0.498,,82,W,Y,1,,,,,,,,,,,,,,,,,,,,,,,,,,,,0,0,,,,,,,,,,,,,,,,,,,,,,,,,,,,,,,,,,,,,,0.017,-37.555,-0.03,-18.069,-14.858,-45.478,-10.728,-61.896,22.474,-47.701,11.351,-59.719,57.222,-103.499,19.212,-121.938,-31.357,-110.489,,,,"",,,,"",,,,"",,,,"",,,,"",,,,"",,,,"",,,,"",,,,,,,,,,,,,,,,,,,,,,,,,,,,,,,,,,,,,,,,,,,,,,,,,,,,,,,,,,"",0,0,"",,,,0,""
192,,9,0,12,3,1,1,1,0,0,0,255,255,255,67,4917.302,"소솨소솨",R,33,89,140,1.401,-0.162,0.296,1.736,0.447,1.432,-36.539,18.245,41,59,0,0,114.676,-81.684,-1.134,0,0,5,6,L,"Kr_Luna",190,95,0.498,,82,W,Y,0,,,,,,,,,,,,,,,,,,,,,,,,,,,,0,0,,,,,,,,,,,,,,,,,,,,,,,,,,,,,,,,,,,,,,0.005,-37.547,-0.032,-17.984,-1.827,-59.089,-11.784,-60.712,22.023,-47.7,11.293,-59.603,57.301,-103.634,19.844,-123.2,-31.547,-110.938,,,,"",,,,"",,,,"",,,,"",,,,"",,,,"",,,,"",,,,"",,,,,,,,,,,,,,,,,,,,,,,,,,,,,,,,,,,,,,,,,,,,,,,,,,,,,,,,,,"",0,0,"",,,,0,""
193,,9,0,12,3,1,2,1,0,0,0,255,255,255,68,4932.558,"소솨소솨",R,33,85,138,0.153,-0.247,0.176,1.716,-0.112,1.365,-36.539,18.582,48,52,0,0,126.185,-96.425,-0.828,0,0,5,6,L,"Kr_Luna",190,95,0.498,,82,W,Y,1,,,,,,,,,,,,,,,,,,,,,,,,,,,,0,0,,,,,,,,,,,,,,,4935.028,5,,578,0,,,,,,,,,,,,,,,,,,,-0.107,-37.43,0.017,-18.099,-3.936,-64.55,-14.575,-59.021,21.171,-47.513,12.117,-59.25,57.536,-103.383,18.343,-123.016,-37.922,-71.7,,,,"",,,,"",,,,"",,,,"",,,,"",,,,"",,,,"",,,,"",,,,,,,,,,,,,,,,,,,,,,,,,,,,,,,,,,,,,,,,,,,,,,,,,,,,,,,,,,"",0,0,"",,,,0,""
194,,9,0,12,3,0,0,2,0,0,0,255,255,255,69,4953.303,"소솨소솨",R,1,19,84,-0.809,0.05,0.253,1.931,0.194,1.908,-36.539,15.383,0,100,0,2,0.847,-4.548,-4.07,0,0,6,5,R,"_송글_",174.9,91.844,0.315,3,82,W,Y,1,4954.535,198,70,109,67,35,145,126,26.429,15.143,-0.155,0.866,-19.912,0.52,0,0.471,233.494,-552.7,1.63,,,,4959.14,7,-15.659,3.768,-127.67,0,0,,4959.687,,,,,,,,,,,,,4959.818,6,,456,0,,,,,,,,,,,,,,,,,,,-0.036,-37.83,0.078,-18.266,-7.536,-31.867,-13.183,-59.761,19.051,-48.72,5.601,-52.744,41.943,-112.375,-6.476,-116.643,-46.182,-92.049,0.098,-37.532,,"눈꽃",0.07,-18.249,,"인생최패망자",-7.505,-31.897,,"CoalCat",-13.149,-59.642,,"하루（Haru）",19.062,-48.719,,"_Chun",6.238,-53.194,,"_Gosomi",41.976,-112.35,,"うよすま",-6.484,-116.642,,"SUGUN",-46.982,-92.475,,,,,,,,,,,,,,,,,,,,,,,4959.831,-15.58,-128.498,,,,,,,,,,,,,,,,,,,,,,,,,,,,,,,"",1,0,"うよすま",,,,8,""
195,SIDE,9,0,12,3,0,0,2,0,0,0,255,255,255,,4960.731,,,,,,,,,,,,,,,,,,,,,,,7,,,,,,,,,,,,,,,,,,,,,,,,,,,,,,,,,,,,,,,0,0,,,,,,,,,,,,,,,,,,,,,,,,,,,,,,,,,,,,,,,,,,,,,,,,,,,,,,,,,,,,,,,,,,,,,,,,,,,,,,,,,,,,,,,,,,,,,,,,,,,,,,,,,,,,,,,,,,,,,,,,,,,,,,,,,,,,,,,,,,,,,,,,,"",0,1,"",,,,0,""
196,END,10,1,12,3,0,0,0,0,0,0,255,255,255,,4978.155,,,,,,,,,,,,,,,,,,,,,,,,,,,,,,,,,,,,,,,,,,,,,,,,,,,,,,,,,,,,,,,,,,,,,,,,,,,,,,,,,,,,,,,,,,,,,,,,,,,,,,,,,,,,,,,,,,,,,,,,,,,,,,,,,,,,,,,,,,,,,,,,,,,,,,,,,,,,,,,,,,,,,,,,,,,,,,,,,,,,,,,,,,,,,,,,,,,,,,,,,,,,,,,,,,,,,,,,"{""schemaVersion"":6,""gameTimeZeroUtc"":""2026-07-27T08:36:05.620Z"",""exportedAtUtc"":""2026-07-27T09:59:03.775Z"",""teamNameA"":""Chun"",""teamNameB"":""Kero""}"
