id,type,inn,half,scoreA,scoreB,ball,strk,out,b1,b2,b3,b1Idx,b2Idx,b3Idx,pCnt,pSec,pName,pHand,pType,pPow,spdK,zoneX,zoneY,startX,startY,targetX,targetY,zDist,pitchAngle,pOver,pSide,pUnder,call,sH,sV,gyro,plx,plz,bIdx,bPos,bZone,bName,bHCm,batLen,batCen,batType,bFps,bOS,bVR,bSwing,hSec,rotS,rotL,shS,lgS,prepS,batSpd,ev,ldeg,sdeg,launchPosX,launchPosY,launchPosZ,hPos,buntGrip,handDist,angVeloX,angVeloY,angVeloZ,ltSec,lx,lz,cSec,cPos,cx,cy,cz,1BSafe,tag,cpSec,bTo1Sec,bTo2Sec,bTo3Sec,bToHSec,r1To2Sec,r1To3Sec,r1ToHSec,r2To3Sec,r2ToHSec,r3ToHSec,r1LeaveSec,r2LeaveSec,r3LeaveSec,out1Sec,out1BatterIndex,out1PrevBase,out1Code,out1Ass,out2Sec,out2BatterIndex,out2PrevBase,out2Code,out2Ass,out3Sec,out3BatterIndex,out3PrevBase,out3Code,out3Ass,ball1Sec,ball1Pos,ball2Sec,ball2Pos,ball3Sec,ball3Pos,ballHSec,ballHPos,PitchPPosX,PitchPPosZ,PitchCPosX,PitchCPosZ,Pitch1BPosX,Pitch1BPosZ,Pitch2BPosX,Pitch2BPosZ,Pitch3BPosX,Pitch3BPosZ,PitchSSPosX,PitchSSPosZ,PitchLFPosX,PitchLFPosZ,PitchCFPosX,PitchCFPosZ,PitchRFPosX,PitchRFPosZ,PPosX,PPosY,PThrSpd,CName,CPosX,CPosY,CThrSpd,1BName,1BPosX,1BPosY,1BThrSpd,2BName,2BPosX,2BPosY,2BThrSpd,3BName,3BPosX,3BPosY,3BThrSpd,SSName,SSPosX,SSPosY,SSThrSpd,LFName,LFPosX,LFPosY,LFThrSpd,CFName,CFPosX,CFPosY,CFThrSpd,RFName,RFPosX,RFPosY,RFThrSpd,PGetSec,PGetX,PGetZ,CGetSec,CGetX,CGetZ,1BGetSec,1BGetX,1BGetZ,2BGetSec,2BGetX,2BGetZ,3BGetSec,3BGetX,3BGetZ,SSGetSec,SSGetX,SSGetZ,LFGetSec,LFGetX,LFGetZ,CFGetSec,CFGetX,CFGetZ,RFGetSec,RFGetX,RFGetZ,PThrSec,PThrX,PThrZ,CThrSec,CThrX,CThrZ,1BThrSec,1BThrX,1BThrZ,2BThrSec,2BThrX,2BThrZ,3BThrSec,3BThrX,3BThrZ,SSThrSec,SSThrX,SSThrZ,LFThrSec,LFThrX,LFThrZ,CFThrSec,CFThrX,CFThrZ,RFThrSec,RFThrX,RFThrZ,errPosDelta,result,balk,cPlr,sb2Sec,sb3Sec,sbhSec,ass,remarks
1,,1,1,0,0,0,0,0,0,0,0,255,255,255,0,252.881,"눈꽃",R,27,95,140,0.517,0.231,0.148,1.814,0.165,1.574,-36.64,13.713,59,41,0,2,47.498,-149.24,0,0,0,0,5,R,"즉석카레",169.6,92.596,0.402,3,53,W,Y,0,253.88,200,72,78,47,34,140,81,40.936,13.853,0.096,0.989,-20.526,-0.8,0,0.181,393.473,444.655,86.375,,,,258.462,3,-19.677,2.837,-74.283,0,0,,,,,,,,,,,,,,,259.075,0,,452,0,,,,,,,,,,,,,,,,,,,-0.114,-37.636,-0.015,-17.69,-21.628,-49.126,-15.443,-63.541,22.478,-49.046,11.115,-64.003,40.938,-90.685,0,-109.88,-40.838,-90.585,0.159,-37.26,,"Pring__",-0.013,-17.702,,"Penguin_iDOL",-21.707,-49.014,,"Yaksok~",-15.509,-63.616,93,"_Gosomi",22.422,-48.986,,"CoalCat",11.085,-63.89,,"AI",40.9,-90.65,,"AI",0,-109.84,,"AI",-40.8,-90.55,,261.968,-0.267,-39.016,,,,,,,259.08,-19.81,-74.742,,,,,,,,,,,,,,,,,,,,,,,,,260.165,-17.24,-69.783,,,,,,,,,,,,,,,,"",1,0,"Yaksok~",,,,20,""
2,,1,1,0,0,0,0,1,0,0,0,255,255,255,1,276.283,"눈꽃",R,26,90,140,1.184,-0.212,0.281,1.806,0.475,1.337,-36.64,17.992,57,43,0,0,26.894,-150,0,0,0,1,2,R,"うよすま",190,85.375,0.502,,52,W,Y,0,,,,,,,,,,,,,,,,,,,,,,,,,,,,0,0,,,,,,,,,,,,,,,,,,,,,,,,,,,,,,,,,,,,,,-0.059,-37.691,-0.011,-17.551,-22.522,-48.569,-15.823,-63.136,21.923,-50.157,11.69,-62.843,40.922,-90.671,0,-109.86,-40.822,-90.571,,,,"",,,,"",,,,"",,,,"",,,,"",,,,"",,,,"",,,,"",,,,280.224,0.064,-37.579,,,,,,,,,,,,,,,,,,,,,,,,,,,,,,,,,,,,,,,,,,,,,,,,,,,,"",0,0,"",,,,0,""
3,,1,1,0,0,0,1,1,0,0,0,255,255,255,2,290.087,"눈꽃",R,26,78,128,1.223,0.826,0.306,2.049,0.444,1.969,-36.64,28.745,88,12,0,0,51.943,-150,0,0,0,1,2,R,"うよすま",190,85.375,0.502,,52,W,Y,1,,,,,,,,,,,,,,,,,,,,,,,,,,,,0,0,,,,,,,,,,,,,,,,,,,,,,,,,,,,,,,,,,,,,,-0.089,-37.678,-0.013,-17.549,-21.254,-48.298,-15.584,-63.403,21.875,-50.167,11.728,-62.943,40.915,-90.664,0,-109.85,-40.815,-90.564,,,,"",,,,"",,,,"",,,,"",,,,"",,,,"",,,,"",,,,"",,,,294.411,0.077,-37.724,,,,,,,,,,,,,,,,,,,,,,,,,,,,,,,,,,,,,,,,,,,,,,,,,,,,"",0,0,"",,,,0,""
4,,1,1,0,0,0,2,1,0,0,0,255,255,255,3,303.934,"눈꽃",R,14,72,111,-1.46,-0.5,-0.058,1.897,-1.345,1.699,-36.64,12.264,53,47,0,0,387.759,315.663,0,0,0,1,2,R,"うよすま",190,85.375,0.502,,52,W,Y,0,,,,,,,,,,,,,,,,,,,,,,,,,,,,0,0,,,,,,,,,,,,,,,306.619,1,,578,0,,,,,,,,,,,,,,,,,,,-0.285,-37.769,-0.135,-17.565,-22.495,-48.637,-15.512,-63,22.691,-50.693,11.691,-62.952,40.907,-90.657,0,-109.85,-40.807,-90.557,,,,"",,,,"",,,,"",,,,"",,,,"",,,,"",,,,"",,,,"",,,,309.422,0.049,-38.199,,,,,,,,,,,,,,,,,,,,,,,,,,,,,,,,,,,,,,,,,,,,,,,,,,,,"",0,0,"",,,,0,""
5,,1,1,0,0,0,0,2,0,0,0,255,255,255,4,328.931,"눈꽃",R,13,66,107,1.717,0.361,0.504,2,1.333,2.245,-36.64,28.636,70,30,0,1,-363.676,331.994,0,0,0,2,3,L,"하루（Haru）",160,85,0.397,,50,W,Y,0,,,,,,,,,,,,,,,,,,,,,,,,,,,,0,0,,,,,,,,,,,,,,,,,,,,,,,,,,,,,,,,,,,,,,0.029,-37.759,-0.037,-17.532,-21.616,-50.265,-9.795,-66.106,24.861,-50.606,12.448,-62.343,40.93,-90.677,0,-109.87,-40.83,-90.577,,,,"",,,,"",,,,"",,,,"",,,,"",,,,"",,,,"",,,,"",,,,332.974,-0.037,-37.862,,,,,,,,,,,,,,,,,,,,,,,,,,,,,,,,,,,,,,,,,,,,,,,,,,,,"",0,0,"",,,,0,""
6,,1,1,0,0,1,0,2,0,0,0,255,255,255,5,343.882,"눈꽃",R,27,97,140,0.709,-2.97,0.148,1.555,0.147,0.51,-36.64,15.151,44,56,0,2,58.674,-141.192,0,0,0,2,3,L,"하루（Haru）",160,85,0.397,3,50,W,Y,1,344.964,130,253,108,56,41,139,46,5.059,-9.641,0.252,0.057,-20.715,0.53,0,0.346,-457.034,-135.042,364.532,344.276,0.252,-20.715,345.902,0,2.391,0.06,-35.159,0,0,,349.903,,,,,,,,,,,,,349.634,2,,147,16,,,,,,,,,,,,,,,,,,,-0.052,-37.58,-0.05,-17.554,-21.468,-50.279,-10.024,-66.206,24.841,-50.928,12.507,-62.411,40.915,-90.664,0.239,-112.511,-40.815,-90.564,0.206,-37.389,120,"Pring__",-0.052,-17.592,,"Penguin_iDOL",-21.527,-50.228,,"Yaksok~",-10.068,-66.282,,"_Gosomi",24.867,-51.009,,"CoalCat",12.561,-62.302,,"AI",40.9,-90.65,,"ByeolBam",0.301,-112.451,,"AI",-40.8,-90.55,,346.628,2.311,-35.944,,,,349.009,-18.711,-39.329,,,,,,,,,,,,,,,,,,,348.121,0.456,-36.435,,,,,,,,,,,,,,,,,,,,,,,,,"",2,0,"눈꽃",,,,24,""
7,SIDE,1,1,0,0,0,0,2,0,0,0,255,255,255,,350.42,,,,,,,,,,,,,,,,,,,,,,,3,,,,,,,,,,,,,,,,,,,,,,,,,,,,,,,,,,,,,,,0,4,,,,,,,,,,,,,,,,,,,,,,,,,,,,,,,,,,,,,,,,,,,,,,,,,,,,,,,,,,,,,,,,,,,,,,,,,,,,,,,,,,,,,,,,,,,,,,,,,,,,,,,,,,,,,,,,,,,,,,,,,,,,,,,,,,,,,,,,,,,,,,,,,"",0,0,"",,,,0,""
8,,1,0,0,0,0,0,0,0,0,0,255,255,255,0,434.578,"HANA_ARASHI",R,32,94,140,1.196,0.989,0.555,2.104,0.254,2.019,-36.544,40.918,62,38,0,2,250,-150,28.49,0,0,0,7,R,"ByeolBam",175.4,90,0.5,0,46,W,Y,1,435.587,194,91,76,51,24,140,91,58.777,43.973,0.221,1.258,-20.338,-0.65,0,0.304,517.241,226.01,-203.423,440.676,-45.212,-60.416,441.876,8,-49.343,1.343,-63.919,0,0,,,,,,,,,,,,,,,,,,,,,,,,,,,,,,,,,,,,,,0.123,-37.301,-0.016,-17.419,-20.971,-46.395,-16.222,-62.77,19.949,-48.781,12.711,-64.09,40.922,-90.67,0,-109.86,-40.822,-90.57,0.273,-36.89,,"mungjungh",-0.028,-17.434,,"うよすま",-20.788,-46.27,,"하루（Haru）",-16.222,-62.769,,"Pugeuk",19.824,-48.699,,"즉석카레",11.706,-65.607,,"AI",40.9,-90.65,,"AI",0,-109.84,,"AI",-40.8,-90.55,,,,,,,,,,,,,,,,,,,,,,,,,,,,,,,,,,,,,,,,,,,,,,,,,,,,,,,,"",3,0,"AI",,,,0,""
9,,1,0,0,0,0,1,0,0,0,0,255,255,255,1,455.959,"HANA_ARASHI",R,13,96,126,-4.168,-1.393,0.337,1.953,-1.223,1.139,-36.544,19.64,26,74,0,4,-390.434,312.348,22.299,-1.066,-17.756,0,7,R,"ByeolBam",175.4,90,0.5,,46,W,Y,1,,,,,,,,,,,,,,,,,,,,,,,,,,,,0,0,,,,,,,,,,,,,,,,,,,,,,,,,,,,,,,,,,,,,,0.132,-37.54,-0.038,-17.392,-21.189,-46.836,-17.961,-61.356,20.559,-50.658,12.305,-64.146,40.915,-90.664,0,-109.85,-40.808,-90.557,,,,"",,,,"",,,,"",,,,"",,,,"",,,,"",,,,"",,,,"",,,,,,,,,,,,,,,,,,,,,,,,,,,,,,,,,,,,,,,,,,,,,,,,,,,,,,,,,,"",0,0,"",,,,0,""
10,,1,0,0,0,0,2,0,0,0,0,255,255,255,2,471.295,"HANA_ARASHI",R,10,83,123,-0.436,0.558,0.454,2.165,-0.212,2.386,-36.544,39.279,93,7,0,0,5.833,400,-10.34,0,0,0,7,R,"ByeolBam",175.4,90,0.5,,46,W,Y,0,,,,,,,,,,,,,,,,,,,,,,,,,,,,0,0,,,,,,,,,,,,,,,473.826,0,,578,0,,,,,,,,,,,,,,,,,,,0.07,-37.52,0.017,-17.55,-22.409,-47.528,-17.136,-62.227,19.443,-50.5,11.338,-65.037,40.907,-90.657,0,-109.85,-40.807,-90.557,,,,"",,,,"",,,,"",,,,"",,,,"",,,,"",,,,"",,,,"",,,,,,,,,,,,,,,,,,,,,,,,,,,,,,,,,,,,,,,,,,,,,,,,,,,,,,,,,,"",0,0,"",,,,0,""
11,,1,0,0,0,0,0,1,0,0,0,255,255,255,3,486.385,"HANA_ARASHI",R,32,87,140,0.534,0.993,0.484,2.059,-0.075,2.018,-36.544,36.331,63,37,0,0,250,-150,7.589,0,0,1,5,R,"CoalCat",174.6,83,0.397,,45,W,Y,1,,,,,,,,,,,,,,,,,,,,,,,,,,,,0,0,,,,,,,,,,,,,,,,,,,,,,,,,,,,,,,,,,,,,,0.103,-37.338,0.057,-17.221,-22.327,-47.805,-16.529,-62.458,18.192,-50.373,11.042,-65.383,40.915,-90.664,0,-109.85,-40.815,-90.564,,,,"",,,,"",,,,"",,,,"",,,,"",,,,"",,,,"",,,,"",,,,,,,,,,,,,,,,,,,,,,,,,,,,,,,,,,,,,,,,,,,,,,,,,,,,,,,,,,"",0,0,"",,,,0,""
12,,1,0,0,0,0,1,1,0,0,0,255,255,255,4,502.79,"HANA_ARASHI",R,32,90,140,1.405,0.878,0.555,2.095,0.258,1.95,-36.544,44.048,79,21,0,2,250,-150,10.945,0,0,1,5,R,"CoalCat",174.6,83,0.397,5,45,W,Y,1,503.814,163,102,98,76,37,145,88,103.565,3.052,0.261,1.227,-20.51,-0.8,0,0.481,545.409,29.811,-248.275,,,,,,,,,0,0,,,,,,,,,,,,,,,,,,,,,,,,,,,,,,,,,,,,,,0.068,-37.29,0.051,-17.425,-22.154,-47.653,-16.473,-63.08,18.214,-50.449,10.575,-66.074,40.915,-90.664,0,-109.85,-40.815,-90.564,0.242,-36.864,,"mungjungh",0.028,-17.42,,"うよすま",-21.983,-47.525,,"하루（Haru）",-16.477,-63.085,,"Pugeuk",18.176,-50.351,,"즉석카레",11.123,-69.532,,"AI",40.9,-90.65,,"AI",0,-109.84,,"AI",-40.8,-90.55,,,,,,,,,,,,,,,,,,,,,,,,,,,,,,,,,,,,,,,,,,,,,,,,,,,,,,,,"",3,0,"",,,,0,""
13,,1,0,0,0,0,2,1,0,0,0,255,255,255,5,521.161,"HANA_ARASHI",R,32,85,138,2.622,1.197,0.678,2.146,0.829,2.13,-36.544,57.317,54,46,0,4,213.65,-150,5.593,0,0,1,5,R,"CoalCat",174.6,83,0.397,,45,W,Y,1,,,,,,,,,,,,,,,,,,,,,,,,,,,,0,0,,,,,,,,,,,,,,,523.732,1,,578,0,,,,,,,,,,,,,,,,,,,0.053,-37.337,-0.009,-17.528,-21.67,-47.407,-16.47,-63.085,19.088,-49.091,10.442,-65.425,40.915,-90.664,0,-109.85,-40.815,-90.564,,,,"",,,,"",,,,"",,,,"",,,,"",,,,"",,,,"",,,,"",,,,,,,,,,,,,,,,,,,,,,,,,,,,,,,,,,,,,,,,,,,,,,,,,,,,,,,,,,"",0,0,"",,,,0,""
14,,1,0,0,0,0,0,2,0,0,0,255,255,255,6,538.062,"HANA_ARASHI",R,29,89,140,-1.451,-0.275,0.424,1.91,-0.352,1.59,-36.544,31.46,100,0,0,2,-250,200,1.476,0,0,2,1,L,"Pring__",190,92.741,0.481,5,44,W,Y,1,538.99,232,154,126,153,41,145,106,41.752,16.602,-0.236,0.972,-21.006,-0.2,0,0.475,446.862,-389.025,-94.73,544.116,-16.904,-103.672,544.222,7,-16.708,2.341,-101.918,0,0,,544.789,,,,,,,,,,,,,545.291,2,,456,0,,,,,,,,,,,,,,,,,,,-0.03,-37.204,-0.137,-17.276,-19.932,-47.276,-16.467,-63.073,22.649,-50.996,11.884,-64.778,40.915,-90.664,0,-109.86,-40.815,-90.564,0.115,-36.801,,"mungjungh",-0.146,-17.296,,"うよすま",-19.708,-47.2,,"하루（Haru）",-16.471,-63.076,,"Pugeuk",22.656,-50.958,,"즉석카레",12.512,-65.42,,"AI",40.9,-90.65,,"AI",0,-109.84,,"AI",-40.8,-90.55,,,,,,,,,,,,,,,,,,,,,,,,,,,,,,,,,,,,,,,,,,,,,,,,,,,,,,,,"",1,0,"AI",,,,0,""
15,SIDE,1,0,0,0,0,0,2,0,0,0,255,255,255,,546.4,,,,,,,,,,,,,,,,,,,,,,,3,,,,,,,,,,,,,,,,,,,,,,,,,,,,,,,,,,,,,,,0,0,,,,,,,,,,,,,,,,,,,,,,,,,,,,,,,,,,,,,,,,,,,,,,,,,,,,,,,,,,,,,,,,,,,,,,,,,,,,,,,,,,,,,,,,,,,,,,,,,,,,,,,,,,,,,,,,,,,,,,,,,,,,,,,,,,,,,,,,,,,,,,,,,"",0,0,"",,,,0,""
16,,2,1,0,0,0,0,0,0,0,0,255,255,255,6,593.129,"눈꽃",R,13,69,109,-0.445,-0.708,0.294,1.72,0.422,1.526,-36.64,12.466,42,58,0,0,-386.885,312.348,0,0,0,3,4,R,"Pugeuk",190,85.842,0.349,,44,W,Y,0,,,,,,,,,,,,,,,,,,,,,,,,,,,,0,0,,,,,,,,,,,,,,,,,,,,,,,,,,,,,,,,,,,,,,-0.024,-37.624,-0.145,-17.677,-20.709,-49.711,-15,-63.915,22.355,-50.728,10.971,-63.166,40.922,-90.671,-0.295,-112.898,-40.822,-90.571,,,,"",,,,"",,,,"",,,,"",,,,"",,,,"",,,,"",,,,"",,,,,,,,,,,,,,,,,,,,,,,,,,,,,,,,,,,,,,,,,,,,,,,,,,,,,,,,,,"",0,0,"",,,,0,""
17,,2,1,0,0,0,1,0,0,0,0,255,255,255,7,609.325,"눈꽃",R,26,94,140,1.351,0.384,0.229,1.754,0.514,1.717,-36.64,12.915,51,49,0,2,49.876,-150,0,0,0,3,4,R,"Pugeuk",190,85.842,0.349,3,44,W,Y,1,610.39,125,72,112,50,34,138,99,106.796,-77.921,0.256,1.091,-19.127,0.94,0,0.588,-322.946,433.101,-261.017,,,,,,,,,0,0,,,,,,,,,,,,,,,,,,,,,,,,,,,,,,,,,,,,,,-0.056,-37.673,0.088,-17.674,-20.928,-49.815,-14.974,-63.957,23.006,-50.786,11.108,-63.082,40.915,-90.664,-0.271,-113.038,-40.815,-90.564,0.25,-37.261,,"Pring__",0.088,-17.685,,"Penguin_iDOL",-21.032,-49.738,,"Yaksok~",-15.021,-63.984,,"_Gosomi",22.998,-50.747,,"CoalCat",11.087,-63.081,,"AI",40.9,-90.65,,"ByeolBam",-0.276,-113.041,,"AI",-40.8,-90.55,,,,,,,,,,,,,,,,,,,,,,,,,,,,,,,,,,,,,,,,,,,,,,,,,,,,,,,,"",3,0,"",,,,0,""
18,,2,1,0,0,0,2,0,0,0,0,255,255,255,8,625.89,"눈꽃",R,26,93,140,-5.427,-1.355,-0.129,1.66,-2.563,0.617,-36.64,16.052,68,32,0,1,146.715,-150,0,0,0,3,4,R,"Pugeuk",190,85.842,0.349,,43,W,Y,0,,,,,,,,,,,,,,,,,,,,,,,,,,,,0,0,,,,,,,,,,,,,,,,,,,,,,,,,,,,,,,,,,,,,,-0.033,-37.83,-0.576,-17.601,-21.27,-49.495,-14.974,-63.921,23.421,-50.814,10.174,-63.552,40.915,-90.664,-0.436,-110.434,-40.815,-90.564,,,,"",,,,"",,,,"",,,,"",,,,"",,,,"",,,,"",,,,"",,,,,,,,,,,,,,,,,,,,,,,,,,,,,,,,,,,,,,,,,,,,,,,,,,,,,,,,,,"",0,0,"",,,,0,""
19,,2,1,0,0,1,2,0,0,0,0,255,255,255,9,641.531,"눈꽃",R,13,61,103,-1.031,-0.538,0.272,1.947,0.235,1.767,-36.64,22.214,70,30,0,2,-341.091,342.499,0,0,0,3,4,R,"Pugeuk",190,85.842,0.349,3,43,W,Y,1,642.697,255,129,71,64,32,142,102,6.061,-14.248,-0.28,0.929,-21.75,0.94,0,0.809,-100.63,589.724,-45.819,643.009,6.924,-58.432,643.436,5,6.887,0.202,-58.157,0,0,,648.341,,,,,,,,,,,,,647.442,3,,147,2,,,,,,,,,,,,,,,,,,,-0.055,-37.79,-0.139,-17.569,-21.192,-49.448,-14.948,-63.87,23.472,-50.99,10.205,-63.572,40.915,-90.664,-0.39,-110.491,-40.815,-90.564,-0.129,-37.094,,"Pring__",-0.195,-17.636,,"Penguin_iDOL",-21.179,-49.446,68,"Yaksok~",-14.953,-63.886,,"_Gosomi",23.471,-50.886,,"CoalCat",10.192,-63.527,107,"AI",40.9,-90.65,,"ByeolBam",-1.409,-110.563,,"AI",-40.8,-90.55,,650.802,-0.823,-38.727,,,,646.812,-18.773,-39.546,,,,,,,644.579,6.953,-59.76,,,,,,,,,,,,,,,,649.593,-17.703,-40.123,,,,,,,645.488,3.119,-57.2,,,,,,,,,,"",2,0,"CoalCat",,,,98,""
20,,2,1,0,0,0,0,1,0,0,0,255,255,255,10,667.217,"눈꽃",R,26,96,140,1.053,-0.092,0.177,1.755,0.42,1.416,-36.64,12.636,59,41,0,2,27.768,-150,0,0,0,4,1,R,"mungjungh",190,86.732,0.403,5,43,W,Y,1,668.18,157,255,98,41,7,145,105,90.453,12.403,0.196,0.944,-19.816,-0.23,0,0.455,461.555,380.12,-49.761,674.396,1.85,-11.022,674.502,,1.837,1.898,-11.044,0,0,,,,,,,,,,,,,,,675.759,4,,450,0,,,,,,,,,,,,,,,,,,,-0.079,-37.816,0.053,-17.597,-21.521,-48.432,-13.742,-64.777,23.22,-52.994,10.327,-63.114,40.922,-90.671,0.574,-109.392,-40.822,-90.571,0.247,-37.394,,"Pring__",0.06,-17.647,,"Penguin_iDOL",-21.506,-48.417,,"Yaksok~",-13.751,-64.784,,"_Gosomi",23.237,-52.941,,"CoalCat",10.361,-63.087,,"AI",40.9,-90.65,,"ByeolBam",0.575,-109.392,,"AI",-40.8,-90.55,,,,,675.758,1.834,-11.05,,,,,,,,,,,,,,,,,,,,,,,,,,,,,,,,,,,,,,,,,,,,,,,,,"",1,0,"Mini_ByeolBam",,,,4,""
21,,2,1,0,0,0,0,2,0,0,0,255,255,255,11,697.748,"눈꽃",R,26,88,140,1.523,0.598,0.195,1.816,0.635,1.851,-36.64,12.852,61,39,0,2,16.518,-150,0,0,0,5,0,R,"HANA_ARASHI",190,90,0.25,5,43,W,Y,1,698.705,74,79,139,77,46,121,91,102.376,-79.322,0.283,1.235,-20.176,-0.07,0,0.635,383.848,270.355,-373.59,704.102,-17.053,-10.15,,,,,,0,0,,,,,,,,,,,,,,,,,,,,,,,,,,,,,,,,,,,,,,-0.06,-37.673,0.023,-17.536,-22.582,-47.878,-13.682,-64.786,23.287,-53.766,9.968,-64.22,40.93,-90.677,-1.28,-103.53,-40.83,-90.577,0.255,-37.327,,"Pring__",0.033,-17.544,,"Penguin_iDOL",-22.576,-47.883,,"Yaksok~",-14.214,-65.91,,"_Gosomi",23.292,-53.763,,"CoalCat",9.944,-64.198,,"AI",40.9,-90.65,,"ByeolBam",-0.795,-106.2,,"AI",-40.8,-90.55,,,,,,,,,,,,,,,,,,,,,,,,,,,,,,,,,,,,,,,,,,,,,,,,,,,,,,,,"",3,0,"",,,,0,""
22,,2,1,0,0,0,1,2,0,0,0,255,255,255,12,722.256,"눈꽃",R,14,66,107,0.309,-0.989,0.14,1.809,-0.536,1.467,-36.64,2.183,51,49,0,4,346.611,350.756,0,0,0,5,0,R,"HANA_ARASHI",190,90,0.25,,42,W,Y,1,,,,,,,,,,,,,,,,,,,,,,,,,,,,0,0,,,,,,,,,,,,,,,,,,,,,,,,,,,,,,,,,,,,,,-0.054,-37.753,0.023,-17.379,-22.861,-49.044,-13.827,-64.493,23.204,-53.725,11.085,-63.437,40.915,-90.664,-0.883,-110.973,-40.815,-90.564,,,,"",,,,"",,,,"",,,,"",,,,"",,,,"",,,,"",,,,"",,,,,,,,,,,,,,,,,,,,,,,,,,,,,,,,,,,,,,,,,,,,,,,,,,,,,,,,,,"",0,0,"",,,,0,""
23,,2,1,0,0,0,2,2,0,0,0,255,255,255,13,736.642,"눈꽃",R,26,85,138,1.673,0.688,0.22,1.893,0.644,1.902,-36.64,11.157,58,42,0,2,56.4,-150,0,0,0,5,0,R,"HANA_ARASHI",190,90,0.25,5,42,W,Y,1,737.626,85,100,131,87,41,131,89,4.524,85.863,0.311,1.276,-20.31,-0.58,0,0.666,419.796,301.131,-305.11,738.116,-26.742,-24.228,,,,,,0,0,,,,,,,,,,,,,,,,,,,,,,,,,,,,,,,,,,,,,,-0.097,-37.584,-0.011,-17.498,-22.979,-48.997,-13.752,-64.473,23.004,-52.71,10.501,-63.584,40.915,-90.664,-0.808,-111.331,-40.815,-90.564,0.178,-37.254,,"Pring__",0.105,-17.688,,"Penguin_iDOL",-22.857,-49.212,,"Yaksok~",-14.875,-66.75,,"_Gosomi",22.964,-52.603,,"CoalCat",10.451,-63.387,,"AI",40.9,-90.65,,"ByeolBam",-0.79,-111.322,,"AI",-40.8,-90.55,,,,,,,,,,,,,,,,,,,,,,,,,,,,,,,,,,,,,,,,,,,,,,,,,,,,,,,,"",3,0,"",,,,0,""
24,,2,1,0,0,0,2,2,0,0,0,255,255,255,14,766.228,"눈꽃",R,45,59,100,1.752,-1.057,0.341,1.431,0.408,0.788,-36.64,31.903,41,59,0,1,163.911,-150,0,0,0,5,0,R,"HANA_ARASHI",190,90,0.25,,42,W,Y,0,,,,,,,,,,,,,,,,,,,,,,,,,,,,0,0,,,,,,,,,,,,,,,,,,,,,,,,,,,,,,,,,,,,,,-0.1,-37.473,0.004,-17.457,-23.277,-48.818,-14.235,-64.428,23.825,-53.2,10.053,-62.717,40.922,-90.671,-0.85,-110.548,-40.822,-90.571,,,,"",,,,"",,,,"",,,,"",,,,"",,,,"",,,,"",,,,"",,,,,,,,,,,,,,,,,,,,,,,,,,,,,,,,,,,,,,,,,,,,,,,,,,,,,,,,,,"",0,0,"",,,,0,""
25,,2,1,0,0,1,2,2,0,0,0,255,255,255,15,779.423,"눈꽃",R,45,58,100,3.548,-0.777,0.52,1.593,1.052,0.958,-36.64,29.871,48,52,0,4,227.273,-150,0,1.004,-17.954,5,0,R,"HANA_ARASHI",190,90,0.25,,42,W,Y,1,,,,,,,,,,,,,,,,,,,,,,,,,,,,0,32,,,,,,,,,,,,,,,783.231,5,,274,0,,,,,,,,,,,,,,,,,,,0.024,-37.629,0.05,-17.364,-23.164,-48.823,-14.017,-64.181,23.889,-53.321,11.069,-63.312,40.915,-90.664,-0.53,-110.24,-40.815,-90.564,,,,"",,,,"",,,,"",,,,"",,,,"",,,,"",,,,"",,,,"",,,,,,,,,,,,,,,,,,,,,,,,,,,,,,,,,,,,,,,,,,,,,,,,,,,,,,,,,,"",0,0,"",,,,0,""
26,SIDE,2,1,0,0,0,0,2,0,0,0,255,255,255,,786.636,,,,,,,,,,,,,,,,,,,,,,,0,,,,,,,,,,,,,,,,,,,,,,,,,,,,,,,,,,,,,,,0,0,,,,,,,,,,,,,,,,,,,,,,,,,,,,,,,,,,,,,,,,,,,,,,,,,,,,,,,,,,,,,,,,,,,,,,,,,,,,,,,,,,,,,,,,,,,,,,,,,,,,,,,,,,,,,,,,,,,,,,,,,,,,,,,,,,,,,,,,,,,,,,,,,"",0,0,"",,,,0,""
27,,2,0,0,0,0,0,0,0,0,0,255,255,255,7,824.624,"HANA_ARASHI",R,32,96,140,-0.473,0.41,0.409,1.995,-0.422,1.682,-36.544,25.437,69,31,0,2,173.734,-150,11.471,0,0,3,4,R,"_Gosomi",175,86.368,0.474,3,42,W,Y,1,825.695,73,41,150,51,0,120,110,17.015,38.615,-0.425,1.016,-19.508,0.3,0,0.331,88.546,592.73,-28.828,827.822,-56.343,-75.751,,,,,,0,0,,,,,,,,,,,,,,,,,,,,,,,,,,,,,,,,,,,,,,0.065,-37.212,0.005,-17.505,-20.333,-46.534,-16.971,-62.378,19.556,-50.129,11.613,-64.754,40.915,-90.664,0,-109.85,-40.815,-90.564,0.12,-36.888,,"mungjungh",0.004,-17.517,,"うよすま",-20.125,-46.378,,"하루（Haru）",-16.967,-62.374,,"Pugeuk",19.552,-50.087,,"즉석카레",12.205,-67.308,,"AI",40.9,-90.65,,"AI",0,-109.84,,"AI",-40.8,-90.55,,,,,,,,,,,,,,,,,,,,,,,,,,,,,,,,,,,,,,,,,,,,,,,,,,,,,,,,"",3,0,"",,,,0,""
28,,2,0,0,0,0,1,0,0,0,0,255,255,255,8,847.047,"HANA_ARASHI",R,32,89,140,0.636,0.885,0.484,2.073,-0.075,1.957,-36.544,37.561,78,22,0,0,250,-150,14.563,0,0,3,4,R,"_Gosomi",175,86.368,0.474,,53,W,Y,0,,,,,,,,,,,,,,,,,,,,,,,,,,,,0,0,,,,,,,,,,,,,,,,,,,,,,,,,,,,,,,,,,,,,,0.094,-37.493,-0.009,-17.209,-20.832,-46.743,-16.777,-62.698,19.309,-48.109,9.954,-64.599,40.915,-90.664,0,-109.85,-40.815,-90.564,,,,"",,,,"",,,,"",,,,"",,,,"",,,,"",,,,"",,,,"",,,,,,,,,,,,,,,,,,,,,,,,,,,,,,,,,,,,,,,,,,,,,,,,,,,,,,,,,,"",0,0,"",,,,0,""
29,,2,0,0,0,0,2,0,0,0,0,255,255,255,9,861.627,"HANA_ARASHI",R,32,90,140,0.377,0.304,0.435,1.879,-0.304,1.58,-36.544,20.033,35,65,0,2,173.316,-150,14.756,0,0,3,4,R,"_Gosomi",175,86.368,0.474,3,53,W,Y,1,862.677,162,34,128,67,40,145,127,-5.835,14.489,-0.258,0.931,-20.18,0.33,0,0.393,-146.225,580.961,33.209,861.609,-2.245,-27.581,863.769,,-12.666,0.346,-62.695,0,0,,,,,,,,,,,,,,,867.378,3,,147,4,,,,,,,,,,,,,,,,,,,0.118,-37.321,-0.001,-17.211,-20.915,-46.437,-16.935,-62.6,19.078,-48.242,10.805,-64.498,40.915,-90.664,0,-109.85,-40.815,-90.564,0.222,-36.762,,"mungjungh",-0.006,-17.23,,"うよすま",-20.655,-46.584,76,"하루（Haru）",-16.933,-62.592,95,"Pugeuk",19,-48.602,,"즉석카레",11.307,-64.163,,"AI",40.9,-90.65,,"AI",0,-109.84,,"AI",-40.8,-90.55,,870.465,-2.42,-34.272,,,,866.822,-18.981,-41.048,864.539,-11.891,-62.752,,,,,,,,,,,,,,,,,,,,,,869.374,-18.025,-39.325,865.917,-14.135,-56.935,,,,,,,,,,,,,,,,"",2,0,"Mini_ByeolBam",,,,38,""
30,,2,0,0,0,0,0,1,0,0,0,255,255,255,10,884.167,"HANA_ARASHI",R,29,86,139,-1.762,0.329,0.372,1.997,-0.595,1.631,-36.544,29.448,100,0,0,4,-160.072,-150,21.055,0,0,4,3,R,"Yaksok~",173.3,80,0.328,,41,W,Y,1,,,,,,,,,,,,,,,,,,,,,,,,,,,,0,0,,,,,,,,,,,,,,,,,,,,,,,,,,,,,,,,,,,,,,0.013,-37.392,0,-17.386,-20.862,-46.946,-17.944,-62.035,18.91,-47.837,11.357,-64.771,40.922,-90.671,0,-109.86,-40.822,-90.571,,,,"",,,,"",,,,"",,,,"",,,,"",,,,"",,,,"",,,,"",,,,888.057,-0.033,-37.266,,,,,,,,,,,,,,,,,,,,,,,,,,,,,,,,,,,,,,,,,,,,,,,,,,,,"",0,0,"",,,,0,""
31,,2,0,0,0,0,1,1,0,0,0,255,255,255,11,898.999,"HANA_ARASHI",R,14,84,122,1.432,-0.008,0.501,2.095,0.003,1.978,-36.544,41.753,92,8,0,2,377.235,328.168,-20.272,0,0,4,3,R,"Yaksok~",173.3,80,0.328,3,41,W,Y,1,899.89,227,142,79,71,48,145,107,21.468,-7.064,0.329,1.099,-20.749,0.11,0,0.166,-123.293,494.592,316.508,902.889,0.344,-110.468,907.956,,0.272,1.528,-59.812,0,0,,,,,,,,,,,,,,,904.369,4,,456,0,,,,,,,,,,,,,,,,,,,0.054,-37.69,0.007,-17.387,-21.474,-47.11,-17.917,-62.031,19.209,-48.191,11.156,-64.712,40.915,-90.664,0,-109.85,-40.815,-90.564,0.09,-36.882,,"mungjungh",-0.001,-17.407,,"うよすま",-21.312,-46.931,,"하루（Haru）",-17.923,-62.04,81,"Pugeuk",19.184,-48.141,,"즉석카레",11.149,-64.714,,"AI",40.9,-90.65,,"AI",0,-109.84,,"AI",-40.8,-90.55,,912.654,-4.394,-39.354,,,,,,,908.695,-0.048,-59.842,,,,,,,,,,,,,,,,,,,,,,,,,911.481,-0.178,-57.467,,,,,,,,,,,,,,,,"",1,0,"Mini_ByeolBam",,,,36,""
32,,2,0,0,0,0,0,2,0,0,0,255,255,255,12,926.783,"HANA_ARASHI",R,32,94,140,-1.999,-0.621,0.268,1.825,-1.081,1.077,-36.544,14.888,49,51,0,4,192.917,-150,25.894,-0.568,-17.526,5,2,R,"Penguin_iDOL",190,80,0.299,,41,W,Y,1,,,,,,,,,,,,,,,,,,,,,,,,,,,,0,0,,,,,,,,,,,,,,,,,,,,,,,,,,,,,,,,,,,,,,0.007,-37.386,0.191,-17.242,-21.615,-46.906,-16.391,-63.182,20.404,-47.892,10.764,-66.046,40.922,-90.671,0,-109.86,-40.822,-90.571,,,,"",,,,"",,,,"",,,,"",,,,"",,,,"",,,,"",,,,"",,,,934.891,-0.327,-37.215,,,,,,,,,,,,,,,,,,,,,,,,,,,,,,,,,,,,,,,,,,,,,,,,,,,,"",0,0,"",,,,0,""
33,,2,0,0,0,0,1,2,0,0,0,255,255,255,13,942.946,"HANA_ARASHI",R,13,84,122,-3.819,-1.131,0.276,1.875,-1.041,1.236,-36.544,23.851,74,26,0,4,-390.434,312.348,5.12,-1.338,-15.859,5,2,R,"Penguin_iDOL",190,80,0.299,,41,W,Y,1,,,,,,,,,,,,,,,,,,,,,,,,,,,,0,0,,,,,,,,,,,,,,,,,,,,,,,,,,,,,,,,,,,,,,-0.02,-37.47,-0.016,-16.918,-21.98,-47.807,-16.397,-63.096,19.871,-48.66,10.556,-65.718,40.907,-90.657,0,-109.85,-40.807,-90.557,,,,"",,,,"",,,,"",,,,"",,,,"",,,,"",,,,"",,,,"",,,,,,,,,,,,,,,,,,,,,,,,,,,,,,,,,,,,,,,,,,,,,,,,,,,,,,,,,,"",0,0,"",,,,0,""
34,,2,0,0,0,0,2,2,0,0,0,255,255,255,14,959.908,"HANA_ARASHI",R,10,84,125,-0.793,0.582,0.423,2.216,-0.357,2.343,-36.544,49.457,98,2,0,2,0,400,-55.893,0,0,5,2,R,"Penguin_iDOL",190,80,0.299,5,41,W,Y,1,961.061,170,144,119,82,47,145,120,-15.376,-64.476,-0.176,1.118,-19.616,0.84,0,0.369,-392.267,49.384,451.318,959.729,3.224,-21.236,,,,,,0,0,,,,,,,,,,,,,,,,,,,,,,,,,,,,,,,,,,,,,,0.024,-37.432,0.041,-16.704,-21.837,-47.058,-16.381,-63.127,19.487,-48.167,10.594,-65.448,40.915,-90.664,0,-109.85,-40.815,-90.564,0.136,-36.754,,"mungjungh",0.034,-16.727,,"うよすま",-21.604,-46.925,,"하루（Haru）",-16.377,-63.128,,"Pugeuk",19.397,-48.308,,"즉석카레",11.145,-67.745,,"AI",40.9,-90.65,,"AI",0,-109.84,,"AI",-40.8,-90.55,,,,,,,,,,,,,,,,,,,,,,,,,,,,,,,,,,,,,,,,,,,,,,,,,,,,,,,,"",3,0,"",,,,0,""
35,,2,0,0,0,0,2,2,0,0,0,255,255,255,15,976.463,"HANA_ARASHI",R,32,86,139,2.116,1.121,0.621,2.099,0.563,2.169,-36.544,51.359,73,27,0,4,250,-150,-0.636,0,0,5,2,R,"Penguin_iDOL",190,80,0.299,,73,W,Y,1,,,,,,,,,,,,,,,,,,,,,,,,,,,,0,0,,,,,,,,,,,,,,,978.971,5,,578,0,,,,,,,,,,,,,,,,,,,0.086,-37.416,-0.062,-16.629,-22.487,-47.878,-18.074,-61.698,20.282,-48.702,11.63,-64.645,40.915,-90.664,0,-109.86,-40.815,-90.564,,,,"",,,,"",,,,"",,,,"",,,,"",,,,"",,,,"",,,,"",,,,,,,,,,,,,,,,,,,,,,,,,,,,,,,,,,,,,,,,,,,,,,,,,,,,,,,,,,"",0,0,"",,,,0,""
36,SIDE,2,0,0,0,0,0,2,0,0,0,255,255,255,,980.208,,,,,,,,,,,,,,,,,,,,,,,6,,,,,,,,,,,,,,,,,,,,,,,,,,,,,,,,,,,,,,,0,0,,,,,,,,,,,,,,,,,,,,,,,,,,,,,,,,,,,,,,,,,,,,,,,,,,,,,,,,,,,,,,,,,,,,,,,,,,,,,,,,,,,,,,,,,,,,,,,,,,,,,,,,,,,,,,,,,,,,,,,,,,,,,,,,,,,,,,,,,,,,,,,,,"",0,0,"",,,,0,""
37,,3,1,0,0,0,0,0,0,0,0,255,255,255,16,1033.661,"눈꽃",R,28,95,140,1.355,0.481,0.289,2.014,0.546,1.781,-36.64,20.82,88,12,0,0,25.671,-72.682,0,0,0,0,5,R,"즉석카레",169.6,92.596,0.402,,40,W,Y,0,,,,,,,,,,,,,,,,,,,,,,,,,,,,0,0,,,,,,,,,,,,,,,,,,,,,,,,,,,,,,,,,,,,,,-0.005,-37.777,0.032,-17.583,-20.667,-48.325,-14.701,-64.077,22.152,-51.02,10.347,-64.24,40.966,-90.711,-0.507,-107.167,-40.866,-90.611,,,,"",,,,"",,,,"",,,,"",,,,"",,,,"",,,,"",,,,"",,,,,,,,,,,,,,,,,,,,,,,,,,,,,,,,,,,,,,,,,,,,,,,,,,,,,,,,,,"",0,0,"",,,,0,""
38,,3,1,0,0,0,1,0,0,0,0,255,255,255,17,1048.653,"눈꽃",R,40,40,99,-1.892,-1.442,-0.009,1.497,-1.084,0.616,-36.64,16.578,38,62,0,1,121.813,-143.206,0,0,0,0,5,R,"즉석카레",169.6,92.596,0.402,,40,W,Y,0,,,,,,,,,,,,,,,,,,,,,,,,,,,,0,0,,,,,,,,,,,,,,,,,,,,,,,,,,,,,,,,,,,,,,-0.154,-37.522,-0.091,-17.573,-21.507,-48.442,-14.949,-64.098,22.497,-50.674,10.348,-64.152,40.915,-90.664,-0.506,-107.178,-40.815,-90.564,,,,"",,,,"",,,,"",,,,"",,,,"",,,,"",,,,"",,,,"",,,,,,,,,,,,,,,,,,,,,,,,,,,,,,,,,,,,,,,,,,,,,,,,,,,,,,,,,,"",0,0,"",,,,0,""
39,,3,1,0,0,1,1,0,0,0,0,255,255,255,18,1066.279,"눈꽃",R,13,60,103,-2.05,-0.697,0.151,1.774,-0.156,1.722,-36.64,9.582,61,39,0,4,-365.589,312.348,0,0,0,0,5,R,"즉석카레",169.6,92.596,0.402,,40,W,Y,1,,,,,,,,,,,,,,,,,,,,,,,,,,,,0,0,,,,,,,,,,,,,,,,,,,,,,,,,,,,,,,,,,,,,,-0.087,-37.621,-0.084,-17.603,-21.383,-48.72,-14.659,-64.228,22.578,-50.734,10.284,-64.25,40.922,-90.67,-0.556,-107.206,-40.822,-90.57,,,,"",,,,"",,,,"",,,,"",,,,"",,,,"",,,,"",,,,"",,,,,,,,,,,,,,,,,,,,,,,,,,,,,,,,,,,,,,,,,,,,,,,,,,,,,,,,,,"",0,0,"",,,,0,""
40,,3,1,0,0,1,2,0,0,0,0,255,255,255,19,1082.002,"눈꽃",R,0,88,140,0.839,2.021,0.351,2.286,0.326,2.663,-36.64,50.356,88,12,0,2,21.116,-49.615,0,0,0,0,5,R,"즉석카레",169.6,92.596,0.402,5,40,W,Y,1,1083.053,55,43,70,39,12,66,72,0,-26.465,0.145,1.453,-19.425,0.92,0,0.127,-198.199,532.202,193.593,1082.329,6.459,-33.035,1084.702,,15.056,0.365,-58.554,0,0,,1088.466,,,,,,,,,,,,,1088.958,0,,147,2,,,,,,,,,,,,,,,,,,,-0.072,-37.819,0.058,-17.545,-21.352,-48.381,-14.637,-64.187,23.373,-50.692,10.264,-64.305,40.915,-90.664,-0.539,-107.182,-40.815,-90.564,0.202,-37.399,,"Pring__",0.079,-17.547,,"Penguin_iDOL",-21.368,-48.394,72,"Yaksok~",-15.936,-66.104,,"_Gosomi",23.326,-50.667,,"CoalCat",10.282,-64.183,107,"AI",40.9,-90.65,,"ByeolBam",-0.536,-107.185,,"AI",-40.8,-90.55,,1092.97,-0.15,-38.967,,,,1088.388,-17.844,-40.368,,,,,,,1086.103,15.01,-57.867,,,,,,,,,,,,,,,,1091.744,-18.345,-40.256,,,,,,,1086.814,11.255,-56.308,,,,,,,,,,"",2,0,"Mini_ByeolBam",,,,98,""
41,,3,1,0,0,0,0,1,0,0,0,255,255,255,20,1108.295,"눈꽃",R,40,58,100,1.062,-0.837,0.356,1.584,0.55,0.939,-36.64,26.348,47,53,0,0,-46.631,-134.587,0,0,0,1,2,R,"うよすま",190,85.375,0.502,,40,W,Y,0,,,,,,,,,,,,,,,,,,,,,,,,,,,,0,0,,,,,,,,,,,,,,,,,,,,,,,,,,,,,,,,,,,,,,-0.075,-37.596,0.05,-17.598,-21.232,-47.323,-16.265,-63.276,23.2,-51.628,10.227,-62.961,40.922,-90.671,-3.707,-108.239,-40.822,-90.571,,,,"",,,,"",,,,"",,,,"",,,,"",,,,"",,,,"",,,,"",,,,1112.738,-0.291,-37.809,,,,,,,,,,,,,,,,,,,,,,,,,,,,,,,,,,,,,,,,,,,,,,,,,,,,"",0,0,"",,,,0,""
42,,3,1,0,0,0,1,1,0,0,0,255,255,255,21,1123.527,"눈꽃",R,40,54,96,-1.627,-0.726,-0.026,1.534,-0.806,1.009,-36.64,17.45,44,56,0,1,43.833,-134.15,0,0,0,1,2,R,"うよすま",190,85.375,0.502,,40,W,Y,0,,,,,,,,,,,,,,,,,,,,,,,,,,,,0,0,,,,,,,,,,,,,,,,,,,,,,,,,,,,,,,,,,,,,,-0.234,-37.583,0.061,-17.469,-21.138,-47.134,-16.711,-63.087,23.213,-51.634,10.955,-64.428,40.915,-90.664,0.242,-109.321,-40.815,-90.564,,,,"",,,,"",,,,"",,,,"",,,,"",,,,"",,,,"",,,,"",,,,1127.983,0.003,-37.769,,,,,,,,,,,,,,,,,,,,,,,,,,,,,,,,,,,,,,,,,,,,,,,,,,,,"",0,0,"",,,,0,""
43,,3,1,0,0,1,1,1,0,0,0,255,255,255,22,1141.523,"눈꽃",R,27,86,139,1.588,1.288,0.262,1.982,0.628,2.28,-36.64,25.733,88,12,0,2,40.128,-149.055,0,0,0,1,2,R,"うよすま",190,85.375,0.502,3,40,W,Y,1,1142.476,248,52,155,66,13,145,99,47.665,-4.558,0.325,1.847,-19.993,-0.42,0,0.408,534.876,111.481,247.951,1147.089,2.403,-90.686,1147.582,,2.082,1.424,-89.898,0,0,,1148.545,,,,,,,,,,,,,1148.831,1,,456,0,,,,,,,,,,,,,,,,,,,-0.074,-37.766,0.037,-17.447,-21.304,-47.502,-16.726,-62.738,23.153,-51.661,10.943,-64.493,40.915,-90.664,0.326,-109.372,-40.815,-90.564,0.256,-37.311,,"Pring__",0.04,-17.45,,"Penguin_iDOL",-21.325,-47.502,,"Yaksok~",-17.655,-64.125,,"_Gosomi",23.186,-51.6,,"CoalCat",10.988,-64.353,,"AI",40.9,-90.65,,"ByeolBam",0.325,-109.373,114,"AI",-40.8,-90.55,,1152.106,-0.412,-39.353,,,,,,,,,,,,,,,,,,,1148.839,2.39,-89.733,,,,,,,,,,,,,,,,,,,,,,,,,1150.124,1.241,-86.262,,,,"",1,0,"Mini_ByeolBam",,,,65,""
44,,3,1,0,0,0,0,2,0,0,0,255,255,255,23,1164.929,"눈꽃",R,27,86,139,-0.912,-0.122,0.06,1.83,-0.467,1.399,-36.64,9.372,55,45,0,2,48.604,-113.758,0,0,0,2,3,L,"하루（Haru）",160,85,0.397,3,40,W,Y,1,1165.998,255,97,157,67,36,145,89,-85.781,-85.521,0.004,0.66,-19.27,-0.33,0,0.214,-104.491,-585.968,-75.653,1164.395,0.568,-19.313,,,,,,0,0,,,,,,,,,,,,,,,,,,,,,,,,,,,,,,,,,,,,,,-0.124,-37.868,-0.064,-17.608,-21.63,-48.487,-7.605,-67.149,24.6,-52.652,11.307,-61.363,40.915,-90.664,1.368,-108.717,-40.815,-90.564,0.264,-37.273,,"Pring__",-0.068,-17.624,,"Penguin_iDOL",-21.519,-48.561,,"Yaksok~",-7.598,-67.127,,"_Gosomi",24.59,-52.498,,"CoalCat",11.384,-61.294,,"AI",40.9,-90.65,,"ByeolBam",3.838,-108.814,,"AI",-40.8,-90.55,,,,,,,,,,,,,,,,,,,,,,,,,,,,,,,,,,,,,,,,,,,,,,,,,,,,,,,,"",3,0,"",,,,0,""
45,,3,1,0,0,0,1,2,0,0,0,255,255,255,24,1180.168,"눈꽃",R,28,90,140,-0.5,-0.098,0.04,1.811,-0.316,1.34,-36.64,6.734,51,49,0,2,8.564,-82.506,0,0,0,2,3,L,"하루（Haru）",160,85,0.397,3,40,W,Y,1,1181.22,255,123,56,99,47,137,109,93.212,84.122,-0.127,0.777,-20.356,0.23,0,0.127,512.048,-177.8,-257.281,,,,,,,,,0,0,,,,,,,,,,,,,,,,,,,,,,,,,,,,,,,,,,,,,,-0.1,-37.766,-0.069,-17.592,-20.408,-47.437,-8.146,-66.795,25.441,-51.323,13.077,-62.979,40.915,-90.664,0.578,-106.834,-40.815,-90.564,0.317,-37.159,,"Pring__",-0.074,-17.611,,"Penguin_iDOL",-20.561,-47.31,,"Yaksok~",-9.211,-66.725,,"_Gosomi",25.41,-51.259,,"CoalCat",13.124,-62.83,,"AI",40.9,-90.65,,"ByeolBam",0.945,-106.973,,"AI",-40.8,-90.55,,,,,,,,,,,,,,,,,,,,,,,,,,,,,,,,,,,,,,,,,,,,,,,,,,,,,,,,"",3,0,"",,,,0,""
46,,3,1,0,0,0,2,2,0,0,0,255,255,255,25,1200.196,"눈꽃",R,46,36,86,1.532,-0.786,0.352,1.699,0.335,1.131,-36.64,31.511,35,65,0,4,129.049,-45.137,0,0,0,2,3,L,"하루（Haru）",160,85,0.397,,40,W,Y,1,,,,,,,,,,,,,,,,,,,,,,,,,,,,0,4,,,,,,,,,,,,,,,1203.158,2,,578,0,,,,,,,,,,,,,,,,,1203.16,1,-0.061,-37.477,0.091,-17.594,-20.684,-48.353,-8.656,-66.71,25.557,-50.908,13.542,-62.591,40.915,-90.664,2.449,-109.978,-40.815,-90.564,,,,"",,,,"",,,,"",,,,"",,,,"",,,,"",,,,"",,,,"",,,,,,,,,,,,,,,,,,,,,,,,,,,,,,,,,,,,,,,,,,,,,,,,,,,,,,,,,,"",0,0,"",,,,0,""
47,SIDE,3,1,0,0,0,0,2,0,0,0,255,255,255,,1206.851,,,,,,,,,,,,,,,,,,,,,,,3,,,,,,,,,,,,,,,,,,,,,,,,,,,,,,,,,,,,,,,0,0,,,,,,,,,,,,,,,,,,,,,,,,,,,,,,,,,,,,,,,,,,,,,,,,,,,,,,,,,,,,,,,,,,,,,,,,,,,,,,,,,,,,,,,,,,,,,,,,,,,,,,,,,,,,,,,,,,,,,,,,,,,,,,,,,,,,,,,,,,,,,,,,,"",0,0,"",,,,0,""
48,,3,0,0,0,0,0,0,0,0,0,255,255,255,16,1246.408,"HANA_ARASHI",R,26,87,140,-1.22,1.52,0.408,2.144,-0.429,2.422,-36.544,42.139,92,8,0,2,-86.238,-150,-10.889,0,0,6,0,L,"눈꽃",190,80,0.505,3,40,W,Y,1,1247.482,255,99,68,91,24,142,89,45.208,-17.945,-0.086,1.737,-19.719,-0.81,0,0.273,538.366,28.583,-263.335,,,,1251.889,,21.237,2.589,-78.749,0,0,,1253.05,,,,,,,,,,,,,1253.057,6,,454,0,,,,,,,,,,,,,,,,,,,-0.02,-37.44,0.019,-17.431,-19.457,-46.973,-14.358,-63.728,20.215,-49.822,12.328,-63.934,40.9,-90.65,0,-109.84,-40.8,-90.55,0.061,-36.823,,"mungjungh",-0.019,-17.463,,"うよすま",-19.227,-46.792,,"하루（Haru）",-14.353,-63.706,,"Pugeuk",20.15,-49.711,88,"즉석카레",12.327,-63.922,86,"AI",40.9,-90.65,,"AI",0,-109.84,,"AI",-40.8,-90.55,,1259.614,0.202,-38.291,,,,,,,,,,1256.328,14.949,-68.102,1253.071,21.026,-78.833,,,,,,,,,,,,,,,,,,,,,,1258.084,12.134,-62.79,1255.872,16.947,-72.203,,,,,,,,,,"",1,0,"Mini_ByeolBam",,,,41,""
49,,3,0,0,0,0,0,1,0,0,0,255,255,255,17,1270.633,"HANA_ARASHI",R,32,81,132,3.687,2.041,0.735,2.16,1.232,2.641,-36.544,68.347,51,49,0,2,250,-150,5.39,0,0,0,7,R,"ByeolBam",175.4,90,0.5,3,40,W,Y,1,1271.642,145,115,78,55,24,139,82,43.321,3.42,0.737,1.703,-20.212,-0.84,0,0.326,-122.142,-109.588,577.124,1274.675,-4.001,-77.755,1279.329,,0.023,1.397,-59.278,1,0,,1277.622,,,,,,,,,,,,,,,,,,,,,,,,,,,,,,1281.082,5,,,,,0.077,-37.461,0.021,-17.419,-20.409,-46.192,-16.884,-61.659,19.902,-50.023,10.461,-65.774,40.908,-90.657,0,-109.85,-40.807,-90.557,0.456,-36.723,,"mungjungh",0.006,-17.452,,"うよすま",-20.175,-46.197,,"하루（Haru）",-16.844,-61.83,,"Pugeuk",19.911,-49.962,,"즉석카레",10.363,-65.274,71,"AI",40.9,-90.65,,"AI",0,-109.84,,"AI",-40.8,-90.55,,1284.705,-0.195,-38.59,,,,,,,,,,,,,1280.615,0.175,-59.26,,,,,,,,,,,,,,,,,,,,,,,,,1283.352,0.042,-57.38,,,,,,,,,,"",2,0,"Mini_ByeolBam",,,,33,""
50,,3,0,0,0,0,0,1,1,0,0,17,255,255,18,1297.768,"HANA_ARASHI",R,14,85,123,1.139,0.12,0.47,2.111,-0.138,2.025,-36.544,40.101,94,6,0,2,390.434,312.348,-15.155,0,0,1,5,R,"CoalCat",174.6,83,0.397,0,40,W,Y,1,1298.871,255,84,23,21,13,76,69,9.861,-27.82,0.196,1.148,-21.837,1,0,0.522,-154.416,576.871,58.101,1298.609,11.174,-45.862,1299.329,,13.043,0.425,-48.079,1,0,,1304.09,,,,1303.395,,,,,,,,,1303.363,0,1,164,8,,,,,,,,,,,,,1302.693,3,,,,,0.064,-37.621,0.028,-17.454,-18.47,-39.788,-14.557,-61.105,18.348,-49.047,8.594,-62.614,40.915,-90.664,0,-109.85,-40.815,-90.564,0.153,-36.859,,"mungjungh",0.02,-17.459,,"うよすま",-18.448,-39.748,79,"하루（Haru）",-14.395,-61.218,95,"Pugeuk",18.274,-49.01,94,"즉석카레",8.762,-62.569,,"AI",40.9,-90.65,,"AI",0,-109.84,,"AI",-40.8,-90.55,,1310.258,-2.357,-33.834,,,,1304.835,-19.126,-41.101,1302.525,-0.606,-59.591,1300.949,12.284,-47.908,,,,,,,,,,,,,,,,,,,1309.241,-17.079,-39.262,1303.657,-4.444,-57.522,1301.599,10.36,-48.818,,,,,,,,,,,,,"",2,0,"Mini_ByeolBam",1303.395,,,46,""
51,,3,0,0,0,0,0,2,1,0,0,15,255,255,19,1321.691,"HANA_ARASHI",R,13,86,126,-0.372,0.815,0.594,2.157,0.373,2.481,-36.544,58.503,68,32,0,0,-358.082,348.966,5.023,0,0,2,1,L,"Pring__",190,92.741,0.481,,40,W,Y,0,,,,,,,,,,,,,,,,,,,,,,,,,,,,0,0,,,,,,,,,,,,1334.702,,,,,,,,,,,,,,,,,,,,,,,,,,0.011,-37.371,-0.054,-17.276,-18.28,-39.808,-12.967,-63.8,19.718,-48.967,13.317,-64.323,40.915,-90.664,0,-109.86,-40.815,-90.564,,,,"",,,,"",,,,"",,,,"",,,,"",,,,"",,,,"",,,,"",,,,1325.895,-0.078,-37.343,,,,,,,,,,,,,,,,,,,,,,,,,,,,,,,,,,,,,,,,,,,,,,,,,,,,"",0,0,"",,,,0,""
52,,3,0,0,0,0,1,2,1,0,0,15,255,255,20,1335.715,"HANA_ARASHI",R,14,81,119,1.494,-0.39,0.507,2.034,0.035,1.748,-36.544,38.114,100,0,0,4,362.597,344.272,-12.72,0,0,2,1,L,"Pring__",190,92.741,0.481,,40,W,Y,1,,,,,,,,,,,,,,,,,,,,,,,,,,,,0,0,,,,,,,,,,,,1346.189,,,,,,,,,,,,,,,,,,,,,,,,,,0.067,-37.405,0.082,-17.274,-18.414,-40.609,-7.852,-66.309,22.097,-50.586,12.582,-65.111,40.915,-90.664,0,-109.85,-40.815,-90.564,,,,"",,,,"",,,,"",,,,"",,,,"",,,,"",,,,"",,,,"",,,,1339.876,0.063,-37.265,,,,,,,,,,,,,,,,,,,,,,,,,,,,,,,,,,,,,,,,,,,,,,,,,,,,"",0,0,"",,,,0,""
53,,3,0,0,0,0,2,2,1,0,0,15,255,255,21,1351.024,"HANA_ARASHI",R,14,87,110,2.644,-1.497,0.647,1.85,0.456,1.115,-36.544,50.853,100,0,0,1,364.063,342.722,-27.048,0,0,2,1,L,"Pring__",190,92.741,0.481,,40,W,Y,0,,,,,,,,,,,,,,,,,,,,,,,,,,,,0,0,,,,,,,,,,,,1351.027,,,,,,,,,,,,,,,,,,,,,,,,,,0.04,-37.31,-0.015,-17.315,-18.472,-39.814,-8.686,-65.947,22.48,-50.528,12.53,-65.008,40.915,-90.664,0,-109.85,-40.815,-90.564,,,,"",,,,"",,,,"",,,,"",,,,"",,,,"",,,,"",,,,"",,,,1354.903,0.182,-36.968,,,,,,,,,,,,,,,,,,,,,,,,,,,,,,,,,,,,,,,,,,,,,,,,,,,,"",0,0,"",,,,0,""
54,,3,0,0,0,1,2,2,1,0,0,15,255,255,22,1363.251,"HANA_ARASHI",R,10,83,110,0.762,-0.639,0.602,2.129,0.315,1.716,-36.544,54.883,93,7,0,0,0,400,-20.867,0,0,2,1,L,"Pring__",190,92.741,0.481,,40,W,Y,1,,,,,,,,,,,,,,,,,,,,,,,,,,,,0,0,,,,,,,,,,,,,,,1365.815,2,,578,0,,,,,,,,,,,,,,,,,,,0.052,-37.527,-0.01,-17.304,-18.5,-39.546,-7.839,-66.061,22.834,-50.64,12.303,-64.492,40.907,-90.657,0,-109.85,-40.807,-90.557,,,,"",,,,"",,,,"",,,,"",,,,"",,,,"",,,,"",,,,"",,,,1367.397,0.201,-37.332,,,,,,,,,,,,,,,,,,,,,,,,,,,,,,,,,,,,,,,,,,,,,,,,,,,,"",0,0,"",,,,0,""
55,SIDE,3,0,0,0,0,0,2,1,0,0,15,255,255,,1368.739,,,,,,,,,,,,,,,,,,,,,,,3,,,,,,,,,,,,,,,,,,,,,,,,,,,,,,,,,,,,,,,0,0,,,,,,,,,,,,,,,,,,,,,,,,,,,,,,,,,,,,,,,,,,,,,,,,,,,,,,,,,,,,,,,,,,,,,,,,,,,,,,,,,,,,,,,,,,,,,,,,,,,,,,,,,,,,,,,,,,,,,,,,,,,,,,,,,,,,,,,,,,,,,,,,,"",0,0,"",,,,0,""
56,,4,1,0,0,0,0,0,0,0,0,255,255,255,26,1423.347,"눈꽃",R,28,91,140,1.417,-0.51,0.216,1.802,0.523,1.172,-36.64,13.994,52,48,0,2,8.788,-95.791,0,0,0,3,4,R,"Pugeuk",190,85.842,0.349,3,39,W,Y,1,1424.369,229,37,166,43,27,145,130,6.449,37.064,0.096,0.718,-20.001,0.51,0,0.684,-198.275,547.82,-143.457,,,,1425.595,,-20.035,0.778,-40.944,0,0,,,,,,,,,,,,,,,1425.77,3,,451,0,,,,,,,,,,,1427.312,2,,,,,,,-0.041,-37.823,0.029,-17.484,-22.054,-50.284,-15.159,-64.037,22.765,-51.971,9.635,-64.296,40.966,-90.711,-0.608,-107.568,-40.866,-90.611,0.238,-37.305,,"Pring__",0.037,-17.506,,"Penguin_iDOL",-22.088,-50.221,85,"Yaksok~",-15.857,-65.784,,"_Gosomi",22.735,-51.915,,"CoalCat",9.623,-64.22,,"AI",40.9,-90.65,,"ByeolBam",-1.002,-107.512,,"AI",-40.8,-90.55,,1429.828,-0.224,-38.044,,,,1425.779,-21.673,-46.93,,,,,,,,,,,,,,,,,,,,,,,,,1428.76,-17.718,-39.962,,,,,,,,,,,,,,,,,,,"",1,0,"Mini_ByeolBam",,,1432.915,96,""
57,,4,1,0,0,0,0,1,0,0,0,255,255,255,27,1444.851,"눈꽃",R,27,89,140,1.22,0.466,0.251,1.92,0.483,1.774,-36.64,14.624,61,39,0,2,29.963,-136.12,0,0,0,4,1,R,"mungjungh",190,86.732,0.403,0,39,W,Y,1,1445.822,131,235,71,53,8,137,107,19.372,32.11,0.226,1.157,-19.804,0.02,0,0.404,-13.792,562.457,208.453,1447.209,-48.421,-81.003,1457.249,,-0.081,0.745,-60.176,1,0,,1451.695,1456.379,,,,,,,,,,,,,,,,,,,,,,,,,,,,,,,,,,,-0.027,-37.782,0.044,-17.482,-22.072,-50.661,-15.627,-63.48,23.722,-52.788,9.569,-63.125,40.922,-90.671,-5.279,-107.491,-40.822,-90.571,0.315,-37.235,,"Pring__",0.049,-17.49,,"Penguin_iDOL",-22.076,-50.67,,"Yaksok~",-15.847,-64.06,,"_Gosomi",23.57,-52.142,,"CoalCat",10.445,-61.782,75,"AI",40.9,-90.65,,"ByeolBam",-5.057,-108.644,,"AI",-40.8,-90.55,,1462.207,0.148,-39.222,,,,,,,,,,,,,1457.709,-0.3,-59.562,,,,,,,,,,,,,,,,,,,,,,,,,1460.917,0.371,-58.589,,,,,,,,,,"",2,0,"Mini_ByeolBam",1456.379,,,66,""
58,,4,1,0,0,0,0,1,0,1,0,255,1,255,28,1478.391,"눈꽃",R,39,45,89,0.004,0.072,0.262,1.877,0.263,1.472,-36.64,23.871,46,54,0,0,-112.226,-150,0,0,0,5,0,R,"HANA_ARASHI",190,90,0.25,,39,W,Y,0,,,,,,,,,,,,,,,,,,,,,,,,,,,,0,0,,,,,,,,,,,,,1485.185,,,,,,,,,,,,,,,,,,,,,,,,,-0.066,-37.702,0.082,-17.483,-18.53,-44.304,-15.167,-64.005,19.831,-44.22,3.983,-60.786,40.915,-90.664,-3.028,-112.283,-40.815,-90.564,,,,"",,,,"",,,,"",,,,"",,,,"",,,,"",,,,"",,,,"",,,,1483.112,-0.239,-37.49,,,,,,,,,,,,,,,,,,,,,,,,,,,,,,,,,,,,,,,,,,,,,,,,,,,,"",0,0,"",1481.928,,,0,""
59,,4,1,0,0,0,1,1,0,1,0,255,1,255,29,1498.164,"눈꽃",R,45,53,95,2.119,-0.562,0.377,1.516,0.459,1.093,-36.64,29.025,35,65,0,1,201.31,-150,0,0,0,5,0,R,"HANA_ARASHI",190,90,0.25,,39,W,Y,0,,,,,,,,,,,,,,,,,,,,,,,,,,,,0,0,,,,,,,,,,,,,1498.782,,,,,,,,,,,,,,,,,,,,,,,,,-0.049,-37.55,0.059,-17.493,-18.599,-44.459,-15.414,-63.9,20.111,-45.562,4.012,-61.14,40.922,-90.67,-3.215,-112.215,-40.822,-90.571,,,,"",,,,"",,,,"",,,,"",,,,"",,,,"",,,,"",,,,"",,,,1502.007,-0.329,-37.535,,,,,,,,,,,,,,,,,,,,,,,,,,,,,,,,,,,,,,,,,,,,,,,,,,,,"",0,0,"",1501.55,,,0,""
60,,4,1,0,0,1,1,1,0,1,0,255,1,255,30,1513.508,"눈꽃",R,26,84,121,1.082,0.622,0.274,1.934,0.422,1.837,-36.64,22.021,87,13,0,2,25.097,-150,0,0,0,5,0,R,"HANA_ARASHI",190,90,0.25,5,39,W,Y,1,1514.538,170,76,136,92,53,145,132,97.192,-75.213,0.202,1.299,-21.026,0.57,0,0.729,367.161,305.299,363.298,1521.009,-29.429,-3.598,,,,,,0,0,,,,,,,,,,,,,1529.726,,,,,,,,,,,,,,,,,,,,,,,,,-0.056,-37.785,0.069,-17.478,-18.88,-45.006,-15.342,-63.843,18.917,-47.256,2.207,-60.456,40.915,-90.664,-3.605,-111.171,-40.815,-90.564,0.135,-37.245,,"Pring__",0.074,-17.482,,"Penguin_iDOL",-18.89,-45.005,,"Yaksok~",-15.834,-64.384,,"_Gosomi",18.889,-47.239,,"CoalCat",5.25,-61.309,,"AI",40.9,-90.65,,"ByeolBam",-3.606,-111.169,,"AI",-40.8,-90.55,,,,,,,,,,,,,,,,,,,,,,,,,,,,,,,,,,,,,,,,,,,,,,,,,,,,,,,,"",3,0,"",1524.048,,,0,""
61,,4,1,0,0,1,2,1,0,1,0,255,1,255,31,1537.614,"눈꽃",R,13,63,105,-2.219,-0.187,0.193,1.887,-0.235,1.934,-36.64,14.527,70,30,0,4,-372.687,312.348,0,0,0,5,0,R,"HANA_ARASHI",190,90,0.25,,39,W,Y,1,,,,,,,,,,,,,,,,,,,,,,,,,,,,0,0,,,,,,,,,,,,,1541.924,,1540.411,5,,578,0,,,,,,,,,,,,,,,,,,,-0.074,-37.751,-0.012,-17.649,-18.436,-44.677,-15.885,-63.534,21.672,-48.222,2.554,-61.031,40.915,-90.664,-4.125,-110.87,-40.815,-90.564,,,,"",,,,"",,,,"",,,,"",,,,"",,,,"",,,,"",,,,"",,,,,,,,,,,,,,,,,,,,,,,,,,,,,,,,,,,,,,,,,,,,,,,,,,,,,,,,,,"",0,0,"",1541.809,,,0,""
62,,4,1,0,0,0,0,2,0,1,0,255,1,255,32,1558.961,"눈꽃",R,4,66,113,0.335,-0.194,0.356,1.805,0.558,1.488,-36.64,12.11,70,30,0,0,-236.388,0,0,0,0,0,5,R,"즉석카레",169.6,92.596,0.402,,39,W,Y,1,,,,,,,,,,,,,,,,,,,,,,,,,,,,0,0,,,,,,,,,1588.296,,,,1570.061,,,,,,,,,,,,,,,,,,,,,,,,,0.047,-37.693,0.029,-17.563,-20.975,-48.173,-15.821,-63.62,21.581,-48.428,4.827,-60.899,40.922,-90.67,-2.048,-112.919,-40.822,-90.57,,,,"",,,,"",,,,"",,,,"",,,,"",,,,"",,,,"",,,,"",,,,,,,,,,,,,,,,,,,,,,,,,,,,,,,,,,,,,,,,,,,,,,,,,,,,,,,,,,"",0,0,"",1562.897,1588.296,,0,""
63,,4,1,0,0,0,1,2,0,0,1,255,255,1,33,1611.03,"눈꽃",R,26,87,140,1.566,0.794,0.254,1.97,0.601,1.885,-36.64,25.84,87,13,0,4,53.694,-150,0,0,0,0,5,R,"즉석카레",169.6,92.596,0.402,,39,W,Y,1,,,,,,,,,,,,,,,,,,,,,,,,,,,,0,0,,,,,,,,,,,,,,1611.712,,,,,,,,,,,,,,,,,,,,,,,,-0.072,-37.649,0.033,-17.699,-20.783,-47.816,-16.252,-62.962,19.597,-46.488,9.472,-64.065,40.922,-90.671,-1.183,-106.535,-40.822,-90.571,,,,"",,,,"",,,,"",,,,"",,,,"",,,,"",,,,"",,,,"",,,,,,,,,,,,,,,,,,,,,,,,,,,,,,,,,,,,,,,,,,,,,,,,,,,,,,,,,,"",0,0,"",,1611.735,,0,""
64,,4,1,0,0,0,2,2,0,0,1,255,255,1,34,1624.987,"눈꽃",R,10,66,109,0.773,-0.984,0.333,1.941,0.327,1.639,-36.64,24.283,86,14,0,2,0,400,0,0,0,0,5,R,"즉석카레",169.6,92.596,0.402,3,39,W,Y,1,1626.058,211,167,59,39,25,136,87,25.031,50.724,0.149,0.692,-20.931,0.98,0,0.185,-582.081,-74.085,-125.271,1626.462,-38.891,-54.184,,,,,,0,0,,,,,,,,,,,,,,1635.422,,,,,,,,,,,,,,,,,,,,,,,,0.012,-37.683,0.033,-17.715,-20.839,-47.681,-15.928,-63.423,20.581,-46.212,9.285,-63.424,40.907,-90.657,-0.991,-106.535,-40.807,-90.557,0.193,-37.327,,"Pring__",0.04,-17.712,,"Penguin_iDOL",-20.898,-47.637,,"Yaksok~",-16.531,-64.772,,"_Gosomi",20.596,-44.202,,"CoalCat",9.086,-62.804,,"AI",40.9,-90.65,,"ByeolBam",-0.618,-107.649,,"AI",-40.8,-90.55,,,,,,,,,,,,,,,,,,,,,,,,,,,,,,,,,,,,,,,,,,,,,,,,,,,,,,,,"",3,0,"",,1635.33,,0,""
65,,4,1,0,0,0,2,2,0,0,1,255,255,1,35,1644.817,"눈꽃",R,28,90,140,1.13,1.136,0.287,2.032,0.425,2.126,-36.64,29.947,88,12,0,2,42.911,-99.115,0,0,0,0,5,R,"즉석카레",169.6,92.596,0.402,3,39,W,Y,1,1645.899,117,45,28,34,10,69,73,-15.708,33.659,0.187,1.173,-19.42,0.56,0,0.19,-291.692,524.308,-4.088,1643.902,-2.195,-22.928,1647.809,,-19.132,0.885,-40.13,0,0,,1651.405,,,,,,,,,1651.276,,,1645.8,1650.066,0,,147,0,,,,,,,,,,,1649.463,2,,,,,,,-0.072,-37.669,0.023,-17.694,-21.322,-47.506,-15.516,-63.654,19.728,-40.027,9.91,-61.613,40.908,-90.657,-1.673,-106.55,-40.808,-90.557,0.236,-37.315,,"Pring__",0.071,-17.747,,"Penguin_iDOL",-21.314,-47.52,,"Yaksok~",-15.549,-63.683,,"_Gosomi",18.308,-43.938,,"CoalCat",9.906,-61.499,,"AI",40.9,-90.65,,"ByeolBam",-1.326,-106.975,,"AI",-40.8,-90.55,,,,,,,,1648.088,-16.716,-44.314,,,,,,,,,,,,,,,,,,,,,,,,,,,,,,,,,,,,,,,,,,,,,,"",2,0,"Mini_ByeolBam",,,1651.276,32,""
66,SIDE,4,1,0,0,0,0,2,0,0,1,255,255,1,,1652.079,,,,,,,,,,,,,,,,,,,,,,,1,,,,,,,,,,,,,,,,,,,,,,,,,,,,,,,,,,,,,,,0,0,,,,,,,,,,,,,,,,,,,,,,,,,,,,,,,,,,,,,,,,,,,,,,,,,,,,,,,,,,,,,,,,,,,,,,,,,,,,,,,,,,,,,,,,,,,,,,,,,,,,,,,,,,,,,,,,,,,,,,,,,,,,,,,,,,,,,,,,,,,,,,,,,"",0,0,"",,,,0,""
67,,4,0,0,0,0,0,0,0,0,0,255,255,255,23,1700.861,"HANA_ARASHI",R,32,81,131,2.653,1.888,0.649,2.137,0.77,2.528,-36.544,63.153,65,35,0,1,250,-150,4.897,0,0,3,4,R,"_Gosomi",175,86.368,0.474,,39,W,Y,0,,,,,,,,,,,,,,,,,,,,,,,,,,,,0,0,,,,,,,,,,,,,,,,,,,,,,,,,,,,,,,,,,,,,,-0.018,-37.31,0.112,-17.454,-21.047,-46.865,-17.192,-62.234,18.236,-49.869,10.685,-65.423,40.952,-90.698,0,-109.89,-40.852,-90.598,,,,"",,,,"",,,,"",,,,"",,,,"",,,,"",,,,"",,,,"",,,,1704.646,-0.133,-37.216,,,,,,,,,,,,,,,,,,,,,,,,,,,,,,,,,,,,,,,,,,,,,,,,,,,,"",0,0,"",,,,0,""
68,,4,0,0,0,1,0,0,0,0,0,255,255,255,24,1714.914,"HANA_ARASHI",R,26,87,140,0.798,0.302,0.579,1.985,0.369,1.62,-36.544,35.044,92,8,0,2,-29.451,-150,4.627,0,0,3,4,R,"_Gosomi",175,86.368,0.474,3,39,W,Y,1,1715.959,153,57,93,102,33,145,127,31.099,-7.161,0.116,0.952,-19.352,0.45,0,0.442,-262.718,532.062,-88.823,1718.555,-0.089,-125.82,1723.995,,0.109,1.343,-69.209,0,0,,1721.501,,,,,,,,,,,,,1721.025,3,,456,0,,,,,,,,,,,,,,,,,,,0.121,-37.293,0.097,-17.465,-21.143,-46.86,-17.212,-62.223,18.426,-51.069,11.337,-65.599,40.915,-90.664,0,-109.85,-40.815,-90.564,0.326,-36.841,,"mungjungh",0.079,-17.486,,"うよすま",-20.891,-46.738,,"하루（Haru）",-17.214,-62.221,85,"Pugeuk",18.407,-51.033,,"즉석카레",12.821,-67.771,,"AI",40.9,-90.65,,"AI",0,-109.84,,"AI",-40.8,-90.55,,1729.489,-0.369,-39.233,,,,,,,1725.56,0.012,-69.541,,,,,,,,,,,,,,,,,,,,,,,,,1727.853,-0.435,-67.385,,,,,,,,,,,,,,,,"",1,0,"Mini_ByeolBam",,,,36,""
69,,4,0,0,0,0,0,1,0,0,0,255,255,255,25,1739.532,"HANA_ARASHI",R,14,84,123,0.996,0.856,0.467,2.173,-0.152,2.29,-36.544,40.038,95,5,0,2,371.714,334.408,-28.311,0,0,4,3,R,"Yaksok~",173.3,80,0.328,3,39,W,Y,1,1740.443,202,179,93,59,43,145,97,47.904,4.433,0.177,1.336,-20.373,-0.18,0,0.188,425.74,127.95,402.957,1743.969,-10.725,-88.407,1747.929,,0.016,1.451,-59.694,0,0,,1747.026,,,,,,,,,,,,,1746.692,4,,456,0,,,,,,,,,,,,,,,,,,,0.069,-37.506,0.057,-17.253,-22.154,-47.683,-17.054,-62.463,17.382,-51.782,12.61,-64.223,40.915,-90.664,0,-109.85,-40.815,-90.564,0.338,-36.883,,"mungjungh",0.037,-17.264,,"うよすま",-21.854,-47.563,,"하루（Haru）",-17.064,-62.474,,"Pugeuk",17.271,-51.932,,"즉석카레",12.656,-64.144,103,"AI",40.9,-90.65,,"AI",0,-109.84,,"AI",-40.8,-90.55,,1753.371,-0.381,-38.409,,,,,,,,,,,,,1750.151,0.022,-59.697,,,,,,,,,,,,,,,,,,,,,,,,,1752.43,-0.189,-54.963,,,,,,,,,,"",1,0,"Mini_ByeolBam",,,,33,""
70,,4,0,0,0,0,0,2,0,0,0,255,255,255,26,1769.795,"HANA_ARASHI",R,13,86,125,-2.211,-0.69,0.418,1.951,-0.382,1.515,-36.544,31.054,74,26,0,2,-379.843,325.145,7.699,0,0,5,2,R,"Penguin_iDOL",190,80,0.299,3,39,W,Y,1,1770.818,255,255,101,107,69,145,130,31.126,45.734,-0.491,0.624,-19.441,0.52,0,0.493,544.299,133.96,213.994,1773.382,-88.087,-96.539,,,,,,0,0,,,,,,,,,,,,,,,,,,,,,,,,,,,,,,,,,,,,,,-0.003,-37.274,-0.181,-17.226,-21.5,-46.929,-16.985,-62.456,19.317,-50.13,8.696,-65.839,40.922,-90.671,0,-109.86,-40.822,-90.571,-0.057,-36.861,,"mungjungh",-0.256,-17.273,,"うよすま",-21.352,-46.77,,"하루（Haru）",-16.978,-62.448,,"Pugeuk",19.261,-50.042,,"즉석카레",8.73,-65.831,,"AI",40.9,-90.65,,"AI",0,-109.84,,"AI",-40.8,-90.55,,,,,,,,,,,,,,,,,,,,,,,,,,,,,,,,,,,,,,,,,,,,,,,,,,,,,,,,"",3,0,"",,,,0,""
71,,4,0,0,0,0,1,2,0,0,0,255,255,255,27,1790.719,"HANA_ARASHI",R,14,89,126,-1.156,1.228,0.534,1.878,0.16,1.278,-36.544,38.346,70,30,0,2,383.55,320.764,-9.218,0,0,5,2,R,"Penguin_iDOL",190,80,0.299,3,72,W,Y,1,1791.847,255,84,150,64,45,145,92,-26.235,-38.478,0.514,0.281,-20.096,-0.72,0,0.472,-495.915,-334.231,-48.567,1789.355,0.87,-20.544,1791.435,,19.326,0.21,-43.765,0,0,,,,,,,,,,,,,,,1796.984,5,,147,8,,,,,,,,,,,,,,,,,,,0.05,-37.625,0.006,-17.514,-22.751,-48.967,-16.967,-62.449,18.58,-48.469,9.024,-65.696,40.915,-90.664,0,-109.86,-40.815,-90.564,0.157,-36.864,,"mungjungh",0.025,-17.611,,"うよすま",-22.563,-48.834,,"하루（Haru）",-16.978,-62.44,,"Pugeuk",18.56,-48.346,93,"즉석카레",9.9,-69.962,,"AI",40.9,-90.65,,"AI",0,-109.84,,"AI",-40.8,-90.55,,,,,,,,1796.392,-18.794,-38.964,,,,1793.581,19.48,-43.665,,,,,,,,,,,,,,,,,,,,,,,,,1794.737,13.701,-42.158,,,,,,,,,,,,,"",2,0,"Mini_ByeolBam",,,,10,""
72,SIDE,4,0,0,0,0,0,2,0,0,0,255,255,255,,1798.609,,,,,,,,,,,,,,,,,,,,,,,6,,,,,,,,,,,,,,,,,,,,,,,,,,,,,,,,,,,,,,,0,0,,,,,,,,,,,,,,,,,,,,,,,,,,,,,,,,,,,,,,,,,,,,,,,,,,,,,,,,,,,,,,,,,,,,,,,,,,,,,,,,,,,,,,,,,,,1828.409,-0.035,-37.943,,,,,,,,,,,,,,,,,,,,,,,,,,,,,,,,,,,,,,,,,,,,,,,,,,,,"",0,0,"",,,,64,""
73,,5,1,0,0,0,0,0,0,0,0,255,255,255,36,1842.061,"눈꽃",R,28,81,132,1.515,0.213,0.261,1.92,0.564,1.782,-36.64,17.953,48,52,0,2,8.506,-69.722,0,0,0,1,2,R,"うよすま",190,85.375,0.502,3,39,W,Y,1,1843.046,255,93,71,82,32,145,103,101.059,42.542,0.206,1.212,-19.74,-0.18,0,0.464,-2.407,-596.681,62.975,,,,,,,,,0,0,,,,,,,,,,,,,,,,,,,,,,,,,,,,,,,,,,,,,,-0.07,-37.672,0.032,-17.503,-21.476,-48.536,-15.568,-63.682,22.994,-52.051,9.469,-64.29,40.937,-90.684,-2.993,-110.507,-40.837,-90.584,0.149,-37.356,,"Pring__",0.039,-17.512,,"Penguin_iDOL",-21.626,-48.356,,"Yaksok~",-15.545,-63.706,,"_Gosomi",22.931,-51.973,,"CoalCat",9.462,-64.277,,"AI",40.9,-90.65,,"ByeolBam",-2.789,-110.492,,"AI",-40.8,-90.55,,,,,,,,,,,,,,,,,,,,,,,,,,,,,,,,,,,,,,,,,,,,,,,,,,,,,,,,"",3,0,"",,,,0,""
74,,5,1,0,0,0,1,0,0,0,0,255,255,255,37,1859.057,"눈꽃",R,27,85,137,0.956,0.86,0.239,2.024,0.378,2.037,-36.64,22.336,83,17,0,2,22.361,-112.998,0,0,0,1,2,R,"うよすま",190,85.375,0.502,3,39,W,Y,1,1860.03,230,110,163,66,10,145,98,29.57,32.408,-0.214,1.578,-20.015,-0.43,0,0.448,273.603,504.079,176.197,1862.169,-53.357,-83.859,1870.889,,0.22,1.776,-37.753,0,0,,1866.034,,,,,,,,,,,,,1864.906,1,,456,0,,,,,,,,,,,,,,,,,,,-0.079,-37.816,0.006,-17.429,-21.63,-47.873,-15.508,-63.763,24.208,-52.017,9.218,-64.114,40.908,-90.657,-2.082,-110.189,-40.808,-90.557,0.153,-37.454,,"Pring__",0.038,-17.452,,"Penguin_iDOL",-21.336,-48.003,,"Yaksok~",-16.749,-65.089,,"_Gosomi",24.16,-51.848,,"CoalCat",9.226,-64.096,,"AI",40.9,-90.65,,"ByeolBam",-2.732,-110.267,,"AI",-40.8,-90.55,,1869.891,-2.673,-41.347,,,,,,,,,,,,,,,,,,,,,,,,,,,,,,,,,,,,,,,,,,,,,,,,,,,,"",1,0,"Mini_ByeolBam",,,,64,""
75,,5,1,0,0,0,0,1,0,0,0,255,255,255,38,1882.279,"눈꽃",R,45,46,90,-0.728,-0.983,-0.017,1.506,-0.803,0.87,-36.64,18.889,38,62,0,0,204.546,-150,0,0,0,2,3,L,"하루（Haru）",160,95,0.397,,39,W,Y,0,,,,,,,,,,,,,,,,,,,,,,,,,,,,0,0,,,,,,,,,,,,,,,,,,,,,,,,,,,,,,,,,,,,,,-0.208,-37.53,-0.065,-17.564,-21.121,-48.017,-10.014,-66.149,25.576,-51.007,11.859,-62.117,40.915,-90.664,-0.522,-110.346,-40.815,-90.564,,,,"",,,,"",,,,"",,,,"",,,,"",,,,"",,,,"",,,,"",,,,1886.849,-0.095,-37.705,,,,,,,,,,,,,,,,,,,,,,,,,,,,,,,,,,,,,,,,,,,,,,,,,,,,"",0,0,"",,,,0,""
76,,5,1,0,0,0,1,1,0,0,0,255,255,255,39,1899.168,"눈꽃",R,27,95,140,-1.227,0.377,0.027,1.876,-0.618,1.627,-36.64,8.472,61,39,0,0,60,-149.737,0,0,0,2,3,L,"하루（Haru）",160,95,0.397,,39,W,Y,1,,,,,,,,,,,,,,,,,,,,,,,,,,,,0,0,,,,,,,,,,,,,,,,,,,,,,,,,,,,,,,,,,,,,,-0.146,-37.664,-0.083,-17.525,-21.123,-47.801,-9.998,-66.135,25.475,-51.092,12.006,-62.036,40.915,-90.664,2.551,-110.955,-40.815,-90.564,,,,"",,,,"",,,,"",,,,"",,,,"",,,,"",,,,"",,,,"",,,,1903.206,0.066,-37.18,,,,,,,,,,,,,,,,,,,,,,,,,,,,,,,,,,,,,,,,,,,,,,,,,,,,"",0,0,"",,,,0,""
77,,5,1,0,0,0,2,1,0,0,0,255,255,255,40,1915.478,"눈꽃",R,46,51,94,2.693,-0.459,0.382,1.76,0.823,1.168,-36.64,33.672,43,57,0,4,148.797,-134.052,0,0,0,2,3,L,"하루（Haru）",160,95,0.397,,39,W,Y,1,,,,,,,,,,,,,,,,,,,,,,,,,,,,0,4,,,,,,,,,,,,,,,1918.37,2,,578,0,,,,,,,,,,,,,,,,,1918.249,1,-0.088,-37.736,0.006,-17.544,-21.134,-47.871,-10.139,-66.344,25.521,-50.917,11.903,-62.156,40.915,-90.664,2.506,-110.918,-40.815,-90.564,,,,"",,,,"",,,,"",,,,"",,,,"",,,,"",,,,"",,,,"",,,,1920.08,-0.258,-37.308,,,,,,,,,,,,,,,,,,,,,,,,,,,,,,,,,,,,,,,,,,,,,,,,,,,,"",0,0,"",,,,0,""
78,,5,1,0,0,0,0,2,0,0,0,255,255,255,41,1942.536,"눈꽃",R,27,90,140,1.313,0.458,0.248,1.909,0.519,1.775,-36.64,16.364,54,46,0,2,32.966,-129.926,0,0,0,3,4,R,"Pugeuk",190,85.842,0.349,3,39,W,Y,1,1943.646,148,34,61,31,16,134,108,91.391,-88.305,0.244,1.136,-19.533,0.89,0,0.608,-245.213,446.341,-317.254,,,,,,,,,0,0,,,,,,,,,,,,,,,,,,,,,,,,,,,,,,,,,,,,,,-0.068,-37.617,0.014,-17.646,-20.05,-47.254,-16.494,-63.099,23.405,-53.391,9.77,-64.522,40.915,-90.664,-1.863,-111.834,-40.815,-90.564,0.248,-37.284,,"Pring__",0.025,-17.661,,"Penguin_iDOL",-19.891,-47.432,,"Yaksok~",-17.16,-64.403,,"_Gosomi",23.381,-53.321,,"CoalCat",9.751,-64.433,,"AI",40.9,-90.65,,"ByeolBam",-1.864,-111.834,,"AI",-40.8,-90.55,,,,,,,,,,,,,,,,,,,,,,,,,,,,,,,,,,,,,,,,,,,,,,,,,,,,,,,,"",3,0,"",,,,0,""
79,,5,1,0,0,0,1,2,0,0,0,255,255,255,42,1958.66,"눈꽃",R,13,63,105,-1.246,0.307,0.252,1.975,0.187,2.244,-36.64,14.554,70,30,0,2,-372.687,312.348,0,0,0,3,4,R,"Pugeuk",190,85.842,0.349,3,39,W,Y,1,1959.847,208,88,86,50,10,145,127,-7.902,-12.339,-0.195,1.207,-20.983,0.71,0,0.699,-335.164,476.414,-143.858,1957.396,1.313,-28.13,1959.115,,9.065,0.191,-61.745,0,0,,1965.535,,,,,,,,,,,,,1964.669,3,,147,2,,,,,,,,,,,,,,,,,,,-0.061,-37.661,-0.152,-17.601,-20.783,-47.547,-16.55,-62.879,23.434,-53.42,9.506,-64.506,40.915,-90.664,-1.818,-111.944,-40.815,-90.564,0.191,-37.3,,"Pring__",-0.216,-17.611,,"Penguin_iDOL",-20.667,-47.396,78,"Yaksok~",-17.511,-64.071,,"_Gosomi",23.414,-53.409,,"CoalCat",9.466,-64.344,97,"AI",40.9,-90.65,,"ByeolBam",-1.813,-111.934,,"AI",-40.8,-90.55,,,,,,,,1964.016,-18.578,-39.78,,,,,,,1961.579,9.087,-61.549,,,,,,,,,,,,,,,,1966.354,-17.767,-40.415,,,,,,,1962.457,5.394,-58.886,,,,,,,,,,"",2,0,"Mini_ByeolBam",,,,34,""
80,SIDE,5,1,0,0,0,0,2,0,0,0,255,255,255,,1966.791,,,,,,,,,,,,,,,,,,,,,,,4,,,,,,,,,,,,,,,,,,,,,,,,,,,,,,,,,,,,,,,0,0,,,,,,,,,,,,,,,,,,,,,,,,,,,,,,,,,,,,,,,,,,,,,,,,,,,,,,,,,,,,,,,,,,,,,,,,,,,,,,,,,,,,,,,,,,,,,,,,,,,,,,,,,,,,,,,,,,,,,,,,,,,,,,,,,,,,,,,,,,,,,,,,,"",0,0,"",,,,0,""
81,,5,0,0,0,0,0,0,0,0,0,255,255,255,28,2003.54,"HANA_ARASHI",R,29,86,139,-1.744,0.713,0.407,2.074,-0.432,1.913,-36.544,34.054,99,1,0,1,-250,-150,4.686,0,0,6,0,L,"눈꽃",190,80,0.505,,39,W,Y,0,,,,,,,,,,,,,,,,,,,,,,,,,,,,0,0,,,,,,,,,,,,,,,,,,,,,,,,,,,,,,,,,,,,,,-0.006,-37.353,0.005,-17.453,-20.081,-47.206,-14.375,-63.837,20.617,-49.547,11.591,-65.192,40.915,-90.664,0,-109.86,-40.815,-90.564,,,,"",,,,"",,,,"",,,,"",,,,"",,,,"",,,,"",,,,"",,,,,,,,,,,,,,,,,,,,,,,,,,,,,,,,,,,,,,,,,,,,,,,,,,,,,,,,,,"",0,0,"",,,,0,""
82,,5,0,0,0,1,0,0,0,0,0,255,255,255,29,2018.336,"HANA_ARASHI",R,14,85,124,0.682,-1.229,0.433,1.848,-0.311,1.18,-36.544,28.822,70,30,0,2,378.347,326.884,10.018,0,0,6,0,L,"눈꽃",190,80,0.505,3,39,W,Y,1,2019.475,255,222,118,100,61,145,103,-30,-51.243,0.131,0.492,-19.998,0.95,0,0.438,508.081,274.007,-163.625,2016.742,1.059,-20.746,,,,,,0,0,,,,,,,,,,,,,,,,,,,,,,,,,,,,,,,,,,,,,,-0.023,-37.261,0.002,-17.469,-20.599,-46.671,-14.373,-63.824,20.834,-50.313,11.904,-64.627,40.915,-90.664,0,-109.85,-40.815,-90.564,0.242,-36.838,,"mungjungh",-0.022,-17.591,,"うよすま",-20.352,-46.524,,"하루（Haru）",-14.371,-63.819,,"Pugeuk",20.772,-50.264,,"즉석카레",13.028,-67.588,,"AI",40.9,-90.65,,"AI",0,-109.84,,"AI",-40.8,-90.55,,,,,,,,,,,,,,,,,,,,,,,,,,,,,,,,,,,,,,,,,,,,,,,,,,,,,,,,"",3,0,"",,,,0,""
83,,5,0,0,0,1,1,0,0,0,0,255,255,255,30,2035.464,"HANA_ARASHI",R,13,78,116,-0.096,0.159,0.626,2.13,0.588,2.092,-36.544,58.359,55,45,0,2,-377.613,327.732,20.07,0,0,6,0,L,"눈꽃",190,80,0.505,3,38,W,Y,1,2036.682,255,193,110,88,73,145,130,25.111,18.255,0.015,1.282,-20.735,0.31,0,0.501,42.187,-397.105,-447.803,2039.022,-23.05,-132.423,2044.369,,-6.272,2.708,-78.991,1,0,,2042.335,2046.928,,,,,,,,,,,,,,,,,,,,,,,,,,,,,,,,,,,0.012,-37.491,0.008,-17.526,-21.507,-48.024,-16.251,-63.002,21.347,-49.89,11.896,-64.675,40.915,-90.664,0,-109.85,-40.815,-90.564,0.058,-36.896,,"mungjungh",-0.082,-17.67,,"うよすま",-21.267,-47.91,,"하루（Haru）",-16.245,-62.987,85,"Pugeuk",21.284,-49.918,,"즉석카레",13.506,-67.779,,"AI",40.9,-90.65,,"AI",0,-109.84,,"AI",-40.8,-90.55,,2054.067,-3.344,-37.277,,,,,,,2046.785,-6.176,-79.301,,,,,,,,,,,,,,,,,,,,,,,,,2052.751,-3.342,-60.069,,,,,,,,,,,,,,,,"",2,0,"Mini_ByeolBam",2046.928,,,36,""
84,,5,0,0,0,0,0,0,0,1,0,255,10,255,31,2068.668,"HANA_ARASHI",R,14,90,126,0.991,-0.12,0.479,2.092,-0.097,1.998,-36.544,34.389,92,8,0,2,347.471,359.533,-21.714,0,0,0,7,R,"ByeolBam",175.4,90,0.5,3,38,W,Y,1,2069.576,157,164,94,60,22,145,97,-27.752,8.234,0.152,0.743,-20.377,-0.23,0,0.234,-594.654,79.099,11.377,2066.809,-0.034,-21.658,2074.822,,-0.029,1.595,-60.026,1,0,,2075.133,,,,,,,2074.913,,,,,,,,,,,,,,,,,,,,,,,2078.716,5,,,,,0.104,-37.386,0.045,-17.111,-20.23,-45.048,-16.143,-63.21,18.857,-48.224,5.597,-63.079,40.922,-90.67,0,-109.86,-40.815,-90.564,0.26,-36.82,,"mungjungh",0.045,-17.127,,"うよすま",-20.041,-44.934,,"하루（Haru）",-16.144,-63.203,,"Pugeuk",18.901,-48.436,,"즉석카레",8.623,-64.278,64,"AI",40.9,-90.65,,"AI",0,-109.84,,"AI",-40.8,-90.55,,2084.144,-6.947,-33.844,,,,,,,,,,,,,2077.313,0.007,-59.984,,,,,,,,,,,,,,,,,,,,,,,,,2082.269,-0.493,-57.387,,,,,,,,,,"",2,0,"Mini_ByeolBam",,2074.913,,33,""
85,,5,0,0,0,0,0,0,1,0,1,17,255,10,32,2097.668,"HANA_ARASHI",R,10,90,128,0.879,-1.583,0.579,1.847,0.366,1.133,-36.544,36.531,44,56,0,2,0,400,-11.261,0,0,1,5,R,"CoalCat",174.6,83,0.397,3,38,W,Y,1,2098.627,255,155,19,16,6,64,64,107.87,-60.365,0.176,0.506,-20.964,0.14,0,0.499,-123.592,577.482,106.016,,,,,,,,,0,0,,,,,,,,,,,,2112.794,,2101.768,,,,,,,,,,,,,,,,,,,,,,,,0.061,-37.439,0.172,-16.838,-18.037,-40.292,-15.827,-62.566,19.629,-45.717,8.718,-64.289,40.908,-90.657,0,-109.85,-40.808,-90.557,0.146,-36.913,,"mungjungh",0.173,-16.862,,"うよすま",-17.51,-41.236,,"하루（Haru）",-15.828,-62.57,,"Pugeuk",19.316,-46.066,,"즉석카레",8.954,-62.634,,"AI",40.9,-90.65,,"AI",0,-109.84,,"AI",-40.8,-90.55,,,,,,,,,,,,,,,,,,,,,,,,,,,,,,,,,,,,,,,,,,,,,,,,,,,,,,,,"",3,0,"",,2100.533,,0,""
86,,5,0,0,0,0,1,0,1,0,1,17,255,10,33,2113.369,"HANA_ARASHI",R,32,77,128,2.289,1.099,0.63,2.11,0.603,2.061,-36.544,45.309,76,24,0,2,250,-150,21.484,0,0,1,5,R,"CoalCat",174.6,83,0.397,3,38,W,Y,1,2114.375,190,89,74,64,33,143,85,55.299,-45.952,0.427,1.252,-19.897,-0.77,0,0.413,-543.195,-227.556,114.707,2116.315,43.847,-60.893,,,,,,0,0,,,,,,,,,,,,2139.015,,2141.228,,,,,,,,,,,,,,,,,,,,,,,,0.155,-37.553,0.12,-16.902,-18.058,-40.2,-16.432,-62.417,19.858,-44.927,8.754,-62.607,40.907,-90.657,0,-109.85,-40.808,-90.557,0.52,-36.826,,"mungjungh",0.118,-16.924,,"うよすま",-17.938,-40.16,,"하루（Haru）",-16.439,-62.416,,"Pugeuk",18.006,-46.709,,"즉석카레",8.918,-62.315,,"AI",40.9,-90.65,,"AI",0,-109.84,,"AI",-40.8,-90.55,,,,,,,,,,,2124.826,-1.028,-58.142,,,,,,,,,,,,,,,,,,,,,,,,,,,,,,,,,,,,,,,,,,,"",3,0,"",,2119.979,,4,""
87,,5,0,0,0,0,2,0,1,0,1,17,255,10,34,2141.995,"HANA_ARASHI",R,13,80,117,-1.557,-0.672,0.593,2.087,-0.034,1.607,-36.544,46.895,82,18,0,2,-388.62,314.602,5.627,0,0,1,5,R,"CoalCat",174.6,83,0.397,3,38,W,Y,1,2143.013,233,138,75,59,42,143,101,24.492,23.261,-0.33,0.989,-21.66,0.91,0,0.484,4.131,-38.051,598.778,2144.169,-33.07,-95.612,2148.956,,-0.62,1.613,-60.176,0,0,,,,,,,,,,,2152.892,2167.208,,2147.574,2147.4,1,,456,0,,,,,,,,,,,,,,,,,,,0.027,-37.361,-0.546,-17.039,-18.211,-40.649,-15.575,-63.192,19.903,-45.699,9.295,-62.059,40.907,-90.657,0,-109.85,-40.808,-90.557,-0.083,-36.891,,"mungjungh",-0.58,-17.069,120,"うよすま",-18.499,-41.726,,"하루（Haru）",-15.266,-62.982,,"Pugeuk",17.709,-47.182,,"즉석카레",9.282,-61.707,103,"AI",40.9,-90.65,,"AI",0,-109.84,,"AI",-40.8,-90.55,,2158.031,-4.893,-34.566,2154.091,0.265,-20.513,,,,,,,,,,2151.54,-0.575,-60.159,,,,,,,,,,,,,2157.318,-0.67,-21.258,,,,,,,,,,2152.409,-0.401,-55.227,,,,,,,,,,"",1,0,"Mini_ByeolBam",,2145.509,2152.892,49,""
88,,5,0,0,1,0,0,1,1,0,0,17,255,255,35,2171.249,"HANA_ARASHI",R,26,90,140,-1.141,-0.213,0.422,1.832,-0.365,1.337,-36.544,30.035,48,52,0,2,-107.77,-150,-13.193,0,0,2,1,L,"Pring__",190,92.741,0.481,3,38,W,Y,1,2172.236,248,131,119,105,59,145,95,61.939,-49.064,-0.213,0.937,-20.389,-0.6,0,0.334,350.462,-463.009,150.994,2175.302,53.041,-54.912,,,,,,0,0,,,,,,,,,,,,2184.725,,,,,,,,,,,,,,,,,,,,,,,,,,-0.009,-37.44,0.073,-16.997,-18.686,-39.942,-8.939,-65.662,22.361,-48.815,9.849,-62.71,40.915,-90.664,0,-109.85,-40.815,-90.564,0.072,-36.809,,"mungjungh",-0.083,-17.413,,"うよすま",-18.639,-39.919,,"하루（Haru）",-8.932,-65.645,,"Pugeuk",22.058,-48.831,,"즉석카레",9.7,-62.615,,"AI",40.9,-90.65,,"AI",0,-109.84,,"AI",-40.8,-90.55,,,,,,,,,,,,,,,,,,,,,,,,,,,,,,,,,,,,,,,,,,,,,,,,,,,,,,,,"",3,0,"",,,,0,""
89,,5,0,0,1,0,1,1,1,0,0,17,255,255,36,2187.332,"HANA_ARASHI",R,26,88,140,-1.703,0.947,0.348,2.082,-0.705,2.148,-36.544,36.178,100,0,0,2,-48.304,-150,-25.572,0,0,2,1,L,"Pring__",190,92.741,0.481,3,38,W,Y,1,2188.321,255,100,96,111,59,145,90,109.784,-36.278,-0.357,1.503,-19.92,-0.81,0,0.217,534.994,-118.036,244.642,,,,,,,,,0,0,,,,,,,,,,,,2191.944,,,,,,,,,,,,,,,,,,,,,,,,,,-0.032,-37.526,-0.029,-17.148,-18.995,-41.945,-12.388,-64.582,22.647,-50.302,9.641,-62.709,40.907,-90.657,0,-109.85,-40.807,-90.557,0.079,-36.893,,"mungjungh",-0.024,-17.228,,"うよすま",-18.393,-43.229,,"하루（Haru）",-11.931,-64.027,,"Pugeuk",22.077,-49.733,,"즉석카레",10.078,-62.56,,"AI",40.9,-90.65,,"AI",0,-109.84,,"AI",-40.8,-90.55,,,,,,,,,,,,,,,,,,,,,,,,,,,,,,,,,,,,,,,,,,,,,,,,,,,,,,,,"",3,0,"",,,,0,""
90,,5,0,0,1,0,2,1,1,0,0,17,255,255,37,2201.284,"HANA_ARASHI",R,32,94,140,1.817,0.792,0.601,2.025,0.47,1.965,-36.544,37.687,68,32,0,4,225.007,-150,1.417,0.616,-16.908,2,1,L,"Pring__",190,92.741,0.481,,38,W,Y,1,,,,,,,,,,,,,,,,,,,,,,,,,,,,0,0,,,,,,,,,,,,2207.934,,,2203.834,2,,578,0,,,,,,,,,,,,,,,,,,,0.077,-37.26,-0.013,-17.284,-19.842,-40.889,-12.36,-63.372,22.615,-50.383,9.124,-62.139,40.907,-90.657,0,-109.85,-40.807,-90.557,,,,"",,,,"",,,,"",,,,"",,,,"",,,,"",,,,"",,,,"",,,,,,,,,,,,,,,,,,,,,,,,,,,,,,,,,,,,,,,,,,,,,,,,,,,,,,,,,,"",0,0,"",,,,0,""
91,,5,0,0,1,0,0,2,1,0,0,17,255,255,38,2226.513,"HANA_ARASHI",R,32,89,140,0.923,0.553,0.511,1.962,0.049,1.768,-36.544,31.922,92,8,0,2,250,-150,-5.707,0,0,3,4,R,"_Gosomi",175,86.368,0.474,3,38,W,Y,1,2227.548,182,30,99,52,37,145,121,26.487,37.439,0.01,1.078,-19.386,0.73,0,0.423,127.165,578.589,-95.202,2229.422,-73.007,-92.743,,,,,,0,0,,2233.006,,,,2232.062,,,,,,2254.278,,,,,,,,,,,,,,,,,,,,,,,,,,0.076,-37.359,-0.001,-17.213,-20.158,-40.938,-13.953,-63.93,19.568,-49.096,8.471,-63.514,40.915,-90.664,0,-109.86,-40.815,-90.564,0.207,-36.746,,"mungjungh",-0.03,-17.409,,"うよすま",-18.781,-43.745,,"하루（Haru）",-13.808,-63.897,,"Pugeuk",19.376,-49.066,,"즉석카레",8.509,-63.406,,"AI",40.9,-90.65,,"AI",0,-109.84,,"AI",-40.8,-90.55,,,,,,,,,,,,,,,,,,,,,,,,,,,,,,,,,,,,,,,,,,,,,,,,,,,,,,,,"",3,0,"",2232.062,,,0,""
92,,5,0,0,1,0,1,2,1,0,0,17,255,255,39,2254.35,"HANA_ARASHI",R,10,90,128,0.317,-2.731,0.525,1.542,0.118,-0.005,-36.544,36.981,64,36,0,2,0,400,0.038,0.11,-22.254,3,4,R,"_Gosomi",175,86.368,0.474,3,52,W,Y,1,2255.399,232,90,26,36,29,92,95,-30,8.806,0.057,0.123,-20.061,0.23,0,0.505,198.679,-551.088,-129.724,2252.382,0.008,-20.378,2255.182,,-8.793,0.056,-60.005,0,8,,2261.041,,,,2260.291,,,,,,,,,2260.77,3,,147,4,,,,,,,,,,,,,,,,,,,0.057,-37.415,0.037,-17.628,-20.441,-41.001,-14.723,-63.98,18.602,-47.378,9.515,-62.22,40.915,-90.664,0,-109.85,-40.815,-90.564,0.109,-37.264,,"mungjungh",0.009,-17.771,,"うよすま",-19.4,-43.337,,"하루（Haru）",-14.722,-63.991,89,"Pugeuk",18.63,-47.281,,"즉석카레",9.521,-62.139,,"AI",40.9,-90.65,,"AI",0,-109.84,,"AI",-40.8,-90.55,,,,,,,,2260.169,-19.018,-41.015,2258.155,-8.495,-58.273,,,,,,,,,,,,,,,,,,,,,,,,,2259.281,-10.898,-53.034,,,,,,,,,,,,,,,,"",2,0,"Mini_ByeolBam",2260.291,,,6,""
93,SIDE,5,0,0,1,0,0,2,0,1,0,255,17,255,,2262.641,,,,,,,,,,,,,,,,,,,,,,,4,,,,,,,,,,,,,,,,,,,,,,,,,,,,,,,,,,,,,,,0,0,,,,,,,,,,,,,,,,,,,,,,,,,,,,,,,,,,,,,,,,,,,,,,,,,,,,,,,,,,,,,,,,,,,,,,,,,,,,,,,,,,,,,,,,,,,,,,,,,,,,,,,,,,,,,,,,,,,,,,,,,,,,,,,,,,,,,,,,,,,,,,,,,"",0,0,"",,,,0,""
94,,6,1,0,1,0,0,0,0,0,0,255,255,255,43,2312.848,"눈꽃",R,45,50,93,1.266,-0.302,0.259,1.672,0.057,1.249,-36.64,13.451,34,66,0,0,211.364,-150,0,0,0,4,1,R,"mungjungh",190,86.732,0.403,,67,W,Y,1,,,,,,,,,,,,,,,,,,,,,,,,,,,,0,0,,,,,,,,,,,,,,,,,,,,,,,,,,,,,,,,,,,,,,0.001,-37.687,0.035,-17.364,-20.802,-48.217,-15.844,-63.566,22.956,-54.685,10.85,-64.668,40.944,-90.691,-1.086,-110.519,-40.844,-90.591,,,,"",,,,"",,,,"",,,,"",,,,"",,,,"",,,,"",,,,"",,,,2317.33,-0.065,-37.595,,,,,,,,,,,,,,,,,,,,,,,,,,,,,,,,,,,,,,,,,,,,,,,,,,,,"",0,0,"",,,,0,""
95,,6,1,0,1,0,1,0,0,0,0,255,255,255,44,2379.287,"눈꽃",R,27,88,140,1.333,0.773,0.266,1.994,0.537,1.957,-36.64,24.927,90,10,0,2,26.135,-145.191,0,0,0,4,1,R,"mungjungh",190,86.732,0.403,5,67,W,Y,1,2380.366,194,184,89,54,10,145,132,25.134,84.012,0.247,1.261,-19.569,0.31,0,0.484,137.9,569.134,130.655,,,,,,,,,0,0,,,,,,,,,,,,,,,,,,,,,,,,,,,,,,,,,,,,,,-0.113,-37.674,0.024,-17.192,-21.783,-49.519,-15.591,-63.75,19.765,-48.033,9.683,-64.428,40.907,-90.657,0,-109.85,-40.808,-90.557,0.299,-37.413,,"Pring__",0.033,-17.2,,"Penguin_iDOL",-21.801,-49.491,,"Yaksok~",-16.257,-64.824,,"ByeolBam",19.645,-48.741,,"CoalCat",9.713,-64.36,,"AI",40.9,-90.65,,"AI",0,-109.84,,"AI",-40.8,-90.55,,,,,,,,,,,,,,,,,,,,,,,,,,,,,,,,,,,,,,,,,,,,,,,,,,,,,,,,"",3,0,"",,,,0,""
96,,6,1,0,1,0,2,0,0,0,0,255,255,255,45,2396.885,"눈꽃",R,13,54,87,-1.367,-0.773,0.282,1.821,0.159,1.692,-36.64,16.767,53,47,0,0,-308.798,312.348,0,0,0,4,1,R,"mungjungh",190,86.732,0.403,,67,W,Y,1,,,,,,,,,,,,,,,,,,,,,,,,,,,,0,16,,,,,,,,,,,,,,,2399.757,4,,578,0,,,,,,,,,,,,,,,,,2399.964,1,-0.036,-37.709,-0.33,-17.238,-21.794,-49.569,-15.572,-63.828,20.343,-48.667,9.036,-64.028,40.915,-90.664,0,-109.85,-40.815,-90.564,,,,"",,,,"",,,,"",,,,"",,,,"",,,,"",,,,"",,,,"",,,,,,,,,,,,,,,,,,,,,,,,,,,,,,,,,,,,,,,,,,,,,,,,,,,,,,,,,,"",0,0,"",,,,0,""
97,,6,1,0,1,0,0,1,0,0,0,255,255,255,46,2431.503,"눈꽃",R,13,63,93,-1.825,-0.73,0.193,1.832,-0.038,1.679,-36.64,16.433,57,43,0,4,-330.095,312.348,0,0,0,5,0,R,"HANA_ARASHI",190,90,0.25,,38,W,Y,1,,,,,,,,,,,,,,,,,,,,,,,,,,,,0,0,,,,,,,,,,,,,,,,,,,,,,,,,,,,,,,,,,,,,,-0.141,-37.734,-0.1,-17.548,-21.774,-49.499,-14.879,-64.108,23.06,-52.282,10.999,-63.472,40.937,-90.684,0.014,-110.766,-40.837,-90.584,,,,"",,,,"",,,,"",,,,"",,,,"",,,,"",,,,"",,,,"",,,,,,,,,,,,,,,,,,,,,,,,,,,,,,,,,,,,,,,,,,,,,,,,,,,,,,,,,,"",0,0,"",,,,0,""
98,,6,1,0,1,0,1,1,0,0,0,255,255,255,47,2448.174,"눈꽃",R,10,53,89,-1.388,-0.807,0.077,1.957,-0.606,1.698,-36.64,25.253,70,30,0,2,0,340.29,0,0,0,5,0,R,"HANA_ARASHI",190,90,0.25,3,38,W,Y,1,2449.411,172,100,102,91,48,145,130,27.757,46.266,-0.25,0.771,-20.747,0.58,0,0.697,359.339,-480.19,17.117,2451.196,-77.271,-110.364,,,,,,0,0,,2455.219,2459.832,2465.231,2470.341,,,,,,,,,,,,,,,,,,,,,,,,,,,,,,,,,-0.163,-37.724,0.068,-17.531,-21.846,-49.46,-14.944,-64.145,23.169,-51.723,10.286,-63.925,40.915,-90.664,0.013,-110.798,-40.815,-90.564,0.139,-37.324,,"Pring__",0.012,-17.62,,"Penguin_iDOL",-21.72,-49.539,,"Yaksok~",-15.369,-65.145,,"_Gosomi",23.138,-51.676,,"CoalCat",10.311,-63.889,,"AI",40.9,-90.65,,"ByeolBam",-0.657,-110.876,,"AI",-40.8,-90.55,,,,,,,,,,,,,,,,,,,,,,,,,,,,,,,,,,,,,,,,,,,,,,,,,,,,,,,,"",4,0,"",2459.832,2465.231,,0,""
99,,6,1,1,1,0,0,1,0,0,0,255,255,255,48,2496.16,"눈꽃",R,27,84,136,1.03,0.27,0.16,1.791,0.396,1.595,-36.64,7.63,55,45,0,2,33.779,-146.979,0,0,0,0,5,R,"즉석카레",169.6,92.596,0.402,3,38,W,Y,1,2497.174,233,129,100,89,41,145,82,94.912,-11.022,0.193,0.958,-19.928,-0.89,0,0.156,401.32,-414.648,164.347,2500.035,-3.9,-8.086,2500.742,,-3.304,2.396,-8.701,0,0,,,,,,,,,,,,,,,2503.388,0,,450,0,,,,,,,,,,,,,,,,,,,-0.016,-37.698,0.058,-17.532,-21.082,-49.233,-15.305,-63.632,24.261,-51.269,10.719,-63.849,40.929,-90.677,-0.662,-110.748,-40.83,-90.577,0.203,-37.441,,"Pring__",0.062,-17.543,130,"Penguin_iDOL",-21.005,-49.238,,"Yaksok~",-15.819,-64.855,,"_Gosomi",24.288,-51.133,,"CoalCat",10.701,-63.729,,"AI",40.9,-90.65,,"ByeolBam",-1.045,-110.776,,"AI",-40.8,-90.55,,2506.394,0.015,-37.878,2503.397,-3.818,-8.199,,,,,,,,,,,,,,,,,,,,,,,,,2505.252,-2.858,-10.803,,,,,,,,,,,,,,,,,,,,,,"",1,0,"Mini_ByeolBam",,,,68,""
100,,6,1,1,1,0,0,2,0,0,0,255,255,255,49,2522.967,"눈꽃",R,26,90,140,0.458,-0.439,0.202,1.774,0.119,1.194,-36.64,12.382,47,53,0,2,54.155,-150,0,0,0,1,2,R,"うよすま",190,85.375,0.502,3,38,W,Y,1,2523.91,236,96,130,54,7,145,95,-87.443,74.547,0.074,0.713,-19.137,-0.58,0,0.389,-388.928,-412.979,-195.405,2520.555,-0.032,-19.166,,,,,,0,0,,,,,,,,,,,,,,,,,,,,,,,,,,,,,,,,,,,,,,-0.037,-37.82,0.04,-17.554,-21.415,-48.312,-15.163,-64.051,23.622,-52.522,9.084,-64.429,40.922,-90.67,-0.215,-108.977,-40.822,-90.571,0.267,-37.322,,"Pring__",0.08,-17.633,,"Penguin_iDOL",-21.423,-48.323,,"Yaksok~",-15.66,-64.942,,"_Gosomi",23.552,-52.47,,"CoalCat",9.047,-64.275,,"AI",40.9,-90.65,,"ByeolBam",0.076,-108.219,,"AI",-40.8,-90.55,,,,,,,,,,,,,,,,,,,,,,,,,,,,,,,,,,,,,,,,,,,,,,,,,,,,,,,,"",3,0,"",,,,0,""
101,,6,1,1,1,0,1,2,0,0,0,255,255,255,50,2545.462,"눈꽃",R,26,89,140,1.338,0.519,0.285,2.03,0.504,1.791,-36.64,26.796,92,8,0,2,51.463,-150,0,0,0,1,2,R,"うよすま",190,85.375,0.502,3,38,W,Y,1,2546.404,104,61,63,10,0,92,67,-18.299,13.62,0.151,0.995,-19.526,-0.82,0,0.29,-418.253,383.346,195.219,2543.196,-0.495,-22.147,2546.436,,-10.647,0.581,-59.125,0,0,,,,,,,,,,,,,,,2551.842,1,,147,16,,,,,,,,,,,,,,,,,,,-0.071,-37.65,0.019,-17.473,-21.842,-48.435,-15.454,-63.618,24.376,-51.878,9.742,-63.903,40.915,-90.664,-0.357,-108.127,-40.815,-90.564,0.296,-37.345,,"Pring__",0.036,-17.476,,"Penguin_iDOL",-21.744,-48.485,,"Yaksok~",-16.003,-64.25,102,"_Gosomi",24.295,-51.803,,"CoalCat",9.715,-63.832,,"AI",40.9,-90.65,,"ByeolBam",-0.342,-108.121,,"AI",-40.8,-90.55,,,,,,,,2551.233,-18.683,-41.217,2549.601,-10.419,-57.998,,,,,,,,,,,,,,,,,,,,,,,,,2550.464,-12.342,-53.262,,,,,,,,,,,,,,,,"",2,0,"Mini_ByeolBam",,,,48,""
102,SIDE,6,1,1,1,0,0,2,0,0,0,255,255,255,,2552.3,,,,,,,,,,,,,,,,,,,,,,,2,,,,,,,,,,,,,,,,,,,,,,,,,,,,,,,,,,,,,,,0,0,,,,,,,,,,,,,,,,,,,,,,,,,,,,,,,,,,,,,,,,,,,,,,,,,,,,,,,,,,,,,,,,,,,,,,,,,,,,,,,,,,,,,,,,,,,,,,,,,,,,,,,,,,,,,,,,,,,,,,,,,,,,,,,,,,,,,,,,,,,,,,,,,"",0,0,"",,,,0,""
103,,6,0,1,1,0,0,0,0,0,0,255,255,255,40,2598.397,"HANA_ARASHI",R,13,91,126,-4.237,-1.713,0.231,1.814,-1.249,0.98,-36.544,14.426,28,72,0,4,-388.147,315.185,13.287,0,0,4,3,R,"Yaksok~",173.3,80,0.328,,38,W,Y,1,,,,,,,,,,,,,,,,,,,,,,,,,,,,0,0,,,,,,,,,,,,,,,,,,,,,,,,,,,,,,,,,,,,,,-0.024,-37.271,-0.085,-16.968,-19.982,-45.571,-16.799,-61.977,18.128,-50.129,9.449,-64.979,40.915,-90.664,0,-109.86,-40.815,-90.564,,,,"",,,,"",,,,"",,,,"",,,,"",,,,"",,,,"",,,,"",,,,,,,,,,,,,,,,,,,,,,,,,,,,,,,,,,,,,,,,,,,,,,,,,,,,,,,,,,"",0,0,"",,,,0,""
104,,6,0,1,1,1,0,0,0,0,0,255,255,255,41,2617.142,"HANA_ARASHI",R,14,83,121,0.912,-0.905,0.47,1.972,-0.139,1.54,-36.544,34.073,100,0,0,0,321.687,382.776,-5.754,0,0,4,3,R,"Yaksok~",173.3,80,0.328,,38,W,Y,1,,,,,,,,,,,,,,,,,,,,,,,,,,,,0,0,,,,,,,,,,,,,,,,,,,,,,,,,,,,,,,,,,,,,,0.002,-37.321,-0.009,-16.974,-20.922,-46.654,-15.542,-63.346,18.238,-49.966,9.75,-64.417,40.915,-90.664,0,-109.86,-40.815,-90.564,,,,"",,,,"",,,,"",,,,"",,,,"",,,,"",,,,"",,,,"",,,,,,,,,,,,,,,,,,,,,,,,,,,,,,,,,,,,,,,,,,,,,,,,,,,,,,,,,,"",0,0,"",,,,0,""
105,,6,0,1,1,1,1,0,0,0,0,255,255,255,42,2635.492,"HANA_ARASHI",R,13,81,119,-1.886,-0.861,0.423,1.99,-0.359,1.604,-36.544,25.05,81,19,0,4,-284.785,400,8.955,-0.619,-17.007,4,3,R,"Yaksok~",173.3,80,0.328,,38,W,Y,1,,,,,,,,,,,,,,,,,,,,,,,,,,,,0,0,,,,,,,,,,,,,,,,,,,,,,,,,,,,,,,,,,,,,,0.027,-37.199,-0.192,-16.988,-21.738,-47.353,-15.523,-63.346,19.068,-50.209,9.662,-64.423,40.915,-90.664,0,-109.85,-40.815,-90.564,,,,"",,,,"",,,,"",,,,"",,,,"",,,,"",,,,"",,,,"",,,,,,,,,,,,,,,,,,,,,,,,,,,,,,,,,,,,,,,,,,,,,,,,,,,,,,,,,,"",0,0,"",,,,0,""
106,,6,0,1,1,2,1,0,0,0,0,255,255,255,43,2654.353,"HANA_ARASHI",R,26,86,140,-0.493,0.202,0.421,1.977,-0.369,1.559,-36.544,29.671,82,18,0,2,103.785,-150,9.484,0,0,4,3,R,"Yaksok~",173.3,80,0.328,3,38,W,Y,1,2655.235,224,141,71,57,25,140,104,91.654,-87.842,-0.125,0.881,-19.05,0.08,0,0.152,454.61,-318.517,227.764,,,,,,,,,0,0,,,,,,,,,,,,,,,,,,,,,,,,,,,,,,,,,,,,,,0.055,-37.378,0.03,-17.077,-21.025,-46.745,-15.566,-63.424,19.059,-50.325,10.307,-64.486,40.915,-90.664,0,-109.86,-40.815,-90.564,0.3,-36.719,,"mungjungh",0.026,-17.081,,"うよすま",-20.809,-46.597,,"하루（Haru）",-15.571,-63.421,,"Pugeuk",18.961,-50.19,,"즉석카레",10.298,-64.446,,"AI",40.9,-90.65,,"Kr_Luna",7.15,-16.392,,"AI",-40.8,-90.55,,,,,,,,,,,,,,,,,,,,,,,,,,,,,,,,,,,,,,,,,,,,,,,,,,,,,,,,"",3,0,"",,,,0,""
107,,6,0,1,1,2,2,0,0,0,0,255,255,255,44,2669.912,"HANA_ARASHI",R,26,87,140,-1.583,0.869,0.382,2.085,-0.55,1.941,-36.544,32.224,95,5,0,2,-112.717,-150,-19.12,0,0,4,3,R,"Yaksok~",173.3,80,0.328,3,38,W,Y,1,2670.803,121,166,55,63,35,135,94,19.936,34.988,-0.362,1.102,-19.053,0.92,0,0.151,580.998,30.247,146.72,2671.236,-44.56,-80.303,2671.476,8,-42.513,1.707,-77.44,0,0,,,,,,,,,,,,,,,2674.955,4,,456,0,,,,,,,,,,,,,,,,,,,0.037,-37.427,-0.104,-17.048,-22.234,-47.65,-16.561,-62.774,18.614,-50.702,10.23,-65.494,40.907,-90.657,-0.116,-111.395,-40.807,-90.557,0.204,-36.872,,"mungjungh",-0.184,-17.054,,"うよすま",-21.878,-47.667,,"하루（Haru）",-16.569,-62.785,,"Pugeuk",18.641,-50.746,,"즉석카레",11.568,-67.909,102,"AI",40.9,-90.65,,"Kr_Luna",-0.291,-111.452,,"AI",-40.8,-90.55,,2682.244,-1.151,-37.86,,,,,,,,,,,,,2679.088,-0.353,-59.468,,,,,,,,,,,,,,,,,,,,,,,,,2681.365,-0.829,-53.418,,,,,,,,,,"",1,0,"AI",,,,33,""
108,,6,0,1,1,0,0,1,0,0,0,255,255,255,45,2696.01,"HANA_ARASHI",R,26,93,140,-0.389,-0.024,0.418,1.941,-0.381,1.45,-36.544,32.071,90,10,0,0,146.794,-150,-2.125,0,0,5,2,R,"Penguin_iDOL",190,80,0.299,,38,W,Y,1,,,,,,,,,,,,,,,,,,,,,,,,,,,,0,0,,,,,,,,,,,,,,,,,,,,,,,,,,,,,,,,,,,,,,0.009,-37.38,-0.004,-17.171,-22.052,-47.772,-17.254,-62.614,19.406,-49.522,8.268,-65.476,40.915,-90.664,-15.7,-109.595,-40.815,-90.564,,,,"",,,,"",,,,"",,,,"",,,,"",,,,"",,,,"",,,,"",,,,2700.393,-0.066,-37.271,,,,,,,,,,,,,,,,,,,,,,,,,,,,,,,,,,,,,,,,,,,,,,,,,,,,"",0,0,"",,,,0,""
109,,6,0,1,1,0,1,1,0,0,0,255,255,255,46,2711.662,"HANA_ARASHI",R,13,86,126,-4.728,-1.286,0.251,1.934,-1.461,1.122,-36.544,24.726,75,25,0,4,-390.434,312.348,13.327,-1.203,-17.401,5,2,R,"Penguin_iDOL",190,80,0.299,,38,W,Y,1,,,,,,,,,,,,,,,,,,,,,,,,,,,,0,0,,,,,,,,,,,,,,,,,,,,,,,,,,,,,,,,,,,,,,-0.116,-37.162,0.006,-17.176,-21.74,-46.805,-17.257,-62.622,19.515,-49.363,9.631,-64.985,40.915,-90.664,-15.518,-109.622,-40.807,-90.557,,,,"",,,,"",,,,"",,,,"",,,,"",,,,"",,,,"",,,,"",,,,,,,,,,,,,,,,,,,,,,,,,,,,,,,,,,,,,,,,,,,,,,,,,,,,,,,,,,"",0,0,"",,,,0,""
110,,6,0,1,1,0,2,1,0,0,0,255,255,255,47,2734.656,"HANA_ARASHI",R,26,84,136,0.648,1.416,0.54,2.169,0.187,2.349,-36.544,44.677,78,22,0,4,58.225,-150,-32.879,0,0,5,2,R,"Penguin_iDOL",190,80,0.299,,38,W,Y,1,,,,,,,,,,,,,,,,,,,,,,,,,,,,0,0,,,,,,,,,,,,,,,2737.352,5,,578,0,,,,,,,,,,,,,,,,,,,0.068,-37.169,0.057,-16.659,-22.111,-47.55,-17.255,-62.616,19.49,-49.352,10.2,-65.041,40.915,-90.664,-21.612,-113.818,-40.815,-90.564,,,,"",,,,"",,,,"",,,,"",,,,"",,,,"",,,,"",,,,"",,,,,,,,,,,,,,,,,,,,,,,,,,,,,,,,,,,,,,,,,,,,,,,,,,,,,,,,,,"",0,0,"",,,,0,""
111,,6,0,1,1,0,0,2,0,0,0,255,255,255,48,2756.703,"HANA_ARASHI",R,13,84,122,-8.977,0.959,0.548,2.122,0.223,1.917,-36.544,42.558,78,17,5,2,-349.969,357.102,8.445,0,0,6,0,L,"눈꽃",190,80,0.505,3,38,W,Y,1,2757.934,255,192,140,56,47,145,103,-9.189,25.118,0.049,0.654,-20.249,-0.2,0,0.462,-433.194,-189.394,369.422,2754.436,-1.501,-23.574,2756.515,3,-18.704,0.059,-59.692,0,0,,2763.226,,,,,,,,,,,,,2763.042,6,,147,4,,,,,,,,,,,2762.441,2,,,,,,,0.007,-37.405,0.015,-17.092,-21.719,-47.117,-13.629,-64.748,21.448,-50.78,11.332,-64.62,40.922,-90.671,-20.716,-115.543,-40.822,-90.57,0.047,-36.896,,"mungjungh",-0.207,-17.14,,"うよすま",-21.397,-47.425,,"하루（Haru）",-13.619,-64.745,92,"Pugeuk",21.621,-50.528,,"즉석카레",14.159,-66.969,,"AI",40.9,-90.65,,"Kr_Luna",-20.789,-115.544,,"AI",-40.8,-90.55,,,,,,,,2762.076,-18.816,-40.469,2760.072,-19.135,-60.76,,,,,,,,,,,,,,,,,,,,,,,,,2761.232,-17.527,-54.493,,,,,,,,,,,,,,,,"",2,0,"하루（Haru）",,,,6,""
112,SIDE,6,0,1,1,0,0,2,0,0,0,255,255,255,,2765.361,,,,,,,,,,,,,,,,,,,,,,,0,,,,,,,,,,,,,,,,,,,,,,,,,,,,,,,,,,,,,,,0,0,,,,,,,,,,,,,,,,,,,,,,,,,,,,,,,,,,,,,,,,,,,,,,,,,,,,,,,,,,,,,,,,,,,,,,,,,,,,,,,,,,,,,,,,,,,2806.344,0.067,-38.073,,,,,,,,,,,,,,,,,,,,,,,,,,,,,,,,,,,,,,,,,,,,,,,,,,,,"",0,0,"",,,,64,""
113,,7,1,1,1,0,0,0,0,0,0,255,255,255,51,2813.539,"눈꽃",R,5,68,119,1.511,0.059,0.4,1.778,0.777,1.615,-36.64,7.971,56,44,0,2,-78.278,0,0,0,0,2,3,L,"하루（Haru）",160,95,0.397,3,38,W,Y,1,2814.699,214,90,83,62,37,145,104,20.754,-18.22,0.448,0.873,-20.635,0.82,0,0.203,-313.753,-507.364,-64.349,2814.569,31.365,-90.595,2814.755,6,30.215,1.2,-88.562,0,0,,2819.638,,,,,,,,,,,,,2818.547,2,,456,0,,,,,,,,,,,,,,,,,,,0.132,-37.595,0.072,-17.453,-22.186,-48.59,-11.236,-65.894,24.366,-51.57,11.576,-63.918,40.944,-90.691,3.714,-108.612,-40.845,-90.591,0.312,-37.334,,"Pring__",0.08,-17.467,,"Penguin_iDOL",-22.499,-48.384,,"Yaksok~",-11.233,-65.881,,"_Gosomi",24.409,-51.464,,"CoalCat",11.669,-63.776,,"AI",40.9,-90.65,,"ByeolBam",3.611,-108.864,,"AI",-40.8,-90.55,,2823.302,1.33,-39.648,,,,,,,,,,,,,,,,,,,,,,,,,,,,,,,,,,,,,,,,,,,,,,,,,,,,"",1,0,"AI",,,,64,""
114,,7,1,1,1,0,0,1,0,0,0,255,255,255,52,2839.593,"눈꽃",R,14,63,105,0.231,-1.183,0.1,1.798,-0.626,1.316,-36.64,14.983,54,46,0,4,367.048,319.593,0,0,0,3,4,R,"Pugeuk",190,85.842,0.349,,38,W,Y,1,,,,,,,,,,,,,,,,,,,,,,,,,,,,0,0,,,,,,,,,,,,,,,,,,,,,,,,,,,,,,,,,,,,,,-0.187,-37.794,0.008,-17.447,-22.162,-49.331,-15.267,-63.594,23.094,-54.312,9.604,-63.666,40.922,-90.671,0.425,-109.097,-40.822,-90.571,,,,"",,,,"",,,,"",,,,"",,,,"",,,,"",,,,"",,,,"",,,,2843.674,-0.179,-37.316,,,,,,,,,,,,,,,,,,,,,,,,,,,,,,,,,,,,,,,,,,,,,,,,,,,,"",0,0,"",,,,0,""
115,,7,1,1,1,0,1,1,0,0,0,255,255,255,53,2852.792,"눈꽃",R,13,52,98,-1.788,0.294,0.217,2.029,-0.031,2.282,-36.64,18.108,100,0,0,4,-347.842,312.348,0,0,0,3,4,R,"Pugeuk",190,85.842,0.349,,38,W,Y,1,,,,,,,,,,,,,,,,,,,,,,,,,,,,0,0,,,,,,,,,,,,,,,,,,,,,,,,,,,,,,,,,,,,,,0.008,-37.786,0.016,-17.401,-22.224,-49.234,-15.337,-63.77,22.649,-53.609,9.426,-64.189,40.915,-90.664,-0.149,-108.756,-40.807,-90.557,,,,"",,,,"",,,,"",,,,"",,,,"",,,,"",,,,"",,,,"",,,,2857.881,-0.37,-37.701,,,,,,,,,,,,,,,,,,,,,,,,,,,,,,,,,,,,,,,,,,,,,,,,,,,,"",0,0,"",,,,0,""
116,,7,1,1,1,0,2,1,0,0,0,255,255,255,54,2867.547,"눈꽃",R,14,58,101,-0.281,-1.618,0.067,1.761,-0.818,1.107,-36.64,19.925,54,46,0,2,333.471,343.651,0,0,0,3,4,R,"Pugeuk",190,85.842,0.349,3,38,W,Y,1,2868.749,255,94,43,34,17,128,125,-30,46.709,-0.076,0.568,-21.435,0.62,0,0.742,477.066,-255.636,258.956,2864.942,-1.119,-22.421,2866.515,2,-21.279,1.444,-44.9,0,0,,,,,,,,,,,,,,,2872.051,3,,147,0,,,,,,,,,,,2871.518,2,,,,,,,-0.251,-37.767,0.014,-17.403,-22.136,-49.358,-15.456,-63.705,22.671,-53.635,9.467,-64.207,40.915,-90.664,-0.154,-108.669,-40.815,-90.564,0.246,-37.468,,"Pring__",0.05,-17.543,,"Penguin_iDOL",-22.184,-49.261,77,"Yaksok~",-16.162,-65.256,,"_Gosomi",22.679,-53.575,,"CoalCat",9.456,-64.107,,"AI",40.9,-90.65,,"ByeolBam",-0.164,-108.686,,"AI",-40.8,-90.55,,2874.262,-0.762,-37.945,,,,2870.32,-21.7,-45.152,,,,,,,,,,,,,,,,,,,,,,,,,2873.197,-17.524,-39.326,,,,,,,,,,,,,,,,,,,"",2,0,"Penguin_iDOL",,,2875.688,96,""
117,,7,1,1,1,0,0,2,0,0,0,255,255,255,55,2887.045,"눈꽃",R,14,68,110,-1.509,-1.209,0.03,1.806,-1.023,1.373,-36.64,9.792,59,41,0,4,196.897,400,0,0,0,4,1,R,"mungjungh",190,86.732,0.403,,38,W,Y,1,,,,,,,,,,,,,,,,,,,,,,,,,,,,0,0,,,,,,,,,,,,,,,,,,,,,,,,,,,,,,,,,,,,,,-0.195,-37.782,0.02,-17.395,-22.541,-49.026,-16.215,-63.361,22.662,-53.707,8.576,-64.901,40.915,-90.664,-4.755,-107.982,-40.815,-90.564,,,,"",,,,"",,,,"",,,,"",,,,"",,,,"",,,,"",,,,"",,,,2891.151,-0.086,-37.594,,,,,,,,,,,,,,,,,,,,,,,,,,,,,,,,,,,,,,,,,,,,,,,,,,,,"",0,0,"",,,,0,""
118,,7,1,1,1,0,1,2,0,0,0,255,255,255,56,2901.897,"눈꽃",R,3,61,103,0.438,-0.42,0.369,1.875,1.013,1.692,-36.64,28.341,56,44,0,0,-411.792,237.899,0,0,0,4,1,R,"mungjungh",190,86.732,0.403,,38,W,Y,1,,,,,,,,,,,,,,,,,,,,,,,,,,,,0,0,,,,,,,,,,,,,,,,,,,,,,,,,,,,,,,,,,,,,,-0.125,-37.619,0.02,-17.4,-22.462,-49.019,-15.613,-63.762,22.685,-53.353,8.67,-63.898,40.915,-90.664,-0.908,-108.198,-40.815,-90.564,,,,"",,,,"",,,,"",,,,"",,,,"",,,,"",,,,"",,,,"",,,,2905.989,-0.057,-37.226,,,,,,,,,,,,,,,,,,,,,,,,,,,,,,,,,,,,,,,,,,,,,,,,,,,,"",0,0,"",,,,0,""
119,,7,1,1,1,0,2,2,0,0,0,255,255,255,57,2917.552,"눈꽃",R,45,48,92,-0.397,-0.848,0.056,1.618,-0.661,0.903,-36.64,19.667,41,59,0,0,209.091,-150,0,0,0,4,1,R,"mungjungh",190,86.732,0.403,,38,W,Y,1,,,,,,,,,,,,,,,,,,,,,,,,,,,,0,16,,,,,,,,,,,,,,,2920.343,4,,578,0,,,,,,,,,,,,,,,,,,,-0.202,-37.684,0.038,-17.322,-22.379,-49.038,-15.387,-63.798,22.634,-53.317,8.649,-63.95,40.915,-90.664,-0.341,-107.981,-40.815,-90.564,,,,"",,,,"",,,,"",,,,"",,,,"",,,,"",,,,"",,,,"",,,,,,,,,,,,,,,,,,,,,,,,,,,,,,,,,,,,,,,,,,,,,,,,,,,,,,,,,,"",0,0,"",,,,0,""
120,SIDE,7,1,1,1,0,0,2,0,0,0,255,255,255,,2921.97,,,,,,,,,,,,,,,,,,,,,,,5,,,,,,,,,,,,,,,,,,,,,,,,,,,,,,,,,,,,,,,0,0,,,,,,,,,,,,,,,,,,,,,,,,,,,,,,,,,,,,,,,,,,,,,,,,,,,,,,,,,,,,,,,,,,,,,,,,,,,,,,,,,,,,,,,,,,,,,,,,,,,,,,,,,,,,,,,,,,,,,,,,,,,,,,,,,,,,,,,,,,,,,,,,,"",0,0,"",,,,0,""
121,,7,0,1,1,0,0,0,0,0,0,255,255,255,49,2969.986,"HANA_ARASHI",R,32,89,140,1.609,0.421,0.48,2.07,-0.093,1.865,-36.544,43.414,65,35,0,2,250,-150,2.904,0,0,0,7,R,"ByeolBam",175.4,90,0.5,3,38,W,Y,1,2970.822,216,123,35,21,11,103,67,44.777,23.159,-0.125,1.27,-20.031,-0.34,0,0.341,285.858,523.288,66.75,,,,2971.742,2,-22.573,2.937,-58.217,0,0,,2976.618,,,,,,,,,,,,,2975.687,0,,451,0,,,,,,,,,,,,,,,,,,,-0.009,-37.408,-0.143,-16.928,-21.218,-46.585,-14.633,-63.593,19.003,-47.137,11.054,-59.895,40.952,-90.698,0,-109.89,-40.852,-90.598,0.225,-36.701,,"mungjungh",-0.116,-16.939,,"うよすま",-20.954,-46.525,85,"하루（Haru）",-14.635,-63.591,,"Pugeuk",18.816,-48.122,,"Kr_Luna",10.794,-59.991,,"AI",40.9,-90.65,,"AI",0,-109.84,,"AI",-40.8,-90.55,,2980.412,-2.307,-35.837,,,,2975.699,-22.91,-58.643,2975.742,-22.931,-58.601,,,,,,,,,,,,,,,,,,,,,,2978.849,-20.418,-56.279,,,,,,,,,,,,,,,,,,,"",1,0,"うよすま",,,,38,""
122,,7,0,1,1,0,0,1,0,0,0,255,255,255,50,2992.612,"HANA_ARASHI",R,13,83,122,-2.173,-0.698,0.429,1.984,-0.33,1.564,-36.544,31.901,78,22,0,2,-390.434,312.348,5.6,0,0,1,5,R,"CoalCat",174.6,83,0.397,3,38,W,Y,1,2993.906,222,145,71,70,56,145,113,25.175,41.811,-0.378,0.753,-20.718,0.8,0,0.551,461.545,127.682,361.488,2994.515,-69.258,-90.914,2996.315,8,-68.107,0.068,-91.303,1,0,,2998.667,3003.045,,,,,,,,,,,,,,,,,,,,,,,,,,,,,,,,,,,0.041,-37.455,0.169,-16.785,-21.692,-47.652,-15.817,-61.499,17.668,-49.658,4.147,-60.478,40.918,-90.666,0,-109.86,-40.815,-90.564,-0.048,-36.83,,"mungjungh",0.154,-16.804,,"うよすま",-21.548,-47.406,,"하루（Haru）",-15.771,-61.655,85,"Pugeuk",17.787,-49.561,,"Kr_Luna",7.429,-62.177,,"AI",40.9,-90.65,,"AI",0,-109.84,,"AI",-40.8,-90.55,,3010.127,-4.52,-35.781,,,,,,,3004.056,-23.227,-69.956,,,,,,,,,,,,,,,,,,,,,,,,,3008.906,-14.14,-54.237,,,,,,,,,,,,,,,,"",2,0,"AI",3003.045,,,36,""
123,,7,0,1,1,0,0,1,0,1,0,255,15,255,51,3019.847,"HANA_ARASHI",R,26,86,139,-1.172,0.508,0.428,2.05,-0.337,1.784,-36.544,30.1,91,9,0,2,-137.801,-150,-9.565,0,0,2,0,L,"Pring__",190,92.741,0.481,3,38,W,Y,1,3021.007,255,142,111,105,69,145,104,114.722,35.839,-0.239,1.182,-19.975,-0.14,0,0.488,591.489,48.226,-88.405,,,,,,,,,0,0,,,,,,,,,,,,,3020.395,,,,,,,,,,,,,,,,,,,,,,,,,-0.005,-37.279,0.155,-16.994,-20.249,-46.525,-11.637,-64.571,20.651,-46.194,6.982,-58.824,40.915,-90.664,0,-109.85,-40.815,-90.564,0.28,-36.89,,"mungjungh",0.181,-17,,"うよすま",-19.735,-46.524,,"하루（Haru）",-11.639,-64.56,,"Pugeuk",20.625,-47.601,,"Kr_Luna",7.006,-58.784,,"AI",40.9,-90.65,,"AI",0,-109.84,,"AI",-40.8,-90.55,,,,,,,,,,,,,,,,,,,,,,,,,,,,,,,,,,,,,,,,,,,,,,,,,,,,,,,,"",3,0,"",3024.15,,,0,""
124,,7,0,1,1,0,1,1,0,1,0,255,15,255,52,3032.265,"HANA_ARASHI",R,32,82,133,0.565,1.262,0.481,2.085,-0.089,2.252,-36.544,41.324,85,15,0,2,222.489,-150,-17.144,0,0,2,0,L,"Pring__",190,92.741,0.481,3,38,W,Y,1,3033.304,252,127,113,103,62,145,121,111.506,45.307,0.101,1.471,-19.911,0.21,0,0.375,572.056,-178.262,-31.227,,,,,,,,,0,0,,,,,,,,,,,,,3041.004,,,,,,,,,,,,,,,,,,,,,,,,,-0.004,-37.423,-0.184,-16.702,-20.836,-47.461,-10.505,-65.379,21.294,-47.404,14.431,-60.521,40.907,-90.657,0,-109.85,-40.807,-90.557,-0.017,-37.182,,"mungjungh",0.006,-16.691,,"うよすま",-20.576,-47.3,,"하루（Haru）",-10.781,-65.027,,"Pugeuk",21.125,-47.371,,"Kr_Luna",14.704,-60.299,,"AI",40.9,-90.65,,"AI",0,-109.84,,"AI",-40.8,-90.55,,,,,,,,,,,,,,,,,,,,,,,,,,,,,,,,,,,,,,,,,,,,,,,,,,,,,,,,"",3,0,"",3036.507,,,0,""
125,,7,0,1,1,0,2,1,0,1,0,255,15,255,53,3044.744,"HANA_ARASHI",R,26,82,134,-1.209,-0.854,0.406,1.676,-0.438,0.93,-36.544,26.622,62,38,0,2,-71.849,-150,9.407,0,0,2,0,L,"Pring__",190,92.741,0.481,3,38,W,Y,1,3045.655,255,193,80,140,70,145,118,29.899,-44.301,-0.217,0.707,-20.574,0.18,0,0.602,447.71,376.363,-133.816,3046.515,68.262,-100.678,3047.716,6,64.593,0.056,-98.124,1,0,,3052.956,,,,,,,3048.038,3053.073,,,,,,,,,,,,,,,,,,,,,,3057.08,3,,,,,-0.026,-37.318,0.077,-17.297,-20.885,-47.463,-11.472,-64.989,21.605,-48.573,14.7,-60.482,40.907,-90.657,0,-109.85,-40.807,-90.557,0.165,-36.833,,"mungjungh",0.045,-17.297,,"うよすま",-20.717,-47.326,,"하루（Haru）",-11.475,-64.996,78,"Pugeuk",21.559,-48.521,,"Kr_Luna",14.584,-60.473,,"AI",40.9,-90.65,,"AI",0,-109.84,,"AI",-40.8,-90.55,,3061.637,-2.148,-38.239,,,,,,,3056.669,1.048,-59.743,,,,,,,,,,,,,,,,,,,,,,,,,3060.489,-4.987,-55.863,,,,,,,,,,,,,,,,"",2,0,"AI",,3048.038,3053.073,36,""
126,,7,0,1,2,0,0,1,1,0,0,10,255,255,54,3073.728,"HANA_ARASHI",R,32,88,140,1.378,1.117,0.566,2.13,0.305,2.09,-36.544,49.489,67,33,0,2,250,-150,22.471,0,0,3,4,R,"_Gosomi",175,86.368,0.474,3,38,W,Y,1,3074.81,181,48,81,43,31,139,105,102.278,-70.99,0.224,1.265,-19.351,0.89,0,0.453,252.351,539.469,-72.748,,,,,,,,,0,0,,,,,,,,,,,,3086.753,,,,,,,,,,,,,,,,,,,,,,,,,,0.016,-37.43,0.121,-17.213,-19.736,-40.522,-13.949,-63.969,18.792,-46.986,10.237,-63.236,40.918,-90.666,0,-109.86,-40.815,-90.564,0.261,-36.809,,"mungjungh",0.094,-17.205,,"うよすま",-19.411,-42.641,,"하루（Haru）",-13.959,-63.998,,"Pugeuk",18.759,-46.954,,"Kr_Luna",7.028,-63.96,,"AI",40.9,-90.65,,"AI",0,-109.84,,"AI",-40.8,-90.55,,,,,,,,,,,,,,,,,,,,,,,,,,,,,,,,,,,,,,,,,,,,,,,,,,,,,,,,"",3,0,"",,,,0,""
127,,7,0,1,2,0,1,1,1,0,0,10,255,255,55,3087.363,"HANA_ARASHI",R,10,79,119,-3.183,2.127,0.238,2.41,-1.393,3.314,-36.544,57.487,85,15,0,1,0,400,-21.136,0,0,3,4,R,"_Gosomi",175,86.368,0.474,,38,W,Y,0,,,,,,,,,,,,,,,,,,,,,,,,,,,,0,0,,,,,,,,,,,,3098.559,,,,,,,,,,,,,,,,,,,,,,,,,,-0.051,-37.608,0.065,-17.234,-19.779,-40.833,-15.387,-63.679,17.991,-47.113,3.685,-61.715,40.907,-90.657,0,-109.85,-40.807,-90.557,,,,"",,,,"",,,,"",,,,"",,,,"",,,,"",,,,"",,,,"",,,,,,,,,,,,,,,,,,,,,,,,,,,,,,,,,,,,,,,,,,,,,,,,,,,,,,,,,,"",0,0,"",,,,0,""
128,,7,0,1,2,1,1,1,1,0,0,10,255,255,56,3099.379,"HANA_ARASHI",R,26,90,140,-2.415,-1.664,0.232,1.673,-1.249,0.486,-36.544,12.732,38,62,0,1,142.105,-150,23.838,-0.544,-16.873,3,4,R,"_Gosomi",175,86.368,0.474,,38,W,Y,0,,,,,,,,,,,,,,,,,,,,,,,,,,,,0,0,,,,,,,,,,,,3108.662,,,,,,,,,,,,,,,,,,,,,,,,,,-0.024,-37.174,0.083,-17.205,-19.963,-40.552,-15.34,-63.719,17.998,-47.419,1.492,-60.244,40.907,-90.657,0,-109.85,-40.807,-90.557,,,,"",,,,"",,,,"",,,,"",,,,"",,,,"",,,,"",,,,"",,,,,,,,,,,,,,,,,,,,,,,,,,,,,,,,,,,,,,,,,,,,,,,,,,,,,,,,,,"",0,0,"",,,,0,""
129,,7,0,1,2,2,1,1,1,0,0,10,255,255,57,3112.206,"HANA_ARASHI",R,26,91,140,-0.737,-0.205,0.392,1.913,-0.504,1.327,-36.544,31.983,74,26,0,2,126.395,-150,-2.692,0,0,3,4,R,"_Gosomi",175,86.368,0.474,3,38,W,Y,1,3113.272,204,90,92,92,36,145,94,24.293,11.787,-0.2,0.78,-19.375,0.98,0,0.367,443.857,-403.701,4.125,3114.262,-10.562,-103.593,3114.396,7,-10.465,1.983,-101.016,0,0,,3118.93,,,,3118.444,,,,,,,,,3118.554,3,,456,0,,,,,,,,,,,,,,,,,,,-0.074,-37.355,-0.011,-17.159,-20.065,-40.773,-15.329,-63.731,18.052,-47.617,3.048,-60.729,40.907,-90.657,0,-109.85,-40.807,-90.557,0.063,-36.721,,"mungjungh",-0.022,-17.172,,"うよすま",-18.862,-42.749,,"하루（Haru）",-15.333,-63.726,,"Pugeuk",17.962,-47.487,,"Kr_Luna",6.257,-60.775,,"AI",40.9,-90.65,,"AI",0,-109.84,,"AI",-40.8,-90.55,,,,,,,,3123.433,-18.779,-40.171,,,,,,,,,,,,,,,,,,,,,,,,,,,,,,,,,,,,,,,,,,,,,,"",1,0,"AI",3118.444,,,2,""
130,SIDE,7,0,1,2,0,0,2,0,1,0,255,10,255,,3126.732,,,,,,,,,,,,,,,,,,,,,,,4,,,,,,,,,,,,,,,,,,,,,,,,,,,,,,,,,,,,,,,0,0,,,,,,,,,,,,,,,,,,,,,,,,,,,,,,,,,,,,,,,,,,,,,,,,,,,,,,,,,,,,,,,,,,,,,,,,,,,,,,,,,,,,,,,,,,,,,,,,,,,,,,,,,,,,,,,,,,,,,,,,,,,,,,,,,,,,,,,,,,,,,,,,,"",0,0,"",,,,0,""
131,,8,1,1,2,0,0,0,0,0,0,255,255,255,58,3211.094,"Pring__",R,32,90,140,-0.337,-0.133,0.151,1.396,-0.464,1.371,-36.191,23.161,26,74,0,2,250,-200,27.322,0,0,5,1,R,"HANA_ARASHI",190,90,0.25,3,51,W,Y,1,3212.114,255,90,103,82,38,145,130,27.668,38.252,-0.328,0.981,-19.599,0.43,0,0.621,483.198,335.049,119.421,3212.782,-81.479,-105.313,,,,,,0,0,,3217.911,3222.558,3227.744,3232.88,,,,,,,,,,,,,,,,,,,,,,,,,,,,,,,,,-0.067,-37.193,0.008,-17.84,-21.834,-50.17,-14.63,-64.202,22.813,-52.209,9.882,-63.728,40.922,-90.67,-0.172,-109.451,-40.822,-90.57,-0.36,-36.644,,"눈꽃",-0.049,-17.86,,"Penguin_iDOL",-21.857,-50.129,,"Yaksok~",-14.624,-64.19,,"_Gosomi",22.786,-52.121,,"CoalCat",9.891,-63.722,,"AI",40.9,-90.65,,"ByeolBam",-0.052,-109.079,,"AI",-40.8,-90.55,,,,,,,,,,,,,,,,,,,,,,,,,,,,,,,,,,,,,,,,,,,,,,,,,,,,,,,,"",4,0,"",3222.558,3227.744,,0,""
132,,8,1,2,2,0,0,0,0,0,0,255,255,255,59,3262.891,"Pring__",R,13,80,106,0.532,-0.207,0.497,1.563,0.763,1.825,-36.191,43.511,12,88,0,2,-353.14,300,1.548,0,0,6,5,L,"Kr_Luna",190,95,0.498,5,38,W,Y,1,3263.796,121,112,132,85,41,138,132,112.549,-18.98,0.09,0.925,-20.272,0.43,0,0.2,467.944,-364.426,90.676,,,,,,,,,0,0,,,,,,,,,,,,,,,,,,,,,,,,,,,,,,,,,,,,,,0.017,-37.161,-0.106,-17.896,-22.337,-48.789,-15.06,-63.596,23.64,-52.397,11.42,-63.138,40.915,-90.664,-0.627,-107.97,-40.815,-90.564,-0.152,-36.642,,"눈꽃",-0.135,-17.911,,"Penguin_iDOL",-22.146,-48.833,,"Yaksok~",-15.035,-63.615,,"_Gosomi",23.65,-52.356,,"CoalCat",11.458,-63.029,,"AI",40.9,-90.65,,"ByeolBam",2.199,-109.132,,"AI",-40.8,-90.55,,,,,,,,,,,,,,,,,,,,,,,,,,,,,,,,,,,,,,,,,,,,,,,,,,,,,,,,"",3,0,"",,,,0,""
133,,8,1,2,2,0,1,0,0,0,0,255,255,255,60,3279.338,"Pring__",R,13,82,107,-2.723,-1.023,0.208,1.418,-0.133,1.512,-36.191,30.435,0,100,0,2,-378.186,300,14.874,0,0,6,5,L,"Kr_Luna",190,95,0.498,0,38,W,Y,1,3280.261,141,97,105,75,39,144,112,28.056,-41.007,-0.366,0.683,-20.152,0.02,0,0.082,-359.728,453.123,-158.984,3279.716,50.542,-92.026,3279.956,6,49.173,1.555,-89.667,0,0,,,,,,,,,,,,,,,3284.465,6,,456,0,,,,,,,,,,,,,,,,,,,-0.107,-37.107,-0.103,-17.907,-22.024,-48.801,-15.032,-63.593,25.001,-52.316,11.48,-63.015,40.915,-90.664,1.936,-108.761,-40.815,-90.564,-0.472,-36.852,,"눈꽃",-0.18,-17.957,,"Penguin_iDOL",-22.031,-48.815,,"Yaksok~",-15.039,-63.597,,"_Gosomi",24.982,-52.237,,"CoalCat",11.477,-63.004,,"AI",40.9,-90.65,,"ByeolBam",1.744,-110.04,,"AI",-40.8,-90.55,,3289.86,0.795,-38.337,,,,,,,,,,,,,,,,,,,,,,,,,,,,,,,,,,,,,,,,,,,,,,,,,,,,"",1,0,"AI",,,,4,""
134,,8,1,2,2,0,0,1,0,0,0,255,255,255,61,3306.154,"Pring__",R,32,91,140,-1.835,-0.014,0.014,1.321,-1.101,1.45,-36.191,21.184,0,100,0,1,250,-200,26.873,0,0,1,2,R,"うよすま",190,85.375,0.502,,38,W,Y,0,,,,,,,,,,,,,,,,,,,,,,,,,,,,0,0,,,,,,,,,,,,,,,,,,,,,,,,,,,,,,,,,,,,,,-0.192,-37.031,-0.09,-17.932,-22.214,-47.498,-15.943,-63.195,22.205,-54.021,9.576,-63.447,40.922,-90.671,-0.628,-109.348,-40.822,-90.57,,,,"",,,,"",,,,"",,,,"",,,,"",,,,"",,,,"",,,,"",,,,3309.592,-0.183,-37.653,,,,,,,,,,,,,,,,,,,,,,,,,,,,,,,,,,,,,,,,,,,,,,,,,,,,"",0,0,"",,,,0,""
135,,8,1,2,2,1,0,1,0,0,0,255,255,255,62,3321.92,"Pring__",R,32,89,140,-0.226,-0.607,0.159,1.403,-0.426,1.069,-36.191,22.175,0,100,0,0,250,-200,8.613,0,0,1,2,R,"うよすま",190,85.375,0.502,,38,W,Y,0,,,,,,,,,,,,,,,,,,,,,,,,,,,,0,0,,,,,,,,,,,,,,,,,,,,,,,,,,,,,,,,,,,,,,-0.055,-37.164,-0.002,-17.962,-22.346,-47.305,-15.823,-63.543,22.957,-53.618,9.654,-63.436,40.915,-90.664,0,-109.053,-40.815,-90.564,,,,"",,,,"",,,,"",,,,"",,,,"",,,,"",,,,"",,,,"",,,,3325.648,0.044,-37.72,,,,,,,,,,,,,,,,,,,,,,,,,,,,,,,,,,,,,,,,,,,,,,,,,,,,"",0,0,"",,,,0,""
136,,8,1,2,2,1,1,1,0,0,0,255,255,255,63,3337.395,"Pring__",R,13,85,109,-0.943,-0.729,0.331,1.532,0.248,1.541,-36.191,30.682,13,87,0,0,-376.643,300,16.595,0,0,1,2,R,"うよすま",190,85.375,0.502,,38,W,Y,1,,,,,,,,,,,,,,,,,,,,,,,,,,,,0,0,,,,,,,,,,,,,,,,,,,,,,,,,,,,,,,,,,,,,,-0.009,-37.209,-0.062,-18.027,-22.204,-47.117,-15.86,-63.547,23.006,-53.638,10.065,-63.817,40.915,-90.664,-4.087,-110.387,-40.815,-90.564,,,,"",,,,"",,,,"",,,,"",,,,"",,,,"",,,,"",,,,"",,,,3341.002,0.112,-37.672,,,,,,,,,,,,,,,,,,,,,,,,,,,,,,,,,,,,,,,,,,,,,,,,,,,,"",0,0,"",,,,0,""
137,,8,1,2,2,1,2,1,0,0,0,255,255,255,64,3352.356,"Pring__",R,10,78,109,1.977,-0.465,0.524,1.607,0.845,1.704,-36.191,49.572,48,52,0,4,0,300,-11.766,0,0,1,2,R,"うよすま",190,85.375,0.502,,38,W,Y,1,,,,,,,,,,,,,,,,,,,,,,,,,,,,0,0,,,,,,,,,,,,,,,3355.038,1,,578,0,,,,,,,,,,,,,,,,,,,-0.026,-37.082,0.051,-18.002,-22.532,-47.918,-16.027,-63.399,23.017,-53.649,10.029,-63.899,40.915,-90.664,-1.23,-110.309,-40.815,-90.564,,,,"",,,,"",,,,"",,,,"",,,,"",,,,"",,,,"",,,,"",,,,3356.218,-0.526,-37.879,,,,,,,,,,,,,,,,,,,,,,,,,,,,,,,,,,,,,,,,,,,,,,,,,,,,"",0,0,"",,,,0,""
138,,8,1,2,2,0,0,2,0,0,0,255,255,255,65,3374.862,"Pring__",R,13,81,106,-0.722,-0.839,0.464,1.375,0.349,1.631,-36.191,34.783,0,100,0,0,-376.237,300,17.201,0,0,2,3,L,"하루（Haru）",160,95,0.397,,38,W,Y,1,,,,,,,,,,,,,,,,,,,,,,,,,,,,0,0,,,,,,,,,,,,,,,,,,,,,,,,,,,,,,,,,,,,,,0.101,-37.219,0.026,-18.025,-21.638,-48.807,-7.413,-67.463,24.481,-51.76,11.491,-64.054,40.929,-90.677,4.09,-107.194,-40.83,-90.577,,,,"",,,,"",,,,"",,,,"",,,,"",,,,"",,,,"",,,,"",,,,3378.684,-0.059,-37.826,,,,,,,,,,,,,,,,,,,,,,,,,,,,,,,,,,,,,,,,,,,,,,,,,,,,"",0,0,"",,,,0,""
139,,8,1,2,2,0,1,2,0,0,0,255,255,255,66,3390.637,"Pring__",R,32,90,140,-1.644,0.609,0.131,1.404,-1.022,1.734,-36.191,19.167,0,100,0,2,250,-200,38.682,0,0,2,3,L,"하루（Haru）",160,95,0.397,3,38,W,Y,1,3391.736,149,96,110,83,61,145,89,36.858,6.288,-0.303,0.965,-19.086,-0.29,0,0.205,397.779,445.925,-54.066,3392.262,-14.899,-88.123,3392.689,7,-15.197,0.397,-89.077,1,0,,3397.066,,,,,,,,,,,,,,,,,,,,,,,,,,,,,,,,,,,,-0.037,-37.216,0.022,-18.046,-21.679,-48.476,-7.366,-67.533,24.304,-51.532,12.336,-63.147,40.915,-90.664,3.637,-103.607,-40.815,-90.564,0.043,-37.089,,"눈꽃",-0.085,-18.112,,"Penguin_iDOL",-21.41,-48.624,,"Yaksok~",-7.419,-67.575,,"_Gosomi",24.346,-51.352,,"CoalCat",12.425,-63.022,,"AI",40.9,-90.65,,"ByeolBam",3.635,-103.623,94,"AI",-40.8,-90.55,,3402.638,1.635,-45.906,,,,,,,,,,,,,,,,,,,3397.421,-14.606,-90.369,,,,,,,,,,,,,,,,,,,,,,,,,3401.397,-6.164,-67.493,,,,"",2,0,"ByeolBam",,,,5,""
140,,8,1,2,2,0,0,2,1,0,0,3,255,255,67,3420.158,"Pring__",R,13,81,107,-0.89,-0.369,0.423,1.44,0.222,1.776,-36.191,39.461,0,100,0,2,-349.775,300,-1.434,0,0,3,0,R,"Pugeuk",190,85.842,0.349,3,38,W,Y,1,3421.371,255,126,85,61,26,145,100,-30,60.655,-0.168,0.876,-20.384,0.98,0,0.816,386.887,-435.748,142.977,3416.635,-2.728,-21.839,,,,,,0,0,,,,,,,,,,,,3439.042,,,,,,,,,,,,,,,,,,,,,,,,,,-0.111,-36.845,0.028,-18.059,-21.198,-50.798,-15.634,-63.697,23.097,-54.524,9.504,-63.462,40.922,-90.671,0.806,-108.374,-40.822,-90.571,0.122,-36.963,,"눈꽃",-0.131,-18.132,,"Penguin_iDOL",-21.64,-51.124,,"Yaksok~",-16.85,-64.821,,"_Gosomi",23.043,-54.404,,"CoalCat",9.505,-63.336,,"AI",40.9,-90.65,,"ByeolBam",0.081,-109.5,,"AI",-40.8,-90.55,,,,,,,,,,,,,,,,,,,,,,,,,,,,,,,,,,,,,,,,,,,,,,,,,,,,,,,,"",3,0,"",,,,0,""
141,,8,1,2,2,0,1,2,1,0,0,3,255,255,68,3440.448,"Pring__",R,13,78,104,0.756,-0.726,0.568,1.546,0.984,1.572,-36.191,47.682,9,91,0,0,-355.758,300,-5.922,0,0,3,0,R,"Pugeuk",190,85.842,0.349,,87,W,Y,0,,,,,,,,,,,,,,,,,,,,,,,,,,,,0,0,,,,,,,,,,,,3453.784,,,,,,,,,,,,,,,,,,,,,,,,,,-0.035,-37,-0.017,-18.076,-21.133,-47.613,-15.692,-63.697,23.196,-52.358,8.825,-63.132,40.915,-90.664,0.377,-107.801,-40.815,-90.564,,,,"",,,,"",,,,"",,,,"",,,,"",,,,"",,,,"",,,,"",,,,,,,,,,,,,,,,,,,,,,,,,,,,,,,,,,,,,,,,,,,,,,,,,,,,,,,,,,"",0,0,"",,,,0,""
142,,8,1,2,2,0,2,2,1,0,0,3,255,255,69,3457.279,"Pring__",R,32,78,128,2.616,1.434,0.429,1.6,0.828,2.354,-36.191,46.018,0,100,0,1,207.296,-181.863,-12.428,0,0,3,0,R,"Pugeuk",190,85.842,0.349,,87,W,Y,0,,,,,,,,,,,,,,,,,,,,,,,,,,,,0,0,,,,,,3459.891,,,,,,,,,,,,,,,,,,,,,,,,,,,,,,,,-0.064,-37.197,-0.041,-18.062,-20.97,-47.765,-15.498,-63.777,23.144,-52.286,6.974,-63.184,40.915,-90.664,0.722,-108.756,-40.815,-90.564,,,,"",,,,"",,,,"",,,,"",,,,"",,,,"",,,,"",,,,"",,,,,,,,,,,,,,,,,,,,,,,,,,,,,,,,,,,,,,,,,,,,,,,,,,,,,,,,,,"",0,0,"",3459.891,,,0,""
143,,8,1,2,2,1,2,2,0,1,0,255,3,255,70,3481.116,"Pring__",R,32,85,137,-0.187,0.182,0.26,1.357,-0.421,1.568,-36.191,32.632,0,100,0,0,250,-200,-4.34,0,0,3,0,R,"Pugeuk",190,85.842,0.349,,87,W,Y,0,,,,,,,,,,,,,,,,,,,,,,,,,,,,0,0,,,,,,,,,,,,,3485.855,,3483.785,3,,578,0,,,,,,,,,,,,,,,,,,,-0.074,-37.102,-0.009,-17.869,-21.198,-47.623,-15.45,-63.888,20.574,-47.638,5.78,-61,40.922,-90.671,-7.2,-112.905,-40.822,-90.57,,,,"",,,,"",,,,"",,,,"",,,,"",,,,"",,,,"",,,,"",,,,,,,,,,,,,,,,,,,,,,,,,,,,,,,,,,,,,,,,,,,,,,,,,,,,,,,,,,"",0,0,"",3484.435,,,0,""
144,SIDE,8,1,2,2,0,0,2,0,1,0,255,3,255,,3486.941,,,,,,,,,,,,,,,,,,,,,,,4,,,,,,,,,,,,,,,,,,,,,,,,,,,,,,,,,,,,,,,0,0,,,,,,,,,,,,,,,,,,,,,,,,,,,,,,,,,,,,,,,,,,,,,,,,,,,,,,,,,,,,,,,,,,,,,,,,,,,,,,,,,,,,,,,,,,,,,,,,,,,,,,,,,,,,,,,,,,,,,,,,,,,,,,,,,,,,,,,,,,,,,,,,,"",0,0,"",,,,0,""
145,,8,0,2,2,0,0,0,0,0,0,255,255,255,58,3531.303,"Pugeuk",R,29,83,135,-0.202,0.174,0.498,1.523,0.201,1.559,-36.687,22.672,49,51,0,0,-212.553,-147.69,22.665,0,0,4,3,R,"Yaksok~",173.3,80,0.328,,37,W,Y,0,,,,,,,,,,,,,,,,,,,,,,,,,,,,0,0,,,,,,,,,,,,,,,,,,,,,,,,,,,,,,,,,,,,,,0.135,-37.49,-0.057,-17.038,-21.227,-46.485,-15.153,-63.662,22.661,-48.45,12.463,-59.302,40.907,-90.657,0,-109.84,-40.807,-90.557,,,,"",,,,"",,,,"",,,,"",,,,"",,,,"",,,,"",,,,"",,,,,,,,,,,,,,,,,,,,,,,,,,,,,,,,,,,,,,,,,,,,,,,,,,,,,,,,,,"",0,0,"",,,,0,""
146,,8,0,2,2,0,1,0,0,0,0,255,255,255,59,3546.771,"Pugeuk",R,10,74,103,1.148,-0.552,0.61,1.864,0.483,1.924,-36.687,37.295,89,11,0,0,0,400,-14.098,0,0,4,3,R,"Yaksok~",173.3,80,0.328,,37,W,Y,1,,,,,,,,,,,,,,,,,,,,,,,,,,,,0,0,,,,,,,,,,,,,,,,,,,,,,,,,,,,,,,,,,,,,,0.114,-37.405,0.045,-16.91,-20.647,-46.573,-15.178,-63.625,22.469,-47.987,12.891,-59.63,40.907,-90.657,0,-109.84,-40.807,-90.557,,,,"",,,,"",,,,"",,,,"",,,,"",,,,"",,,,"",,,,"",,,,,,,,,,,,,,,,,,,,,,,,,,,,,,,,,,,,,,,,,,,,,,,,,,,,,,,,,,"",0,0,"",,,,0,""
147,,8,0,2,2,0,2,0,0,0,0,255,255,255,60,3562.419,"Pugeuk",R,6,71,101,-0.505,-0.535,0.132,1.606,-0.999,1.313,-36.687,22.183,55,45,0,0,370.816,0,15.29,0,0,4,3,R,"Yaksok~",173.3,80,0.328,,37,W,Y,0,,,,,,,,,,,,,,,,,,,,,,,,,,,,0,0,,,,,,,,,,,,,,,3564.996,4,,578,0,,,,,,,,,,,,,,,,,,,-0.228,-37.426,-0.322,-16.88,-20.695,-46.032,-15.182,-63.677,22.516,-47.125,12.4,-61.271,40.907,-90.657,0,-109.84,-40.807,-90.557,,,,"",,,,"",,,,"",,,,"",,,,"",,,,"",,,,"",,,,"",,,,,,,,,,,,,,,,,,,,,,,,,,,,,,,,,,,,,,,,,,,,,,,,,,,,,,,,,,"",0,0,"",,,,0,""
148,,8,0,2,2,0,0,1,0,0,0,255,255,255,61,3587.482,"Pugeuk",R,26,84,137,0.271,0.726,0.52,1.637,0.305,1.935,-36.687,22.201,56,44,0,2,-142.918,-150,6.547,0,0,5,2,R,"Penguin_iDOL",190,80,0.299,3,37,W,Y,1,3588.547,255,118,104,92,39,145,123,26.066,38.16,-0.039,1.266,-18.871,0.74,0,0.342,262.004,535.641,-66.653,3588.609,-72.04,-91.11,,,,,,0,0,,,,,,,,,,,,,,,,,,,,,,,,,,,,,,,,,,,,,,0.145,-37.521,-0.077,-16.785,-21.457,-46.422,-15.168,-63.662,21.482,-46.623,9.906,-61.002,40.907,-90.657,0,-109.84,-40.807,-90.557,0.332,-36.947,,"mungjungh",-0.081,-16.798,,"うよすま",-21.082,-46.491,,"하루（Haru）",-15.169,-63.655,,"HANA_ARASHI",20.764,-45.844,,"Kr_Luna",6.654,-61.084,,"AI",40.9,-90.65,,"AI",0,-109.84,,"AI",-40.807,-90.557,,,,,,,,,,,,,,,,,,,,,,,,,,,,,,,,,,,,,,,,,,,,,,,,,,,,,,,,"",3,0,"",,,,0,""
149,,8,0,2,2,0,1,1,0,0,0,255,255,255,62,3610.237,"Pugeuk",R,14,85,109,13.004,0.959,0.327,1.677,-0.397,1.927,-36.687,9.662,62,38,0,2,372.569,329.596,14.969,0,0,5,2,R,"Penguin_iDOL",190,80,0.299,3,71,W,Y,1,3611.698,141,108,86,53,58,140,93,-18.957,15.291,0.147,0.878,-19.906,-0.54,0,0.219,-439.153,301.48,276.143,3606.769,-0.484,-22.196,3608.756,3,-12.954,0.065,-56.366,0,0,,,,,,,,,,,,,,,3616.515,5,,147,4,,,,,,,,,,,,,,,,,,,0.098,-37.467,-0.043,-17.054,-19.967,-41.219,-15.843,-62.698,21.821,-46.196,6.871,-62.032,40.907,-90.657,0,-109.84,-40.807,-90.557,0.459,-37.452,,"mungjungh",-0.049,-17.069,,"うよすま",-19.287,-43.289,68,"하루（Haru）",-15.838,-62.692,93,"HANA_ARASHI",21.827,-46.75,,"Kr_Luna",6.84,-62.034,,"AI",40.9,-90.65,,"AI",0,-109.84,,"AI",-40.8,-90.55,,3619.959,-1.831,-38.267,,,,3615.934,-18.824,-40.878,3613.793,-13.422,-57.591,,,,,,,,,,,,,,,,,,,,,,3618.813,-17.945,-39.607,3615.053,-14.209,-55.357,,,,,,,,,,,,,,,,"",2,0,"하루（Haru）",,,,14,""
150,,8,0,2,2,0,0,2,0,0,0,255,255,255,63,3634.348,"Pugeuk",R,30,82,133,-0.558,0.079,0.445,1.53,-0.044,1.589,-36.687,41.476,51,49,0,0,-145.383,-79.831,23.307,0,0,6,1,L,"눈꽃",190,80,0.505,,37,W,Y,0,,,,,,,,,,,,,,,,,,,,,,,,,,,,0,0,,,,,,,,,,,,,,,,,,,,,,,,,,,,,,,,,,,,,,-0.152,-37.319,0.02,-17.084,-19.562,-47.396,-13.892,-64.44,19.751,-56.022,6.686,-62.496,40.9,-90.65,0,-109.84,-40.8,-90.55,,,,"",,,,"",,,,"",,,,"",,,,"",,,,"",,,,"",,,,"",,,,3638.457,0.17,-37.003,,,,,,,,,,,,,,,,,,,,,,,,,,,,,,,,,,,,,,,,,,,,,,,,,,,,"",0,0,"",,,,0,""
151,,8,0,2,2,0,1,2,0,0,0,255,255,255,64,3649.732,"Pugeuk",R,14,84,109,2.035,-0.981,0.506,1.452,0.161,1.443,-36.687,27.473,46,54,0,1,375.483,326.212,21.604,0,0,6,1,L,"눈꽃",190,80,0.505,,37,W,Y,0,,,,,,,,,,,,,,,,,,,,,,,,,,,,0,0,,,,,,,,,,,,,,,,,,,,,,,,,,,,,,,,,,,,,,0.062,-37.303,-0.034,-16.972,-19.02,-47.115,-14.014,-64.555,19.226,-55.112,10.149,-62.901,40.9,-90.65,0,-109.84,-40.8,-90.55,,,,"",,,,"",,,,"",,,,"",,,,"",,,,"",,,,"",,,,"",,,,3654.5,0.122,-37.509,,,,,,,,,,,,,,,,,,,,,,,,,,,,,,,,,,,,,,,,,,,,,,,,,,,,"",0,0,"",,,,0,""
152,,8,0,2,2,1,1,2,0,0,0,255,255,255,65,3664.757,"Pugeuk",R,14,85,109,-0.542,-1.773,0.154,1.434,-0.933,0.97,-36.687,19.529,47,53,0,4,361.218,342.223,27.297,0.138,-17.589,6,1,L,"눈꽃",190,80,0.505,,37,W,Y,1,,,,,,,,,,,,,,,,,,,,,,,,,,,,0,0,,,,,,,,,,,,,,,,,,,,,,,,,,,,,,,,,,,,,,-0.127,-37.386,-0.274,-17.007,-18.898,-47.055,-14.017,-64.555,21.56,-55.182,11.73,-61.981,40.915,-90.664,0,-109.85,-40.815,-90.564,,,,"",,,,"",,,,"",,,,"",,,,"",,,,"",,,,"",,,,"",,,,3671.528,-0.046,-37.317,,,,,,,,,,,,,,,,,,,,,,,,,,,,,,,,,,,,,,,,,,,,,,,,,,,,"",0,0,"",,,,0,""
153,,8,0,2,2,1,2,2,0,0,0,255,255,255,66,3681.701,"Pugeuk",R,6,78,104,-0.705,-0.662,0.142,1.544,-1.28,1.209,-36.687,13.495,37,63,0,0,466.081,0,29.316,0,0,6,1,L,"눈꽃",190,80,0.505,,37,W,Y,1,,,,,,,,,,,,,,,,,,,,,,,,,,,,0,0,,,,,,,,,,,,,,,3684.659,6,,578,0,,,,,,,,,,,,,,,,,,,-0.139,-37.346,0.118,-17.023,-20.043,-47.284,-14.008,-64.548,19.418,-57.244,9.643,-62.757,40.9,-90.65,0,-109.84,-40.8,-90.55,,,,"",,,,"",,,,"",,,,"",,,,"",,,,"",,,,"",,,,"",,,,3686.368,-0.127,-37.549,,,,,,,,,,,,,,,,,,,,,,,,,,,,,,,,,,,,,,,,,,,,,,,,,,,,"",0,0,"",,,,0,""
154,SIDE,8,0,2,2,0,0,2,0,0,0,255,255,255,,3688.073,,,,,,,,,,,,,,,,,,,,,,,0,,,,,,,,,,,,,,,,,,,,,,,,,,,,,,,,,,,,,,,0,0,,,,,,,,,,,,,,,,,,,,,,,,,,,,,,,,,,,,,,,,,,,,,,,,,,,,,,,,,,,,,,,,,,,,,,,,,,,,,,,,,,,,,,,,,,,,,,,,,,,,,,,,,,,,,,,,,,,,,,,,,,,,,,,,,,,,,,,,,,,,,,,,,"",0,0,"",,,,0,""
155,,9,1,2,2,0,0,0,0,0,0,255,255,255,71,3725.518,"Pring__",R,32,90,140,-2.406,-1.659,-0.033,1.2,-1.323,0.411,-36.191,24.95,0,100,0,4,250,-200,44.654,0,0,4,1,R,"mungjungh",190,86.732,0.403,,37,W,Y,1,,,,,,,,,,,,,,,,,,,,,,,,,,,,0,0,,,,,,,,,,,,,,,,,,,,,,,,,,,,,,,,,,,,,,-0.094,-37.106,-0.06,-17.885,-20.947,-47.942,-15.717,-63.438,22.158,-52.972,9.493,-63.008,40.93,-90.678,-0.987,-105.735,-40.837,-90.584,,,,"",,,,"",,,,"",,,,"",,,,"",,,,"",,,,"",,,,"",,,,,,,,,,,,,,,,,,,,,,,,,,,,,,,,,,,,,,,,,,,,,,,,,,,,,,,,,,"",0,0,"",,,,0,""
156,,9,1,2,2,0,1,0,0,0,0,255,255,255,72,3743.189,"Pring__",R,26,90,140,0.192,0.428,0.226,1.406,-0.117,1.726,-36.191,30.074,27,73,0,2,150.431,-200,11.043,0,0,4,1,R,"mungjungh",190,86.732,0.403,5,37,W,Y,1,3744.304,131,255,110,43,10,138,124,-1.166,60.499,0.035,1.16,-19.717,0.75,0,0.511,-506.109,145.409,287.593,3739.595,-14.203,-27.671,,,,,,0,0,,,,,,,,,,,,,,,,,,,,,,,,,,,,,,,,,,,,,,-0.149,-37.078,-0.019,-18.022,-21.244,-47.693,-15.988,-63.097,22.426,-53.005,9.492,-63.199,40.922,-90.671,-0.983,-105.78,-40.822,-90.571,-0.269,-36.794,,"눈꽃",-0.026,-18.051,,"Penguin_iDOL",-21.12,-47.752,,"Yaksok~",-16.491,-64.594,,"_Gosomi",22.374,-52.926,,"CoalCat",9.47,-63.098,,"AI",40.9,-90.65,,"ByeolBam",-0.971,-105.835,,"AI",-40.8,-90.55,,,,,,,,,,,,,,,,,,,,,,,,,,,,,,,,,,,,,,,,,,,,,,,,,,,,,,,,"",3,0,"",,,,0,""
157,,9,1,2,2,0,2,0,0,0,0,255,255,255,73,3759.853,"Pring__",R,13,86,110,-1.829,-1.103,0.217,1.425,-0.105,1.311,-36.191,19.729,42,58,0,4,-390.434,300,38.767,0,0,4,1,R,"mungjungh",190,86.732,0.403,,37,W,Y,1,,,,,,,,,,,,,,,,,,,,,,,,,,,,0,0,,,,,,,,,,,,,,,3762.618,4,,578,0,,,,,,,,,,,,,,,,,,,0.004,-37.162,-0.052,-18.027,-21.797,-48.267,-15.652,-63.317,21.388,-52.72,8.97,-63.737,40.915,-90.664,-1.367,-106.244,-40.815,-90.564,,,,"",,,,"",,,,"",,,,"",,,,"",,,,"",,,,"",,,,"",,,,,,,,,,,,,,,,,,,,,,,,,,,,,,,,,,,,,,,,,,,,,,,,,,,,,,,,,,"",0,0,"",,,,0,""
158,,9,1,2,2,0,0,1,0,0,0,255,255,255,74,3778.309,"Pring__",R,13,86,110,-0.962,-0.411,0.334,1.424,0.257,1.742,-36.191,29.881,0,100,0,2,-390.434,300,17.164,0,0,5,4,R,"HANA_ARASHI",190,90,0.25,3,37,W,Y,1,3779.488,152,99,48,45,40,132,104,-3.754,14.511,-0.229,0.883,-21.323,0.93,0,0.716,-470.768,317.787,-193.364,3774.542,-2.414,-29.515,3776.236,3,-9.584,0.055,-60.856,0,0,,,,,,,,,,,,,,,3783.803,5,,147,16,,,,,,,,,,,,,,,,,,,-0.058,-36.99,-0.084,-18.027,-21.717,-48.651,-15.654,-63.321,21.578,-53.065,8.809,-64.498,40.922,-90.67,-1.145,-110.408,-40.822,-90.57,-0.148,-36.884,,"눈꽃",-0.124,-18.086,,"Penguin_iDOL",-21.708,-48.515,74,"Yaksok~",-15.66,-63.331,105,"_Gosomi",21.579,-53.004,,"CoalCat",8.926,-64.379,,"AI",40.9,-90.65,,"ByeolBam",-2.717,-110.664,,"AI",-40.8,-90.55,,3786.502,-0.918,-38.189,,,,3783.242,-19.143,-40.077,3781.446,-10.099,-62.089,,,,,,,,,,,,,,,,,,,,,,3785.417,-18.025,-40.303,3782.252,-11.289,-57.731,,,,,,,,,,,,,,,,"",2,0,"Yaksok~",,,,52,""
159,,9,1,2,2,0,0,2,0,0,0,255,255,255,75,3801.995,"Pring__",R,32,96,140,-3.164,-1.106,-0.105,1.11,-1.657,0.767,-36.191,26.74,26,74,0,1,242.057,-200,46.229,0,0,6,5,L,"Kr_Luna",190,95,0.498,,37,W,Y,0,,,,,,,,,,,,,,,,,,,,,,,,,,,,0,0,,,,,,,,,,,,,,,,,,,,,,,,,,,,,,,,,,,,,,-0.097,-37.079,-0.053,-17.996,-23.477,-50.04,-14.79,-63.82,25.765,-51.131,12.89,-62.895,40.922,-90.671,2.012,-108.763,-40.822,-90.571,,,,"",,,,"",,,,"",,,,"",,,,"",,,,"",,,,"",,,,"",,,,3805.313,-0.003,-37.456,,,,,,,,,,,,,,,,,,,,,,,,,,,,,,,,,,,,,,,,,,,,,,,,,,,,"",0,0,"",,,,0,""
160,,9,1,2,2,1,0,2,0,0,0,255,255,255,76,3814.758,"Pring__",R,26,86,139,1.382,0.745,0.323,1.467,0.335,1.925,-36.191,32.693,19,81,0,0,197.754,-200,-0.252,0,0,6,5,L,"Kr_Luna",190,95,0.498,,37,W,Y,1,,,,,,,,,,,,,,,,,,,,,,,,,,,,0,0,,,,,,,,,,,,,,,,,,,,,,,,,,,,,,,,,,,,,,-0.061,-37.163,-0.047,-18,-22.702,-50.546,-5.874,-67.345,25.744,-51.182,12.927,-62.855,40.915,-90.664,2.009,-108.763,-40.815,-90.564,,,,"",,,,"",,,,"",,,,"",,,,"",,,,"",,,,"",,,,"",,,,3818.313,-0.008,-37.661,,,,,,,,,,,,,,,,,,,,,,,,,,,,,,,,,,,,,,,,,,,,,,,,,,,,"",0,0,"",,,,0,""
161,,9,1,2,2,1,1,2,0,0,0,255,255,255,77,3828.488,"Pring__",R,13,85,109,-0.283,-0.597,0.429,1.373,0.552,1.632,-36.191,30.422,0,100,0,0,-386.885,300,10.482,0,0,6,5,L,"Kr_Luna",190,95,0.498,,37,W,Y,1,,,,,,,,,,,,,,,,,,,,,,,,,,,,0,0,,,,,,,,,,,,,,,,,,,,,,,,,,,,,,,,,,,,,,0.092,-37.214,-0.061,-18.001,-23.046,-50.294,-8.838,-67,25.265,-51.818,13.002,-62.81,40.915,-90.664,2.462,-109.477,-40.815,-90.564,,,,"",,,,"",,,,"",,,,"",,,,"",,,,"",,,,"",,,,"",,,,3832.368,0.257,-37.841,,,,,,,,,,,,,,,,,,,,,,,,,,,,,,,,,,,,,,,,,,,,,,,,,,,,"",0,0,"",,,,0,""
162,,9,1,2,2,1,2,2,0,0,0,255,255,255,78,3844.607,"Pring__",R,10,93,120,1.117,-0.878,0.42,1.265,0.524,1.399,-36.191,35.091,43,57,0,0,-32.284,300,6.333,0,0,6,5,L,"Kr_Luna",190,95,0.498,,37,W,Y,1,,,,,,,,,,,,,,,,,,,,,,,,,,,,0,0,,,,,,,,,,,,,,,3847.083,6,,578,0,,,,,,,,,,,,,,,,,,,0.033,-37.046,-0.053,-18.08,-22.981,-50.382,-9.018,-66.85,25.27,-51.865,12.653,-62.893,40.915,-90.664,4.659,-108.29,-40.815,-90.564,,,,"",,,,"",,,,"",,,,"",,,,"",,,,"",,,,"",,,,"",,,,3848.346,0.37,-32.884,,,,,,,,,,,,,,,,,,,,,,,,,,,,,,,,,,,,,,,,,,,,,,,,,,,,"",0,0,"",,,,0,""
163,SIDE,9,1,2,2,0,0,2,0,0,0,255,255,255,,3849.285,,,,,,,,,,,,,,,,,,,,,,,1,,,,,,,,,,,,,,,,,,,,,,,,,,,,,,,,,,,,,,,0,0,,,,,,,,,,,,,,,,,,,,,,,,,,,,,,,,,,,,,,,,,,,,,,,,,,,,,,,,,,,,,,,,,,,,,,,,,,,,,,,,,,,,,,,,,,,,,,,,,,,,,,,,,,,,,,,,,,,,,,,,,,,,,,,,,,,,,,,,,,,,,,,,,"",0,0,"",,,,0,""
164,,9,0,2,2,0,0,0,0,0,0,255,255,255,67,3884.067,"Pugeuk",R,3,71,99,0.762,-0.351,0.837,1.81,1.186,1.793,-36.687,33.551,46,53,1,2,-401.778,225.187,21.942,0,0,0,7,R,"ByeolBam",175.4,90,0.5,3,37,W,Y,1,3885.202,186,77,17,32,15,51,51,6.444,-17.752,0.152,0.851,-21.068,0.63,0,0.279,-293.21,520.929,-51.58,3880.742,3.664,-33.441,3881.396,0,4.513,0.139,-37.162,0,1,,3890.675,,,,,,,,,,,,,3890.162,0,,147,8,,,,,,,,,,,,,,,,,,,0.328,-37.384,0.053,-17.027,-21.713,-47.893,-14.623,-64.111,22.227,-53.632,14.103,-59.17,40.9,-90.65,0,-109.84,-40.8,-90.55,0.199,-37.011,98,"mungjungh",0.008,-17.071,,"うよすま",-21.455,-47.777,65,"하루（Haru）",-14.632,-64.113,,"HANA_ARASHI",21.993,-53.682,,"Kr_Luna",12.661,-59.579,,"AI",40.9,-90.65,,"AI",0,-109.84,,"AI",-40.8,-90.55,,3886.806,4.401,-37.632,,,,3889.588,-18.605,-39.453,,,,,,,,,,,,,,,,,,,3888.509,1.242,-35.215,,,,3892.235,-17.893,-39.589,,,,,,,,,,,,,,,,,,,"",2,0,"Pugeuk",,,,10,""
165,,9,0,2,2,0,0,1,0,0,0,255,255,255,68,3904.112,"Pugeuk",R,13,75,101,0.801,-0.432,0.817,1.857,1.124,1.905,-36.687,39.79,56,44,0,0,-357.463,313.741,32.689,-0.236,-18.234,1,5,R,"CoalCat",174.6,83,0.397,,37,W,Y,0,,,,,,,,,,,,,,,,,,,,,,,,,,,,0,0,,,,,,,,,,,,,,,,,,,,,,,,,,,,,,,,,,,,,,0.235,-37.443,0.003,-17.241,-19.885,-45.621,-14.828,-62.889,22.413,-54.675,10.305,-57.926,40.908,-90.657,0,-109.85,-40.808,-90.557,,,,"",,,,"",,,,"",,,,"",,,,"",,,,"",,,,"",,,,"",,,,3909.371,0.192,-37.921,,,,,,,,,,,,,,,,,,,,,,,,,,,,,,,,,,,,,,,,,,,,,,,,,,,,"",0,0,"",,,,0,""
166,,9,0,2,2,0,1,1,0,0,0,255,255,255,69,3918.109,"Pugeuk",R,13,75,101,0.781,-0.417,0.8,1.846,1.07,1.879,-36.687,31.984,55,45,0,2,-358.49,312.348,20.673,0,0,1,5,R,"CoalCat",174.6,83,0.397,3,37,W,Y,1,3919.356,255,127,28,19,18,84,82,26.172,-20.605,0.497,1.41,-22.038,0.62,0,0.542,-34.821,250.803,543.954,3918.302,19.294,-85.843,3919.889,6,22.267,0.131,-97.387,1,0,,3924.273,,,,,,,,,,,,,,,,,,,,,,,,,,,,,,,,,,,,0.335,-37.431,-0.022,-17.146,-19.783,-45.587,-14.853,-62.881,21.673,-57.629,10.318,-57.889,40.9,-90.65,0,-109.84,-40.8,-90.55,0.006,-37.202,,"mungjungh",-0.059,-17.268,,"うよすま",-19.554,-45.44,,"하루（Haru）",-14.859,-62.881,75,"HANA_ARASHI",20.695,-59.945,,"Kr_Luna",10.318,-57.897,,"AI",40.9,-90.65,,"AI",0,-109.84,,"AI",-40.8,-90.55,,3933.233,0.841,-40.417,,,,,,,3928.875,0.514,-59.86,,,,,,,,,,,,,,,,,,,,,,,,,3932.219,-4.516,-54.623,,,,,,,,,,,,,,,,"",2,0,"AI",,,,12,""
167,,9,0,2,2,0,0,1,1,0,0,15,255,255,70,3946.091,"Pugeuk",R,14,80,118,-0.627,0.204,0.252,1.893,-0.94,2.117,-36.687,23.783,92,8,0,2,383.436,320.9,1.306,0,0,2,2,L,"Pring__",190,92.741,0.481,3,37,W,Y,1,3947.133,255,123,103,135,91,145,114,-30,17.306,-0.119,0.942,-21.116,0.9,0,0.477,-182.83,234.222,521.261,3941.702,-0.59,-22.63,3943.662,3,-11.708,1.753,-58.328,1,0,,3952.695,,,,3952.27,,,,,,3946.244,,,3952.624,1,1,166,4,,,,,,,,,,,,,3951.967,5,,,,,0.018,-37.504,-0.015,-17.379,-19.582,-40.696,-8.48,-64.133,21.399,-54.275,13.592,-61.492,40.9,-90.65,0,-109.84,-40.8,-90.55,0.409,-37.145,,"mungjungh",-0.063,-17.431,,"うよすま",-18.318,-43.466,61,"하루（Haru）",-8.484,-64.139,87,"HANA_ARASHI",21.406,-54.526,,"Kr_Luna",13.612,-61.592,119,"AI",40.9,-90.65,,"AI",0,-109.84,,"AI",-40.8,-90.55,,3960.575,-1.106,-39.076,,,,3953.401,-18.401,-40.051,3949.167,-12.094,-59.349,,,,3950.933,5.438,-59.624,,,,,,,,,,,,,,,,3959.286,-17.857,-40.059,3950.051,-9.655,-58.226,,,,3952.306,-1.479,-57.214,,,,,,,,,,"",2,0,"하루（Haru）",3952.27,,,78,""
168,,9,0,2,2,0,0,2,1,0,0,12,255,255,71,3977.908,"Pugeuk",R,3,60,92,2.35,0.952,1.026,1.923,1.783,2.176,-36.687,67.998,79,21,0,1,-379.872,0,87.254,0,0,3,4,R,"_Gosomi",175,86.368,0.474,,37,W,Y,0,,,,,,,,,,,,,,,,,,,,,,,,,,,,0,0,,,,,,,,,,,,3990.536,,,,,,,,,,,,,,,,,,,,,,,,,,0.344,-37.527,0.035,-17.09,-18.758,-44.75,-13.58,-61.884,20.531,-54.954,2.423,-60.425,40.9,-90.65,0,-109.84,-40.8,-90.55,,,,"",,,,"",,,,"",,,,"",,,,"",,,,"",,,,"",,,,"",,,,3982.286,-0.062,-37.761,,,,,,,,,,,,,,,,,,,,,,,,,,,,,,,,,,,,,,,,,,,,,,,,,,,,"",0,0,"",,,,0,""
169,,9,0,2,2,1,0,2,1,0,0,12,255,255,72,3992.91,"Pugeuk",R,13,85,109,0.259,-1.561,0.704,1.56,0.775,1.209,-36.687,23.861,40,60,0,2,-359.921,343.612,18.197,0,0,3,4,R,"_Gosomi",175,86.368,0.474,3,37,W,Y,1,3994.091,255,64,10,19,14,36,39,-0.109,-5.177,0.045,0.429,-20.387,0.37,0,0.461,-403.966,-94.587,433.434,3988.809,0.421,-24.402,3990.142,0,0.778,0.055,-33.44,0,0,,,,,,,,,,,,,,,3998.173,2,1,166,8,,,,,,,,,,,,,,,,,,,0.287,-37.37,-0.097,-17.239,-19.664,-40.396,-14.587,-62.621,20.533,-55.867,8.96,-63.31,40.9,-90.65,0,-109.84,-40.8,-90.55,0.423,-37.292,120,"mungjungh",-0.124,-17.298,,"うよすま",-19.211,-43.529,,"하루（Haru）",-14.13,-62.787,,"HANA_ARASHI",19.984,-54.646,,"Kr_Luna",7.241,-63.108,119,"AI",40.9,-90.65,,"AI",0,-109.84,,"AI",-40.8,-90.55,,3995.76,0.75,-34.067,,,,,,,,,,,,,3997.546,0.106,-58.742,,,,,,,,,,3996.561,0.573,-35.705,,,,,,,,,,,,,3998.096,-2.19,-56.689,,,,,,,,,,"",2,0,"Pugeuk",,,,72,""
170,SIDE,9,0,2,2,0,0,2,0,0,0,255,255,255,,3999.002,,,,,,,,,,,,,,,,,,,,,,,4,,,,,,,,,,,,,,,,,,,,,,,,,,,,,,,,,,,,,,,0,0,,,,,,,,,,,,,,,,,,,,,,,,,,,,,,,,,,,,,,,,,,,,,,,,,,,,,,,,,,,,,,,,,,,,,,,,,,,,,,,,,,,,,,,,,,,,,,,,,,,,,,,,,,,,,,,,,,,,,,,,,,,,,,,,,,,,,,,,,,,,,,,,,"",0,0,"",,,,0,""
171,,10,1,2,2,0,0,0,0,0,0,255,255,255,79,4064.82,"Penguin_iDOL",R,14,95,126,1.473,-1.431,0.149,1.889,-0.238,1.441,-36.486,25.777,84,16,0,2,383.554,320.759,22.06,0,0,1,2,R,"うよすま",190,85.375,0.502,0,37,W,Y,1,4065.858,255,111,91,93,12,145,92,30.897,14.603,0.154,0.699,-20.266,-1,0,0.477,112.62,518.48,280.171,4064.716,-28.354,-88.798,4064.902,8,-27.135,2.239,-86.543,0,0,,4072.121,,,,,,,,,,,,,4070.686,1,,456,0,,,,,,,,,,,,,,,,,,,-0.065,-37.638,-0.066,-17.771,-20.919,-46.482,-15.617,-63.715,23.304,-54.328,9.834,-64.984,40.922,-90.671,-0.048,-110.696,-40.822,-90.57,0.281,-36.816,,"눈꽃",-0.073,-17.773,,"Pring__",-20.784,-46.434,88,"Yaksok~",-15.882,-64.025,,"_Gosomi",23.333,-54.242,,"CoalCat",9.857,-64.869,,"AI",40.9,-90.65,,"ByeolBam",-0.05,-110.7,,"AI",-40.8,-90.55,,4076.908,-0.708,-38.262,,,,4074.79,-18.896,-40.645,,,,,,,,,,,,,,,,,,,,,,,,,4075.811,-17.758,-40.094,,,,,,,,,,,,,,,,,,,"",1,0,"AI",,,,36,""
172,,10,1,2,2,0,0,1,0,0,0,255,255,255,80,4092.534,"Penguin_iDOL",R,14,84,108,-1.278,-0.898,-0.214,1.941,-1.285,1.618,-36.486,27.781,91,9,0,0,383.336,312.348,23.94,0,0,2,3,L,"하루（Haru）",160,95,0.397,,37,W,Y,0,,,,,,,,,,,,,,,,,,,,,,,,,,,,0,0,,,,,,,,,,,,,,,,,,,,,,,,,,,,,,,,,,,,,,-0.241,-37.536,-0.098,-17.83,-21.149,-46.306,-3.606,-68.133,24.908,-52.096,12.269,-63.328,40.922,-90.671,-1.291,-103.497,-40.822,-90.571,,,,"",,,,"",,,,"",,,,"",,,,"",,,,"",,,,"",,,,"",,,,4096.563,-0.104,-37.436,,,,,,,,,,,,,,,,,,,,,,,,,,,,,,,,,,,,,,,,,,,,,,,,,,,,"",0,0,"",,,,0,""
173,,10,1,2,2,0,1,1,0,0,0,255,255,255,81,4109.907,"Penguin_iDOL",R,29,84,136,-1.921,0.206,0.043,1.759,-0.52,1.706,-36.486,31.077,96,4,0,2,-250,-150,10.047,0,0,2,3,L,"하루（Haru）",160,95,0.397,3,37,W,Y,1,4110.921,162,36,91,58,42,145,80,29.299,1.414,-0.396,1.073,-20.074,-0.82,0,0.182,274.808,-57.485,530.26,4110.116,-3.027,-87.501,4110.236,7,-3.026,1.565,-85.918,0,0,,4115.802,,,,,,,,,,,,,4116.086,2,,456,0,,,,,,,,,,,,,,,,,,,-0.173,-37.697,-0.083,-17.784,-21.128,-46.259,-3.81,-68.109,24.911,-52.105,12.265,-63.324,40.915,-90.664,-0.268,-103.435,-40.815,-90.564,-0.56,-37.096,,"눈꽃",-0.148,-17.808,,"Pring__",-20.826,-46.214,,"Yaksok~",-3.814,-68.118,,"_Gosomi",25.122,-52.373,,"CoalCat",12.265,-63.221,,"AI",40.9,-90.65,,"ByeolBam",-0.274,-103.441,101,"AI",-40.8,-90.55,,4120.027,-0.203,-38.719,,,,,,,,,,,,,,,,,,,4116.095,-3.12,-86.434,,,,,,,,,,,,,,,,,,,,,,,,,4117.96,-3.276,-81.604,,,,"",1,0,"ByeolBam",,,,33,""
174,,10,1,2,2,0,0,2,0,0,0,255,255,255,82,4144.32,"Penguin_iDOL",R,14,84,123,1.411,-0.335,0.154,1.798,0.009,1.689,-36.486,21.982,92,8,0,2,390.434,312.348,21.895,0,0,3,0,R,"Pugeuk",190,85.842,0.349,3,37,W,Y,1,4145.375,182,72,66,49,18,137,94,-46.311,-23.409,0.291,0.628,-20.196,-0.38,0,0.772,-583.613,-26.93,136.639,4139.529,0.542,-20.774,4140.996,0,2.18,3.172,-35.89,0,0,,,,,,,,,,,,,,,4149.958,3,,147,32,,,,,,,,,,,,,,,,,,,0.003,-37.757,0.019,-17.841,-21.136,-46.658,-14.107,-63.882,22.367,-55.043,9.116,-64.081,40.937,-90.684,-1.052,-105.307,-40.837,-90.584,-0.149,-37.028,96,"눈꽃",0.018,-17.844,,"Pring__",-20.825,-46.667,,"Yaksok~",-14.555,-63.543,,"_Gosomi",22.37,-54.926,,"CoalCat",9.029,-63.98,,"AI",40.9,-90.65,,"ByeolBam",-1.262,-105.601,,"AI",-40.8,-90.55,,4146.941,1.902,-36.446,,,,4149.25,-19.002,-39.031,,,,,,,,,,,,,,,,,,,4148.247,2.035,-35.088,,,,,,,,,,,,,,,,,,,,,,,,,"",2,0,"Penguin_iDOL",,,,36,""
175,SIDE,10,1,2,2,0,0,2,0,0,0,255,255,255,,4151.077,,,,,,,,,,,,,,,,,,,,,,,4,,,,,,,,,,,,,,,,,,,,,,,,,,,,,,,,,,,,,,,0,0,,,,,,,,,,,,,,,,,,,,,,,,,,,,,,,,,,,,,,,,,,,,,,,,,,,,,,,,,,,,,,,,,,,,,,,,,,,,,,,,,,,,,,,,,,,,,,,,,,,,,,,,,,,,,,,,,,,,,,,,,,,,,,,,,,,,,,,,,,,,,,,,,"",0,0,"",,,,0,""
176,,10,0,2,2,0,0,0,0,0,0,255,255,255,73,4181.499,"Pugeuk",R,13,79,105,-1.016,-1.063,0.473,1.735,0.056,1.619,-36.687,23.626,57,43,0,0,-256.798,400,0.729,0,0,4,3,R,"Yaksok~",173.3,80,0.328,,37,W,Y,1,,,,,,,,,,,,,,,,,,,,,,,,,,,,0,0,,,,,,,,,,,,,,,,,,,,,,,,,,,,,,,,,,,,,,0.147,-37.423,0.005,-17.004,-19.543,-46.012,-15.259,-63.743,22.45,-52.595,12.624,-59.498,40.9,-90.65,0,-109.85,-40.8,-90.55,,,,"",,,,"",,,,"",,,,"",,,,"",,,,"",,,,"",,,,"",,,,,,,,,,,,,,,,,,,,,,,,,,,,,,,,,,,,,,,,,,,,,,,,,,,,,,,,,,"",0,0,"",,,,0,""
177,,10,0,2,2,0,1,0,0,0,0,255,255,255,74,4196.528,"Pugeuk",R,29,87,140,-0.295,-0.978,0.486,1.339,0.145,0.906,-36.687,42.226,57,43,0,0,-213.489,-150,23.311,0,0,4,3,R,"Yaksok~",173.3,80,0.328,,37,W,Y,1,,,,,,,,,,,,,,,,,,,,,,,,,,,,0,0,,,,,,,,,,,,,,,,,,,,,,,,,,,,,,,,,,,,,,-0.052,-37.373,0.041,-17.289,-21.077,-47.18,-14.806,-63.208,22.34,-52.458,12.614,-61.373,40.907,-90.657,0,-109.85,-40.807,-90.557,,,,"",,,,"",,,,"",,,,"",,,,"",,,,"",,,,"",,,,"",,,,,,,,,,,,,,,,,,,,,,,,,,,,,,,,,,,,,,,,,,,,,,,,,,,,,,,,,,"",0,0,"",,,,0,""
178,,10,0,2,2,0,2,0,0,0,0,255,255,255,75,4213.67,"Pugeuk",R,13,67,96,1.907,-0.187,0.96,1.919,1.566,2.053,-36.687,57.023,77,21,1,2,-340.743,312.348,-16.42,0,0,4,3,R,"Yaksok~",173.3,80,0.328,3,37,W,Y,1,4214.816,159,118,65,60,16,138,81,100.876,72.098,0.332,0.803,-19.57,-0.79,0,0.188,-467.717,-234.985,293.296,,,,,,,,,0,0,,,,,,,,,,,,,,,,,,,,,,,,,,,,,,,,,,,,,,0.27,-37.513,0.051,-17.202,-20.788,-46.575,-14.804,-63.203,22.033,-51.131,12.21,-61.836,40.915,-90.664,0,-109.85,-40.815,-90.564,0.283,-37.194,,"mungjungh",0.014,-17.22,,"うよすま",-20.528,-46.429,,"하루（Haru）",-14.801,-63.2,,"HANA_ARASHI",21.761,-50.776,,"Kr_Luna",12.33,-61.83,,"AI",40.9,-90.65,,"AI",0,-109.84,,"AI",-40.8,-90.55,,,,,,,,,,,,,,,,,,,,,,,,,,,,,,,,,,,,,,,,,,,,,,,,,,,,,,,,"",3,0,"",,,,0,""
179,,10,0,2,2,0,2,0,0,0,0,255,255,255,76,4230.03,"Pugeuk",R,6,85,109,-0.704,-1.257,0.052,1.429,-1.248,0.895,-36.687,18.285,51,49,0,1,484.808,0,33.542,0,0,4,3,R,"Yaksok~",173.3,80,0.328,,37,W,Y,0,,,,,,,,,,,,,,,,,,,,,,,,,,,,0,0,,,,,,,,,,,,,,,,,,,,,,,,,,,,,,,,,,,,,,-0.231,-37.467,0.013,-17.202,-20.882,-46.806,-14.328,-63.035,22.022,-49.921,13.324,-62.596,40.907,-90.657,0,-109.84,-40.807,-90.557,,,,"",,,,"",,,,"",,,,"",,,,"",,,,"",,,,"",,,,"",,,,,,,,,,,,,,,,,,,,,,,,,,,,,,,,,,,,,,,,,,,,,,,,,,,,,,,,,,"",0,0,"",,,,0,""
180,,10,0,2,2,1,2,0,0,0,0,255,255,255,77,4244.649,"Pugeuk",R,10,84,111,0.411,-1.025,0.508,1.722,0.165,1.588,-36.687,28.423,49,51,0,2,0,400,-7.987,0,0,4,3,R,"Yaksok~",173.3,80,0.328,3,37,W,Y,1,4245.669,200,150,65,62,8,139,118,-30,-35.768,-0.147,0.057,-19.211,0.77,0,0.275,-484.117,-41.23,-352.038,4239.636,-0.147,-19.211,4241.342,4,21.434,1.551,-49.083,0,0,,,,,,,,,,,,,,,4251.744,4,,147,32,,,,,,,,,,,4251.164,2,,,,,,,0.078,-37.457,0.014,-17.171,-20.152,-45.638,-14.307,-63.033,21.814,-53.678,13.462,-62.986,40.9,-90.65,0,-109.84,-40.807,-90.557,-0.153,-37.189,,"mungjungh",-0.009,-17.199,,"うよすま",-19.951,-45.507,55,"하루（Haru）",-14.312,-63.032,,"HANA_ARASHI",21.84,-53.715,120,"Kr_Luna",13.615,-62.899,,"AI",40.9,-90.65,,"AI",0,-109.84,,"AI",-40.807,-90.557,,4255.674,-0.835,-37.756,,,,4251.106,-18.327,-39.201,,,,4247.331,22.027,-49.342,,,,,,,,,,,,,,,,,,,4254.237,-17.888,-39.335,,,,4249.575,17.756,-46.387,,,,,,,,,,,,,"",2,0,"HANA_ARASHI",,,,42,""
181,,10,0,2,2,0,0,1,0,0,0,255,255,255,78,4268.194,"Pugeuk",R,14,89,112,1.718,-0.756,0.456,1.505,0.004,1.557,-36.687,23.536,48,52,0,2,390.434,312.348,26.607,0,0,5,0,R,"Penguin_iDOL",190,80,0.299,3,37,W,Y,1,4269.46,249,208,97,94,87,145,123,-30,-0.386,0.329,0.696,-20.138,0.21,0,0.559,-138.436,-531.074,-242.479,4263.422,0.338,-21.237,4264.289,,0.503,2.37,-39.639,0,0,,,,,,,,,,,,,,,4274.544,5,,147,8,,,,,,,,,,,,,,,,,,,0.069,-37.49,0.063,-16.903,-20.487,-45.785,-16.737,-62.15,20.373,-49.927,13.687,-61.371,40.9,-90.65,0,-109.84,-40.807,-90.557,0.568,-37.225,100,"mungjungh",0.056,-16.907,,"うよすま",-20.187,-45.657,67,"하루（Haru）",-16.737,-62.154,,"HANA_ARASHI",20.821,-51.185,,"Kr_Luna",10.689,-62.146,,"AI",40.9,-90.65,,"AI",0,-109.84,,"AI",-40.807,-90.557,,4270.342,0.416,-37.005,,,,4273.923,-18.634,-39.717,,,,,,,,,,,,,,,,,,,4272.977,-2.185,-34.914,,,,4276.598,-17.796,-39.961,,,,,,,,,,,,,,,,,,,"",2,0,"Mini_ByeolBam",,,,10,""
182,,10,0,2,2,0,0,2,0,0,0,255,255,255,79,4293.894,"Pugeuk",R,29,84,136,0.644,0.201,0.564,1.733,0.508,1.598,-36.687,22.773,50,50,0,2,-171.691,-148.268,10.003,0,0,6,1,L,"눈꽃",190,80,0.505,3,37,W,Y,1,4295.203,255,141,93,93,41,145,98,105.071,0.953,0.128,1.266,-19.747,-0.43,0,0.436,451.092,305.707,-251.116,,,,,,,,,0,0,,,,,,,,,,,,,,,,,,,,,,,,,,,,,,,,,,,,,,0.186,-37.523,0.07,-17.151,-19.635,-45.859,-12.699,-63.909,21.437,-52.706,12.707,-61.892,40.9,-90.65,0,-109.84,-40.8,-90.55,0.358,-37.268,,"mungjungh",0.062,-17.171,,"うよすま",-19.487,-45.557,,"하루（Haru）",-12.698,-63.909,,"HANA_ARASHI",21.465,-52.399,,"Kr_Luna",12.392,-62.215,,"AI",40.9,-90.65,,"AI",0,-109.84,,"AI",-40.8,-90.55,,,,,,,,,,,,,,,,,,,,,,,,,,,,,,,,,,,,,,,,,,,,,,,,,,,,,,,,"",3,0,"",,,,0,""
183,,10,0,2,2,0,1,2,0,0,0,255,255,255,80,4311.401,"Pugeuk",R,6,82,119,1.506,0.33,0.422,1.859,-0.152,2.006,-36.687,26.175,94,6,0,2,471.308,166.941,-5.421,0,0,6,1,L,"눈꽃",190,80,0.505,3,87,W,Y,1,4312.91,255,202,106,102,50,145,130,91.272,88.369,0.3,1.084,-19.767,0.55,0,0.472,286.906,519.639,-87.523,,,,,,,,,0,0,,,,,,,,,,,,,,,,,,,,,,,,,,,,,,,,,,,,,,0.102,-37.492,0.025,-16.886,-20.839,-46.158,-13.475,-64.054,21.492,-53.493,12.551,-62.929,40.907,-90.657,0,-109.84,-40.807,-90.557,0.284,-37.583,,"mungjungh",-0.026,-16.982,,"うよすま",-20.728,-46.098,,"하루（Haru）",-13.475,-64.06,,"HANA_ARASHI",21.415,-52.897,,"Kr_Luna",12.539,-64.608,,"AI",40.9,-90.65,,"AI",0,-109.84,,"AI",-40.8,-90.55,,,,,,,,,,,,,,,,,,,,,,,,,,,,,,,,,,,,,,,,,,,,,,,,,,,,,,,,"",3,0,"",,,,0,""
184,,10,0,2,2,0,2,2,0,0,0,255,255,255,81,4327.756,"Pugeuk",R,10,73,102,2.412,-1.25,0.786,1.643,1.028,1.422,-36.687,33.91,49,51,0,2,0,400,-15.469,0,0,6,1,L,"눈꽃",190,80,0.505,3,87,W,Y,1,4329.153,255,154,85,101,66,145,104,114.606,63.487,0.547,0.622,-20.508,0.94,0,0.474,393.91,-160.597,-423.136,,,,,,,,,0,0,,,,,,,,,,,,,,,,,,,,,,,,,,,,,,,,,,,,,,0.261,-37.412,-0.033,-17.291,-21.017,-46.169,-13.125,-63.678,21.158,-53.758,11.369,-63.98,40.9,-90.65,0,-109.84,-40.8,-90.55,-0.06,-37.46,,"mungjungh",-0.011,-17.326,,"うよすま",-20.769,-46.06,,"하루（Haru）",-13.128,-63.669,,"HANA_ARASHI",21.278,-52.146,,"Kr_Luna",11.394,-64.003,,"AI",40.9,-90.65,,"AI",0,-109.84,,"AI",-40.8,-90.55,,,,,,,,,,,,,,,,,,,,,,,,,,,,,,,,,,,,,,,,,,,,,,,,,,,,,,,,"",3,0,"",,,,0,""
185,,10,0,2,2,0,2,2,0,0,0,255,255,255,82,4342.976,"Pugeuk",R,29,81,132,-0.145,0.983,0.502,1.685,0.222,2.092,-36.687,36.014,63,37,0,2,-203.623,-147.219,12.306,0,0,6,1,L,"눈꽃",190,80,0.505,3,87,W,Y,1,4344.632,255,138,81,94,11,145,90,57.28,-20.443,-0.076,1.353,-19.426,-0.84,0,0.354,17.173,551.097,-236.637,4344.342,13.128,-72.92,4344.489,5,13.05,2.535,-71.649,0,0,,4351.188,,,,,,,,,,,,,4350.472,6,,454,0,,,,,,,,,,,,,,,,,,,-0.049,-37.45,0.003,-17.095,-20.915,-46.276,-14.009,-63.303,21.278,-52.07,14.321,-64.297,40.907,-90.657,0,-109.84,-40.807,-90.557,0.383,-37.378,,"mungjungh",-0.053,-17.369,,"うよすま",-20.652,-46.142,,"하루（Haru）",-14.003,-63.294,,"HANA_ARASHI",21.386,-51.602,,"Kr_Luna",13.623,-64.497,81,"AI",40.9,-90.65,,"AI",0,-109.84,,"AI",-40.8,-90.55,,,,,,,,,,,,,,,,,4350.482,13.23,-71.984,,,,,,,,,,,,,,,,,,,,,,,,,4351.784,13.282,-71.432,,,,,,,,,,"",1,0,"Kr_Luna",,,,64,""
186,SIDE,10,0,2,2,0,0,2,0,0,0,255,255,255,,4352.557,,,,,,,,,,,,,,,,,,,,,,,0,,,,,,,,,,,,,,,,,,,,,,,,,,,,,,,,,,,,,,,0,0,,,,,,,,,,,,,,,,,,,,,,,,,,,,,,,,,,,,,,,,,,,,,,,,,,,,,,,,,,,,,,,,,,,,,,,,,,,,,,,,,,,,,,,,,,,,,,,,,,,,,,,,,,,,,,,,,,,,,,,,,,,,,,,,,,,,,,,,,,,,,,,,,"",0,0,"",,,,0,""
187,,11,1,2,2,0,0,0,0,0,0,255,255,255,83,4404.689,"Penguin_iDOL",R,10,83,124,0.738,-1.018,0.24,1.678,0.185,1.407,-36.486,21.931,42,58,0,4,81.914,400,36.424,0,0,4,1,R,"mungjungh",190,86.732,0.403,,37,W,Y,1,,,,,,,,,,,,,,,,,,,,,,,,,,,,0,0,,,,,,,,,,,,,,,,,,,,,,,,,,,,,,,,,,,,,,-0.098,-37.463,0.032,-17.649,-20.917,-45.99,-15.772,-62.904,22.266,-55.045,9.447,-64.105,40.929,-90.677,-0.111,-106.457,-40.83,-90.577,,,,"",,,,"",,,,"",,,,"",,,,"",,,,"",,,,"",,,,"",,,,,,,,,,,,,,,,,,,,,,,,,,,,,,,,,,,,,,,,,,,,,,,,,,,,,,,,,,"",0,0,"",,,,0,""
188,,11,1,2,2,0,1,0,0,0,0,255,255,255,84,4430.976,"Penguin_iDOL",R,14,83,108,-0.674,-0.767,-0.167,1.917,-1.004,1.538,-36.486,28.178,91,9,0,2,383.336,312.348,17.391,0,0,4,1,R,"mungjungh",190,86.732,0.403,0,37,W,Y,1,4432.067,255,112,119,90,36,145,102,-26.922,47.571,-0.145,0.81,-21.001,-0.48,0,0.441,-84.959,-239.426,543.56,4425.916,-1.681,-22.41,,,,,,0,0,,,,,,,,,,,,,,,,,,,,,,,,,,,,,,,,,,,,,,-0.242,-37.579,-0.036,-17.817,-20.876,-46.023,-15.577,-62.974,23.13,-54.087,9.469,-64.265,40.929,-90.677,0.661,-108.24,-40.83,-90.577,-0.063,-36.83,,"눈꽃",-0.054,-17.85,,"Pring__",-20.791,-45.918,,"Yaksok~",-15.59,-62.993,,"_Gosomi",23.103,-53.983,,"CoalCat",9.463,-64.028,,"AI",40.9,-90.65,,"ByeolBam",3.303,-108,,"AI",-40.8,-90.55,,,,,,,,,,,,,,,,,,,,,,,,,,,,,,,,,,,,,,,,,,,,,,,,,,,,,,,,"",3,0,"",,,,0,""
189,,11,1,2,2,0,2,0,0,0,0,255,255,255,85,4447.889,"Penguin_iDOL",R,13,76,103,-1.971,-1.125,0.214,1.792,-0.17,1.381,-36.486,30.002,100,0,0,4,-348.852,333.465,3.297,0,0,4,1,R,"mungjungh",190,86.732,0.403,,64,W,Y,1,,,,,,,,,,,,,,,,,,,,,,,,,,,,0,16,,,,,,,,,,,,,,,4450.686,4,,578,0,,,,,,,,,,,,,,,,,,,-0.039,-37.805,-0.04,-17.817,-18.768,-43.631,-15.311,-61.857,22.785,-53.721,9.022,-64.125,40.915,-90.664,-0.733,-107.701,-40.815,-90.564,,,,"",,,,"",,,,"",,,,"",,,,"",,,,"",,,,"",,,,"",,,,,,,,,,,,,,,,,,,,,,,,,,,,,,,,,,,,,,,,,,,,,,,,,,,,,,,,,,"",0,0,"",,,,0,""
190,,11,1,2,2,0,0,1,0,0,0,255,255,255,86,4466.979,"Penguin_iDOL",R,26,86,139,1.98,1.149,0.408,1.939,0.835,2.196,-36.486,45.62,69,31,0,1,11.01,-150,21.115,0,0,5,4,R,"HANA_ARASHI",190,90,0.25,,37,W,Y,0,,,,,,,,,,,,,,,,,,,,,,,,,,,,0,0,,,,,,,,,,,,,,,,,,,,,,,,,,,,,,,,,,,,,,0.019,-37.604,0.017,-17.724,-21.167,-46.301,-14.6,-62.587,22.829,-53.879,9.343,-64.104,40.915,-90.664,-0.749,-107.643,-40.815,-90.564,,,,"",,,,"",,,,"",,,,"",,,,"",,,,"",,,,"",,,,"",,,,,,,,,,,,,,,,,,,,,,,,,,,,,,,,,,,,,,,,,,,,,,,,,,,,,,,,,,"",0,0,"",,,,0,""
191,,11,1,2,2,1,0,1,0,0,0,255,255,255,87,4485.229,"Penguin_iDOL",R,14,83,107,1.439,0.549,0.13,2.101,-0.094,2.369,-36.486,43.167,82,18,0,2,379.786,312.348,10.362,0,0,5,4,R,"HANA_ARASHI",190,90,0.25,3,37,W,Y,1,4486.339,165,60,102,55,29,145,96,54.408,36.424,0.297,1.143,-19.766,-0.53,0,0.718,241.357,545.869,-61.432,4485.956,-47.825,-67.726,4486.396,8,-47.702,0.31,-67.631,1,0,,4493.601,,,,,,,,,,,,,,,,,,,,,,,,,,,,4520.72,2,,,,,,,-0.065,-37.69,0.005,-17.72,-23.054,-48.612,-14.925,-63.459,22.843,-53.79,9.406,-64.181,40.922,-90.67,-0.681,-107.678,-40.822,-90.57,-0.346,-36.737,,"눈꽃",-0.004,-17.72,,"Pring__",-22.958,-48.512,77,"Yaksok~",-15.21,-63.813,106,"_Gosomi",22.88,-53.689,,"CoalCat",9.389,-63.986,,"AI",40.9,-90.65,,"ByeolBam",-0.678,-107.674,,"AI",-40.8,-90.55,,4500.241,-0.848,-38.313,,,,4495.875,-19.691,-40.609,4518.109,2.388,-55.923,,,,,,,,,,,,,,,,,,,,,,4498.985,-18.218,-40.032,4518.644,-1.256,-54.213,,,,,,,,,,,,,,,,"",2,0,"AI",,,,52,""
192,,11,1,2,2,0,0,1,1,0,0,4,255,255,88,4538.712,"Penguin_iDOL",R,14,75,102,-0.912,-0.411,-0.169,1.831,-1.143,1.819,-36.486,22.46,100,0,0,0,362.039,312.348,23.195,0,0,6,5,L,"Kr_Luna",190,95,0.498,,37,W,Y,0,,,,,,,,,,,,,,,,,,,,,,,,,,,,0,0,,,,,,,,,,,,,,,,,,,,,,,,,,,,,,,,,,,,,,-0.167,-37.554,-0.047,-17.863,-19.494,-40.16,-4.807,-65.168,24.915,-51.604,13.169,-61.71,40.915,-90.664,3.379,-110.017,-40.815,-90.564,,,,"",,,,"",,,,"",,,,"",,,,"",,,,"",,,,"",,,,"",,,,4542.498,0.117,-37.096,,,,,,,,,,,,,,,,,,,,,,,,,,,,,,,,,,,,,,,,,,,,,,,,,,,,"",0,0,"",,,,0,""
193,,11,1,2,2,0,1,1,1,0,0,4,255,255,89,4554.539,"Penguin_iDOL",R,26,83,135,-1.711,-0.314,0.076,1.638,-0.575,1.277,-36.486,17.963,51,49,0,2,-127.913,-150,31.415,0,0,6,5,L,"Kr_Luna",190,95,0.498,5,37,W,Y,1,4555.288,169,98,156,77,26,145,108,12.7,-80.363,-0.329,0.879,-20.101,-0.08,0,0.12,356.123,-410.806,253.801,,,,,,,,,0,0,,,,,,,,,,,,4555.174,,,,,,,,,,,,,,,,,,,,,,,,,,-0.044,-37.642,-0.045,-17.85,-19.555,-40.301,-5.907,-64.927,24.913,-51.757,13.35,-61.673,40.915,-90.664,0.986,-109.27,-40.815,-90.564,-0.074,-36.94,,"눈꽃",-0.097,-17.87,,"Pring__",-18.027,-42.974,,"Yaksok~",-7.337,-64.674,,"_Gosomi",24.861,-51.74,,"CoalCat",13.34,-61.486,,"AI",40.9,-90.65,,"ByeolBam",2.214,-108.061,,"AI",-40.8,-90.55,,,,,,,,,,,,,,,,,,,,,,,,,,,,,,,,,,,,,,,,,,,,,,,,,,,,,,,,"",3,0,"",,,,0,""
194,,11,1,2,2,0,2,1,1,0,0,4,255,255,90,4573.488,"Penguin_iDOL",R,14,81,106,2.958,-0.758,0.349,1.96,0.599,1.59,-36.486,39.603,82,18,0,4,354.862,338.216,15.335,0,0,6,5,L,"Kr_Luna",190,95,0.498,,37,W,Y,1,,,,,,,,,,,,,,,,,,,,,,,,,,,,0,0,,,,,,,,,,,,4574.616,,,4576.011,6,,578,0,,,,,,,,,,,,,,,,,,,0.037,-37.691,0.024,-17.86,-19.67,-40.082,-6.112,-63.633,25.832,-51.647,14.501,-62.059,40.915,-90.664,0.015,-108.501,-40.815,-90.564,,,,"",,,,"",,,,"",,,,"",,,,"",,,,"",,,,"",,,,"",,,,,,,,,,,,,,,,,,,,,,,,,,,,,,,,,,,,,,,,,,,,,,,,,,,,,,,,,,"",0,0,"",,,4579.372,0,""
195,,11,1,2,2,0,0,2,1,0,0,4,255,255,91,4593.737,"Penguin_iDOL",R,4,75,109,-1.26,-0.266,0.192,1.829,-0.257,1.444,-36.486,34.05,100,0,0,0,-161.809,0,2.351,0,0,6,2,R,"うよすま",190,85.375,0.502,,37,W,Y,1,,,,,,,,,,,,,,,,,,,,,,,,,,,,0,0,,,,,,,,,,,,4595.314,,,,,,,,,,,,,,,,,,,,,,,,,,-0.18,-37.439,-0.198,-17.91,-19.675,-40.169,-15.665,-63.468,21.69,-52.56,9.465,-63.04,40.922,-90.67,-3.591,-109.074,-40.822,-90.57,,,,"",,,,"",,,,"",,,,"",,,,"",,,,"",,,,"",,,,"",,,,,,,,,,,,,,,,,,,,,,,,,,,,,,,,,,,,,,,,,,,,,,,,,,,,,,,,,,"",0,0,"",,,,0,""
196,,11,1,2,2,0,1,2,1,0,0,4,255,255,92,4610.987,"Penguin_iDOL",R,14,74,101,2.965,4.126,-0.177,1.954,-1.075,1.595,-36.486,27.715,92,8,0,2,358.49,312.348,20.301,0,0,6,2,R,"うよすま",190,85.375,0.502,0,37,W,Y,1,4612.072,149,75,51,63,34,134,135,-5.304,7.565,-0.138,0.694,-20.163,0.47,0,0.3,9.853,597.226,-56.781,4605.862,-0.991,-26.245,4608.942,7,-10.123,0.055,-99.512,1,0,,,,,,4617.661,,,,,,4612.361,,,4618.139,4,1,166,1,,,,,,,,,,,,,,,,,,,-0.165,-37.648,-0.104,-17.923,-19.675,-39.99,-15.813,-63.358,21.75,-52.44,9.489,-63.022,40.915,-90.664,-3.514,-109.144,-40.815,-90.564,-0.37,-37.002,,"눈꽃",-0.115,-17.936,,"Pring__",-18.968,-45.018,,"Yaksok~",-16.278,-64.432,,"_Gosomi",21.691,-52.425,,"CoalCat",9.436,-62.885,,"AI",40.9,-90.65,,"ByeolBam",-1.276,-109.159,114,"AI",-40.8,-90.55,,,,,,,,,,,,,,,,,4617.517,-0.103,-60.303,,,,4615.267,-10.073,-100.335,,,,,,,,,,,,,,,,,,,,,,,,,4615.952,-9.43,-95.357,,,,"",2,0,"ByeolBam",4617.661,,,3,""
197,SIDE,11,1,2,2,0,0,2,1,0,0,2,255,255,,4621.971,,,,,,,,,,,,,,,,,,,,,,,0,,,,,,,,,,,,,,,,,,,,,,,,,,,,,,,,,,,,,,,0,0,,,,,,,,,,,,,,,,,,,,,,,,,,,,,,,,,,,,,,,,,,,,,,,,,,,,,,,,,,,,,,,,,,,,,,,,,,,,,,,,,,,,,,,,,,,,,,,,,,,,,,,,,,,,,,,,,,,,,,,,,,,,,,,,,,,,,,,,,,,,,,,,,"",0,0,"",,,,0,""
198,,11,0,2,2,0,0,0,0,0,0,255,255,255,83,4653.623,"mungjungh",R,32,85,138,0.711,0.274,0.795,1.524,-0.021,1.579,-36.512,29.712,6,94,0,2,250,-200,44.657,0,0,0,7,R,"ByeolBam",175.4,90,0.5,3,37,W,Y,1,4654.579,249,88,29,19,10,83,64,39.155,29.714,-0.184,1.182,-19.875,-0.26,0,0.231,331.87,499.683,-13.388,,,,4652.876,2,-27.195,3.718,-56.804,0,0,,4660.319,,,,,,,,,,,,,4659.309,0,,451,0,,,,,,,,,,,,,,,,,,,0.309,-37.292,0.056,-17.364,-21.473,-46.774,-17.854,-61.64,18.839,-58.451,4.149,-63.428,40.944,-90.691,0,-109.89,-40.844,-90.591,0.878,-37.319,,"Pugeuk",-0.023,-17.492,,"うよすま",-20.868,-46.444,85,"하루（Haru）",-17.015,-63.302,,"HANA_ARASHI",18.555,-58.702,,"Kr_Luna",5.459,-63.826,,"AI",40.9,-90.65,,"AI",0,-109.84,,"AI",-40.8,-90.55,,4663.021,-0.267,-38.568,,,,4659.319,-27.572,-57.222,,,,,,,,,,,,,,,,,,,,,,,,,4661.562,-20.517,-53.867,,,,,,,,,,,,,,,,,,,"",1,0,"うよすま",,,,9,""
199,,11,0,2,2,0,0,1,0,0,0,255,255,255,84,4675.458,"mungjungh",R,4,80,126,-0.665,-0.294,0.784,1.486,-0.074,1.442,-36.512,44.346,0,100,0,2,-157.338,7.758,14.554,0,0,1,5,R,"CoalCat",174.6,83,0.397,3,37,W,Y,1,4676.589,218,68,24,20,12,73,64,29.758,30.707,-0.435,1.065,-20.57,-0.76,0,0.388,386.97,458.42,-10.262,,,,4673.716,2,-24.004,4.012,-53.749,0,0,,4681.42,,,,,,,,,,,,,4680.211,1,,451,0,,,,,,,,,,,,,,,,,,,0.212,-37.333,-0.038,-17.247,-21.055,-46.98,-14.722,-62.486,17.154,-60.563,2.943,-67.438,40.915,-90.664,0,-109.86,-40.815,-90.564,0.61,-36.828,,"Pugeuk",-0.171,-17.508,,"うよすま",-20.821,-46.827,85,"하루（Haru）",-14.72,-62.49,,"HANA_ARASHI",17.158,-60.531,,"Kr_Luna",3.016,-67.591,,"AI",40.9,-90.65,,"AI",0,-109.84,,"AI",-40.8,-90.55,,4683.409,-0.368,-38.273,,,,4680.222,-24.267,-53.871,,,,,,,,,,,,,,,,,,,,,,,,,4682.171,-19.066,-49.233,,,,,,,,,,,,,,,,,,,"",1,0,"うよすま",,,,9,""
200,,11,0,2,2,0,0,2,0,0,0,255,255,255,85,4698.808,"mungjungh",R,32,87,140,-2.732,-0.3,0.488,1.423,-1.453,1.257,-36.512,13.077,0,100,0,2,250,-200,81.096,0,0,2,2,L,"Pring__",190,92.741,0.481,3,37,W,Y,1,4699.869,249,159,93,92,65,145,46,102.962,66.77,-0.435,0.983,-20.665,-0.46,0,0.563,438.785,302.246,-275.89,4698.036,20.58,-11.588,,,,,,0,0,,,,,,,,,,,,,,,,,,,,,,,,,,,,,,,,,,,,,,0.159,-37.243,-0.103,-17.234,-21.874,-47.812,-12.073,-64.153,21.15,-57.003,10.415,-64.355,40.922,-90.67,0,-109.86,-40.822,-90.571,0.549,-36.982,,"Pugeuk",-0.195,-17.433,,"うよすま",-21.633,-47.687,,"하루（Haru）",-12.078,-64.153,,"HANA_ARASHI",21.244,-54.995,,"Kr_Luna",11.703,-63.667,,"AI",40.9,-90.65,,"AI",0,-109.84,,"AI",-40.8,-90.55,,,,,,,,,,,,,,,,,,,,,,,,,,,,,,,,,,,,,,,,,,,,,,,,,,,,,,,,"",3,0,"",,,,0,""
201,,11,0,2,2,0,1,2,0,0,0,255,255,255,86,4720.302,"mungjungh",R,32,89,140,0.258,0.442,0.755,1.566,-0.208,1.721,-36.512,34.399,3,97,0,0,238.68,-200,40.891,0,0,2,2,L,"Pring__",190,92.741,0.481,,37,W,Y,1,,,,,,,,,,,,,,,,,,,,,,,,,,,,0,0,,,,,,,,,,,,,,,,,,,,,,,,,,,,,,,,,,,,,,0.179,-37.388,-0.104,-17.353,-21.936,-48.156,-8.171,-65.34,21.503,-55.174,13.917,-63.52,40.915,-90.664,0,-109.86,-40.815,-90.564,,,,"",,,,"",,,,"",,,,"",,,,"",,,,"",,,,"",,,,"",,,,,,,,,,,,,,,,,,,,,,,,,,,,,,,,,,,,,,,,,,,,,,,,,,,,,,,,,,"",0,0,"",,,,0,""
202,,11,0,2,2,0,2,2,0,0,0,255,255,255,87,4734.618,"mungjungh",R,13,84,123,-3.76,-0.826,0.587,1.268,-0.989,1.401,-36.512,24.074,5,95,0,2,-419.867,271.498,22.917,0,0,2,2,L,"Pring__",190,92.741,0.481,3,37,W,Y,1,4735.742,255,174,124,118,103,145,90,-18.759,10.174,-0.69,0.711,-20.479,-0.85,0,0.604,363.427,455.766,142.12,4729.382,-1.033,-22.367,4731.542,3,-7.96,0.057,-57.454,0,0,,4741.515,,,,,,,,,,,,,4741.159,2,,147,2,,,,,,,,,,,,,,,,,,,0.219,-37.184,-0.056,-17.357,-21.694,-47.826,-8.163,-65.342,21.621,-57.134,13.993,-63.529,40.915,-90.664,0,-109.85,-40.815,-90.564,0.362,-37.356,,"Pugeuk",-0.165,-17.753,,"うよすま",-21.538,-47.714,,"하루（Haru）",-8.16,-65.348,95,"HANA_ARASHI",21.467,-57.323,,"Kr_Luna",14.049,-63.494,,"AI",40.9,-90.65,,"AI",0,-109.84,,"AI",-40.8,-90.55,,,,,,,,4740.522,-18.915,-40.678,4738.081,-8.106,-58.728,,,,,,,,,,,,,,,,,,,,,,,,,4739.566,-10.342,-55.306,,,,,,,,,,,,,,,,"",2,0,"하루（Haru）",,,,3,""
203,SIDE,11,0,2,2,0,0,2,0,0,0,255,255,255,,4741.823,,,,,,,,,,,,,,,,,,,,,,,3,,,,,,,,,,,,,,,,,,,,,,,,,,,,,,,,,,,,,,,0,0,,,,,,,,,,,,,,,,,,,,,,,,,,,,,,,,,,,,,,,,,,,,,,,,,,,,,,,,,,,,,,,,,,,,,,,,,,,,,,,,,,,,,,,,,,,,,,,,,,,,,,,,,,,,,,,,,,,,,,,,,,,,,,,,,,,,,,,,,,,,,,,,,"",0,0,"",,,,0,""
204,,12,1,2,2,0,0,0,0,0,0,255,255,255,93,4787.005,"Penguin_iDOL",R,29,88,140,-0.506,2.49,0.096,1.72,-0.485,1.521,-36.486,29.811,86,14,0,2,-164.684,-150,22.182,0,0,1,3,L,"하루（Haru）",160,85,0.397,3,37,W,Y,1,4788.017,255,50,78,55,40,143,79,91.847,-60.802,-0.268,1.001,-20.236,-0.81,0,0.174,540.888,-124.647,227.824,,,,4787.476,1,-7.574,3.211,-12.278,0,0,,4794.632,,,,,,,,,,,,,4794.145,1,,450,0,,,,,,,,,,,,,,,,,,,-0.134,-37.665,-0.096,-17.944,-21.002,-46.665,-6.776,-67.306,22.136,-47.137,13.341,-61.218,40.927,-90.675,2.309,-103.277,-40.827,-90.575,-0.724,-37.075,,"눈꽃",-0.112,-17.956,130,"Pring__",-21.004,-46.423,,"Yaksok~",-8.982,-66.924,,"_Gosomi",21.764,-47.327,,"CoalCat",13.381,-61.044,,"AI",40.9,-90.65,,"ByeolBam",3.408,-103.032,,"AI",-40.8,-90.55,,4796.543,-0.287,-37.543,4794.153,-7.608,-12.175,,,,,,,,,,,,,,,,,,,,,,,,,4795.497,-7.315,-13.763,,,,,,,,,,,,,,,,,,,,,,"",1,0,"눈꽃",,,,96,""
205,,12,1,2,2,0,0,1,0,0,0,255,255,255,94,4814.712,"Penguin_iDOL",R,14,83,107,-0.672,-0.172,-0.16,1.886,-1.014,1.927,-36.486,29.247,92,8,0,2,379.786,312.348,25.099,0,0,2,1,R,"Pugeuk",190,85.842,0.349,3,37,W,Y,1,4815.804,255,80,47,40,22,133,98,37.41,0.84,-0.301,0.938,-21.026,-0.05,0,0.753,-157.627,575.22,65.388,4814.036,-12.442,-96.249,4814.262,7,-11.877,1.993,-94.387,0,0,,4821.406,,,,,,,,,,,,,4820.857,2,,456,0,,,,,,,,,,,,,,,,,,,-0.182,-37.788,-0.03,-17.733,-20.324,-46.143,-15.822,-63.25,21.96,-53.178,10.226,-63.374,40.929,-90.677,-0.74,-106.378,-40.83,-90.577,0.324,-36.915,,"눈꽃",-0.041,-17.748,,"Pring__",-20.123,-46.113,89,"Yaksok~",-15.815,-63.255,,"_Gosomi",22.033,-53.073,,"CoalCat",10.308,-63.243,,"AI",40.9,-90.65,,"ByeolBam",-0.692,-106.911,95,"AI",-40.8,-90.55,,4827.557,-0.226,-38.696,,,,4825.346,-20.489,-40.069,,,,,,,,,,,,,4820.867,-12.041,-94.81,,,,,,,,,,4826.432,-19.082,-39.729,,,,,,,,,,,,,4822.807,-15.118,-89.326,,,,"",1,0,"ByeolBam",,,,37,""
206,,12,1,2,2,0,0,2,0,0,0,255,255,255,95,4841.426,"Penguin_iDOL",R,26,88,140,0.537,0.625,0.235,1.837,0.389,1.869,-36.486,30.004,80,20,0,2,-128.079,-150,33.517,0,0,3,0,R,"mungjungh",190,89.732,0.403,3,64,W,Y,1,4842.428,182,158,88,37,13,140,130,25.436,12.036,0.085,1.222,-19.781,0.54,0,0.392,-455.55,-389.769,23.552,4839.942,-12.55,-123.332,4842.009,7,-13.332,0.147,-128.413,1,8,,4848.569,4853.142,,,,,,,,,,,,4853.44,3,1,278,1,,,,,,,,,,,,,,,,,,,-0.026,-37.697,0.023,-17.762,-20.132,-45.471,-16.441,-63.024,21.769,-52.772,10.037,-63.014,40.922,-90.671,-1.164,-102.788,-40.822,-90.571,0.093,-37.094,,"눈꽃",0.017,-17.77,,"Pring__",-20.009,-45.355,,"Yaksok~",-16.442,-63.006,,"_Gosomi",21.763,-52.681,,"CoalCat",10.063,-62.882,,"AI",40.9,-90.65,,"ByeolBam",-0.207,-105.179,105,"AI",-40.8,-90.55,,,,,,,,,,,,,,,,,4852.901,-0.008,-60.046,,,,4848.686,-13.178,-127.569,,,,,,,,,,,,,,,,,,,,,,,,,4849.866,-11.946,-123.313,,,,"",2,0,"ByeolBam",4853.142,,,3,""
207,SIDE,12,1,2,2,0,0,2,0,0,0,255,255,255,,4867.693,,,,,,,,,,,,,,,,,,,,,,,3,,,,,,,,,,,,,,,,,,,,,,,,,,,,,,,,,,,,,,,0,0,,,,,,,,,,,,,,,,,,,,,,,,,,,,,,,,,,,,,,,,,,,,,,,,,,,,,,,,,,,,,,,,,,,,,,,,,,,,,,,,,,,,,,,,,,,,,,,,,,,,,,,,,,,,,,,,,,,,,,,,,,,,,,,,,,,,,,,,,,,,,,,,,"",0,0,"",,,,0,""
208,,12,0,2,2,0,0,0,0,0,0,255,255,255,88,4897.165,"mungjungh",R,32,76,127,1.02,0.336,0.811,1.331,0.051,1.602,-36.512,37.3,6,94,0,2,246.092,-200,21.955,0,0,3,4,R,"_Gosomi",175,85.368,0.474,3,37,W,Y,1,4898.243,255,77,19,25,15,62,62,51.094,-19.191,0.192,1.057,-20.603,-0.53,0,0.544,503.454,129.237,299.719,,,,4896.476,4,10.498,2.74,-54.443,0,0,,,,,,,,,,,,,,,4903.258,3,,453,0,,,,,,,,,,,,,,,,,,,0.224,-37.365,0.009,-17.277,-20.28,-46.972,-14.073,-63.228,17.209,-59.418,3.365,-64.757,40.937,-90.684,0,-109.88,-40.837,-90.584,0.617,-37.532,,"Pugeuk",-0.062,-17.462,,"うよすま",-19.945,-47.195,,"하루（Haru）",-14.463,-63.09,,"HANA_ARASHI",17.196,-59.16,120,"Kr_Luna",3.368,-64.748,,"AI",40.9,-90.65,,"AI",0,-109.84,,"AI",-40.8,-90.55,,4905.161,0.702,-38.366,,,,,,,,,,4903.269,10.57,-54.757,,,,,,,,,,,,,,,,,,,,,,,,,4904.433,7.879,-50.508,,,,,,,,,,,,,"",1,0,"HANA_ARASHI",,,,24,""
209,,12,0,2,2,0,0,1,0,0,0,255,255,255,89,4920.837,"mungjungh",R,32,87,140,2.282,0.491,0.942,1.559,0.661,1.7,-36.512,45.291,7,93,0,4,228.459,-200,14.387,0,0,4,3,R,"Yaksok~",173.3,80,0.328,,37,W,Y,1,,,,,,,,,,,,,,,,,,,,,,,,,,,,0,0,,,,,,,,,,,,,,,,,,,,,,,,,,,,,,,,,,,,,,0.268,-37.186,-0.06,-17.767,-21.203,-47.589,-15.278,-63.827,16.918,-58.224,7.969,-64.432,40.922,-90.67,0,-109.86,-40.822,-90.57,,,,"",,,,"",,,,"",,,,"",,,,"",,,,"",,,,"",,,,"",,,,4925.077,-0.05,-37.456,,,,,,,,,,,,,,,,,,,,,,,,,,,,,,,,,,,,,,,,,,,,,,,,,,,,"",0,0,"",,,,0,""
210,,12,0,2,2,0,1,1,0,0,0,255,255,255,90,4937.836,"mungjungh",R,3,83,121,0.124,-0.821,1.005,1.41,0.751,1.412,-36.512,65.635,8,92,0,0,-448.498,221.02,14.165,0,0,4,3,R,"Yaksok~",173.3,80,0.328,,37,W,Y,0,,,,,,,,,,,,,,,,,,,,,,,,,,,,0,0,,,,,,,,,,,,,,,,,,,,,,,,,,,,,,,,,,,,,,0.195,-37.383,-0.046,-17.775,-21.161,-46.611,-15.212,-63.879,16.597,-59.16,7.743,-65.889,40.915,-90.664,0,-109.86,-40.815,-90.564,,,,"",,,,"",,,,"",,,,"",,,,"",,,,"",,,,"",,,,"",,,,4942.32,0.227,-36.548,,,,,,,,,,,,,,,,,,,,,,,,,,,,,,,,,,,,,,,,,,,,,,,,,,,,"",0,0,"",,,,0,""
211,,12,0,2,2,0,2,1,0,0,0,255,255,255,91,4954.558,"mungjungh",R,33,87,140,0.252,-0.237,0.888,1.469,-0.057,1.383,-36.512,31.044,0,100,0,0,106.859,-94.028,29.441,0,0,4,3,R,"Yaksok~",173.3,80,0.328,,37,W,Y,1,,,,,,,,,,,,,,,,,,,,,,,,,,,,0,0,,,,,,,,,,,,,,,4957.051,4,,578,0,,,,,,,,,,,,,,,,,,,0.365,-37.145,-0.016,-17.756,-21.536,-46.843,-15.223,-63.948,16.256,-59.243,7.748,-65.882,40.915,-90.664,0,-109.86,-40.815,-90.564,,,,"",,,,"",,,,"",,,,"",,,,"",,,,"",,,,"",,,,"",,,,4959.207,-1.777,-33.79,,,,,,,,,,,,,,,,,,,,,,,,,,,,,,,,,,,,,,,,,,,,,,,,,,,,"",0,0,"",,,,0,""
212,,12,0,2,2,0,0,2,0,0,0,255,255,255,92,4974.776,"mungjungh",R,26,91,140,-0.447,0.396,0.716,1.557,-0.391,1.691,-36.512,30.213,6,94,0,2,131.981,-200,22.907,0,0,5,0,R,"Penguin_iDOL",190,80,0.299,3,37,W,Y,1,4975.765,169,128,110,81,47,145,101,-30,53.287,-0.335,1.033,-18.806,0.97,0,0.465,-321.946,502.3,-63.602,4968.956,-2.54,-20.433,4969.156,,-1.188,0.671,-19.437,0,0,,,,,,,,,,,,,,,,,,,,,,,,,,,,,,,,,,,,,,0.167,-37.381,-0.039,-17.738,-21.287,-46.575,-15.265,-63.766,15.718,-59.242,7.729,-65.845,40.922,-90.67,0,-109.86,-40.822,-90.57,0.635,-37.768,,"Pugeuk",-0.143,-17.877,,"うよすま",-21.061,-46.428,,"하루（Haru）",-15.264,-63.778,,"HANA_ARASHI",15.53,-59.181,,"Kr_Luna",7.691,-65.876,,"AI",40.9,-90.65,,"AI",0,-109.84,,"AI",-40.8,-90.55,,,,,4976.092,-0.344,-18.813,,,,,,,,,,,,,,,,,,,,,,,,,,,,,,,,,,,,,,,,,,,,,,,,,"",3,0,"Mini_ByeolBam",,,,4,""
213,,12,0,2,2,0,1,2,0,0,0,255,255,255,93,4999.776,"mungjungh",R,32,69,122,1.511,0.809,0.823,1.525,0.108,1.587,-36.512,29.706,7,93,0,2,250,120.883,-33.717,0,0,5,0,R,"Penguin_iDOL",190,80,0.299,3,37,W,Y,1,5000.771,164,189,65,75,80,138,90,-31.966,5.167,0.223,0.904,-20.161,-0.65,0,0.376,-529.342,-215.582,182.542,4993.969,0.105,-21.493,4996.889,,-2.978,0.355,-64.631,0,0,,5006.842,,,,,,,,,,,,,5006.296,5,,147,32,,,,,,,,,,,,,,,,,,,0.278,-37.374,0,-17.475,-21.879,-47.415,-16.02,-62.883,16.541,-61.17,4.758,-66.01,40.922,-90.671,0,-109.86,-40.822,-90.57,0.988,-37.232,,"Pugeuk",-0.033,-17.498,,"うよすま",-21.536,-47.298,,"하루（Haru）",-16.023,-62.886,,"HANA_ARASHI",16.19,-60.936,,"Kr_Luna",4.757,-66.003,89,"AI",40.9,-90.65,,"AI",0,-109.84,,"AI",-40.8,-90.55,,,,,,,,5005.671,-18.725,-40.682,,,,,,,5003.586,-3.341,-64.487,,,,,,,,,,,,,,,,,,,,,,,,,5004.204,-4.528,-62.9,,,,,,,,,,"",2,0,"Mini_ByeolBam",,,,33,""
214,SIDE,12,0,2,2,0,0,2,0,0,0,255,255,255,,5009.25,,,,,,,,,,,,,,,,,,,,,,,6,,,,,,,,,,,,,,,,,,,,,,,,,,,,,,,,,,,,,,,0,0,,,,,,,,,,,,,,,,,,,,,,,,,,,,,,,,,,,,,,,,,,,,,,,,,,,,,,,,,,,,,,,,,,,,,,,,,,,,,,,,,,,,,,,,,,,,,,,,,,,,,,,,,,,,,,,,,,,,,,,,,,,,,,,,,,,,,,,,,,,,,,,,,"",0,0,"",,,,0,""
215,END,12,1,2,2,0,0,0,0,0,0,255,255,255,,5015.093,,,,,,,,,,,,,,,,,,,,,,,,,,,,,,,,,,,,,,,,,,,,,,,,,,,,,,,,,,,,,,,,,,,,,,,,,,,,,,,,,,,,,,,,,,,,,,,,,,,,,,,,,,,,,,,,,,,,,,,,,,,,,,,,,,,,,,,,,,,,,,,,,,,,,,,,,,,,,,,,,,,,,,,,,,,,,,,,,,,,,,,,,,,,,,,,,,,,,,,,,,,,,,,,,,,,,,,,"{""schemaVersion"":6,""gameTimeZeroUtc"":""2026-07-29T08:31:21.894Z"",""exportedAtUtc"":""2026-07-29T09:54:56.987Z"",""teamNameA"":""Red"",""teamNameB"":""Blue""}"
