id,inn,half,scoreA,scoreB,ball,strk,out,b1,b2,b3,b1Idx,b2Idx,b3Idx,pCnt,pSec,pName,pHand,pType,pPow,spdK,zoneX,zoneY,startX,startY,targetX,targetY,zDist,pitchAngle,pOver,pSide,pUnder,call,balk,sH,sV,gyro,plx,plz,bSwing,bIdx,bPos,bZone,bName,bHCm,batLen,batCen,batType,bFps,bOS,bVR,hSec,rotS,rotL,shS,lgS,prepS,batSpd,ev,ldeg,sdeg,hPos,buntGrip,handDist,angVeloX,angVeloY,angVeloZ,PPosX,PPosY,PThrSpd,CName,CPosX,CPosY,CThrSpd,1BName,1BPosX,1BPosY,1BThrSpd,2BName,2BPosX,2BPosY,2BThrSpd,3BName,3BPosX,3BPosY,3BThrSpd,SSName,SSPosX,SSPosY,SSThrSpd,LFName,LFPosX,LFPosY,LFThrSpd,CFName,CFPosX,CFPosY,CFThrSpd,RFName,RFPosX,RFPosY,RFThrSpd,ltSec,lx,lz,cSec,cPos,cPlr,cx,cz,1BSafe,tag,cpSec,sb2Sec,sb3Sec,sbhSec,ass,result
1,1,1,0,0,0,0,0,0,0,0,255,255,255,0,249.199,"하루（Haru）",R,27,85,137,-0.125,0.157,0.265,1.827,-0.177,1.576,-36.491,36.764,92,8,0,0,0,96.172,-133.382,7.312,0,0,0,0,2,L,"Sabo_10",185.3,88,0.452,0,90,W,Y,0,0,0,0,0,0,0,0,0,0,0,0,0,0,0,0,-0.005,-37.042,0,"encounter v",-0.057,-17.332,0,"Pring__",-21.106,-46.779,0,"ddil_ddil69",-11.444,-60.78,0,"_Gosomi",22.569,-47.671,0,"Yaksok~",16.347,-62.616,0,"_송글_",41.134,-92.456,0,"うよすま",5.604,-117.938,0,"눈꽃",-36.323,-99.197,0,0,0,0,0,0,"",0,0,0,0,250.265,,,,0,0
2,1,1,0,0,0,1,0,0,0,0,255,255,255,1,264.399,"하루（Haru）",R,3,78,115,-1.693,0.216,0.309,1.957,0.028,2.007,-36.491,41.122,82,18,0,2,0,-449.219,219.55,15.197,0,0,1,0,2,L,"Sabo_10",185.3,88,0.452,3,90,W,Y,265.264,255,118,82,124,74,145,129,10.676,33.643,0.33,0,0.655,-341.583,-329.941,366.688,-0.052,-37.346,0,"encounter v",-0.061,-17.501,0,"Pring__",-21.017,-46.944,89,"ddil_ddil69",-11.509,-60.806,0,"_Gosomi",22.829,-47.779,0,"Yaksok~",16.482,-62.72,0,"_송글_",41.151,-92.495,0,"うよすま",5.632,-115.504,0,"눈꽃",-36.216,-99.506,106,266.94,-30.531,-70.508,268.34,8,"눈꽃",-42.141,-91.073,1,0,,,,,292,2
3,1,1,0,0,0,0,0,1,0,0,2,255,255,2,290.375,"하루（Haru）",R,3,78,118,-1.118,0.734,0.318,1.953,0.07,2.016,-36.491,41.923,79,21,0,0,0,-397.583,0,8.651,0,0,0,1,7,R,"ByeolBam",175,90,0.5,0,77,W,Y,0,0,0,0,0,0,0,0,0,0,0,0,0,0,0,0,0.038,-37.307,0,"encounter v",-0.117,-17.419,0,"Pring__",-18.72,-41.052,0,"ddil_ddil69",-13.854,-59.989,0,"_Gosomi",20.013,-48.175,0,"Yaksok~",10.369,-61.36,0,"_송글_",38.814,-91.171,0,"うよすま",-4.576,-113.398,0,"눈꽃",-45.202,-98.633,0,0,0,0,0,0,"",0,0,0,0,291.615,,,,0,0
4,1,1,0,0,0,1,0,1,0,0,2,255,255,3,305.417,"하루（Haru）",R,11,86,133,-2.938,-1.704,0.035,1.624,-1.248,0.859,-36.491,17.446,53,47,0,1,0,-22.455,231.33,7.389,0,0,0,1,7,R,"ByeolBam",175,90,0.5,0,77,W,Y,0,0,0,0,0,0,0,0,0,0,0,0,0,0,0,0,-0.602,-37.544,0,"encounter v",-0.307,-17.648,0,"Pring__",-18.843,-39.923,0,"ddil_ddil69",-13.805,-59.993,0,"_Gosomi",20.389,-48.441,0,"Yaksok~",7.968,-62.112,0,"_송글_",38.873,-91.21,0,"うよすま",-4.086,-111.962,0,"눈꽃",-45.192,-98.629,0,0,0,0,0,0,"",0,0,0,0,306.582,,,,0,0
5,1,1,0,0,1,1,0,1,0,0,2,255,255,4,319.225,"하루（Haru）",R,27,85,138,0.395,-0.281,0.312,1.75,0.042,1.3,-36.491,33.169,49,51,0,2,0,92.267,-137.737,5.813,0,0,1,1,7,R,"ByeolBam",175,90,0.5,3,77,W,Y,320.154,230,154,155,71,36,145,127,22.85,13.52,0.37,0,0.252,216.212,505.32,220.997,0.026,-36.919,0,"encounter v",-0.095,-17.565,0,"Pring__",-17.436,-42.234,0,"ddil_ddil69",-13.769,-59.809,85,"_Gosomi",20.349,-48.424,0,"Yaksok~",9.112,-61.557,0,"_송글_",38.856,-91.193,0,"うよすま",-4.03,-112.491,0,"눈꽃",-44.738,-98.593,117,324.948,-39.531,-124.392,325.865,8,"눈꽃",-37.747,-120.933,1,0,,326.666,,,268,2
6,1,1,0,0,0,0,0,1,1,0,7,2,255,5,352.782,"하루（Haru）",R,13,39,78,-0.653,0.358,0.314,2.034,0.033,2.126,-36.491,58.309,100,0,0,0,0,-274.403,316.619,-74.176,0,0,1,2,3,L,"須磨-suma-",160,80,0.612,0,59,W,Y,0,0,0,0,0,0,0,0,0,0,0,0,0,0,0,0,-0.183,-37.068,0,"encounter v",-0.072,-17.549,0,"Pring__",-19.38,-39.576,0,"ddil_ddil69",-6.627,-60.956,0,"_Gosomi",21.344,-43.028,0,"Yaksok~",12.198,-58.101,0,"_송글_",39.434,-89.785,0,"うよすま",4.086,-103.671,0,"눈꽃",-32.895,-90.01,0,0,0,0,0,0,"",0,0,0,0,354.373,355.659,,,0,0
7,1,1,0,0,0,1,0,1,1,0,7,2,255,6,370.042,"하루（Haru）",R,26,85,138,0.489,-0.24,0.319,1.758,0.073,1.298,-36.491,34.823,39,61,0,2,0,95.139,-155.528,11.162,0,0,1,2,3,L,"須磨-suma-",160,80,0.612,3,59,W,Y,371.118,255,56,85,82,27,145,107,-30,20.412,0.89,0,0.389,-53.175,213.046,10.839,-0.161,-37.091,0,"encounter v",-0.133,-17.659,115,"Pring__",-17.281,-42.259,0,"ddil_ddil69",-8.893,-62.093,0,"_Gosomi",21.167,-46.176,0,"Yaksok~",12.139,-57.993,0,"_송글_",40.899,-91.779,0,"うよすま",5.518,-105.071,0,"눈꽃",-32.857,-89.932,106,371.073,-0.303,-19.964,374.848,8,"눈꽃",-20.656,-75.3,1,0,377.982,375.834,375.794,,261,2
8,1,1,0,0,0,0,0,1,1,1,3,7,2,7,398.656,"하루（Haru）",R,28,73,112,1.669,-0.134,0.49,1.743,0.581,1.423,-36.491,56.103,89,11,0,4,0,86.584,-97.703,-0.803,0,0,1,3,1,L,"_Chun",190,80,0.455,0,76,W,Y,0,0,0,0,0,0,0,0,0,0,0,0,0,0,0,0,-0.484,-37.325,0,"encounter v",-0.249,-17.388,0,"Pring__",-17.999,-41.9,0,"ddil_ddil69",-11.719,-60.424,0,"_Gosomi",21.516,-45.232,0,"Yaksok~",11.18,-57.864,0,"_송글_",40.782,-89.233,0,"うよすま",6.298,-119.177,0,"눈꽃",-31.944,-104.632,0,0,0,0,0,0,"",0,0,0,0,399.923,401.254,400.873,,0,0
9,1,1,0,0,0,1,0,1,1,1,3,7,2,8,434.28,"하루（Haru）",R,3,70,112,0.209,0.211,0.476,1.877,0.802,1.741,-36.491,58.361,73,27,0,2,0,-408.108,0,6.383,0,0,1,3,1,L,"_Chun",190,80,0.455,3,76,W,Y,435.321,243,136,122,98,51,145,92,24.544,-31.443,-0.74,0,0.337,101.235,64.578,-24.684,-0.551,-36.933,0,"encounter v",-0.037,-17.64,0,"Pring__",-17.648,-42.313,0,"ddil_ddil69",-13.206,-61.692,0,"_Gosomi",21.942,-46.935,86,"Yaksok~",13.062,-58.276,0,"_송글_",40.116,-89.183,98,"うよすま",8.426,-116.154,0,"눈꽃",-30.626,-104.195,0,0,0,0,439.457,6,"_송글_",36.246,-80.163,0,0,,440.218,439.951,,84,1
10,1,1,0,0,0,0,1,1,1,1,3,7,2,9,464.431,"하루（Haru）",R,5,82,130,-0.784,-0.456,0.266,1.745,-0.174,1.315,-36.491,35.589,85,15,0,2,0,-139.054,2.915,7.762,0,0,0,4,5,L,"Kr_Luna",190,95.256,0.499,3,76,W,Y,465.29,177,93,132,99,37,145,130,107.102,62.061,0.32,0,0.109,132.364,-117.434,0.543,-0.415,-36.678,0,"encounter v",-0.05,-17.489,0,"Pring__",-19.491,-40.174,0,"ddil_ddil69",-13.233,-60.029,0,"_Gosomi",21.941,-47.378,0,"Yaksok~",15.015,-59.702,0,"_송글_",45.514,-96.844,0,"うよすま",17.917,-122.657,0,"눈꽃",-25.012,-113.241,0,0,0,0,0,0,"",0,0,0,0,,469.117,466.96,,4,3
11,1,1,0,0,0,1,1,1,1,1,3,7,2,10,481.555,"하루（Haru）",R,33,71,110,3.322,0.468,0.694,1.92,1.211,1.804,-36.491,78.15,79,21,0,1,0,118.039,-92.191,1.186,0,0,0,4,5,L,"Kr_Luna",190,95.256,0.499,0,76,W,Y,0,0,0,0,0,0,0,0,0,0,0,0,0,0,0,0,-0.163,-36.799,0,"encounter v",-0.181,-17.667,0,"Pring__",-17.523,-41.915,0,"ddil_ddil69",-13.626,-59.087,0,"_Gosomi",19.796,-42.856,0,"Yaksok~",14.933,-59.594,0,"_송글_",43.274,-96.425,0,"うよすま",18.805,-120.048,0,"눈꽃",-20.166,-110.811,0,0,0,0,0,0,"",0,0,0,0,482.715,484.362,483.765,,0,0
12,1,1,0,0,1,1,1,1,1,1,3,7,2,11,499.884,"하루（Haru）",R,3,58,90,0.484,-0.022,0.658,1.888,1.103,1.616,-36.491,90.972,63,37,0,2,0,-390.047,0,18.29,0,0,0,4,5,L,"Kr_Luna",190,95.256,0.499,3,76,W,Y,500.928,108,64,80,99,64,136,115,28.705,-12.058,0.78,0,0.139,523.623,-226.124,-83.333,-0.307,-36.562,0,"encounter v",-0.062,-17.534,0,"Pring__",-19.05,-40.661,0,"ddil_ddil69",-13.616,-59.25,0,"_Gosomi",19.826,-40.899,0,"Yaksok~",14.952,-59.623,0,"_송글_",43.138,-96.57,0,"うよすま",18.316,-122.142,115,"눈꽃",-20.084,-111.772,0,506.198,27.692,-120.136,506.407,7,"うよすま",26.714,-117.043,0,0,,506.527,504.177,511.907,6,1
13,1,1,1,0,0,0,2,0,1,1,255,3,7,12,536.404,"하루（Haru）",R,26,100,135,-4.01,-0.936,-0.279,1.477,-1.806,0.847,-36.491,8.804,46,54,0,1,0,76.315,-196.1,39.344,0,0,0,5,4,R,"SUGUN",190,82.092,0.496,0,79,W,Y,0,0,0,0,0,0,0,0,0,0,0,0,0,0,0,0,-0.182,-37.685,0,"encounter v",0.132,-17.519,0,"Pring__",-20.928,-46.851,0,"ddil_ddil69",-14.091,-61.632,0,"_Gosomi",21.236,-46.739,0,"Yaksok~",13.07,-64.816,0,"_송글_",43.129,-93.266,0,"うよすま",-7.376,-118.347,0,"눈꽃",-52.183,-99.297,0,0,0,0,0,0,"",0,0,0,0,537.907,539.891,539.166,,0,0
14,1,1,1,0,1,0,2,0,1,1,255,3,7,13,554.489,"하루（Haru）",R,27,74,112,0.698,0.773,0.348,1.993,0.14,1.961,-36.491,56.681,88,12,0,0,0,86.434,-122.324,4.183,0,0,0,5,4,R,"SUGUN",190,82.092,0.496,0,79,W,Y,0,0,0,0,0,0,0,0,0,0,0,0,0,0,0,0,-0.282,-37.322,0,"encounter v",-0.082,-17.314,0,"Pring__",-21.022,-46.976,0,"ddil_ddil69",-14.773,-62.518,0,"_Gosomi",20.013,-46.988,0,"Yaksok~",14.186,-64.24,0,"_송글_",42.704,-92.284,0,"うよすま",-10.606,-113.829,0,"눈꽃",-52.064,-99.192,0,0,0,0,0,0,"",0,0,0,0,556.19,558.143,557.518,,0,0
15,1,1,1,0,1,1,2,0,1,1,255,3,7,14,572.056,"하루（Haru）",R,0,72,124,1.45,2.591,0.222,1.946,-0.376,1.965,-36.491,50.691,98,2,0,2,0,0,0,1.635,0,0,1,5,4,R,"SUGUN",190,82.092,0.496,3,79,W,Y,573.191,157,26,61,48,9,136,115,-15.092,10.845,0.86,0,0.153,-129.361,25.289,17.47,-0.131,-36.894,0,"encounter v",-0.193,-17.675,0,"Pring__",-20.83,-46.78,0,"ddil_ddil69",-14.779,-62.487,108,"_Gosomi",20.765,-49.018,0,"Yaksok~",14.265,-64.326,0,"_송글_",42.814,-93.371,0,"うよすま",-9.546,-112.321,0,"눈꽃",-52.141,-99.189,0,573.174,-0.998,-24.438,575.457,3,"ddil_ddil69",-8.587,-63.797,0,0,602.382,,576.721,577.883,168,2
16,1,0,1,0,0,0,0,0,0,0,255,255,255,0,675.163,"소솨소솨",R,33,91,140,-0.158,-0.15,0.149,1.681,-0.237,1.408,-36.533,9.77,48,52,0,2,0,139.991,-111.115,2.331,0,0,1,0,7,R,"うよすま",175.4,85,0.496,3,78,W,Y,676.187,197,60,106,34,0,145,127,-30,33.177,0.31,0,0.419,-502.466,170.972,-153.288,0.086,-37.658,0,"_Chun",-0.011,-17.637,0,"Sabo_10",-23.099,-47.972,88,"須磨-suma-",-14.505,-64.569,0,"SUGUN",19.96,-49.471,0,"Kr_Luna",10.154,-59.861,0,"AI",40.9,-90.65,0,"ByeolBam",-0.98,-111.542,0,"Luckƴ",-43.503,-94.494,0,676.032,-0.783,-19.669,677.557,2,"Sabo_10",-18.616,-46.8,0,0,,,,,129,2
17,1,0,1,0,0,0,1,0,0,0,255,255,255,1,700.44,"소솨소솨",R,32,80,131,2.675,0.264,0.406,1.773,0.96,1.723,-36.533,38.307,80,20,0,4,0,153.267,-47.876,-3.103,0,0,1,1,1,L,"encounter v",190,85.791,0.423,0,78,W,Y,0,0,0,0,0,0,0,0,0,0,0,0,0,0,0,0,0.057,-38.034,0,"_Chun",0.047,-17.76,0,"Sabo_10",-22.012,-48.452,0,"須磨-suma-",-8.879,-67.242,0,"SUGUN",20.735,-49.34,0,"Kr_Luna",13.446,-60.826,0,"AI",40.9,-90.65,0,"ByeolBam",-0.204,-109.88,0,"Luckƴ",-47.924,-92.293,0,0,0,0,0,0,"",0,0,0,0,701.632,,,,0,0
18,1,0,1,0,0,1,1,0,0,0,255,255,255,2,713.881,"소솨소솨",R,32,88,140,-4.115,-2.295,-0.042,1.456,-1.861,0.071,-36.533,18.509,36,64,0,3,0,156.342,-103.523,11.01,-0.595,-19.929,0,1,1,L,"encounter v",190,85.791,0.423,0,78,W,Y,0,0,0,0,0,0,0,0,0,0,0,0,0,0,0,0,-0.015,-37.977,0,"_Chun",-0.008,-17.731,0,"Sabo_10",-22.716,-48.956,0,"須磨-suma-",-8.445,-67.143,0,"SUGUN",20.813,-49.28,0,"Kr_Luna",13.451,-60.834,0,"AI",40.9,-90.65,0,"ByeolBam",-0.211,-109.748,0,"Luckƴ",-47.824,-93.006,0,0,0,0,0,0,"",0,0,0,0,716.79,,,,0,6
19,1,0,1,0,2,1,1,0,0,0,255,255,255,3,731.715,"소솨소솨",R,27,76,127,-1.439,-0.597,0.04,1.591,-0.744,1.133,-36.533,1.974,48,52,0,0,0,75.803,-100.31,4.533,0,0,0,1,1,L,"encounter v",190,85.791,0.423,0,43,W,Y,0,0,0,0,0,0,0,0,0,0,0,0,0,0,0,0,-0.114,-37.948,0,"_Chun",-0.031,-17.363,0,"Sabo_10",-22.312,-49.545,0,"須磨-suma-",-8.581,-66.903,0,"SUGUN",20.861,-49.438,0,"Kr_Luna",13.26,-60.427,0,"AI",40.9,-90.65,0,"ByeolBam",4.22,-111,0,"Luckƴ",-47.537,-92.833,0,0,0,0,0,0,"",0,0,0,0,732.982,,,,0,0
20,1,0,1,0,2,2,1,0,0,0,255,255,255,4,744.648,"소솨소솨",R,33,85,138,0.365,0.184,0.196,1.752,-0.019,1.654,-36.533,11.74,37,63,0,2,0,124.985,-75.857,1.26,0,0,1,1,1,L,"encounter v",190,85.791,0.423,3,43,W,Y,745.701,255,167,102,123,51,145,117,25.621,-8.153,0.79,0,0.508,356.273,162.078,-15.118,0.095,-37.874,0,"_Chun",0.006,-17.345,0,"Sabo_10",-21.664,-50.165,0,"須磨-suma-",-8.607,-66.97,0,"SUGUN",20.005,-49.421,0,"Kr_Luna",14.587,-60.479,0,"AI",40.9,-90.65,0,"ByeolBam",1.321,-112.106,91,"Luckƴ",-46.694,-92.851,0,750.799,11.73,-123.371,750.973,7,"ByeolBam",11.488,-120.209,0,0,,,,,130,1
21,1,0,1,0,0,0,2,0,0,0,255,255,255,5,772.056,"소솨소솨",R,34,86,140,-1.937,-0.904,-0.003,1.543,-0.945,0.977,-36.533,6.044,46,54,0,1,0,86.09,-72.666,2.692,0,0,0,2,2,L,"Pring__",190,93.089,0.485,0,77,W,Y,0,0,0,0,0,0,0,0,0,0,0,0,0,0,0,0,-0.113,-37.898,0,"_Chun",-0.03,-17.412,0,"Sabo_10",-21.853,-48.508,0,"須磨-suma-",-8.629,-66.576,0,"SUGUN",20.896,-49.618,0,"Kr_Luna",14.582,-60.412,0,"AI",40.9,-90.65,0,"ByeolBam",0.314,-111.303,0,"Luckƴ",-49.079,-93.563,0,0,0,0,0,0,"",0,0,0,0,773.198,,,,0,0
22,1,0,1,0,1,0,2,0,0,0,255,255,255,6,783.894,"소솨소솨",R,34,89,140,-0.005,-0.489,0.172,1.619,-0.129,1.223,-36.533,8.726,53,47,0,2,0,89.995,-88.926,-0.029,0,0,1,2,2,L,"Pring__",190,93.089,0.485,3,77,W,Y,784.903,219,128,136,114,60,145,130,19.998,8.495,0.39,0,0.432,22.703,-133.682,-43.712,0.047,-37.656,0,"_Chun",-0.018,-17.413,0,"Sabo_10",-21.723,-48.572,0,"須磨-suma-",-8.458,-66.546,0,"SUGUN",20.342,-49.708,0,"Kr_Luna",13.91,-60.637,0,"AI",40.9,-90.65,0,"ByeolBam",0.292,-111.297,0,"Luckƴ",-49.061,-93.585,0,789.54,-13.275,-134.809,0,0,"",0,0,1,0,,795.63,,,128,2
23,1,0,1,0,0,0,2,0,1,0,255,255,255,7,826.255,"소솨소솨",R,28,88,140,-0.103,-0.764,0.156,1.604,-0.204,1.141,-36.533,3.437,52,48,0,2,0,96.035,-97.952,6.8,0,0,1,3,3,R,"ddil_ddil69",176.4,89.899,0.397,3,77,W,Y,827.371,225,116,109,69,35,145,127,110.837,50.03,0.58,0,0.6,300.787,-448.428,65.108,-0.038,-37.523,0,"_Chun",-0.05,-17.413,0,"Sabo_10",-23.21,-49.352,0,"須磨-suma-",-15.684,-63.366,0,"SUGUN",19.555,-48.389,0,"Kr_Luna",7.181,-60.823,0,"AI",40.9,-90.65,0,"ByeolBam",-0.856,-114.497,0,"Luckƴ",-44.308,-94.878,0,0,0,0,0,0,"",0,0,0,0,,829.877,,,128,3
24,1,0,1,0,0,1,2,0,1,0,255,255,255,8,845.828,"소솨소솨",R,5,61,114,1.16,-0.224,0.334,1.7,0.622,1.473,-36.533,7.545,44,56,0,2,0,-72.865,0,-0.748,0,0,1,3,3,R,"ddil_ddil69",176.4,89.899,0.397,3,40,W,Y,847.056,248,67,86,88,40,145,86,57.328,48.682,-0.77,0,0.624,343.094,131.491,239.233,0.086,-37.727,0,"_Chun",-0.003,-17.582,0,"Sabo_10",-23.309,-49.805,0,"須磨-suma-",-16.032,-63.166,0,"SUGUN",19.881,-48.105,0,"Kr_Luna",8.97,-61.066,0,"AI",40.9,-90.65,0,"ByeolBam",-0.061,-113.317,0,"Luckƴ",-45.607,-95.264,0,852.274,-48.772,-56.533,0,0,"",0,0,0,0,,855.277,,,128,3
25,1,0,1,0,0,2,2,0,1,0,255,255,255,9,872.479,"소솨소솨",R,3,68,110,-2.978,-0.63,0.095,1.644,-0.489,1.279,-36.533,5.918,62,38,0,4,0,-443.077,25.547,-1.51,-1.135,-16.631,1,3,3,R,"ddil_ddil69",176.4,89.899,0.397,0,76,W,Y,0,0,0,0,0,0,0,0,0,0,0,0,0,0,0,0,-0.008,-38.027,0,"_Chun",-0.04,-17.543,0,"Sabo_10",-23.917,-49.336,0,"須磨-suma-",-15.881,-62.839,0,"SUGUN",19.694,-48.215,0,"Kr_Luna",6.741,-59.466,0,"AI",40.9,-90.65,0,"ByeolBam",-0.569,-111.846,0,"Luckƴ",-46.016,-91.323,0,0,0,0,0,0,"",0,0,0,0,877.124,,,,0,0
26,2,1,1,0,0,0,0,0,0,0,255,255,255,15,929.054,"하루（Haru）",R,11,19,74,0.731,1.225,0.343,2.296,0.357,2.612,-36.491,75.315,100,0,0,2,0,-29.598,208.7,-55.03,0,0,1,6,8,R,"Luckƴ",182.1,84.723,0.454,5,43,W,Y,930.638,64,173,68,72,41,104,96,90.262,19.366,0.15,0.095,0.369,525.695,183.574,-23.002,-0.083,-36.771,0,"encounter v",-0.068,-17.497,74,"Pring__",-21.513,-47.303,0,"ddil_ddil69",-15.932,-63.035,0,"_Gosomi",21.624,-50.24,0,"Yaksok~",13.355,-64.706,0,"_송글_",36.965,-86.499,0,"うよすま",-5.855,-117.534,0,"눈꽃",-43.021,-92.2,0,937.482,0.858,-12.204,937.673,1,"encounter v",0.845,-12.238,0,0,937.673,,,,258,1
27,2,1,1,0,0,0,1,0,0,0,255,255,255,16,958.87,"하루（Haru）",R,32,82,133,2.765,0.954,0.487,1.963,0.853,2.018,-36.491,51.901,87,13,0,2,0,236.473,-200,5.32,0,0,1,7,0,R,"소솨소솨",190,80,0.498,3,75,W,Y,959.983,159,60,84,45,35,140,87,36.089,-28.872,-0.81,0,0.317,365.86,-15.923,-467.598,-0.393,-37.054,0,"encounter v",-0.062,-17.382,0,"Pring__",-20.729,-46.498,0,"ddil_ddil69",-15.405,-62.867,0,"_Gosomi",23.239,-49.693,0,"Yaksok~",14.1,-63.947,0,"_송글_",37.507,-87.08,92,"うよすま",-9.803,-120.583,0,"눈꽃",-45.307,-99.188,0,964.64,36.342,-79.171,964.798,6,"_송글_",35.319,-77.345,0,0,,,,,272,1
28,2,1,1,0,0,0,2,0,0,0,255,255,255,17,985.202,"하루（Haru）",R,3,69,111,-0.495,-0.493,0.424,1.746,0.56,1.308,-36.491,52.248,0,100,0,0,0,-437.649,0,5.626,0,0,0,0,2,L,"Sabo_10",185.3,88,0.452,0,75,W,Y,0,0,0,0,0,0,0,0,0,0,0,0,0,0,0,0,-0.33,-37.206,0,"encounter v",-0.064,-17.399,0,"Pring__",-20.404,-46.628,0,"ddil_ddil69",-14.615,-63.495,0,"_Gosomi",23.622,-49.481,0,"Yaksok~",18.108,-65.59,0,"_송글_",44.959,-97.889,0,"うよすま",6.083,-119.261,0,"눈꽃",-38.603,-91.497,0,0,0,0,0,0,"",0,0,0,0,986.257,,,,0,0
29,2,1,1,0,0,1,2,0,0,0,255,255,255,18,1000.542,"하루（Haru）",R,26,78,128,0.6,1.044,0.327,1.981,0.111,2.089,-36.491,40.818,90,10,0,4,0,93.594,-152.373,4.443,0,0,1,0,2,L,"Sabo_10",185.3,88,0.452,0,75,W,Y,0,0,0,0,0,0,0,0,0,0,0,0,0,0,0,0,-0.023,-37.506,0,"encounter v",-0.063,-17.412,0,"Pring__",-20.454,-46.52,0,"ddil_ddil69",-14.633,-63.573,0,"_Gosomi",23.588,-49.403,0,"Yaksok~",17.997,-65.851,0,"_송글_",43.636,-94.417,0,"うよすま",5.441,-119.713,0,"눈꽃",-38.599,-91.496,0,0,0,0,0,0,"",0,0,0,0,1001.607,,,,0,0
30,2,1,1,0,0,2,2,0,0,0,255,255,255,19,1015.238,"하루（Haru）",R,28,90,140,-1.332,0.331,0.162,1.873,-0.656,1.73,-36.491,23.569,91,9,0,2,0,52.735,-81.182,7.051,0,0,1,0,2,L,"Sabo_10",185.3,88,0.452,3,75,W,Y,1016.302,112,68,93,68,25,137,90,99.069,78.603,-0.48,0,0.388,-23.542,-568.876,174.074,0.069,-36.892,0,"encounter v",-0.156,-17.501,0,"Pring__",-20.448,-46.368,0,"ddil_ddil69",-14.595,-63.505,0,"_Gosomi",23.818,-49.422,0,"Yaksok~",17.269,-65.989,0,"_송글_",42.636,-94.893,0,"うよすま",4.722,-119.895,0,"눈꽃",-38.606,-91.503,0,0,0,0,0,0,"",0,0,0,0,,,,,256,3
31,2,1,1,0,0,2,2,0,0,0,255,255,255,20,1031.638,"하루（Haru）",R,33,73,125,3.75,1.174,0.613,2.016,1.441,2.204,-36.491,68.763,81,19,0,1,0,112.558,-110.751,1.213,0,0,0,0,2,L,"Sabo_10",185.3,88,0.452,0,79,W,Y,0,0,0,0,0,0,0,0,0,0,0,0,0,0,0,0,-0.359,-36.853,0,"encounter v",0.014,-17.431,0,"Pring__",-21.273,-47.388,0,"ddil_ddil69",-14.948,-63.252,0,"_Gosomi",23.456,-49.466,0,"Yaksok~",17.081,-66.267,0,"_송글_",41.989,-97.072,0,"うよすま",3.59,-119.629,0,"눈꽃",-39.268,-93.239,0,0,0,0,0,0,"",0,0,0,0,1032.865,,,,0,0
32,2,1,1,0,1,2,2,0,0,0,255,255,255,21,1045.176,"하루（Haru）",R,27,82,118,0.132,-0.559,0.268,1.608,-0.109,1.117,-36.491,32,50,50,0,2,0,94.725,-141.166,4.301,0,0,1,0,2,L,"Sabo_10",185.3,88,0.452,3,79,W,Y,1046.316,249,86,92,121,67,145,110,26.713,-38.078,0.06,0,0.571,434.863,-107.292,-161.876,-0.662,-37.131,0,"encounter v",-0.134,-17.692,0,"Pring__",-20.931,-46.827,0,"ddil_ddil69",-14.916,-63.106,85,"_Gosomi",23.48,-49.492,0,"Yaksok~",16.718,-66.174,0,"_송글_",42.078,-96.981,89,"うよすま",3.633,-119.326,0,"눈꽃",-39.273,-93.239,0,1051.048,63.889,-96.087,1053.065,6,"_송글_",63.013,-98.07,1,0,,1056.446,,,280,2
33,2,1,1,0,0,0,2,0,1,0,255,2,255,22,1080.427,"하루（Haru）",R,27,89,125,-1.816,-1.306,-0.012,1.443,-0.976,0.699,-36.491,21.099,43,57,0,1,0,119.925,-138.216,9.715,0,0,0,1,7,R,"ByeolBam",175,90,0.5,0,74,W,Y,0,0,0,0,0,0,0,0,0,0,0,0,0,0,0,0,-0.393,-36.974,0,"encounter v",-0.142,-17.47,0,"Pring__",-22.287,-48.149,0,"ddil_ddil69",-15.317,-63.238,0,"_Gosomi",20.853,-46.791,0,"Yaksok~",12.346,-67.844,0,"_송글_",41.905,-94.28,0,"うよすま",-6.584,-115.642,0,"눈꽃",-47.442,-96.806,0,0,0,0,0,0,"",0,0,0,0,1081.607,1083.639,,,0,0
34,2,1,1,0,1,0,2,0,1,0,255,2,255,23,1094.457,"하루（Haru）",R,34,70,109,0.243,-0.237,0.287,1.738,-0.05,1.391,-36.491,50.158,91,9,0,2,0,79.974,-66.902,3.586,0,0,1,1,7,R,"ByeolBam",175,90,0.5,3,74,W,Y,1095.456,181,132,77,54,61,141,99,26.106,49.925,0.91,0,0.421,133.308,-70.01,87.56,-0.793,-37.177,0,"encounter v",-0.079,-17.529,0,"Pring__",-22.182,-48.1,0,"ddil_ddil69",-15.282,-63.149,0,"_Gosomi",20.51,-47.102,0,"Yaksok~",15.195,-68.364,0,"_송글_",41.913,-94.247,0,"うよすま",-4.704,-114.047,0,"눈꽃",-47.48,-96.849,0,1098.94,-56.455,-69.135,0,0,"",0,0,0,0,,1101.13,,,256,3
35,2,1,1,0,1,1,2,0,1,0,255,2,255,24,1117.025,"하루（Haru）",R,3,63,109,-0.584,-0.141,0.382,1.813,0.365,1.524,-36.491,60.949,61,39,0,2,0,-342.082,0,12.41,0,0,1,1,7,R,"ByeolBam",175,90,0.5,3,74,W,Y,1118.007,245,97,76,127,60,145,113,-30,41.243,0.88,0,0.335,91.098,-90.622,27.519,-0.148,-36.689,0,"encounter v",-0.049,-17.454,0,"Pring__",-22.518,-47.785,0,"ddil_ddil69",-16.212,-62.415,0,"_Gosomi",20.501,-46.047,0,"Yaksok~",15.041,-68.091,0,"_송글_",41.355,-93.305,0,"うよすま",-6.13,-113.303,0,"눈꽃",-47.145,-95.783,0,1117.915,-1.385,-22.163,1119.348,2,"Pring__",-20.098,-43.564,0,0,,,,,132,2
36,2,0,1,0,0,0,0,0,0,0,255,255,255,10,1159.15,"소솨소솨",R,34,87,140,-0.109,-0.137,0.165,1.693,-0.161,1.448,-36.533,8.532,48,52,0,0,0,93.121,-75.715,0.877,0,0,1,4,6,R,"_송글_",174.9,90.478,0.316,0,74,W,Y,0,0,0,0,0,0,0,0,0,0,0,0,0,0,0,0,0.322,-37.715,0,"_Chun",-0.029,-17.331,0,"Sabo_10",-22.36,-49.559,0,"須磨-suma-",-15.643,-63.11,0,"SUGUN",20.374,-49.149,0,"Kr_Luna",10.13,-59.551,0,"AI",40.9,-90.65,0,"ByeolBam",0.363,-112.876,0,"Luckƴ",-46.403,-90.744,0,0,0,0,0,0,"",0,0,0,0,1160.223,,,,0,0
37,2,0,1,0,0,1,0,0,0,0,255,255,255,11,1174.764,"소솨소솨",R,33,82,133,-5.394,0.993,-0.096,1.824,-2.505,2.115,-36.533,16.046,40,60,0,1,0,109.372,-55.427,5.499,0,0,0,4,6,R,"_송글_",174.9,90.478,0.316,0,74,W,Y,0,0,0,0,0,0,0,0,0,0,0,0,0,0,0,0,-0.152,-38.042,0,"_Chun",-0.103,-17.301,0,"Sabo_10",-22.464,-49.383,0,"須磨-suma-",-15.655,-63.1,0,"SUGUN",20.634,-49.088,0,"Kr_Luna",10.888,-60.589,0,"AI",40.9,-90.65,0,"ByeolBam",0.131,-112.54,0,"Luckƴ",-46.563,-90.553,0,0,0,0,0,0,"",0,0,0,0,1175.865,,,,0,0
38,2,0,1,0,1,1,0,0,0,0,255,255,255,12,1186.809,"소솨소솨",R,34,82,134,3.676,0.796,0.493,1.861,1.365,2.038,-36.533,31.359,84,16,0,3,0,64.803,-41.068,1.121,-0.26,-20.256,0,4,6,R,"_송글_",174.9,90.478,0.316,0,74,W,Y,0,0,0,0,0,0,0,0,0,0,0,0,0,0,0,0,0.416,-38.123,0,"_Chun",-0.117,-17.438,0,"Sabo_10",-22.416,-49.283,0,"須磨-suma-",-15.29,-63.115,0,"SUGUN",20.871,-48.773,0,"Kr_Luna",10.835,-60.724,0,"AI",40.9,-90.65,0,"ByeolBam",0.024,-113.809,0,"Luckƴ",-47.032,-91.192,0,0,0,0,0,0,"",0,0,0,0,1189.707,,,,0,6
39,2,0,1,0,3,1,0,0,0,0,255,255,255,13,1208.959,"소솨소솨",R,28,53,109,-0.649,-1.079,0.142,1.533,-0.268,0.885,-36.533,5.465,57,43,0,1,0,-10.691,-86.804,0.88,0,0,0,4,6,R,"_송글_",174.9,90.478,0.316,0,74,W,Y,0,0,0,0,0,0,0,0,0,0,0,0,0,0,0,0,0.002,-38.117,0,"_Chun",-0.033,-17.111,0,"Sabo_10",-22.427,-49.031,0,"須磨-suma-",-14.479,-63.913,0,"SUGUN",20.657,-48.704,0,"Kr_Luna",10.62,-60.805,0,"AI",40.9,-90.65,0,"ByeolBam",-0.201,-111.274,0,"Luckƴ",-45.363,-89.96,0,0,0,0,0,0,"",0,0,0,0,1210.248,,,,0,5
40,2,0,1,0,0,0,0,1,0,0,16,255,255,14,1215.295,"소솨소솨",R,0,0,0,0,0,0,0,0,0,0,0,0,0,0,0,0,0,0,0,0,0,0,4,6,L,"_송글_",174.9,90.478,0.316,0,74,W,Y,0,0,0,0,0,0,0,0,0,0,0,0,0,0,0,0,0,0,0,"",0,0,0,"",0,0,0,"",0,0,0,"",0,0,0,"",0,0,0,"",0,0,0,"",0,0,0,"",0,0,0,0,0,0,0,0,"",0,0,0,0,1248.598,,,,0,0
41,2,0,1,0,0,0,0,1,0,0,16,255,255,14,1266.028,"_Chun",L,14,84,123,-2.25,-0.22,-0.468,2.127,-0.363,1.841,-36.623,49.818,75,25,0,2,0,-376.034,329.543,0,0,0,1,5,8,L,"눈꽃",180,80,0.497,3,79,W,Y,1267.259,254,217,88,86,42,145,128,-30,31.587,0.65,0,0.507,-102.345,273.699,281.351,-0.442,-36.886,0,"소솨소솨",0.023,-17.198,0,"Sabo_10",-19.402,-45.966,0,"須磨-suma-",-9.22,-66.61,0,"SUGUN",19.926,-49.883,0,"Kr_Luna",10.724,-60.804,75,"AI",40.9,-90.65,0,"ByeolBam",3.872,-113.231,0,"Luckƴ",-44.339,-92.974,121,1267.057,-1.349,-21.706,1270.94,8,"Luckƴ",-32.813,-82.402,1,0,,1271.796,,,88,2
42,2,0,1,0,0,0,0,1,1,0,18,16,255,15,1291.145,"_Chun",L,26,83,135,-0.072,1.204,-0.4,2.158,-0.104,2.084,-36.623,59.224,78,22,0,1,0,69.353,-200,0,0,0,0,6,4,R,"_Gosomi",175.4,85.099,0.49,0,72,W,Y,0,0,0,0,0,0,0,0,0,0,0,0,0,0,0,0,-0.129,-37.204,0,"소솨소솨",0.025,-17.198,0,"Sabo_10",-18.932,-41.201,0,"須磨-suma-",-14.24,-64.218,0,"SUGUN",19.213,-45.124,0,"Kr_Luna",3.584,-61.176,0,"AI",40.9,-90.65,0,"ByeolBam",-1.316,-109.228,0,"Luckƴ",-44.342,-89.118,0,0,0,0,0,0,"",0,0,0,0,1292.315,1293.525,,,0,0
43,2,0,1,0,1,0,0,1,1,0,18,16,255,16,1303.914,"_Chun",L,14,80,117,2.938,0.25,-0.242,2.154,0.671,2.059,-36.623,50.608,81,19,0,2,0,-376.937,328.509,-23.222,0,0,1,6,4,R,"_Gosomi",175.4,85.099,0.49,3,72,W,Y,1305.019,161,60,95,97,56,145,127,25.696,24.863,0.36,0,0.382,-53.801,578.078,-16.497,-0.31,-37.051,0,"소솨소솨",-0.086,-17.144,100,"Sabo_10",-18.557,-43.36,0,"須磨-suma-",-14.481,-64.257,89,"SUGUN",19.402,-45.925,0,"Kr_Luna",5.016,-61.968,0,"AI",40.9,-90.65,0,"ByeolBam",-0.622,-111.068,0,"Luckƴ",-44.484,-90.684,91,1309.498,-59.075,-111.89,1311.765,3,"ddil_ddil69",-52.374,-108.944,1,0,1318.215,1311.643,1310.338,1315.238,204,2
44,2,0,1,1,0,0,0,1,0,1,14,255,18,17,1337.182,"_Chun",L,10,88,128,1.129,0.08,-0.358,2.154,0.502,2.029,-36.623,57.455,81,19,0,0,0,0,400,-9.74,0,0,1,7,5,R,"Yaksok~",173.3,80,0.332,0,72,W,Y,0,0,0,0,0,0,0,0,0,0,0,0,0,0,0,0,-0.012,-37.533,0,"소솨소솨",-0.023,-16.958,0,"Sabo_10",-21.132,-43.121,0,"須磨-suma-",-12.681,-65.484,0,"SUGUN",20.696,-43.926,0,"Kr_Luna",8.735,-61.307,0,"AI",40.9,-90.65,0,"ByeolBam",-3.192,-111.663,0,"Luckƴ",-44.852,-93.972,0,0,0,0,0,0,"",0,0,0,0,1338.157,,1339.777,,0,0
45,2,0,1,1,0,1,0,1,0,1,14,255,18,18,1351.741,"_Chun",L,10,95,128,0.965,-1.903,-0.339,1.926,0.429,0.96,-36.623,42.749,87,13,0,1,0,0,400,-10.511,0.229,-18.846,0,7,5,R,"Yaksok~",173.3,80,0.332,0,72,W,Y,0,0,0,0,0,0,0,0,0,0,0,0,0,0,0,0,-0.029,-37.592,0,"소솨소솨",-0.031,-17.139,0,"Sabo_10",-19.553,-43.031,0,"須磨-suma-",-12.483,-65.278,0,"SUGUN",20.569,-43.218,0,"Kr_Luna",2.132,-60.122,0,"AI",40.9,-90.65,0,"ByeolBam",-2.628,-111.638,0,"Luckƴ",-47.082,-92.838,0,0,0,0,0,0,"",0,0,0,0,1352.698,,1354.15,,0,0
46,2,0,1,1,1,1,0,1,0,1,14,255,18,19,1365.007,"_Chun",L,27,81,132,0.763,1.252,-0.38,2.191,0.453,2.176,-36.623,57.032,78,18,4,2,0,-73.719,-117.674,-3.426,0,0,0,7,5,R,"Yaksok~",173.3,80,0.332,3,72,W,Y,1365.919,174,106,69,54,23,138,126,-30,17.656,0.57,0,0.159,-330.759,348.667,-353.222,-0.119,-36.927,0,"소솨소솨",-0.057,-17.08,0,"Sabo_10",-19.221,-45.279,0,"須磨-suma-",-12.539,-65.197,0,"SUGUN",18.998,-46.116,0,"Kr_Luna",4.99,-60.281,69,"AI",40.9,-90.65,0,"ByeolBam",-2.638,-111.505,113,"Luckƴ",-47.076,-92.823,0,1365.64,-0.762,-21.439,1373.357,7,"ByeolBam",-33.279,-126.745,1,0,,1370.487,1376.725,1370.308,26,2
47,2,0,1,2,0,0,0,0,1,1,255,15,14,20,1393.672,"_Chun",L,10,84,126,2.136,-0.474,-0.332,2.102,0.803,1.731,-36.623,49.779,76,24,0,2,0,86.194,400,-11.859,0,0,1,8,0,R,"하루（Haru）",190,90.172,0.403,3,72,W,Y,1394.825,176,148,76,66,31,144,106,37.56,-29.296,-0.04,0,0.243,-388.352,-178.173,-269.739,-0.168,-37.54,0,"소솨소솨",-0.066,-17.083,94,"Sabo_10",-21.356,-46.752,0,"須磨-suma-",-14.951,-64.217,0,"SUGUN",19.76,-45.577,0,"Kr_Luna",7.929,-60.984,0,"CoalCat",36.24,-87.152,91,"ByeolBam",-2.364,-113.701,0,"Luckƴ",-42.645,-92.602,0,1399.173,44.009,-90.594,1399.432,6,"CoalCat",42.222,-87.946,0,0,1404.815,1401.499,1401.026,,392,1
48,2,0,1,2,0,0,1,0,1,1,255,15,14,21,1422.529,"_Chun",L,14,82,107,0.915,-0.166,-0.039,2.177,1.153,1.971,-36.623,42.489,83,17,0,0,0,-379.786,312.348,-29.056,0,0,0,0,7,R,"うよすま",175.4,85,0.496,0,72,W,Y,0,0,0,0,0,0,0,0,0,0,0,0,0,0,0,0,0.06,-37.282,0,"소솨소솨",-0.021,-17.06,0,"Sabo_10",-20.777,-46.079,0,"須磨-suma-",-13.27,-56.802,0,"SUGUN",19.862,-46.032,0,"Kr_Luna",2.437,-60.949,0,"CoalCat",38.658,-92.037,0,"ByeolBam",-4.031,-108.709,0,"Luckƴ",-43.794,-92.445,0,0,0,0,0,0,"",0,0,0,0,1423.707,1424.911,,,0,0
49,2,0,1,2,0,1,1,0,1,1,255,15,14,22,1436.165,"_Chun",L,14,83,121,-3.174,-0.445,-0.556,2.092,-0.787,1.762,-36.623,55.345,84,16,0,2,0,-353.237,353.87,-2.194,0,0,1,0,7,R,"うよすま",175.4,85,0.496,3,72,W,Y,1437.124,255,58,75,103,14,145,107,12.215,34.714,0.89,0,0.311,-164.213,-113.316,-117.812,-0.131,-37.18,0,"소솨소솨",-0.679,-17.184,0,"Sabo_10",-21.288,-47.419,104,"須磨-suma-",-13.271,-56.441,0,"SUGUN",20.02,-46.363,0,"Kr_Luna",6.23,-61.524,0,"CoalCat",36.366,-95.318,0,"ByeolBam",-1.281,-108.7,0,"Luckƴ",-43.801,-92.455,0,0,0,0,1438.532,2,"Sabo_10",-19.772,-47.392,0,0,,1439.592,,,9,1
50,2,0,1,2,0,0,2,0,1,1,255,15,14,23,1459.124,"_Chun",L,10,85,127,-0.591,-0.564,-0.532,2.095,-0.242,1.669,-36.623,51.875,77,23,0,2,0,0,400,-12.041,0,0,1,1,1,L,"encounter v",190,85.791,0.423,3,72,W,Y,1460.205,255,147,147,138,50,145,105,-12.063,0.042,-0.13,0,0.553,-204.295,-196.234,191.811,-0.211,-37.243,0,"소솨소솨",-0.025,-17.075,101,"Sabo_10",-21.164,-47.386,0,"須磨-suma-",-12.719,-65.236,95,"SUGUN",20.306,-46.748,0,"Kr_Luna",13.407,-60.33,0,"CoalCat",40.615,-95.282,0,"ByeolBam",4.099,-111.401,0,"Luckƴ",-46.525,-93.651,87,1460.032,-0.116,-24.362,1465.74,8,"Luckƴ",-30.871,-77.45,1,0,1470.74,1470.426,1465.154,1465.647,204,2
51,2,0,1,4,0,0,2,0,1,0,255,11,255,24,1485.35,"_Chun",L,14,90,126,-0.526,-0.665,-0.352,2.004,0.367,1.526,-36.623,40.984,79,21,0,2,0,-378.762,326.404,-32.569,0,0,1,2,2,L,"Pring__",190,93.089,0.485,3,72,W,Y,1486.565,255,153,50,93,89,136,130,-30,3.224,0.42,0,0.601,45.945,361.912,315.793,-0.065,-37.466,0,"소솨소솨",0.017,-17.221,0,"Sabo_10",-19.675,-46.296,108,"須磨-suma-",-13.963,-61.416,86,"SUGUN",19.921,-47.694,0,"Kr_Luna",9.174,-60.939,0,"CoalCat",37.442,-89.973,0,"ByeolBam",-1.262,-106.898,0,"Luckƴ",-43.096,-92.092,0,1486.44,-0.165,-22.271,1488.323,3,"須磨-suma-",-8.86,-58.537,0,0,,,1491.578,,261,2
52,3,1,1,4,0,0,0,0,0,0,255,255,255,26,1528.446,"하루（Haru）",R,13,27,73,-1.085,0.76,0.35,2.267,0.144,2.722,-36.491,72.484,100,0,0,2,0,-248.288,331.7,-71.107,0,0,1,2,3,L,"須磨-suma-",160,80,0.612,3,72,W,Y,1529.879,255,134,32,71,52,120,106,-30,-8.373,0.76,0,0.394,98.949,215.837,214.387,-0.093,-36.714,0,"encounter v",-0.055,-17.418,0,"Pring__",-21.062,-46.996,86,"ddil_ddil69",-13.332,-64.035,0,"_Gosomi",21.436,-48.506,0,"Yaksok~",12.944,-57.991,106,"_송글_",37.941,-87.309,0,"うよすま",4.915,-110.332,0,"눈꽃",-31.764,-91.68,0,1529.732,0.093,-22.522,1532.173,3,"ddil_ddil69",6.121,-63.882,0,0,,,,,388,2
53,3,1,1,4,0,0,1,0,0,0,255,255,255,27,1553.731,"하루（Haru）",R,33,75,126,2.896,0.578,0.533,1.917,1.07,1.869,-36.491,70.292,70,30,0,1,0,114.783,-95.373,3.393,0,0,0,3,0,L,"_Chun",190,80,0.455,0,72,W,Y,0,0,0,0,0,0,0,0,0,0,0,0,0,0,0,0,-0.146,-37.011,0,"encounter v",0.654,-15.693,0,"Pring__",-20.906,-46.822,0,"ddil_ddil69",-16.345,-62.714,0,"_Gosomi",22.433,-47.799,0,"Yaksok~",16.271,-63.151,0,"_송글_",43.305,-97.084,0,"うよすま",9.523,-123.224,0,"눈꽃",-30.624,-111.004,0,0,0,0,0,0,"",0,0,0,0,1554.84,,,,0,0
54,3,1,1,4,1,0,1,0,0,0,255,255,255,28,1574.642,"하루（Haru）",R,27,86,139,0.618,0.869,0.335,1.973,0.15,2.052,-36.491,45.184,89,11,0,0,0,80.401,-108.699,2.792,0,0,1,3,0,L,"_Chun",190,80,0.455,0,72,W,Y,0,0,0,0,0,0,0,0,0,0,0,0,0,0,0,0,0.082,-36.935,0,"encounter v",-0.086,-17.372,0,"Pring__",-21.519,-47.373,0,"ddil_ddil69",-15.905,-62.762,0,"_Gosomi",22.57,-48.237,0,"Yaksok~",16.425,-63.06,0,"_송글_",43.29,-97.076,0,"うよすま",8.823,-121.563,0,"눈꽃",-30.582,-110.829,0,0,0,0,0,0,"",0,0,0,0,1575.732,,,,0,0
55,3,1,1,4,1,1,1,0,0,0,255,255,255,29,1595.668,"하루（Haru）",R,33,79,116,0.891,0.345,0.434,1.885,0.405,1.729,-36.491,41.953,32,68,0,2,0,135.976,-120.893,5.706,0,0,1,3,0,L,"_Chun",190,80,0.455,3,72,W,Y,1596.693,255,123,105,77,66,145,112,26.168,-15.009,0.86,0,0.416,71.901,-516.587,-172.484,-0.661,-37.054,0,"encounter v",-0.116,-17.522,0,"Pring__",-21.49,-47.312,0,"ddil_ddil69",-15.889,-62.775,82,"_Gosomi",23.323,-48.974,0,"Yaksok~",16.452,-63.052,0,"_송글_",43.329,-97.115,102,"うよすま",6.26,-119.477,0,"눈꽃",-28.83,-110.179,0,1601.157,36.695,-107.682,1601.332,6,"_송글_",34.955,-104.507,0,0,,,,,24,1
56,3,1,1,4,0,0,2,0,0,0,255,255,255,30,1625.419,"하루（Haru）",R,0,83,133,1.201,0.558,0.416,1.956,0.523,1.996,-36.491,54.287,88,12,0,2,0,-9.072,48.379,3.904,0,0,0,4,5,L,"Kr_Luna",190,95.256,0.499,3,72,W,Y,1626.257,166,143,130,98,33,145,130,27.765,-14.608,0.71,0,0.148,32.559,27.321,-5.377,-0.284,-36.732,0,"encounter v",-0.071,-17.655,0,"Pring__",-20.478,-46,0,"ddil_ddil69",-8.544,-51.336,0,"_Gosomi",23.968,-50.43,0,"Yaksok~",17.554,-62.46,0,"_송글_",42.54,-95.194,0,"うよすま",18.666,-123.219,0,"눈꽃",-20.891,-116.285,0,1631.048,28.594,-130.449,1631.24,7,"うよすま",27.714,-126.7,0,0,,,,,25,1
57,3,0,1,4,0,0,0,0,0,0,255,255,255,25,1695.023,"_Chun",L,26,80,130,-0.68,2.255,-0.468,2.258,-0.298,2.695,-36.623,68.444,70,28,2,1,0,10.539,-200,-10.47,0,0,0,3,3,R,"ddil_ddil69",176.4,89.899,0.397,0,72,W,Y,0,0,0,0,0,0,0,0,0,0,0,0,0,0,0,0,-0.187,-37.304,0,"소솨소솨",-0.044,-17.083,0,"Sabo_10",-23.128,-47.926,0,"須磨-suma-",-14.438,-64.577,0,"SUGUN",20.239,-47.699,0,"Kr_Luna",12.083,-60.187,0,"CoalCat",38.251,-99.838,0,"ByeolBam",-2.029,-111.646,0,"Luckƴ",-45.536,-94.928,0,0,0,0,0,0,"",0,0,0,0,1696.423,,,,0,0
58,3,0,1,4,1,0,0,0,0,0,255,255,255,26,1709.458,"_Chun",L,10,89,128,1.164,-0.733,-0.369,2.081,0.517,1.614,-36.623,47.725,82,18,0,2,0,0,400,-8.513,0,0,1,3,3,R,"ddil_ddil69",176.4,89.899,0.397,3,72,W,Y,1710.613,255,44,105,74,0,145,112,25.304,28.169,0.15,0,0.613,253.765,-73.791,36.051,-0.162,-37.078,0,"소솨소솨",-0.064,-17.186,0,"Sabo_10",-22.862,-49.433,89,"須磨-suma-",-14.727,-64.581,0,"SUGUN",19.835,-47.646,0,"Kr_Luna",11.295,-60.62,0,"CoalCat",38.277,-99.834,0,"ByeolBam",-1.967,-111.669,0,"Luckƴ",-46.391,-95.136,92,1715.357,-45.713,-106.917,1715.807,8,"Luckƴ",-44.001,-103.491,0,0,,,,,65,1
59,3,0,1,4,0,0,1,0,0,0,255,255,255,27,1733.914,"_Chun",L,26,86,140,-2.758,-0.13,-0.62,1.986,-1.169,1.357,-36.623,50.96,82,18,0,1,0,-9.445,-160.579,-3.67,0,0,0,4,6,R,"_송글_",174.9,90.478,0.316,0,72,W,Y,0,0,0,0,0,0,0,0,0,0,0,0,0,0,0,0,-0.274,-37.084,0,"소솨소솨",-0.15,-17.208,0,"Sabo_10",-21.204,-48.108,0,"須磨-suma-",-14.378,-64.104,0,"SUGUN",18.911,-48.312,0,"Kr_Luna",10.005,-61.587,0,"CoalCat",41.105,-100.028,0,"ByeolBam",-4.137,-112.115,0,"Luckƴ",-44.077,-93.657,0,0,0,0,0,0,"",0,0,0,0,1734.898,,,,0,0
60,3,0,1,4,0,1,1,0,0,0,255,255,255,28,1748.697,"_Chun",L,10,79,120,1.02,0.407,-0.434,2.242,0.256,2.555,-36.623,66.678,71,29,0,2,0,0,369.542,-5.391,0,0,1,4,6,R,"_송글_",174.9,90.478,0.316,3,72,W,Y,1749.734,156,45,75,41,22,137,83,101.079,-68.382,-0.71,0,0.435,380.197,458.41,-59.024,-0.233,-37.023,0,"소솨소솨",-0.049,-17.123,0,"Sabo_10",-21.668,-47.924,0,"須磨-suma-",-14.347,-64.048,0,"SUGUN",18.66,-48.305,0,"Kr_Luna",6.622,-61.116,0,"CoalCat",41.649,-104.758,0,"ByeolBam",-2.685,-112.428,0,"Luckƴ",-44.837,-94.405,0,0,0,0,0,0,"",0,0,0,0,,,,,0,3
61,3,0,1,4,0,2,1,0,0,0,255,255,255,29,1764.646,"_Chun",L,26,88,140,0.586,1.473,-0.367,2.11,0.162,2.251,-36.623,45.696,79,19,2,4,0,78.522,-200,-23.304,0,0,1,4,6,R,"_송글_",174.9,90.478,0.316,0,47,W,Y,0,0,0,0,0,0,0,0,0,0,0,0,0,0,0,0,-0.146,-37.168,0,"소솨소솨",-0.035,-17.122,0,"Sabo_10",-21.936,-47.024,0,"須磨-suma-",-14.362,-64.05,0,"SUGUN",20.03,-47.898,0,"Kr_Luna",7.312,-60.778,0,"CoalCat",41.218,-104.634,0,"ByeolBam",-2.058,-111.888,0,"Luckƴ",-44.655,-96.726,0,0,0,0,0,0,"",0,0,0,0,1765.69,,,,0,0
62,3,0,1,4,0,0,2,0,0,0,255,255,255,30,1781.441,"_Chun",L,26,87,140,-1.787,0.278,-0.57,2.053,-0.835,1.569,-36.623,44.03,74,24,2,1,0,54.581,-200,-11.464,0,0,0,5,8,L,"눈꽃",180,80,0.497,0,72,W,Y,0,0,0,0,0,0,0,0,0,0,0,0,0,0,0,0,-0.608,-37.326,0,"소솨소솨",-0.027,-17.145,0,"Sabo_10",-21.495,-47.867,0,"須磨-suma-",-12.237,-65.649,0,"SUGUN",20.577,-50.272,0,"Kr_Luna",9.742,-59.955,0,"CoalCat",45.826,-110.973,0,"ByeolBam",3.368,-113.226,0,"Luckƴ",-47.074,-96.345,0,0,0,0,0,0,"",0,0,0,0,1782.723,,,,0,0
63,3,0,1,4,1,0,2,0,0,0,255,255,255,31,1796.736,"_Chun",L,10,85,127,-0.659,-0.467,-0.505,2.129,-0.273,1.76,-36.623,50.706,76,22,2,0,0,0,400,-6.02,0,0,1,5,8,L,"눈꽃",180,80,0.497,0,72,W,Y,0,0,0,0,0,0,0,0,0,0,0,0,0,0,0,0,-0.284,-37.77,0,"소솨소솨",-0.029,-17.132,0,"Sabo_10",-20.588,-45.644,0,"須磨-suma-",-12.395,-65.534,0,"SUGUN",20.801,-50.18,0,"Kr_Luna",12.22,-59.2,0,"CoalCat",48.004,-108.591,0,"ByeolBam",3.392,-113.215,0,"Luckƴ",-46.679,-95.742,0,0,0,0,0,0,"",0,0,0,0,1797.99,,,,0,0
64,3,0,1,4,1,1,2,0,0,0,255,255,255,32,1809.871,"_Chun",L,14,82,120,-0.739,0.126,-0.357,2.188,0.276,2.086,-36.623,54.754,80,18,2,2,0,-355.813,351.279,-22.924,0,0,1,5,8,L,"눈꽃",180,80,0.497,3,72,W,Y,1810.911,255,145,86,106,48,145,119,-23.472,33.081,0.81,0,0.497,-46.939,251.18,539.889,-0.138,-36.921,0,"소솨소솨",-0.017,-17.117,0,"Sabo_10",-20.662,-47.4,0,"須磨-suma-",-12.426,-65.603,0,"SUGUN",20.373,-50.274,0,"Kr_Luna",9.989,-62.044,0,"CoalCat",48,-107.738,0,"ByeolBam",1.892,-112.691,0,"Luckƴ",-47.141,-95.979,0,1810.682,-1.536,-22.721,1812.107,2,"Sabo_10",-19.394,-44.759,0,0,1840.773,,,,7,2
65,4,1,1,4,0,0,0,0,0,0,255,255,255,31,1875.478,"Pring__",R,32,82,133,1.336,-0.048,0.252,1.519,0.24,1.471,-36.236,34.826,0,100,0,2,0,242.013,-127.913,15.709,0,0,1,5,4,R,"SUGUN",190,82.092,0.496,3,50,W,Y,1876.746,86,24,39,26,16,78,67,-46.201,38.396,-0.02,0,0.159,-133.448,6.661,119.533,-0.232,-36.997,0,"encounter v",-0.049,-17.843,0,"하루（Haru）",-20.068,-47.169,65,"ddil_ddil69",-14.202,-62.312,0,"_Gosomi",22.138,-50.452,0,"Yaksok~",14.187,-66.912,0,"_송글_",37.829,-87.847,0,"うよすま",-6.031,-119,0,"눈꽃",-47.136,-95.352,0,1876.573,-0.432,-20.647,1879.507,2,"하루（Haru）",-15.156,-38.66,0,0,,,,,260,2
66,4,1,1,4,0,0,1,0,0,0,255,255,255,32,1904.414,"Pring__",R,32,81,132,0.879,0.605,0.244,1.496,0.085,1.796,-36.236,35.701,49,51,0,2,0,210.298,-200,15.548,0,0,1,6,8,R,"Luckƴ",182.1,88.009,0.424,5,42,W,Y,1905.573,102,145,108,69,47,136,79,105.589,-19.183,-1,0,0.233,470.076,298.463,66.94,-0.097,-37.171,0,"encounter v",-0.108,-17.86,0,"하루（Haru）",-19.547,-46.54,0,"ddil_ddil69",-15.306,-62.578,0,"_Gosomi",24.697,-50.965,0,"Yaksok~",14.583,-66.635,0,"_송글_",38.072,-90.85,0,"うよすま",-5.57,-113.608,0,"눈꽃",-43.875,-92.579,0,0,0,0,0,0,"",0,0,0,0,,,,,4,3
67,4,1,1,4,0,1,1,0,0,0,255,255,255,33,1925.496,"Pring__",R,32,89,140,0.957,0.801,0.218,1.457,0.086,1.929,-36.236,27.05,17,83,0,0,0,250,-200,14.746,0,0,1,6,8,R,"Luckƴ",182.1,88.009,0.424,0,42,W,Y,0,0,0,0,0,0,0,0,0,0,0,0,0,0,0,0,-0.254,-38.004,0,"encounter v",-0.098,-17.279,0,"하루（Haru）",-20.16,-47.111,0,"ddil_ddil69",-15.402,-62.918,0,"_Gosomi",23.446,-50.48,0,"Yaksok~",14.885,-66.654,0,"_송글_",38.417,-90.751,0,"うよすま",-6.816,-112.092,0,"눈꽃",-44.306,-92.119,0,0,0,0,0,0,"",0,0,0,0,1926.815,,,,0,0
68,4,1,1,4,0,2,1,0,0,0,255,255,255,34,1944.041,"Pring__",R,3,72,101,0.959,0.487,0.567,1.531,1.191,2.13,-36.236,60.557,0,100,0,0,0,-399.684,138.955,-5.888,0,0,0,6,8,R,"Luckƴ",182.1,88.009,0.424,0,42,W,Y,0,0,0,0,0,0,0,0,0,0,0,0,0,0,0,0,-0.232,-37.763,0,"encounter v",-0.112,-17.299,0,"하루（Haru）",-20.167,-47.116,0,"ddil_ddil69",-15.403,-62.998,0,"_Gosomi",23.417,-50.415,0,"Yaksok~",14.884,-67.592,0,"_송글_",38.464,-90.758,0,"うよすま",-5.35,-111.846,0,"눈꽃",-44.398,-92.23,0,0,0,0,0,0,"",0,0,0,0,1945.607,,,,0,0
69,4,1,1,4,0,0,2,0,0,0,255,255,255,35,1966.662,"Pring__",R,32,84,136,2.234,0.837,0.336,1.475,0.632,1.977,-36.236,40.002,0,100,0,2,0,250,-200,18.576,0,0,0,7,1,R,"소솨소솨",190,80,0.498,3,71,W,Y,1967.759,190,68,98,55,25,145,112,105.884,-66.582,0.11,0,0.395,283.46,448.791,-245.831,0.008,-37.287,0,"encounter v",-0.121,-17.393,0,"하루（Haru）",-19.632,-46.786,0,"ddil_ddil69",-15.747,-62.975,0,"_Gosomi",23.04,-50.708,0,"Yaksok~",14.817,-67.106,0,"_송글_",38.517,-91.081,0,"うよすま",-8.439,-117.597,0,"눈꽃",-47.948,-95.484,0,0,0,0,0,0,"",0,0,0,0,,,,,4,3
70,4,1,1,4,0,1,2,0,0,0,255,255,255,36,1983.936,"Pring__",R,32,82,133,0.046,0.761,0.234,1.464,-0.307,1.94,-36.236,31.23,0,100,0,2,0,231.397,-180.858,8.08,0,0,1,7,1,R,"소솨소솨",190,80,0.498,3,71,W,Y,1985.053,204,78,100,45,25,145,130,27.527,38.949,0.27,0,0.491,60.002,454.887,-292.565,0.049,-37.251,0,"encounter v",-0.175,-17.409,0,"하루（Haru）",-20.053,-47.526,0,"ddil_ddil69",-15.426,-62.054,0,"_Gosomi",23.088,-50.751,0,"Yaksok~",13.849,-64.978,0,"_송글_",40.015,-90.258,0,"うよすま",-8.038,-117.043,0,"눈꽃",-48.026,-95.207,0,1989.915,-82.556,-103.817,0,0,"",0,0,0,0,,1996.072,2001.3,2006.324,4,4
71,4,1,2,4,0,0,2,0,0,0,255,255,255,37,2019.524,"Pring__",R,32,81,131,1.151,1.202,0.278,1.479,0.194,2.114,-36.236,46.15,0,100,0,1,0,250,-200,-3.103,0.345,-17.997,0,8,6,R,"CoalCat",174.7,82.838,0.435,0,71,W,Y,0,0,0,0,0,0,0,0,0,0,0,0,0,0,0,0,-0.109,-37.798,0,"encounter v",0.039,-17.496,0,"하루（Haru）",-19.105,-45.987,0,"ddil_ddil69",-15.643,-62.823,0,"_Gosomi",22.906,-50.812,0,"Yaksok~",10.407,-61.269,0,"_송글_",38.349,-91.134,0,"うよすま",-3.533,-112.107,0,"눈꽃",-38.927,-96.106,0,0,0,0,0,0,"",0,0,0,0,2022.715,,,,0,0
72,4,1,2,4,1,0,2,0,0,0,255,255,255,38,2037.247,"Pring__",R,32,86,139,-17.268,5.079,0.171,1.452,-0.133,1.925,-36.236,28.231,0,100,0,2,0,231.772,-171.464,14.045,0,0,1,8,6,R,"CoalCat",174.7,82.838,0.435,3,71,W,Y,2038.319,255,74,107,75,30,145,84,22.215,34.506,-0.87,0,0.428,382.352,172.363,165.434,-0.07,-37.504,0,"encounter v",-0.173,-17.62,0,"하루（Haru）",-19.006,-46.372,0,"ddil_ddil69",-15.645,-62.789,0,"_Gosomi",22.97,-50.825,0,"Yaksok~",9.607,-61.541,0,"_송글_",39.023,-91.237,0,"うよすま",-1.089,-109.516,0,"눈꽃",-38.942,-96.109,101,2041.79,-37.969,-70.666,2042.715,8,"눈꽃",-41.522,-75.253,1,0,,,,,36,2
73,4,1,2,4,0,0,2,1,0,0,6,255,255,39,2062.631,"Pring__",R,32,80,131,0.631,0.469,0.185,1.399,-0.071,1.732,-36.236,28.364,0,100,0,2,0,250,-200,15.11,0,0,1,0,2,L,"Sabo_10",185.3,88,0.452,3,71,W,Y,2063.646,214,102,106,98,37,145,129,31.029,-24.316,0.4,0,0.522,311.56,-307.37,-34.278,0.023,-37.405,0,"encounter v",-0.239,-17.679,0,"하루（Haru）",-16.513,-42.666,0,"ddil_ddil69",-11.37,-58.948,0,"_Gosomi",22.769,-48.496,0,"Yaksok~",17.203,-66.012,0,"_송글_",42.006,-95.561,0,"うよすま",6.297,-120.198,0,"눈꽃",-39.168,-88.032,0,2069.04,57.099,-123.09,0,0,"",0,0,0,0,,2068.675,2073.732,2078.619,132,4
74,4,1,4,4,0,0,2,0,0,0,255,255,255,40,2103.386,"Pring__",R,13,79,104,-0.038,-0.8,0.432,1.537,0.621,1.649,-36.236,46.787,0,100,0,0,0,-346.955,339.606,-3.835,0,0,0,1,7,R,"ByeolBam",175,90,0.5,0,71,W,Y,0,0,0,0,0,0,0,0,0,0,0,0,0,0,0,0,-0.008,-37.558,0,"encounter v",-0.118,-17.383,0,"하루（Haru）",-19.103,-45.676,0,"ddil_ddil69",-14.646,-62.662,0,"_Gosomi",21.898,-51.113,0,"Yaksok~",12.731,-68.186,0,"_송글_",39.543,-90.616,0,"うよすま",-2.08,-112.567,0,"눈꽃",-42.124,-101.94,0,0,0,0,0,0,"",0,0,0,0,2104.823,,,,0,0
75,4,1,4,4,0,1,2,0,0,0,255,255,255,41,2119.462,"Pring__",R,32,79,129,2.506,1.074,0.388,1.467,0.721,2.114,-36.236,46.961,0,100,0,1,0,250,-123.138,2.878,0,0,0,1,7,R,"ByeolBam",175,90,0.5,0,71,W,Y,0,0,0,0,0,0,0,0,0,0,0,0,0,0,0,0,0.148,-37.447,0,"encounter v",-0.127,-17.424,0,"하루（Haru）",-18.649,-45.804,0,"ddil_ddil69",-14.662,-62.715,0,"_Gosomi",21.802,-51.057,0,"Yaksok~",13.484,-66.103,0,"_송글_",39.474,-90.733,0,"うよすま",-2.304,-112.056,0,"눈꽃",-45.463,-99.036,0,0,0,0,0,0,"",0,0,0,0,2120.615,,,,0,0
76,4,1,4,4,1,1,2,0,0,0,255,255,255,42,2134.514,"Pring__",R,32,74,125,2.171,1.273,0.453,1.483,0.671,2.226,-36.236,53.621,0,100,0,1,0,174.764,-120.949,-0.382,0,0,0,1,7,R,"ByeolBam",175,90,0.5,0,71,W,Y,0,0,0,0,0,0,0,0,0,0,0,0,0,0,0,0,-0.004,-37.556,0,"encounter v",-0.08,-17.392,0,"하루（Haru）",-18.964,-45.748,0,"ddil_ddil69",-14.687,-62.636,0,"_Gosomi",22.255,-51.336,0,"Yaksok~",12.46,-64.642,0,"_송글_",39.506,-90.714,0,"うよすま",-2.475,-112.152,0,"눈꽃",-45.43,-99.077,0,0,0,0,0,0,"",0,0,0,0,2135.624,,,,0,0
77,4,1,4,4,1,2,2,0,0,0,255,255,255,43,2151.633,"Pring__",R,13,73,100,-1.31,-0.514,0.386,1.445,0.13,1.816,-36.236,47.248,0,100,0,2,0,-354.94,312.348,-10.244,0,0,1,1,7,R,"ByeolBam",175,90,0.5,3,71,W,Y,2153.001,248,118,110,56,25,145,116,29.61,23.903,0.77,0,0.234,-151.939,491.496,54.424,0.108,-37.438,0,"encounter v",-0.087,-17.581,0,"하루（Haru）",-19.223,-45.382,0,"ddil_ddil69",-14.691,-62.633,0,"_Gosomi",22.241,-51.264,0,"Yaksok~",13.767,-67.682,0,"_송글_",40.966,-91.594,0,"うよすま",-3.164,-110.785,0,"눈꽃",-45.43,-99.089,97,2157.423,-49.281,-103.918,2157.523,8,"눈꽃",-47.191,-101.142,0,0,,,,,32,1
78,4,0,4,4,0,0,0,0,0,0,255,255,255,33,2200.335,"_Chun",L,14,73,100,1.013,0.923,-0.083,2.312,1.19,2.637,-36.623,57.486,77,23,0,0,0,-354.94,312.348,-15.039,0,0,0,6,4,R,"_Gosomi",175.4,85.099,0.49,0,70,W,Y,0,0,0,0,0,0,0,0,0,0,0,0,0,0,0,0,0.005,-37.424,0,"소솨소솨",-0.066,-17.331,0,"Sabo_10",-21.643,-48.556,0,"須磨-suma-",-12.553,-66.312,0,"SUGUN",20.323,-49.103,0,"Kr_Luna",12.524,-59.294,0,"CoalCat",43.587,-100.369,0,"ByeolBam",-0.367,-112.935,0,"Luckƴ",-46.325,-94.365,0,0,0,0,0,0,"",0,0,0,0,2201.69,,,,0,0
79,4,0,4,4,0,1,0,0,0,0,255,255,255,34,2215.662,"_Chun",L,26,85,138,-0.062,0.929,-0.42,2.143,-0.086,1.929,-36.623,52.18,75,25,0,2,0,52.775,-200,-10.362,0,0,1,6,4,R,"_Gosomi",175.4,85.099,0.49,3,70,W,Y,2216.75,191,45,123,63,0,145,127,25.921,0.894,0.51,0,0.41,-8.322,9.17,-1.138,-0.189,-37.08,0,"소솨소솨",-0.066,-17.364,0,"Sabo_10",-21.564,-48.619,0,"須磨-suma-",-12.076,-65.814,0,"SUGUN",20.25,-49.015,0,"Kr_Luna",8.055,-62.23,0,"CoalCat",43.48,-100.392,0,"ByeolBam",-0.415,-112.788,108,"Luckƴ",-46.284,-94.232,0,2221.465,-1.942,-129.688,2221.573,7,"ByeolBam",-1.871,-126.087,0,0,,,,,2,1
80,4,0,4,4,0,0,1,0,0,0,255,255,255,35,2241.722,"_Chun",L,26,96,140,1.202,0.281,-0.287,2.036,0.461,1.554,-36.623,40.116,75,25,0,2,0,52.891,-200,-17.695,0,0,1,7,5,R,"Yaksok~",173.3,80,0.332,3,70,W,Y,2242.63,255,165,72,57,20,140,105,26.974,-8.887,0.89,0,0.205,-203.793,-178.504,20.155,-0.086,-37.348,0,"소솨소솨",-0.063,-17.221,0,"Sabo_10",-21.992,-48.709,0,"須磨-suma-",-12.167,-65.597,0,"SUGUN",20.032,-49.163,0,"Kr_Luna",11.205,-61.31,0,"CoalCat",46.604,-105.668,0,"ByeolBam",-0.073,-111.089,103,"Luckƴ",-46.145,-96.32,0,2246.874,16.938,-103.494,2247.015,7,"ByeolBam",16.221,-100.508,0,0,,,,,2,1
81,4,0,4,4,0,0,2,0,0,0,255,255,255,36,2264.666,"_Chun",L,10,66,110,-0.455,1.581,-0.561,2.271,-0.182,3.119,-36.623,84.23,66,28,6,1,0,0,400,-9.441,0.183,-11.432,0,8,2,R,"하루（Haru）",190,90.172,0.403,0,33,W,Y,0,0,0,0,0,0,0,0,0,0,0,0,0,0,0,0,-0.332,-37.179,0,"소솨소솨",-0.042,-17.084,0,"Sabo_10",-21.895,-48.611,0,"須磨-suma-",-13.254,-64.843,0,"SUGUN",20.255,-49.317,0,"Kr_Luna",12.192,-59.051,0,"CoalCat",44.357,-102.492,0,"ByeolBam",-0.29,-110.362,0,"Luckƴ",-44.694,-95.794,0,0,0,0,0,0,"",0,0,0,0,,,,,0,0
82,4,0,4,4,1,0,2,0,0,0,255,255,255,37,2281.665,"_Chun",L,10,88,128,1.389,-0.276,-0.35,2.129,0.614,1.843,-36.623,54.211,74,26,0,0,0,0,400,-12.577,0,0,0,8,2,R,"하루（Haru）",190,90.172,0.403,0,33,W,Y,0,0,0,0,0,0,0,0,0,0,0,0,0,0,0,0,-0.134,-37.422,0,"소솨소솨",-0.004,-17.145,0,"Sabo_10",-22.099,-48.099,0,"須磨-suma-",-10.849,-66.602,0,"SUGUN",20.186,-49.379,0,"Kr_Luna",11.665,-60.081,0,"CoalCat",44.37,-102.509,0,"ByeolBam",-0.353,-110.362,0,"Luckƴ",-45.214,-95.463,0,0,0,0,0,0,"",0,0,0,0,2282.874,,,,0,0
83,4,0,4,4,1,1,2,0,0,0,255,255,255,38,2294.16,"_Chun",L,10,87,128,0.553,-0.928,-0.355,2.034,0.252,1.429,-36.623,45.196,78,22,0,2,0,-1.146,400,-24.482,0,0,0,8,2,R,"하루（Haru）",190,90.172,0.403,3,33,W,Y,2295.274,172,108,158,119,48,145,125,-20.509,13.988,0.75,0.048,0.27,-539.135,210.687,120.713,-0.255,-36.986,0,"소솨소솨",-0.06,-17.174,0,"Sabo_10",-22.395,-49.447,0,"須磨-suma-",-11.041,-66.603,91,"SUGUN",19.8,-49.37,0,"Kr_Luna",10.807,-59.973,0,"CoalCat",44.789,-103.808,0,"ByeolBam",-0.358,-110.372,0,"Luckƴ",-46.104,-97.068,0,2295.073,-0.14,-20.29,2296.832,3,"須磨-suma-",-10.023,-60.821,0,0,2318.198,,,,263,2
84,5,1,4,4,0,0,0,0,0,0,255,255,255,44,2344.12,"Pring__",R,32,79,129,2.477,1.734,0.473,1.511,0.8,2.356,-36.236,56.366,0,100,0,4,0,186.093,-156.474,3.062,0,0,1,2,3,L,"須磨-suma-",160,80,0.612,0,49,W,Y,0,0,0,0,0,0,0,0,0,0,0,0,0,0,0,0,-0.187,-37.495,0,"encounter v",-0.041,-17.392,0,"하루（Haru）",-19.661,-47.356,0,"ddil_ddil69",-12.557,-61.025,0,"_Gosomi",23.867,-50.207,0,"Yaksok~",13.434,-60.395,0,"_송글_",37.223,-86.748,0,"うよすま",3.48,-111.539,0,"AI",-40.8,-90.55,0,0,0,0,0,0,"",0,0,0,0,2345.232,,,,0,0
85,5,1,4,4,0,1,0,0,0,0,255,255,255,45,2369.384,"Pring__",R,32,81,132,-1.411,0.215,0.093,1.339,-0.961,1.513,-36.236,24.866,0,100,0,2,0,250,-200,25.98,0,0,1,2,3,L,"須磨-suma-",160,80,0.612,3,49,W,Y,2370.486,255,63,79,65,24,145,119,28.25,-16.447,0.41,0,0.387,237.782,186.252,-42.015,0.053,-37.161,0,"encounter v",-0.196,-17.594,0,"하루（Haru）",-17.696,-47.501,0,"ddil_ddil69",-14.342,-63.452,0,"_Gosomi",23.609,-50.134,85,"Yaksok~",13.015,-60.251,0,"_송글_",37.186,-86.764,0,"うよすま",3.088,-110.622,0,"AI",-40.8,-90.55,0,2375.432,26.163,-121.519,2377.632,7,"うよすま",26.871,-127.705,1,0,,2380.057,,,69,2
86,5,1,4,4,0,0,0,0,1,0,255,3,255,46,2403.289,"Pring__",R,13,72,100,0.555,-0.242,0.446,1.63,0.771,1.895,-36.236,58.983,38,62,0,0,0,-323.528,351.211,-0.671,0,0,0,3,9,R,"인생최패망자",190,80,0.351,0,70,W,Y,0,0,0,0,0,0,0,0,0,0,0,0,0,0,0,0,-0.1,-37.451,0,"encounter v",-0.059,-17.304,0,"하루（Haru）",-19.174,-44.015,0,"ddil_ddil69",-14.317,-63.232,0,"_Gosomi",19.653,-39.665,0,"Yaksok~",5.107,-59.823,0,"_송글_",41.248,-94.981,0,"うよすま",-7.679,-120.202,0,"AI",-40.8,-90.55,0,0,0,0,0,0,"",0,0,0,0,2404.674,2406.557,,,0,0
87,5,1,4,4,0,1,0,0,1,0,255,3,255,47,2418.941,"Pring__",R,13,80,105,-0.35,-0.892,0.365,1.506,0.511,1.504,-36.236,36.625,17,83,0,2,0,-359.306,329.106,13.263,0,0,1,3,9,R,"인생최패망자",190,80,0.351,3,70,W,Y,2420.21,245,157,142,129,79,145,118,-30,9.322,0.83,0,0.363,35.338,-347.203,-121.64,-0.104,-37.463,0,"encounter v",-0.137,-17.968,120,"하루（Haru）",-19.051,-46.946,0,"ddil_ddil69",-12.967,-64.218,0,"_Gosomi",20.985,-45.603,0,"Yaksok~",7.673,-59.666,85,"_송글_",40.786,-94.88,0,"うよすま",-8.728,-119.576,0,"AI",-40.8,-90.55,0,2420.023,-0.256,-20.774,2425.098,7,"うよすま",-7.035,-95.045,1,0,2431.29,2431.919,2424.054,2428.862,135,2
88,5,1,5,4,0,0,0,0,1,0,255,9,255,48,2456.39,"Pring__",R,33,71,123,4.552,1.171,0.588,1.679,1.807,2.282,-36.236,66.326,68,32,0,1,0,104.891,-67.821,2.948,0,0,0,4,5,L,"Kr_Luna",190,95.256,0.499,0,70,W,Y,0,0,0,0,0,0,0,0,0,0,0,0,0,0,0,0,0.051,-37.264,0,"encounter v",0.446,-17.257,0,"하루（Haru）",-18.221,-47.92,0,"ddil_ddil69",-9.686,-61.079,0,"_Gosomi",21.585,-45.19,0,"Yaksok~",12.746,-59.22,0,"_송글_",45.585,-98.162,0,"うよすま",14.502,-121.818,0,"AI",-40.8,-90.55,0,0,0,0,0,0,"",0,0,0,0,2457.374,2459.132,,,0,0
89,5,1,5,4,1,0,0,0,1,0,255,9,255,49,2473.875,"Pring__",R,32,82,133,0.782,0.754,0.361,1.46,-0.016,1.959,-36.236,44.946,0,100,0,2,0,249.338,-155.687,1.045,0,0,0,4,5,L,"Kr_Luna",190,95.256,0.499,3,70,W,Y,2474.773,99,65,89,46,25,133,83,45.824,-54.957,-0.84,0,0.07,134.785,-109.796,574.263,-0.257,-36.87,0,"encounter v",-0.03,-17.479,0,"하루（Haru）",-17.743,-48.72,0,"ddil_ddil69",-8.992,-62.542,0,"_Gosomi",21.54,-47.199,0,"Yaksok~",13.388,-58.654,0,"_송글_",42.237,-93.924,0,"うよすま",13.684,-121.115,0,"AI",-40.8,-90.55,0,0,0,0,0,0,"",0,0,0,0,,2479.384,,,4,3
90,5,1,5,4,1,1,0,0,1,0,255,9,255,50,2493.929,"Pring__",R,32,76,127,1.658,0.786,0.415,1.445,0.343,1.978,-36.236,46.581,0,100,0,2,0,250,-148.529,0.736,0,0,0,4,5,L,"Kr_Luna",190,95.256,0.499,3,70,W,Y,2494.84,163,91,111,78,34,145,100,27.009,-19.759,0.94,0,0.129,375.319,-307.472,22.932,-0.308,-36.725,0,"encounter v",-0.022,-17.487,0,"하루（Haru）",-17.334,-48.894,0,"ddil_ddil69",-1.025,-61.452,0,"_Gosomi",21.055,-45.938,91,"Yaksok~",14.821,-60.936,0,"_송글_",40.066,-94.285,101,"うよすま",16.602,-119.65,0,"AI",-40.8,-90.55,0,2499.424,35.169,-98.443,2499.674,6,"_송글_",33.509,-95.161,0,0,,2501.198,,,84,1
91,5,1,5,4,0,0,1,0,1,0,255,9,255,51,2522.493,"Pring__",R,13,76,102,-0.197,-0.092,0.498,1.487,0.618,1.997,-36.236,53.813,0,100,0,0,0,-368.391,303.587,-1.682,0,0,1,5,4,R,"SUGUN",190,82.092,0.496,0,70,W,Y,0,0,0,0,0,0,0,0,0,0,0,0,0,0,0,0,0.055,-37.589,0,"encounter v",-0.129,-17.651,0,"하루（Haru）",-19.911,-45.997,0,"ddil_ddil69",-15.223,-63.305,0,"_Gosomi",20.455,-42.859,0,"Yaksok~",7.145,-62.377,0,"_송글_",42.012,-93.86,0,"うよすま",-5.984,-117.951,0,"AI",-40.803,-90.552,0,0,0,0,0,0,"",0,0,0,0,2523.948,2525.662,,,0,0
92,5,1,5,4,0,1,1,0,1,0,255,9,255,52,2540.5,"Pring__",R,32,63,117,4.595,1.167,0.499,1.498,1.472,2.243,-36.236,58.285,0,100,0,3,0,190.714,-106.155,1.719,-0.457,-19.856,0,5,4,R,"SUGUN",190,82.092,0.496,0,70,W,Y,0,0,0,0,0,0,0,0,0,0,0,0,0,0,0,0,-0.129,-38.021,0,"encounter v",-0.843,-18.492,0,"하루（Haru）",-19.569,-46.281,0,"ddil_ddil69",-15.12,-63.132,0,"_Gosomi",20.127,-42.718,0,"Yaksok~",6.259,-62.524,0,"_송글_",42.53,-93.749,0,"うよすま",-6.752,-118.398,0,"AI",-40.8,-90.55,0,0,0,0,0,0,"",0,0,0,0,2543.023,2544.296,,,0,6
93,5,1,5,4,2,1,1,0,1,0,255,9,255,53,2564.25,"Pring__",R,32,77,128,1.522,1.051,0.327,1.506,0.328,2.148,-36.236,41.007,0,100,0,2,0,224.449,-144.762,2.586,0,0,1,5,4,R,"SUGUN",190,82.092,0.496,3,70,W,Y,2565.518,189,49,57,52,12,137,91,23.636,-5.16,-0.56,0,0.201,495.041,-0.923,-23.487,-0.013,-37.731,0,"encounter v",-0.146,-17.619,0,"하루（Haru）",-19.475,-45.213,0,"ddil_ddil69",-15.424,-62.981,0,"_Gosomi",20.166,-44.792,0,"Yaksok~",8.019,-62.038,86,"_송글_",44.186,-92.788,0,"うよすま",-4.988,-118.8,0,"AI",-40.805,-90.554,0,2570.473,7.888,-100.584,2570.857,7,"うよすま",7.862,-100.17,0,0,2577.515,2574.216,,,135,1
94,5,1,5,4,0,0,2,0,1,0,255,9,255,54,2607.494,"Pring__",R,32,81,132,2.218,1.087,0.365,1.48,0.606,2.123,-36.236,46.852,0,100,0,4,0,250,-163.938,-0.283,0,0,1,6,8,R,"Luckƴ",182.1,84.989,0.434,0,42,W,Y,0,0,0,0,0,0,0,0,0,0,0,0,0,0,0,0,-0.126,-37.133,0,"encounter v",-0.122,-17.844,0,"하루（Haru）",-19.43,-46.329,0,"ddil_ddil69",-15.569,-62.75,0,"_Gosomi",19.706,-44.568,0,"Yaksok~",7.8,-63.964,0,"_송글_",39.445,-94.538,0,"うよすま",-5.566,-114.128,0,"눈꽃",-43.331,-92.316,0,0,0,0,0,0,"",0,0,0,0,2608.848,2610.527,,,0,0
95,5,1,5,4,0,1,2,0,1,0,255,9,255,55,2626.285,"Pring__",R,38,42,100,7.509,1.53,0.594,1.531,3.161,2.555,-36.236,107.833,0,100,0,1,0,46.482,-6.576,0.615,0,0,0,6,8,R,"Luckƴ",182.1,84.989,0.434,0,42,W,Y,0,0,0,0,0,0,0,0,0,0,0,0,0,0,0,0,0.041,-37.399,0,"encounter v",2.618,-20.109,0,"하루（Haru）",-18.913,-46.404,0,"ddil_ddil69",-15.588,-62.818,0,"_Gosomi",20.968,-45.837,0,"Yaksok~",4.431,-63.152,0,"_송글_",39.078,-94.61,0,"うよすま",-4.589,-115.675,0,"눈꽃",-43.331,-92.336,0,0,0,0,0,0,"",0,0,0,0,2627.915,2629.782,,,0,0
96,5,1,5,4,1,1,2,0,1,0,255,9,255,56,2647.905,"Pring__",R,32,78,128,-0.968,0.278,0.13,1.36,-0.789,1.6,-36.236,29.191,0,100,0,0,0,250,-195.037,8.957,0,0,0,6,8,R,"Luckƴ",182.1,84.989,0.434,0,42,W,Y,0,0,0,0,0,0,0,0,0,0,0,0,0,0,0,0,0.029,-37.686,0,"encounter v",-0.113,-17.26,0,"하루（Haru）",-19.178,-46.627,0,"ddil_ddil69",-15.069,-62.523,0,"_Gosomi",20.32,-45.212,0,"Yaksok~",7.413,-63.681,0,"_송글_",39.949,-92.503,0,"うよすま",-4.444,-114.904,0,"눈꽃",-43.332,-92.343,0,0,0,0,0,0,"",0,0,0,0,2649.29,2651.178,,,0,0
97,5,1,5,4,1,2,2,0,1,0,255,9,255,57,2666.628,"Pring__",R,13,77,103,-0.587,-0.629,0.475,1.552,0.432,1.695,-36.236,48.368,0,100,0,0,0,-363.932,314.546,4.869,0,0,1,6,8,R,"Luckƴ",182.1,84.989,0.434,0,42,W,Y,0,0,0,0,0,0,0,0,0,0,0,0,0,0,0,0,-0.238,-37.626,0,"encounter v",-0.358,-17.575,0,"하루（Haru）",-19.537,-46.256,0,"ddil_ddil69",-15.03,-62.529,0,"_Gosomi",20.455,-43.137,0,"Yaksok~",7.038,-63.361,0,"_송글_",40.451,-89.389,0,"うよすま",-4.95,-115.389,0,"눈꽃",-43.228,-92.248,0,0,0,0,0,0,"",0,0,0,0,2668.14,2669.851,,,0,0
98,5,0,5,4,0,0,0,0,0,0,255,255,255,39,2714.192,"_Chun",L,10,83,128,0.908,0.059,-0.392,2.158,0.407,1.928,-36.623,52.637,72,28,0,2,0,0,273.381,-7.324,0,0,0,0,7,R,"うよすま",175.4,85,0.496,3,70,W,Y,2715.234,163,88,125,68,8,145,101,-72.502,-25.925,-0.03,0,0.388,-304.267,316.532,-152.945,-0.036,-37.035,120,"소솨소솨",-0.065,-17.103,0,"Sabo_10",-22.559,-50.197,102,"須磨-suma-",-12.297,-65.611,0,"SUGUN",20.286,-46.804,0,"Kr_Luna",11.6,-59.304,0,"CoalCat",40.88,-101.587,0,"ByeolBam",-0.177,-110.07,0,"Luckƴ",-46.4,-92.533,0,2714.948,0.079,-19.612,2718.24,0,"_Chun",9.42,-38.927,0,0,,,,,1,2
99,5,0,5,4,0,0,1,0,0,0,255,255,255,40,2737.641,"_Chun",L,26,90,140,-0.694,0.135,-0.493,2.001,-0.29,1.511,-36.623,40.207,74,26,0,0,0,2.098,-192.657,-11.416,0,0,1,1,1,L,"encounter v",190,85.791,0.423,0,70,W,Y,0,0,0,0,0,0,0,0,0,0,0,0,0,0,0,0,-0.032,-37.708,0,"소솨소솨",-0.011,-17.103,0,"Sabo_10",-20.882,-48.74,0,"須磨-suma-",-10.925,-66.404,0,"SUGUN",20.632,-47.433,0,"Kr_Luna",11.184,-57.036,0,"CoalCat",39.483,-92.342,0,"ByeolBam",2.285,-107.396,0,"Luckƴ",-45.149,-93.441,0,0,0,0,0,0,"",0,0,0,0,2738.773,,,,0,0
100,5,0,5,4,0,1,1,0,0,0,255,255,255,41,2751.133,"_Chun",L,27,91,140,0.081,0.766,-0.39,2.13,0.039,1.952,-36.623,43.971,71,29,0,2,0,6.711,-140.417,-16.031,0,0,1,1,1,L,"encounter v",190,85.791,0.423,3,70,W,Y,2752.185,255,99,152,138,57,145,90,27.04,-15.115,-0.85,0,0.485,420.896,215.407,-115.459,-0.277,-37.222,0,"소솨소솨",-0.035,-17.067,0,"Sabo_10",-20.914,-49.62,0,"須磨-suma-",-10.477,-66.518,0,"SUGUN",20.573,-47.359,0,"Kr_Luna",11.606,-59.262,0,"CoalCat",39.573,-92.616,0,"ByeolBam",2.101,-108.555,113,"Luckƴ",-44.601,-93.11,0,2756.932,17.608,-94.757,2757.207,7,"ByeolBam",17.522,-94.289,0,0,,,,,2,1
101,5,0,5,4,0,0,2,0,0,0,255,255,255,42,2774.077,"_Chun",L,13,86,125,2.901,-0.752,-0.324,2.04,0.713,1.522,-36.623,43.45,71,29,0,4,0,347.416,359.586,-11.855,0,0,1,2,0,L,"Pring__",190,93.089,0.485,0,70,W,Y,0,0,0,0,0,0,0,0,0,0,0,0,0,0,0,0,-0.113,-37.818,0,"소솨소솨",0.084,-17.112,0,"Sabo_10",-21.652,-47.935,0,"須磨-suma-",-12.279,-65.299,0,"SUGUN",21.045,-48.862,0,"Kr_Luna",13.801,-63.084,0,"CoalCat",41.003,-96.255,0,"ByeolBam",4.095,-110.651,0,"Luckƴ",-44.417,-96.207,0,0,0,0,0,0,"",0,0,0,0,2775.273,,,,0,0
102,5,0,5,4,0,1,2,0,0,0,255,255,255,43,2787.105,"_Chun",L,11,88,133,-1.481,0.341,-0.546,2.103,-0.621,2.075,-36.623,47.817,78,22,0,2,0,0,247.403,-7.561,0,0,1,2,0,L,"Pring__",190,93.089,0.485,3,70,W,Y,2787.979,255,85,119,104,56,145,91,113.644,25.399,-0.8,0,0.421,264.016,-260.188,152.373,-0.373,-36.97,0,"소솨소솨",-0.051,-17.082,0,"Sabo_10",-21.564,-49.976,0,"須磨-suma-",-10.574,-66.289,0,"SUGUN",20.845,-48.694,0,"Kr_Luna",14.324,-63.466,0,"CoalCat",41.733,-104.323,0,"ByeolBam",4.261,-110.205,0,"Luckƴ",-45.79,-95.251,0,0,0,0,0,0,"",0,0,0,0,,,,,0,3
103,5,0,5,4,0,2,2,0,0,0,255,255,255,44,2799.959,"_Chun",L,26,88,140,-0.573,1.47,-0.474,2.171,-0.247,2.354,-36.623,54.087,75,24,2,4,0,8.906,-189.367,-11.612,0,0,1,2,0,L,"Pring__",190,93.089,0.485,0,70,W,Y,0,0,0,0,0,0,0,0,0,0,0,0,0,0,0,0,-0.347,-37.863,0,"소솨소솨",-0.038,-17.055,0,"Sabo_10",-22.772,-47.541,0,"須磨-suma-",-10.23,-66.135,0,"SUGUN",22.108,-48.482,0,"Kr_Luna",14.206,-63.446,0,"CoalCat",47.438,-103.683,0,"ByeolBam",3.902,-109.721,0,"Luckƴ",-43.244,-91.036,0,0,0,0,0,0,"",0,0,0,0,2801.223,,,,0,0
104,6,1,5,4,0,0,0,0,0,0,255,255,255,58,2845.707,"Pring__",R,32,75,126,0.661,0.865,0.181,1.482,-0.088,2.001,-36.236,35.781,32,68,0,2,0,250,-174.614,2.447,0,0,0,7,1,R,"소솨소솨",190,80,0.498,3,70,W,Y,2846.909,186,61,84,49,29,143,130,29.745,43.062,0.34,0,0.499,161.68,474.934,-232.852,-0.256,-37.134,0,"encounter v",-0.171,-17.758,0,"하루（Haru）",-19.786,-46.7,0,"ddil_ddil69",-15.462,-63.055,0,"_Gosomi",21.858,-50.944,0,"Yaksok~",13.142,-67.087,0,"_송글_",38.306,-90.046,0,"うよすま",-7.979,-121.563,0,"눈꽃",-51.417,-100.033,0,2851.874,-89.769,-97.084,0,0,"",0,0,0,0,,,,,4,3
105,6,1,5,4,0,1,0,0,0,0,255,255,255,59,2866.718,"Pring__",R,32,85,138,-0.678,-0.223,0.164,1.468,-0.63,1.307,-36.236,29.504,27,73,0,2,0,250,-200,12.73,0,0,1,7,1,R,"소솨소솨",190,80,0.498,3,44,W,Y,2867.867,249,45,101,46,18,145,130,-30,44.148,0.67,0,0.366,-133.989,462.843,144.906,-0.055,-37.015,0,"encounter v",-0.191,-17.717,0,"하루（Haru）",-19.53,-46.428,0,"ddil_ddil69",-15.721,-63.014,0,"_Gosomi",22.604,-50.049,0,"Yaksok~",13.198,-67.359,0,"_송글_",37.496,-88.484,0,"うよすま",-8.145,-121.603,0,"눈꽃",-55.8,-97.163,0,2867.707,-1.463,-20.126,0,0,"",0,0,0,0,,,,,4,3
106,6,1,5,4,0,2,0,0,0,0,255,255,255,60,2884.232,"Pring__",R,13,69,98,-0.522,-0.638,0.412,1.575,0.477,1.687,-36.236,42.767,28,72,0,0,0,-347.842,312.348,11.686,0,0,1,7,1,R,"소솨소솨",190,80,0.498,0,44,W,Y,0,0,0,0,0,0,0,0,0,0,0,0,0,0,0,0,-0.258,-37.513,0,"encounter v",-0.145,-17.614,0,"하루（Haru）",-19.664,-44.448,0,"ddil_ddil69",-15.798,-62.941,0,"_Gosomi",22.251,-51.11,0,"Yaksok~",11.214,-68.262,0,"_송글_",39.803,-90.331,0,"うよすま",-10.268,-120.844,0,"눈꽃",-55.267,-96.57,0,0,0,0,0,0,"",0,0,0,0,2885.682,,,,0,0
107,6,1,5,4,0,0,1,0,0,0,255,255,255,61,2904.235,"Pring__",R,32,76,114,2.437,-0.006,0.422,1.502,0.689,1.482,-36.236,47.747,0,100,0,2,0,213.721,-116.204,-4.571,0,0,1,8,6,R,"CoalCat",174.7,82.838,0.435,3,70,W,Y,2905.503,255,207,99,120,76,145,81,92.96,-88.382,1,0,0.544,144.696,-466.951,75.735,0.088,-37.056,0,"encounter v",-0.112,-17.686,0,"하루（Haru）",-19.399,-45.477,0,"ddil_ddil69",-15.76,-62.916,0,"_Gosomi",21.091,-49.197,0,"Yaksok~",11.52,-60.965,0,"_송글_",40.7,-89.967,0,"うよすま",-5.082,-116.428,0,"눈꽃",-38.507,-89.344,0,0,0,0,0,0,"",0,0,0,0,,,,,4,3
108,6,1,5,4,0,1,1,0,0,0,255,255,255,62,2921.892,"Pring__",R,32,81,131,0.41,0.873,0.214,1.456,-0.176,1.981,-36.236,39.311,0,100,0,2,0,246.727,-140.112,1.483,0,0,1,8,6,R,"CoalCat",174.7,82.838,0.435,3,70,W,Y,2923.186,166,75,160,94,42,145,86,55.111,19.714,-0.77,0,0.491,423.69,104.298,-76.275,0.008,-37.48,0,"encounter v",-0.132,-17.685,0,"하루（Haru）",-19.338,-45.535,0,"ddil_ddil69",-16.067,-62.817,85,"_Gosomi",21.462,-49.8,0,"Yaksok~",11.485,-61.658,0,"_송글_",41.224,-90.107,0,"うよすま",-6.455,-116.464,0,"눈꽃",-42.883,-91.054,0,2928.765,-19.414,-69.232,2929.249,3,"ddil_ddil69",-18.898,-67.978,0,0,,,,,12,1
109,6,1,5,4,0,0,2,0,0,0,255,255,255,63,2951.44,"Pring__",R,13,78,104,0.075,-0.061,0.472,1.509,0.707,2.037,-36.236,47.514,0,100,0,2,0,-361.997,321.562,3.464,0,0,1,0,2,L,"Sabo_10",185.3,88,0.452,3,70,W,Y,2952.532,227,155,119,138,62,145,120,-30,26.698,0.8,0,0.527,-234.516,-51.687,369.753,-0.223,-36.753,0,"encounter v",-0.039,-17.491,0,"하루（Haru）",-18.943,-46.957,82,"ddil_ddil69",-12.965,-63.387,0,"_Gosomi",22.973,-49.096,0,"Yaksok~",16.171,-65.136,0,"_송글_",42.601,-96.98,0,"うよすま",8.032,-119.608,0,"눈꽃",-43.238,-91.183,106,2952.223,-0.752,-22.859,2955.982,3,"ddil_ddil69",-33.308,-85.336,1,0,,,,,292,2
110,6,1,5,4,0,0,2,1,0,0,2,255,255,64,2979.963,"Pring__",R,13,73,101,-0.253,-0.366,0.431,1.448,0.58,1.9,-36.236,49.78,0,100,0,2,0,-355.841,315.92,5.977,0,0,1,1,7,R,"ByeolBam",175,88,0.5,3,70,W,Y,2981.035,208,183,68,59,28,139,106,-30,-5.749,0.91,0,0.298,-9.271,270.48,-233.803,-0.216,-36.707,0,"encounter v",-0.049,-17.521,0,"하루（Haru）",-14.69,-43.28,0,"ddil_ddil69",-15.993,-62.83,0,"_Gosomi",20.349,-49.658,0,"Yaksok~",7.358,-69.663,0,"_송글_",38.244,-90.077,0,"うよすま",-5.362,-115.133,0,"눈꽃",-45.915,-98.986,0,2980.865,0.042,-22.463,2983.115,5,"Yaksok~",4.033,-63.382,0,0,,,,,128,2
111,6,0,5,4,0,0,0,0,0,0,255,255,255,45,3027.656,"_Chun",L,10,82,122,0.062,0.367,-0.398,2.121,0.039,2.285,-36.623,51.532,71,29,0,0,0,0,400,-8.456,0,0,0,3,3,R,"ddil_ddil69",176.4,89.899,0.397,0,71,W,Y,0,0,0,0,0,0,0,0,0,0,0,0,0,0,0,0,-0.108,-37.91,0,"소솨소솨",-0.015,-17.107,0,"Sabo_10",-21.343,-48.195,0,"須磨-suma-",-13.821,-65.274,0,"SUGUN",20.267,-49.28,0,"Kr_Luna",10.884,-60.276,0,"CoalCat",35.741,-92.933,0,"ByeolBam",-0.263,-110.681,0,"Luckƴ",-47.091,-96.122,0,0,0,0,0,0,"",0,0,0,0,3028.915,,,,0,0
112,6,0,5,4,0,1,0,0,0,0,255,255,255,46,3044.816,"_Chun",L,14,92,126,1.545,-0.642,-0.176,2.086,1.028,1.783,-36.623,40.309,73,27,0,2,0,-346.948,360.038,-46.181,0,0,1,3,3,R,"ddil_ddil69",176.4,89.899,0.397,3,71,W,Y,3045.973,255,76,131,79,60,145,127,93.096,-72.973,0.28,0,0.723,287.483,-365.875,157.994,0.067,-37.222,0,"소솨소솨",-0.024,-17.136,0,"Sabo_10",-21.231,-48.918,0,"須磨-suma-",-13.519,-65.037,0,"SUGUN",20.29,-49.26,0,"Kr_Luna",10.254,-60.496,0,"CoalCat",35.739,-92.926,0,"ByeolBam",-0.084,-110.985,0,"Luckƴ",-45.508,-96.716,0,0,0,0,0,0,"",0,0,0,0,,,,,0,3
113,6,0,5,4,0,2,0,0,0,0,255,255,255,47,3064.989,"_Chun",L,26,91,140,0.647,1.621,-0.37,2.145,0.233,2.346,-36.623,47.224,74,21,5,2,0,44.749,-200,-17.355,0,0,1,3,3,R,"ddil_ddil69",176.4,89.899,0.397,3,71,W,Y,3066.078,217,86,93,83,28,145,127,90.417,-85.847,0.45,0,0.708,169.831,-121.439,4.249,-0.186,-37.102,0,"소솨소솨",-0.037,-17.109,120,"Sabo_10",-22.02,-50.099,0,"須磨-suma-",-13.304,-65.001,0,"SUGUN",20.751,-49.776,0,"Kr_Luna",8.755,-62.37,0,"CoalCat",33.703,-96.76,0,"ByeolBam",-0.033,-110.825,0,"Luckƴ",-47.405,-95.328,0,3074.523,-17.106,-14.072,3074.698,1,"소솨소솨",-16.865,-14.084,0,0,3074.698,,,,128,1
114,6,0,5,4,0,0,1,0,0,0,255,255,255,48,3094.22,"_Chun",L,14,86,110,-1.476,-0.617,-0.356,1.989,0.078,1.694,-36.623,34.629,80,20,0,4,0,-383.519,320.802,0,0,0,1,4,6,R,"_송글_",174.9,90.478,0.316,0,71,W,Y,0,0,0,0,0,0,0,0,0,0,0,0,0,0,0,0,-0.273,-37.469,0,"소솨소솨",-0.086,-17.128,0,"Sabo_10",-21.344,-47.439,0,"須磨-suma-",-13.397,-65.936,0,"SUGUN",20.834,-49.914,0,"Kr_Luna",10.821,-61.959,0,"CoalCat",37.082,-98.298,0,"ByeolBam",-3.112,-108.083,0,"Luckƴ",-45.454,-94.865,0,0,0,0,0,0,"",0,0,0,0,3095.307,,,,0,0
115,6,0,5,4,0,1,1,0,0,0,255,255,255,49,3107.03,"_Chun",L,10,92,128,-2.132,1.056,-0.417,2.113,0.235,2.191,-36.623,52.421,73,27,0,2,0,0,400,-14.964,0,0,1,4,6,R,"_송글_",174.9,90.478,0.316,3,71,W,Y,3107.98,165,50,98,64,28,145,88,22.651,23.86,-0.65,0,0.42,34.832,492.576,-55.752,-0.3,-36.8,0,"소솨소솨",-0.052,-17.243,0,"Sabo_10",-22.158,-48.666,0,"須磨-suma-",-13.419,-65.948,0,"SUGUN",20.729,-49.749,0,"Kr_Luna",11.198,-61.882,85,"CoalCat",36.914,-98.387,0,"ByeolBam",-2.357,-108.386,0,"Luckƴ",-46.973,-95.446,102,3111.573,-33.676,-79.526,3112.632,8,"Luckƴ",-35.847,-82.702,1,0,,,,,80,2
116,6,0,5,4,0,0,1,1,0,0,16,255,255,50,3131.47,"_Chun",L,26,93,140,-1.724,0.281,-0.568,2.04,-0.772,1.579,-36.623,39.884,76,22,2,2,0,28.068,-191.317,-12.343,0,0,1,5,8,L,"눈꽃",180,80,0.497,3,70,W,Y,3132.667,255,113,78,71,35,145,101,42.609,1.194,-0.08,0,0.405,310.648,-103.948,-182.471,-0.433,-37.248,0,"소솨소솨",-0.029,-17.231,0,"Sabo_10",-18.908,-44.84,91,"須磨-suma-",-10.856,-65.229,0,"SUGUN",21.523,-49.186,110,"Kr_Luna",7.87,-60.723,64,"CoalCat",49.27,-102.548,0,"ByeolBam",6.546,-113.552,107,"Luckƴ",-45.325,-93.007,0,3138.232,1.473,-98.883,3138.424,7,"ByeolBam",1.436,-97.47,0,0,,3154.418,,,51,1
117,6,0,5,4,0,0,2,0,1,0,255,16,255,51,3178.035,"_Chun",L,10,68,99,2.09,1.027,-0.253,2.363,0.917,2.847,-36.623,71.366,77,23,0,1,0,0,400,-8.125,0,0,0,6,4,R,"_Gosomi",175.4,85.099,0.49,0,70,W,Y,0,0,0,0,0,0,0,0,0,0,0,0,0,0,0,0,0.061,-37.177,0,"소솨소솨",-0.07,-17.104,0,"Sabo_10",-20.529,-45.862,0,"須磨-suma-",-14.671,-62.454,0,"SUGUN",20.301,-45.262,0,"Kr_Luna",7.687,-62.955,0,"CoalCat",38.135,-100.333,0,"ByeolBam",-0.184,-111.109,0,"Luckƴ",-44.528,-92.078,0,0,0,0,0,0,"",0,0,0,0,3179.349,3181.203,,,0,0
118,6,0,5,4,1,0,2,0,1,0,255,16,255,52,3193.662,"_Chun",L,27,89,140,-5.214,2.081,-0.295,2.08,0.443,1.72,-36.623,38.963,78,22,0,2,0,25.978,-117.505,-11.941,0,0,1,6,4,R,"_Gosomi",175.4,85.099,0.49,3,70,W,Y,3194.664,255,43,121,83,10,145,85,14.577,3.016,-0.81,0,0.343,122.3,-36.822,-228.386,-0.122,-37.14,0,"소솨소솨",-0.082,-17.123,0,"Sabo_10",-20.343,-46.091,92,"須磨-suma-",-14.704,-62.531,0,"SUGUN",19.965,-47.408,120,"Kr_Luna",4.538,-61.322,0,"CoalCat",37.424,-99.951,0,"ByeolBam",-0.003,-110.107,113,"Luckƴ",-45.025,-92.07,0,3197.432,-2.25,-75.063,3198.974,7,"ByeolBam",-2.896,-89.141,1,0,,,3198.377,,35,2
119,6,0,5,4,0,0,2,1,0,1,14,255,16,53,3227.581,"_Chun",L,10,85,127,1.111,0.149,-0.345,2.188,0.493,2.137,-36.623,53.141,78,22,0,2,0,0,400,-12.854,0,0,1,7,5,R,"Yaksok~",173.3,80,0.332,3,70,W,Y,3228.513,252,156,94,73,39,145,85,-11.775,-32.511,-0.77,0,0.207,-169.974,368.532,-32.727,-0.121,-37.259,0,"소솨소솨",-0.011,-17.009,0,"Sabo_10",-19.665,-46.045,0,"須磨-suma-",-13.34,-64.609,0,"SUGUN",19.68,-45.765,118,"Kr_Luna",9.842,-61.802,0,"CoalCat",37.942,-100.57,0,"ByeolBam",-2.232,-107.227,0,"Luckƴ",-45.494,-91.749,0,3228.349,2.204,-24.21,3229.999,4,"SUGUN",15.087,-45.249,0,0,,3233.275,,3232.686,35,2
120,7,1,5,4,0,0,0,0,0,0,255,255,255,65,3283.713,"encounter v",R,26,104,140,-1.617,-1.081,0.094,2.025,-0.958,0.787,-36.681,22.256,76,24,0,2,0,177.359,-200,0,0,0,1,2,3,L,"須磨-suma-",160,80,0.612,3,49,W,Y,3284.751,255,47,87,75,34,145,84,-30.778,-18.782,-0.61,0,0.408,-286.129,-166.718,17.485,0.091,-37.087,0,"Pring__",-0.069,-17.51,0,"하루（Haru）",-19.125,-46.549,85,"ddil_ddil69",-13.891,-64.218,0,"_Gosomi",22.511,-48.936,0,"Yaksok~",14.497,-60.991,106,"_송글_",39.081,-89.512,0,"うよすま",6.63,-113.061,0,"눈꽃",-34.719,-85.88,0,3284.49,-0.06,-20.413,3287.29,3,"ddil_ddil69",11.44,-55.726,0,0,,,,,386,2
121,7,1,5,4,0,0,1,0,0,0,255,255,255,66,3305.49,"encounter v",R,10,73,115,0.219,-0.672,0.319,2.254,0.087,1.668,-36.681,47.309,100,0,0,2,0,0,400,0,0,0,1,3,9,L,"_Chun",190,80,0.455,3,70,W,Y,3306.582,228,110,99,76,43,145,96,4.81,-17.289,-0.56,0,0.329,-172.828,-554.203,24.033,0.143,-37.25,0,"Pring__",-0.006,-17.544,0,"하루（Haru）",-17.916,-45.932,86,"ddil_ddil69",-13.166,-63.152,0,"_Gosomi",21.184,-48.488,0,"Yaksok~",17.258,-65.216,0,"_송글_",42.459,-92.37,0,"うよすま",9.998,-118.641,0,"눈꽃",-34.548,-104.616,0,3307.282,9.007,-44.735,3308.407,5,"Yaksok~",13.766,-58.194,0,0,,,,,386,2
122,7,1,5,4,0,0,2,0,0,0,255,255,255,67,3327.367,"encounter v",R,10,40,91,3.317,-2.068,0.108,2.108,1.439,0.984,-36.681,119.499,100,0,0,1,0,0,388.396,0,0.637,-19.676,0,4,5,L,"Kr_Luna",190,95.256,0.499,0,70,W,Y,0,0,0,0,0,0,0,0,0,0,0,0,0,0,0,0,0.118,-37.475,0,"Pring__",0.086,-17.481,0,"하루（Haru）",-18.638,-44.174,0,"ddil_ddil69",-9.479,-61.679,0,"_Gosomi",22.913,-49.874,0,"Yaksok~",15.776,-63.347,0,"_송글_",40.287,-92.829,0,"うよすま",14.714,-123.386,0,"눈꽃",-27.223,-111.451,0,0,0,0,0,0,"",0,0,0,0,3328.59,,,,0,0
123,7,1,5,4,1,0,2,0,0,0,255,255,255,68,3340.069,"encounter v",R,26,92,140,-0.738,-0.008,0.177,2.174,-0.574,1.406,-36.681,33.761,86,14,0,2,0,179.252,-200,0,0,0,0,4,5,L,"Kr_Luna",190,95.256,0.499,3,70,W,Y,3340.901,204,110,184,76,22,145,130,114.277,41.627,0.53,0,0.204,218.159,-107.801,-1.023,-0.045,-37.242,0,"Pring__",-0.012,-17.512,0,"하루（Haru）",-17.896,-44.869,0,"ddil_ddil69",-9.431,-61.838,0,"_Gosomi",22.913,-49.763,0,"Yaksok~",15.765,-63.339,0,"_송글_",41.426,-92.638,0,"うよすま",17.281,-123.834,0,"눈꽃",-27.644,-113.662,0,0,0,0,0,0,"",0,0,0,0,,,,,2,3
124,7,1,5,4,1,1,2,0,0,0,255,255,255,69,3354.174,"encounter v",R,10,66,109,-0.402,0.808,0.261,2.447,-0.182,2.634,-36.681,58.279,87,13,0,2,0,0,400,0,0,0,0,4,5,L,"Kr_Luna",190,95.256,0.499,3,70,W,Y,3355.101,232,118,144,61,17,145,127,-20.073,27.472,0.72,0,0.104,-507.001,96.938,288.775,-0.129,-37.299,0,"Pring__",-0.012,-17.496,0,"하루（Haru）",-17.503,-45.181,0,"ddil_ddil69",-11.525,-64.46,0,"_Gosomi",23.038,-49.187,0,"Yaksok~",16.045,-63.408,0,"_송글_",41.796,-93.432,0,"うよすま",17.155,-123.607,0,"눈꽃",-26.419,-114.58,119,3354.849,-1.659,-22.587,3361.773,-1,"Mini_ByeolBam",-51.074,-115.886,1,16,,3365.621,,,161,2
125,7,0,5,4,0,0,0,0,0,0,255,255,255,54,3419.149,"인생최패망자",R,26,93,140,-3.731,-0.248,0.109,2.028,-1.582,1.258,-36.743,14.163,37,63,0,1,0,-36.174,-200,31.44,0,0,0,8,2,L,"하루（Haru）",190,90.172,0.403,0,70,W,Y,0,0,0,0,0,0,0,0,0,0,0,0,0,0,0,0,0.185,-37.493,0,"소솨소솨",-0.15,-17.186,0,"Sabo_10",-21.449,-48.837,0,"須磨-suma-",-7.734,-66.606,0,"SUGUN",20.339,-48.17,0,"Kr_Luna",14.453,-58.41,0,"CoalCat",40.278,-94.932,0,"ByeolBam",2.917,-111.364,0,"Luckƴ",-45.904,-94.622,0,0,0,0,0,0,"",0,0,0,0,3420.357,,,,0,0
126,7,0,5,4,1,0,0,0,0,0,255,255,255,55,3430.683,"인생최패망자",R,26,90,140,-0.846,0.851,0.349,2.24,-0.462,1.947,-36.743,40.255,76,24,0,2,0,59.403,-200,20.938,0,0,1,8,2,L,"하루（Haru）",190,90.172,0.403,3,70,W,Y,3431.81,189,84,122,59,38,145,116,-8.511,-36.578,0.06,0,0.214,-150.045,-378.246,38.514,0.441,-37.114,0,"소솨소솨",-0.028,-17.038,0,"Sabo_10",-21.395,-49.941,109,"須磨-suma-",-7.93,-66.641,0,"SUGUN",20.306,-48.045,0,"Kr_Luna",15.274,-58.032,0,"CoalCat",40.268,-94.905,0,"ByeolBam",0.579,-111.07,0,"Luckƴ",-45.631,-95.461,0,3431.807,4.805,-25.481,3433.073,4,"SUGUN",18.995,-44.082,0,0,,,,,33,2
127,7,0,5,4,0,0,1,0,0,0,255,255,255,56,3452.315,"인생최패망자",R,26,90,140,0.114,0.765,0.432,2.201,-0.077,1.832,-36.743,43.408,66,34,0,0,0,80.773,-200,15.549,0,0,1,0,7,R,"うよすま",175.4,85,0.496,0,70,W,Y,0,0,0,0,0,0,0,0,0,0,0,0,0,0,0,0,0.064,-37.197,0,"소솨소솨",-0.035,-17.051,0,"Sabo_10",-21.106,-48.207,0,"須磨-suma-",-13.915,-64.481,0,"SUGUN",21.415,-48.775,0,"Kr_Luna",9.371,-58.833,0,"CoalCat",40.055,-99.163,0,"ByeolBam",-3.061,-108.563,0,"Luckƴ",-45.994,-95.329,0,0,0,0,0,0,"",0,0,0,0,3453.332,,,,0,0
128,7,0,5,4,0,1,1,0,0,0,255,255,255,57,3466.361,"인생최패망자",R,10,74,103,0.216,-1.177,0.55,2.182,0.315,1.496,-36.743,77.972,70,30,0,2,0,-48.819,400,15.7,0,0,1,0,7,R,"うよすま",175.4,85,0.496,3,70,W,Y,3467.506,255,104,110,134,32,145,119,26.916,-5.573,0.75,0,0.476,-87.086,313.15,65.096,0.111,-37.301,0,"소솨소솨",-0.037,-17.107,0,"Sabo_10",-21.17,-47.958,0,"須磨-suma-",-13.924,-64.483,0,"SUGUN",21.271,-48.651,0,"Kr_Luna",9.152,-60.735,0,"CoalCat",40.038,-99.161,0,"ByeolBam",-2.661,-108.97,0,"Luckƴ",-44.33,-94.258,0,3471.965,1.794,-121.133,3472.14,7,"ByeolBam",1.939,-118.206,0,0,,,,,2,1
129,7,0,5,4,0,0,2,0,0,0,255,255,255,58,3486.923,"인생최패망자",R,26,93,140,-0.335,-0.302,0.496,1.98,0.22,1.116,-36.743,46.655,70,30,0,2,0,93.521,-200,5.504,0,0,1,1,0,L,"encounter v",190,85.791,0.423,3,70,W,Y,3487.961,255,95,119,94,34,145,108,-6.201,-28.982,0.05,0,0.47,-90.841,-517.777,-141.826,0.149,-37.04,0,"소솨소솨",-0.04,-17.063,0,"Sabo_10",-19.846,-48.595,0,"須磨-suma-",-8.327,-66.966,0,"SUGUN",20.364,-48.089,94,"Kr_Luna",14.077,-58.676,0,"CoalCat",42.02,-93.05,0,"ByeolBam",2.331,-108.416,0,"Luckƴ",-46.352,-96.559,0,3487.898,3.51,-25.935,3489.265,4,"SUGUN",16.537,-46.667,0,0,,,,,35,2
130,8,1,5,4,0,0,0,0,0,0,255,255,255,70,3533.594,"encounter v",R,13,63,105,2.414,0.253,0.667,2.242,1.708,2.275,-36.681,58.881,71,29,0,1,0,-333.448,357.73,-6.315,0.258,-18.338,0,5,4,R,"SUGUN",190,82.092,0.496,0,70,W,Y,0,0,0,0,0,0,0,0,0,0,0,0,0,0,0,0,0.294,-37.622,0,"Pring__",0.067,-17.579,0,"하루（Haru）",-19.153,-45.46,0,"ddil_ddil69",-15.843,-63.168,0,"_Gosomi",22.561,-52.901,0,"Yaksok~",11.947,-68.859,0,"_송글_",36.388,-87.432,0,"うよすま",-5.702,-121.494,0,"눈꽃",-45.697,-98.127,0,0,0,0,0,0,"",0,0,0,0,3536.232,,,,0,0
131,8,1,5,4,1,0,0,0,0,0,255,255,255,71,3556.284,"encounter v",R,26,87,140,1.267,1.053,0.36,2.378,0.277,2.07,-36.681,67.5,66,34,0,2,0,191.932,-200,-18,0,0,1,5,4,R,"SUGUN",190,82.092,0.496,3,70,W,Y,3557.237,224,15,59,3,0,94,70,-11.219,42.939,0.01,0,0.226,-23.273,448.635,76.246,0.084,-37,0,"Pring__",0.032,-17.553,0,"하루（Haru）",-19.131,-45.441,85,"ddil_ddil69",-15.582,-62.688,0,"_Gosomi",22.664,-52.807,0,"Yaksok~",11.228,-65.88,0,"_송글_",36.471,-87.5,0,"うよすま",-5.54,-121.458,0,"눈꽃",-45.731,-98.13,0,3557.365,-4.73,-24.104,3559.19,2,"하루（Haru）",-19.943,-38.859,0,0,,,,,258,2
132,8,1,5,4,1,1,0,0,0,0,255,255,255,72,3580.953,"encounter v",R,32,98,140,0.149,-0.212,0.239,2.134,-0.285,1.278,-36.681,40.386,73,27,0,2,0,250,-200,-20.846,0,0,1,5,4,R,"SUGUN",190,82.092,0.496,3,49,W,Y,3582.167,186,50,100,29,0,145,130,-30,29.693,0.36,0,0.349,-326.992,394.308,-284.313,0.032,-36.943,0,"Pring__",-0.024,-17.675,0,"하루（Haru）",-19.507,-45.282,0,"ddil_ddil69",-15.699,-61.618,0,"_Gosomi",22.53,-53.047,0,"Yaksok~",11.102,-65.597,0,"_송글_",37.206,-88.837,0,"うよすま",-4.728,-119.378,0,"눈꽃",-50.208,-96.885,0,3581.974,-0.875,-21.124,3583.407,2,"하루（Haru）",-17.427,-41.792,0,0,,,,,258,2
133,8,1,5,4,0,0,1,0,0,0,255,255,255,73,3603.491,"encounter v",R,32,98,140,-0.1,-0.552,0.214,2.136,-0.402,1.27,-36.681,37.88,79,21,0,0,0,250,22.447,-4.522,0,0,0,6,8,R,"Luckƴ",182.1,84.989,0.434,0,42,W,Y,0,0,0,0,0,0,0,0,0,0,0,0,0,0,0,0,0.2,-37.322,0,"Pring__",0.015,-17.559,0,"하루（Haru）",-19.069,-45.69,0,"ddil_ddil69",-16.521,-62.132,0,"_Gosomi",22.685,-53.024,0,"Yaksok~",11.674,-65.047,0,"_송글_",35.115,-86.234,0,"うよすま",-4.403,-116.619,0,"눈꽃",-41.127,-91.502,0,0,0,0,0,0,"",0,0,0,0,3604.79,,,,0,0
134,8,1,5,4,0,1,1,0,0,0,255,255,255,74,3618.601,"encounter v",R,13,81,118,0.801,1.075,0.512,2.341,0.984,2.636,-36.681,67.105,73,27,0,2,0,-380.858,323.956,-11.789,0,0,1,6,8,R,"Luckƴ",182.1,84.989,0.434,5,42,W,Y,3619.815,255,94,44,58,15,133,77,-84.023,86.551,-1,0,0.082,-164.097,104.258,-249.811,0.202,-37.344,0,"Pring__",0.005,-17.633,0,"하루（Haru）",-19.377,-45.863,0,"ddil_ddil69",-17.284,-62.134,0,"_Gosomi",22.625,-52.956,0,"Yaksok~",13.816,-68.088,0,"_송글_",36.04,-86.281,0,"うよすま",-4.51,-116.62,0,"눈꽃",-41.127,-91.5,0,3619.698,-0.017,-19.786,3622.615,1,"Pring__",-4.572,-19.995,0,0,3622.615,,,,6,2
135,8,1,5,4,0,2,1,0,0,0,255,255,255,75,3639.849,"encounter v",R,32,101,140,-0.054,0.947,0.22,2.146,-0.374,1.977,-36.681,36.02,77,23,0,0,0,250,-200,-17.577,0,0,1,6,8,R,"Luckƴ",182.1,84.989,0.434,0,42,W,Y,0,0,0,0,0,0,0,0,0,0,0,0,0,0,0,0,0.357,-37.46,0,"Pring__",0.005,-17.621,0,"하루（Haru）",-19.556,-45.565,0,"ddil_ddil69",-16.699,-61.908,0,"_Gosomi",22.292,-53.606,0,"Yaksok~",11.099,-66.195,0,"_송글_",35.787,-87.384,0,"うよすま",-5.973,-119.953,0,"눈꽃",-40.896,-91.633,0,0,0,0,0,0,"",0,0,0,0,3641.132,,,,0,0
136,8,1,5,4,0,0,2,0,0,0,255,255,255,76,3657.955,"encounter v",R,13,91,126,1.065,0.469,0.531,2.425,1.072,2.225,-36.681,64.872,66,34,0,2,0,-389.409,313.625,-0.66,0,0,0,7,1,R,"소솨소솨",190,80,0.498,3,71,W,Y,3659.162,166,83,111,42,24,145,126,101.864,46.627,0.25,0,0.647,-238.971,4.087,-26.558,0.437,-37.315,0,"Pring__",0.022,-17.6,0,"하루（Haru）",-19.175,-45.856,0,"ddil_ddil69",-16.643,-61.686,0,"_Gosomi",22.814,-52.826,0,"Yaksok~",11.511,-69.403,0,"_송글_",35.815,-87.356,0,"うよすま",-11.094,-122.813,0,"눈꽃",-41.396,-91.439,0,0,0,0,0,0,"",0,0,0,0,,,,,2,3
137,8,1,5,4,0,1,2,0,0,0,255,255,255,77,3675.091,"encounter v",R,32,94,140,0.446,-0.388,0.291,2.178,-0.04,1.421,-36.681,39.772,75,25,0,0,0,217.226,109.799,-82.809,0,0,1,7,1,R,"소솨소솨",190,80,0.498,0,71,W,Y,0,0,0,0,0,0,0,0,0,0,0,0,0,0,0,0,0.207,-37.365,0,"Pring__",0.015,-17.53,0,"하루（Haru）",-20.489,-43.72,0,"ddil_ddil69",-16.222,-62.043,0,"_Gosomi",23.234,-50.239,0,"Yaksok~",11.751,-68.346,0,"_송글_",38.207,-89.654,0,"うよすま",-9.295,-122.75,0,"눈꽃",-54.964,-97.309,0,0,0,0,0,0,"",0,0,0,0,3676.265,,,,0,0
138,8,1,5,4,0,2,2,0,0,0,255,255,255,78,3688.95,"encounter v",R,10,55,89,0.751,-1.752,0.316,2.145,0.318,1.202,-36.681,66.495,100,0,0,2,0,0,400,-7.92,0,0,1,7,1,R,"소솨소솨",190,80,0.498,3,71,W,Y,3690.259,255,103,91,81,95,145,114,-16.375,-8.397,0.9,0,0.523,78.931,353.975,-304.326,0.018,-37.21,0,"Pring__",-0.119,-17.946,0,"하루（Haru）",-19.167,-45.851,0,"ddil_ddil69",-16.114,-61.89,0,"_Gosomi",23.168,-50.173,0,"Yaksok~",11.834,-68.476,0,"_송글_",39.62,-90.988,0,"うよすま",-7.882,-123.769,0,"눈꽃",-54.958,-97.314,0,3689.974,0.321,-21.993,3692.44,3,"ddil_ddil69",10.741,-65.128,0,0,,,,,384,2
139,8,0,5,4,0,0,0,0,0,0,255,255,255,59,3739.166,"인생최패망자",R,26,96,140,-0.57,-0.738,0.333,1.833,-0.539,0.953,-36.743,34.508,17,83,0,2,0,171.98,-200,15.906,0,0,1,2,1,L,"Pring__",190,93.089,0.485,3,70,W,Y,3740.052,255,200,92,110,36,145,100,33.885,-40.238,-0.33,0,0.474,396.342,-295.816,-296.719,0.001,-36.952,0,"소솨소솨",-0.184,-17.272,0,"Sabo_10",-21.795,-49.494,0,"須磨-suma-",-9.148,-67.122,0,"SUGUN",20.236,-47.803,0,"Kr_Luna",11.361,-59.499,0,"CoalCat",43.8,-98.539,0,"ByeolBam",0.47,-110.102,0,"Luckƴ",-43.748,-91.859,0,3744.59,60.206,-79.251,0,0,"",0,0,0,0,,,,,0,3
140,8,0,5,4,0,1,0,0,0,0,255,255,255,60,3764.67,"인생최패망자",R,13,70,99,0.819,-1.402,0.707,2.016,0.802,1.357,-36.743,57.657,60,40,0,4,0,-210.844,400,23.429,0,0,1,2,1,L,"Pring__",190,93.089,0.485,0,69,W,Y,0,0,0,0,0,0,0,0,0,0,0,0,0,0,0,0,0.058,-37.638,0,"소솨소솨",0.018,-17.113,0,"Sabo_10",-20.697,-46.491,0,"須磨-suma-",-6.633,-66.819,0,"SUGUN",20.682,-47.513,0,"Kr_Luna",13.961,-59.226,0,"CoalCat",43.458,-99.108,0,"ByeolBam",3.674,-112.048,0,"Luckƴ",-44.516,-94.13,0,0,0,0,0,0,"",0,0,0,0,3766.023,,,,0,0
141,8,0,5,4,0,2,0,0,0,0,255,255,255,61,3784.58,"인생최패망자",R,10,91,128,0.096,-1.05,0.455,2.065,0.031,1.364,-36.743,51.38,65,35,0,2,0,0,400,10.596,0,0,1,2,1,L,"Pring__",190,93.089,0.485,3,69,W,Y,3785.475,217,218,73,108,51,145,130,106.743,68.17,0.46,0,0.643,346.118,-7.362,-96.837,0.145,-36.958,0,"소솨소솨",-0.094,-17.441,0,"Sabo_10",-20.956,-49.759,0,"須磨-suma-",-6.631,-66.81,0,"SUGUN",20.719,-47.364,0,"Kr_Luna",13.369,-59.5,0,"CoalCat",44.541,-98.466,0,"ByeolBam",3.638,-111.937,0,"Luckƴ",-45.472,-95.555,0,0,0,0,0,0,"",0,0,0,0,,,,,0,3
142,8,0,5,4,0,2,0,0,0,0,255,255,255,62,3802.144,"인생최패망자",R,10,80,119,2.197,-1.382,0.7,2.014,1.171,1.199,-36.743,60.472,53,47,0,4,0,-138.357,399.979,22.384,0,0,1,2,1,L,"Pring__",190,93.089,0.485,0,69,W,Y,0,0,0,0,0,0,0,0,0,0,0,0,0,0,0,0,0.087,-37.565,0,"소솨소솨",0.087,-17.295,0,"Sabo_10",-20.425,-48.423,0,"須磨-suma-",-6.437,-66.867,0,"SUGUN",21.162,-47.689,0,"Kr_Luna",13.23,-59.51,0,"CoalCat",45.601,-98.477,0,"ByeolBam",3.841,-111.489,0,"Luckƴ",-46.234,-96.884,0,0,0,0,0,0,"",0,0,0,0,3803.257,,,,0,0
143,8,0,5,4,0,0,1,0,0,0,255,255,255,63,3822.716,"인생최패망자",R,26,93,140,0.079,0.941,0.425,2.235,-0.11,1.937,-36.743,48.516,57,43,0,0,0,94.756,-200,18.111,0,0,1,3,3,R,"ddil_ddil69",176.4,89.899,0.397,0,70,W,Y,0,0,0,0,0,0,0,0,0,0,0,0,0,0,0,0,0.063,-37.419,0,"소솨소솨",-0.007,-17.015,0,"Sabo_10",-21.98,-47.825,0,"須磨-suma-",-13.016,-64.559,0,"SUGUN",21.111,-47.581,0,"Kr_Luna",11.313,-60.098,0,"CoalCat",43.995,-98.786,0,"ByeolBam",-3.278,-111.495,0,"Luckƴ",-45.373,-96.219,0,0,0,0,0,0,"",0,0,0,0,3824.015,,,,0,0
144,8,0,5,4,0,1,1,0,0,0,255,255,255,64,3837.745,"인생최패망자",R,26,85,138,1.139,1.104,0.535,2.262,0.4,2.029,-36.743,52.72,71,29,0,2,0,56.509,-200,15.374,0,0,1,3,3,R,"ddil_ddil69",176.4,89.899,0.397,3,70,W,Y,3838.886,255,60,118,77,18,145,89,100.793,-18.96,-0.65,0,0.711,276.015,-284.537,78.75,0.242,-37.296,0,"소솨소솨",-0.243,-17.188,0,"Sabo_10",-22.671,-48.44,0,"須磨-suma-",-12.993,-64.554,0,"SUGUN",21.05,-47.562,0,"Kr_Luna",10.362,-60.382,0,"CoalCat",47.003,-104.71,0,"ByeolBam",-2.1,-112.167,0,"Luckƴ",-45.369,-96.226,0,0,0,0,0,0,"",0,0,0,0,,,,,0,3
145,8,0,5,4,0,2,1,0,0,0,255,255,255,65,3861.911,"인생최패망자",R,10,81,109,-1.315,-2.248,0.262,1.911,-0.579,0.865,-36.743,35.501,75,25,0,4,0,0,400,11.039,-0.271,-19.529,1,3,3,R,"ddil_ddil69",176.4,89.899,0.397,0,38,W,Y,0,0,0,0,0,0,0,0,0,0,0,0,0,0,0,0,-0.347,-37.861,0,"소솨소솨",-0.083,-17.982,0,"Sabo_10",-21.413,-45.124,0,"須磨-suma-",-12.813,-64.61,0,"SUGUN",20.486,-47.976,0,"Kr_Luna",9.262,-60.042,0,"CoalCat",47.922,-105.167,0,"ByeolBam",-2.017,-112.224,0,"Luckƴ",-45.237,-91.255,0,0,0,0,0,0,"",0,0,0,0,3863.282,,,,0,0
146,8,0,5,4,0,0,2,0,0,0,255,255,255,66,3882.665,"인생최패망자",R,26,95,140,-1.798,-0.771,0.245,1.95,-0.947,0.945,-36.743,22.558,68,32,0,1,0,114.691,-200,27.787,0,0,0,4,6,R,"_송글_",174.9,90.478,0.316,0,70,W,Y,0,0,0,0,0,0,0,0,0,0,0,0,0,0,0,0,0.052,-37.401,0,"소솨소솨",-0.098,-17.216,0,"Sabo_10",-22.517,-47.294,0,"須磨-suma-",-12.95,-64.57,0,"SUGUN",20.463,-47.967,0,"Kr_Luna",8.974,-59.366,0,"CoalCat",46.158,-103.893,0,"ByeolBam",-1.526,-110.571,0,"Luckƴ",-47.315,-93.282,0,0,0,0,0,0,"",0,0,0,0,3883.757,,,,0,0
147,8,0,5,4,0,1,2,0,0,0,255,255,255,67,3897.827,"인생최패망자",R,26,97,140,-3.428,-1.293,0.081,1.864,-1.708,0.643,-36.743,16.405,28,72,0,4,0,158.179,-200,30.54,0,0,1,4,6,R,"_송글_",174.9,90.478,0.316,0,70,W,Y,0,0,0,0,0,0,0,0,0,0,0,0,0,0,0,0,0.071,-37.619,0,"소솨소솨",-0.171,-17.193,0,"Sabo_10",-22.275,-47.553,0,"須磨-suma-",-12.732,-64.66,0,"SUGUN",20.449,-47.984,0,"Kr_Luna",9.155,-59.386,0,"CoalCat",46.229,-103.965,0,"ByeolBam",-0.84,-110.659,0,"Luckƴ",-47.231,-92.861,0,0,0,0,0,0,"",0,0,0,0,3898.84,,,,0,0
148,8,0,5,4,0,2,2,0,0,0,255,255,255,68,3911.784,"인생최패망자",R,26,94,140,-1.581,0.676,0.299,2.187,-0.695,1.779,-36.743,34.422,62,38,0,1,0,-2.779,-200,38.025,0,0,0,4,6,R,"_송글_",174.9,90.478,0.316,0,70,W,Y,0,0,0,0,0,0,0,0,0,0,0,0,0,0,0,0,0.061,-37.558,0,"소솨소솨",-0.063,-17.058,0,"Sabo_10",-22.179,-45.228,0,"須磨-suma-",-12.948,-64.532,0,"SUGUN",20.434,-47.909,0,"Kr_Luna",9.16,-59.378,0,"CoalCat",41.205,-103.735,0,"ByeolBam",-2.224,-109.561,0,"Luckƴ",-46.34,-92.493,0,0,0,0,0,0,"",0,0,0,0,3912.815,,,,0,0
149,9,1,5,4,0,0,0,0,0,0,255,255,255,79,3946.597,"encounter v",R,26,95,140,-1.012,-1.598,0.166,1.915,-0.622,0.474,-36.681,13.575,37,63,0,1,0,125.167,-200,-7.209,-0.221,-17.239,0,8,6,R,"CoalCat",174.7,82.838,0.435,0,70,W,Y,0,0,0,0,0,0,0,0,0,0,0,0,0,0,0,0,0.094,-37.348,0,"Pring__",-0.032,-17.597,0,"하루（Haru）",-18.889,-46.515,0,"ddil_ddil69",-16.278,-62.431,0,"_Gosomi",23.286,-52.002,0,"Yaksok~",12.899,-63.092,0,"_송글_",38.231,-87.936,0,"うよすま",-4.418,-115.059,0,"눈꽃",-41.339,-91.4,0,0,0,0,0,0,"",0,0,0,0,3947.749,,,,0,0
150,9,1,5,4,1,0,0,0,0,0,255,255,255,80,3957.95,"encounter v",R,32,86,140,1.047,1.263,0.335,2.38,0.163,2.112,-36.681,52.815,78,22,0,2,0,214.988,-200,-31.918,0,0,1,8,6,R,"CoalCat",174.7,82.838,0.435,3,70,W,Y,3959.108,230,67,169,89,37,145,85,19.395,-37.693,-0.83,0,0.376,469.739,-355.107,-84.364,0.067,-37.374,0,"Pring__",0.028,-17.599,0,"하루（Haru）",-19.536,-46.721,0,"ddil_ddil69",-15.955,-62.573,59,"_Gosomi",23.308,-52.1,0,"Yaksok~",12.727,-63.003,0,"_송글_",38.282,-88.015,89,"うよすま",-5.218,-113.882,0,"눈꽃",-41.242,-92.882,0,3962.224,40.437,-66.286,3963.349,6,"_송글_",46.409,-72.422,1,0,,,,,26,2
151,9,1,5,4,0,0,0,1,0,0,6,255,255,81,3984.065,"encounter v",R,14,51,85,2.131,-2.179,0.343,1.899,0.135,0.876,-36.681,42.453,100,0,0,4,0,301.699,312.348,0,0.421,-19.811,1,0,2,L,"Sabo_10",185.3,88,0.452,0,70,W,Y,0,0,0,0,0,0,0,0,0,0,0,0,0,0,0,0,0.074,-37.163,0,"Pring__",0.099,-17.704,0,"하루（Haru）",-16.232,-42.054,0,"ddil_ddil69",-10.699,-58.953,0,"_Gosomi",24.033,-50.055,0,"Yaksok~",11.926,-59.474,0,"_송글_",43.158,-96.995,0,"うよすま",8.197,-122.614,0,"눈꽃",-41.975,-92.151,0,0,0,0,0,0,"",0,0,0,0,3985.265,,,,0,0
152,9,1,5,4,0,1,0,1,0,0,6,255,255,82,3998.868,"encounter v",R,32,92,140,1.236,-1.606,0.344,1.993,0.207,0.799,-36.681,42.354,74,26,0,1,0,233.563,200,0,0.257,-18.018,0,0,2,L,"Sabo_10",185.3,88,0.452,0,70,W,Y,0,0,0,0,0,0,0,0,0,0,0,0,0,0,0,0,0.32,-37.304,0,"Pring__",0.022,-17.666,0,"하루（Haru）",-15.888,-41.413,0,"ddil_ddil69",-10.716,-59.023,0,"_Gosomi",23.415,-50.497,0,"Yaksok~",13.559,-60.141,0,"_송글_",43.472,-90.929,0,"うよすま",10.282,-122.894,0,"눈꽃",-41.973,-92.134,0,0,0,0,0,0,"",0,0,0,0,3999.815,,,,0,0
153,9,1,5,4,1,1,0,1,0,0,6,255,255,83,4015.379,"encounter v",R,10,55,88,-0.843,-0.745,0.068,2.346,-0.718,1.866,-36.681,56.564,100,0,0,2,0,142.646,400,0,0,0,1,0,2,L,"Sabo_10",185.3,88,0.452,3,70,W,Y,4016.446,246,157,110,143,76,145,114,28.085,-19.432,0.83,0,0.734,72.297,127.945,-19.746,0.03,-37.163,0,"Pring__",-0.015,-17.636,0,"하루（Haru）",-15.633,-41.96,0,"ddil_ddil69",-10.713,-59.045,0,"_Gosomi",23.408,-50.46,81,"Yaksok~",13.511,-60.039,0,"_송글_",43.445,-90.963,0,"うよすま",6.195,-119.508,0,"눈꽃",-41.98,-92.128,0,4020.999,29.965,-114.507,4022.757,7,"うよすま",32.736,-126.571,1,0,,4021.534,4026.399,,67,2
154,9,1,5,4,0,0,0,0,1,1,255,2,6,84,4044.028,"encounter v",R,26,67,120,0.509,0.918,0.327,2.315,0.124,1.882,-36.681,73.006,81,19,0,0,0,51.097,-200,0,0,0,0,1,7,R,"ByeolBam",175,90,0.5,0,70,W,Y,0,0,0,0,0,0,0,0,0,0,0,0,0,0,0,0,0.107,-37.168,0,"Pring__",0.039,-17.64,0,"하루（Haru）",-19.214,-44.822,0,"ddil_ddil69",-15.17,-63.377,0,"_Gosomi",19.249,-46.818,0,"Yaksok~",12.161,-60.093,0,"_송글_",39.748,-91.804,0,"うよすま",-5.664,-113.877,0,"눈꽃",-42.948,-99.005,0,0,0,0,0,0,"",0,0,0,0,4045.132,4047.055,4046.322,,0,0
155,9,1,5,4,0,1,0,0,1,1,255,2,6,85,4058.939,"encounter v",R,26,90,140,1.155,0.742,0.381,2.296,0.377,1.814,-36.681,56.719,74,26,0,0,0,83.018,-200,0,0,0,0,1,7,R,"ByeolBam",175,90,0.5,0,70,W,Y,0,0,0,0,0,0,0,0,0,0,0,0,0,0,0,0,0.236,-37.266,0,"Pring__",0.052,-17.584,0,"하루（Haru）",-19.568,-46.121,0,"ddil_ddil69",-15.636,-63.134,0,"_Gosomi",21.186,-47.406,0,"Yaksok~",11.132,-60.929,0,"_송글_",41.458,-89.87,0,"うよすま",-3.129,-110.371,0,"눈꽃",-43.815,-91.917,0,0,0,0,0,0,"",0,0,0,0,4059.999,4061.553,4061.324,,0,0
156,9,1,5,4,0,2,0,0,1,1,255,2,6,86,4073.7,"encounter v",R,13,82,107,-1.58,-1.529,0.293,2.07,-0.021,1.232,-36.681,41.598,93,7,0,2,0,-347.645,349.673,0,0,0,1,1,7,R,"ByeolBam",175,90,0.5,3,70,W,Y,4074.862,124,120,52,48,48,132,83,21.82,51.274,0.96,0,0.22,116.707,523.337,235.468,-0.081,-37.013,0,"Pring__",0.001,-17.775,0,"하루（Haru）",-19.575,-46.128,0,"ddil_ddil69",-15.581,-62.94,0,"_Gosomi",21.825,-47.68,0,"Yaksok~",10.896,-60.827,0,"_송글_",41.924,-90.44,0,"うよすま",-3.573,-110.346,0,"눈꽃",-43.817,-91.915,0,4076.957,-37.41,-45.612,0,0,"",0,0,0,0,,4079.031,4079.807,,2,3
157,9,1,5,4,0,2,0,0,1,1,255,2,6,87,4091.545,"encounter v",R,32,99,140,0.61,1.213,0.281,2.175,-0.086,2.095,-36.681,37.39,69,31,0,1,0,250,-200,0,0,0,0,1,7,R,"ByeolBam",175,90,0.5,0,70,W,Y,0,0,0,0,0,0,0,0,0,0,0,0,0,0,0,0,0.172,-37.247,0,"Pring__",0.04,-17.599,0,"하루（Haru）",-20.444,-45.132,0,"ddil_ddil69",-15.437,-62.523,0,"_Gosomi",21.648,-46.819,0,"Yaksok~",9.095,-60.464,0,"_송글_",41.366,-91.463,0,"うよすま",-3.005,-111.513,0,"눈꽃",-43.053,-91.288,0,0,0,0,0,0,"",0,0,0,0,4092.557,4094.308,4094.22,,0,0
158,9,1,5,4,0,0,1,0,1,1,255,2,6,88,4124.206,"encounter v",R,10,63,107,0.322,0.934,0.331,2.527,0.146,2.718,-36.681,71.782,84,16,0,0,0,-7.716,400,0,0,0,0,2,3,L,"須磨-suma-",160,80,0.612,0,70,W,Y,0,0,0,0,0,0,0,0,0,0,0,0,0,0,0,0,0.138,-37.483,0,"Pring__",0.008,-17.625,0,"하루（Haru）",-19.679,-42.999,0,"ddil_ddil69",-10.621,-59.071,0,"_Gosomi",20.885,-45.453,0,"Yaksok~",11.601,-56.45,0,"_송글_",43.511,-92.508,0,"うよすま",5.833,-111.428,0,"눈꽃",-33.277,-89.291,0,0,0,0,0,0,"",0,0,0,0,4125.449,4126.929,4126.618,,0,0
159,9,1,5,4,0,1,1,0,1,1,255,2,6,89,4137.282,"encounter v",R,14,51,84,-0.778,-0.693,-0.05,2.358,-1.085,1.93,-36.681,47.721,100,0,0,2,0,291.348,323.167,0,0,0,1,2,3,L,"須磨-suma-",160,80,0.612,3,70,W,Y,4138.614,255,101,78,62,42,145,76,4.661,-57.589,1,0,0.378,114.237,450.686,-110.435,0.034,-37.327,0,"Pring__",-0.093,-17.793,0,"하루（Haru）",-18.773,-45.118,0,"ddil_ddil69",-10.549,-59.057,0,"_Gosomi",22.35,-49.495,0,"Yaksok~",12.264,-58.573,0,"_송글_",43.34,-92.62,0,"うよすま",5.417,-112.217,0,"눈꽃",-34.546,-90.001,0,4139.207,13.846,-30.619,0,0,"",0,0,0,0,,4141.961,4142.832,,2,3
160,9,1,5,4,0,2,1,0,1,1,255,2,6,90,4151.424,"encounter v",R,14,47,81,2.97,-1.913,0.507,2.17,0.641,1.449,-36.681,46.44,100,0,0,4,0,239.125,380.191,0,0.59,-19.314,1,2,3,L,"須磨-suma-",160,80,0.612,0,70,W,Y,0,0,0,0,0,0,0,0,0,0,0,0,0,0,0,0,0.2,-37.266,0,"Pring__",0.114,-18.153,0,"하루（Haru）",-19.43,-43.232,0,"ddil_ddil69",-10.561,-58.424,0,"_Gosomi",20.762,-43.395,0,"Yaksok~",9.482,-54.225,0,"_송글_",43.048,-90.101,0,"うよすま",5.255,-114.694,0,"눈꽃",-31.88,-87.65,0,0,0,0,0,0,"",0,0,0,4,4152.932,4154.479,4154.787,,0,0
161,9,1,5,4,0,0,2,0,1,1,255,2,6,91,4171.006,"encounter v",R,14,51,85,2.752,-1.772,0.356,2.009,0.483,1.134,-36.681,46.782,100,0,0,1,0,277.624,347.735,0,0,0,0,3,9,L,"_Chun",190,80,0.455,0,85,W,Y,0,0,0,0,0,0,0,0,0,0,0,0,0,0,0,0,0.131,-37.324,0,"Pring__",0.08,-18.079,0,"하루（Haru）",-19.893,-41.966,0,"ddil_ddil69",-10.532,-58.46,0,"_Gosomi",22.284,-46.126,0,"Yaksok~",15.95,-63.662,0,"_송글_",45.914,-98.501,0,"うよすま",4.823,-119.251,0,"눈꽃",-24.817,-100.253,0,0,0,0,0,0,"",0,0,0,0,4172.324,4174.058,4174.486,,0,0
162,9,1,5,4,1,0,2,0,1,1,255,2,6,92,4184.692,"encounter v",R,14,55,88,-0.096,-0.495,-0.058,2.341,-0.799,1.849,-36.681,50.369,95,5,0,2,0,309.925,316.096,0,0,0,1,3,9,L,"_Chun",190,80,0.455,3,85,W,Y,4185.911,232,141,103,88,59,145,130,30.854,-23.446,0.61,0,0.548,371.696,-377.61,-281.057,-0.203,-37.145,0,"Pring__",-0.068,-17.807,0,"하루（Haru）",-18.86,-45.467,0,"ddil_ddil69",-10.86,-58.065,0,"_Gosomi",23.684,-50.272,0,"Yaksok~",17.371,-66.871,0,"_송글_",44.284,-94.996,0,"うよすま",9.049,-122.421,0,"눈꽃",-24.832,-100.257,0,4191.115,58.857,-122.556,0,0,"",0,0,0,0,,4196.142,4191.017,4190.52,2,4
163,9,1,8,4,0,0,2,0,0,0,255,255,255,93,4221.002,"encounter v",R,10,71,113,-1.675,0.16,0.142,2.418,-0.733,2.197,-36.681,64.906,88,12,0,1,0,0,400,0,0,0,0,4,5,L,"Kr_Luna",190,95.256,0.499,0,70,W,Y,0,0,0,0,0,0,0,0,0,0,0,0,0,0,0,0,-0.007,-37.287,0,"Pring__",0.063,-17.552,0,"하루（Haru）",-19.501,-46.293,0,"ddil_ddil69",-11.29,-59.318,0,"_Gosomi",23.8,-49.931,0,"Yaksok~",15.901,-63.506,0,"_송글_",47.85,-98.588,0,"うよすま",16.806,-122.093,0,"눈꽃",-21.209,-107.192,0,0,0,0,0,0,"",0,0,0,0,4221.99,,,,0,0
164,9,1,8,4,1,0,2,0,0,0,255,255,255,94,4233.347,"encounter v",R,10,71,113,0.181,-1.299,0.216,2.137,0.073,1.286,-36.681,45.314,100,0,0,1,0,0,400,0,0,0,0,4,5,L,"Kr_Luna",190,95.256,0.499,0,70,W,Y,0,0,0,0,0,0,0,0,0,0,0,0,0,0,0,0,0.271,-37.488,0,"Pring__",0.058,-17.537,0,"하루（Haru）",-19.431,-45.498,0,"ddil_ddil69",-11.229,-59.174,0,"_Gosomi",24.393,-50.182,0,"Yaksok~",16.137,-64.369,0,"_송글_",47.906,-98.516,0,"うよすま",16.902,-124.011,0,"눈꽃",-21.211,-107.181,0,0,0,0,0,0,"",0,0,0,0,4234.34,,,,0,0
165,9,1,8,4,2,0,2,0,0,0,255,255,255,95,4246.466,"encounter v",R,13,80,118,0.728,0.399,0.508,2.421,0.969,2.208,-36.681,76.284,64,36,0,0,0,-390.434,312.348,0,0,0,0,4,5,L,"Kr_Luna",190,95.256,0.499,0,70,W,Y,0,0,0,0,0,0,0,0,0,0,0,0,0,0,0,0,0.118,-37.328,0,"Pring__",0.05,-17.569,0,"하루（Haru）",-19.475,-45.125,0,"ddil_ddil69",-11.288,-59.339,0,"_Gosomi",24.628,-49.781,0,"Yaksok~",17.041,-65.09,0,"_송글_",47.838,-98.571,0,"うよすま",16.448,-123.791,0,"눈꽃",-21.231,-107.186,0,0,0,0,0,0,"",0,0,0,0,4247.415,,,,0,0
166,9,1,8,4,2,1,2,0,0,0,255,255,255,96,4258.067,"encounter v",R,10,83,125,0.107,0.75,0.308,2.509,0.038,2.492,-36.681,66.65,71,29,0,2,0,0,400,0,0,0,0,4,5,L,"Kr_Luna",190,95.256,0.499,3,70,W,Y,4258.941,160,80,88,33,11,138,89,0.691,-39.269,-0.7,0,0.108,-103.614,-197.984,555.532,-0.085,-37.084,0,"Pring__",0.027,-17.671,0,"하루（Haru）",-18.747,-46.525,0,"ddil_ddil69",-11.083,-59.601,0,"_Gosomi",25.505,-50.339,90,"Yaksok~",16.166,-63.786,0,"_송글_",47.891,-98.54,0,"うよすま",16.528,-123.788,0,"눈꽃",-21.027,-107.253,0,4259.423,13.168,-35.483,4260.607,4,"_Gosomi",20.324,-44.528,0,0,,,,,320,2
167,9,0,8,4,0,0,0,0,0,0,255,255,255,69,4306.389,"인생최패망자",R,26,96,140,-1.815,-0.955,0.229,1.811,-1.023,0.836,-36.743,25.592,14,86,0,1,0,166.489,-200,30.167,0,0,0,5,8,L,"눈꽃",180,80,0.497,0,70,W,Y,0,0,0,0,0,0,0,0,0,0,0,0,0,0,0,0,-0.101,-37.632,0,"소솨소솨",-0.104,-17.202,0,"Sabo_10",-20.58,-49.508,0,"須磨-suma-",-8.452,-66.954,0,"SUGUN",20.587,-47.999,0,"Kr_Luna",16.139,-59.219,0,"CoalCat",42.268,-96.425,0,"ByeolBam",4.823,-111.086,0,"Luckƴ",-47.926,-94.604,0,0,0,0,0,0,"",0,0,0,0,4307.89,,,,0,0
168,9,0,8,4,1,0,0,0,0,0,255,255,255,70,4320.479,"인생최패망자",R,26,89,140,-1.242,0.348,0.308,2.135,-0.656,1.604,-36.743,30.996,66,34,0,2,0,77.847,-200,26.711,0,0,1,5,8,L,"눈꽃",180,80,0.497,3,70,W,Y,4321.587,255,75,85,53,14,145,128,-30,-31.991,0.62,0,0.349,-484.767,-324.057,127.798,0.185,-36.992,0,"소솨소솨",-0.024,-17.08,0,"Sabo_10",-20.767,-50.753,95,"須磨-suma-",-8.132,-66.976,0,"SUGUN",20.447,-47.816,0,"Kr_Luna",16.424,-58.137,119,"CoalCat",41.39,-97.217,0,"ByeolBam",3.158,-111.241,0,"Luckƴ",-47.313,-95.017,0,4321.324,0.757,-20.799,4322.923,5,"Kr_Luna",14.959,-53.148,0,32,,,,,17,2
169,9,0,8,4,0,0,1,0,0,0,255,255,255,71,4342.608,"인생최패망자",R,10,59,92,1.208,-1.632,0.613,2.141,0.51,1.4,-36.743,75.699,85,15,0,1,0,0,400,21.995,0.182,-18.707,0,6,4,R,"_Gosomi",175.4,85.099,0.49,0,70,W,Y,0,0,0,0,0,0,0,0,0,0,0,0,0,0,0,0,0.252,-37.45,0,"소솨소솨",0.016,-17.187,0,"Sabo_10",-20.695,-47.867,0,"須磨-suma-",-11.17,-65.918,0,"SUGUN",20.804,-48.646,0,"Kr_Luna",15.755,-58.841,0,"CoalCat",35.687,-103.943,0,"ByeolBam",-3.226,-109.88,0,"Luckƴ",-46.243,-96.479,0,0,0,0,0,0,"",0,0,0,0,4344.04,,,,0,0
170,9,0,8,4,0,1,1,0,0,0,255,255,255,72,4358.207,"인생최패망자",R,26,89,140,0.595,0.877,0.452,2.217,0.018,1.895,-36.743,54.512,64,36,0,2,0,172.656,-200,31.566,0,0,1,6,4,R,"_Gosomi",175.4,85.099,0.49,3,70,W,Y,4359.283,255,72,94,139,50,145,127,27.006,8.779,0.4,0,0.336,582.467,57.977,-104.371,0.144,-37.043,0,"소솨소솨",-0.126,-17.135,0,"Sabo_10",-20.88,-48.383,0,"須磨-suma-",-10.887,-65.977,0,"SUGUN",20.56,-48.438,0,"Kr_Luna",9.477,-60.63,85,"CoalCat",37.275,-103.767,0,"ByeolBam",-1.345,-108.465,0,"Luckƴ",-46.376,-96.55,0,4365.057,-19.216,-132.606,4365.949,7,"ByeolBam",-19.275,-130.348,1,64,,4370.057,,,18,2
171,9,0,8,4,0,0,2,0,0,0,255,255,255,73,4387.666,"인생최패망자",R,26,99,140,0.004,0.828,0.403,2.207,-0.211,1.859,-36.743,42.368,69,31,0,2,0,149.579,-200,33.157,0,0,1,7,5,R,"Yaksok~",173.3,80,0.332,3,70,W,Y,4388.602,252,174,71,54,28,139,122,27.21,36.149,0.29,0,0.214,285.235,365.696,211.158,0.108,-37.117,0,"소솨소솨",-0.078,-17.099,0,"Sabo_10",-21.028,-47.894,0,"須磨-suma-",-11.72,-65.776,95,"SUGUN",20.11,-48.131,0,"Kr_Luna",10.256,-61.046,78,"CoalCat",35.966,-104.06,0,"ByeolBam",-1.315,-110.279,0,"Luckƴ",-46.825,-95.859,86,4393.082,-69.814,-97.818,4394.673,3,"ddil_ddil69",-65.201,-94.777,1,0,,4398.548,,,84,2
172,9,0,8,4,0,0,2,0,1,0,255,15,255,74,4415.53,"인생최패망자",R,26,90,140,0.381,0.889,0.451,2.246,0.01,1.97,-36.743,45.388,75,25,0,0,0,105.282,-200,26.473,0,0,0,8,2,L,"하루（Haru）",190,90.172,0.403,0,31,W,Y,0,0,0,0,0,0,0,0,0,0,0,0,0,0,0,0,0.445,-36.877,0,"소솨소솨",0.17,-17.577,0,"Sabo_10",-21.521,-46.489,0,"須磨-suma-",-13.673,-64.615,0,"SUGUN",20.179,-41.555,0,"Kr_Luna",12.468,-56.987,0,"CoalCat",34.866,-107.019,0,"ByeolBam",3.04,-110.23,0,"Luckƴ",-45.232,-93.831,0,0,0,0,0,0,"",0,0,0,0,4416.782,,4418.638,,0,0
173,9,0,8,4,0,1,2,0,0,1,255,255,15,75,4436.044,"인생최패망자",R,10,75,104,0.913,-1.608,0.572,2.026,0.382,1.17,-36.743,60.132,91,9,0,2,0,0,400,4.53,0,0,1,8,2,L,"하루（Haru）",190,90.172,0.403,3,31,W,Y,4437.23,171,187,51,92,74,136,34,9.471,17.427,0.9,0,0.301,55.881,115.526,197.806,-0.075,-36.934,0,"소솨소솨",-0.014,-17.35,0,"Sabo_10",-20.897,-47.004,0,"須磨-suma-",-12.842,-65.013,0,"SUGUN",20.065,-48.229,0,"Kr_Luna",13.247,-56.183,0,"CoalCat",41.838,-102.497,0,"ByeolBam",1.939,-110.345,0,"Luckƴ",-48.31,-93.443,0,4437.89,-2.249,-28.667,4439.157,0,"인생최패망자",-4.72,-34.092,0,0,,,,4442.179,3,2
174,10,1,8,4,0,0,0,0,0,0,255,255,255,97,4514.558,"encounter v",R,32,89,140,0.304,0.342,0.555,2.044,-0.211,1.633,-36.681,58.8,76,24,0,0,0,250,-200,-34.624,0,0,0,5,4,R,"SUGUN",190,82.092,0.496,0,70,W,Y,0,0,0,0,0,0,0,0,0,0,0,0,0,0,0,0,0.043,-37.036,0,"Pring__",0.056,-17.523,0,"하루（Haru）",-19.822,-46.436,0,"ddil_ddil69",-15.719,-62.633,0,"_Gosomi",21.95,-51.038,0,"Yaksok~",14.166,-66.801,0,"_송글_",36.312,-86.08,0,"うよすま",-3.035,-118.658,0,"눈꽃",-48.128,-95.379,0,0,0,0,0,0,"",0,0,0,0,4515.665,,,,0,0
175,10,1,8,4,0,1,0,0,0,0,255,255,255,98,4528.698,"encounter v",R,10,80,119,-0.578,-0.995,0.509,1.972,-0.423,1.4,-36.681,49.505,100,0,0,2,0,102.771,400,-56.409,0,0,1,5,4,R,"SUGUN",190,82.092,0.496,3,70,W,Y,4529.779,254,193,81,95,50,145,97,23.091,57.357,0.95,0,0.54,-131.57,-347.709,-326.468,0.361,-37.12,0,"Pring__",0.011,-17.619,0,"하루（Haru）",-18.682,-46.148,0,"ddil_ddil69",-15.688,-62.644,0,"_Gosomi",22.248,-51.034,0,"Yaksok~",14.686,-67.544,0,"_송글_",36.345,-86.089,0,"うよすま",-3.304,-120.696,0,"눈꽃",-48.127,-95.386,0,4532.557,-52.72,-58.707,0,0,"",0,0,0,0,,,,,2,3
176,10,1,8,4,0,2,0,0,0,0,255,255,255,99,4546.741,"encounter v",R,26,97,140,-0.075,-1.917,0.554,1.805,-0.215,0.212,-36.681,34.63,43,57,0,1,0,119.544,-200,-5.455,0,0,0,5,4,R,"SUGUN",190,82.092,0.496,0,49,W,Y,0,0,0,0,0,0,0,0,0,0,0,0,0,0,0,0,0.405,-37.332,0,"Pring__",0.02,-17.683,0,"하루（Haru）",-19.864,-46.1,0,"ddil_ddil69",-15.2,-63.083,0,"_Gosomi",22.839,-52.582,0,"Yaksok~",13.543,-65.86,0,"_송글_",40.552,-90.432,0,"うよすま",-9.515,-121.131,0,"눈꽃",-48.785,-92.839,0,0,0,0,0,0,"",0,0,0,0,4548.065,,,,0,0
177,10,1,8,4,1,2,0,0,0,0,255,255,255,100,4560.367,"encounter v",R,32,97,140,1.19,0.753,0.634,2.32,0.158,1.882,-36.681,62.049,65,35,0,2,0,250,-200,-21.47,0,0,1,5,4,R,"SUGUN",190,82.092,0.496,3,49,W,Y,4561.698,80,30,37,41,13,87,87,32.014,18.687,0.54,0,0.141,392.678,-106.213,-441.047,0.457,-37.22,0,"Pring__",0.067,-17.739,0,"하루（Haru）",-19.74,-46.635,0,"ddil_ddil69",-15.255,-63.139,0,"_Gosomi",22.451,-52.009,0,"Yaksok~",14.242,-67.306,86,"_송글_",43.463,-90.726,0,"うよすま",-8.176,-121.417,0,"눈꽃",-48.787,-92.802,0,4566.432,-20.186,-88.151,4568.065,7,"うよすま",-21.34,-96.538,1,0,,,,,131,2
178,10,1,8,4,0,0,0,1,0,0,4,255,255,101,4594.423,"encounter v",R,32,89,140,1.205,0.6,0.636,2.281,0.166,1.759,-36.681,64.752,75,25,0,2,0,250,-200,-22.908,0,0,1,6,8,R,"Luckƴ",182.1,84.989,0.434,0,42,W,Y,4595.556,107,138,55,43,0,131,111,30.002,-11.591,0.79,0,0.129,441.906,404.066,-38.08,0.339,-37.031,0,"Pring__",0.032,-17.654,0,"하루（Haru）",-17.625,-41.797,0,"ddil_ddil69",-15.824,-62.65,0,"_Gosomi",22.286,-51.691,0,"Yaksok~",7.479,-60.177,0,"_송글_",39.776,-90.194,0,"うよすま",-4.915,-115.953,0,"눈꽃",-43.312,-91.835,0,0,0,0,4600.865,7,"うよすま",11.754,-113.597,0,0,,,,,259,1
179,10,1,8,4,0,0,1,1,0,0,4,255,255,102,4624.96,"encounter v",R,13,70,98,-2.045,-1.282,0.53,2.13,-0.218,1.394,-36.681,55.89,89,11,0,4,0,-302.897,366.619,-26.704,-0.623,-18.174,1,7,1,R,"소솨소솨",190,80,0.498,0,70,W,Y,0,0,0,0,0,0,0,0,0,0,0,0,0,0,0,0,0.166,-37.227,0,"Pring__",-0.233,-18.159,0,"하루（Haru）",-17.608,-42.151,0,"ddil_ddil69",-16.006,-62.695,0,"_Gosomi",21.811,-50.052,0,"Yaksok~",9.39,-61.8,0,"_송글_",37.31,-92.556,0,"うよすま",-7.809,-122.28,0,"눈꽃",-51.056,-96.076,0,0,0,0,0,0,"",0,0,0,0,4626.249,,,,0,0
180,10,1,8,4,0,1,1,1,0,0,4,255,255,103,4640.496,"encounter v",R,10,65,96,-2.459,-2.16,0.253,1.898,-1.076,0.894,-36.681,35.358,100,0,0,4,0,0,400,-10.605,-0.481,-19.843,1,7,1,R,"소솨소솨",190,80,0.498,0,70,W,Y,0,0,0,0,0,0,0,0,0,0,0,0,0,0,0,0,0.008,-37.158,0,"Pring__",-0.278,-18.312,0,"하루（Haru）",-16.408,-42.335,0,"ddil_ddil69",-15.995,-62.74,0,"_Gosomi",22.947,-49.42,0,"Yaksok~",8.062,-62.414,0,"_송글_",42.827,-91.344,0,"うよすま",-8.051,-124.207,0,"눈꽃",-51.07,-96.078,0,0,0,0,0,0,"",0,0,0,0,4641.857,,,,0,0
181,10,1,8,4,0,2,1,1,0,0,4,255,255,104,4661.986,"encounter v",R,32,104,140,-0.977,0.356,0.438,2.046,-0.753,1.642,-36.681,34.866,72,28,0,0,0,228.033,-200,-8.972,0,0,1,7,1,R,"소솨소솨",190,80,0.498,0,70,W,Y,0,0,0,0,0,0,0,0,0,0,0,0,0,0,0,0,0.257,-37.202,0,"Pring__",-0.173,-17.999,0,"하루（Haru）",-16.303,-42.813,0,"ddil_ddil69",-16.048,-62.837,0,"_Gosomi",22.877,-52.406,0,"Yaksok~",8.43,-61.003,0,"_송글_",42.641,-91.929,0,"うよすま",-10.999,-124.26,0,"눈꽃",-51.069,-96.076,0,0,0,0,0,0,"",0,0,0,32,4663.207,,,,0,0
182,10,0,8,4,0,0,0,0,0,0,255,255,255,76,4722.002,"인생최패망자",R,26,99,140,-1.452,-1.037,0.262,1.805,-0.868,0.795,-36.743,24.362,28,72,0,0,0,170.342,-200,30.995,0,0,0,0,7,R,"うよすま",175.4,85,0.496,0,40,W,Y,0,0,0,0,0,0,0,0,0,0,0,0,0,0,0,0,-0.097,-37.576,0,"소솨소솨",-0.238,-17.311,0,"Sabo_10",-16.993,-60.19,0,"_Chun",-19.656,-43.467,0,"SUGUN",19.989,-47.561,0,"Kr_Luna",10.6,-59.564,0,"CoalCat",36.009,-94.203,0,"ByeolBam",-0.474,-107.515,0,"Luckƴ",-46.626,-95.237,0,0,0,0,0,0,"",0,0,0,0,4723.04,,,,0,0
183,10,0,8,4,0,1,0,0,0,0,255,255,255,77,4737.876,"인생최패망자",R,26,89,140,1.573,0.663,0.538,2.187,0.417,1.774,-36.743,64.046,59,41,0,2,0,181.488,-200,8.93,0,0,1,0,7,R,"うよすま",175.4,85,0.496,3,40,W,Y,4738.889,197,69,51,44,0,135,111,-30,35.453,0.89,0,0.265,-265.315,189.841,-24.047,0.3,-37.181,0,"소솨소솨",-0.094,-17.02,0,"Sabo_10",-17.011,-60.126,0,"_Chun",-19.784,-43.853,85,"SUGUN",19.901,-47.57,0,"Kr_Luna",10.104,-61.355,0,"CoalCat",36.042,-94.221,0,"ByeolBam",0.141,-107.418,0,"Luckƴ",-48.345,-96.301,0,4738.648,-0.788,-19.547,4740.265,3,"_Chun",-14.897,-44.117,0,0,,,,,12,2
184,10,0,8,4,0,0,1,0,0,0,255,255,255,78,4761.373,"인생최패망자",R,26,90,140,2,0.717,0.603,2.222,0.719,1.878,-36.743,66.267,70,30,0,2,0,96.633,-182.909,10.701,0,0,1,1,0,R,"encounter v",190,85.791,0.423,3,69,W,Y,4762.368,254,141,109,108,53,145,89,57.167,-42.613,-0.87,0,0.104,412.161,-318.063,-5.312,-0.055,-37.308,0,"소솨소솨",-0.116,-17.027,0,"Sabo_10",-16.981,-60.891,0,"_Chun",-20.172,-44.935,0,"SUGUN",23.012,-54.028,0,"Kr_Luna",5.599,-38.381,0,"CoalCat",29.68,-87.716,0,"ByeolBam",-5.648,-108.956,0,"Luckƴ",-48.881,-94.375,0,4767.782,46.21,-59.622,0,0,"",0,0,0,0,,,,,40,3
185,10,0,8,4,0,1,1,0,0,0,255,255,255,79,4789.863,"인생최패망자",R,26,93,140,-2.597,-0.449,0.269,1.992,-1.3,1.132,-36.743,25.229,33,67,0,2,0,118.5,-200,26.537,0,0,1,1,0,R,"encounter v",190,85.791,0.423,3,69,W,Y,4790.947,255,96,66,98,86,140,130,-12.39,33.793,0.49,0,0.052,335.037,-145.656,64.273,0.048,-37.025,0,"소솨소솨",-0.199,-17.192,0,"Sabo_10",-17.671,-58.655,0,"_Chun",-20.38,-44.824,0,"SUGUN",23.324,-54.592,0,"Kr_Luna",8.596,-51.458,0,"CoalCat",34.267,-93.242,0,"ByeolBam",-0.318,-108.773,0,"Luckƴ",-47.626,-94.182,0,4790.74,-2.735,-23.43,4791.924,3,"_Chun",-17.4,-45.479,0,0,,,,,12,2
186,10,0,8,4,0,0,2,0,0,0,255,255,255,80,4808.663,"인생최패망자",R,26,95,140,0.561,0.865,0.467,2.246,0.086,1.955,-36.743,51.245,59,41,0,2,0,106.248,-200,24.623,0,0,1,2,1,L,"Pring__",190,93.089,0.485,3,69,W,Y,4809.823,148,117,115,103,67,145,124,25.121,-34.368,0.73,0,0.484,105.266,-224.252,68.891,0.496,-37.184,0,"소솨소솨",-0.041,-17.073,0,"Sabo_10",-15.465,-62.189,92,"_Chun",-21.286,-44.805,0,"SUGUN",20.811,-49.533,0,"Kr_Luna",15.048,-62.012,0,"CoalCat",48.179,-98.603,89,"ByeolBam",1.688,-108.176,0,"Luckƴ",-51.208,-95.953,0,4814.699,61.678,-103.502,4817.132,6,"CoalCat",53.981,-98.478,1,0,,4820.228,,,265,2
187,10,0,8,4,0,0,2,0,1,0,255,11,255,81,4837.921,"인생최패망자",R,26,95,140,0.327,-1.045,0.342,1.92,-0.497,1.202,-36.743,33.455,63,37,0,2,0,148.31,-200,17.352,0,0,1,3,3,R,"ddil_ddil69",176.4,89.899,0.397,3,69,W,Y,4839.038,255,51,72,81,0,145,125,28.122,17.821,0.7,0,0.561,469.955,5.976,224.993,0.026,-37.282,0,"소솨소솨",-0.137,-17.261,0,"Sabo_10",-15.798,-58.802,0,"_Chun",-20,-45.208,0,"SUGUN",19.829,-47.516,0,"Kr_Luna",4.949,-60.487,0,"CoalCat",37.012,-98.448,0,"ByeolBam",-1.025,-113.223,0,"Luckƴ",-46.262,-96.499,0,4844.782,-34.747,-123.451,4846.715,3,"ddil_ddil69",-33.26,-119.042,1,0,,4849.008,4844.543,4849.568,73,2
188,10,0,8,5,0,0,2,0,1,0,255,13,255,82,4866.732,"인생최패망자",R,32,95,140,1.458,0.106,0.521,2.004,0.335,1.492,-36.743,49.643,60,40,0,2,0,205.386,-161.048,8.171,0,0,0,4,6,R,"_송글_",174.9,90.478,0.316,3,46,W,Y,4867.74,168,51,56,51,6,136,111,-16.547,42.931,0.08,0,0.295,50.148,433.845,-164.517,0.16,-36.951,0,"소솨소솨",-0.077,-17.148,0,"Sabo_10",-16.195,-60.134,0,"_Chun",-19.993,-45.13,0,"SUGUN",19.807,-47.69,0,"Kr_Luna",3.13,-60.807,0,"CoalCat",37.186,-92.414,0,"ByeolBam",-0.483,-110.495,0,"Luckƴ",-44.405,-95.039,0,4867.457,-2.231,-22.086,4868.924,3,"_Chun",-19.373,-41.759,0,0,,,,,4,2
