id,inn,half,scoreA,scoreB,ball,strk,out,b1,b2,b3,b1Idx,b2Idx,b3Idx,pCnt,pSec,pName,pHand,pType,pPow,spdK,zoneX,zoneY,startX,startY,targetX,targetY,zDist,pitchAngle,pOver,pSide,pUnder,call,balk,sH,sV,gyro,plx,plz,bSwing,bIdx,bPos,bZone,bName,bHCm,batLen,batCen,batType,bFps,bOS,bVR,hSec,rotS,rotL,shS,lgS,prepS,batSpd,ev,ldeg,sdeg,hPos,buntGrip,handDist,angVeloX,angVeloY,angVeloZ,PPosX,PPosY,PThrSpd,CName,CPosX,CPosY,CThrSpd,1BName,1BPosX,1BPosY,1BThrSpd,2BName,2BPosX,2BPosY,2BThrSpd,3BName,3BPosX,3BPosY,3BThrSpd,SSName,SSPosX,SSPosY,SSThrSpd,LFName,LFPosX,LFPosY,LFThrSpd,CFName,CFPosX,CFPosY,CFThrSpd,RFName,RFPosX,RFPosY,RFThrSpd,ltSec,lx,lz,cSec,cPos,cPlr,cx,cz,1BSafe,tag,cpSec,sb2Sec,sb3Sec,sbhSec,ass,result
1,1,1,0,0,0,0,0,0,0,0,255,255,255,0,291.917,"Pugeuk",R,29,85,137,-1.347,0.661,0.381,1.571,-0.301,1.736,-36.694,25.042,56,44,0,0,0,-250,-200,21.778,0,0,0,0,3,L,"하루（Haru）",160,90.172,0.403,0,38,W,Y,0,0,0,0,0,0,0,0,0,0,0,0,0,0,0,0,0.235,-37.286,0,"Pring__",-0.04,-17.52,0,"Yaksok~",-18.911,-50.44,0,"muyang_",-16.3,-62.943,0,"TaeGeuk_",24.083,-50.505,0,"si_ho",15.158,-60.477,0,"Azuner",43.851,-90.914,0,"うよすま",6.103,-110.865,0,"ByeolBam",-42.469,-94.924,0,0,0,0,0,0,"",0,0,0,0,292.988,,,,0,0
2,1,1,0,0,0,1,0,0,0,0,255,255,255,1,307.402,"Pugeuk",R,13,64,94,-0.983,-0.585,0.55,1.654,0.322,1.921,-36.694,36.626,41,59,0,2,0,-332.726,313.686,-7.982,0,0,1,0,3,L,"하루（Haru）",160,90.172,0.403,3,38,W,Y,308.755,161,174,37,77,58,120,94,29.823,14.425,0.85,0,0.262,-380.369,-126.202,166.988,0.06,-37.372,0,"Pring__",-0.071,-17.587,0,"Yaksok~",-18.249,-50.42,0,"muyang_",-15.905,-62.914,0,"TaeGeuk_",24.759,-48.978,0,"si_ho",15.322,-60.981,0,"Azuner",43.186,-88.584,0,"うよすま",7.141,-113.108,0,"ByeolBam",-40.593,-99.127,104,312.908,-17.295,-95.561,313.815,8,"ByeolBam",-18.509,-101.79,1,0,,317.842,,,266,2
3,1,1,0,0,0,0,0,0,1,0,255,3,255,2,340.731,"Pugeuk",R,10,73,114,3.067,0.562,0.768,1.78,1.499,2.4,-36.694,39.484,37,62,2,2,0,-120.82,400,11.891,0,0,1,1,1,R,"ke ro",190,80,0.398,3,37,W,Y,341.849,255,95,52,134,63,137,84,-49.53,55.456,-0.87,0,0.689,149.807,-446.824,-74.749,0.34,-37.39,0,"Pring__",0.033,-17.87,0,"Yaksok~",-18.67,-49.114,0,"muyang_",-16.895,-61.558,0,"TaeGeuk_",21.019,-44.662,0,"si_ho",2.674,-60.154,0,"Azuner",34.195,-97.124,0,"うよすま",-7.299,-117.355,0,"ByeolBam",-44.452,-92.383,0,341.188,-0.825,-20.964,0,0,"",0,0,0,0,,350.535,343.772,,0,0
4,1,1,0,0,0,1,0,0,1,0,255,3,255,3,362.514,"Pugeuk",R,26,92,140,0.866,0.146,0.56,1.512,0.533,1.532,-36.694,26.796,47,53,0,0,0,-126.453,-200,6.039,0,0,1,1,1,R,"ke ro",190,80,0.398,0,37,W,Y,0,0,0,0,0,0,0,0,0,0,0,0,0,0,0,0,0.301,-37.548,0,"Pring__",-0.011,-17.579,0,"Yaksok~",-17.976,-45.576,0,"muyang_",-17.665,-63.938,0,"TaeGeuk_",21.402,-44.937,0,"si_ho",2.092,-58.893,0,"Azuner",32.707,-97.125,0,"うよすま",-5.061,-117.493,0,"ByeolBam",-43.432,-93.562,0,0,0,0,0,0,"",0,0,0,0,363.295,365.345,,,0,0
5,1,1,0,0,0,2,0,0,1,0,255,3,255,4,376.85,"Pugeuk",R,29,83,135,0.78,1.161,0.575,1.722,0.601,2.21,-36.694,24.061,52,48,0,2,0,-194.162,-143.918,16.594,0,0,1,1,1,R,"ke ro",190,80,0.398,3,37,W,Y,377.902,115,20,48,40,27,123,110,-5.119,37.807,0.89,0,0.48,-169.424,229.997,-17.297,0.318,-37.258,0,"Pring__",-0.017,-17.559,0,"Yaksok~",-19.276,-48.37,106,"muyang_",-16.85,-62.809,0,"TaeGeuk_",21.46,-47.145,85,"si_ho",2.591,-59.387,0,"Azuner",33.222,-95.647,0,"うよすま",-6.058,-115.745,0,"ByeolBam",-43.375,-93.515,0,377.628,-7.751,-28.586,378.642,2,"Yaksok~",-17.883,-42.346,0,0,,,381.832,,48,2
6,1,1,0,0,0,0,1,0,0,1,255,255,3,5,400.209,"Pugeuk",R,29,89,140,-1.715,0.38,0.345,1.589,-0.468,1.78,-36.694,23.694,50,50,0,2,0,-241.245,-83.013,11.445,0,0,1,2,2,L,"펜케이크",190,95.133,0.447,3,37,W,Y,401.327,174,62,146,78,49,145,130,-26.63,44.76,0.58,0,0.777,-160.886,-83.935,117.031,0.089,-37.143,0,"Pring__",-0.058,-17.635,0,"Yaksok~",-17.196,-46.133,0,"muyang_",-16.504,-60.857,0,"TaeGeuk_",21.242,-47.236,0,"si_ho",16.003,-63.409,82,"Azuner",51.163,-100.047,0,"うよすま",8.798,-121.28,0,"ByeolBam",-38.264,-100.626,97,400.748,-2.466,-22.788,407.348,8,"ByeolBam",-69.183,-92.466,1,0,,411.188,,406.043,258,2
7,1,1,1,0,0,0,1,0,1,0,255,2,255,6,430.093,"Pugeuk",R,6,77,103,2.107,0.916,0.405,1.675,-0.127,1.959,-36.694,11.6,50,50,0,2,0,456.583,0,9.389,0,0,1,3,7,R,"k@ster",168.4,95.017,0.646,3,36,W,Y,431.274,174,91,73,78,50,145,82,91.305,87.997,-0.87,0,0.188,411.75,-274.925,79.151,0.579,-37.893,0,"Pring__",0.024,-17.629,0,"Yaksok~",-18.273,-47.516,0,"muyang_",-15.243,-62.249,0,"TaeGeuk_",20.89,-45.993,0,"si_ho",11.173,-60.413,0,"Azuner",34.663,-94.754,0,"うよすま",-4.27,-114.469,0,"ByeolBam",-46.48,-92.291,0,436.095,46.367,-12.585,0,0,"",0,0,0,0,,433.44,,,0,3
8,1,1,1,0,0,1,1,0,1,0,255,2,255,7,453.889,"Pugeuk",R,14,73,101,2.296,-1.402,0.525,1.432,0.247,1.367,-36.694,31.394,40,60,0,1,0,352.076,314.225,13.328,0,0,0,3,7,R,"k@ster",168.4,95.017,0.646,0,36,W,Y,0,0,0,0,0,0,0,0,0,0,0,0,0,0,0,0,0.299,-37.657,0,"Pring__",0.035,-17.594,0,"Yaksok~",-19.07,-44.993,0,"muyang_",-14.715,-64.356,0,"TaeGeuk_",20.175,-46.457,0,"si_ho",11.814,-59.015,0,"Azuner",33.972,-92.638,0,"うよすま",-4.022,-113.437,0,"ByeolBam",-45.567,-92.028,0,0,0,0,0,0,"",0,0,0,0,454.602,454.151,,,0,0
9,1,1,1,0,1,1,1,0,1,0,255,2,255,8,473.72,"Pugeuk",R,27,87,140,1.577,0.577,0.613,1.592,0.776,1.809,-36.694,23.284,49,51,0,2,0,-78.713,-117.558,6.546,0,0,1,3,7,R,"k@ster",168.4,95.017,0.646,3,36,W,Y,474.61,139,77,67,47,24,137,77,48.353,20.18,-0.87,0,0.159,-272.432,-406.21,328.09,0.421,-37.195,0,"Pring__",0.018,-17.602,0,"Yaksok~",-19.144,-48.601,0,"muyang_",-14.472,-64.256,99,"TaeGeuk_",23.403,-45.416,0,"si_ho",12.346,-57.741,0,"Azuner",34.045,-92.534,0,"うよすま",-4.583,-113.482,0,"ByeolBam",-45.194,-91.845,0,478.522,-13.923,-69.24,478.695,3,"muyang_",-13.554,-66.957,0,4,502.628,482.158,,,262,1
10,1,0,1,0,0,0,0,0,0,0,255,255,255,0,607.222,"coder_",R,26,78,128,-2.55,0.597,-0.041,1.578,-1.122,1.75,-36.517,3.415,48,52,0,2,0,9.327,-195.673,21.779,0,0,1,0,9,L,"HOGGYS 호기스",175.2,90,0.45,3,35,W,Y,608.237,73,10,0,4,0,2,41,14.584,-45.682,-0.4,0,0.267,-515.386,-194.921,147.918,-0.321,-37.331,0,"ke ro",-0.215,-17.286,0,"펜케이크",-22.616,-48.22,84,"하루（Haru）",-10.343,-62.971,0,"_Gosomi",22.422,-50.704,107,"CoalCat",12.822,-61.212,0,"Ѕeyeon",47.455,-93.1,0,"k@ster",-0.087,-107.829,0,"Yes_Man_",-29.467,-100.675,0,608.668,8.741,-27.725,610.828,4,"_Gosomi",18.306,-38.773,1,0,,,,,324,2
11,1,0,1,0,0,0,0,1,0,0,19,255,255,1,632.742,"coder_",R,10,55,102,-1.14,-2.245,0.292,1.553,-0.428,0.836,-36.517,6.606,45,55,0,1,0,-44.535,400,15.832,-0.242,-19.539,0,1,5,R,"si_ho",176.1,87.779,0.35,0,35,W,Y,0,0,0,0,0,0,0,0,0,0,0,0,0,0,0,0,-0.292,-38.247,0,"ke ro",-0.019,-17.466,0,"펜케이크",-20.876,-46.137,0,"하루（Haru）",-13.007,-61.493,0,"_Gosomi",20.187,-50.015,0,"CoalCat",7.505,-61.102,0,"Ѕeyeon",41.658,-101.469,0,"k@ster",-1.016,-114.108,0,"Yes_Man_",-40.451,-95.801,0,0,0,0,0,0,"",0,0,0,0,633.468,,,,0,0
12,1,0,1,0,1,0,0,1,0,0,19,255,255,2,642.903,"coder_",R,26,78,129,1.493,0.897,0.315,1.641,0.535,1.971,-36.517,17.249,55,45,0,2,0,71.195,-152.896,1.899,0,0,1,1,5,R,"si_ho",176.1,87.779,0.35,3,35,W,Y,644.051,255,133,128,108,48,145,89,15.496,28.592,-0.66,0,0.795,180.038,-345.319,-31.417,-0.083,-37.82,0,"ke ro",-0.019,-17.575,0,"펜케이크",-20.585,-46.413,52,"하루（Haru）",-14.521,-61.56,95,"_Gosomi",20.453,-51.832,0,"CoalCat",7.635,-61.059,0,"Ѕeyeon",41.351,-101.621,0,"k@ster",-1.021,-114.198,0,"Yes_Man_",-38.984,-93.038,0,0,0,0,645.962,3,"하루（Haru）",-19.991,-60.911,0,1,,,,,261,1
13,1,0,1,0,0,0,2,0,0,0,255,255,255,3,668.289,"coder_",R,10,45,82,-0.858,0.289,0.326,2.315,0.11,3.002,-36.517,38.519,100,0,0,2,0,0,400,11.86,0,0,0,2,2,R,"Yaksok~",173.3,80,0.332,3,34,W,Y,669.522,150,96,76,63,29,141,126,-30,-12.727,0.38,0,0.207,-101.197,568.312,-163.649,-0.284,-36.887,0,"ke ro",-0.036,-16.56,0,"펜케이크",-23.053,-47.809,0,"하루（Haru）",-16.926,-62.595,0,"_Gosomi",22.69,-53.555,0,"CoalCat",9.578,-63.425,99,"Ѕeyeon",40.165,-102.687,0,"k@ster",-0.603,-112.373,0,"Yes_Man_",-41.543,-95.232,0,668.668,0.506,-22.197,670.548,5,"CoalCat",8.48,-58.84,0,0,,,,,20,2
14,2,1,1,0,0,0,0,0,0,0,255,255,255,9,701.527,"Pugeuk",R,27,85,138,1.528,-1.71,0.531,1.377,0.746,0.491,-36.694,27.94,36,64,0,1,0,-79.713,-149.492,11.833,0.205,-16.785,0,4,5,R,"CoalCat",170.1,82.838,0.435,0,34,W,Y,0,0,0,0,0,0,0,0,0,0,0,0,0,0,0,0,0.354,-37.349,0,"Pring__",0.006,-17.646,0,"Yaksok~",-19.099,-49.837,0,"muyang_",-13.174,-64.493,0,"TaeGeuk_",19.192,-45.201,0,"si_ho",13.74,-63.517,0,"Azuner",33.327,-93.428,0,"うよすま",-2.275,-111.771,0,"ByeolBam",-43.458,-90.477,0,0,0,0,0,0,"",0,0,0,0,702.122,,,,0,0
15,2,1,1,0,1,0,0,0,0,0,255,255,255,10,722.735,"Pugeuk",R,13,63,93,-0.136,-0.32,0.668,1.702,0.689,2.021,-36.694,33.554,59,41,0,0,0,-330.095,312.348,8.26,0,0,1,4,5,R,"CoalCat",170.1,82.838,0.435,0,34,W,Y,0,0,0,0,0,0,0,0,0,0,0,0,0,0,0,0,-0.114,-37.71,0,"Pring__",0.001,-17.663,0,"Yaksok~",-20.9,-50.421,0,"muyang_",-14.577,-64.274,0,"TaeGeuk_",19.14,-44.938,0,"si_ho",12.78,-64.498,0,"Azuner",32.879,-92.836,0,"うよすま",-2.864,-110.387,0,"ByeolBam",-44.028,-90.68,0,0,0,0,0,0,"",0,0,0,0,723.482,,,,0,0
16,2,1,1,0,1,1,0,0,0,0,255,255,255,11,737.738,"Pugeuk",R,14,83,107,0.749,-0.506,0.31,1.613,-0.42,1.806,-36.694,12.971,53,47,0,2,0,379.786,312.348,17.959,0,0,1,4,5,R,"CoalCat",170.1,82.838,0.435,3,34,W,Y,739.214,217,74,88,65,65,145,85,-42.747,-1.289,-0.72,0,0.42,-23.917,-306.906,-105.916,0.363,-37.317,113,"Pring__",-0.059,-17.757,0,"Yaksok~",-20.772,-50.279,88,"muyang_",-13.757,-63.889,0,"TaeGeuk_",19.647,-44.576,0,"si_ho",12.758,-64.477,0,"Azuner",33.495,-92.733,0,"うよすま",-3.145,-109.998,0,"ByeolBam",-43.914,-90.494,0,738.348,0.154,-21.268,739.722,0,"Pugeuk",0.531,-36.441,0,0,,,,,4,2
17,2,1,1,0,0,0,1,0,0,0,255,255,255,12,759.725,"Pugeuk",R,29,91,140,-0.051,0.801,0.48,1.64,0.162,1.979,-36.694,21.315,52,48,0,2,0,-165.569,-77.644,7.826,0,0,1,5,6,R,"Ѕeyeon",170.5,82,0.35,3,34,W,Y,760.701,198,54,76,43,24,139,93,51.488,32.788,-0.14,0,0.547,349.827,366.312,-176.745,0.297,-37.052,0,"Pring__",-0.033,-17.72,0,"Yaksok~",-20.339,-50.508,0,"muyang_",-13.628,-64.343,0,"TaeGeuk_",20.856,-48.861,0,"si_ho",11.635,-62.929,0,"Azuner",32.993,-90.99,0,"うよすま",-4.04,-108.197,0,"ByeolBam",-44.214,-91.376,113,765.601,-40.894,-71.794,765.802,8,"ByeolBam",-39.894,-70.697,0,0,,,,,64,1
18,2,1,1,0,0,0,2,0,0,0,255,255,255,13,786.333,"Pugeuk",R,29,92,140,-1.557,-0.08,0.339,1.488,-0.495,1.437,-36.694,19.977,54,46,0,4,0,-162.351,-130.338,19.448,0,0,1,6,4,R,"_Gosomi",175.2,85.099,0.49,0,34,W,Y,0,0,0,0,0,0,0,0,0,0,0,0,0,0,0,0,-0.228,-37.715,0,"Pring__",-0.01,-17.657,0,"Yaksok~",-20.814,-51.443,0,"muyang_",-15.491,-65.23,0,"TaeGeuk_",21.173,-48.048,0,"si_ho",12.417,-63.369,0,"Azuner",32.826,-92.238,0,"うよすま",-8.456,-118.943,0,"ByeolBam",-45.873,-90.777,0,0,0,0,0,0,"",0,0,0,0,786.882,,,,0,0
19,2,1,1,0,0,1,2,0,0,0,255,255,255,14,805.706,"Pugeuk",R,10,85,127,-0.416,-0.245,0.412,1.627,-0.155,1.923,-36.694,25.757,36,64,0,2,0,-24.717,400,28.882,0,0,1,6,4,R,"_Gosomi",175.2,85.099,0.49,3,34,W,Y,806.815,164,59,90,95,70,145,109,-30,29.352,0.91,0,0.383,-110.777,21.202,12.481,0.065,-37.321,0,"Pring__",-0.049,-17.762,0,"Yaksok~",-20.694,-51.354,0,"muyang_",-14.828,-64.251,0,"TaeGeuk_",22.476,-49.326,0,"si_ho",11.68,-63.812,0,"Azuner",33.587,-92.466,0,"うよすま",-7.618,-114.906,0,"ByeolBam",-46.271,-92.349,0,805.962,-0.864,-20.146,807.775,2,"Yaksok~",-15.515,-45.159,0,0,,,,,260,2
20,2,0,1,0,0,0,0,0,0,0,255,255,255,4,840.612,"coder_",R,10,53,88,-1.103,0.114,0.094,2.205,-0.308,2.519,-36.517,30.266,100,0,0,2,0,0,400,10.138,0,0,1,3,1,L,"Pring__",190,93.089,0.485,3,73,W,Y,841.836,218,141,87,120,77,145,130,113.97,24.718,0.58,0,0.464,401.232,-119.219,22.097,0.378,-37.338,0,"ke ro",-0.075,-17.311,0,"펜케이크",-22.419,-47.556,0,"하루（Haru）",-8.085,-66.455,0,"_Gosomi",23.58,-54.486,0,"CoalCat",12.521,-63.587,0,"Ѕeyeon",46.192,-94.911,0,"k@ster",1.003,-121.743,0,"Yes_Man_",-39.219,-102.361,0,0,0,0,0,0,"",0,0,0,0,,,,,256,3
21,2,0,1,0,0,1,0,0,0,0,255,255,255,5,856.685,"coder_",R,10,74,115,-0.484,-1.437,0.09,1.605,-0.213,1.194,-36.517,24.067,58,42,0,2,0,0,400,2.413,0,0,1,3,1,L,"Pring__",190,93.089,0.485,3,73,W,Y,857.673,255,150,90,114,58,145,130,27.452,-10.563,0.59,0,0.547,-27.595,-440.624,-114.173,0.008,-37.717,0,"ke ro",-0.007,-17.095,0,"펜케이크",-22.003,-47.43,0,"하루（Haru）",-10.921,-64.869,63,"_Gosomi",23.859,-52.742,0,"CoalCat",13.503,-62.91,0,"Ѕeyeon",47.335,-93.378,90,"k@ster",0.761,-121.424,0,"Yes_Man_",-42.433,-97.579,0,861.802,32.92,-127.851,864.188,7,"k@ster",32.257,-120.527,1,0,,867.96,,,289,2
22,2,0,1,0,0,0,0,0,1,0,255,11,255,6,889.559,"coder_",R,26,74,126,1.769,0.998,0.361,1.673,0.712,1.95,-36.517,12.703,99,1,0,2,0,36.525,-199.753,10.427,0,0,0,4,3,R,"muyang_",171,80,0.496,3,34,W,Y,890.649,255,35,49,43,27,135,78,49.997,-28.604,-0.79,0,0.138,518.753,-70.456,-284.532,-0.267,-37.367,120,"ke ro",-0.079,-17.103,0,"펜케이크",-22.811,-47.977,87,"하루（Haru）",-13.137,-63.727,74,"_Gosomi",20.152,-47.102,0,"CoalCat",5.842,-60.274,0,"Ѕeyeon",38.485,-102.475,108,"k@ster",-1.135,-115.581,0,"Yes_Man_",-44.523,-100.198,0,894.922,28.763,-64.094,897.762,6,"Ѕeyeon",37.036,-67.572,1,8,,904.241,900.978,,293,2
23,2,0,1,0,0,0,1,0,1,0,255,13,255,7,927.705,"coder_",R,3,60,103,-1.428,-0.03,0.557,1.686,0.123,1.604,-36.517,32.578,0,100,0,2,0,-447.633,0,4.687,0,0,0,5,4,R,"TaeGeuk_",176.6,88.966,0.627,3,34,W,Y,928.665,126,157,121,132,86,139,106,-30,24.29,0.91,0,0.25,-356.179,-69.946,-273.838,-0.396,-37.417,0,"ke ro",-0.138,-17.589,0,"펜케이크",-22.592,-47.648,85,"하루（Haru）",-15.482,-61.737,91,"_Gosomi",21.358,-48.039,0,"CoalCat",8.37,-61.365,71,"Ѕeyeon",40.778,-100.994,0,"k@ster",-1.177,-110.314,0,"Yes_Man_",-49.787,-109.127,0,927.788,-0.977,-22.005,930.082,3,"하루（Haru）",-10.163,-56.163,0,0,,935.35,,,277,2
24,2,0,1,0,0,0,2,0,1,0,255,13,255,8,983.908,"coder_",R,10,48,97,0.762,0.405,0.314,2.133,0.323,2.408,-36.517,28.529,100,0,0,2,0,0,400,17.843,0,0,1,6,8,R,"ByeolBam",175,90,0.5,3,34,W,Y,985.036,205,95,122,63,38,145,103,17.664,-1.92,0.04,0,0.278,-71.281,380.639,7.663,0.473,-37.242,0,"ke ro",-0.129,-18.004,0,"펜케이크",-23.256,-48.049,0,"하루（Haru）",-14.413,-61.492,0,"_Gosomi",19.54,-43.406,0,"CoalCat",5.501,-60.668,67,"Ѕeyeon",40.537,-102.544,0,"k@ster",-0.211,-113.969,105,"Yes_Man_",-52.543,-107.999,0,987.802,-3.119,-97.566,988.388,7,"k@ster",-3.231,-98.519,1,0,,,987.369,992.038,280,2
25,2,0,1,1,0,0,2,1,0,0,18,255,255,9,1017.759,"coder_",R,26,81,131,-1.666,0.3,0.027,1.533,-0.804,1.594,-36.517,9.69,50,50,0,1,0,61.199,-200,13.799,0,0,0,7,6,L,"Azuner",180.5,80,0.302,0,34,W,Y,0,0,0,0,0,0,0,0,0,0,0,0,0,0,0,0,-0.174,-37.195,0,"ke ro",-0.063,-17.302,0,"펜케이크",-19.735,-45.245,0,"하루（Haru）",-8.162,-61.108,0,"_Gosomi",22.241,-47.998,0,"CoalCat",13.026,-62.235,0,"Ѕeyeon",49.892,-93.601,0,"k@ster",5.484,-118.133,0,"Yes_Man_",-38.606,-93.045,0,0,0,0,0,0,"",0,0,0,0,1018.335,,,,0,0
26,2,0,1,1,1,0,2,1,0,0,18,255,255,10,1028.658,"coder_",R,26,84,137,-0.513,-0.359,0.131,1.42,-0.322,1.212,-36.517,10.24,55,45,0,0,0,68.809,-200,14.938,0,0,0,7,6,L,"Azuner",180.5,80,0.302,0,34,W,Y,0,0,0,0,0,0,0,0,0,0,0,0,0,0,0,0,-0.585,-37.444,0,"ke ro",-0.058,-17.364,0,"펜케이크",-20.021,-44.985,0,"하루（Haru）",-5.808,-61.974,0,"_Gosomi",22.4,-47.351,0,"CoalCat",12.985,-62.28,0,"Ѕeyeon",49.172,-93.9,0,"k@ster",4.905,-117.065,0,"Yes_Man_",-38.083,-93.937,0,0,0,0,0,0,"",0,0,0,0,1029.282,,,,0,0
27,2,0,1,1,1,1,2,1,0,0,18,255,255,11,1050.205,"coder_",R,38,17,82,-2.197,-0.883,0.031,1.473,-0.927,1.112,-36.517,11.942,23,77,0,1,0,-12.26,-1.923,-2.217,0,0,0,7,6,L,"Azuner",180.5,80,0.302,0,34,W,Y,0,0,0,0,0,0,0,0,0,0,0,0,0,0,0,0,-0.026,-38.268,0,"ke ro",0.069,-17.354,0,"펜케이크",-20.089,-45.807,0,"하루（Haru）",-5.688,-62.676,0,"_Gosomi",22.446,-49.914,0,"CoalCat",12.941,-62.268,0,"Ѕeyeon",48.837,-94.341,0,"k@ster",4.837,-117.071,0,"Yes_Man_",-38.163,-93.957,0,0,0,0,0,0,"",0,0,0,0,1051.175,,,,0,0
28,2,0,1,1,2,1,2,1,0,0,18,255,255,12,1063.535,"coder_",R,10,29,78,-2.46,2.111,0.063,2.496,-1.065,3.456,-36.517,49.514,100,0,0,1,0,-2.946,288.293,2.201,0,0,0,7,6,L,"Azuner",180.5,80,0.302,0,34,W,Y,0,0,0,0,0,0,0,0,0,0,0,0,0,0,0,0,0.271,-37.352,0,"ke ro",0.437,-19.974,0,"펜케이크",-19.876,-44.066,0,"하루（Haru）",-11.064,-61.799,0,"_Gosomi",22.595,-49.994,0,"CoalCat",13.024,-62.273,0,"Ѕeyeon",48.828,-94.333,0,"k@ster",4.825,-117.286,0,"Yes_Man_",-38.057,-94.071,0,0,0,0,0,0,"",0,0,0,0,1064.482,,,,0,0
29,2,0,1,1,3,1,2,1,0,0,18,255,255,13,1080.404,"coder_",R,26,79,129,-1.465,-0.629,0.127,1.576,-0.34,1.741,-36.517,10.342,70,30,0,2,0,27.653,-177.298,11.792,0,0,1,7,6,L,"Azuner",180.5,80,0.302,3,34,W,Y,1081.562,207,114,97,82,41,145,86,32.52,13.305,-0.85,0,0.363,519.467,-241.961,-106.049,-0.519,-37.813,0,"ke ro",-0.026,-17.13,120,"펜케이크",-20.646,-45.892,92,"하루（Haru）",-9.601,-61.988,0,"_Gosomi",22.748,-50.232,96,"CoalCat",13.071,-62.233,103,"Ѕeyeon",49.359,-93.911,0,"k@ster",4.821,-117.274,95,"Yes_Man_",-38.14,-94.043,0,1085.655,-12.875,-89.314,1087.148,7,"k@ster",-14.212,-99.137,1,64,1096.442,1086.306,1091.486,1103.423,350,2
30,3,1,1,1,0,0,0,0,0,0,255,255,255,15,1149.018,"Pugeuk",R,29,86,139,12.164,-1.057,0.472,1.623,0.123,1.208,-36.694,27.831,53,47,0,2,0,-250,-134.755,16.784,0,0,1,7,8,R,"Yes_Man_",174.8,84.826,0.502,3,34,W,Y,1150.094,203,79,104,73,31,145,126,25.016,14.941,0.38,0,0.373,223.941,361.839,-321.839,0.165,-37.185,0,"Pring__",0.017,-17.596,0,"Yaksok~",-20.517,-50.571,0,"muyang_",-14.198,-63.337,0,"TaeGeuk_",21.171,-47.38,0,"si_ho",13.841,-65.145,80,"Azuner",34.111,-94.942,0,"うよすま",-2.247,-115.119,100,"ByeolBam",-42.742,-91.964,0,1154.508,-35.274,-124.583,1155.881,7,"うよすま",-32.14,-119.393,1,0,,1160.705,,,258,2
31,3,1,1,1,0,0,0,0,1,0,255,8,255,16,1178.716,"Pugeuk",R,13,80,117,0.811,-0.296,0.656,1.802,0.977,1.822,-36.694,36.911,54,46,0,2,0,-373.391,332.535,7.722,0,0,1,8,0,R,"coder_",190,104.616,0.283,3,34,W,Y,1179.878,10,2,5,0,18,3,38,-25.178,45.705,0.93,1,0.958,-102.618,-585.051,-84.765,-0.345,-37.384,0,"Pring__",-0.001,-17.829,0,"Yaksok~",-18.33,-47.175,86,"muyang_",-16.871,-62.574,0,"TaeGeuk_",21.7,-46.942,0,"si_ho",4.819,-60.341,0,"Azuner",33.806,-95.649,0,"うよすま",-4.5,-121.037,0,"ByeolBam",-45.952,-98.061,0,1179.188,-1.295,-20.778,1182.548,2,"Yaksok~",-14.079,-34.598,0,256,,,1183.996,,4,2
32,3,1,1,1,0,0,1,0,0,1,255,255,8,17,1206.69,"Pugeuk",R,26,80,130,1.12,1.292,0.594,1.856,0.688,2.061,-36.694,29.174,82,15,2,4,0,-145.119,-185.847,8.362,0,0,1,0,3,L,"하루（Haru）",160,90.172,0.403,0,34,W,Y,0,0,0,0,0,0,0,0,0,0,0,0,0,0,0,0,0.565,-37.474,0,"Pring__",0.027,-17.978,0,"Yaksok~",-15.953,-42.446,0,"muyang_",-9.86,-56.767,0,"TaeGeuk_",19.793,-42.894,0,"si_ho",10.359,-52.161,0,"Azuner",41.499,-89.18,0,"うよすま",3.466,-104.762,0,"ByeolBam",-39.116,-102.225,0,0,0,0,0,0,"",0,0,0,0,1207.308,,1210.399,,0,0
33,3,1,1,1,0,1,1,0,0,1,255,255,8,18,1228.678,"Pugeuk",R,29,81,132,-0.632,-0.372,0.463,1.625,0.08,1.172,-36.694,34.742,54,46,0,0,0,-250,-200,15.706,0,0,1,0,3,L,"하루（Haru）",160,90.172,0.403,0,34,W,Y,0,0,0,0,0,0,0,0,0,0,0,0,0,0,0,0,0.153,-37.633,0,"Pring__",-0.031,-18.295,0,"Yaksok~",-10.105,-35.195,0,"muyang_",-13.828,-54.267,0,"TaeGeuk_",19.52,-43.743,0,"si_ho",7.695,-43.648,0,"Azuner",40.752,-88.43,0,"うよすま",3.862,-103.303,0,"ByeolBam",-33.424,-76.124,0,0,0,0,0,0,"",0,0,0,0,1229.202,,1231.983,,0,0
34,3,1,1,1,0,2,1,0,0,1,255,255,8,19,1249.947,"Pugeuk",R,14,80,105,2.956,-1.742,0.623,1.586,0.55,1.232,-36.694,26.302,57,43,0,2,0,361.264,326.746,10.642,0,0,1,0,3,L,"하루（Haru）",160,90.172,0.403,3,33,W,Y,1251.177,255,128,77,109,54,145,87,-30,-8.913,0.95,0,0.191,381.158,76.485,-207.917,0.454,-37.649,108,"Pring__",0.032,-17.755,120,"Yaksok~",-16.129,-44.953,87,"muyang_",-13.093,-58.335,0,"TaeGeuk_",20.692,-43.432,0,"si_ho",11.813,-54.706,108,"Azuner",41.316,-88.312,0,"うよすま",3.988,-103.973,0,"ByeolBam",-39.533,-90.84,0,1250.335,0.634,-20.828,1252.522,5,"si_ho",5.698,-52.531,1,128,1254.708,,,1256.62,14,2
35,3,1,1,1,0,0,2,1,0,0,3,255,255,20,1290.007,"Pugeuk",R,26,87,140,1.771,-0.312,0.585,1.556,0.989,1.24,-36.694,27.75,47,53,0,1,0,-173.258,-200,21.313,0,0,0,1,1,R,"ke ro",190,80,0.398,0,33,W,Y,0,0,0,0,0,0,0,0,0,0,0,0,0,0,0,0,2.485,-37.216,0,"Pring__",0.178,-18.035,0,"Yaksok~",-18.993,-44.416,0,"muyang_",-1.929,-60.641,0,"TaeGeuk_",21.261,-44.458,0,"si_ho",1.925,-59.991,0,"Azuner",34.235,-95.731,0,"うよすま",-3.209,-110.201,0,"ByeolBam",-43.155,-91.244,0,0,0,0,0,0,"",0,0,0,0,1290.428,1292.486,,,0,0
36,3,1,1,1,1,0,2,0,1,0,255,3,255,21,1317.806,"Pugeuk",R,3,64,94,1.472,1.661,0.892,2.028,1.467,2.673,-36.694,66.44,76,18,6,1,0,-427.273,0,98.612,0,0,0,1,1,R,"ke ro",190,80,0.398,0,33,W,Y,0,0,0,0,0,0,0,0,0,0,0,0,0,0,0,0,0.32,-37.674,0,"Pring__",-0.046,-17.554,0,"Yaksok~",-21.837,-51.397,0,"muyang_",-18.058,-62.784,0,"TaeGeuk_",20.508,-46.708,0,"si_ho",2.204,-60.55,0,"Azuner",34.378,-95.821,0,"うよすま",-4.747,-118.179,0,"ByeolBam",-44.605,-95.569,0,0,0,0,0,0,"",0,0,0,0,1318.415,1320.518,,,0,0
37,3,1,1,1,2,0,2,0,1,0,255,3,255,22,1331.866,"Pugeuk",R,3,64,94,1.758,1.12,0.941,1.953,1.59,2.334,-36.694,67.466,75,22,4,1,0,-427.273,0,95.361,0,0,0,1,1,R,"ke ro",190,80,0.398,0,33,W,Y,0,0,0,0,0,0,0,0,0,0,0,0,0,0,0,0,0.19,-37.449,0,"Pring__",-0.047,-17.577,0,"Yaksok~",-21.829,-51.387,0,"muyang_",-16.845,-62.938,0,"TaeGeuk_",21.507,-44.598,0,"si_ho",1.939,-60.808,0,"Azuner",34.301,-96.047,0,"うよすま",-5.775,-118.806,0,"ByeolBam",-45.566,-94.002,0,0,0,0,0,0,"",0,0,0,0,1332.508,1334.205,,,0,0
38,3,1,1,1,3,0,2,0,1,0,255,3,255,23,1346.429,"Pugeuk",R,26,87,140,0.851,-0.06,0.568,1.67,0.571,1.395,-36.694,25.037,61,39,0,2,0,-158.584,-200,18.58,0,0,1,1,1,R,"ke ro",190,80,0.398,3,33,W,Y,1347.443,189,101,90,39,6,143,91,7.91,-4.16,-0.75,0,0.617,33.03,530.712,-146.293,0.395,-37.3,96,"Pring__",-0.058,-17.657,0,"Yaksok~",-21.793,-51.444,0,"muyang_",-16.745,-62.316,0,"TaeGeuk_",19.622,-47.205,0,"si_ho",2.865,-60.135,0,"Azuner",34.139,-95.984,0,"うよすま",-4.475,-119.29,0,"ByeolBam",-45.574,-93.979,0,0,0,0,1347.668,6,"Azuner",0.528,-39.333,0,0,,,,,258,1
39,3,0,1,1,0,0,0,0,0,0,255,255,255,14,1388.599,"coder_",R,10,47,84,0.915,1.172,0.393,2.356,0.387,2.954,-36.517,49.348,100,0,0,2,0,0,400,-1.041,0,0,0,8,7,R,"うよすま",160,85.385,0.453,3,33,W,Y,1389.911,200,59,53,35,12,134,83,-1.972,35.611,-0.31,0,0.218,68.084,566.742,-184.846,-0.199,-36.984,0,"ke ro",-0.04,-17.417,0,"펜케이크",-23.554,-48.614,85,"하루（Haru）",-14.966,-62.451,0,"_Gosomi",19.639,-49.273,83,"CoalCat",8.898,-63.256,0,"Ѕeyeon",38.76,-97.104,0,"k@ster",-0.217,-114.626,0,"Yes_Man_",-44.967,-100.2,0,1389.508,-7.323,-29.246,1391.028,2,"펜케이크",-17.897,-44.03,0,0,,,,,324,2
40,3,0,1,1,0,0,1,0,0,0,255,255,255,15,1417.397,"coder_",R,10,39,80,-1.565,0.95,0.083,2.469,-0.683,2.97,-36.517,41.876,100,0,0,1,0,0,400,8.768,0,0,0,0,9,L,"HOGGYS 호기스",175.2,90,0.45,0,33,W,Y,0,0,0,0,0,0,0,0,0,0,0,0,0,0,0,0,-0.2,-37.374,0,"ke ro",-0.018,-17.275,0,"펜케이크",-21.652,-48.453,0,"하루（Haru）",-9.409,-62.883,0,"_Gosomi",18.21,-44.252,0,"CoalCat",12.374,-62.265,0,"Ѕeyeon",44.28,-92.641,0,"k@ster",1.583,-113.083,0,"Yes_Man_",-39.548,-94.617,0,0,0,0,0,0,"",0,0,0,0,1418.202,,,,0,0
41,3,0,1,1,1,0,1,0,0,0,255,255,255,16,1429.168,"coder_",R,10,35,78,-1.213,0.973,0.155,2.364,-0.532,3.01,-36.517,29.338,100,0,0,0,0,0,400,10.242,0,0,0,0,9,L,"HOGGYS 호기스",175.2,90,0.45,0,33,W,Y,0,0,0,0,0,0,0,0,0,0,0,0,0,0,0,0,-0.257,-37.489,0,"ke ro",-0.023,-17.289,0,"펜케이크",-21.637,-48.422,0,"하루（Haru）",-11.824,-62.101,0,"_Gosomi",19.027,-45.262,0,"CoalCat",12.334,-62.291,0,"Ѕeyeon",44.305,-92.699,0,"k@ster",1.585,-113.092,0,"Yes_Man_",-39.659,-94.596,0,0,0,0,0,0,"",0,0,0,0,1430.055,,,,0,0
42,3,0,1,1,1,1,1,0,0,0,255,255,255,17,1440.504,"coder_",R,10,43,81,-0.822,0.896,0.268,2.41,-0.365,2.932,-36.517,38.743,100,0,0,0,0,0,400,5.555,0,0,0,0,9,L,"HOGGYS 호기스",175.2,90,0.45,0,33,W,Y,0,0,0,0,0,0,0,0,0,0,0,0,0,0,0,0,-0.335,-37.608,0,"ke ro",0.003,-17.281,0,"펜케이크",-21.671,-48.476,0,"하루（Haru）",-11.484,-62.053,0,"_Gosomi",19.242,-45.579,0,"CoalCat",12.384,-62.281,0,"Ѕeyeon",44.31,-92.702,0,"k@ster",-0.074,-107.937,0,"Yes_Man_",-39.563,-94.713,0,0,0,0,0,0,"",0,0,0,0,1441.268,,,,0,0
43,3,0,1,1,1,2,1,0,0,0,255,255,255,18,1454.213,"coder_",R,26,80,130,-1.144,-0.273,0.053,1.434,-0.685,1.247,-36.517,14.267,46,54,0,0,0,126.663,-200,22.84,0,0,0,0,9,L,"HOGGYS 호기스",175.2,90,0.45,0,33,W,Y,0,0,0,0,0,0,0,0,0,0,0,0,0,0,0,0,-0.402,-38.178,0,"ke ro",-0.094,-17.306,0,"펜케이크",-21.642,-48.491,0,"하루（Haru）",-9.548,-62.56,0,"_Gosomi",19.264,-45.612,0,"CoalCat",12.393,-62.287,0,"Ѕeyeon",44.628,-92.432,0,"k@ster",-0.084,-107.934,0,"Yes_Man_",-39.568,-94.719,0,0,0,0,0,0,"",0,0,0,0,1454.735,,,,0,0
44,3,0,1,1,0,0,2,0,0,0,255,255,255,19,1476.462,"coder_",R,10,42,81,-1.106,1.519,0.417,2.374,0.607,2.784,-36.517,37.025,100,0,0,2,0,0,400,23.578,0,0,1,1,5,R,"si_ho",176.1,87.779,0.35,3,33,W,Y,1478.01,252,139,118,98,48,145,117,27.277,36.405,0.2,0,0.731,37.857,86.248,543.375,-0.222,-37.402,0,"ke ro",0.025,-17.299,0,"펜케이크",-22.97,-47.298,0,"하루（Haru）",-14.864,-64.076,0,"_Gosomi",19.412,-49.167,0,"CoalCat",10.047,-64.399,0,"Ѕeyeon",40.751,-100.257,0,"k@ster",-0.085,-107.925,0,"Yes_Man_",-44.486,-98.086,0,1481.468,-61.503,-97.567,1481.682,8,"Yes_Man_",-59.084,-94.541,0,0,,,,,128,1
45,4,1,1,1,0,0,0,0,0,0,255,255,255,24,1520.26,"Pugeuk",R,14,92,126,2.127,-1.966,0.41,1.316,0.326,0.74,-36.694,35.945,42,58,0,1,0,375.141,330.559,16.741,0.447,-18.763,0,2,2,L,"펜케이크",190,95.133,0.447,0,33,W,Y,0,0,0,0,0,0,0,0,0,0,0,0,0,0,0,0,0.48,-37.384,0,"Pring__",-0.039,-17.574,0,"Yaksok~",-20.771,-49.865,0,"muyang_",-15.37,-63.809,0,"TaeGeuk_",23.138,-50.097,0,"si_ho",14.521,-63.642,0,"Azuner",47.962,-101.008,0,"うよすま",7.752,-120.191,0,"ByeolBam",-42.34,-100.044,0,0,0,0,0,0,"",0,0,0,0,1520.855,,,,0,0
46,4,1,1,1,1,0,0,0,0,0,255,255,255,25,1534.543,"Pugeuk",R,10,82,109,1.844,-1.285,0.698,1.606,0.783,1.343,-36.694,24.741,37,63,0,4,0,0,400,4.836,0,0,1,2,2,L,"펜케이크",190,95.133,0.447,0,33,W,Y,0,0,0,0,0,0,0,0,0,0,0,0,0,0,0,0,0.042,-37.798,0,"Pring__",0.002,-17.55,0,"Yaksok~",-20.731,-49.917,0,"muyang_",-15.006,-63.564,0,"TaeGeuk_",22.193,-49.571,0,"si_ho",14.402,-63.69,0,"Azuner",47.951,-100.917,0,"うよすま",8.566,-119.949,0,"ByeolBam",-45.485,-97.263,0,0,0,0,0,0,"",0,0,0,0,1535.188,,,,0,0
47,4,1,1,1,1,1,0,0,0,0,255,255,255,26,1549.119,"Pugeuk",R,13,63,93,-0.968,-0.451,0.551,1.649,0.328,1.868,-36.694,34.218,53,47,0,0,0,-329.212,313.648,-2.853,0,0,1,2,2,L,"펜케이크",190,95.133,0.447,0,33,W,Y,0,0,0,0,0,0,0,0,0,0,0,0,0,0,0,0,0.326,-37.322,0,"Pring__",-0.033,-17.535,0,"Yaksok~",-20.425,-49.37,0,"muyang_",-15.249,-63.303,0,"TaeGeuk_",21.857,-48.946,0,"si_ho",14.504,-63.581,0,"Azuner",48.008,-100.938,0,"うよすま",7.459,-119.558,0,"ByeolBam",-45.491,-97.261,0,0,0,0,0,0,"",0,0,0,0,1549.868,,,,0,0
48,4,1,1,1,1,2,0,0,0,0,255,255,255,27,1562.351,"Pugeuk",R,10,69,99,-0.226,-0.814,0.41,1.78,-0.11,1.719,-36.694,15.172,90,10,0,0,0,0,400,14.406,0,0,1,2,2,L,"펜케이크",190,95.133,0.447,0,33,W,Y,0,0,0,0,0,0,0,0,0,0,0,0,0,0,0,0,0.358,-37.329,0,"Pring__",0.006,-17.528,0,"Yaksok~",-21.266,-47.12,0,"muyang_",-13.127,-65,0,"TaeGeuk_",22.825,-49.86,0,"si_ho",14.662,-63.743,0,"Azuner",47.733,-100.637,0,"うよすま",5.297,-118.57,0,"ByeolBam",-44.21,-97.365,0,0,0,0,0,0,"",0,0,0,0,1563.002,,,,0,0
49,4,1,1,1,0,0,1,0,0,0,255,255,255,28,1581.004,"Pugeuk",R,26,84,136,1.265,0.064,0.604,1.491,0.734,1.437,-36.694,26.795,41,59,0,0,0,-141.41,-200,16.412,0,0,0,3,7,R,"k@ster",168.4,95.017,0.646,0,33,W,Y,0,0,0,0,0,0,0,0,0,0,0,0,0,0,0,0,0.397,-37.259,0,"Pring__",-0.015,-17.548,0,"Yaksok~",-20.636,-49.618,0,"muyang_",-13.671,-64.695,0,"TaeGeuk_",22.985,-47.626,0,"si_ho",12.842,-61.142,0,"Azuner",32.655,-94.572,0,"うよすま",-4.234,-106.443,0,"ByeolBam",-42.354,-91.703,0,0,0,0,0,0,"",0,0,0,0,1581.255,,,,0,0
50,4,1,1,1,0,1,1,0,0,0,255,255,255,29,1592.752,"Pugeuk",R,11,75,108,0.38,-0.214,0.494,1.618,0.151,1.82,-36.694,21.357,58,42,0,2,0,0,214.058,-4.362,0,0,1,3,7,R,"k@ster",168.4,95.017,0.646,3,33,W,Y,1593.791,164,80,55,77,47,136,94,27.515,-5.807,0.05,0,0.211,347.767,196.269,210.286,0.036,-37.068,0,"Pring__",-0.035,-17.633,0,"Yaksok~",-20.454,-49.433,0,"muyang_",-15.164,-63.093,71,"TaeGeuk_",23.014,-47.648,0,"si_ho",12.695,-61.08,0,"Azuner",32.646,-94.533,0,"うよすま",-4.812,-109.348,0,"ByeolBam",-43.284,-93.441,0,0,0,0,1597.855,7,"うよすま",4.238,-97.895,0,0,,,,,272,1
51,4,1,1,1,0,0,2,0,0,0,255,255,255,30,1616.603,"Pugeuk",R,26,91,140,-84.124,-1.091,0.563,1.513,0.545,1.52,-36.694,23.487,47,53,0,2,0,-10.217,-171.313,11.111,0,0,0,4,5,R,"CoalCat",170.1,82.838,0.435,3,33,W,Y,1617.67,242,54,60,37,0,136,78,-22.92,25.661,-0.85,0,0.376,111.968,476.679,-325.821,0.411,-37.203,0,"Pring__",-0.025,-17.634,0,"Yaksok~",-21.092,-49.59,0,"muyang_",-16.332,-61.837,0,"TaeGeuk_",21.603,-49.804,0,"si_ho",12.141,-62.932,0,"Azuner",33.051,-94.088,0,"うよすま",-5.536,-113.32,0,"ByeolBam",-43.766,-92.002,0,1616.815,-0.771,-21.466,1618.881,2,"Yaksok~",-13.359,-48.232,0,0,,,,,4,2
52,4,0,1,1,0,0,0,0,0,0,255,255,255,20,1671.938,"coder_",R,10,60,106,-2.169,-1.979,0.085,1.67,-0.946,1.07,-36.517,12.989,48,52,0,1,0,0,400,18.878,0,0,0,2,2,R,"Yaksok~",173.3,80,0.332,0,33,W,Y,0,0,0,0,0,0,0,0,0,0,0,0,0,0,0,0,-0.306,-37.292,0,"ke ro",-0.055,-17.598,0,"펜케이크",-23.219,-48.464,0,"하루（Haru）",-16.071,-63.414,0,"_Gosomi",22.085,-53.017,0,"CoalCat",9.225,-64.331,0,"Ѕeyeon",39.075,-96.826,0,"k@ster",-0.122,-107.471,0,"Yes_Man_",-45.09,-96.643,0,0,0,0,0,0,"",0,0,0,0,1672.348,,,,0,0
53,4,0,1,1,1,0,0,0,0,0,255,255,255,21,1689.033,"coder_",R,13,62,92,-1.243,-1.711,0.479,1.798,-0.124,1.442,-36.517,12.272,54,46,0,2,0,-302.796,344.859,24.13,0,0,1,2,2,R,"Yaksok~",173.3,80,0.332,3,33,W,Y,1690.133,192,140,97,76,63,145,96,28.43,8.937,0.93,0,0.148,266.438,186.824,231.616,-0.213,-37.365,0,"ke ro",-0.122,-17.639,0,"펜케이크",-23.175,-48.495,0,"하루（Haru）",-16.074,-63.409,0,"_Gosomi",22.257,-52.637,0,"CoalCat",9.771,-63.8,70,"Ѕeyeon",39.384,-97.084,0,"k@ster",-0.133,-107.402,85,"Yes_Man_",-45.076,-96.634,0,1694.042,-17.43,-99.621,1694.255,7,"k@ster",-16.948,-97.603,0,0,,,,,24,1
54,4,0,1,1,0,0,1,0,0,0,255,255,255,22,1722.918,"coder_",R,3,51,86,-0.048,-0.03,0.798,1.89,0.767,1.915,-36.517,33.567,52,48,0,2,0,-329.508,172.755,10.576,0,0,1,3,1,L,"Pring__",190,93.089,0.485,3,71,W,Y,1724.007,221,144,55,106,76,137,130,-15.081,-30.221,0.63,0,0.752,-243.516,-396.692,-129.041,0.286,-37.032,0,"ke ro",-0.051,-17.365,0,"펜케이크",-21.738,-46.304,79,"하루（Haru）",-9.556,-66.37,0,"_Gosomi",22.419,-50.969,96,"CoalCat",12.935,-62.829,0,"Ѕeyeon",48.79,-93.795,0,"k@ster",1.791,-108.125,0,"Yes_Man_",-34.541,-114.979,0,1723.255,2.41,-25.223,1724.641,4,"_Gosomi",17.288,-50.078,0,0,,,,,68,2
55,4,0,1,1,0,0,2,0,0,0,255,255,255,23,1750.682,"coder_",R,26,65,118,0.587,-2.791,0.338,1.28,0.256,-1.289,-36.517,17.831,47,10,43,1,0,-8.051,-153.031,12.433,0.175,-25.046,0,4,3,R,"muyang_",171,80,0.496,0,32,W,Y,0,0,0,0,0,0,0,0,0,0,0,0,0,0,0,0,0.382,-37.321,0,"ke ro",0.008,-17.337,0,"펜케이크",-21.924,-46.314,0,"하루（Haru）",-15.168,-64.021,0,"_Gosomi",21.638,-53.053,0,"CoalCat",9.252,-64.802,0,"Ѕeyeon",37.959,-95.463,0,"k@ster",-0.305,-103.395,0,"Yes_Man_",-43.376,-95.266,0,0,0,0,0,0,"",0,0,0,0,1751.161,,,,0,0
56,4,0,1,1,1,0,2,0,0,0,255,255,255,24,1762.546,"coder_",R,26,75,126,1.187,-0.847,0.29,1.344,0.42,0.912,-36.517,6.667,50,50,0,2,0,59.988,-200,42.401,0,0,0,4,3,R,"muyang_",171,80,0.496,3,32,W,Y,1763.597,212,215,152,114,55,145,85,14.558,8.82,-0.77,0,0.239,371.554,-116.751,122.928,0.324,-36.969,0,"ke ro",-0.031,-17.359,0,"펜케이크",-21.753,-46.733,0,"하루（Haru）",-15.157,-64.024,89,"_Gosomi",19.123,-49.235,0,"CoalCat",9.097,-64.111,0,"Ѕeyeon",37.927,-95.019,0,"k@ster",-0.34,-103.187,0,"Yes_Man_",-43.823,-99.275,0,0,0,0,1765.628,3,"하루（Haru）",-6.633,-67.463,0,0,,,,,17,1
57,5,1,1,1,0,0,0,0,0,0,255,255,255,31,1825.644,"Pugeuk",R,14,73,102,3.121,-0.356,0.839,1.883,1.048,1.97,-36.694,42.908,78,19,3,2,0,161.34,400,72.626,0,0,1,5,6,R,"Ѕeyeon",170.5,82,0.35,3,33,W,Y,1826.764,212,132,90,84,54,145,118,-30,-40.468,0.19,0,0.721,-166.026,-234.496,-466.903,0.34,-37.259,0,"Pring__",-0.034,-17.38,0,"Yaksok~",-20.709,-50.517,0,"muyang_",-15.305,-61.882,0,"TaeGeuk_",21.966,-49.457,0,"si_ho",13.738,-62.69,0,"Azuner",34.514,-93.835,0,"うよすま",-4.879,-113.742,0,"HOGGYS 호기스",-46.937,-92.389,0,1825.788,1.803,-22.298,0,0,"",0,0,0,0,,,,,1,0
58,5,1,1,1,0,1,0,0,0,0,255,255,255,32,1843.652,"Pugeuk",R,13,80,105,-0.906,-0.615,0.531,1.818,0.263,1.817,-36.694,26.935,88,12,0,0,0,-337.448,353.59,20.315,0,0,1,5,6,R,"Ѕeyeon",170.5,82,0.35,0,87,W,Y,0,0,0,0,0,0,0,0,0,0,0,0,0,0,0,0,0.453,-37.206,0,"Pring__",-0.044,-17.273,0,"Yaksok~",-19.552,-47.868,0,"muyang_",-14.707,-63.909,0,"TaeGeuk_",21.642,-46.191,0,"si_ho",14.948,-62.688,0,"Azuner",35.578,-93.56,0,"うよすま",-2.858,-113.368,0,"HOGGYS 호기스",-44.709,-91.345,0,0,0,0,0,0,"",0,0,0,0,1844.068,,,,0,0
59,5,1,1,1,0,2,0,0,0,0,255,255,255,33,1855.595,"Pugeuk",R,6,93,114,0.202,-1.166,0.182,1.457,-0.818,0.949,-36.694,24.297,53,47,0,1,0,500,0.085,37.273,0,0,0,5,6,R,"Ѕeyeon",170.5,82,0.35,0,87,W,Y,0,0,0,0,0,0,0,0,0,0,0,0,0,0,0,0,0.459,-37.248,0,"Pring__",-0.077,-17.369,0,"Yaksok~",-20.026,-46.543,0,"muyang_",-14.988,-65.128,0,"TaeGeuk_",19.433,-46.304,0,"si_ho",14.981,-62.735,0,"Azuner",35.629,-93.574,0,"うよすま",-4.186,-112.026,0,"HOGGYS 호기스",-48.871,-95.283,0,0,0,0,0,0,"",0,0,0,0,1855.975,,,,0,0
60,5,1,1,1,1,2,0,0,0,0,255,255,255,34,1869.632,"Pugeuk",R,26,86,140,-0.44,1.141,0.439,1.674,-0.032,2.1,-36.694,20.587,56,44,0,2,0,-126.424,-150.827,9.041,0,0,1,5,6,R,"Ѕeyeon",170.5,82,0.35,3,87,W,Y,1870.609,207,58,84,41,18,141,118,101.508,-17.631,0.25,0,0.476,330.088,51.254,-30.065,0.283,-37.117,0,"Pring__",-0.064,-17.326,0,"Yaksok~",-19.827,-49.822,0,"muyang_",-14.671,-63.882,0,"TaeGeuk_",21.997,-48.442,0,"si_ho",14.928,-62.644,0,"Azuner",35.484,-93.402,0,"うよすま",-3.745,-109.215,0,"HOGGYS 호기스",-47.827,-94.002,0,0,0,0,0,0,"",0,0,0,0,,,,,1,3
61,5,1,1,1,1,2,0,0,0,0,255,255,255,35,1884.563,"Pugeuk",R,13,73,100,-1.717,-0.848,0.444,1.753,-0.005,1.661,-36.694,30.513,37,63,0,4,0,-354.94,312.348,-5.485,0,0,1,5,6,R,"Ѕeyeon",170.5,82,0.35,0,87,W,Y,0,0,0,0,0,0,0,0,0,0,0,0,0,0,0,0,0.133,-37.382,0,"Pring__",-0.07,-17.404,0,"Yaksok~",-20.602,-46.154,0,"muyang_",-13.871,-65.341,0,"TaeGeuk_",22.927,-49.084,0,"si_ho",14.52,-62.908,0,"Azuner",35.624,-93.489,0,"うよすま",-4.849,-111.095,0,"HOGGYS 호기스",-49.885,-95.746,0,0,0,0,0,0,"",0,0,0,0,1885.068,,,,0,0
62,5,1,1,1,0,0,1,0,0,0,255,255,255,36,1905.509,"Pugeuk",R,6,89,112,1.698,-0.639,0.42,1.515,-0.078,1.572,-36.694,19.139,52,48,0,2,0,441.07,235.494,11.536,0,0,1,6,4,R,"_Gosomi",175.2,85.099,0.49,3,33,W,Y,1906.673,87,175,77,81,103,128,91,-30,-21.418,0.04,0,0.558,-358.806,-160.156,-153.717,0.482,-37.301,0,"Pring__",-0.048,-17.525,0,"Yaksok~",-20.05,-49.611,85,"muyang_",-15.286,-63.598,0,"TaeGeuk_",22.927,-49.2,0,"si_ho",13.487,-63.02,0,"Azuner",33.203,-94.84,0,"うよすま",-7.354,-115.963,0,"HOGGYS 호기스",-49.869,-95.728,0,1905.748,0.763,-21.687,1908.308,-1,"NABIMan",15.95,-59.444,0,0,,,,,7,2
63,5,1,1,1,0,0,2,0,0,0,255,255,255,37,1929.408,"Pugeuk",R,13,73,100,-1.114,-0.542,0.542,1.635,0.299,1.853,-36.694,28.083,40,60,0,2,0,-354.94,312.348,-35.738,0,0,1,7,8,R,"Yes_Man_",174.8,84.826,0.502,3,33,W,Y,1930.666,106,180,99,96,59,137,102,-30,-16.682,0.92,0,0.439,-464.693,137.829,-326.253,-0.268,-37.504,0,"Pring__",-0.073,-17.43,0,"Yaksok~",-19.757,-49.05,0,"muyang_",-13.798,-64.447,0,"TaeGeuk_",22.347,-48.65,0,"si_ho",12.653,-59.929,99,"Azuner",32.843,-92.694,0,"うよすま",-3.321,-111.809,0,"HOGGYS 호기스",-48.838,-94.898,0,1929.655,0.164,-21.751,1931.641,5,"si_ho",9.687,-53.746,0,0,,,,,6,2
64,5,0,1,1,0,0,0,0,0,0,255,255,255,25,1972.125,"coder_",R,29,63,104,-1.339,0.112,-0.02,1.706,-0.118,1.58,-36.517,14.797,100,0,0,2,0,-236.364,-83.71,10.324,0,0,1,5,4,R,"TaeGeuk_",176.6,88.966,0.627,3,33,W,Y,1973.103,255,146,130,100,74,145,127,16.112,25.174,0.4,0,0.325,-67.793,-182.332,-29.92,-0.304,-37.261,0,"ke ro",-0.11,-17.254,0,"펜케이크",-23.214,-49.422,0,"하루（Haru）",-15.219,-63.835,0,"_Gosomi",21.246,-52.762,0,"CoalCat",8.885,-63.611,0,"Ѕeyeon",38.971,-97.866,0,"k@ster",-0.416,-107.374,0,"Yes_Man_",-47.503,-97.468,101,0,0,0,1975.855,8,"Yes_Man_",-36.537,-104.57,0,0,,,,,128,1
65,5,0,1,1,0,0,1,0,0,0,255,255,255,26,2001.247,"coder_",R,8,56,96,-1.972,-2.287,-0.237,1.786,-1.021,0.282,-36.517,13.908,65,35,0,1,0,91.276,0,7.435,-0.364,-19.632,0,6,8,R,"ByeolBam",175.4,90,0.5,0,33,W,Y,0,0,0,0,0,0,0,0,0,0,0,0,0,0,0,0,0.17,-37.637,0,"ke ro",-0.035,-17.262,0,"펜케이크",-24.038,-48.786,0,"하루（Haru）",-14.844,-64.227,0,"_Gosomi",20.737,-51.457,0,"CoalCat",8.64,-64.725,0,"Ѕeyeon",38.519,-98.741,0,"k@ster",-0.873,-109.938,0,"Yes_Man_",-42.81,-97.498,0,0,0,0,0,0,"",0,0,0,0,2001.762,,,,0,0
66,5,0,1,1,1,0,1,0,0,0,255,255,255,27,2016.144,"coder_",R,42,56,98,0.851,0.263,0.172,1.705,0.844,1.515,-36.517,17.85,51,49,0,0,0,-222.727,-200,22.329,0,0,1,6,8,R,"ByeolBam",175.4,90,0.5,0,33,W,Y,0,0,0,0,0,0,0,0,0,0,0,0,0,0,0,0,-0.025,-38.191,0,"ke ro",-0.007,-17.238,0,"펜케이크",-23.627,-49.48,0,"하루（Haru）",-14.866,-64.237,0,"_Gosomi",20.611,-51.093,0,"CoalCat",8.509,-64.76,0,"Ѕeyeon",40.093,-96.713,0,"k@ster",0.358,-107.985,0,"Yes_Man_",-42.711,-97.539,0,0,0,0,0,0,"",0,0,0,0,2016.641,,,,0,0
67,5,0,1,1,1,1,1,0,0,0,255,255,255,28,2031.6,"coder_",R,26,77,127,-4.481,-2.609,0.396,1.532,-2.187,-0.1,-36.517,6.638,12,88,0,1,0,144.139,-150.184,19.643,-0.858,-19.977,0,6,8,R,"ByeolBam",175.4,90,0.5,0,33,W,Y,0,0,0,0,0,0,0,0,0,0,0,0,0,0,0,0,-0.133,-38.406,0,"ke ro",-1.121,-17.682,0,"펜케이크",-23.389,-49.154,0,"하루（Haru）",-14.855,-64.233,0,"_Gosomi",20.654,-51.101,0,"CoalCat",8.517,-64.763,0,"Ѕeyeon",40.097,-96.793,0,"k@ster",0.415,-107.887,0,"Yes_Man_",-44.084,-98.403,0,0,0,0,0,0,"",0,0,0,0,2031.935,,,,0,0
68,5,0,1,1,2,1,1,0,0,0,255,255,255,29,2049.689,"coder_",R,27,80,130,1.435,1.818,0.308,1.797,0.502,2.521,-36.517,33.073,94,6,0,1,0,77.135,-135.058,-5.56,0,0,0,6,8,R,"ByeolBam",175.4,90,0.5,0,33,W,Y,0,0,0,0,0,0,0,0,0,0,0,0,0,0,0,0,-0.394,-37.232,0,"ke ro",0.018,-17.197,0,"펜케이크",-23.392,-49.211,0,"하루（Haru）",-14.874,-64.233,0,"_Gosomi",20.654,-51.108,0,"CoalCat",9.144,-64.836,0,"Ѕeyeon",40.081,-96.785,0,"k@ster",0.331,-107.915,0,"Yes_Man_",-43.621,-97.021,0,0,0,0,0,0,"",0,0,0,0,2050.028,,,,0,0
69,5,0,1,1,3,1,1,0,0,0,255,255,255,30,2064.235,"coder_",R,10,52,87,-0.487,0.272,0.19,2.302,-0.217,2.512,-36.517,48.852,100,0,0,0,0,0,400,12.037,0,0,0,6,8,R,"ByeolBam",175.4,90,0.5,0,33,W,Y,0,0,0,0,0,0,0,0,0,0,0,0,0,0,0,0,0.217,-36.886,0,"ke ro",-0.077,-17.217,0,"펜케이크",-23.448,-49.372,0,"하루（Haru）",-14.47,-64.341,0,"_Gosomi",20.659,-51.104,0,"CoalCat",9.084,-64.897,0,"Ѕeyeon",40.027,-97.681,0,"k@ster",0.439,-107.842,0,"Yes_Man_",-45.378,-99.119,0,0,0,0,0,0,"",0,0,0,0,2064.842,,,,0,0
70,5,0,1,1,3,2,1,0,0,0,255,255,255,31,2078.785,"coder_",R,26,82,133,-1.964,-2.572,0.177,1.412,-1.005,-0.075,-36.517,12.087,42,58,0,1,0,100.107,-152.695,21.588,0,0,0,6,8,R,"ByeolBam",175.4,90,0.5,0,83,W,Y,0,0,0,0,0,0,0,0,0,0,0,0,0,0,0,0,-0.057,-38.538,0,"ke ro",-0.742,-17.711,0,"펜케이크",-23.333,-49.367,0,"하루（Haru）",-14.534,-64.278,0,"_Gosomi",20.581,-51.077,0,"CoalCat",9.07,-64.889,0,"Ѕeyeon",40.106,-97.821,0,"k@ster",-0.096,-107.826,0,"Yes_Man_",-45.326,-99.249,0,0,0,0,0,0,"",0,0,0,0,2079.082,,,,0,5
71,5,0,1,1,0,0,1,1,0,0,18,255,255,32,2104.779,"coder_",R,13,51,97,-3.033,-1.984,0.474,1.877,-0.299,1.271,-36.517,27.744,63,37,0,3,0,-332.133,328.844,5.588,0.257,-19.931,0,7,6,L,"Azuner",180.5,80,0.302,0,33,W,Y,0,0,0,0,0,0,0,0,0,0,0,0,0,0,0,0,-0.371,-37.514,0,"ke ro",0.414,-18.227,0,"펜케이크",-20.696,-45.289,0,"하루（Haru）",-8.649,-62.98,0,"_Gosomi",23.993,-50.48,0,"CoalCat",12.231,-62.417,0,"Ѕeyeon",48.692,-92.215,0,"k@ster",2.799,-112.823,0,"Yes_Man_",-40.07,-98.594,0,0,0,0,0,0,"",0,0,0,0,2106.722,,,,0,6
72,5,0,1,1,2,0,1,1,0,0,16,255,255,33,2132.92,"coder_",R,26,79,129,1.392,0.807,0.295,1.62,0.444,1.891,-36.517,15.003,56,44,0,0,0,103.334,-200,8.033,0,0,1,7,6,L,"Azuner",180.5,80,0.302,0,33,W,Y,0,0,0,0,0,0,0,0,0,0,0,0,0,0,0,0,0.366,-37.219,0,"ke ro",0.088,-17.266,0,"펜케이크",-20.883,-44.329,0,"하루（Haru）",-5.644,-63.441,0,"_Gosomi",22.42,-51.422,0,"CoalCat",12.278,-62.438,0,"Ѕeyeon",48.47,-92.449,0,"k@ster",0.516,-110.918,0,"Yes_Man_",-39.529,-94.24,0,0,0,0,0,0,"",0,0,0,0,2133.282,,,,0,0
73,5,0,1,1,2,1,1,1,0,0,16,255,255,34,2143.678,"coder_",R,27,85,138,-0.499,0.623,0.143,1.606,-0.264,1.846,-36.517,7.718,44,56,0,0,0,31.161,-146.461,11.207,0,0,0,7,6,L,"Azuner",180.5,80,0.302,0,33,W,Y,0,0,0,0,0,0,0,0,0,0,0,0,0,0,0,0,0.157,-38.074,0,"ke ro",0.141,-17.222,0,"펜케이크",-20.72,-43.129,0,"하루（Haru）",-5.062,-61.811,0,"_Gosomi",22.411,-51.392,0,"CoalCat",12.297,-62.4,0,"Ѕeyeon",48.221,-92.9,0,"k@ster",1.565,-111.924,0,"Yes_Man_",-39.534,-94.291,0,0,0,0,0,0,"",0,0,0,0,2144.001,,,,0,0
74,5,0,1,1,2,2,1,1,0,0,16,255,255,35,2155.903,"coder_",R,10,45,82,-1.473,0.524,0.165,2.3,-0.673,2.636,-36.517,39.396,100,0,0,2,0,0,398.061,-1.913,0,0,1,7,6,L,"Azuner",180.5,80,0.302,3,33,W,Y,2157.328,205,114,77,59,28,144,94,39.039,5.889,-0.48,0,0.421,113.42,-294.987,-210.651,-0.319,-37.088,0,"ke ro",-0.063,-17.602,0,"펜케이크",-20.712,-45.115,71,"하루（Haru）",-7.638,-61.725,0,"_Gosomi",22.397,-51.306,0,"CoalCat",12.412,-62.296,0,"Ѕeyeon",48.572,-92.624,0,"k@ster",0.881,-111.542,91,"Yes_Man_",-39.474,-94.369,0,2161.415,-1.498,-93.07,2161.628,7,"k@ster",-1.557,-91.333,0,0,,2192.527,,,28,1
75,5,0,1,1,0,0,2,0,1,0,255,18,255,36,2221.499,"coder_",R,10,47,83,0.198,0.35,0.32,2.325,0.078,2.647,-36.517,40.614,100,0,0,0,0,0,400,10.353,0,0,1,8,7,R,"うよすま",160,85.385,0.453,0,42,W,Y,0,0,0,0,0,0,0,0,0,0,0,0,0,0,0,0,0.1,-37.292,0,"ke ro",0.479,-19.155,0,"펜케이크",-22.083,-47,0,"하루（Haru）",-14.339,-62.889,0,"_Gosomi",19.902,-43.045,0,"CoalCat",8.272,-63.224,0,"Ѕeyeon",37.037,-96.127,0,"k@ster",0.377,-108.146,0,"Yes_Man_",-43.099,-92.839,0,0,0,0,0,0,"",0,0,0,0,2222.188,2225.009,,,0,0
76,5,0,1,1,0,1,2,0,1,0,255,18,255,37,2240.289,"coder_",R,26,82,134,-3.896,-2.97,0.1,1.417,-1.758,-0.558,-36.517,9.36,46,54,0,1,0,43.32,-200,24.372,-0.647,-21.912,0,8,7,R,"うよすま",160,85.385,0.453,0,42,W,Y,0,0,0,0,0,0,0,0,0,0,0,0,0,0,0,0,-0.053,-36.798,0,"ke ro",-0.721,-17.856,0,"펜케이크",-19.794,-44.115,0,"하루（Haru）",-14.616,-63.336,0,"_Gosomi",18.818,-44.682,0,"CoalCat",8.26,-63.173,0,"Ѕeyeon",37.045,-96.154,0,"k@ster",-0.052,-107.647,0,"Yes_Man_",-43.055,-92.914,0,0,0,0,0,0,"",0,0,0,0,2240.628,2243.968,,,0,0
77,5,0,1,1,1,1,2,0,1,0,255,18,255,38,2255.499,"coder_",R,27,71,123,0.397,-0.26,0.383,1.746,0.07,1.291,-36.517,21.22,49,51,0,2,0,57.127,-130.313,7.577,0,0,1,8,7,R,"うよすま",160,85.385,0.453,3,42,W,Y,2256.57,255,57,90,92,31,145,104,26.071,15.099,0.14,0,0.376,25.31,-407.066,101.704,-0.128,-36.961,0,"ke ro",-0.072,-17.228,0,"펜케이크",-21.452,-45.93,0,"하루（Haru）",-14.404,-63.341,0,"_Gosomi",19.43,-46.063,0,"CoalCat",8.448,-63.064,0,"Ѕeyeon",36.517,-95.626,0,"k@ster",-0.071,-107.755,90,"Yes_Man_",-42.948,-92.993,0,0,0,0,2260.348,7,"k@ster",-14.825,-103.402,0,0,,,2261.45,,8,1
78,6,1,1,1,0,0,0,0,0,0,255,255,255,38,2294.076,"Pugeuk",R,14,74,101,0.853,-0.657,0.354,1.728,-0.284,1.606,-36.694,16.985,63,37,0,2,0,358.49,312.348,19.237,0,0,1,8,9,R,"HANA_ARASHI",190,90,0.25,3,33,W,Y,2295.315,174,116,111,121,70,145,128,6.712,6.047,0.28,0,0.548,-218.71,489.255,-1.449,0.329,-37.683,0,"Pring__",-0.033,-17.605,0,"Yaksok~",-20.767,-49.698,0,"muyang_",-17.873,-63.348,0,"TaeGeuk_",21.148,-47.207,0,"si_ho",15.227,-62.797,86,"Azuner",36.015,-101.828,0,"うよすま",-4.331,-117.234,99,"ByeolBam",-45.759,-95.605,0,2295.908,-8.359,-74.572,2297.788,7,"うよすま",-14.253,-105.464,1,0,,,,,258,2
79,6,1,1,1,0,0,0,1,0,0,9,255,255,39,2322.035,"Pugeuk",R,26,86,140,1.281,1.172,0.58,1.646,0.624,2.025,-36.694,30.292,60,40,0,0,0,-60.783,-200,6.616,0,0,0,0,3,L,"하루（Haru）",160,95.172,0.403,0,33,W,Y,0,0,0,0,0,0,0,0,0,0,0,0,0,0,0,0,-0.073,-37.3,120,"Pring__",-0.066,-17.671,0,"Yaksok~",-17.729,-44.03,0,"muyang_",-4.534,-57.799,0,"TaeGeuk_",22.074,-48.325,0,"si_ho",12.26,-56.899,0,"Azuner",41.199,-88.135,0,"うよすま",3.215,-103.297,0,"ByeolBam",-37.693,-91.066,0,0,0,0,0,0,"",0,0,0,0,2322.428,,,,0,0
80,6,1,1,1,0,1,0,1,0,0,9,255,255,40,2352.649,"Pugeuk",R,26,91,140,0.841,-0.568,0.576,1.405,0.604,1.094,-36.694,25.5,55,45,0,0,0,-198.671,-200,39.06,0,0,0,0,3,L,"하루（Haru）",160,95.172,0.403,0,33,W,Y,0,0,0,0,0,0,0,0,0,0,0,0,0,0,0,0,0.275,-37.691,0,"Pring__",-0.04,-17.603,0,"Yaksok~",-19.157,-44.279,0,"muyang_",-9.699,-55.753,0,"TaeGeuk_",24.271,-49.191,0,"si_ho",11.242,-56.628,0,"Azuner",40.907,-88.458,0,"うよすま",4.19,-108.001,0,"ByeolBam",-37.3,-93.306,0,0,0,0,0,0,"",0,0,0,0,2353.042,,,,0,0
81,6,1,1,1,0,2,0,1,0,0,9,255,255,41,2373.906,"Pugeuk",R,26,79,129,-0.38,2.696,0.392,1.958,-0.182,2.832,-36.694,34.924,88,12,0,4,0,2.475,-159.862,3.969,0,0,1,0,3,L,"하루（Haru）",160,95.172,0.403,0,33,W,Y,0,0,0,0,0,0,0,0,0,0,0,0,0,0,0,0,0.31,-37.656,0,"Pring__",-0.286,-18.003,0,"Yaksok~",-17.755,-43.856,0,"muyang_",-5.211,-57.23,0,"TaeGeuk_",23.041,-47.044,0,"si_ho",11.752,-56.606,0,"Azuner",40.998,-88.156,0,"うよすま",4.312,-109.015,0,"ByeolBam",-36.59,-93.891,0,0,0,0,0,0,"",0,0,0,0,2374.322,,,,0,0
82,6,1,1,1,0,0,1,1,0,0,9,255,255,42,2393.429,"Pugeuk",R,13,71,99,0.561,0.455,0.735,1.922,0.896,2.457,-36.694,40.293,86,14,0,2,0,-312.485,359.79,-0.029,0,0,1,1,1,R,"ke ro",190,80,0.358,3,33,W,Y,2394.605,255,123,52,80,63,136,129,-1.787,-13.164,0.35,0,0.617,-119.768,324.329,-332.482,0.406,-37.447,0,"Pring__",-0.017,-17.684,0,"Yaksok~",-17.186,-45.225,106,"muyang_",-11.33,-55.866,85,"TaeGeuk_",21.536,-48.304,0,"si_ho",7.612,-59.157,0,"Azuner",33.232,-95.226,0,"うよすま",-8.565,-116.96,0,"ByeolBam",-42.87,-93.379,0,2393.935,3.969,-37.939,2395.001,5,"si_ho",8.223,-55.674,1,0,,2399.48,,,22,2
83,6,1,1,1,0,0,2,0,1,0,255,1,255,43,2431.631,"Pugeuk",R,29,98,140,-0.665,0.036,0.445,1.491,-0.003,1.462,-36.694,26.668,54,46,0,0,0,-219.967,-200,17.679,0,0,0,2,2,L,"펜케이크",190,95.133,0.447,0,33,W,Y,0,0,0,0,0,0,0,0,0,0,0,0,0,0,0,0,0.451,-37.586,0,"Pring__",-0.049,-17.661,0,"Yaksok~",-21.356,-51.105,0,"muyang_",-8.892,-59.679,0,"TaeGeuk_",22.037,-48.159,0,"si_ho",13.355,-60.46,0,"Azuner",46.287,-99.726,0,"うよすま",3.548,-122.354,0,"ByeolBam",-45.858,-92.963,0,0,0,0,0,0,"",0,0,0,0,2431.935,2435.358,,,0,0
84,6,1,1,1,0,1,2,0,1,0,255,1,255,44,2445.38,"Pugeuk",R,14,92,126,0.616,-0.763,0.358,1.479,-0.407,1.422,-36.694,19.031,48,52,0,2,0,423.479,265.831,16.295,0,0,1,2,2,L,"펜케이크",190,95.133,0.447,3,33,W,Y,2446.489,252,103,161,82,48,145,89,-30,62.262,0.99,0,0.79,177.002,124.318,-46.255,0.315,-37.386,0,"Pring__",-0.093,-17.767,0,"Yaksok~",-21.084,-51.362,0,"muyang_",-6.972,-60.139,0,"TaeGeuk_",21.316,-46.898,0,"si_ho",13.32,-60.439,0,"Azuner",46.251,-99.932,0,"うよすま",7.343,-120.945,0,"ByeolBam",-43.908,-93.507,0,2445.548,-2.133,-21.943,0,0,"",0,0,0,0,,2453.421,,,0,3
85,6,1,1,1,0,2,2,0,1,0,255,1,255,45,2464.999,"Pugeuk",R,6,82,122,1.057,1.051,0.392,1.74,-0.25,2.269,-36.694,16.401,89,11,0,2,0,427.211,2.796,13.261,0,0,1,2,2,L,"펜케이크",190,95.133,0.447,3,35,W,Y,2466.175,213,88,138,115,48,145,112,32.858,-33.836,0.1,0,0.837,389.543,200.2,-131.906,0.42,-37.431,0,"Pring__",-0.082,-17.731,0,"Yaksok~",-21.391,-50.022,0,"muyang_",-10.174,-57.678,0,"TaeGeuk_",22.721,-49.45,0,"si_ho",13.587,-63.99,0,"Azuner",46.756,-99.732,0,"うよすま",3.547,-120.657,0,"ByeolBam",-47.759,-90.958,0,2470.282,52.527,-102.862,2470.495,6,"Azuner",51.3,-100.646,0,0,,,2471.009,,128,1
86,6,0,1,1,0,0,0,0,0,0,255,255,255,39,2505.254,"coder_",R,10,46,82,-1.101,0.106,0.112,2.28,-0.482,2.466,-36.517,40.136,100,0,0,0,0,0,400,18.127,0,0,1,0,9,L,"HOGGYS 호기스",175.2,90,0.45,0,33,W,Y,0,0,0,0,0,0,0,0,0,0,0,0,0,0,0,0,-0.208,-37.65,0,"ke ro",-0.02,-17.24,0,"펜케이크",-23.034,-50.246,0,"하루（Haru）",-12.808,-64.392,0,"_Gosomi",21.209,-47.923,0,"CoalCat",10.655,-60.558,0,"Ѕeyeon",47.013,-93.156,0,"k@ster",-0.018,-111.839,0,"Yes_Man_",-37.632,-93.731,0,0,0,0,0,0,"",0,0,0,0,2505.855,,,,0,0
87,6,0,1,1,0,1,0,0,0,0,255,255,255,40,2527.865,"coder_",R,26,76,127,-1.981,-1.721,0.279,1.581,-0.939,0.383,-36.517,6.782,60,40,0,2,0,44.202,-200,30.147,0,0,1,0,9,L,"HOGGYS 호기스",175.2,90,0.45,3,33,W,Y,2528.916,137,48,58,73,5,137,87,-42.28,33.174,-0.44,0,0.268,504.009,-178.56,266.893,-0.329,-38.083,0,"ke ro",-0.259,-17.434,0,"펜케이크",-23.132,-49.39,85,"하루（Haru）",-12.765,-65.286,0,"_Gosomi",21.017,-47.712,0,"CoalCat",10.691,-60.356,0,"Ѕeyeon",47.004,-93.13,0,"k@ster",-0.265,-112.016,0,"Yes_Man_",-37.643,-93.403,0,2527.868,-0.481,-19.908,2530.042,2,"펜케이크",-16.778,-44.895,0,0,,,,,4,2
88,6,0,1,1,0,0,1,0,0,0,255,255,255,41,2556.379,"coder_",R,38,16,74,-2.92,-2.121,0.012,1.391,-1.244,0.416,-36.517,20.283,23,77,0,1,0,-10.296,5.516,0.225,-0.58,-19.325,0,1,5,R,"si_ho",176.1,87.779,0.35,0,33,W,Y,0,0,0,0,0,0,0,0,0,0,0,0,0,0,0,0,-0.176,-37.42,0,"ke ro",-0.664,-17.811,0,"펜케이크",-22.892,-49.171,0,"하루（Haru）",-15.562,-63.451,0,"_Gosomi",19.189,-50.701,0,"CoalCat",8.551,-62.849,0,"Ѕeyeon",40.635,-100.005,0,"k@ster",0.091,-109.393,0,"Yes_Man_",-48.064,-96.966,0,0,0,0,0,0,"",0,0,0,0,2557.242,,,,0,0
89,6,0,1,1,1,0,1,0,0,0,255,255,255,42,2573.006,"coder_",R,38,20,78,-1.597,-1.076,0.025,1.453,-0.713,1.028,-36.517,1.252,34,66,0,1,0,5.966,6.209,-0.751,0,0,0,1,5,R,"si_ho",176.1,87.779,0.35,0,33,W,Y,0,0,0,0,0,0,0,0,0,0,0,0,0,0,0,0,0.234,-37.302,0,"ke ro",-0.023,-17.061,0,"펜케이크",-22.884,-49.14,0,"하루（Haru）",-15.526,-63.433,0,"_Gosomi",19.862,-51.162,0,"CoalCat",8.558,-63.626,0,"Ѕeyeon",40.635,-99.989,0,"k@ster",0.14,-109.409,0,"Yes_Man_",-48.035,-97.02,0,0,0,0,0,0,"",0,0,0,0,2573.868,,,,0,0
90,6,0,1,1,2,0,1,0,0,0,255,255,255,43,2588.537,"coder_",R,26,74,125,-0.644,-0.958,0.332,1.675,-0.35,0.824,-36.517,10.361,66,34,0,2,0,37.792,-200,19.608,0,0,1,1,5,R,"si_ho",176.1,87.779,0.35,3,33,W,Y,2589.71,255,232,107,126,0,145,102,11.704,31.956,0.91,0,0.737,75.856,-159.981,364.494,-0.285,-37.674,0,"ke ro",-0.097,-17.197,0,"펜케이크",-22.927,-49.19,0,"하루（Haru）",-15.534,-63.453,0,"_Gosomi",20.092,-51.337,0,"CoalCat",8.689,-63.567,0,"Ѕeyeon",40.653,-100.027,0,"k@ster",0.096,-109.467,0,"Yes_Man_",-48.069,-97.142,100,2590.762,-27.306,-65.515,2592.362,8,"Yes_Man_",-38.095,-84.113,1,0,,,,,132,2
91,6,0,1,1,0,0,1,1,0,0,15,255,255,44,2638.532,"coder_",R,26,76,127,-0.779,-1.823,0.24,1.513,-0.411,0.351,-36.517,9.674,57,43,0,1,0,41.821,-180.432,19.622,0,0,0,2,2,R,"Yaksok~",173.3,80,0.332,0,33,W,Y,0,0,0,0,0,0,0,0,0,0,0,0,0,0,0,0,-0.642,-37.723,0,"ke ro",0.027,-17.043,0,"펜케이크",-20.706,-44.706,0,"하루（Haru）",-15.771,-62.6,0,"_Gosomi",20.198,-50.42,0,"CoalCat",3.528,-61.421,0,"Ѕeyeon",41.241,-99.674,0,"k@ster",-0.136,-109.492,0,"Yes_Man_",-44.44,-93.34,0,0,0,0,0,0,"",0,0,0,0,2638.762,,,,0,0
92,6,0,1,1,1,0,1,1,0,0,15,255,255,45,2656.636,"coder_",R,10,48,84,0.398,1.051,0.344,2.335,0.164,2.996,-36.517,42.618,100,0,0,2,0,0,400,1.348,0,0,1,2,2,R,"Yaksok~",173.3,80,0.332,3,33,W,Y,2657.941,255,95,85,91,51,145,109,12.606,5.091,0.83,0,0.416,124.886,518.974,-195.006,0.183,-36.883,0,"ke ro",-0.025,-17.158,0,"펜케이크",-20.273,-44.712,0,"하루（Haru）",-15.671,-62.474,0,"_Gosomi",19.587,-49.459,0,"CoalCat",5.503,-62.315,77,"Ѕeyeon",41.24,-99.665,0,"k@ster",-0.175,-109.497,97,"Yes_Man_",-44.68,-93.608,0,2660.175,-13.829,-98.144,2660.921,7,"k@ster",-15.699,-104.852,1,0,,2663.85,,,24,2
93,6,0,1,1,0,0,1,1,1,0,12,15,255,46,2691.033,"coder_",R,26,75,113,0.35,0.418,0.221,1.621,0.032,1.671,-36.517,6.424,68,32,0,2,0,64.461,-200,16.356,0,0,1,3,1,L,"Pring__",190,93.089,0.485,3,33,W,Y,2692.018,255,213,64,99,116,139,114,32.426,30.965,0.81,0,0.667,223.238,-85.059,-498.705,-0.041,-37.802,0,"ke ro",-0.101,-17.075,0,"펜케이크",-22.349,-47.675,0,"하루（Haru）",-12.416,-61.646,100,"_Gosomi",20.015,-46.786,0,"CoalCat",13.121,-62.127,0,"Ѕeyeon",49.677,-95.91,0,"k@ster",3.835,-117.727,0,"Yes_Man_",-46.763,-109.091,93,0,0,0,2696.495,8,"Yes_Man_",-47.251,-106.933,0,0,,2703.73,2697.088,,145,1
94,7,1,1,1,0,0,0,0,0,0,255,255,255,46,2746.696,"Pugeuk",R,6,77,103,1.398,0.411,0.346,1.926,-0.31,2.083,-36.694,20.541,95,5,0,2,0,445.904,152.401,9.632,0,0,1,3,7,R,"k@ster",168.4,95.017,0.646,3,33,W,Y,2747.742,171,98,96,81,55,145,88,58.302,-49.843,-0.52,0,0.181,229.525,514.714,205.884,0.508,-37.423,0,"Pring__",-0.049,-17.576,0,"Yaksok~",-19.638,-49.822,0,"muyang_",-15.181,-61.051,82,"TaeGeuk_",22.655,-46.684,0,"si_ho",13.539,-62.617,0,"Azuner",35.116,-94.622,120,"うよすま",-4.316,-109.936,0,"ByeolBam",-43.664,-94.691,0,2752.135,42.806,-66.231,2753.628,6,"Azuner",45.294,-69.957,1,0,,2757.268,,,144,2
95,7,1,1,1,0,0,0,0,1,0,255,7,255,47,2779.228,"Pugeuk",R,6,82,120,2.377,-0.274,0.49,1.716,0.206,1.529,-36.694,18.238,59,41,0,1,0,488.509,71.246,10.417,0.802,-18.339,0,4,5,R,"CoalCat",170.1,82.838,0.435,0,33,W,Y,0,0,0,0,0,0,0,0,0,0,0,0,0,0,0,0,0.287,-37.909,0,"Pring__",0.122,-17.823,0,"Yaksok~",-17.861,-44.243,0,"muyang_",-11.225,-58.913,0,"TaeGeuk_",24.773,-49.521,0,"si_ho",4.784,-60.723,0,"Azuner",33.103,-91.989,0,"うよすま",-2.511,-110.558,0,"ByeolBam",-40.27,-92.31,0,0,0,0,0,0,"",0,0,0,0,2782.281,2783.606,,,0,0
96,7,1,1,1,1,0,0,0,1,0,255,7,255,48,2796.263,"Pugeuk",R,14,81,106,0.452,-0.427,0.289,1.854,-0.486,1.905,-36.694,16.489,89,11,0,0,0,344.187,349.894,0.098,0,0,1,4,5,R,"CoalCat",170.1,82.838,0.435,0,33,W,Y,0,0,0,0,0,0,0,0,0,0,0,0,0,0,0,0,0.234,-38.012,0,"Pring__",-0.008,-17.628,0,"Yaksok~",-18.789,-44.14,0,"muyang_",-7.049,-59.007,0,"TaeGeuk_",23.533,-47.518,0,"si_ho",6.86,-59.231,0,"Azuner",33.592,-91.519,0,"うよすま",-3.052,-105.742,0,"ByeolBam",-42.047,-90.167,0,0,0,0,0,0,"",0,0,0,0,2796.761,2799.256,,,0,0
97,7,1,1,1,1,1,0,0,1,0,255,7,255,49,2811.765,"Pugeuk",R,6,89,126,1.179,0.058,0.394,1.59,-0.243,1.798,-36.694,13.156,53,47,0,2,0,480.421,138.549,26.011,0,0,1,4,5,R,"CoalCat",170.1,82.838,0.435,3,33,W,Y,2813.222,255,82,179,84,46,145,90,11.883,-18.496,-0.46,0,0.369,236.168,-423.359,-44.471,0.252,-37.66,0,"Pring__",0.016,-17.918,0,"Yaksok~",-17.559,-46.172,0,"muyang_",-9.832,-57.942,0,"TaeGeuk_",23.773,-48.783,104,"si_ho",5.056,-58.345,0,"Azuner",33.375,-91.738,0,"うよすま",-2.955,-107.595,0,"ByeolBam",-42.402,-90.153,0,2814.722,20.072,-68.63,2815.975,6,"Azuner",25.557,-80.172,1,0,,,2817.913,,160,2
98,7,1,1,1,0,0,0,1,0,1,5,255,7,50,2838.458,"Pugeuk",R,27,81,132,-0.216,1.87,0.424,1.785,-0.102,2.501,-36.694,26.383,88,12,0,4,0,-3.533,-148.084,13.83,0,0,1,5,6,R,"Ѕeyeon",170.5,82,0.35,0,33,W,Y,0,0,0,0,0,0,0,0,0,0,0,0,0,0,0,0,0.317,-37.442,0,"Pring__",-0.031,-17.609,0,"Yaksok~",-17.819,-43.307,0,"muyang_",-11.204,-57.189,0,"TaeGeuk_",21.599,-47.555,0,"si_ho",10.346,-60.47,0,"Azuner",32.197,-91.884,0,"うよすま",-1.709,-105.84,0,"ByeolBam",-41.933,-92.075,0,0,0,0,0,0,"",0,0,0,0,2838.628,,2841.052,,0,0
99,7,1,1,1,0,1,0,1,0,1,5,255,7,51,2854.822,"Pugeuk",R,10,63,95,0.71,-1.327,0.541,1.722,0.294,1.587,-36.694,29.091,56,44,0,4,0,0,400,-4.83,0,0,1,5,6,R,"Ѕeyeon",170.5,82,0.35,0,33,W,Y,0,0,0,0,0,0,0,0,0,0,0,0,0,0,0,0,0.187,-37.882,0,"Pring__",-0.018,-17.611,0,"Yaksok~",-18.588,-44.827,0,"muyang_",-10.294,-58.951,0,"TaeGeuk_",22.365,-47.936,0,"si_ho",6.886,-61.195,0,"Azuner",32.895,-91.261,0,"うよすま",-3.399,-109.524,0,"ByeolBam",-40.496,-89.54,0,0,0,0,0,0,"",0,0,0,0,2855.162,,2857.605,,0,0
100,7,1,1,1,0,2,0,1,0,1,5,255,7,52,2870.036,"Pugeuk",R,6,81,106,0.191,-0.806,0.155,1.545,-0.902,1.16,-36.694,18.851,53,47,0,2,0,481.818,0,34.533,0,0,1,5,6,R,"Ѕeyeon",170.5,82,0.35,3,33,W,Y,2871.186,131,88,68,65,71,138,80,15.467,-25.752,-0.77,0,0.334,-15.916,-92.055,-24.617,0.284,-37.291,0,"Pring__",-0.144,-17.796,0,"Yaksok~",-16.785,-46.264,0,"muyang_",-11.549,-57.629,0,"TaeGeuk_",22.661,-48.465,86,"si_ho",10.458,-58.84,89,"Azuner",33.204,-91.23,0,"うよすま",-2.172,-107.563,0,"ByeolBam",-42.937,-91.308,0,0,0,0,2872.468,5,"si_ho",17.47,-55.572,0,8,,,2877.632,,34,1
101,7,1,1,1,0,0,2,1,0,0,5,255,255,53,2897.277,"Pugeuk",R,13,82,120,-1.823,-1.154,0.4,1.672,-0.215,1.379,-36.694,24.165,32,68,0,4,0,-352.877,354.229,-7.918,0,0,1,6,4,R,"_Gosomi",175.2,85.099,0.49,0,33,W,Y,0,0,0,0,0,0,0,0,0,0,0,0,0,0,0,0,0.088,-37.835,0,"Pring__",-0.098,-17.648,0,"Yaksok~",-19.904,-44.46,0,"muyang_",-15.626,-62.76,0,"TaeGeuk_",21.915,-47.464,0,"si_ho",9.429,-61.473,0,"Azuner",31.796,-90.764,0,"うよすま",-6.487,-113.266,0,"ByeolBam",-43.788,-90.692,0,0,0,0,0,0,"",0,0,0,0,2897.682,,,,0,0
102,7,1,1,1,0,1,2,1,0,0,5,255,255,54,2912.925,"Pugeuk",R,27,87,140,3.569,-0.193,0.601,1.571,0.723,1.728,-36.694,28.227,47,53,0,2,0,-122.125,-135.702,13.172,0,0,1,6,4,R,"_Gosomi",175.2,85.099,0.49,3,33,W,Y,2914.067,163,35,136,71,0,145,96,32.314,8.032,-0.28,0,0.413,205.476,433.951,-271.872,0.495,-37.319,0,"Pring__",-0.057,-17.724,0,"Yaksok~",-17.691,-46.955,0,"muyang_",-15.632,-61.775,0,"TaeGeuk_",24.741,-49.91,0,"si_ho",9.46,-60.719,0,"Azuner",32.395,-91.149,0,"うよすま",-11.393,-116.372,0,"ByeolBam",-44.315,-90.749,0,2918.028,-17.427,-96.71,2918.188,7,"うよすま",-16.757,-94.75,0,0,2937.281,2918.999,,,258,1
103,7,0,1,1,0,0,0,0,0,0,255,255,255,47,2990.79,"coder_",R,26,65,118,-0.282,1.508,0.235,2.031,-0.075,2.347,-36.517,28.115,100,0,0,2,0,-33.482,-200,23.516,0,0,1,4,3,R,"Pugeuk",190,86.201,0.347,3,33,W,Y,2991.972,168,50,111,37,23,145,122,28.658,-1.111,0.75,0,0.57,255.226,430.681,304.529,-0.435,-36.664,0,"ke ro",-0.056,-17.417,0,"펜케이크",-22.861,-48.291,0,"하루（Haru）",-14.226,-64.041,0,"_Gosomi",21.577,-52.293,0,"CoalCat",9.766,-64.214,0,"Ѕeyeon",41.804,-104.545,0,"k@ster",-0.398,-115.282,96,"Yes_Man_",-51.324,-104.123,0,0,0,0,2996.361,7,"k@ster",-10.412,-125.22,0,0,,,,,24,1
104,7,0,1,1,0,0,1,0,0,0,255,255,255,48,3026.609,"coder_",R,3,44,82,-3.988,3.492,0.421,2.496,-0.287,3.583,-36.517,62.515,100,0,0,2,0,-291.001,0,1.04,0,0,1,5,4,R,"TaeGeuk_",176.6,88.966,0.627,3,33,W,Y,3027.836,116,127,108,122,50,137,122,14.252,-19.722,0.29,0,0.264,15.021,454.96,350.991,-0.372,-37.112,0,"ke ro",-0.162,-17.347,0,"펜케이크",-22.863,-48.974,0,"하루（Haru）",-16.323,-62.144,0,"_Gosomi",20.616,-52.56,85,"CoalCat",8.495,-63.351,0,"Ѕeyeon",39.215,-102.578,0,"k@ster",-0.657,-105.82,100,"Yes_Man_",-44.415,-97.539,0,3030.615,23.459,-115.677,3034.028,7,"k@ster",19.322,-130.097,1,0,,3037.721,,,72,2
105,7,0,1,1,0,0,1,0,1,0,255,14,255,49,3065.696,"coder_",R,10,64,109,1.752,-0.869,0.623,1.831,0.745,1.621,-36.517,37.479,48,52,0,2,0,0,368.642,14.587,0,0,0,6,8,R,"ByeolBam",175.4,90,0.5,3,33,W,Y,3066.731,149,158,140,88,50,145,117,25.102,27.766,0.76,0,0.408,-20.808,595.536,15.275,0.052,-36.956,0,"ke ro",-0.055,-17.261,0,"펜케이크",-23.84,-49.493,0,"하루（Haru）",-15.553,-62.794,0,"_Gosomi",20.001,-46.525,0,"CoalCat",7.123,-62.387,75,"Ѕeyeon",37.718,-99.401,0,"k@ster",-0.188,-111.325,0,"Yes_Man_",-43.26,-96.798,113,0,0,0,3070.321,8,"Yes_Man_",-54.878,-98.667,0,0,,3073.998,,,144,1
106,7,0,1,1,0,0,2,0,1,0,255,14,255,50,3116.412,"coder_",R,26,78,128,-1.976,-1.267,0.089,1.558,-0.893,0.642,-36.517,13.176,54,46,0,2,0,19.082,-200,33.639,0,0,1,7,6,L,"Azuner",180.5,80,0.302,3,33,W,Y,3117.592,155,103,71,79,58,141,118,-30,44.094,0.81,0,0.571,-251.016,256.708,350.728,-0.611,-37.231,0,"ke ro",-0.08,-17.264,0,"펜케이크",-22.855,-48.824,0,"하루（Haru）",-10.573,-63.497,0,"_Gosomi",21.301,-46.568,0,"CoalCat",11.996,-62.347,0,"Ѕeyeon",47.742,-90.388,0,"k@ster",2.554,-118.91,0,"Yes_Man_",-40.605,-95.117,0,3116.468,-1.166,-21.346,3118.095,2,"펜케이크",-22.699,-43.51,0,0,3141.281,,,,76,2
107,8,1,1,1,0,0,0,0,0,0,255,255,255,55,3188.517,"muyang_",R,32,86,139,-2.294,-0.003,-0.084,1.54,-1.337,1.439,-36.636,24.195,1,99,0,1,0,246.662,-173.315,19.578,0,0,0,7,8,R,"Yes_Man_",174.8,84.826,0.502,0,32,W,Y,0,0,0,0,0,0,0,0,0,0,0,0,0,0,0,0,-0.45,-37.732,0,"Pring__",0.047,-17.451,0,"Yaksok~",-19.022,-62.904,0,"Pugeuk",-20.978,-46.592,0,"TaeGeuk_",22.072,-49.528,0,"si_ho",11.519,-63.587,0,"Azuner",35.499,-93.614,0,"うよすま",-3.849,-115.897,0,"ByeolBam",-46.042,-91.492,0,0,0,0,0,0,"",0,0,0,0,3188.855,,,,0,0
108,8,1,1,1,1,0,0,0,0,0,255,255,255,56,3201.851,"muyang_",R,33,43,102,-0.149,-0.152,0.131,1.552,-0.335,1.481,-36.636,111.771,0,100,0,2,0,129.956,-43.468,1.332,0,0,1,7,8,R,"Yes_Man_",174.8,84.826,0.502,3,32,W,Y,3203.068,108,92,110,79,61,137,107,27.922,-1.035,0.13,0,0.488,240.279,490.855,247.645,-0.19,-37.935,0,"Pring__",0.008,-17.575,0,"Yaksok~",-17.806,-63.92,103,"Pugeuk",-21.382,-48.552,0,"TaeGeuk_",20.892,-47.869,0,"si_ho",11.036,-63.236,0,"Azuner",35.705,-93.672,0,"うよすま",-4.174,-114.72,100,"ByeolBam",-45.395,-91.628,0,3206.881,-9.806,-111.751,3207.135,7,"うよすま",-9.301,-109.267,0,0,,,,,260,1
109,8,1,1,1,0,0,1,0,0,0,255,255,255,57,3225.881,"muyang_",R,32,88,140,-0.889,-0.198,0.054,1.517,-0.695,1.382,-36.636,33.895,1,99,0,0,0,225.102,-123.097,0.263,0,0,0,8,9,R,"HANA_ARASHI",190,90,0.25,0,32,W,Y,0,0,0,0,0,0,0,0,0,0,0,0,0,0,0,0,-0.152,-37.89,0,"Pring__",-0.287,-17.336,0,"Yaksok~",-18.787,-64.065,0,"Pugeuk",-20.445,-47.274,0,"TaeGeuk_",20.072,-49.842,0,"si_ho",12.087,-65.628,0,"Azuner",36.773,-104.397,0,"うよすま",-8.148,-116.281,0,"ByeolBam",-45.8,-94.982,0,0,0,0,0,0,"",0,0,0,0,3226.082,,,,0,0
110,8,1,1,1,0,1,1,0,0,0,255,255,255,58,3239.195,"muyang_",R,32,71,123,-0.196,-0.457,0.123,1.46,-0.372,1.196,-36.636,47.573,100,0,0,2,0,175.683,-127.982,-1.904,0,0,1,8,9,R,"HANA_ARASHI",190,90,0.25,3,32,W,Y,3240.308,140,86,148,114,49,144,114,29.583,30.298,0.14,0,0.708,402.285,262.347,36.657,0.033,-37.956,0,"Pring__",0.077,-17.52,0,"Yaksok~",-17.808,-64.898,0,"Pugeuk",-20.582,-47.767,0,"TaeGeuk_",19.733,-50.305,0,"si_ho",12.238,-64.717,0,"Azuner",36.715,-109.567,0,"うよすま",-11.045,-119.205,0,"ByeolBam",-45.781,-95.089,0,3244.308,-57.16,-104.592,3244.401,8,"ByeolBam",-55.182,-101.93,0,0,,,,,64,1
111,8,1,1,1,0,0,2,0,0,0,255,255,255,59,3270.224,"muyang_",R,32,48,105,1.59,0.052,0.278,1.571,0.351,1.539,-36.636,103.646,65,35,0,2,0,169.794,-75.086,7.835,0,0,1,0,3,L,"하루（Haru）",160,85.172,0.403,3,32,W,Y,3271.453,246,129,64,67,54,139,119,28.25,-31.903,0.47,0,0.177,128.138,-420.653,-227.476,-0.159,-38.005,0,"Pring__",-0.004,-17.527,0,"Yaksok~",-11.415,-65.25,87,"Pugeuk",-18.947,-48.472,0,"TaeGeuk_",18.593,-47.794,0,"si_ho",12.587,-58.899,0,"Azuner",42.396,-89.094,0,"うよすま",2.333,-106.84,0,"ByeolBam",-43.48,-93.913,0,3275.055,63.567,-100.096,3276.588,6,"Azuner",61.661,-100.269,1,0,,3280.872,,,132,2
112,8,1,1,1,0,0,2,0,1,0,255,3,255,60,3302.019,"muyang_",R,32,66,119,0.873,-0.793,0.209,1.411,0.027,1.036,-36.636,44.393,4,96,0,2,0,207.816,-77.076,3.227,0,0,1,1,1,R,"ke ro",190,80,0.358,3,32,W,Y,3303.213,255,160,63,106,62,139,88,-55.814,41.216,-0.75,0,0.689,-345.894,-267.559,-355.363,0.219,-37.766,0,"Pring__",-0.021,-17.558,0,"Yaksok~",-16.696,-65.983,0,"Pugeuk",-20.212,-48.764,0,"TaeGeuk_",20.218,-42.314,0,"si_ho",6.066,-60.42,0,"Azuner",33.719,-95.799,0,"うよすま",-5.469,-115.012,0,"ByeolBam",-44.398,-94.139,0,3302.001,-0.203,-20.387,3304.562,2,"Yaksok~",-19.842,-42.778,0,0,,,3303.955,,24,2
113,8,0,1,1,0,0,0,0,0,0,255,255,255,51,3365.678,"coder_",R,7,55,106,1.967,-0.488,0.06,1.765,0.451,1.343,-36.517,11.309,66,34,0,1,0,210.849,0,6.915,0,0,0,8,7,R,"うよすま",160,85.385,0.453,0,42,W,Y,0,0,0,0,0,0,0,0,0,0,0,0,0,0,0,0,-0.298,-37.112,0,"ke ro",0.043,-17.514,0,"펜케이크",-23.568,-48.31,0,"하루（Haru）",-15.485,-62.981,0,"_Gosomi",22.389,-53.509,0,"CoalCat",8.843,-64.032,0,"Ѕeyeon",36.47,-95.518,0,"k@ster",-0.461,-105.939,0,"Yes_Man_",-45.058,-94.534,0,0,0,0,0,0,"",0,0,0,0,3365.881,,,,0,0
114,8,0,1,1,1,0,0,0,0,0,255,255,255,52,3386.369,"coder_",R,10,60,95,-2.129,-1.631,0.243,1.654,-0.776,1.286,-36.517,6.259,32,68,0,1,0,-66.406,266.485,39.591,-0.492,-18.592,0,8,7,R,"うよすま",160,85.385,0.453,0,42,W,Y,0,0,0,0,0,0,0,0,0,0,0,0,0,0,0,0,-0.506,-36.863,0,"ke ro",-0.219,-17.454,0,"펜케이크",-23.734,-49.273,0,"하루（Haru）",-15.555,-63.501,0,"_Gosomi",22.66,-53.214,0,"CoalCat",9.371,-63.468,0,"Ѕeyeon",36.475,-95.522,0,"k@ster",-0.484,-105.783,0,"Yes_Man_",-45.16,-96.817,0,0,0,0,0,0,"",0,0,0,0,3386.655,,,,0,0
115,8,0,1,1,2,0,0,0,0,0,255,255,255,53,3403.3,"coder_",R,26,58,113,1.332,1.714,0.323,1.722,0.57,2.315,-36.517,11.82,70,30,0,4,0,0.324,-156.727,10.461,0,0,1,8,7,R,"うよすま",160,85.385,0.453,0,42,W,Y,0,0,0,0,0,0,0,0,0,0,0,0,0,0,0,0,-0.783,-37.452,0,"ke ro",-0.043,-17.476,0,"펜케이크",-23.69,-49.68,0,"하루（Haru）",-15.543,-63.51,0,"_Gosomi",23.023,-53.295,0,"CoalCat",9.388,-63.434,0,"Ѕeyeon",36.476,-95.529,0,"k@ster",-0.511,-106.387,0,"Yes_Man_",-43.953,-93.884,0,0,0,0,0,0,"",0,0,0,0,3403.495,,,,0,0
116,8,0,1,1,3,0,0,0,0,0,255,255,255,54,3423.922,"coder_",R,10,43,81,-0.09,0.303,0.379,2.231,-0.049,2.647,-36.517,36.935,100,0,0,2,0,0,400,6.503,0,0,1,8,7,R,"うよすま",160,85.385,0.453,3,42,W,Y,3425.243,255,18,170,14,10,145,120,-30,44.887,0.71,0,0.323,-132.225,233.316,-34.458,-0.316,-37.076,0,"ke ro",-0.112,-17.486,0,"펜케이크",-23.897,-49.361,0,"하루（Haru）",-15.548,-63.534,0,"_Gosomi",23.162,-53.064,0,"CoalCat",9.459,-63.412,0,"Ѕeyeon",36.465,-94.966,0,"k@ster",0.339,-109.129,0,"Yes_Man_",-44.5,-93.884,0,3424.001,-1.005,-19.859,0,0,"",0,0,0,0,,,,,0,3
117,8,0,1,1,3,1,0,0,0,0,255,255,255,55,3447.916,"coder_",R,26,72,124,1.433,1.42,0.312,1.675,0.52,2.134,-36.517,21.605,98,2,0,2,0,60.46,-182.721,7.385,0,0,0,8,7,R,"うよすま",160,85.385,0.453,3,42,W,Y,3448.981,38,23,24,19,13,22,40,-81.437,81.05,-0.38,0,0.087,-332.563,376.02,-67.099,-0.312,-37.063,0,"ke ro",-0.084,-17.36,0,"펜케이크",-23.399,-48.282,0,"하루（Haru）",-20.038,-63.709,0,"_Gosomi",21.19,-53.356,0,"CoalCat",8.704,-64.217,0,"Ѕeyeon",35.975,-95.279,0,"k@ster",0.314,-107.883,0,"Yes_Man_",-47.941,-90.845,0,3447.895,-0.746,-19.028,0,0,"",0,0,0,0,,,,,0,3
118,8,0,1,1,3,2,0,0,0,0,255,255,255,56,3475.472,"coder_",R,10,45,82,0.447,0.851,0.375,2.35,0.184,2.922,-36.517,50.953,100,0,0,2,0,0,400,4.232,0,0,1,8,7,R,"うよすま",160,85.385,0.453,3,42,W,Y,3476.765,176,107,125,32,0,145,110,-23.052,38.93,0.14,0,0.29,-210.674,486.658,-173.941,-0.141,-36.802,0,"ke ro",-0.091,-17.364,0,"펜케이크",-23.662,-47.725,86,"하루（Haru）",-17.703,-61.945,0,"_Gosomi",21.384,-52.257,0,"CoalCat",8.223,-65.023,0,"Ѕeyeon",36.471,-95.108,0,"k@ster",0.176,-106.157,0,"Yes_Man_",-43.361,-91.699,0,3475.588,-1.403,-20.997,3477.148,2,"펜케이크",-19.304,-42.846,0,0,,,,,4,2
119,8,0,1,1,0,0,1,0,0,0,255,255,255,57,3500.69,"coder_",R,38,18,83,-2.295,-0.227,0.164,1.613,-0.959,1.47,-36.517,6.558,0,100,0,2,0,-18.037,-23.301,-1.216,0,0,0,0,9,L,"HOGGYS 호기스",175.2,90,0.45,3,32,W,Y,3501.992,169,132,27,55,21,92,95,-15.093,-14.547,0.23,0,0.539,257.595,-279.639,-50.194,-0.373,-37.362,0,"ke ro",-0.177,-16.892,0,"펜케이크",-23.652,-50.502,87,"하루（Haru）",-12.651,-65.045,0,"_Gosomi",22.247,-51.24,0,"CoalCat",10.479,-61.125,93,"Ѕeyeon",46.69,-92.358,0,"k@ster",0.223,-111.469,0,"Yes_Man_",-46.292,-98.02,0,3500.895,0.212,-22.181,3502.921,5,"CoalCat",9.275,-55.223,0,1,,,,,20,2
120,8,0,1,1,0,0,2,0,0,0,255,255,255,58,3532.056,"coder_",R,13,66,107,-2.499,-0.44,0.115,1.613,-0.393,1.872,-36.517,11.065,33,67,0,1,0,-355.675,341.031,34.183,0,0,0,1,5,R,"si_ho",176.1,87.779,0.35,0,32,W,Y,0,0,0,0,0,0,0,0,0,0,0,0,0,0,0,0,-0.648,-37.542,0,"ke ro",-0.424,-17.107,0,"펜케이크",-22.373,-47.825,0,"하루（Haru）",-17.08,-62.572,0,"_Gosomi",21.034,-53.179,0,"CoalCat",8.792,-64.496,0,"Ѕeyeon",38.301,-98.608,0,"k@ster",-6.293,-111.42,0,"Yes_Man_",-50.073,-101.338,0,0,0,0,0,0,"",0,0,0,0,3532.401,,,,0,0
121,8,0,1,1,1,0,2,0,0,0,255,255,255,59,3543.953,"coder_",R,11,61,109,-1.552,-0.426,0.401,1.807,-0.424,1.688,-36.517,21.902,54,46,0,2,0,-142.279,233.774,15.89,0,0,0,1,5,R,"si_ho",176.1,87.779,0.35,3,32,W,Y,3545.192,255,134,100,94,46,145,86,-30,56.572,0.98,0,0.583,460.207,-244.809,75.713,-0.095,-37.224,0,"ke ro",-0.226,-16.95,0,"펜케이크",-22.719,-47.486,0,"하루（Haru）",-16.853,-62.873,0,"_Gosomi",20.984,-53.053,0,"CoalCat",8.824,-64.465,0,"Ѕeyeon",38.304,-98.607,0,"k@ster",0.031,-112.273,0,"Yes_Man_",-48.392,-98.681,0,3543.975,-1.771,-19.815,0,0,"",0,0,0,0,,,,,0,3
122,8,0,1,1,1,1,2,0,0,0,255,255,255,60,3565.636,"coder_",R,10,30,79,-2.34,-2.505,-0.077,1.507,-1.016,0.76,-36.517,6.585,43,57,0,1,0,0,285.452,9.833,-0.438,-20.186,0,1,5,R,"si_ho",176.1,87.779,0.35,0,32,W,Y,0,0,0,0,0,0,0,0,0,0,0,0,0,0,0,0,-0.559,-37.39,0,"ke ro",-0.116,-16.891,0,"펜케이크",-22.187,-47.345,0,"하루（Haru）",-16.485,-62.824,0,"_Gosomi",21.607,-54.571,0,"CoalCat",8.658,-63.91,0,"Ѕeyeon",38.734,-99.25,0,"k@ster",0.37,-112.633,0,"Yes_Man_",-48.36,-98.349,0,0,0,0,0,0,"",0,0,0,0,3566.255,,,,0,0
123,8,0,1,1,2,1,2,0,0,0,255,255,255,61,3586.641,"coder_",R,10,53,88,-2.764,-2.706,-0.083,1.728,-1.2,0.778,-36.517,10.958,48,52,0,1,0,0,400,22.223,-0.511,-20.462,0,1,5,R,"si_ho",176.1,87.779,0.35,0,32,W,Y,0,0,0,0,0,0,0,0,0,0,0,0,0,0,0,0,-0.352,-37.16,0,"ke ro",-0.123,-16.948,0,"펜케이크",-22.83,-48.367,0,"하루（Haru）",-16.491,-62.841,0,"_Gosomi",21.542,-54.504,0,"CoalCat",8.628,-63.986,0,"Ѕeyeon",38.737,-99.262,0,"k@ster",-0.304,-112.546,0,"Yes_Man_",-49.532,-98.18,0,0,0,0,0,0,"",0,0,0,0,3587.188,,,,0,0
124,8,0,1,1,3,1,2,0,0,0,255,255,255,62,3603.128,"coder_",R,26,68,121,1.653,0.388,0.38,1.631,0.666,1.659,-36.517,22.185,100,0,0,2,0,26.445,-155.858,6.886,0,0,0,1,5,R,"si_ho",176.1,87.779,0.35,3,32,W,Y,3604.322,213,59,57,19,0,127,74,-49.257,39.412,-0.86,0,0.354,-237.855,362.116,-393.365,-0.52,-37.686,0,"ke ro",-0.028,-17.023,0,"펜케이크",-22.674,-48.621,65,"하루（Haru）",-16.445,-62.949,0,"_Gosomi",21.97,-54.357,0,"CoalCat",8.549,-63.971,0,"Ѕeyeon",38.743,-99.269,0,"k@ster",-0.153,-112.674,0,"Yes_Man_",-49.614,-102.267,0,3603.175,-0.351,-19.834,3605.722,2,"펜케이크",-17.796,-40.748,0,0,3637.735,,,,12,2
125,9,1,1,1,0,0,0,0,0,0,255,255,255,61,3655.704,"muyang_",R,3,57,89,1.614,-0.794,0.386,1.518,1.613,1.141,-36.636,90.11,0,100,0,4,0,-384.742,0,3.186,0,0,1,2,2,L,"펜케이크",190,95.133,0.447,0,32,W,Y,0,0,0,0,0,0,0,0,0,0,0,0,0,0,0,0,-0.289,-37.462,0,"Pring__",0.012,-17.458,0,"Yaksok~",-14.782,-63.775,0,"Pugeuk",-19.062,-47.629,0,"TaeGeuk_",19.684,-46.307,0,"si_ho",15.087,-63.433,0,"Azuner",48.539,-102.264,0,"うよすま",4.728,-121.065,0,"ByeolBam",-40.486,-94.31,0,0,0,0,0,0,"",0,0,0,0,3656.202,,,,0,0
126,9,1,1,1,0,1,0,0,0,0,255,255,255,62,3670.298,"muyang_",R,32,76,127,-2.456,-1.235,-0.144,1.416,-1.429,0.711,-36.636,24.41,0,100,0,1,0,236.024,-124.301,11.154,0,0,0,2,2,L,"펜케이크",190,95.133,0.447,0,32,W,Y,0,0,0,0,0,0,0,0,0,0,0,0,0,0,0,0,-0.507,-37.317,0,"Pring__",0.012,-17.467,0,"Yaksok~",-13.528,-64.368,0,"Pugeuk",-19.31,-47.513,0,"TaeGeuk_",22.673,-47.805,0,"si_ho",14.854,-63.496,0,"Azuner",47.983,-101.299,0,"うよすま",6.263,-120.842,0,"ByeolBam",-38.035,-99.458,0,0,0,0,0,0,"",0,0,0,0,3670.535,,,,0,0
127,9,1,1,1,1,1,0,0,0,0,255,255,255,63,3686.598,"muyang_",R,32,66,119,1.347,-0.099,0.25,1.546,0.22,1.476,-36.636,74.616,0,100,0,2,0,214.53,-71.236,-4.638,0,0,1,2,2,L,"펜케이크",190,95.133,0.447,3,32,W,Y,3687.736,255,89,193,141,63,145,87,-30,-65.822,1,0,0.562,257.129,273.24,-101.833,-0.247,-37.451,0,"Pring__",-0.006,-17.589,0,"Yaksok~",-13.182,-64.593,0,"Pugeuk",-19.097,-47.666,0,"TaeGeuk_",21.926,-50.708,0,"si_ho",14.852,-63.45,0,"Azuner",47.958,-101.016,0,"うよすま",7.28,-121.503,0,"ByeolBam",-42.616,-98.003,0,3686.628,3.746,-22.749,0,0,"",0,0,0,0,,,,,0,3
128,9,1,1,1,1,2,0,0,0,0,255,255,255,64,3707.832,"muyang_",R,10,59,92,0.191,0.345,0.115,1.996,0.08,2.501,-36.636,68.029,100,0,0,0,0,0,400,1.873,0,0,1,2,2,L,"펜케이크",190,95.133,0.447,0,35,W,Y,0,0,0,0,0,0,0,0,0,0,0,0,0,0,0,0,-0.264,-37.562,0,"Pring__",0.051,-17.703,0,"Yaksok~",-14.136,-67.812,0,"Pugeuk",-19.934,-45.585,0,"TaeGeuk_",22.117,-47.843,0,"si_ho",15.112,-63.554,0,"Azuner",47.794,-100.753,0,"うよすま",9.407,-123.884,0,"ByeolBam",-48.627,-100.796,0,0,0,0,0,0,"",0,0,0,0,3708.335,,,,0,0
129,9,1,1,1,0,0,1,0,0,0,255,255,255,65,3732.716,"muyang_",R,33,47,105,4.539,-1.262,0.365,1.504,1.68,1.002,-36.636,81.709,7,93,0,3,0,123.56,-42.037,-4.56,1.084,-20.325,0,3,7,R,"k@ster",168.4,95.017,0.646,0,32,W,Y,0,0,0,0,0,0,0,0,0,0,0,0,0,0,0,0,-0.153,-37.275,0,"Pring__",-0.001,-17.573,0,"Yaksok~",-12.577,-61.113,0,"Pugeuk",-20.828,-47.484,0,"TaeGeuk_",23.832,-49.393,0,"si_ho",11.561,-60.261,0,"Azuner",33.524,-90.98,0,"うよすま",-2.781,-111.279,0,"ByeolBam",-42.204,-91.701,0,0,0,0,0,0,"",0,0,0,0,3735.122,,,,0,6
130,9,1,1,1,1,0,2,0,0,0,255,255,255,66,3826.419,"muyang_",R,32,76,127,-0.486,-0.74,0.086,1.435,-0.544,1.053,-36.636,38.292,0,100,0,2,0,214.385,-122.415,2.416,0,0,1,4,5,R,"CoalCat",169.9,82.838,0.435,3,32,W,Y,3827.511,255,106,95,65,55,145,83,111.229,-52.628,-0.83,0,0.441,165.146,-322.449,70.394,0.142,-37.842,0,"Pring__",-0.056,-17.758,0,"Yaksok~",-15.009,-61.469,0,"Pugeuk",-20.45,-46.195,0,"TaeGeuk_",21.888,-48.61,0,"si_ho",10.834,-61.353,0,"Azuner",34.431,-90.639,0,"うよすま",-4.827,-113.369,0,"ByeolBam",-40.855,-90.367,0,0,0,0,0,0,"",0,0,0,0,,,,,0,3
131,9,1,1,1,1,1,2,0,0,0,255,255,255,67,3844.798,"muyang_",R,32,73,125,-0.929,-2.224,0.128,1.378,-0.751,0.238,-36.636,35.053,0,100,0,2,0,217.556,-97.703,2.877,0,0,1,4,5,R,"CoalCat",169.9,82.838,0.435,3,32,W,Y,3846.013,255,163,141,92,74,145,111,-25.038,36.133,0.08,0,0.366,200.587,-511.803,-57.919,0.07,-37.677,0,"Pring__",-0.046,-17.727,0,"Yaksok~",-16.401,-61.623,0,"Pugeuk",-20.933,-47.954,0,"TaeGeuk_",22.669,-47.711,0,"si_ho",10.815,-61.346,0,"Azuner",33.691,-91.4,0,"うよすま",-5.905,-116.314,0,"ByeolBam",-44.351,-93.953,0,3844.775,-0.442,-20.761,3846.575,1,"Pring__",-21.007,-49.045,0,0,3872.562,,,,18,2
132,9,0,1,1,0,0,0,0,0,0,255,255,255,63,3924.079,"하루（Haru）",R,27,72,124,2.778,2.209,0.484,1.784,0.842,2.13,-36.801,68.56,90,10,0,2,0,84.381,-112.81,0.987,0,0,1,2,2,R,"Yaksok~",173.3,80,0.332,3,32,W,Y,3925.043,244,147,69,61,30,140,82,22.147,-5.165,-0.83,0,0.199,564.871,-170.613,47.686,0.048,-37.17,0,"ke ro",0.019,-17.062,0,"펜케이크",-22.801,-50.24,0,"coder_",-15.193,-63.505,88,"_Gosomi",19.902,-54.608,0,"CoalCat",7.07,-65.146,0,"Ѕeyeon",38.391,-98.236,0,"k@ster",-0.235,-112.233,82,"Yes_Man_",-41.118,-95.251,0,3928.401,9.04,-89.615,3929.388,7,"k@ster",9.879,-94.998,1,0,,,,,9,2
133,9,0,1,1,0,0,0,1,0,0,12,255,255,64,3954.955,"하루（Haru）",R,27,74,125,-0.123,0.065,0.268,1.608,-0.164,1.516,-36.801,40.919,87,13,0,2,0,62.761,-132.788,6.411,0,0,1,3,1,L,"Pring__",190,93.089,0.485,3,32,W,Y,3955.996,255,119,119,94,57,145,130,21.122,-35.324,0.5,0,0.546,138.319,-297.57,8.533,0.292,-37.199,0,"ke ro",-0.037,-17.783,0,"펜케이크",-20.733,-42.827,0,"coder_",-3.816,-64.454,0,"_Gosomi",23.436,-52.451,0,"CoalCat",11.797,-63.188,0,"Ѕeyeon",50.435,-91.707,0,"k@ster",2.827,-117.952,0,"Yes_Man_",-46.362,-109.389,0,3959.788,76.295,-112.655,0,0,"",0,0,0,0,,3958.603,3967.404,3972.661,0,4
134,9,0,1,3,0,0,0,0,0,0,255,255,255,65,3996.705,"하루（Haru）",R,26,80,131,1.807,0.453,0.307,1.628,0.018,1.583,-36.801,38.587,87,13,0,2,0,79.09,-159.248,5.202,0,0,1,4,3,R,"Pugeuk",190,86.201,0.347,3,32,W,Y,3997.822,241,71,145,59,27,145,130,27.542,17.207,0.6,0,0.741,2.414,487.709,143.445,0.028,-37.231,0,"ke ro",-0.027,-17.343,0,"펜케이크",-22.216,-47.811,0,"coder_",-14.125,-63.102,0,"_Gosomi",20.807,-53.538,0,"CoalCat",6.994,-66.294,0,"Ѕeyeon",41.298,-101.433,0,"k@ster",-0.211,-119.532,0,"Yes_Man_",-53.684,-104.914,97,0,0,0,4001.481,8,"Yes_Man_",-44.258,-118.496,0,0,,,,,128,1
135,9,0,1,3,0,0,1,0,0,0,255,255,255,66,4027.453,"하루（Haru）",R,10,15,67,-0.921,-1.503,0.287,1.691,-0.104,1.603,-36.801,74.546,100,0,0,4,0,-109.526,400,-65.589,0,0,1,5,4,R,"TaeGeuk_",176.6,88.966,0.627,0,32,W,Y,0,0,0,0,0,0,0,0,0,0,0,0,0,0,0,0,-0.03,-37.077,0,"ke ro",-0.033,-16.909,0,"펜케이크",-23.238,-48.251,0,"coder_",-13.516,-64.555,0,"_Gosomi",21.175,-53.504,0,"CoalCat",6.626,-66.089,0,"Ѕeyeon",38.284,-97.677,0,"k@ster",-0.409,-107.991,0,"Yes_Man_",-43.535,-97.541,0,0,0,0,0,0,"",0,0,0,0,4027.975,,,,0,0
136,9,0,1,3,0,1,1,0,0,0,255,255,255,67,4045.215,"하루（Haru）",R,3,17,68,-1.329,-0.79,0.355,1.603,0.231,1.175,-36.801,91.95,75,25,0,0,0,-276.467,0,-63.229,0,0,1,5,4,R,"TaeGeuk_",176.6,88.966,0.627,0,32,W,Y,0,0,0,0,0,0,0,0,0,0,0,0,0,0,0,0,0.059,-36.841,0,"ke ro",-0.085,-16.89,0,"펜케이크",-23.187,-48.294,0,"coder_",-11.17,-61.596,0,"_Gosomi",21.229,-53.413,0,"CoalCat",6.351,-66.091,0,"Ѕeyeon",38.552,-98.371,0,"k@ster",-0.388,-107.982,0,"Yes_Man_",-42.729,-98.136,0,0,0,0,0,0,"",0,0,0,0,4045.722,,,,0,0
137,9,0,1,3,0,2,1,0,0,0,255,255,255,68,4062.208,"하루（Haru）",R,0,7,10,-1.657,-2.708,0.07,1.742,-0.724,1.867,-36.801,78.087,100,0,0,1,0,-1.187,1.135,-39.476,0.006,-34.029,0,5,4,R,"TaeGeuk_",176.6,88.966,0.627,0,32,W,Y,0,0,0,0,0,0,0,0,0,0,0,0,0,0,0,0,-0.118,-36.944,0,"ke ro",0.022,-16.907,0,"펜케이크",-22.744,-48.758,0,"coder_",-13.115,-63.031,0,"_Gosomi",21.218,-53.388,0,"CoalCat",6.029,-66.194,0,"Ѕeyeon",38.013,-98.31,0,"k@ster",-0.36,-107.991,0,"Yes_Man_",-43.868,-99.209,0,0,0,0,0,0,"",0,0,0,0,,,,,0,0
138,9,0,1,3,1,2,1,0,0,0,255,255,255,69,4079.59,"하루（Haru）",R,26,82,133,-1.092,0.314,0.173,1.639,-0.605,1.615,-36.801,34.297,93,7,0,0,0,83.324,-169.999,7.639,0,0,1,5,4,R,"TaeGeuk_",176.6,88.966,0.627,0,32,W,Y,0,0,0,0,0,0,0,0,0,0,0,0,0,0,0,0,-0.201,-37.299,0,"ke ro",-0.136,-16.859,0,"펜케이크",-22.99,-47.549,0,"coder_",-13.025,-64.815,0,"_Gosomi",21.248,-53.387,0,"CoalCat",5.828,-66.155,0,"Ѕeyeon",39.042,-98.204,0,"k@ster",-0.328,-108.879,0,"Yes_Man_",-44.171,-98.647,0,0,0,0,0,0,"",0,0,0,0,4079.521,,,,0,0
139,9,0,1,3,0,0,2,0,0,0,255,255,255,70,4099.924,"하루（Haru）",R,27,71,123,2.756,0.546,0.521,1.687,1.013,1.781,-36.801,66.999,85,15,0,2,0,103.617,-121.242,-1.049,0,0,0,6,8,R,"ByeolBam",175.4,90,0.5,3,32,W,Y,4101.2,159,37,107,48,25,145,92,13.922,32.064,-0.45,0,0.237,-106.896,580.1,-109.807,-0.328,-37.619,0,"ke ro",0.024,-17.004,0,"펜케이크",-21.946,-45.285,85,"coder_",-15.954,-66.281,0,"_Gosomi",20.834,-53.859,0,"CoalCat",6.956,-65.1,0,"Ѕeyeon",39.974,-99.626,0,"k@ster",0.184,-112.283,0,"Yes_Man_",-43.47,-99.876,103,4102.415,-30.958,-61.549,4104.628,8,"Yes_Man_",-47.522,-80.694,1,0,,,,,132,2
140,9,0,1,3,0,0,2,1,0,0,18,255,255,71,4127.743,"하루（Haru）",R,4,12,66,-1.778,-0.001,0.162,1.659,-0.437,1.674,-36.801,76.746,100,0,0,1,0,-203.746,33.813,-55.615,0,0,0,7,6,L,"Azuner",180.5,80,0.302,0,32,W,Y,0,0,0,0,0,0,0,0,0,0,0,0,0,0,0,0,-0.091,-37.066,0,"ke ro",0.077,-17.349,0,"펜케이크",-20.031,-43.151,0,"coder_",-0.505,-62.723,0,"_Gosomi",23.515,-50.859,0,"CoalCat",10.816,-63.63,0,"Ѕeyeon",51.554,-92.85,0,"k@ster",4.98,-119.896,0,"Yes_Man_",-38.534,-98.131,0,0,0,0,0,0,"",0,0,0,0,4128.441,,,,0,0
141,9,0,1,3,1,0,2,1,0,0,18,255,255,72,4142.082,"하루（Haru）",R,27,70,122,2.842,0.562,0.532,1.692,1.063,1.797,-36.801,57.516,87,13,0,1,0,96.26,-128.228,0.701,0,0,0,7,6,L,"Azuner",180.5,80,0.302,0,32,W,Y,0,0,0,0,0,0,0,0,0,0,0,0,0,0,0,0,-3.344,-38.711,0,"ke ro",0.535,-18.375,0,"펜케이크",-19.898,-42.629,0,"coder_",-1.103,-62.199,0,"_Gosomi",23.553,-50.929,0,"CoalCat",10.004,-63.123,0,"Ѕeyeon",51.203,-93.005,0,"k@ster",2.641,-115.733,0,"Yes_Man_",-37.971,-96.896,0,0,0,0,0,0,"",0,0,0,0,4142.282,4145.276,,,0,0
142,9,0,1,3,2,0,2,0,1,0,255,18,255,73,4164.859,"하루（Haru）",R,27,74,125,-0.592,0.325,0.216,1.647,-0.403,1.644,-36.801,39.039,90,10,0,2,0,86.346,-144.515,6.078,0,0,1,7,6,L,"Azuner",180.5,80,0.302,3,32,W,Y,4165.968,151,88,62,75,56,137,94,45.021,1.04,-0.2,0,0.497,37.022,-559.946,-188.112,0.207,-37.119,95,"ke ro",-0.016,-17.299,0,"펜케이크",-23.056,-49.438,0,"coder_",-3.154,-67.566,91,"_Gosomi",22.273,-49.924,89,"CoalCat",12.08,-61.916,0,"Ѕeyeon",50.705,-93.539,0,"k@ster",3.871,-121.245,105,"Yes_Man_",-37.933,-96.325,0,4170.108,9.967,-88.382,4171.455,7,"k@ster",11.825,-95.023,1,64,4179.748,4175.774,4175.493,4203.93,107,2
143,10,1,1,3,0,0,0,0,0,0,255,255,255,68,4253.108,"muyang_",R,32,82,133,0.172,-0.067,0.14,1.525,-0.292,1.391,-36.636,43.305,32,68,0,2,0,250,-170.367,-3.491,0,0,1,5,6,R,"Ѕeyeon",170.5,82,0.35,3,32,W,Y,4254.14,184,72,64,55,32,137,80,61.703,-3.476,-0.77,0,0.464,205.417,60.569,-24.468,-0.101,-37.588,0,"Pring__",0.002,-17.513,0,"Yaksok~",-16.729,-64.278,0,"Pugeuk",-20.753,-48.368,0,"TaeGeuk_",21.391,-50.122,0,"si_ho",12.395,-60.739,85,"Azuner",32.723,-92.108,0,"うよすま",-3.88,-114.792,0,"ByeolBam",-44.064,-91.356,0,4258.508,2.145,-59.058,4258.762,5,"si_ho",2.103,-57.848,0,0,,,,,2,1
144,10,1,1,3,0,0,1,0,0,0,255,255,255,69,4284.853,"muyang_",R,13,82,120,-3.656,-1.437,-0.013,1.473,-1.006,1.216,-36.636,43.004,52,48,0,4,0,-353.821,353.285,-3.791,-1.123,-17.289,1,6,4,R,"_Gosomi",175.2,85.099,0.49,0,32,W,Y,0,0,0,0,0,0,0,0,0,0,0,0,0,0,0,0,-0.43,-37.877,0,"Pring__",-0.569,-17.381,0,"Yaksok~",-15.499,-63.601,0,"Pugeuk",-21.007,-48.498,0,"TaeGeuk_",23.68,-50.482,0,"si_ho",13.224,-62.161,0,"Azuner",33.455,-92.357,0,"うよすま",-8.563,-114.89,0,"ByeolBam",-43.255,-93.845,0,0,0,0,0,0,"",0,0,0,0,4287.481,,,,0,0
145,10,1,1,3,0,1,1,0,0,0,255,255,255,70,4303.43,"muyang_",R,32,90,140,-4.394,-1.853,-0.251,1.299,-2.111,0.602,-36.636,17.683,4,96,0,1,0,197.844,86.16,-73.548,0,0,0,6,4,R,"_Gosomi",175.2,85.099,0.49,0,32,W,Y,0,0,0,0,0,0,0,0,0,0,0,0,0,0,0,0,-0.142,-37.822,0,"Pring__",-0.354,-17.701,0,"Yaksok~",-15.391,-63.664,0,"Pugeuk",-21.097,-48.535,0,"TaeGeuk_",24.853,-52.343,0,"si_ho",12.6,-61.847,0,"Azuner",33.518,-92.306,0,"うよすま",-8.056,-116.062,0,"ByeolBam",-43.307,-93.927,0,0,0,0,0,0,"",0,0,0,0,4303.562,,,,0,0
146,10,1,1,3,1,1,1,0,0,0,255,255,255,71,4320.046,"muyang_",R,3,59,90,-0.549,-0.754,0.23,1.562,0.753,1.198,-36.636,49.583,27,73,0,0,0,-409.091,0,-24.687,0,0,1,6,4,R,"_Gosomi",175.2,85.099,0.49,0,32,W,Y,0,0,0,0,0,0,0,0,0,0,0,0,0,0,0,0,-0.329,-37.906,0,"Pring__",-0.012,-17.589,0,"Yaksok~",-16.089,-65.42,0,"Pugeuk",-21.127,-48.526,0,"TaeGeuk_",22.674,-49.875,0,"si_ho",13.104,-61.447,0,"Azuner",33.23,-92.303,0,"うよすま",-8.005,-114.013,0,"ByeolBam",-42.848,-93.889,0,0,0,0,0,0,"",0,0,0,0,4320.428,,,,0,0
147,10,1,1,3,1,2,1,0,0,0,255,255,255,72,4342.412,"muyang_",R,3,55,100,-1.786,-0.892,0.245,1.515,0.105,1.111,-36.636,60.524,6,94,0,4,0,-422.674,0,8.298,0,0,1,6,4,R,"_Gosomi",175.2,85.099,0.49,0,32,W,Y,0,0,0,0,0,0,0,0,0,0,0,0,0,0,0,0,-0.268,-37.675,0,"Pring__",-0.051,-17.57,0,"Yaksok~",-15.95,-65.623,0,"Pugeuk",-21.939,-47.281,0,"TaeGeuk_",22.404,-50.761,0,"si_ho",9.595,-62.871,0,"Azuner",33.412,-92.065,0,"うよすま",-8.311,-117.964,0,"ByeolBam",-42.955,-93.766,0,0,0,0,0,0,"",0,0,0,0,4342.695,,,,0,0
148,10,1,1,3,0,0,2,0,0,0,255,255,255,73,4366.447,"muyang_",R,32,76,127,-1.029,-0.384,0.026,1.48,-0.825,1.238,-36.636,32.544,3,97,0,0,0,243.599,-137.714,13.164,0,0,0,7,8,R,"Yes_Man_",174.8,84.826,0.502,0,32,W,Y,0,0,0,0,0,0,0,0,0,0,0,0,0,0,0,0,-0.275,-37.389,0,"Pring__",-0.029,-17.525,0,"Yaksok~",-16.208,-65.49,0,"Pugeuk",-21.582,-49.27,0,"TaeGeuk_",20.383,-49.319,0,"si_ho",11.392,-62.894,0,"Azuner",30.612,-94.359,0,"うよすま",-2.181,-116.217,0,"ByeolBam",-45.525,-94.571,0,0,0,0,0,0,"",0,0,0,0,4366.628,,,,0,0
149,10,1,1,3,0,1,2,0,0,0,255,255,255,74,4383.112,"muyang_",R,3,67,108,1.591,-1.206,0.348,1.519,1.616,0.917,-36.636,64.399,0,100,0,2,0,-490.909,0,-7.242,0,0,0,7,8,R,"Yes_Man_",174.8,84.826,0.502,3,32,W,Y,4384.32,173,133,58,67,50,137,126,7.253,-0.596,0.64,0,0.569,-125.111,569.912,-0.646,-0.154,-37.883,0,"Pring__",-0.026,-17.617,0,"Yaksok~",-16.102,-66.386,0,"Pugeuk",-21.615,-49.426,0,"TaeGeuk_",24.098,-51.262,0,"si_ho",11.327,-62.817,79,"Azuner",31.521,-93.025,0,"うよすま",-2.401,-116.837,99,"ByeolBam",-45.5,-94.563,0,4384.881,-2.87,-78.312,4386.361,7,"うよすま",-5.805,-102.821,1,0,,,,,258,2
150,10,1,1,3,0,0,2,1,0,0,8,255,255,75,4413.08,"muyang_",R,3,51,84,1.205,-0.484,0.407,1.469,1.486,1.343,-36.636,70.724,1,99,0,0,0,-381.818,0,-3.906,0,0,0,8,9,R,"HANA_ARASHI",190,90,0.25,0,32,W,Y,0,0,0,0,0,0,0,0,0,0,0,0,0,0,0,0,-0.181,-37.843,0,"Pring__",-0.015,-17.54,0,"Yaksok~",-17.482,-67.313,0,"Pugeuk",-20.614,-45.204,0,"TaeGeuk_",21.341,-51.558,0,"si_ho",9.526,-64.306,0,"Azuner",35.017,-110.09,0,"うよすま",-7.365,-120.495,0,"ByeolBam",-47.84,-103.374,0,0,0,0,0,0,"",0,0,0,0,4413.481,,,,0,0
151,10,1,1,3,0,1,2,1,0,0,8,255,255,76,4431.611,"muyang_",R,3,44,80,1.076,-0.401,0.439,1.571,1.499,1.393,-36.636,61.779,0,100,0,2,0,-363.636,0,-36.125,0,0,1,8,9,R,"HANA_ARASHI",190,90,0.25,3,32,W,Y,4433.036,144,66,69,87,85,139,130,107.635,-57.604,0.58,0,0.458,167.297,-70.73,226.014,-0.149,-37.412,0,"Pring__",-0.016,-17.66,0,"Yaksok~",-16.685,-66.473,0,"Pugeuk",-20.093,-47.162,0,"TaeGeuk_",21.653,-52.159,0,"si_ho",9.427,-62.689,0,"Azuner",35.647,-109.335,0,"うよすま",-8.849,-120.541,0,"ByeolBam",-48.109,-99.96,0,0,0,0,0,0,"",0,0,0,0,,,,,0,3
152,10,1,1,3,0,2,2,1,0,0,8,255,255,77,4454.211,"muyang_",R,3,51,84,-0.757,-1.381,0.332,1.467,0.605,0.999,-36.636,61.472,22,78,0,2,0,-370.015,123.358,-7.183,0,0,1,8,9,R,"HANA_ARASHI",190,90,0.25,3,32,W,Y,4455.638,193,105,126,130,86,145,130,-15.096,29.691,0.61,0,0.399,257.578,-307.118,-45.403,-0.131,-37.753,0,"Pring__",-0.101,-17.773,0,"Yaksok~",-16.404,-66.589,0,"Pugeuk",-20.016,-46.592,85,"TaeGeuk_",22.625,-52.3,0,"si_ho",10.61,-63.289,0,"Azuner",35.673,-109.423,0,"うよすま",-9.447,-119.736,0,"ByeolBam",-49.094,-99.906,103,4454.361,-1.098,-22.157,4457.722,8,"ByeolBam",-41.717,-85.983,1,0,,4460.25,,,80,2
153,10,1,1,3,0,0,2,1,1,0,9,8,255,78,4488.959,"muyang_",R,10,53,100,-0.092,-1.722,0.203,1.617,-0.046,1.143,-36.636,52.226,19,81,0,4,0,0,400,1.762,0,0,1,0,3,R,"coder_",190,80,0.283,0,32,W,Y,0,0,0,0,0,0,0,0,0,0,0,0,0,0,0,0,-0.227,-37.335,0,"Pring__",0.151,-21.706,0,"Yaksok~",-17.196,-65.565,0,"Pugeuk",-20.247,-43.276,0,"TaeGeuk_",19.07,-41.476,0,"si_ho",10.421,-61.804,0,"Azuner",35.589,-95.766,0,"うよすま",-5.323,-118.512,0,"ByeolBam",-44.06,-90.463,0,0,0,0,0,0,"",0,0,0,1,4489.215,4492.404,,,0,0
154,10,1,1,3,0,1,2,1,1,0,9,8,255,79,4507.646,"muyang_",R,26,62,116,-2.116,1.501,-0.022,1.812,-1.046,2.348,-36.636,32.264,78,22,0,4,0,71.735,-200,5.817,0,0,1,0,3,R,"coder_",190,80,0.283,0,32,W,Y,0,0,0,0,0,0,0,0,0,0,0,0,0,0,0,0,0.061,-37.591,0,"Pring__",-0.3,-17.496,0,"Yaksok~",-17.272,-65.567,0,"Pugeuk",-19.976,-45.405,0,"TaeGeuk_",20.932,-45.983,0,"si_ho",7.988,-61.319,0,"Azuner",34.516,-98.301,0,"うよすま",-5.946,-117.708,0,"ByeolBam",-45.493,-92.44,0,0,0,0,0,0,"",0,0,0,0,4507.815,4510.453,,,0,0
155,10,1,1,3,0,2,2,1,1,0,9,8,255,80,4530.527,"muyang_",R,6,51,99,2.909,-0.909,0.236,1.504,0.481,1.062,-36.636,49.211,0,100,0,2,0,350.349,0,42.695,0,0,1,0,3,R,"coder_",190,80,0.283,3,32,W,Y,4531.737,179,153,71,132,97,143,90,-59.42,55.822,-0.79,0,0.677,209.254,-64.572,126.924,-0.095,-37.792,0,"Pring__",0.131,-17.803,0,"Yaksok~",-16.765,-65.856,0,"Pugeuk",-20.431,-47.145,0,"TaeGeuk_",21.034,-45.174,0,"si_ho",10.961,-60.061,0,"Azuner",34.307,-98.072,0,"うよすま",-6.532,-118.273,0,"ByeolBam",-45.283,-95.087,0,4530.481,-0.07,-21.267,0,0,"",0,0,0,0,,4540.144,,,0,0
156,10,1,1,3,0,2,2,1,1,0,9,8,255,81,4555.2,"muyang_",R,3,57,89,3.202,-0.571,0.482,1.528,2.353,1.281,-36.636,79.208,0,100,0,4,0,-404.546,0,-19.367,0,0,1,0,3,R,"coder_",190,80,0.283,0,32,W,Y,0,0,0,0,0,0,0,0,0,0,0,0,0,0,0,0,-0.133,-37.784,0,"Pring__",0.164,-18.514,0,"Yaksok~",-17.334,-65.563,0,"Pugeuk",-20.784,-45.193,0,"TaeGeuk_",21.3,-45.672,0,"si_ho",7.819,-60.445,0,"Azuner",34.396,-97.931,0,"うよすま",-7.832,-116.295,0,"ByeolBam",-45.753,-92.88,0,0,0,0,0,0,"",0,0,0,0,4555.521,,,,0,0
157,10,0,1,3,0,0,0,0,0,0,255,255,255,74,4597.892,"하루（Haru）",R,13,10,62,0.847,1.172,0.393,1.925,0.366,2.312,-36.801,74.954,100,0,0,0,0,-194.516,361.801,-52.862,0,0,0,8,7,R,"うよすま",160,85.385,0.453,0,32,W,Y,0,0,0,0,0,0,0,0,0,0,0,0,0,0,0,0,0.306,-37.026,0,"ke ro",-0.065,-16.991,0,"펜케이크",-22.977,-49.116,0,"coder_",-14.133,-61.284,0,"_Gosomi",20.999,-53.433,0,"CoalCat",6.725,-63.802,0,"Ѕeyeon",33.774,-92.964,0,"k@ster",0.193,-106.293,0,"Yes_Man_",-41.409,-91.8,0,0,0,0,0,0,"",0,0,0,0,4598.575,,,,0,0
158,10,0,1,3,0,1,0,0,0,0,255,255,255,75,4617.324,"하루（Haru）",R,39,10,69,-0.363,-0.082,0.208,1.559,-0.18,1.18,-36.801,69.705,0,100,0,2,0,4.575,-193.856,-53.964,0,0,1,8,7,R,"うよすま",160,85.385,0.453,3,41,W,Y,4618.795,255,162,163,87,26,145,82,35.022,36.9,-0.72,0,0.436,39.592,50.09,154.349,-0.036,-37.154,0,"ke ro",-0.148,-17.02,0,"펜케이크",-24.264,-50.36,89,"coder_",-14.709,-61.309,89,"_Gosomi",19.453,-51.963,0,"CoalCat",6.986,-63.647,0,"Ѕeyeon",33.802,-93.013,0,"k@ster",0.04,-107,0,"Yes_Man_",-42.291,-92.328,0,4622.001,-41.319,-72.664,4622.375,8,"Yes_Man_",-40.868,-72.091,1,0,,,,,133,2
159,10,0,1,3,0,0,0,1,0,0,17,255,255,76,4647.567,"하루（Haru）",R,27,75,113,-0.688,-0.005,0.142,1.706,-0.5,1.785,-36.801,45.398,93,7,0,2,0,46.494,-131.159,2.841,0,0,1,0,9,L,"HOGGYS 호기스",175.2,90,0.45,3,32,W,Y,4648.678,185,130,81,96,21,145,85,106.458,-61.891,-0.84,0,0.365,440.636,221.465,-68.238,-0.004,-36.942,0,"ke ro",0.002,-17.339,0,"펜케이크",-19.888,-41.049,0,"coder_",-12.938,-59.999,0,"_Gosomi",22.616,-50.483,0,"CoalCat",10.525,-62.363,0,"Ѕeyeon",42.031,-87.078,0,"k@ster",0.134,-109.221,0,"Yes_Man_",-44.025,-93.645,0,0,0,0,0,0,"",0,0,0,0,,,,,0,3
160,10,0,1,3,0,1,0,1,0,0,17,255,255,77,4692.417,"하루（Haru）",R,10,13,65,-0.445,0.31,0.238,1.765,-0.201,1.922,-36.801,66.679,100,0,0,0,0,0,400,-79.794,0,0,1,0,9,L,"HOGGYS 호기스",175.2,90,0.45,0,32,W,Y,0,0,0,0,0,0,0,0,0,0,0,0,0,0,0,0,0.191,-37.209,0,"ke ro",-0.789,-19.58,0,"펜케이크",-20.159,-44.847,0,"coder_",-2.099,-63.044,0,"_Gosomi",22.779,-50.238,0,"CoalCat",11.166,-59.813,0,"Ѕeyeon",41.342,-85.662,0,"k@ster",0.467,-106.272,0,"Yes_Man_",-33.17,-95.603,0,0,0,0,0,0,"",0,0,0,1,4692.961,,,,0,0
161,10,0,1,3,0,2,0,1,0,0,17,255,255,78,4725.681,"하루（Haru）",R,3,17,67,-0.052,0.243,0.574,1.681,0.824,1.775,-36.801,70.829,100,0,0,0,0,-304.546,0,-47.177,0,0,0,0,9,L,"HOGGYS 호기스",175.2,90,0.45,0,32,W,Y,0,0,0,0,0,0,0,0,0,0,0,0,0,0,0,0,0.137,-37.251,0,"ke ro",-0.59,-20.071,0,"펜케이크",-20.026,-44.23,0,"coder_",-2.239,-62.43,0,"_Gosomi",23.309,-51.644,0,"CoalCat",11.105,-60.664,0,"Ѕeyeon",40.394,-87.723,0,"k@ster",0.467,-106.251,0,"Yes_Man_",-34.094,-97.421,0,0,0,0,0,0,"",0,0,0,1,4726.228,,,,0,0
162,10,0,1,3,0,0,1,1,0,0,17,255,255,79,4749.186,"하루（Haru）",R,26,81,132,-1.227,-1.515,0.153,1.325,-0.696,0.519,-36.801,26.937,44,56,0,1,0,103.366,-200,7.791,0,0,0,1,5,R,"si_ho",176.1,87.779,0.35,0,32,W,Y,0,0,0,0,0,0,0,0,0,0,0,0,0,0,0,0,0.162,-37.109,0,"ke ro",-0.242,-17.6,0,"펜케이크",-19.977,-44.697,0,"coder_",-12.648,-56.988,0,"_Gosomi",21.377,-52.839,0,"CoalCat",5.012,-62.73,0,"Ѕeyeon",39.673,-99.335,0,"k@ster",-0.021,-109.554,0,"Yes_Man_",-44.452,-95.948,0,0,0,0,0,0,"",0,0,0,0,4749.361,,,,0,0
163,10,0,1,3,1,0,1,1,0,0,17,255,255,80,4765.605,"하루（Haru）",R,50,15,73,-1.195,-1.117,0.137,1.424,-0.515,1.128,-36.801,74.96,44,56,0,2,0,-3.304,59.61,3.498,0,0,1,1,5,R,"si_ho",176.1,87.779,0.35,3,32,W,Y,4767.096,255,124,96,98,68,145,100,22.081,1.174,0.92,0,0.632,-379.393,170.03,289.802,-0.603,-37.144,0,"ke ro",-0.23,-17.621,0,"펜케이크",-19.742,-41.506,82,"coder_",-13.817,-60.275,0,"_Gosomi",21.461,-52.946,0,"CoalCat",2.243,-60.221,0,"Ѕeyeon",39.699,-99.38,0,"k@ster",-0.026,-108.728,91,"Yes_Man_",-43.991,-96.234,0,4769.455,-4.903,-95.899,4769.802,7,"k@ster",-4.794,-94.683,0,0,,,,,12,1
164,10,0,1,3,0,0,2,1,0,0,17,255,255,81,4799.744,"하루（Haru）",R,3,19,70,-2.036,-0.637,0.31,1.491,0.022,1.277,-36.801,67.774,0,100,0,1,0,-273.84,0,-34.371,0,0,0,2,2,R,"Yaksok~",173.3,80,0.332,0,32,W,Y,0,0,0,0,0,0,0,0,0,0,0,0,0,0,0,0,-0.148,-37.326,0,"ke ro",-0.368,-18.535,0,"펜케이크",-19.926,-44.61,0,"coder_",-13.208,-62.866,0,"_Gosomi",20.794,-51.272,0,"CoalCat",0.599,-59.088,0,"Ѕeyeon",38.195,-95.459,0,"k@ster",-0.351,-105.239,0,"Yes_Man_",-43.812,-96.937,0,0,0,0,0,0,"",0,0,0,0,4800.202,4801.854,,,0,0
165,10,0,1,3,1,0,2,0,1,0,255,17,255,82,4817.955,"하루（Haru）",R,26,85,138,-2.284,-1.438,0.064,1.353,-1.111,0.597,-36.801,21.449,43,57,0,1,0,80.033,-187.639,11.229,0,0,0,2,2,R,"Yaksok~",173.3,80,0.332,0,55,W,Y,0,0,0,0,0,0,0,0,0,0,0,0,0,0,0,0,0.011,-37.081,0,"ke ro",-0.288,-17.285,0,"펜케이크",-22.665,-46.972,0,"coder_",-15.389,-63.516,0,"_Gosomi",20.382,-46.89,0,"CoalCat",3.992,-65.009,0,"Ѕeyeon",38.212,-95.501,0,"k@ster",-0.27,-107.157,0,"Yes_Man_",-45.498,-96.802,0,0,0,0,0,0,"",0,0,0,0,4817.828,4820.734,,,0,0
166,10,0,1,3,2,0,2,0,1,0,255,17,255,83,4833.409,"하루（Haru）",R,26,79,129,-1.67,-0.776,0.12,1.451,-0.852,0.947,-36.801,25.439,42,58,0,1,0,78.226,-200,17.44,0,0,0,2,2,R,"Yaksok~",173.3,80,0.332,0,32,W,Y,0,0,0,0,0,0,0,0,0,0,0,0,0,0,0,0,-0.005,-37.135,0,"ke ro",-0.09,-17.44,0,"펜케이크",-22.567,-47.03,0,"coder_",-15.004,-62.568,0,"_Gosomi",21.046,-44.506,0,"CoalCat",4.33,-64.672,0,"Ѕeyeon",36.765,-93.587,0,"k@ster",-0.272,-107.316,0,"Yes_Man_",-45.557,-96.834,0,0,0,0,0,0,"",0,0,0,0,4833.335,4836.068,,,0,0
167,10,0,1,3,3,0,2,0,1,0,255,17,255,84,4849.979,"하루（Haru）",R,26,80,117,0.083,-0.612,0.249,1.406,-0.168,1.076,-36.801,28.555,43,57,0,0,0,112.365,-158.183,12.653,0,0,0,2,2,R,"Yaksok~",173.3,80,0.332,0,32,W,Y,0,0,0,0,0,0,0,0,0,0,0,0,0,0,0,0,0.102,-37.115,0,"ke ro",0.037,-16.989,0,"펜케이크",-22.719,-47.361,0,"coder_",-16.059,-61.867,0,"_Gosomi",20.321,-43.213,0,"CoalCat",2.088,-61.553,0,"Ѕeyeon",36.953,-93.864,0,"k@ster",-0.29,-107.361,0,"Yes_Man_",-45.944,-96.506,0,0,0,0,0,0,"",0,0,0,0,4849.961,4852.825,,,0,0
168,10,0,1,3,3,1,2,0,1,0,255,17,255,85,4865.368,"하루（Haru）",R,27,67,107,0.589,-0.804,0.332,1.373,0.088,0.998,-36.801,38.161,40,60,0,0,0,80.375,-130.952,10.646,0,0,0,2,2,R,"Yaksok~",173.3,80,0.332,0,55,W,Y,0,0,0,0,0,0,0,0,0,0,0,0,0,0,0,0,-0.059,-36.87,0,"ke ro",0.019,-17.233,0,"펜케이크",-22.726,-47.936,0,"coder_",-15.528,-62.909,0,"_Gosomi",19.986,-41.273,0,"CoalCat",1.339,-60.248,0,"Ѕeyeon",38.33,-96.209,0,"k@ster",-0.28,-107.155,0,"Yes_Man_",-45.226,-96.165,0,0,0,0,0,0,"",0,0,0,0,4865.455,4868.677,,,0,0
169,10,0,1,3,3,2,2,0,1,0,255,17,255,86,4884.466,"하루（Haru）",R,27,79,116,-0.245,-1.214,0.208,1.281,-0.295,0.78,-36.801,29.203,45,55,0,1,0,102.847,-117.921,7.544,0,0,0,2,2,R,"Yaksok~",173.3,80,0.332,0,32,W,Y,0,0,0,0,0,0,0,0,0,0,0,0,0,0,0,0,-0.188,-36.832,0,"ke ro",-0.039,-17.268,0,"펜케이크",-22.755,-47.972,0,"coder_",-14.819,-62.614,0,"_Gosomi",20.221,-43.429,0,"CoalCat",4.414,-66.166,0,"Ѕeyeon",38.367,-96.264,0,"k@ster",1.288,-107.486,0,"Yes_Man_",-45.294,-95.682,0,0,0,0,0,0,"",0,0,0,0,4884.455,4889.575,,,0,5
170,10,0,1,3,0,0,2,1,1,0,12,17,255,87,4908.392,"하루（Haru）",R,13,20,69,-2.665,-0.662,0.103,1.899,-0.414,2.136,-36.801,84.727,100,0,0,1,0,-228.946,341.738,-53.076,-0.72,-18.388,0,3,1,R,"muyang_",171,80,0.496,0,32,W,Y,0,0,0,0,0,0,0,0,0,0,0,0,0,0,0,0,-0.367,-37.189,0,"ke ro",-0.476,-17.365,0,"펜케이크",-21.465,-46.274,0,"coder_",-14.783,-60.364,0,"_Gosomi",20.327,-45.978,0,"CoalCat",2.128,-61.208,0,"Ѕeyeon",37.808,-97.161,0,"k@ster",-0.174,-105.604,0,"Yes_Man_",-46.393,-96.978,0,0,0,0,0,0,"",0,0,0,0,4908.975,4911.945,,,0,0
171,10,0,1,3,0,1,2,1,1,0,12,17,255,88,4926.429,"하루（Haru）",R,26,84,136,-3.225,-1.552,-0.041,1.347,-1.601,0.563,-36.801,13.871,37,63,0,1,0,136.389,-158.793,17.281,-0.689,-15.871,0,3,1,R,"muyang_",171,80,0.496,0,32,W,Y,0,0,0,0,0,0,0,0,0,0,0,0,0,0,0,0,-0.26,-37.068,0,"ke ro",-0.37,-17.458,0,"펜케이크",-20.427,-44.516,0,"coder_",-15.705,-61.075,0,"_Gosomi",19.981,-45.479,0,"CoalCat",2.392,-60.962,0,"Ѕeyeon",37.817,-97.177,0,"k@ster",-0.04,-106.584,0,"Yes_Man_",-46.452,-97.091,0,0,0,0,0,0,"",0,0,0,0,4926.441,4929.691,,,0,0
172,10,0,1,3,1,1,2,1,1,0,12,17,255,89,4943.727,"하루（Haru）",R,33,70,122,1.23,-0.128,0.373,1.577,0.327,1.389,-36.801,56.599,81,19,0,0,0,119.745,-118.107,2.981,0,0,0,3,1,R,"muyang_",171,80,0.496,0,32,W,Y,0,0,0,0,0,0,0,0,0,0,0,0,0,0,0,0,-0.131,-37.199,0,"ke ro",-0.017,-17.081,0,"펜케이크",-20.31,-44.85,0,"coder_",-16.669,-62.603,0,"_Gosomi",20.03,-41.192,0,"CoalCat",1.79,-60.907,0,"Ѕeyeon",37.831,-97.182,0,"k@ster",0.032,-106.495,0,"Yes_Man_",-42.879,-92.945,0,0,0,0,0,0,"",0,0,0,0,4943.855,4947.858,,,0,0
173,10,0,1,3,1,2,2,1,1,0,12,17,255,90,4963.004,"하루（Haru）",R,0,16,74,-1.212,-0.974,0.172,1.417,-0.533,1.091,-36.801,68.604,0,100,0,2,0,-0.001,0,-10.301,0,0,0,3,1,R,"muyang_",171,80,0.496,3,32,W,Y,4964.473,255,64,91,46,16,145,80,-15.231,21.24,1,0,0.23,-62.789,-466.353,-100.977,-0.324,-36.803,0,"ke ro",-0.093,-17.056,0,"펜케이크",-20.332,-45.735,0,"coder_",-15.726,-62.649,96,"_Gosomi",20.969,-43.913,0,"CoalCat",4.943,-64.162,0,"Ѕeyeon",39.024,-97.948,0,"k@ster",-0.025,-106.439,0,"Yes_Man_",-42.831,-92.997,0,4963.188,-0.596,-19.336,4965.961,3,"coder_",-11.085,-55.662,0,0,4991.708,4969.553,4966.694,4971.275,29,2
174,11,1,1,3,0,0,0,0,0,0,255,255,255,82,5043.298,"Pring__",R,13,77,103,0.44,-0.414,0.564,1.66,0.818,1.837,-36.186,45.912,25,75,0,2,0,-335.796,348.417,4.597,0,0,1,1,1,R,"ke ro",190,80,0.358,3,32,W,Y,5044.475,255,117,90,92,62,145,114,4.481,-1.897,0.9,0,0.683,-113.422,458.907,2.356,-0.35,-37.424,0,"muyang_",0.01,-17.394,0,"Yaksok~",-16.237,-65.366,86,"Pugeuk",-20.908,-48.863,0,"TaeGeuk_",20.381,-48.175,0,"si_ho",12.957,-64.624,0,"Azuner",33.258,-94.316,0,"うよすま",-6.215,-119.466,100,"ByeolBam",-44.91,-93.733,0,5044.855,-0.725,-71.127,5046.961,7,"うよすま",-2.764,-102.332,1,0,,,,,260,2
175,11,1,1,3,0,0,0,1,0,0,1,255,255,83,5070.137,"Pring__",R,32,83,134,1.522,0.345,0.294,1.586,0.438,1.69,-36.186,37.769,42,58,0,2,0,162.093,-160.85,4.83,0,0,1,2,2,L,"펜케이크",190,95.133,0.447,3,35,W,Y,5071.264,166,106,134,117,43,145,130,33.153,-39.095,0.55,0,0.702,286.341,-120.725,-272.846,0.03,-37.27,0,"muyang_",0.191,-17.525,0,"Yaksok~",-6.298,-62.014,0,"Pugeuk",-17.961,-47.684,0,"TaeGeuk_",23.468,-50.39,0,"si_ho",13.422,-60.772,0,"Azuner",48.288,-102.243,0,"うよすま",6.194,-118.433,0,"ByeolBam",-45.152,-94.043,0,5075.001,77.312,-105.928,0,0,"",0,0,0,0,,5076.188,5081.454,5086.996,0,4
176,11,1,3,3,0,0,0,0,0,0,255,255,255,84,5116.01,"Pring__",R,26,85,138,0.864,0.103,0.235,1.526,0.161,1.472,-36.186,28.404,44,56,0,2,0,162.569,-200,14.653,0,0,1,3,7,R,"k@ster",168.4,95.017,0.646,3,32,W,Y,5117.398,125,61,56,35,16,130,123,7.581,36.959,0.47,0,0.075,-18.819,599.656,-7.631,-0.057,-37.368,0,"muyang_",0.157,-17.357,0,"Yaksok~",-14.573,-64.21,0,"Pugeuk",-20.63,-47.527,87,"TaeGeuk_",20.148,-46.337,0,"si_ho",12.066,-61.206,0,"Azuner",33.911,-96.043,0,"うよすま",-3.141,-109.009,0,"ByeolBam",-45.946,-92.113,0,0,0,0,5117.375,3,"Pugeuk",-21.042,-44.15,0,0,,,,,16,1
177,11,1,3,3,0,0,1,0,0,0,255,255,255,85,5138.966,"Pring__",R,10,86,112,0.285,-1.575,0.238,1.41,0.117,1.254,-36.186,16.764,47,53,0,2,0,0,400,28.798,0,0,1,4,5,R,"CoalCat",169.9,82.838,0.435,3,32,W,Y,5140.188,255,150,149,106,76,145,87,-38.478,46.659,-0.61,0,0.415,305.644,-414.398,12.333,-0.007,-37.462,0,"muyang_",0.07,-17.516,0,"Yaksok~",-14.295,-64.605,0,"Pugeuk",-21.06,-48.23,85,"TaeGeuk_",24.258,-52.299,0,"si_ho",11.435,-63.063,0,"Azuner",34.58,-93.466,0,"うよすま",-5.522,-112.38,0,"ByeolBam",-43.736,-90.491,0,5138.855,-0.515,-21.376,5141.068,6,"Azuner",-24.245,-43.931,0,0,,,,,16,2
178,11,1,3,3,0,1,1,0,0,0,255,255,255,86,5159.837,"Pring__",R,32,74,125,0.607,0.455,0.176,1.377,-0.112,1.658,-36.186,31.46,0,100,0,2,0,250,-200,18.539,0,0,1,4,5,R,"CoalCat",169.9,82.838,0.435,3,32,W,Y,5161.16,209,105,111,106,65,145,82,52.342,-22.686,-0.86,0,0.405,298.339,-264.238,52.935,-0.171,-37.537,0,"muyang_",-0.071,-17.325,0,"Yaksok~",-15.6,-65.845,0,"Pugeuk",-21.1,-46.888,0,"TaeGeuk_",22.25,-49.26,0,"si_ho",11.303,-64.054,88,"Azuner",34.45,-93.54,0,"うよすま",-5.359,-110.94,0,"ByeolBam",-46.065,-92.613,0,5165.268,24.044,-67.66,5165.401,5,"si_ho",23.158,-66.084,0,0,,,,,2,1
179,11,1,3,3,0,0,2,0,0,0,255,255,255,87,5185.298,"Pring__",R,10,82,109,0.034,-2.314,0.203,1.246,0.009,0.862,-36.186,23.648,51,49,0,1,0,0,400,0,-0.006,-19.468,0,5,6,R,"Ѕeyeon",170.5,82,0.35,0,32,W,Y,0,0,0,0,0,0,0,0,0,0,0,0,0,0,0,0,0.078,-37.731,0,"muyang_",0.294,-17.145,0,"Yaksok~",-15.385,-63.765,0,"Pugeuk",-21.569,-48.04,0,"TaeGeuk_",20.494,-48.78,0,"si_ho",12.196,-63.597,0,"Azuner",32.092,-95.909,0,"うよすま",-4.488,-112.559,0,"ByeolBam",-47.79,-95.219,0,0,0,0,0,0,"",0,0,0,0,5185.535,,,,0,0
180,11,1,3,3,1,0,2,0,0,0,255,255,255,88,5230.56,"Pring__",R,32,78,128,2.341,0.287,0.454,1.568,0.716,1.627,-36.186,47.586,18,82,0,4,0,201.627,-134.672,2.603,0,0,1,5,6,R,"Ѕeyeon",170.5,82,0.35,0,32,W,Y,0,0,0,0,0,0,0,0,0,0,0,0,0,0,0,0,-0.102,-37.319,0,"muyang_",0.368,-16.738,0,"Yaksok~",-15.387,-63.763,0,"Pugeuk",-20.732,-46.854,0,"TaeGeuk_",22.044,-47.309,0,"si_ho",12.195,-64.677,0,"Azuner",31.381,-94.992,0,"うよすま",-5.667,-111.755,0,"ByeolBam",-46.78,-94.586,0,0,0,0,0,0,"",0,0,0,0,5230.628,,,,0,0
181,11,1,3,3,1,1,2,0,0,0,255,255,255,89,5248.72,"Pring__",R,13,72,99,-0.36,-0.634,0.366,1.632,0.513,1.791,-36.186,43.535,53,47,0,2,0,-337.664,330.512,8.832,0,0,1,5,6,R,"Ѕeyeon",170.5,82,0.35,3,32,W,Y,5249.901,228,99,78,90,58,145,95,28.498,14.343,0.93,0,0.547,397.036,112.781,386.767,-0.165,-37.071,0,"muyang_",-0.437,-17.226,0,"Yaksok~",-15.344,-63.693,0,"Pugeuk",-20.804,-47.938,0,"TaeGeuk_",22.013,-48.609,0,"si_ho",12.167,-63.076,78,"Azuner",30.999,-94.581,0,"うよすま",-5.296,-111.549,0,"ByeolBam",-46.764,-94.708,0,5253.428,-23.628,-97.71,5253.802,7,"うよすま",-24.176,-98.509,1,0,,,,,258,2
182,11,1,3,3,0,0,2,1,0,0,6,255,255,90,5281.941,"Pring__",R,33,77,127,2.47,0.714,0.446,1.608,0.894,1.942,-36.186,50.513,30,70,0,2,0,118.767,-75.134,1.998,0,0,1,6,4,R,"_Gosomi",175.2,85.099,0.49,3,32,W,Y,5283.066,255,65,111,68,35,145,103,101.667,-67.682,0.04,0,0.48,506.118,143.255,-284.335,0.117,-37.069,0,"muyang_",0.177,-16.931,0,"Yaksok~",-16.042,-65.308,0,"Pugeuk",-19.236,-46.32,0,"TaeGeuk_",21.765,-52.05,0,"si_ho",11.47,-63.19,0,"Azuner",31.096,-94.574,0,"うよすま",-8.287,-114.541,0,"ByeolBam",-44.934,-93.919,0,0,0,0,0,0,"",0,0,0,0,,,,,0,3
183,11,1,3,3,0,1,2,1,0,0,6,255,255,91,5302.57,"Pring__",R,32,70,123,-0.348,-2.728,0.332,1.485,0.147,1.337,-36.186,44.047,0,100,0,2,0,250,-198.894,-10.571,0,0,1,6,4,R,"_Gosomi",175.2,85.099,0.49,3,44,W,Y,5303.703,150,92,123,108,13,145,91,50.557,-27.451,-0.54,0,0.522,520.068,75.878,-127.8,0.146,-37.429,0,"muyang_",0.106,-17.558,0,"Yaksok~",-16,-66.346,0,"Pugeuk",-19.989,-46.295,0,"TaeGeuk_",19.154,-53.73,0,"si_ho",10.36,-64.384,0,"Azuner",31.124,-94.545,0,"うよすま",-10.384,-115.233,0,"ByeolBam",-46.35,-94.396,0,5308.122,30.67,-76.018,5308.148,6,"Azuner",29.93,-74.473,0,0,,5308.964,,,128,1
184,11,0,3,3,0,0,0,0,0,0,255,255,255,91,5363.365,"하루（Haru）",R,3,13,64,4.03,0.468,0.582,1.702,1.819,1.926,-36.801,91.216,0,100,0,1,0,-290.909,0,-58.393,0,0,0,4,3,R,"Pugeuk",190,86.201,0.347,0,32,W,Y,0,0,0,0,0,0,0,0,0,0,0,0,0,0,0,0,0.372,-36.977,0,"ke ro",0.039,-16.906,0,"펜케이크",-22.532,-48.282,0,"coder_",-14.945,-63.069,0,"_Gosomi",22.92,-52.797,0,"CoalCat",5.712,-64.379,0,"Ѕeyeon",41.891,-102.548,0,"k@ster",-4.824,-117.919,0,"Yes_Man_",-51.504,-107.442,0,0,0,0,0,0,"",0,0,0,0,5364.122,,,,0,0
185,11,0,3,3,1,0,0,0,0,0,255,255,255,92,5379.314,"하루（Haru）",R,3,20,69,0.078,-0.349,0.546,1.545,1.066,1.425,-36.801,66.124,0,100,0,0,0,-313.636,0,-29.155,0,0,1,4,3,R,"Pugeuk",190,86.201,0.347,0,32,W,Y,0,0,0,0,0,0,0,0,0,0,0,0,0,0,0,0,0.342,-37.188,0,"ke ro",-0.009,-16.887,0,"펜케이크",-22.397,-48.352,0,"coder_",-15.675,-61.694,0,"_Gosomi",22.025,-52.604,0,"CoalCat",5.682,-64.408,0,"Ѕeyeon",42.179,-102.717,0,"k@ster",-1.042,-117.924,0,"Yes_Man_",-51.806,-107.692,0,0,0,0,0,0,"",0,0,0,0,5379.961,,,,0,0
186,11,0,3,3,1,1,0,0,0,0,255,255,255,93,5397.152,"하루（Haru）",R,26,89,140,-4.113,-1.185,-0.112,1.353,-1.929,0.692,-36.801,8.66,43,57,0,1,0,105.967,-200,34.932,0,0,0,4,3,R,"Pugeuk",190,86.201,0.347,0,32,W,Y,0,0,0,0,0,0,0,0,0,0,0,0,0,0,0,0,-0.193,-37.102,0,"ke ro",-0.606,-17.578,0,"펜케이크",-22.52,-48.355,0,"coder_",-16.435,-62.86,0,"_Gosomi",22.058,-52.726,0,"CoalCat",5.924,-64.458,0,"Ѕeyeon",42.183,-102.712,0,"k@ster",-0.166,-117.562,0,"Yes_Man_",-51.79,-107.796,0,0,0,0,0,0,"",0,0,0,0,5397.135,,,,0,0
187,11,0,3,3,2,1,0,0,0,0,255,255,255,94,5412.379,"하루（Haru）",R,28,62,116,-2.045,0.704,0.098,1.751,-0.956,1.981,-36.801,48.499,94,6,0,2,0,34.902,-67.738,5.052,0,0,1,4,3,R,"Pugeuk",190,86.201,0.347,3,32,W,Y,5413.489,243,109,136,100,30,145,104,31.977,43.538,0.92,0,0.727,307.996,-11.968,274.783,-0.245,-36.891,0,"ke ro",-0.576,-17.391,0,"펜케이크",-22.881,-48.631,75,"coder_",-16.679,-62.803,0,"_Gosomi",22.038,-52.508,0,"CoalCat",5.934,-64.118,85,"Ѕeyeon",42.087,-103.186,0,"k@ster",-0.166,-117.566,0,"Yes_Man_",-51.745,-107.828,98,5416.762,-62.684,-84.578,5417.921,8,"Yes_Man_",-66.593,-91.428,1,0,,5423.523,,,404,2
188,11,0,3,3,0,0,0,0,1,0,255,13,255,95,5450.942,"하루（Haru）",R,13,15,66,0.074,-1.558,0.458,1.434,0.494,1.081,-36.801,62.05,0,100,0,2,0,-258.877,252.668,-52.546,0,0,1,5,4,R,"TaeGeuk_",176.6,88.966,0.627,3,32,W,Y,5452.212,216,83,119,119,84,145,127,26.083,42.985,0.57,0,0.116,218.473,-35.897,62.425,0.23,-37.212,0,"ke ro",-0.29,-16.973,0,"펜케이크",-21.108,-45.994,0,"coder_",-15.508,-57.396,0,"_Gosomi",17.472,-45.785,0,"CoalCat",4.594,-60.7,0,"Ѕeyeon",38.635,-102.904,0,"k@ster",-0.885,-109.941,0,"Yes_Man_",-46.244,-93.814,0,5455.655,-78.023,-105.059,0,0,"",0,0,0,0,,5461.971,5458.439,5464.032,256,4
