id,type,inn,half,scoreA,scoreB,ball,strk,out,b1,b2,b3,b1Idx,b2Idx,b3Idx,pCnt,pSec,pName,pHand,pType,pPow,spdK,zoneX,zoneY,startX,startY,targetX,targetY,zDist,pitchAngle,pOver,pSide,pUnder,call,sH,sV,gyro,plx,plz,bIdx,bPos,bZone,bName,bHCm,batLen,batCen,batType,bFps,bOS,bVR,bSwing,hSec,rotS,rotL,shS,lgS,prepS,batSpd,ev,ldeg,sdeg,launchPosX,launchPosY,launchPosZ,hPos,buntGrip,handDist,angVeloX,angVeloY,angVeloZ,ltSec,lx,lz,cSec,cPos,cx,cy,cz,1BSafe,tag,cpSec,bTo1Sec,bTo2Sec,bTo3Sec,bToHSec,r1To2Sec,r1To3Sec,r1ToHSec,r2To3Sec,r2ToHSec,r3ToHSec,r1LeaveSec,r2LeaveSec,r3LeaveSec,out1Sec,out1BatterIndex,out1PrevBase,out1Code,out1Ass,out2Sec,out2BatterIndex,out2PrevBase,out2Code,out2Ass,out3Sec,out3BatterIndex,out3PrevBase,out3Code,out3Ass,ball1Sec,ball1Pos,ball2Sec,ball2Pos,ball3Sec,ball3Pos,ballHSec,ballHPos,PitchPPosX,PitchPPosZ,PitchCPosX,PitchCPosZ,Pitch1BPosX,Pitch1BPosZ,Pitch2BPosX,Pitch2BPosZ,Pitch3BPosX,Pitch3BPosZ,PitchSSPosX,PitchSSPosZ,PitchLFPosX,PitchLFPosZ,PitchCFPosX,PitchCFPosZ,PitchRFPosX,PitchRFPosZ,PPosX,PPosY,PThrSpd,CName,CPosX,CPosY,CThrSpd,1BName,1BPosX,1BPosY,1BThrSpd,2BName,2BPosX,2BPosY,2BThrSpd,3BName,3BPosX,3BPosY,3BThrSpd,SSName,SSPosX,SSPosY,SSThrSpd,LFName,LFPosX,LFPosY,LFThrSpd,CFName,CFPosX,CFPosY,CFThrSpd,RFName,RFPosX,RFPosY,RFThrSpd,PGetSec,PGetX,PGetZ,CGetSec,CGetX,CGetZ,1BGetSec,1BGetX,1BGetZ,2BGetSec,2BGetX,2BGetZ,3BGetSec,3BGetX,3BGetZ,SSGetSec,SSGetX,SSGetZ,LFGetSec,LFGetX,LFGetZ,CFGetSec,CFGetX,CFGetZ,RFGetSec,RFGetX,RFGetZ,PThrSec,PThrX,PThrZ,CThrSec,CThrX,CThrZ,1BThrSec,1BThrX,1BThrZ,2BThrSec,2BThrX,2BThrZ,3BThrSec,3BThrX,3BThrZ,SSThrSec,SSThrX,SSThrZ,LFThrSec,LFThrX,LFThrZ,CFThrSec,CFThrX,CFThrZ,RFThrSec,RFThrX,RFThrZ,errPosDelta,result,balk,cPlr,sb2Sec,sb3Sec,sbhSec,ass,remarks
1,,1,1,0,0,0,0,0,0,0,0,255,255,255,0,418.764,"ddil_ddil69",R,26,95,140,-1.066,-0.477,0.302,1.962,-0.482,1.163,-36.69,30.166,58,42,0,0,7.429,-150,-24.959,0,0,0,3,R,"_Gosomi",175.2,85.368,0.474,,39,W,Y,0,,,,,,,,,,,,,,,,,,,,,,,,,,,,0,0,,,,,,,,,,,,,,,,,,,,,,,,,,,,,,,,,,,,,,-0.051,-37.421,-0.034,-17.256,-20.767,-46.936,-14.584,-63.683,24.576,-52.561,9.918,-63.079,40.937,-90.684,0,-109.88,-40.837,-90.584,,,,"",,,,"",,,,"",,,,"",,,,"",,,,"",,,,"",,,,"",,,,,,,,,,,,,,,,,,,,,,,,,,,,,,,,,,,,,,,,,,,,,,,,,,,,,,,,,,"",0,0,"",,,,0,""
2,,1,1,0,0,0,1,0,0,0,0,255,255,255,1,436.822,"ddil_ddil69",R,0,75,126,-0.632,1.537,0.361,2.25,-0.287,2.466,-36.69,62.422,88,9,3,2,0,0,6.919,0,0,0,3,R,"_Gosomi",175.2,85.368,0.474,3,39,W,Y,1,437.993,255,75,78,116,46,145,127,107.814,-66.758,-0.117,1.455,-20.563,0.28,0,0.488,16.028,70.082,-595.677,,,,,,,,,0,0,,,,,,,,,,,,,,,,,,,,,,,,,,,,,,,,,,,,,,0.054,-37.352,-0.032,-17.522,-20.921,-46.789,-14.579,-63.667,24.635,-52.601,9.813,-64.557,40.915,-90.664,0,-109.86,-40.815,-90.564,0.278,-37.001,,"Amellaid",-0.069,-17.553,,"레이나2",-20.635,-46.76,,"ByeolBam",-14.57,-63.593,,"yumi2012",24.628,-52.508,,"CoalCat",9.067,-64.34,,"AI",40.9,-90.65,,"AI",0,-109.84,,"AI",-40.8,-90.55,,,,,,,,,,,,,,,,,,,,,,,,,,,,,,,,,,,,,,,,,,,,,,,,,,,,,,,,"",3,0,"",,,,0,""
3,,1,1,0,0,0,2,0,0,0,0,255,255,255,2,450.169,"ddil_ddil69",R,26,68,121,-6.669,0.941,0.351,1.928,-0.518,1.097,-36.69,23.953,37,63,0,2,50.813,-150,26.378,0,0,0,3,R,"_Gosomi",175.2,85.368,0.474,3,44,W,Y,1,451.4,191,75,69,105,50,143,80,25.146,53.102,-0.228,0.837,-20.885,1,0,0.401,248.236,519.231,169.641,453.675,-42.044,-46.863,,,,,,0,0,,,,,,,,,,,,,,,,,,,,,,,,,,,,,,,,,,,,,,0.016,-37.43,-0.034,-17.546,-20.907,-46.837,-14.57,-63.653,24.643,-51.836,9.126,-64.339,40.907,-90.657,0,-109.85,-40.807,-90.557,0.151,-36.998,,"Amellaid",-0.155,-17.592,,"레이나2",-20.598,-46.793,,"ByeolBam",-14.577,-63.564,,"yumi2012",24.633,-51.806,,"CoalCat",9.073,-64.061,,"AI",40.9,-90.65,,"AI",0,-109.84,,"AI",-40.8,-90.55,,,,,,,,,,,,,,,,,,,,,,,,,,,,,,,,,,,,,,,,,,,,,,,,,,,,,,,,"",3,0,"",,,,0,""
4,,1,1,0,0,0,2,0,0,0,0,255,255,255,3,469.343,"ddil_ddil69",R,32,64,118,-0.379,-0.031,0.367,1.973,-0.603,1.398,-36.69,23.891,82,18,0,2,250,-150,-0.007,0,0,0,3,R,"_Gosomi",175.2,85.368,0.474,3,44,W,Y,1,470.57,255,79,65,109,70,140,118,-12.155,-20.198,-0.065,0.99,-21.052,0.78,0,0.401,-558.029,2.033,-220.452,470.168,1.46,-25.197,472.088,5,15.528,0.057,-62.635,0,1,,476.047,,,,,,,,,,,,,475.919,0,,147,2,,,,,,,,,,,,,,,,,,,0.106,-37.323,-0.037,-17.567,-21.005,-46.778,-15.453,-63.54,24.907,-52.2,9.781,-65.04,40.907,-90.657,0,-109.85,-40.808,-90.557,0.132,-36.959,,"Amellaid",-0.16,-17.602,,"레이나2",-20.65,-46.781,84,"ByeolBam",-15.463,-63.521,,"yumi2012",24.915,-52.202,,"CoalCat",9.447,-64.877,107,"AI",40.9,-90.65,,"AI",0,-109.84,,"AI",-40.8,-90.55,,480.049,-0.968,-38.375,,,,475.344,-17.861,-40.551,,,,,,,472.606,15.549,-63.635,,,,,,,,,,,,,,,,478.945,-18.254,-39.473,,,,,,,473.63,12.211,-61.968,,,,,,,,,,"",2,0,"CoalCat",,,,7,""
5,,1,1,0,0,0,0,1,0,0,0,255,255,255,4,493.329,"ddil_ddil69",R,26,94,140,-0.347,-0.94,0.412,1.922,-0.11,0.899,-36.69,30.62,92,8,0,0,-45.536,-150,5.068,0,0,1,5,R,"muyang_",171.9,80,0.498,,38,W,Y,0,,,,,,,,,,,,,,,,,,,,,,,,,,,,0,0,,,,,,,,,,,,,,,,,,,,,,,,,,,,,,,,,,,,,,-0.001,-37.314,0.095,-17.49,-20.783,-46.997,-14.544,-63.78,24.439,-52.848,9.954,-63.142,40.915,-90.664,0,-109.86,-40.815,-90.564,,,,"",,,,"",,,,"",,,,"",,,,"",,,,"",,,,"",,,,"",,,,497.707,-0.213,-37.27,,,,,,,,,,,,,,,,,,,,,,,,,,,,,,,,,,,,,,,,,,,,,,,,,,,,"",0,0,"",,,,0,""
6,,1,1,0,0,0,1,1,0,0,0,255,255,255,5,507.411,"ddil_ddil69",R,14,80,118,0.413,-1.328,0.387,2.002,-0.35,1.35,-36.69,31.934,91,6,3,4,305.044,396.167,12.64,0,0,1,5,R,"muyang_",171.9,80,0.498,,38,W,Y,1,,,,,,,,,,,,,,,,,,,,,,,,,,,,0,0,,,,,,,,,,,,,,,,,,,,,,,,,,,,,,,,,,,,,,0.058,-37.228,0,-17.561,-20.832,-46.867,-14.487,-63.657,24.409,-52.85,10.01,-63.064,40.915,-90.664,0,-109.85,-40.815,-90.564,,,,"",,,,"",,,,"",,,,"",,,,"",,,,"",,,,"",,,,"",,,,512.058,-0.175,-37.384,,,,,,,,,,,,,,,,,,,,,,,,,,,,,,,,,,,,,,,,,,,,,,,,,,,,"",0,0,"",,,,0,""
7,,1,1,0,0,0,2,1,0,0,0,255,255,255,6,535.968,"ddil_ddil69",R,26,81,132,1.631,-0.059,0.533,2.037,0.584,1.389,-36.69,37.608,85,15,0,2,74.252,-150,4.052,0,0,1,5,R,"muyang_",171.9,80,0.498,5,38,W,Y,1,537.105,191,242,137,78,34,145,107,26.334,67.978,0.302,0.903,-20.415,0.06,0,0.162,-36.651,469.367,371.957,,,,,,,,,0,0,,,,,,,,,,,,,,,,,,,,,,,,,,,,,,,,,,,,,,0.088,-37.31,-0.041,-17.647,-20.851,-46.847,-14.486,-63.676,24.499,-52.863,9.794,-63.505,40.937,-90.684,0,-109.88,-40.837,-90.584,0.165,-37.128,,"Amellaid",-0.027,-17.68,,"레이나2",-20.476,-46.956,,"ByeolBam",-14.497,-63.674,,"yumi2012",24.49,-52.855,,"CoalCat",9.809,-63.303,,"AI",40.9,-90.65,,"AI",0,-109.84,,"AI",-40.8,-90.55,,,,,,,,,,,,,,,,,,,,,,,,,,,,,,,,,,,,,,,,,,,,,,,,,,,,,,,,"",3,0,"",,,,0,""
8,,1,1,0,0,0,2,1,0,0,0,255,255,255,7,553.807,"ddil_ddil69",R,13,79,116,-3.16,-2.067,0.298,1.875,-0.763,0.896,-36.69,13.618,42,58,0,4,-353.713,353.393,8.969,-0.693,-19.201,1,5,R,"muyang_",171.9,80,0.498,,38,W,Y,1,,,,,,,,,,,,,,,,,,,,,,,,,,,,0,0,,,,,,,,,,,,,,,559.562,1,,147,16,,,,,,,,,,,,,,,,,,,0.077,-37.279,-0.056,-17.575,-20.937,-46.792,-14.464,-63.671,24.176,-51.865,10.142,-63.397,40.907,-90.657,0,-109.85,-40.807,-90.557,,,,"",,,,"",,,,"",,,,"",,,,"",,,,"",,,,"",,,,"",,,,,,,,,,,,,,,,,,,,,,,,,,,,,,,,,,,,,,,,,,,,,,,,,,,,,,,,,,"",0,0,"",,,,0,""
9,,1,1,0,0,0,0,2,0,0,0,255,255,255,8,577.797,"ddil_ddil69",R,10,66,110,0.041,-0.206,0.445,2.227,0.005,1.963,-36.69,42.44,98,2,0,0,0,400,4.34,0,0,2,2,R,"즉석카레",174.9,92.596,0.402,,38,W,Y,1,,,,,,,,,,,,,,,,,,,,,,,,,,,,0,0,,,,,,,,,,,,,,,,,,,,,,,,,,,,,,,,,,,,,,0.054,-37.352,-0.08,-17.627,-20.922,-46.769,-14.495,-63.587,24.204,-51.845,9.291,-63.61,40.922,-90.67,0,-109.86,-40.822,-90.57,,,,"",,,,"",,,,"",,,,"",,,,"",,,,"",,,,"",,,,"",,,,,,,,,,,,,,,,,,,,,,,,,,,,,,,,,,,,,,,,,,,,,,,,,,,,,,,,,,"",0,0,"",,,,0,""
10,,1,1,0,0,0,1,2,0,0,0,255,255,255,9,593.41,"ddil_ddil69",R,26,99,140,0.244,-0.654,0.431,1.946,-0.013,1.06,-36.69,30.224,82,18,0,0,77.527,-150,14.834,0,0,2,2,R,"즉석카레",174.9,92.596,0.402,,38,W,Y,0,,,,,,,,,,,,,,,,,,,,,,,,,,,,0,0,,,,,,,,,,,,,,,,,,,,,,,,,,,,,,,,,,,,,,0.079,-37.255,-0.18,-17.499,-20.906,-46.725,-14.07,-63.95,24.148,-51.828,9.298,-63.644,40.915,-90.664,0,-109.85,-40.815,-90.564,,,,"",,,,"",,,,"",,,,"",,,,"",,,,"",,,,"",,,,"",,,,,,,,,,,,,,,,,,,,,,,,,,,,,,,,,,,,,,,,,,,,,,,,,,,,,,,,,,"",0,0,"",,,,0,""
11,,1,1,0,0,0,2,2,0,0,0,255,255,255,10,608.67,"ddil_ddil69",R,14,75,113,1.508,-1.382,0.469,1.969,0.034,1.24,-36.69,32.897,90,10,1,2,360.913,346.038,55.197,0,0,2,2,R,"즉석카레",174.9,92.596,0.402,3,38,W,Y,1,609.909,180,110,71,99,44,144,89,-43.858,-40.034,0.266,0.553,-20.76,-0.59,0,0.2,-373.134,-41.763,-468.003,609.355,0.694,-21.27,611.581,4,20.606,0.715,-44.981,0,4,,615.257,,,,,,,,,,,,,615.403,2,,147,32,,,,,,,,,,,,,,,,,,,0.061,-37.208,-0.095,-17.55,-20.968,-46.665,-14.08,-63.981,24.159,-51.812,9.31,-63.642,40.915,-90.664,0,-109.85,-40.815,-90.564,0.081,-36.733,,"Amellaid",-0.106,-17.653,,"레이나2",-20.651,-46.7,,"ByeolBam",-13.872,-64.07,,"yumi2012",24.159,-51.822,106,"CoalCat",9.309,-63.442,,"AI",40.9,-90.65,,"AI",0,-109.84,,"AI",-40.8,-90.55,,,,,,,,614.83,-18.3,-40.759,,,,612.135,21.397,-45.814,,,,,,,,,,,,,,,,,,,,,,,,,613.18,15.833,-47.308,,,,,,,,,,,,,"",2,0,"yumi2012",,,,33,""
12,SIDE,1,1,0,0,0,0,2,0,0,0,255,255,255,,616.503,,,,,,,,,,,,,,,,,,,,,,,3,,,,,,,,,,,,,,,,,,,,,,,,,,,,,,,,,,,,,,,0,0,,,,,,,,,,,,,,,,,,,,,,,,,,,,,,,,,,,,,,,,,,,,,,,,,,,,,,,,,,,,,,,,,,,,,,,,,,,,,,,,,,,,,,,,,,,,,,,,,,,,,,,,,,,,,,,,,,,,,,,,,,,,,,,,,,,,,,,,,,,,,,,,,"",0,0,"",,,,0,""
13,,1,0,0,0,0,0,0,0,0,0,255,255,255,0,704.412,"펜케이크",L,10,84,125,0.221,-1.187,-0.45,1.709,0.109,1.282,-36.39,16.369,67,33,0,1,0,400,5.491,0.146,-17.029,0,1,L,"Amellaid",190,80,0.44,,38,W,Y,0,,,,,,,,,,,,,,,,,,,,,,,,,,,,0,0,,,,,,,,,,,,,,,,,,,,,,,,,,,,,,,,,,,,,,-0.005,-37.489,0.058,-17.59,-20.721,-48.707,-15.948,-61.994,23.163,-48.099,14.096,-64.369,40.917,-90.666,6.446,-115.638,-40.817,-90.566,,,,"",,,,"",,,,"",,,,"",,,,"",,,,"",,,,"",,,,"",,,,,,,,,,,,,,,,,,,,,,,,,,,,,,,,,,,,,,,,,,,,,,,,,,,,,,,,,,"",0,0,"",,,,0,""
14,,1,0,0,0,1,0,0,0,0,0,255,255,255,1,717.808,"펜케이크",L,27,86,140,-0.501,-0.282,-0.515,1.717,-0.278,1.308,-36.39,19.966,100,0,0,2,57.399,-139.61,-14.458,0,0,0,1,L,"Amellaid",190,80,0.44,5,38,W,Y,1,718.721,255,181,125,68,41,145,124,-30,-81.201,-0.078,0.879,-19.967,0.18,0,0.509,-247.703,-340.719,427.263,717.955,1.324,-20.181,,,,,,0,0,,,,,,,,,,,,,,,,,,,,,,,,,,,,,,,,,,,,,,-0.06,-37.225,0.056,-17.578,-20.832,-48.505,-15.996,-61.975,22.45,-48.983,14.169,-64.56,40.907,-90.657,6.455,-112.473,-40.807,-90.557,-0.483,-37.452,,"아침땅_",0.055,-17.575,,"즉석카레",-20.79,-48.486,,"_Gosomi",-15.928,-61.878,,"-라후이-",22.653,-48.929,,"muyang_",14.171,-64.534,,"AI",40.9,-90.65,,"うよすま",6.295,-112.872,,"AI",-40.8,-90.55,,,,,,,,,,,,,,,,,,,,,,,,,,,,,,,,,,,,,,,,,,,,,,,,,,,,,,,,"",3,0,"",,,,0,""
15,,1,0,0,0,1,1,0,0,0,0,255,255,255,2,732.167,"펜케이크",L,13,64,107,0.673,-2.165,-0.457,1.556,-0.009,0.786,-36.39,11.954,60,40,0,4,168.08,400,5.901,0.164,-19.699,0,1,L,"Amellaid",190,80,0.44,,41,W,Y,1,,,,,,,,,,,,,,,,,,,,,,,,,,,,0,0,,,,,,,,,,,,,,,,,,,,,,,,,,,,,,,,,,,,,,-0.103,-37.264,0.055,-17.651,-21.262,-49.321,-14.663,-62.791,21.509,-46.34,13.952,-64.705,40.907,-90.657,6.665,-116.767,-40.807,-90.557,,,,"",,,,"",,,,"",,,,"",,,,"",,,,"",,,,"",,,,"",,,,,,,,,,,,,,,,,,,,,,,,,,,,,,,,,,,,,,,,,,,,,,,,,,,,,,,,,,"",0,0,"",,,,0,""
16,,1,0,0,0,1,2,0,0,0,0,255,255,255,3,745.433,"펜케이크",L,13,73,112,1.196,-0.892,-0.436,1.747,-0.095,1.483,-36.39,21.819,100,0,0,0,357.39,349.675,16.22,0,0,0,1,L,"Amellaid",190,80,0.44,,41,W,Y,1,,,,,,,,,,,,,,,,,,,,,,,,,,,,0,0,,,,,,,,,,,,,,,748.193,0,,578,0,,,,,,,,,,,,,,,,,,,-0.047,-37.24,0.08,-17.607,-20.525,-48.758,-14.695,-62.892,20.248,-45.499,13.97,-64.63,40.907,-90.657,4.283,-115.115,-40.807,-90.557,,,,"",,,,"",,,,"",,,,"",,,,"",,,,"",,,,"",,,,"",,,,,,,,,,,,,,,,,,,,,,,,,,,,,,,,,,,,,,,,,,,,,,,,,,,,,,,,,,"",0,0,"",,,,0,""
17,,1,0,0,0,0,0,1,0,0,0,255,255,255,4,763.921,"펜케이크",L,26,95,140,0.96,-0.412,-0.377,1.701,0.363,1.219,-36.39,14.001,50,50,0,2,62.234,-150,-22.43,0,0,1,5,R,"CoalCat",174.6,83,0.397,5,38,W,Y,1,765.282,189,124,121,77,48,145,90,97.194,18.898,0.167,0.826,-20.703,-0.7,0,0.434,557.854,155.773,156.633,770.915,2.838,-1.825,,,,,,0,0,,,,,,,,,,,,,,,,,,,,,,,,,,,,,,,,,,,,,,-0.054,-37.149,0.042,-17.656,-19.874,-49.36,-14.698,-62.268,20.27,-47.927,13.569,-64.337,40.915,-90.664,-3.486,-110.443,-40.815,-90.564,-0.262,-37.767,,"아침땅_",0.017,-17.647,,"즉석카레",-19.773,-49.588,,"_Gosomi",-14.631,-62.192,,"-라후이-",19.676,-47.372,,"muyang_",13.32,-64.512,,"AI",40.9,-90.65,,"うよすま",-3.412,-110.365,,"AI",-40.8,-90.55,,,,,,,,,,,,,,,,,,,,,,,,,,,,,,,,,,,,,,,,,,,,,,,,,,,,,,,,"",3,0,"",,,,0,""
18,,1,0,0,0,0,1,1,0,0,0,255,255,255,5,783.681,"펜케이크",L,6,78,118,-3.983,-1.178,-0.681,1.614,-1.051,0.915,-36.39,28.554,63,37,0,4,-404.927,0,-28.597,-1.091,-18.502,1,5,R,"CoalCat",174.6,83,0.397,,38,W,Y,1,,,,,,,,,,,,,,,,,,,,,,,,,,,,0,0,,,,,,,,,,,,,,,,,,,,,,,,,,,,,,,,,,,,,,-0.118,-37.232,0.021,-17.642,-20.848,-49.392,-14.947,-62.607,21.694,-46.478,12.586,-65.171,40.907,-90.657,-4.29,-112.759,-40.807,-90.557,,,,"",,,,"",,,,"",,,,"",,,,"",,,,"",,,,"",,,,"",,,,,,,,,,,,,,,,,,,,,,,,,,,,,,,,,,,,,,,,,,,,,,,,,,,,,,,,,,"",0,0,"",,,,0,""
19,,1,0,0,0,0,2,1,0,0,0,255,255,255,6,798.768,"펜케이크",L,26,93,140,-0.603,-0.707,-0.51,1.652,-0.258,1.049,-36.39,15.018,56,44,0,2,8.68,-150,-15.676,0,0,1,5,R,"CoalCat",174.6,83,0.397,5,38,W,Y,1,799.863,66,111,124,70,13,120,113,-30,68.853,-0.107,0.695,-20.247,0.2,0,0.398,-483.888,98.127,340.916,799.048,-1.127,-20.64,,,,,,0,0,,,,,,,,,,,,,,,,,,,,,,,,,,,,,,,,,,,,,,-0.061,-37.192,-0.011,-17.625,-21.165,-49.073,-15.09,-62.693,20.718,-46.988,12.559,-65.288,40.907,-90.657,-5.613,-115.328,-40.807,-90.557,-0.426,-37.462,,"아침땅_",-0.036,-17.635,,"즉석카레",-20.96,-48.837,,"_Gosomi",-15.106,-62.65,,"-라후이-",20.322,-47.257,,"muyang_",12.513,-65.075,,"AI",40.9,-90.65,,"うよすま",-4.884,-115.777,,"AI",-40.8,-90.55,,,,,,,,,,,,,,,,,,,,,,,,,,,,,,,,,,,,,,,,,,,,,,,,,,,,,,,,"",3,0,"",,,,0,""
20,,1,0,0,0,0,2,1,0,0,0,255,255,255,7,812.64,"펜케이크",L,6,80,123,-3.038,-1.622,-0.638,1.54,-0.85,0.654,-36.39,21.475,55,45,0,4,-294.473,0,-31.94,0,0,1,5,R,"CoalCat",174.6,83,0.397,,38,W,Y,1,,,,,,,,,,,,,,,,,,,,,,,,,,,,0,0,,,,,,,,,,,,,,,815.608,1,,578,0,,,,,,,,,,,,,,,,,,,-0.104,-37.247,0.021,-17.586,-20.755,-49.1,-16.97,-60.811,19.145,-46.258,12.819,-64.828,40.907,-90.657,-5.629,-115.96,-40.807,-90.557,,,,"",,,,"",,,,"",,,,"",,,,"",,,,"",,,,"",,,,"",,,,,,,,,,,,,,,,,,,,,,,,,,,,,,,,,,,,,,,,,,,,,,,,,,,,,,,,,,"",0,0,"",,,,0,""
21,,1,0,0,0,0,0,2,0,0,0,255,255,255,8,835.73,"펜케이크",L,10,76,105,-0.109,-1.289,-0.466,1.679,-0.034,1.314,-36.39,14.241,56,44,0,4,0,400,-28.274,0.053,-17.82,2,3,R,"ByeolBam",175,90,0.5,,38,W,Y,1,,,,,,,,,,,,,,,,,,,,,,,,,,,,0,0,,,,,,,,,,,,,,,,,,,,,,,,,,,,,,,,,,,,,,-0.118,-37.228,0.015,-17.585,-21.142,-48.602,-16.944,-60.753,20.274,-46.662,12.683,-64.526,40.922,-90.67,-4.447,-117.809,-40.822,-90.57,,,,"",,,,"",,,,"",,,,"",,,,"",,,,"",,,,"",,,,"",,,,,,,,,,,,,,,,,,,,,,,,,,,,,,,,,,,,,,,,,,,,,,,,,,,,,,,,,,"",0,0,"",,,,0,""
22,,1,0,0,0,0,1,2,0,0,0,255,255,255,9,853.383,"펜케이크",L,6,62,105,1.58,-2.644,-0.259,1.549,1.583,-0.03,-36.39,10.912,55,45,0,1,-461.364,0,13.916,0.478,-19.227,2,3,R,"ByeolBam",175,90,0.5,,38,W,Y,0,,,,,,,,,,,,,,,,,,,,,,,,,,,,0,0,,,,,,,,,,,,,,,,,,,,,,,,,,,,,,,,,,,,,,-0.287,-37.022,0.029,-17.58,-20.759,-48.351,-16.955,-60.811,21.147,-46.62,12.752,-64.924,40.915,-90.664,-4.472,-117.404,-40.815,-90.564,,,,"",,,,"",,,,"",,,,"",,,,"",,,,"",,,,"",,,,"",,,,,,,,,,,,,,,,,,,,,,,,,,,,,,,,,,,,,,,,,,,,,,,,,,,,,,,,,,"",0,0,"",,,,0,""
23,,1,0,0,0,1,1,2,0,0,0,255,255,255,10,870.409,"펜케이크",L,6,77,118,-1.744,-0.647,-0.473,1.7,-0.084,1.22,-36.39,28.309,100,0,0,4,-403.828,0,-25.406,0,0,2,3,R,"ByeolBam",175,90,0.5,,38,W,Y,1,,,,,,,,,,,,,,,,,,,,,,,,,,,,0,0,,,,,,,,,,,,,,,,,,,,,,,,,,,,,,,,,,,,,,-0.07,-37.027,0.021,-17.537,-20.889,-48.495,-16.951,-60.847,20.78,-46.682,12.873,-64.672,40.907,-90.657,-6.557,-114.858,-40.807,-90.557,,,,"",,,,"",,,,"",,,,"",,,,"",,,,"",,,,"",,,,"",,,,,,,,,,,,,,,,,,,,,,,,,,,,,,,,,,,,,,,,,,,,,,,,,,,,,,,,,,"",0,0,"",,,,0,""
24,,1,0,0,0,1,2,2,0,0,0,255,255,255,11,885.094,"펜케이크",L,13,69,109,1.113,-1.647,-0.49,1.676,-0.162,1.135,-36.39,18.032,55,45,0,4,361.063,342.389,21.748,0.385,-18.352,2,3,R,"ByeolBam",175,90,0.5,,38,W,Y,1,,,,,,,,,,,,,,,,,,,,,,,,,,,,0,0,,895.616,,,,,,,,,,,,,895.82,2,,147,80,,,,,,,,,,,,,,,,,,,-0.006,-37.377,0.029,-17.482,-20.726,-48.106,-16.779,-61.338,19.658,-45.441,11.479,-65.47,40.907,-90.657,-6.253,-113.612,-40.807,-90.557,,,,"",,,,"",,,,"",,,,"",,,,"",,,,"",,,,"",,,,"",,,,,,,,,,,,,,,,,,,,,,,,,,,,,,,,,,,,,,,,,,,,,,,,,,,,,,,,,,"",0,0,"",,,,0,""
25,SIDE,1,0,0,0,0,0,2,0,0,0,255,255,255,,897.975,,,,,,,,,,,,,,,,,,,,,,,3,,,,,,,,,,,,,,,,,,,,,,,,,,,,,,,,,,,,,,,0,0,,,,,,,,,,,,,,,,,,,,,,,,,,,,,,,,,,,,,,,,,,,,,,,,,,,,,,,,,,,,,,,,,,,,,,,,,,,,,,,,,,,,,,,,,,,,,,,,,,,,,,,,,,,,,,,,,,,,,,,,,,,,,,,,,,,,,,,,,,,,,,,,,"",0,0,"",,,,0,""
26,,2,1,0,0,0,0,0,0,0,0,255,255,255,11,935.597,"ddil_ddil69",R,27,81,131,0.127,-1.093,0.476,1.85,0.064,0.826,-36.69,22.092,66,34,0,4,-18.562,-121.401,4.041,0,0,3,7,R,"うよすま",175.4,85.375,0.502,,38,W,Y,1,,,,,,,,,,,,,,,,,,,,,,,,,,,,0,0,,,,,,,,,,,,,,,,,,,,,,,,,,,,,,,,,,,,,,0.157,-37.326,-0.009,-17.255,-20.936,-46.651,-13.594,-64.629,23.845,-52.807,9.459,-64.015,40.93,-90.677,0,-109.87,-40.83,-90.577,,,,"",,,,"",,,,"",,,,"",,,,"",,,,"",,,,"",,,,"",,,,,,,,,,,,,,,,,,,,,,,,,,,,,,,,,,,,,,,,,,,,,,,,,,,,,,,,,,"",0,0,"",,,,0,""
27,,2,1,0,0,0,1,0,0,0,0,255,255,255,12,951.918,"ddil_ddil69",R,32,68,121,-1.056,-1.962,0.323,1.741,-0.864,0.277,-36.69,14.991,36,64,0,4,250,-150,47.025,0,0,3,7,R,"うよすま",175.4,85.375,0.502,,38,W,Y,1,,,,,,,,,,,,,,,,,,,,,,,,,,,,0,0,,,,,,,,,,,,,,,,,,,,,,,,,,,,,,,,,,,,,,0.079,-37.34,-0.02,-17.161,-20.974,-46.671,-14.041,-64.521,23.842,-52.859,9.147,-63.904,40.915,-90.664,0,-109.85,-40.815,-90.564,,,,"",,,,"",,,,"",,,,"",,,,"",,,,"",,,,"",,,,"",,,,,,,,,,,,,,,,,,,,,,,,,,,,,,,,,,,,,,,,,,,,,,,,,,,,,,,,,,"",0,0,"",,,,0,""
28,,2,1,0,0,0,2,0,0,0,0,255,255,255,13,968.678,"ddil_ddil69",R,10,86,128,0.057,0.019,0.465,2.201,0.012,2.056,-36.69,40.837,99,1,0,0,0,400,3.189,0,0,3,7,R,"うよすま",175.4,85.375,0.502,,38,W,Y,1,,,,,,,,,,,,,,,,,,,,,,,,,,,,0,0,,,,,,,,,,,,,,,971.437,3,,578,0,,,,,,,,,,,,,,,,,,,0.139,-37.178,-0.029,-17.281,-20.95,-46.727,-14.081,-64.549,23.835,-52.754,9.145,-63.917,40.915,-90.664,0,-109.85,-40.815,-90.564,,,,"",,,,"",,,,"",,,,"",,,,"",,,,"",,,,"",,,,"",,,,,,,,,,,,,,,,,,,,,,,,,,,,,,,,,,,,,,,,,,,,,,,,,,,,,,,,,,"",0,0,"",,,,0,""
29,,2,1,0,0,0,0,1,0,0,0,255,255,255,14,989.733,"ddil_ddil69",R,32,76,126,1.492,1.269,0.597,2.204,0.406,2.238,-36.69,41.229,97,3,0,1,174.096,-150,22.721,0,0,4,1,R,"아침땅_",190,94.936,0.502,,38,W,Y,0,,,,,,,,,,,,,,,,,,,,,,,,,,,,0,0,,,,,,,,,,,,,,,,,,,,,,,,,,,,,,,,,,,,,,0.215,-37.247,-0.008,-17.308,-20.829,-46.974,-14.463,-64.273,23.62,-53.014,9.377,-63.917,40.915,-90.664,0,-109.86,-40.815,-90.564,,,,"",,,,"",,,,"",,,,"",,,,"",,,,"",,,,"",,,,"",,,,,,,,,,,,,,,,,,,,,,,,,,,,,,,,,,,,,,,,,,,,,,,,,,,,,,,,,,"",0,0,"",,,,0,""
30,,2,1,0,0,1,0,1,0,0,0,255,255,255,15,1002.414,"ddil_ddil69",R,26,85,137,-0.187,-0.861,0.418,1.905,-0.132,0.915,-36.69,21.61,49,51,0,2,26.323,-150,9.272,0,0,4,1,R,"아침땅_",190,94.936,0.502,3,38,W,Y,1,1003.464,100,105,156,81,35,136,81,10.342,47.392,-0.036,0.687,-20.37,1,0.143,0.412,253.179,530.959,-118.247,1004.035,-25.595,-41.582,,,,,,0,0,,,,,,,,,,,,,,,,,,,,,,,,,,,,,,,,,,,,,,0.11,-37.332,0.022,-17.345,-20.903,-46.926,-15.072,-63.896,23.695,-53.059,9.353,-63.896,40.907,-90.657,0,-109.85,-40.807,-90.557,0.397,-36.937,,"Amellaid",-0.024,-17.38,,"레이나2",-20.589,-46.895,,"ByeolBam",-15.122,-63.653,,"yumi2012",23.659,-52.984,,"CoalCat",9.313,-63.758,,"AI",40.9,-90.65,,"AI",0,-109.84,,"AI",-40.8,-90.55,,,,,,,,,,,,,,,,,,,,,,,,,,,,,,,,,,,,,,,,,,,,,,,,,,,,,,,,"",3,0,"",,,,0,""
31,,2,1,0,0,1,1,1,0,0,0,255,255,255,16,1019.524,"ddil_ddil69",R,32,79,129,-0.674,-1.143,0.315,1.801,-0.685,0.73,-36.69,12.102,62,38,0,1,250,-150,8.625,0,0,4,1,R,"아침땅_",190,94.936,0.502,,36,W,Y,0,,,,,,,,,,,,,,,,,,,,,,,,,,,,0,0,,,,,,,,,,,,,,,,,,,,,,,,,,,,,,,,,,,,,,0.086,-37.195,0.003,-17.344,-20.954,-46.796,-15.809,-62.817,23.885,-53.994,9.991,-64.43,40.915,-90.664,0,-109.85,-40.815,-90.564,,,,"",,,,"",,,,"",,,,"",,,,"",,,,"",,,,"",,,,"",,,,,,,,,,,,,,,,,,,,,,,,,,,,,,,,,,,,,,,,,,,,,,,,,,,,,,,,,,"",0,0,"",,,,0,""
32,,2,1,0,0,2,1,1,0,0,0,255,255,255,17,1033.972,"ddil_ddil69",R,26,92,140,5.85,-0.654,0.432,1.694,-0.142,0.381,-36.69,20.086,59,41,0,2,-6.253,-150,7.083,0,0,4,1,R,"아침땅_",190,94.936,0.502,3,36,W,Y,1,1035.037,128,85,134,100,37,139,83,-15,55.289,-0.213,0.317,-20.551,1,0.143,0.294,47.023,591.631,-88.101,1034.008,-1.521,-21.45,,,,,,0,0,,,,,,,,,,,,,,,,,,,,,,,,,,,,,,,,,,,,,,0.121,-37.209,0.019,-17.364,-20.954,-46.831,-15.694,-62.8,23.869,-54.046,10.021,-64.472,40.907,-90.657,0,-109.85,-40.807,-90.557,0.259,-36.569,,"Amellaid",-0.012,-17.395,,"레이나2",-20.664,-46.782,,"ByeolBam",-15.703,-62.837,,"yumi2012",23.86,-54.015,,"CoalCat",10.008,-64.289,,"AI",40.9,-90.65,,"AI",0,-109.84,,"AI",-40.8,-90.55,,,,,,,,,,,,,,,,,,,,,,,,,,,,,,,,,,,,,,,,,,,,,,,,,,,,,,,,"",3,0,"",,,,0,""
33,,2,1,0,0,2,2,1,0,0,0,255,255,255,18,1051.441,"ddil_ddil69",R,26,91,140,-0.72,0.42,0.431,2.137,-0.171,1.721,-36.69,34.222,75,25,0,2,-114.326,-150,3.66,0,0,4,1,R,"아침땅_",190,94.936,0.502,3,36,W,Y,1,1052.531,152,79,104,41,17,145,126,-30,13.741,-0.175,1.103,-19.47,0.73,0,0.327,440.535,231.151,-335.407,1051.541,-0.619,-21.273,1058.381,7,-22.592,0.059,-125.352,1,0,,1058.25,1063.2,,,,,,,,,,,,,,,,,,,,,,,,,,,,,,,,,,,0.116,-37.27,-0.023,-17.254,-20.996,-46.999,-15.4,-62.751,23.672,-54.039,9.436,-63.828,40.9,-90.65,0,-109.84,-40.8,-90.55,0.296,-37.06,,"Amellaid",-0.072,-17.388,,"레이나2",-20.811,-46.861,,"ByeolBam",-15.41,-62.777,,"yumi2012",23.645,-53.946,,"CoalCat",9.574,-63.671,78,"AI",40.9,-90.65,,"AI",0,-109.84,,"AI",-40.8,-90.55,,1069.931,-0.225,-40.606,,,,,,,,,,,,,1064.269,-0.064,-59.721,,,,,,,,,,,,,,,,,,,,,,,,,1068.728,2.394,-58.208,,,,,,,,,,"",2,0,"AI",1063.2,,,34,""
34,,2,1,0,0,0,0,1,0,1,0,255,1,255,19,1083.887,"ddil_ddil69",R,26,66,119,-1.166,4.331,0.426,2.264,-0.07,2.149,-36.69,49.677,100,0,0,2,-0.643,-150,-0.279,0,0,5,4,L,"-라후이-",190,87,0.498,3,38,W,Y,1,1084.856,195,106,72,50,23,139,103,27.306,3.742,-0.03,1.439,-20.229,0.01,0,0.43,591.811,89.33,42.19,1089.008,-7.992,-110.729,1089.288,7,-7.763,1.895,-108.462,0,0,,,,,,,,,,,,,1111.158,,1090.342,5,,456,0,,,,,,,,,,,,,,,,,,,0.037,-37.293,0.004,-17.354,-20.807,-47.475,-11.07,-63.391,24.083,-51.79,11.683,-61.967,40.915,-90.664,0,-109.85,-40.815,-90.564,0.116,-37.189,,"Amellaid",0.012,-17.366,,"레이나2",-20.619,-47.376,,"ByeolBam",-11.056,-63.393,89,"yumi2012",24.092,-51.794,,"CoalCat",11.743,-61.791,,"AI",40.9,-90.65,,"AI",0,-109.84,,"AI",-40.8,-90.55,,1097.69,0.1,-38.863,,,,,,,1094.398,-1.033,-65.348,,,,,,,,,,,,,,,,,,,,,,,,,1096.36,-1.355,-61.053,,,,,,,,,,,,,,,,"",1,0,"AI",1089.692,,,36,""
35,,2,1,0,0,0,0,2,0,1,0,255,1,255,20,1113.38,"ddil_ddil69",R,26,85,138,-0.909,0.149,0.343,2.076,-0.302,1.55,-36.69,29.721,97,3,0,0,-86.281,-150,2.577,0,0,6,0,L,"펜케이크",190,95.157,0.45,,38,W,Y,1,,,,,,,,,,,,,,,,,,,,,,,,,,,,0,0,,,,,,,,,,,,,1125.875,,,,,,,,,,,,,,,,,,,,,,,,,0.022,-37.394,-0.012,-17.294,-20.449,-47.242,-11.6,-65.469,23.133,-52.25,12.687,-63.267,40.915,-90.664,0,-109.86,-40.815,-90.564,,,,"",,,,"",,,,"",,,,"",,,,"",,,,"",,,,"",,,,"",,,,1117.977,-0.191,-37.492,,,,,,,,,,,,,,,,,,,,,,,,,,,,,,,,,,,,,,,,,,,,,,,,,,,,"",0,0,"",1116.38,,,0,""
36,,2,1,0,0,0,1,2,0,1,0,255,1,255,21,1133.11,"ddil_ddil69",R,6,68,109,0.796,-0.299,0.346,2.014,-0.542,1.419,-36.69,31.16,90,10,0,0,456.774,4.161,28.668,0,0,6,0,L,"펜케이크",190,95.157,0.45,,38,W,Y,1,,,,,,,,,,,,,,,,,,,,,,,,,,,,0,0,,,,,,,,,,,,,1148.423,,,,,,,,,,,,,,,,,,,,,,,,,0.046,-37.336,-0.01,-17.361,-20.625,-47.081,-10.41,-65.708,23.133,-52.551,12.662,-63.141,40.915,-90.664,0,-109.86,-40.815,-90.564,,,,"",,,,"",,,,"",,,,"",,,,"",,,,"",,,,"",,,,"",,,,1138.329,-0.258,-37.692,,,,,,,,,,,,,,,,,,,,,,,,,,,,,,,,,,,,,,,,,,,,,,,,,,,,"",0,0,"",1136.484,,,0,""
37,,2,1,0,0,0,2,2,0,1,0,255,1,255,22,1154.014,"ddil_ddil69",R,26,84,137,-0.712,0.136,0.339,2.04,-0.37,1.542,-36.69,35.926,99,1,0,0,34.575,-150,3.808,0,0,6,0,L,"펜케이크",190,95.157,0.45,,38,W,Y,1,,,,,,,,,,,,,,,,,,,,,,,,,,,,0,0,,,,,,,,,,,,,,,1156.803,6,,578,0,,,,,,,,,,,,,,,,,,,-0.05,-37.28,-0.021,-17.33,-20.678,-46.944,-10.339,-65.008,23.392,-53.496,12.392,-63.205,40.915,-90.664,0,-109.86,-40.815,-90.564,,,,"",,,,"",,,,"",,,,"",,,,"",,,,"",,,,"",,,,"",,,,1158.824,0.27,-37.764,,,,,,,,,,,,,,,,,,,,,,,,,,,,,,,,,,,,,,,,,,,,,,,,,,,,"",0,0,"",,,,0,""
38,SIDE,2,1,0,0,0,0,2,0,1,0,255,1,255,,1159.268,,,,,,,,,,,,,,,,,,,,,,,0,,,,,,,,,,,,,,,,,,,,,,,,,,,,,,,,,,,,,,,0,0,,,,,,,,,,,,,,,,,,,,,,,,,,,,,,,,,,,,,,,,,,,,,,,,,,,,,,,,,,,,,,,,,,,,,,,,,,,,,,,,,,,,,,,,,,,,,,,,,,,,,,,,,,,,,,,,,,,,,,,,,,,,,,,,,,,,,,,,,,,,,,,,,"",0,0,"",,,,0,""
39,,2,0,0,0,0,0,0,0,0,0,255,255,255,12,1190.092,"펜케이크",L,6,78,117,-1.777,-1.699,-0.545,1.468,-0.418,0.439,-36.39,27.067,54,46,0,1,-390.434,-150,53.999,0,0,3,2,R,"레이나2",180.3,80.17,0.398,,38,W,Y,0,,,,,,,,,,,,,,,,,,,,,,,,,,,,0,0,,,,,,,,,,,,,,,,,,,,,,,,,,,,,,,,,,,,,,-0.033,-37.122,0.03,-17.565,-20.569,-48.371,-15.47,-62.96,19.617,-46.291,11.856,-65.457,40.93,-90.677,-4.474,-115.846,-40.83,-90.577,,,,"",,,,"",,,,"",,,,"",,,,"",,,,"",,,,"",,,,"",,,,,,,,,,,,,,,,,,,,,,,,,,,,,,,,,,,,,,,,,,,,,,,,,,,,,,,,,,"",0,0,"",,,,0,""
40,,2,0,0,0,1,0,0,0,0,0,255,255,255,13,1206.048,"펜케이크",L,13,82,120,-0.992,1.163,-0.685,2.119,-0.971,2.712,-36.39,52.04,93,7,0,1,347.341,359.659,10.121,0,0,3,2,R,"레이나2",180.3,80.17,0.398,,38,W,Y,0,,,,,,,,,,,,,,,,,,,,,,,,,,,,0,0,,,,,,,,,,,,,,,,,,,,,,,,,,,,,,,,,,,,,,-0.179,-37.154,0.041,-17.612,-20.553,-48.516,-15.293,-63.044,20.028,-47.407,10.925,-65.651,40.915,-90.664,-3.277,-114.334,-40.815,-90.564,,,,"",,,,"",,,,"",,,,"",,,,"",,,,"",,,,"",,,,"",,,,,,,,,,,,,,,,,,,,,,,,,,,,,,,,,,,,,,,,,,,,,,,,,,,,,,,,,,"",0,0,"",,,,0,""
41,,2,0,0,0,2,0,0,0,0,0,255,255,255,14,1221.714,"펜케이크",L,13,62,105,2.11,-1.899,-0.414,1.617,0.188,0.948,-36.39,5.904,49,51,0,4,372.687,312.348,32.077,0,0,3,2,R,"레이나2",180.3,80.17,0.398,,38,W,Y,1,,,,,,,,,,,,,,,,,,,,,,,,,,,,0,0,,,,,,,,,,,,,,,,,,,,,,,,,,,,,,,,,,,,,,-0.287,-37.101,0.061,-17.67,-20.147,-48.429,-15.213,-63.006,19.816,-47.082,12.678,-65.337,40.907,-90.657,-4.212,-114.716,-40.807,-90.557,,,,"",,,,"",,,,"",,,,"",,,,"",,,,"",,,,"",,,,"",,,,,,,,,,,,,,,,,,,,,,,,,,,,,,,,,,,,,,,,,,,,,,,,,,,,,,,,,,"",0,0,"",,,,0,""
42,,2,0,0,0,2,1,0,0,0,0,255,255,255,15,1236.972,"펜케이크",L,26,95,140,1.221,-0.103,-0.372,1.832,0.564,1.399,-36.39,17.476,90,10,0,0,-15.163,-150,-13.955,0,0,3,2,R,"레이나2",180.3,80.17,0.398,,77,W,Y,0,,,,,,,,,,,,,,,,,,,,,,,,,,,,0,0,,,,,,,,,,,,,,,,,,,,,,,,,,,,,,,,,,,,,,-0.002,-37.227,0.052,-17.631,-20.387,-47.518,-15.185,-62.891,20.376,-46.753,12.69,-64.46,40.907,-90.657,-3.765,-112.534,-40.807,-90.557,,,,"",,,,"",,,,"",,,,"",,,,"",,,,"",,,,"",,,,"",,,,,,,,,,,,,,,,,,,,,,,,,,,,,,,,,,,,,,,,,,,,,,,,,,,,,,,,,,"",0,0,"",,,,0,""
43,,2,0,0,0,2,2,0,0,0,0,255,255,255,16,1250.405,"펜케이크",L,6,88,126,-1.472,-0.715,-0.455,1.683,-0.001,1.173,-36.39,13.984,97,3,0,4,-482.031,6.91,-60.233,0,0,3,2,R,"레이나2",180.3,80.17,0.398,,77,W,Y,1,,,,,,,,,,,,,,,,,,,,,,,,,,,,0,0,,,,,,,,,,,,,,,1253.162,3,,578,0,,,,,,,,,,,,,,,,,,,-0.179,-37.058,0.055,-17.645,-20.397,-47.508,-15.159,-62.909,19.955,-46.496,13.071,-64.717,40.907,-90.657,-4.206,-111.888,-40.807,-90.557,,,,"",,,,"",,,,"",,,,"",,,,"",,,,"",,,,"",,,,"",,,,,,,,,,,,,,,,,,,,,,,,,,,,,,,,,,,,,,,,,,,,,,,,,,,,,,,,,,"",0,0,"",,,,0,""
44,,2,0,0,0,0,0,1,0,0,0,255,255,255,17,1271.721,"펜케이크",L,10,94,128,3.076,-1.717,-0.401,1.823,0.458,1.626,-36.39,22.682,93,7,0,2,0,400,1.751,0,0,4,4,R,"yumi2012",174.1,85.003,0.5,3,38,W,Y,1,1272.874,255,84,92,23,0,138,126,26.774,31.763,0.208,0.677,-19.927,0.32,0,0.449,52.328,581.086,140.005,1276.301,-66.123,-100.306,1277.488,8,-62.489,0.405,-97.731,1,0,,1278.205,,,,,,,,,,,,,,,,,,,,,,,,,,,,,,,,,,,,0.006,-37.291,0.037,-17.646,-21.072,-48.336,-15.551,-63.138,19.546,-44.879,13.636,-64.582,40.915,-90.664,-4.666,-114.308,-40.815,-90.564,-0.357,-37.368,,"아침땅_",0.044,-17.633,,"즉석카레",-20.793,-48.353,,"_Gosomi",-15.529,-62.991,86,"-라후이-",19.028,-46.566,,"muyang_",13.55,-64.544,,"AI",40.9,-90.65,,"うよすま",-4.419,-114.067,,"AI",-40.8,-90.55,,1286.662,-0.169,-38.681,,,,,,,1282.7,-15.835,-68.64,,,,,,,,,,,,,,,,,,,,,,,,,1285.107,-13.536,-62.47,,,,,,,,,,,,,,,,"",2,0,"AI",,,,65,""
45,,2,0,0,0,0,0,1,1,0,0,14,255,255,18,1305.871,"펜케이크",L,6,69,111,-1.862,-0.725,-0.462,1.689,-0.033,1.183,-36.39,24.919,64,36,0,4,-436.847,0,-18.621,0,0,5,0,R,"ddil_ddil69",175.8,89.974,0.401,,38,W,Y,1,,,,,,,,,,,,,,,,,,,,,,,,,,,,0,0,,,,,,1362.079,,,,,,1356.353,,,,,,,,,,,,,,,,,,,,,,,,,,0.052,-37.215,0.048,-17.685,-20.394,-41.255,-15.595,-60.446,20.058,-47.354,7.717,-62.401,40.915,-90.664,-5.592,-113.967,-40.815,-90.564,,,85,"",,,,"",,,,"",,,,"",,,,"",,,,"",,,,"",,,,"",,,,1359.426,0.104,-41.726,,,,,,,,,,,,,,,,,,,,,,,,,1362.782,-0.202,-40.168,,,,,,,,,,,,,,,,,,,,,,,,,"",0,0,"",1362.079,,,0,""
46,,2,0,0,0,0,1,1,0,1,0,255,14,255,19,1392.43,"펜케이크",L,29,72,123,-0.453,-0.868,-0.553,1.637,-0.458,1.001,-36.39,15.024,65,35,0,2,179.457,-82.732,-22.761,0,0,5,0,R,"ddil_ddil69",175.8,89.974,0.401,3,38,W,Y,1,1393.588,255,97,118,93,45,145,82,25.521,-10.804,-0.053,0.825,-20.697,1,0,0.691,-140.991,232.483,534.858,1396.301,7.312,-83.275,1397.875,7,5.934,0.104,-92.783,1,32,,1399.05,1404.693,1409.86,1417.059,,,,1400.299,1408.805,,,,,1416.997,5,3,305,24,,,,,,,,,,,,,,,,,,,-0.202,-37.062,0.022,-17.594,-20.231,-47.808,-16.857,-59.493,18.41,-44.6,8.778,-57.548,40.922,-90.671,-5.3,-113.353,-40.822,-90.57,-0.456,-37.566,,"아침땅_",-0.005,-17.63,31,"즉석카레",-20.636,-48.077,,"_Gosomi",-16.834,-59.455,,"-라후이-",18.418,-44.6,,"muyang_",8.748,-57.737,,"AI",40.9,-90.65,,"うよすま",-5.282,-113.356,115,"AI",-40.8,-90.55,,1413.272,0.902,-22.066,1407.85,-7.527,-5.955,,,,,,,,,,,,,,,,1399.265,5.826,-94.065,,,,,,,1412.534,-1.048,-18.13,,,,,,,,,,,,,,,,1400.259,6.505,-87.85,,,,"",2,0,"うよすま",1404.693,1400.299,1408.805,88,""
47,,2,0,0,1,0,0,2,0,0,0,255,255,255,20,1440.161,"펜케이크",L,13,78,115,1.078,-1.471,-0.479,1.657,-0.114,1.113,-36.39,20.339,61,39,0,4,350.35,356.728,-12.699,0.403,-17.861,0,1,L,"Amellaid",190,80,0.44,,37,W,Y,1,,,,,,,,,,,,,,,,,,,,,,,,,,,,0,0,,,,,,,,,,,,,,,,,,,,,,,,,,,,,,,,,,,,,,0.001,-37.236,0.032,-17.612,-20.672,-48.845,-11.14,-64.883,21.513,-48.594,14.323,-64.559,40.93,-90.677,3.511,-113.849,-40.83,-90.577,,,,"",,,,"",,,,"",,,,"",,,,"",,,,"",,,,"",,,,"",,,,1444.234,0.092,-37.621,,,,,,,,,,,,,,,,,,,,,,,,,,,,,,,,,,,,,,,,,,,,,,,,,,,,"",0,0,"",,,,0,""
48,,2,0,0,1,0,1,2,0,0,0,255,255,255,21,1455.145,"펜케이크",L,27,91,140,-2.657,-0.561,-0.45,1.74,0.134,1.114,-36.39,13.685,88,12,0,2,4.579,-142.592,-11.046,0,0,0,1,L,"Amellaid",190,80,0.44,0,37,W,Y,1,1456.064,255,255,35,15,0,92,72,3.826,-32.908,0.068,0.761,-19.961,-1,0,0.426,223.824,-534.985,153.928,1455.501,10.511,-35.029,1456.594,4,17.261,0.059,-43.962,0,0,,1461.441,,,,,,,,,,,,,1461.344,0,,147,32,,,,,,,,,,,,,,,,,,,-0.044,-37.332,0.036,-17.637,-20.182,-48.934,-11.202,-64.886,21.204,-48.727,14.706,-63.742,40.907,-90.657,4.821,-117.034,-40.807,-90.557,-0.432,-37.192,,"아침땅_",0.044,-17.632,,"즉석카레",-20.169,-48.933,,"_Gosomi",-11.087,-64.819,,"-라후이-",21.291,-48.606,102,"muyang_",14.71,-63.715,,"AI",40.9,-90.65,,"うよすま",4.82,-117.032,,"AI",-40.8,-90.55,,,,,,,,1460.715,-18.837,-39.372,,,,1458.112,17.501,-44.559,,,,,,,,,,,,,,,,,,,,,,,,,1459.213,12.537,-42.675,,,,,,,,,,,,,"",2,0,"-라후이-",,,,36,""
49,SIDE,2,0,0,1,0,0,2,0,0,0,255,255,255,,1462.985,,,,,,,,,,,,,,,,,,,,,,,1,,,,,,,,,,,,,,,,,,,,,,,,,,,,,,,,,,,,,,,0,0,,,,,,,,,,,,,,,,,,,,,,,,,,,,,,,,,,,,,,,,,,,,,,,,,,,,,,,,,,,,,,,,,,,,,,,,,,,,,,,,,,,,,,,,,,,,,,,,,,,,,,,,,,,,,,,,,,,,,,,,,,,,,,,,,,,,,,,,,,,,,,,,,"",0,0,"",,,,0,""
50,,3,1,0,1,1,0,0,0,0,0,255,255,255,23,1521.372,"ddil_ddil69",R,26,83,134,-1.74,-0.678,0.298,1.926,-0.777,1.04,-36.69,19.353,47,53,0,4,5.923,-150,6.207,0,0,0,3,R,"_Gosomi",175.2,85.368,0.474,,37,W,Y,1,,,,,,,,,,,,,,,,,,,,,,,,,,,,0,0,,,,,,,,,,,,,,,,,,,,,,,,,,,,,,,,,,,,,,0.035,-37.312,0.04,-17.203,-20.804,-47.055,-14.008,-64.32,23.025,-54.02,10.452,-63.68,40.907,-90.657,0,-109.85,-40.807,-90.557,,,,"",,,,"",,,,"",,,,"",,,,"",,,,"",,,,"",,,,"",,,,,,,,,,,,,,,,,,,,,,,,,,,,,,,,,,,,,,,,,,,,,,,,,,,,,,,,,,"",0,0,"",,,,0,""
51,,3,1,0,1,1,1,0,0,0,0,255,255,255,24,1539.193,"ddil_ddil69",R,14,68,110,0.601,-1.115,0.432,2.048,-0.142,1.519,-36.69,42.814,88,11,1,2,209.569,400,20.674,0,0,0,3,R,"_Gosomi",175.2,85.368,0.474,3,37,W,Y,1,1540.48,249,112,74,111,112,145,82,-30,-48.293,0.114,0.761,-21.539,1,0,0.52,-118.451,257.688,-528.74,1538.941,1.423,-22.712,,,,,,0,0,,,,,,,,,,,,,,,,,,,,,,,,,,,,,,,,,,,,,,-0.001,-37.133,-0.006,-17.485,-20.957,-46.989,-14.071,-64.39,23.103,-54.027,10.433,-63.654,40.915,-90.664,0,-109.85,-40.815,-90.564,0.145,-37.059,,"Amellaid",-0.015,-17.516,,"레이나2",-20.683,-46.925,,"ByeolBam",-14.073,-64.387,,"yumi2012",23.084,-53.957,,"CoalCat",10.442,-63.563,,"AI",40.9,-90.65,,"AI",0,-109.84,,"AI",-40.8,-90.55,,,,,,,,,,,,,,,,,,,,,,,,,,,,,,,,,,,,,,,,,,,,,,,,,,,,,,,,"",3,0,"",,,,0,""
52,,3,1,0,1,1,2,0,0,0,0,255,255,255,25,1559.861,"ddil_ddil69",R,26,89,140,-0.925,-0.662,0.358,1.9,-0.391,1.058,-36.69,26.094,41,59,0,0,-16.844,-150,1.823,0,0,0,3,R,"_Gosomi",175.2,85.368,0.474,,37,W,Y,1,,,,,,,,,,,,,,,,,,,,,,,,,,,,0,0,,,,,,,,,,,,,,,1562.65,0,,578,0,,,,,,,,,,,,,,,,,,,0.002,-37.259,0.03,-17.478,-20.9,-46.924,-13.883,-64.296,24.11,-52.84,10.425,-64.309,40.915,-90.664,0,-109.86,-40.815,-90.564,,,,"",,,,"",,,,"",,,,"",,,,"",,,,"",,,,"",,,,"",,,,,,,,,,,,,,,,,,,,,,,,,,,,,,,,,,,,,,,,,,,,,,,,,,,,,,,,,,"",0,0,"",,,,0,""
53,,3,1,0,1,0,0,1,0,0,0,255,255,255,26,1582.021,"ddil_ddil69",R,14,74,113,0.002,-1.706,0.333,1.923,-0.599,1.069,-36.69,20.593,45,54,1,4,358.341,348.7,58.472,0.069,-18.845,1,5,R,"muyang_",171.9,80,0.498,,37,W,Y,1,,,,,,,,,,,,,,,,,,,,,,,,,,,,0,0,,,,,,,,,,,,,,,,,,,,,,,,,,,,,,,,,,,,,,0.062,-37.277,0.01,-17.46,-20.92,-46.892,-14.646,-63.892,24.053,-52.938,10.175,-64.067,40.922,-90.671,0,-109.86,-40.822,-90.57,,,,"",,,,"",,,,"",,,,"",,,,"",,,,"",,,,"",,,,"",,,,,,,,,,,,,,,,,,,,,,,,,,,,,,,,,,,,,,,,,,,,,,,,,,,,,,,,,,"",0,0,"",,,,0,""
54,,3,1,0,1,0,1,1,0,0,0,255,255,255,27,1598.992,"ddil_ddil69",R,35,79,129,-0.685,-1.461,0.411,1.9,-0.236,0.985,-36.69,23.288,46,54,0,4,-48.797,200,-11.356,0,0,1,5,R,"muyang_",171.9,80,0.498,,37,W,Y,1,,,,,,,,,,,,,,,,,,,,,,,,,,,,0,0,,,,,,,,,,,,,,,,,,,,,,,,,,,,,,,,,,,,,,0.07,-37.276,0.033,-17.481,-20.916,-46.965,-14.699,-63.864,24.057,-52.93,10.272,-64.094,40.915,-90.664,0,-109.85,-40.815,-90.564,,,,"",,,,"",,,,"",,,,"",,,,"",,,,"",,,,"",,,,"",,,,,,,,,,,,,,,,,,,,,,,,,,,,,,,,,,,,,,,,,,,,,,,,,,,,,,,,,,"",0,0,"",,,,0,""
55,,3,1,0,1,0,2,1,0,0,0,255,255,255,28,1615.161,"ddil_ddil69",R,26,94,140,-0.827,0.459,0.41,2.098,-0.244,1.694,-36.69,34.449,76,24,0,0,-94.158,-150,3.005,0,0,1,5,R,"muyang_",171.9,80,0.498,,37,W,Y,1,,,,,,,,,,,,,,,,,,,,,,,,,,,,0,0,,,,,,,,,,,,,,,1617.919,1,,578,0,,,,,,,,,,,,,,,,,,,0.072,-37.186,0.026,-17.528,-20.886,-47.018,-14.626,-63.711,24.158,-52.788,10.405,-64.05,40.915,-90.664,0,-109.85,-40.815,-90.564,,,,"",,,,"",,,,"",,,,"",,,,"",,,,"",,,,"",,,,"",,,,,,,,,,,,,,,,,,,,,,,,,,,,,,,,,,,,,,,,,,,,,,,,,,,,,,,,,,"",0,0,"",,,,0,""
56,,3,1,0,1,0,0,2,0,0,0,255,255,255,29,1637.449,"ddil_ddil69",R,10,84,125,-0.403,-0.032,0.395,2.146,-0.187,1.978,-36.69,43.843,91,9,0,2,0,400,-13.308,0,0,2,2,R,"즉석카레",174.9,92.596,0.402,3,37,W,Y,1,1638.605,220,76,101,56,23,145,108,-15.216,15.281,-0.2,0.727,-20.679,0.92,0,0.19,-536.589,265.749,-38.078,1636.995,-0.843,-23.012,1638.875,3,-8.624,0.078,-61.744,0,0,,,,,,,,,,,,,,,1643.152,2,,147,4,,,,,,,,,,,,,,,,,,,0.054,-37.355,0.012,-17.488,-20.991,-46.877,-14.686,-63.743,24.055,-53.007,10.476,-64.058,40.922,-90.67,0,-109.86,-40.822,-90.57,0.191,-37.17,,"Amellaid",-0.018,-17.502,,"레이나2",-20.729,-46.896,,"ByeolBam",-14.31,-63.758,107,"yumi2012",24.012,-52.897,,"CoalCat",10.381,-63.97,,"AI",40.9,-90.65,,"AI",0,-109.84,,"AI",-40.8,-90.55,,,,,,,,1642.562,-19.492,-40.822,1640.569,-8.863,-62.525,,,,,,,,,,,,,,,,,,,,,,,,,1641.58,-12.303,-59.618,,,,,,,,,,,,,,,,"",2,0,"ByeolBam",,,,12,""
57,SIDE,3,1,0,1,0,0,2,0,0,0,255,255,255,,1644.656,,,,,,,,,,,,,,,,,,,,,,,3,,,,,,,,,,,,,,,,,,,,,,,,,,,,,,,,,,,,,,,0,0,,,,,,,,,,,,,,,,,,,,,,,,,,,,,,,,,,,,,,,,,,,,,,,,,,,,,,,,,,,,,,,,,,,,,,,,,,,,,,,,,,,,,,,,,,,,,,,,,,,,,,,,,,,,,,,,,,,,,,,,,,,,,,,,,,,,,,,,,,,,,,,,,"",0,0,"",,,,0,""
58,,3,0,0,1,0,0,0,0,0,0,255,255,255,22,1694.238,"펜케이크",L,14,81,118,-1.927,-1.442,-0.505,1.674,-0.233,1.125,-36.39,19.218,63,37,0,4,-390.434,312.348,-54.237,-0.499,-18.01,1,5,R,"CoalCat",174.6,83,0.397,,37,W,Y,1,,,,,,,,,,,,,,,,,,,,,,,,,,,,0,0,,,,,,,,,,,,,,,,,,,,,,,,,,,,,,,,,,,,,,-0.049,-37.206,0.021,-17.658,-20.732,-48.472,-14.262,-62.034,19.154,-46.475,14.506,-63.913,40.952,-90.698,-6.416,-113.184,-40.854,-90.599,,,,"",,,,"",,,,"",,,,"",,,,"",,,,"",,,,"",,,,"",,,,1699.076,0.199,-37.513,,,,,,,,,,,,,,,,,,,,,,,,,,,,,,,,,,,,,,,,,,,,,,,,,,,,"",0,0,"",,,,0,""
59,,3,0,0,1,0,1,0,0,0,0,255,255,255,23,1708.225,"펜케이크",L,27,85,137,0.52,-0.338,-0.436,1.715,0.09,1.269,-36.39,20.165,66,34,0,0,111.794,-138.287,-20.513,0,0,1,5,R,"CoalCat",174.6,83,0.397,,37,W,Y,1,,,,,,,,,,,,,,,,,,,,,,,,,,,,0,0,,,,,,,,,,,,,,,,,,,,,,,,,,,,,,,,,,,,,,0.038,-37.296,0.009,-17.688,-20.563,-48.121,-14.423,-62.195,19.032,-46.221,13.179,-64.653,40.907,-90.657,-4.862,-114.446,-40.808,-90.557,,,,"",,,,"",,,,"",,,,"",,,,"",,,,"",,,,"",,,,"",,,,1712.262,-0.124,-37.389,,,,,,,,,,,,,,,,,,,,,,,,,,,,,,,,,,,,,,,,,,,,,,,,,,,,"",0,0,"",,,,0,""
60,,3,0,0,1,0,2,0,0,0,0,255,255,255,24,1723.027,"펜케이크",L,13,83,121,1.161,-0.629,-0.453,1.805,-0.013,1.682,-36.39,19.444,93,7,0,2,333.527,372.505,5.366,0,0,1,5,R,"CoalCat",174.6,83,0.397,0,37,W,Y,1,1724.072,234,116,88,94,48,145,86,-62.736,-6.929,0.198,0.769,-20.681,-1,0,0.314,22.061,-584.135,-135.278,1722.288,0.242,-21.046,1726.661,5,4.414,0.06,-53.2,1,0,,1729.211,,,,,,,,,,,,,,,,,,,,,,,,,,,,,,,,,,,,-0.066,-37.315,0.017,-17.666,-20.626,-48.234,-14.414,-62.225,18.993,-46.347,13.193,-64.644,40.907,-90.657,-3.888,-111.266,-40.807,-90.557,-0.564,-37.15,,"아침땅_",0.009,-17.667,,"즉석카레",-20.636,-48.239,61,"_Gosomi",-14.359,-62.164,,"-라후이-",18.879,-46.393,,"muyang_",13.194,-64.656,99,"AI",40.9,-90.65,,"うよすま",-3.697,-111.388,,"AI",-40.8,-90.55,,1737.035,-1.82,-42.919,,,,1730.464,-18.746,-39.591,,,,,,,1728.512,4.621,-54.001,,,,,,,,,,,,,,,,1735.673,-18.655,-40.707,,,,,,,1729.099,1.773,-51.812,,,,,,,,,,"",2,0,"muyang_",,,,70,""
61,,3,0,0,1,0,0,0,1,0,0,15,255,255,25,1753.883,"펜케이크",L,26,75,126,-0.073,-0.558,-0.428,1.647,0.188,1.117,-36.39,17.854,60,40,0,0,-136.199,-150,10.938,0,0,2,3,R,"ByeolBam",175,90,0.5,,37,W,Y,0,,,,,,,,,,,,,,,,,,,,,,,,,,,,0,0,,,,,,,,,,,,1769.51,,,,,,,,,,,,,,,,,,,,,,,,,,0.024,-37.37,0.033,-17.581,-20.876,-46.545,-16.071,-62.141,20.107,-44.202,8.536,-63.446,40.915,-90.664,-5.286,-115.477,-40.815,-90.564,,,,"",,,,"",,,,"",,,,"",,,,"",,,,"",,,,"",,,,"",,,,1758.092,0.034,-37.788,,,,,,,,,,,,,,,,,,,,,,,,,,,,,,,,,,,,,,,,,,,,,,,,,,,,"",0,0,"",,,,0,""
62,,3,0,0,1,0,1,0,1,0,0,15,255,255,26,1769.528,"펜케이크",L,6,87,128,-1.211,-0.765,-0.452,1.68,0.016,1.148,-36.39,14.277,60,40,0,0,-399.553,0,-53.822,0,0,2,3,R,"ByeolBam",175,90,0.5,,37,W,Y,1,,,,,,,,,,,,,,,,,,,,,,,,,,,,0,0,,,,,,,,,,,,1785.954,,,,,,,,,,,,,,,,,,,,,,,,,,-0.038,-37.335,0.041,-17.576,-21.583,-48.318,-15.959,-62.184,19.408,-44.962,6.577,-64.245,40.907,-90.657,-6.186,-114.849,-40.808,-90.557,,,,"",,,,"",,,,"",,,,"",,,,"",,,,"",,,,"",,,,"",,,,1773.502,-0.09,-37.51,,,,,,,,,,,,,,,,,,,,,,,,,,,,,,,,,,,,,,,,,,,,,,,,,,,,"",0,0,"",,,,0,""
63,,3,0,0,1,0,2,0,1,0,0,15,255,255,27,1786.529,"펜케이크",L,26,104,140,-0.305,-1.37,-0.497,1.543,-0.194,0.667,-36.39,12.783,53,47,0,2,58.504,-150,-20.403,0,0,2,3,R,"ByeolBam",175,90,0.5,5,37,W,Y,1,1787.535,193,61,109,62,24,145,113,0,-21.114,-0.035,0.44,-19.77,0.9,0,0.283,81.196,324.626,-498.022,1786.048,4.26,-31.211,1791.155,6,33.541,0.057,-106.065,1,0,,1793.281,1797.464,,,1792.652,1797.484,,,,,,,,,,,,,,,,,,,,,,,,,1798.927,3,,,,,-0.032,-37.322,0.03,-17.576,-21.426,-43.283,-15.609,-62.493,19.556,-46.643,6.929,-64.392,40.915,-90.664,-5.038,-114.004,-40.815,-90.564,-0.485,-37.341,,"아침땅_",0.012,-17.593,,"즉석카레",-20.616,-47.301,,"_Gosomi",-15.579,-62.488,85,"-라후이-",18.38,-46.737,,"muyang_",6.693,-63.36,,"AI",40.9,-90.65,,"うよすま",-5.084,-113.986,,"AI",-40.8,-90.55,,1802.284,-0.124,-43.883,,,,,,,1796.881,3.143,-63.411,,,,,,,,,,,,,,,,,,,,,,,,,1801.435,-2.392,-55.663,,,,,,,,,,,,,,,,"",2,0,"AI",1792.652,1797.484,,65,""
64,,3,0,0,1,0,0,0,0,1,1,255,13,15,28,1822.712,"펜케이크",L,10,95,128,1.695,-1.438,-0.347,1.721,0.748,1.175,-36.39,33.317,94,6,0,1,0,400,0.45,0,0,3,2,R,"레이나2",180.3,80.17,0.398,,37,W,Y,0,,,,,,,,,,,,,,,,,,,,,,,,,,,,0,0,,,,,,,,,,,,,1841.817,1833.374,,,,,,,,,,,,,,,,,,,,,,,,0.101,-37.424,0.026,-17.611,-20.571,-48.656,-14.881,-61.488,19.243,-39.984,11.451,-60.77,40.922,-90.671,-5.038,-115.416,-40.822,-90.571,,,,"",,,,"",,,,"",,,,"",,,,"",,,,"",,,,"",,,,"",,,,1827.351,0.004,-36.869,,,,,,,,,,,,,,,,,,,,,,,,,,,,,,,,,,,,,,,,,,,,,,,,,,,,"",0,0,"",1825.425,1825.122,,0,""
65,,3,0,0,1,1,0,0,0,1,1,255,13,15,29,1841.832,"펜케이크",L,0,92,140,-1.391,1.992,-0.588,2.21,-0.576,2.754,-36.39,77.87,83,17,0,1,-8.583,-24.612,-0.323,0,0,3,2,R,"레이나2",180.3,80.17,0.398,,37,W,Y,0,,,,,,,,,,,,,,,,,,,,,,,,,,,,0,0,,,,,,,,,,,,,1856.18,1859.539,,,,,,,,,,,,,,,,,,,,,,,,0.036,-37.23,0.001,-17.644,-20.083,-47.908,-14.49,-61.536,19.474,-40.051,11.752,-61.69,40.915,-90.664,-4.93,-114.979,-40.815,-90.564,,,,"",,,,"",,,,"",,,,"",,,,"",,,,"",,,,"",,,,"",,,,1846.773,0.007,-37.416,,,,,,,,,,,,,,,,,,,,,,,,,,,,,,,,,,,,,,,,,,,,,,,,,,,,"",0,0,"",1844.732,1844.484,,0,""
66,,3,0,0,1,2,0,0,0,1,1,255,13,15,30,1859.621,"펜케이크",L,0,92,140,-3.843,0.671,-0.747,1.918,-1.651,1.994,-36.39,53.492,91,9,0,1,0,0,4.068,0,0,3,2,R,"레이나2",180.3,80.17,0.398,,37,W,Y,0,,,,,,,,,,,,,,,,,,,,,,,,,,,,0,0,,,,,,,,,,,,,1872.982,1874.288,,,,,,,,,,,,,,,,,,,,,,,,-0.161,-37.113,0.013,-17.615,-20.513,-47.662,-13.885,-60.557,19.315,-40.6,10.703,-63.72,40.915,-90.664,-5.129,-115.224,-40.815,-90.564,,,,"",,,,"",,,,"",,,,"",,,,"",,,,"",,,,"",,,,"",,,,1864.187,0.008,-37.489,,,,,,,,,,,,,,,,,,,,,,,,,,,,,,,,,,,,,,,,,,,,,,,,,,,,"",0,0,"",1862.689,1861.817,,0,""
67,,3,0,0,1,3,0,0,0,1,1,255,13,15,31,1875.173,"펜케이크",L,31,81,132,0.348,-0.788,-0.449,1.664,0.026,1.11,-36.39,18.215,63,37,0,0,99.919,-17.488,-25.523,0,0,3,2,R,"레이나2",180.3,80.17,0.398,,37,W,Y,0,,,,,,,,,,,,,,,,,,,,,,,,,,,,0,0,,,,,,,,,,,,,1886.227,1889.842,,,,,,,,,,,,,,,,,,,,,,,,-0.009,-37.239,0.017,-17.675,-20.418,-47.668,-14.386,-60.392,19.518,-39.864,3.963,-62.713,40.907,-90.657,-4.531,-115.588,-40.807,-90.557,,,,"",,,,"",,,,"",,,,"",,,,"",,,,"",,,,"",,,,"",,,,1879.396,0.389,-37.331,,,,,,,,,,,,,,,,,,,,,,,,,,,,,,,,,,,,,,,,,,,,,,,,,,,,"",0,0,"",1879.556,1877.539,,0,""
68,,3,0,0,1,3,1,0,0,1,1,255,13,15,32,1889.894,"펜케이크",L,26,90,140,1.274,0.209,-0.331,1.805,0.575,1.588,-36.39,20.281,94,6,0,2,-7.303,-150,-15,0,0,3,2,R,"레이나2",180.3,80.17,0.398,3,37,W,Y,1,1890.974,191,65,110,60,20,145,83,57.72,8.608,0.25,1.011,-20.004,-1,0,0.163,595.478,-51.953,-52.023,1894.941,-6.197,-64.389,1895.221,3,-6.057,2.474,-63.307,0,0,,,,,,,,,,,,,1919.273,1904.132,1897.131,3,,452,0,,,,,,,,,,,,,,,,,,,0.044,-37.167,0.024,-17.646,-20.779,-47.682,-14.506,-60.156,19.05,-40.951,1.102,-60.648,40.907,-90.657,-4.582,-113.239,-40.807,-90.557,-0.316,-37.291,,"아침땅_",0.037,-17.654,130,"즉석카레",-20.755,-47.886,,"_Gosomi",-14.678,-60.414,95,"-라후이-",18.007,-45.135,,"muyang_",7.106,-63.143,,"AI",40.907,-90.657,,"うよすま",-4.627,-113.217,,"AI",-40.807,-90.557,,1904.303,-0.147,-41.502,1900.56,0.4,-20.673,,,,1897.145,-6.187,-63.68,,,,,,,,,,,,,,,,,,,1903.39,-0.24,-21.362,,,,1898.404,-6.32,-62.428,,,,,,,,,,,,,,,,"",1,0,"_Gosomi",1893.217,1895.523,,81,""
69,,3,0,0,1,0,0,1,0,1,1,255,13,15,33,1921.646,"펜케이크",L,12,83,133,-0.654,-0.771,-0.513,1.698,-0.269,1.209,-36.39,18.523,57,43,0,0,0,56.997,-1.878,0,0,4,4,R,"yumi2012",174.1,85.003,0.5,,37,W,Y,0,,,,,,,,,,,,,,,,,,,,,,,,,,,,0,0,,,,,,,,,,,,,1929.079,,,,,,,,,,,,,,,,,,,,,,,,,-0.047,-37.307,-0.008,-17.551,-20.465,-48.278,-15.13,-61.398,20.1,-40.947,9.499,-62.975,40.922,-90.671,-7.29,-110.776,-40.822,-90.57,,,,"",,,,"",,,,"",,,,"",,,,"",,,,"",,,,"",,,,"",,,,1930.083,0.006,-37.562,,,,,,,,,,,,,,,,,,,,,,,,,,,,,,,,,,,,,,,,,,,,,,,,,,,,"",0,0,"",1924.706,1924.19,,0,""
70,,3,0,0,1,0,1,1,0,1,1,255,13,15,34,1940.778,"펜케이크",L,6,83,124,-1.708,-1.208,-0.492,1.609,-0.17,0.894,-36.39,18.382,49,51,0,4,-403.695,0,-55.106,0,0,4,4,R,"yumi2012",174.1,85.003,0.5,,37,W,Y,1,,,,,,,,,,,,,,,,,,,,,,,,,,,,0,0,,,,,,,,,,,,,1956.427,1941.162,,,,,,,,,,,,,,,,,,,,,,,,-0.093,-37.164,0.02,-17.611,-20.418,-48.393,-14.929,-61.004,19.753,-42.436,0.318,-60.282,40.907,-90.657,-6.139,-112.114,-40.807,-90.557,,,,"",,,,"",,,,"",,,,"",,,,"",,,,"",,,,"",,,,"",,,,1944.963,0.196,-37.786,,,,,,,,,,,,,,,,,,,,,,,,,,,,,,,,,,,,,,,,,,,,,,,,,,,,"",0,0,"",1943.921,1942.941,,0,""
71,,3,0,0,1,0,2,1,0,1,1,255,13,15,35,1956.955,"펜케이크",L,13,74,113,-0.581,-0.642,-0.683,1.778,-0.91,1.648,-36.39,31.632,100,0,0,0,390.434,312.348,-11.553,0.249,-16.168,4,4,R,"yumi2012",174.1,85.003,0.5,,37,W,Y,0,,,,,,,,,,,,,,,,,,,,,,,,,,,,0,0,,,,,1962.983,,,,,,,,1977.528,1976.886,1962.346,4,,706,0,,,,,,,,,,,,,,,,,,,-0.155,-37.255,0.014,-17.529,-20.284,-48.519,-14.096,-61.056,19.253,-40.148,8.979,-62.001,40.915,-90.664,-5.518,-108.951,-40.815,-90.564,,,,"",,,,"",,,,"",,,,"",,,,"",,,,"",,,,"",,,,"",,,,1967.924,-0.361,-38.03,,,,,,,,,,,,,,,,,,,,,,,,,,,,,,,,,,,,,,,,,,,,,,,,,,,,"",0,0,"",1963.437,1980.105,,0,""
72,,3,0,0,1,0,0,2,0,1,1,255,13,15,36,1986.767,"펜케이크",L,26,88,140,-0.46,0.232,-0.495,1.806,-0.185,1.592,-36.39,25.462,97,3,0,2,0.359,-150,-5.138,0,0,5,0,R,"ddil_ddil69",175.8,89.974,0.401,3,37,W,Y,1,1987.944,135,33,57,32,10,130,74,27.599,61.912,-0.206,1.004,-19.303,1,0,0.435,330.493,303.147,-398.593,1988.848,-41.976,-39.473,,,,,,0,0,,,,,,,,,,,,,2004.938,,,,,,,,,,,,,,,,,,,,,,,,,-0.055,-37.299,0.014,-17.573,-20.16,-47.838,-15.112,-61.293,19.302,-39.978,2.109,-61.146,40.929,-90.677,-2.996,-112.428,-40.83,-90.577,-0.328,-37.391,,"아침땅_",0.012,-17.573,,"즉석카레",-20.176,-47.805,,"_Gosomi",-15.085,-61.226,,"-라후이-",17.899,-44.006,,"muyang_",8.293,-61.967,,"AI",40.9,-90.65,,"うよすま",-3.038,-112.509,,"AI",-40.8,-90.55,,,,,,,,,,,,,,,,,,,,,,,,,,,,,,,,,,,,,,,,,,,,,,,,,,,,,,,,"",3,0,"",1992.982,1993.523,,0,""
73,,3,0,0,1,0,1,2,0,1,1,255,13,15,37,2007.54,"펜케이크",L,10,78,118,1.121,-1.557,-0.378,1.678,0.499,1.192,-36.39,10.369,58,42,0,2,0,400,4.075,0,0,5,0,R,"ddil_ddil69",175.8,89.974,0.401,3,38,W,Y,1,2008.707,226,82,133,71,44,145,122,-4.644,5.985,0.178,0.407,-20.678,0.75,0,0.6,-204.09,560.357,-65.937,2006.835,-0.229,-24.39,2010.155,7,-5.66,0.055,-97.041,1,4,,2014.149,2018.457,,,,,,2013.849,2037.177,2014.278,,,2009.267,2037.121,2,3,306,104,,,,,,,,,,,,,,,,,2028.679,1,-0.068,-37.344,0.02,-17.586,-19.753,-48.233,-18.129,-61.338,19.416,-39.678,9.014,-63.648,40.922,-90.67,-4.971,-111.064,-40.822,-90.57,-0.454,-37.206,120,"아침땅_",0.011,-17.599,130,"즉석카레",-19.733,-48.211,,"_Gosomi",-18.129,-61.296,,"-라후이-",18.152,-44.515,89,"muyang_",9.969,-63.889,,"AI",40.9,-90.65,,"うよすま",-4.556,-111.095,115,"AI",-40.8,-90.55,,2020.799,-0.544,-40.583,2016.157,-3.662,-21.917,,,,,,,2030.071,18.421,-39.374,,,,,,,2012.217,-5.871,-98.516,,,,2027.254,2.215,-34.741,2020.12,-1.811,-26.787,,,,,,,2036.073,6.84,-26.642,,,,,,,2013.115,-4.466,-93.061,,,,"",2,0,"うよすま",2018.457,2013.849,2014.278,120,""
74,SIDE,3,0,0,2,0,0,2,0,1,0,255,10,255,,2040.303,,,,,,,,,,,,,,,,,,,,,,,0,,,,,,,,,,,,,,,,,,,,,,,,,,,,,,,,,,,,,,,0,0,,,,,,,,,,,,,,,,,,,,,,,,,,,,,,,,,,,,,,,,,,,,,,,,,,,,,,,,,,,,,,,,,,,,,,,,,,,,,,,,,,,,,,,,,,,,,,,,,,,,,,,,,,,,,,,,,,,,,,,,,,,,,,,,,,,,,,,,,,,,,,,,,"",0,0,"",,,,0,""
75,,4,1,0,2,0,0,0,0,0,0,255,255,255,30,2077.351,"ddil_ddil69",R,32,68,121,-1.675,0.808,0.49,1.662,-1.157,2.021,-36.69,22.562,0,86,14,1,250,-42.982,28.757,0,0,3,7,R,"うよすま",175.4,85.375,0.502,,37,W,Y,0,,,,,,,,,,,,,,,,,,,,,,,,,,,,0,0,,,,,,,,,,,,,,,,,,,,,,,,,,,,,,,,,,,,,,0.212,-37.315,0.007,-17.405,-20.901,-46.943,-13.139,-63.673,24.016,-52.908,9.369,-63.743,40.93,-90.678,0,-109.87,-40.83,-90.577,,,,"",,,,"",,,,"",,,,"",,,,"",,,,"",,,,"",,,,"",,,,,,,,,,,,,,,,,,,,,,,,,,,,,,,,,,,,,,,,,,,,,,,,,,,,,,,,,,"",0,0,"",,,,0,""
76,,4,1,0,2,1,0,0,0,0,0,255,255,255,31,2091.46,"ddil_ddil69",R,32,63,117,0.629,0.393,0.65,1.601,-0.178,1.981,-36.69,37.956,0,100,0,0,250,111.045,13.989,0,0,3,7,R,"うよすま",175.4,85.375,0.502,,37,W,Y,1,,,,,,,,,,,,,,,,,,,,,,,,,,,,0,0,,,,,,,,,,,,,,,,,,,,,,,,,,,,,,,,,,,,,,0.294,-37.322,0.014,-17.352,-20.891,-46.93,-13.577,-64.491,23.818,-53.207,9.376,-63.721,40.907,-90.657,0,-109.85,-40.808,-90.557,,,,"",,,,"",,,,"",,,,"",,,,"",,,,"",,,,"",,,,"",,,,,,,,,,,,,,,,,,,,,,,,,,,,,,,,,,,,,,,,,,,,,,,,,,,,,,,,,,"",0,0,"",,,,0,""
77,,4,1,0,2,1,1,0,0,0,0,255,255,255,32,2107.074,"ddil_ddil69",R,32,73,124,-0.645,0.441,0.7,1.604,-0.644,1.817,-36.69,38.934,0,100,0,2,250,-35.056,62.509,0,0,3,7,R,"うよすま",175.4,85.375,0.502,0,37,W,Y,1,2108.207,111,27,96,76,20,137,119,-30,1.127,-0.128,1.044,-19.779,0.15,0,0.278,-578.736,157.851,12.155,2106.088,-0.162,-21.463,2109.901,7,-1.783,0.059,-97.386,1,0,,2113.883,,,,,,,,,,,,,,,,,,,,,,,,,,,,,,,,,,,,0.279,-37.173,0.008,-17.353,-20.911,-46.882,-13.666,-64.367,23.745,-53.256,9.373,-63.749,40.907,-90.657,0,-109.85,-40.807,-90.557,0.009,-36.792,,"Amellaid",-0.083,-17.385,,"레이나2",-20.608,-46.895,,"ByeolBam",-13.671,-64.365,,"yumi2012",23.737,-53.221,,"CoalCat",9.363,-63.638,,"AI",40.9,-90.65,,"AI",0,-109.84,,"AI",-40.8,-90.55,,2116.378,0.297,-38.687,,,,,,,,,,,,,,,,,,,,,,,,,,,,,,,,,,,,,,,,,,,,,,,,,,,,"",2,0,"AI",,,,32,""
78,,4,1,0,2,0,0,0,1,0,0,7,255,255,33,2132.148,"ddil_ddil69",R,32,69,122,-1.69,0.439,0.594,1.612,-1.137,1.83,-36.69,32.983,0,100,0,1,250,-52.192,50.642,0,0,4,1,R,"아침땅_",190,94.936,0.502,,36,W,Y,0,,,,,,,,,,,,,,,,,,,,,,,,,,,,0,0,,,,,,,,,,,,2132.304,,,,,,,,,,,,,,,,,,,,,,,,,,0.223,-37.259,0.009,-17.347,-20.301,-42.031,-11.746,-61.001,23.022,-54.101,7.343,-64.147,40.915,-90.664,0,-109.86,-40.815,-90.564,,,,"",,,,"",,,,"",,,,"",,,,"",,,,"",,,,"",,,,"",,,,2137.541,-0.334,-37.547,,,,,,,,,,,,,,,,,,,,,,,,,,,,,,,,,,,,,,,,,,,,,,,,,,,,"",0,0,"",,,,0,""
79,,4,1,0,2,1,0,0,1,0,0,7,255,255,34,2148.256,"ddil_ddil69",R,2,53,99,3.869,-0.453,0.969,1.415,2.352,1.046,-36.69,87.446,0,100,0,1,-313.599,-250,44.404,-0.14,-12.54,4,1,R,"아침땅_",190,94.936,0.502,,36,W,Y,0,,,,,,,,,,,,,,,,,,,,,,,,,,,,0,0,,,,,,,,,,,,2160.448,,,,,,,,,,,,,,,,,,,,,,,,,,0.278,-37.175,0.029,-17.38,-20.402,-41.856,-11.987,-60.894,22.826,-54.048,6.812,-63.379,40.907,-90.657,0,-109.85,-40.807,-90.557,,,,"",,,,"",,,,"",,,,"",,,,"",,,,"",,,,"",,,,"",,,,2153.39,-0.16,-37.451,,,,,,,,,,,,,,,,,,,,,,,,,,,,,,,,,,,,,,,,,,,,,,,,,,,,"",0,0,"",,,,0,""
80,,4,1,0,2,2,0,0,1,0,0,7,255,255,35,2162.272,"ddil_ddil69",R,2,52,98,1.938,-0.803,0.92,1.454,1.574,0.822,-36.69,75.819,0,100,0,1,-346.646,-250,21.24,0,0,4,1,R,"아침땅_",190,94.936,0.502,,36,W,Y,0,,,,,,,,,,,,,,,,,,,,,,,,,,,,0,0,,,,,,,,,,,,2173.968,,,,,,,,,,,,,,,,,,,,,,,,,,0.275,-37.244,0.019,-17.407,-20.332,-41.543,-11.98,-60.868,22.797,-54.081,6.475,-62.869,40.907,-90.657,0,-109.85,-40.807,-90.557,,,,"",,,,"",,,,"",,,,"",,,,"",,,,"",,,,"",,,,"",,,,2168.147,-0.09,-37.391,,,,,,,,,,,,,,,,,,,,,,,,,,,,,,,,,,,,,,,,,,,,,,,,,,,,"",0,0,"",,,,0,""
81,,4,1,0,2,3,0,0,1,0,0,7,255,255,36,2176.24,"ddil_ddil69",R,32,66,119,0.312,-0.349,0.783,1.516,-0.26,1.521,-36.69,38.365,0,72,28,0,250,123.231,60.67,0,0,4,1,R,"아침땅_",190,94.936,0.502,,36,W,Y,0,,,,,,,,,,,,,,,,,,,,,,,,,,,,0,0,,,,,,2179.919,,,,,,,,,,,,,,,,,,,,,,,,,,,,,,,,0.327,-37.392,0.068,-17.359,-20.16,-41.098,-12.099,-60.873,22.74,-54.021,6.505,-61.961,40.907,-90.657,0,-109.85,-40.807,-90.557,,,,"",,,,"",,,,"",,,,"",,,,"",,,,"",,,,"",,,,"",,,,2183.496,-0.223,-37.393,,,,,,,,,,,,,,,,,,,,,,,,,,,,,,,,,,,,,,,,,,,,,,,,,,,,"",0,0,"",2179.919,,,0,""
82,,4,1,0,2,3,1,0,0,1,0,255,7,255,37,2195.382,"ddil_ddil69",R,32,63,117,-1.631,0.749,0.591,1.64,-1.15,1.92,-36.69,24.358,0,85,15,1,242.251,-156.446,32.35,0,0,4,1,R,"아침땅_",190,94.936,0.502,,36,W,Y,0,,,,,,,,,,,,,,,,,,,,,,,,,,,,0,0,,2203.962,,,,,,,,,,,2195.468,,,,,,,,,,,,,,,,,,,,,,,,,0.315,-37.382,-0.014,-17.497,-20.789,-46.727,-13.381,-61.771,22.789,-53.837,6.078,-61.274,40.915,-90.664,0,-109.85,-40.815,-90.564,,,,"",,,,"",,,,"",,,,"",,,,"",,,,"",,,,"",,,,"",,,,2201.48,-0.014,-36.937,,,,,,,,,,,,,,,,,,,,,,,,,,,,,,,,,,,,,,,,,,,,,,,,,,,,"",5,0,"",2198.313,,,0,""
83,,4,1,0,2,0,0,0,1,1,0,1,7,255,38,2213.873,"ddil_ddil69",R,32,65,105,0.04,0.501,0.688,1.691,-0.466,1.942,-36.69,29.448,0,96,4,2,238.636,-101.722,23.599,0,0,5,4,L,"-라후이-",190,87,0.498,3,37,W,Y,1,2214.865,242,109,93,67,47,145,87,95.573,73.996,0.017,1.294,-20.578,1,0,0.469,272.518,-317.028,-430.38,,,,,,,,,0,0,,,,,,,,,,,,2250.695,2227.655,,,,,,,,,,,,,,,,,,,,,,,,,0.295,-37.347,0.02,-17.563,-20.786,-46.831,-11.969,-61.856,22.359,-52.792,12.149,-62.427,40.915,-90.664,0,-109.85,-40.815,-90.564,0.275,-36.806,,"Amellaid",0.041,-17.876,,"레이나2",-20.785,-46.472,,"ByeolBam",-11.23,-61.955,,"yumi2012",21.428,-49.736,,"CoalCat",11.4,-62.162,,"AI",40.9,-90.65,,"AI",0,-109.85,,"AI",-40.8,-90.55,,,,,,,,,,,,,,,,,,,,,,,,,,,,,,,,,,,,,,,,,,,,,,,,,,,,,,,,"",3,0,"",2217.507,,,0,""
84,,4,1,0,2,0,1,0,1,1,0,1,7,255,39,2252.35,"ddil_ddil69",R,32,67,120,-0.367,1.089,0.614,1.776,-0.581,2.361,-36.69,24.86,0,100,0,1,250,62.55,45.584,0,0,5,4,L,"-라후이-",190,87,0.498,,37,W,Y,0,,,,,,,,,,,,,,,,,,,,,,,,,,,,0,0,,,,,,,,,2255.831,,,2269.082,,,,,,,,,,,,,,,,,,,,,,2257.485,4,,,0.278,-37.205,-0.032,-17.311,-20.94,-46.792,-9.973,-62.639,21.146,-46.795,12.462,-61.471,40.922,-90.67,0,-109.86,-40.822,-90.57,,,,"",,,,"",,,,"",,,,"",,,,"",,,,"",,,,"",,,,"",,,,,,,,,,,,,,,,,,,,,,,,,,,,,,,,,,,,,,,,,,,,,,,,,,,,,,,,,,"",0,0,"",,2255.831,,0,""
85,,4,1,0,2,1,1,0,1,0,1,1,255,7,40,2271.906,"ddil_ddil69",R,32,51,108,2.897,-0.437,0.857,1.526,0.771,1.613,-36.69,59.196,0,96,4,1,245.455,196.968,48.073,0,0,5,4,L,"-라후이-",190,87,0.498,,37,W,Y,0,,,,,,,,,,,,,,,,,,,,,,,,,,,,0,0,,,,,,,,,,,,2287.046,,2272.668,,,,,,,,,,,,,,,,,,,,,,,,0.242,-37.349,-0.005,-17.22,-20.024,-46.289,-8.016,-62.45,22.254,-50.545,10.885,-58.582,40.907,-90.657,0,-109.85,-40.807,-90.557,,,,"",,,,"",,,,"",,,,"",,,,"",,,,"",,,,"",,,,"",,,,,,,,,,,,,,,,,,,,,,,,,,,,,,,,,,,,,,,,,,,,,,,,,,,,,,,,,,"",0,0,"",,2274.469,,0,""
86,,4,1,0,2,2,1,0,1,0,1,1,255,7,41,2287.335,"ddil_ddil69",R,3,57,102,-0.012,0.723,0.873,1.522,0.718,1.796,-36.69,58.53,0,100,0,2,-362.039,-250,6.63,0,0,5,4,L,"-라후이-",190,87,0.498,3,37,W,Y,1,2288.36,249,81,67,61,39,140,118,26.41,25.971,0.031,1.316,-20.801,0.76,0,0.532,508.576,1.635,-318.352,2291.595,-47.658,-119.274,2292.795,8,-46.684,0.409,-117.716,1,0,,2294.123,2298.828,,,2293.743,2299.319,,,,2298.416,,,,,,,,,,,,,,,,,,,,,,,,,,,0.272,-37.198,0.076,-17.071,-20.09,-46.282,-8.129,-60.611,20.988,-49.332,11.581,-60.642,40.907,-90.657,0,-109.85,-40.807,-90.557,0.253,-36.844,,"Amellaid",0.067,-17.094,,"레이나2",-19.828,-46.259,,"ByeolBam",-8.073,-60.528,91,"yumi2012",20.985,-49.411,,"CoalCat",11.056,-59.544,,"AI",40.9,-90.65,,"AI",0,-109.84,,"AI",-40.8,-90.55,,2302.712,-0.154,-38.771,,,,,,,2299.499,-5.909,-66.07,,,,2299.579,-5.371,-66.196,,,,,,,,,,,,,,,,,,,2301.632,-4.604,-55.452,,,,,,,,,,,,,,,,"",2,0,"AI",2293.743,2299.319,2298.416,38,""
87,,4,1,1,2,0,0,0,0,1,1,255,4,1,42,2316.186,"ddil_ddil69",R,32,60,114,0.184,0.067,0.659,1.572,-0.37,1.7,-36.69,41.479,0,100,0,2,250,34.252,49.652,0,0,6,0,L,"펜케이크",190,95.157,0.45,3,37,W,Y,1,2317.464,255,103,255,77,58,145,87,26.552,-40.164,0.038,1.103,-21.208,-1,0,0.742,350.935,482.867,60.704,2319.435,40.803,-79.471,2319.661,6,39.222,2.007,-76.679,0,16,,,,,,,,,2332.442,,2328.172,,2325.561,2316.342,2321.928,6,,456,0,2328.335,4,3,306,4,,,,,,,,,,2339.583,4,,,0.228,-37.352,-0.035,-17.355,-20.427,-46.283,-7.61,-62.971,23.193,-51.592,9.895,-59.315,40.915,-90.664,0,-109.85,-40.815,-90.564,0.067,-36.792,,"Amellaid",-0.031,-17.509,130,"레이나2",-20.113,-46.326,,"ByeolBam",-7.611,-62.97,107,"yumi2012",23.191,-51.53,95,"CoalCat",9.855,-58.966,,"AI",40.9,-90.65,,"AI",0,-109.84,,"AI",-40.8,-90.55,,2344.257,0.273,-38.089,2328.122,0.22,-20.951,,,,2325.78,3.941,-60.736,2332.787,18.6,-39.823,,,,,,,,,,,,,,,,2331.692,2.06,-19.236,,,,2326.485,3.264,-56.375,2335.889,16.738,-34.886,,,,,,,,,,,,,"",1,0,"AI",2323.231,2320.535,2328.172,53,""
88,,4,1,1,2,0,0,2,0,0,1,255,255,4,43,2360.302,"ddil_ddil69",R,32,66,119,-1.357,0.227,0.523,1.617,-1.004,1.862,-36.69,28.749,0,100,0,0,250,106.956,51.375,0,0,0,3,R,"_Gosomi",175.2,85.368,0.474,,37,W,Y,0,,,,,,,,,,,,,,,,,,,,,,,,,,,,0,0,,,,,,,,,,,,,,2361.022,,,,,,,,,,,,,,,,,,,,,,,,0.202,-37.407,0.048,-17.044,-20.786,-46.763,-13.99,-63.106,22.147,-50.395,6.668,-62.752,40.915,-90.664,0,-109.86,-40.815,-90.564,,,,"",,,,"",,,,"",,,,"",,,,"",,,,"",,,,"",,,,"",,,,2365.601,-0.319,-37.441,,,,,,,,,,,,,,,,,,,,,,,,,,,,,,,,,,,,,,,,,,,,,,,,,,,,"",0,0,"",,2363.168,,0,""
89,,4,1,1,2,0,1,2,0,0,1,255,255,4,44,2374.166,"ddil_ddil69",R,3,67,108,-4.632,0.386,0.505,1.612,-1.086,1.846,-36.69,29.923,0,70,30,4,-490.909,0,15.094,-2.489,-10.864,0,3,R,"_Gosomi",175.2,85.368,0.474,,37,W,Y,1,,,,,,,,,,,,,,,,,,,,,,,,,,,,0,0,,,,,,,,,,,,,,2377.734,,,,,,,,,,,,,,,,,,,,,,2382.652,1,0.206,-37.242,0.039,-17.016,-20.87,-46.726,-14.208,-63.828,22.472,-51.739,7.533,-61.861,40.907,-90.657,0,-109.84,-40.807,-90.557,,,,"",,,,"",,,,"",,,,"",,,,"",,,,"",,,,"",,,,"",,,,2398.583,-0.356,-37.711,,,,,,,,,,,,,,,,,,,,,,,,,,,,,,,,,,,,,,,,,,,,,,,,,,,,"",0,0,"",,2382.335,,0,""
90,,4,1,1,2,0,2,2,0,0,1,255,255,4,45,2411.674,"ddil_ddil69",R,32,65,118,1.074,-0.438,0.766,1.449,0.054,1.398,-36.69,44.57,0,66,34,2,250,36.944,55.731,0,0,0,3,R,"_Gosomi",175.2,85.368,0.474,3,37,W,Y,1,2412.831,185,63,105,98,61,145,87,2.367,-6.15,0.199,0.824,-20.737,-0.73,0,0.432,-63.769,596.338,17.735,2411.261,1.558,-38.755,2412.675,5,2.191,0.057,-56.985,0,0,,,,,,,,,,,2417.824,,,,2417.565,0,,147,2,,,,,,,,,,,,,,,,,,,0.332,-37.511,0.03,-17.519,-20.919,-46.794,-15.358,-62.782,21.986,-51.054,7.42,-61.798,40.915,-90.664,0,-109.85,-40.815,-90.564,0.231,-36.93,,"Amellaid",0.007,-17.581,,"레이나2",-20.62,-46.747,,"ByeolBam",-15.346,-62.746,,"yumi2012",21.995,-50.196,,"CoalCat",7.145,-61.14,106,"AI",40.9,-90.65,,"AI",0,-109.84,,"AI",-40.8,-90.55,,,,,,,,2416.89,-18.14,-40.289,,,,,,,2415.007,2.321,-57.833,,,,,,,,,,,,,,,,,,,,,,,,,2415.747,-0.857,-56.331,,,,,,,,,,"",2,0,"CoalCat",,,2417.824,10,""
91,SIDE,4,1,1,2,0,0,2,0,0,0,255,255,255,,2419.323,,,,,,,,,,,,,,,,,,,,,,,1,,,,,,,,,,,,,,,,,,,,,,,,,,,,,,,,,,,,,,,0,0,,,,,,,,,,,,,,,,,,,,,,,,,,,,,,,,,,,,,,,,,,,,,,,,,,,,,,,,,,,,,,,,,,,,,,,,,,,,,,,,,,,,,,,,,,,2448.402,-0.177,-38.337,,,,,,,,,,,,,,,,,,,,,,,,,,,,,,,,,,,,,,,,,,,,,,,,,,,,"",0,0,"",,,,64,""
92,,4,0,1,2,0,0,0,0,0,0,255,255,255,38,2457.226,"펜케이크",L,26,100,140,-0.955,0.816,-0.469,1.799,-0.064,1.574,-36.39,26.445,90,10,0,2,-19.926,-150,-4.945,0,0,0,1,L,"Amellaid",190,80,0.44,0,37,W,Y,1,2458.143,255,162,2,0,27,29,51,-61.98,-41.998,-0.027,1.033,-19.721,-1,0,0.387,-451.368,-28.831,-394.253,2455.755,0.429,-20.227,2461.701,,18.253,0.058,-40.211,1,0,,2463.494,,,,,,,,,,,,,,,,,,,,,,,,,,,,,,,,,,,,-0.027,-37.083,0.056,-17.518,-21.912,-49.528,-11.029,-64.291,22.554,-48.238,12.706,-64.856,40.937,-90.684,9.684,-121.715,-40.837,-90.584,-0.378,-37.095,,"아침땅_",0.058,-17.522,,"즉석카레",-20.924,-49.552,,"_Gosomi",-10.445,-64.151,,"-라후이-",22.186,-48.35,93,"muyang_",12.711,-64.832,,"AI",40.9,-90.65,,"うよすま",9.026,-121.497,,"AI",-40.8,-90.55,,2471.928,1.826,-37.904,,,,,,,,,,2464.296,18.237,-40.192,,,,,,,,,,,,,,,,,,,,,,,,,2471.026,16.592,-39.763,,,,,,,,,,,,,"",2,0,"Mini_ByeolBam",,,,96,""
93,,4,0,1,2,0,0,0,1,0,0,11,255,255,39,2491.311,"펜케이크",L,24,89,132,0.287,-0.285,-0.368,1.824,0.405,1.654,-36.39,28.12,93,7,0,2,-189.447,211.159,-19.664,0,0,1,5,R,"CoalCat",174.6,83,0.397,5,37,W,Y,1,2492.403,160,97,119,82,58,145,113,25.385,7.751,0.046,0.888,-20.864,0.15,0,0.41,511.946,250.253,187.842,,,,2495.168,7,-19.395,2.793,-117.135,0,0,,2497.802,,,,,,,,,,2491.613,,,2497.82,1,,456,0,,,,,,,,,,,,,,,,,,,0.028,-37.215,0.028,-17.589,-20.009,-41.403,-15.133,-60.652,19.353,-46.535,7.787,-64.104,40.922,-90.671,-4.481,-109.454,-40.822,-90.571,-0.509,-37.212,,"아침땅_",0.017,-17.603,,"즉석카레",-19.771,-43.983,57,"_Gosomi",-14.909,-60.163,,"-라후이-",19.479,-46.604,,"muyang_",7.776,-64.1,,"AI",40.9,-90.65,,"うよすま",-5.29,-109.283,115,"AI",-40.8,-90.55,,2507.376,-0.197,-38.359,,,,2502.104,-22.417,-40.25,,,,,,,,,,,,,2497.831,-19.592,-118.014,,,,,,,,,,2505.831,-18.017,-38.89,,,,,,,,,,,,,2499.023,-19.402,-112.801,,,,"",1,0,"うよすま",,,,76,""
94,,4,0,1,2,0,0,1,1,0,0,11,255,255,40,2524.506,"펜케이크",L,26,91,140,0.019,-1.078,-0.444,1.591,0.05,0.836,-36.39,18.556,50,50,0,1,-20.771,-150,-9.028,0,0,2,3,R,"ByeolBam",175,90,0.5,,37,W,Y,0,,,,,,,,,,,,,,,,,,,,,,,,,,,,0,0,,,,,,,,,,,,,,,,,,,,,,,,,,,,,,,,,,,,,,0.055,-37.274,0.037,-17.536,-18.69,-39.821,-15.958,-62.154,20.407,-45.617,8.654,-62.815,40.922,-90.67,-5.045,-112.133,-40.822,-90.571,,,,"",,,,"",,,,"",,,,"",,,,"",,,,"",,,,"",,,,"",,,,2528.237,0.067,-37.843,,,,,,,,,,,,,,,,,,,,,,,,,,,,,,,,,,,,,,,,,,,,,,,,,,,,"",0,0,"",,,,0,""
95,,4,0,1,2,1,0,1,1,0,0,11,255,255,41,2540.704,"펜케이크",L,31,84,136,0.376,-0.872,-0.403,1.695,0.096,1.04,-36.39,14.351,57,43,0,2,59.99,-49.932,-25.274,0,0,2,3,R,"ByeolBam",175,90,0.5,5,37,W,Y,1,2541.62,226,113,126,104,35,145,122,0,30.399,0.067,0.666,-20.525,0.2,0,0.272,213.872,550.422,106.276,2539.568,-9.638,-36.326,2542.448,8,-39.315,0.056,-79.828,1,0,,2547.23,,,,2547.594,,,,,,2541.73,,,,,,,,,,,,,,,,,,,,2549.134,5,,,,,-0.076,-37.165,0.035,-17.511,-18.882,-41.297,-15.832,-62.185,20.229,-44.679,8.728,-62.27,40.915,-90.664,-3.751,-111.49,-40.815,-90.564,-0.361,-37.071,,"아침땅_",0.033,-17.517,,"즉석카레",-19.342,-45.767,,"_Gosomi",-15.79,-62.136,,"-라후이-",19.548,-45.367,,"muyang_",9.229,-62.149,82,"AI",40.9,-90.65,,"うよすま",-3.75,-111.462,,"AI",-40.8,-90.55,,2553.025,-0.634,-43.17,,,,,,,,,,,,,2548.543,0.828,-58.632,,,,,,,,,,,,,,,,,,,,,,,,,2552.061,-0.445,-56.882,,,,,,,,,,"",2,0,"AI",2547.594,,,66,""
96,,4,0,1,2,0,0,1,1,1,0,13,11,255,42,2569.914,"펜케이크",L,0,64,117,-0.933,-1.047,-0.533,1.628,-0.363,0.984,-36.39,21.195,61,39,0,2,-18.861,0,-29.193,0,0,3,2,R,"레이나2",180.3,80.17,0.398,3,37,W,Y,1,2571.03,255,97,87,95,43,145,83,25.591,21.779,-0.192,0.683,-20.909,1,0,0.108,186.716,349.372,450.64,2572.328,-29.37,-78.01,2573.061,8,-29.954,0.319,-79.014,1,0,,2576.451,2592.451,,,2578.864,2592.868,,2580.715,2591.975,,,2570.471,,,,,,,,,,,,,,,,,,,2579.216,5,,,,,-0.008,-37.271,0.039,-17.624,-19.517,-45.605,-15.989,-61.373,21.473,-47.206,8.718,-61.723,40.915,-90.664,-6.551,-113.599,-40.815,-90.564,-0.45,-37.313,,"아침땅_",0.023,-17.631,124,"즉석카레",-20.287,-43.058,,"_Gosomi",-15.999,-61.333,,"-라후이-",21.002,-46.952,,"muyang_",8.719,-61.712,71,"AI",40.9,-90.65,,"うよすま",-6.499,-113.352,,"AI",-40.8,-90.55,,2608.168,0.295,-37.137,2589.686,13.15,-11.441,,,,,,,,,,2578.884,-0.117,-60.047,,,,,,,,,,,,,2607.336,1.223,-19.521,,,,,,,,,,2583.704,-1.174,-50.102,,,,,,,,,,"",2,0,"AI",2578.864,2580.715,2591.975,82,""
97,,4,0,1,3,0,0,1,0,1,1,255,12,13,43,2624.613,"펜케이크",L,13,87,127,1.758,-0.926,-0.392,1.792,0.513,1.516,-36.39,31.349,92,8,0,2,175.968,400,6.308,0,0,4,4,R,"yumi2012",174.1,85.003,0.5,3,37,W,Y,1,2625.73,255,94,27,37,0,94,96,-30,-10.675,0.389,0.454,-19.801,0.18,0,0.278,590.392,104.031,-24.806,2623.008,0.517,-20.485,2625.141,5,7.002,0.182,-55.069,0,0,,2631.254,,,,,,,,,,,2624.844,2631.503,2631.141,4,,147,2,,,,,,,,,,,,,,,,,,,0.111,-37.248,0.028,-17.562,-21.182,-48.042,-16.373,-62.43,19.501,-40.702,9.889,-62.085,40.915,-90.664,-4.608,-113.757,-40.815,-90.564,-0.134,-37.507,,"아침땅_",0.028,-17.554,,"즉석카레",-20.89,-48.214,67,"_Gosomi",-16.291,-62.338,,"-라후이-",18.178,-44.777,,"muyang_",11.141,-62.477,102,"AI",40.9,-90.65,,"うよすま",-4.176,-113.406,,"AI",-40.8,-90.55,,2636.874,-0.326,-38.323,,,,2630.491,-18.7,-39.741,,,,,,,2627.916,7.28,-56.191,,,,,,,,,,,,,,,,2635.599,-17.105,-39.424,,,,,,,2629.191,1.868,-55.233,,,,,,,,,,"",2,0,"muyang_",2627.549,2629.884,,70,""
98,,4,0,1,3,0,0,2,0,1,1,255,12,13,44,2653.52,"펜케이크",L,26,83,135,1.37,-0.921,-0.337,1.614,0.546,0.918,-36.39,11.002,58,42,0,0,46.143,-150,-32.519,0,0,5,0,R,"ddil_ddil69",175.8,89.974,0.401,,37,W,Y,1,,,,,,,,,,,,,,,,,,,,,,,,,,,,0,0,,,,,,,,,,,,,2670.371,2668.716,,,,,,,,,,,,,,,,,,,,,,,,-0.013,-37.047,0.033,-17.541,-21.109,-47.938,-13.672,-63.908,19.17,-43.21,10.102,-63.074,40.915,-90.664,-4.736,-115.54,-40.815,-90.564,,,,"",,,,"",,,,"",,,,"",,,,"",,,,"",,,,"",,,,"",,,,2657.929,0.398,-37.657,,,,,,,,,,,,,,,,,,,,,,,,,,,,,,,,,,,,,,,,,,,,,,,,,,,,"",0,0,"",2656.342,2656.387,,0,""
99,,4,0,1,3,0,1,2,0,1,1,255,12,13,45,2670.56,"펜케이크",L,26,93,140,1.16,0.38,-0.331,1.831,0.578,1.678,-36.39,19.892,89,11,0,0,-46.826,-150,-9.005,0,0,5,0,R,"ddil_ddil69",175.8,89.974,0.401,,37,W,Y,1,,,,,,,,,,,,,,,,,,,,,,,,,,,,0,0,,,,,,,,,,,,,2688.841,2687.888,,,,,,,,,,,,,,,,,,,,,,,,0.002,-37.168,0.064,-17.614,-20.896,-48.424,-13.63,-63.966,20.161,-43.989,10.619,-63.121,40.915,-90.664,-4.764,-111.843,-40.815,-90.564,,,,"",,,,"",,,,"",,,,"",,,,"",,,,"",,,,"",,,,"",,,,2675.962,0.074,-37.513,,,,,,,,,,,,,,,,,,,,,,,,,,,,,,,,,,,,,,,,,,,,,,,,,,,,"",0,0,"",2673.243,2673.406,,0,""
100,,4,0,1,3,0,2,2,0,1,1,255,12,13,46,2689.837,"펜케이크",L,0,81,132,-0.657,-1.039,-0.513,1.634,-0.27,0.989,-36.39,19.911,63,37,0,0,0,0.208,-33.97,0,0,5,0,R,"ddil_ddil69",175.8,89.974,0.401,,37,W,Y,1,,,,,,,,,,,,,,,,,,,,,,,,,,,,0,0,,,,,,,,,,,,,,,2692.649,5,,578,0,,,,,,,,,,,,,,,,,,,-0.091,-36.996,0.028,-17.674,-20.851,-48.196,-13.599,-63.939,18.411,-44.515,10.714,-65.897,40.915,-90.664,-4.289,-112.861,-40.815,-90.564,,,,"",,,,"",,,,"",,,,"",,,,"",,,,"",,,,"",,,,"",,,,,,,,,,,,,,,,,,,,,,,,,,,,,,,,,,,,,,,,,,,,,,,,,,,,,,,,,,"",0,0,"",,,,0,""
101,SIDE,4,0,1,3,0,0,2,0,1,1,255,12,13,,2695.335,,,,,,,,,,,,,,,,,,,,,,,0,,,,,,,,,,,,,,,,,,,,,,,,,,,,,,,,,,,,,,,0,0,,,,,,,,,,,,,,,,,,,,,,,,,,,,,,,,,,,,,,,,,,,,,,,,,,,,,,,,,,,,,,,,,,,,,,,,,,,,,,,,,,,,,,,,,,,,,,,,,,,,,,,,,,,,,,,,,,,,,,,,,,,,,,,,,,,,,,,,,,,,,,,,,"",0,0,"",,,,0,""
102,,5,1,1,3,0,0,0,0,0,0,255,255,255,46,2725.921,"ddil_ddil69",R,36,72,123,-2.826,1.47,0.254,1.6,-1.41,2.615,-36.69,7.611,0,55,45,2,107.607,142.891,37.264,0,0,1,5,R,"muyang_",171.9,80,0.498,3,37,W,Y,1,2727.043,255,173,56,57,41,137,40,-85.432,82.473,-0.525,1.376,-20.354,-1,0,0.955,317.256,-340.725,-378.491,2724.301,-1.302,-20.463,,,,,,0,0,,,,,,,,,,,,,,,,,,,,,,,,,,,,,,,,,,,,,,0.328,-37.392,-0.001,-17.197,-20.908,-46.913,-12.76,-62.488,23.784,-54.486,8.991,-63.166,40.915,-90.664,0,-109.86,-40.815,-90.564,-0.207,-36.935,,"Amellaid",-0.099,-17.19,,"레이나2",-20.575,-47.017,,"ByeolBam",-13.155,-63.437,,"yumi2012",23.785,-54.486,,"CoalCat",8.649,-63.093,,"AI",40.9,-90.65,,"AI",0,-109.84,,"AI",-40.8,-90.55,,,,,,,,,,,,,,,,,,,,,,,,,,,,,,,,,,,,,,,,,,,,,,,,,,,,,,,,"",3,0,"",,,,0,""
103,,5,1,1,3,0,1,0,0,0,0,255,255,255,47,2741.491,"ddil_ddil69",R,32,75,126,-0.607,0.135,0.421,1.364,-0.637,1.773,-36.69,26.95,0,39,61,2,250,78.706,51.637,0,0,1,5,R,"muyang_",171.9,80,0.498,3,37,W,Y,1,2742.592,255,92,68,50,16,138,41,9.342,4.585,-0.112,0.963,-20.381,-0.1,0,0.863,-553.082,218.258,80.401,2740.701,-1.158,-31.34,2741.821,0,-1.528,0.113,-34.694,0,2,,2747.949,,,,,,,,,,,,,2747.551,1,,147,32,,,,,,,,,,,,,,,,,,,0.187,-37.218,0.04,-17.202,-20.714,-46.929,-13.407,-63.937,24.614,-52.967,9.357,-64.218,40.907,-90.657,0,-109.85,-40.808,-90.557,0.003,-36.993,96,"Amellaid",-0.027,-17.303,,"레이나2",-20.455,-46.857,73,"ByeolBam",-13.401,-63.925,,"yumi2012",24.624,-52.972,,"CoalCat",9.437,-63.492,,"AI",40.9,-90.65,,"AI",0,-109.84,,"AI",-40.8,-90.55,,2744.5,-1.89,-35.888,,,,2746.901,-19.248,-39.967,,,,,,,,,,,,,,,,,,,2746.096,-8.109,-39.59,,,,2749.847,-18.385,-39.675,,,,,,,,,,,,,,,,,,,"",2,0,"ddil_ddil69",,,,40,""
104,,5,1,1,3,0,0,1,0,0,0,255,255,255,48,2787.709,"ddil_ddil69",R,32,59,114,-3.385,1.525,0.166,1.641,-1.82,2.744,-36.69,10.648,0,58,42,1,210.267,200,58.979,0,0,2,2,R,"즉석카레",174.9,92.596,0.402,,37,W,Y,0,,,,,,,,,,,,,,,,,,,,,,,,,,,,0,0,,,,,,,,,,,,,,,,,,,,,,,,,,,,,,,,,,,,,,0.147,-37.241,-0.002,-17.318,-20.823,-46.833,-13.007,-63.967,23.425,-53.526,8.674,-63.624,40.944,-90.691,0,-109.89,-40.844,-90.591,,,,"",,,,"",,,,"",,,,"",,,,"",,,,"",,,,"",,,,"",,,,2792.962,-0.548,-37.269,,,,,,,,,,,,,,,,,,,,,,,,,,,,,,,,,,,,,,,,,,,,,,,,,,,,"",0,0,"",,,,0,""
105,,5,1,1,3,1,0,1,0,0,0,255,255,255,49,2803.806,"ddil_ddil69",R,32,72,123,-1.123,-0.55,0.364,1.229,-0.899,1.295,-36.69,26.885,0,63,37,2,250,1.357,36.9,0,0,2,2,R,"즉석카레",174.9,92.596,0.402,3,37,W,Y,1,2804.987,182,147,35,44,17,120,67,21.572,61.236,-0.203,0.793,-20.948,1,0,0.26,167.201,-345.115,461.454,2803.581,-22.144,-33.914,,,,,,0,0,,,,,,,,,,,,,,,,,,,,,,,,,,,,,,,,,,,,,,0.176,-37.257,0.004,-17.319,-20.87,-46.784,-13.535,-63.785,23.483,-53.516,8.701,-63.661,40.907,-90.657,0,-109.85,-40.807,-90.557,-0.396,-36.995,,"Amellaid",-0.047,-17.375,,"레이나2",-20.582,-46.729,,"ByeolBam",-13.542,-63.772,,"yumi2012",23.381,-53.433,,"CoalCat",8.636,-63.498,,"AI",40.9,-90.65,,"AI",0,-109.84,,"AI",-40.8,-90.55,,,,,,,,,,,,,,,,,,,,,,,,,,,,,,,,,,,,,,,,,,,,,,,,,,,,,,,,"",3,0,"",,,,0,""
106,,5,1,1,3,1,1,1,0,0,0,255,255,255,50,2821.456,"ddil_ddil69",R,32,68,121,0.619,-1.35,0.541,1.169,-0.076,1.082,-36.69,39.945,0,0,100,2,201.499,200,37.365,0,0,2,2,R,"즉석카레",174.9,92.596,0.402,3,37,W,Y,1,2822.599,255,200,47,71,40,135,112,-30,-15.304,0.122,0.58,-21.356,0.85,0,0.255,-209.088,256.239,-500.623,2819.648,0.365,-22.253,2821.741,5,10.166,1.515,-58.53,0,0,,,,,,,,,,,,,,,2827.582,2,,147,2,,,,,,,,,,,,,,,,,,,0.296,-37.332,0.014,-17.345,-21.13,-46.777,-13.167,-64.574,23.383,-53.098,8.91,-64.911,40.908,-90.657,0,-109.85,-40.808,-90.557,-0.085,-36.732,,"Amellaid",-0.039,-17.415,,"레이나2",-21.038,-46.644,86,"ByeolBam",-13.16,-64.567,,"yumi2012",23.375,-53.1,,"CoalCat",8.871,-64.782,101,"AI",40.9,-90.65,,"AI",0,-109.84,,"AI",-40.8,-90.55,,2830.406,-0.618,-38.632,,,,2826.925,-17.766,-40.59,,,,,,,2824.662,10.595,-59.938,,,,,,,,,,,,,,,,2829.329,-17.674,-39.879,,,,,,,2825.457,6.369,-57.756,,,,,,,,,,"",2,0,"CoalCat",,,,42,""
107,,5,1,1,3,0,0,2,0,0,0,255,255,255,51,2845.036,"ddil_ddil69",R,32,58,113,-1.926,0.134,0.303,1.372,-1.183,1.798,-36.69,16.141,0,47,53,4,182.665,70.98,29.991,0,0,3,7,R,"うよすま",175.4,85.375,0.502,,37,W,Y,1,,,,,,,,,,,,,,,,,,,,,,,,,,,,0,0,,,,,,,,,,,,,,,,,,,,,,,,,,,,,,,,,,,,,,0.162,-37.08,0.019,-17.412,-20.877,-46.809,-13.894,-64.368,22.757,-53.987,8.734,-65.007,40.915,-90.664,0,-109.86,-40.815,-90.564,,,,"",,,,"",,,,"",,,,"",,,,"",,,,"",,,,"",,,,"",,,,2849.916,-0.314,-37.407,,,,,,,,,,,,,,,,,,,,,,,,,,,,,,,,,,,,,,,,,,,,,,,,,,,,"",0,0,"",,,,0,""
108,,5,1,1,3,0,1,2,0,0,0,255,255,255,52,2861.905,"ddil_ddil69",R,29,64,117,-3.529,0.394,0.316,1.33,-1.125,1.651,-36.69,27.284,0,80,20,4,-243.851,-176.501,-7.403,0,0,3,7,R,"うよすま",175.4,85.375,0.502,,37,W,Y,1,,,,,,,,,,,,,,,,,,,,,,,,,,,,0,0,,,,,,,,,,,,,,,,,,,,,,,,,,,,,,,,,,,,,,0.148,-37.36,0.034,-17.434,-20.927,-46.756,-13.88,-64.328,22.711,-54.008,8.904,-64.946,40.915,-90.664,0,-109.85,-40.815,-90.564,,,,"",,,,"",,,,"",,,,"",,,,"",,,,"",,,,"",,,,"",,,,2867.053,-0.503,-37.556,,,,,,,,,,,,,,,,,,,,,,,,,,,,,,,,,,,,,,,,,,,,,,,,,,,,"",0,0,"",,,,0,""
109,,5,1,1,3,0,2,2,0,0,0,255,255,255,53,2880.822,"ddil_ddil69",R,3,57,89,-3.057,0.004,0.434,1.331,-0.383,1.654,-36.69,33.748,0,61,39,1,-395.861,0,13.872,0,0,3,7,R,"うよすま",175.4,85.375,0.502,,37,W,Y,0,,,,,,,,,,,,,,,,,,,,,,,,,,,,0,0,,,,,,,,,,,,,,,,,,,,,,,,,,,,,,,,,,,,,,0.167,-37.206,0.018,-17.387,-20.822,-46.801,-13.88,-64.316,22.55,-54.095,8.93,-64.927,40.915,-90.664,0,-109.85,-40.815,-90.564,,,,"",,,,"",,,,"",,,,"",,,,"",,,,"",,,,"",,,,"",,,,2885.631,-0.344,-37.362,,,,,,,,,,,,,,,,,,,,,,,,,,,,,,,,,,,,,,,,,,,,,,,,,,,,"",0,0,"",,,,0,""
110,,5,1,1,3,1,2,2,0,0,0,255,255,255,54,2898.518,"ddil_ddil69",R,32,69,121,1.361,-0.452,0.592,1.257,0.162,1.394,-36.69,31.421,0,58,42,0,250,35.562,15.817,0,0,3,7,R,"うよすま",175.4,85.375,0.502,,37,W,Y,1,,,,,,,,,,,,,,,,,,,,,,,,,,,,0,0,,,,,,,,,,,,,,,2901.245,3,,578,0,,,,,,,,,,,,,,,,,,,0.346,-37.241,0.008,-17.355,-20.513,-46.774,-13.875,-64.301,22.58,-54.166,8.917,-64.929,40.915,-90.664,0,-109.85,-40.815,-90.564,,,,"",,,,"",,,,"",,,,"",,,,"",,,,"",,,,"",,,,"",,,,,,,,,,,,,,,,,,,,,,,,,,,,,,,,,,,,,,,,,,,,,,,,,,,,,,,,,,"",0,0,"",,,,0,""
111,SIDE,5,1,1,3,0,0,2,0,0,0,255,255,255,,2903.486,,,,,,,,,,,,,,,,,,,,,,,4,,,,,,,,,,,,,,,,,,,,,,,,,,,,,,,,,,,,,,,0,0,,,,,,,,,,,,,,,,,,,,,,,,,,,,,,,,,,,,,,,,,,,,,,,,,,,,,,,,,,,,,,,,,,,,,,,,,,,,,,,,,,,,,,,,,,,,,,,,,,,,,,,,,,,,,,,,,,,,,,,,,,,,,,,,,,,,,,,,,,,,,,,,,"",0,0,"",,,,0,""
112,,5,0,1,3,0,0,0,0,0,0,255,255,255,47,2943.807,"펜케이크",L,28,90,140,0.252,-0.456,-0.49,1.827,0.121,1.24,-36.39,29.032,92,8,0,0,3.358,-83.819,-6.021,0,0,0,1,L,"Amellaid",190,80,0.44,,38,W,Y,1,,,,,,,,,,,,,,,,,,,,,,,,,,,,0,0,,,,,,,,,,,,,,,,,,,,,,,,,,,,,,,,,,,,,,-0.051,-37.077,0.018,-17.522,-20.955,-48.719,-8.857,-66.02,20.613,-46.01,14.686,-64.2,40.922,-90.671,5.427,-119.1,-40.822,-90.571,,,,"",,,,"",,,,"",,,,"",,,,"",,,,"",,,,"",,,,"",,,,,,,,,,,,,,,,,,,,,,,,,,,,,,,,,,,,,,,,,,,,,,,,,,,,,,,,,,"",0,0,"",,,,0,""
113,,5,0,1,3,0,1,0,0,0,0,255,255,255,48,2957.125,"펜케이크",L,3,55,101,1.722,-0.962,-0.467,1.629,-0.056,1.022,-36.39,3.736,49,51,0,4,405.897,0,-20.861,0,0,0,1,L,"Amellaid",190,80,0.44,,38,W,Y,1,,,,,,,,,,,,,,,,,,,,,,,,,,,,0,0,,,,,,,,,,,,,,,,,,,,,,,,,,,,,,,,,,,,,,-0.287,-37.04,0.041,-17.534,-20.231,-47.696,-9.952,-65.696,20.749,-46.203,14.5,-64.332,40.907,-90.657,4.914,-118.079,-40.807,-90.557,,,,"",,,,"",,,,"",,,,"",,,,"",,,,"",,,,"",,,,"",,,,,,,,,,,,,,,,,,,,,,,,,,,,,,,,,,,,,,,,,,,,,,,,,,,,,,,,,,"",0,0,"",,,,0,""
114,,5,0,1,3,0,2,0,0,0,0,255,255,255,49,2971.693,"펜케이크",L,1,63,117,-1.14,-1.199,-0.559,1.614,-0.485,0.974,-36.39,21.982,59,41,0,2,-5.105,4.658,-8.038,0,0,0,1,L,"Amellaid",190,80,0.44,0,38,W,Y,1,2972.579,255,250,114,89,8,145,92,20.37,7.657,-0.223,0.612,-20.909,-1,0,0.527,-560.064,165.669,137.414,,,,2972.275,3,-7.797,3.598,-68.385,0,0,,,,,,,,,,,,,,,2975.315,0,,452,0,,,,,,,,,,,,,,,,,,,-0.103,-37.026,0.045,-17.516,-20.025,-47.397,-9.947,-65.716,20.909,-46.153,14.33,-63.842,40.907,-90.657,5.373,-117.896,-40.807,-90.557,-0.587,-37.177,,"아침땅_",0.044,-17.547,,"즉석카레",-20.026,-47.473,,"_Gosomi",-9.923,-65.657,86,"-라후이-",20.918,-46.06,,"muyang_",14.292,-63.816,,"AI",40.9,-90.65,,"うよすま",5.601,-117.899,,"AI",-40.8,-90.55,,2979.36,0.284,-38.776,,,,,,,2975.328,-7.916,-69.499,,,,,,,,,,,,,,,,,,,,,,,,,2977.749,-9.017,-65.057,,,,,,,,,,,,,,,,"",1,0,"_Gosomi",,,,65,""
115,,5,0,1,3,0,0,1,0,0,0,255,255,255,50,2993.948,"펜케이크",L,26,100,140,-0.496,-1.347,-0.492,1.548,-0.174,0.681,-36.39,13.323,54,46,0,2,-19.789,-150,-16.971,0,0,1,5,R,"CoalCat",174.6,83,0.397,3,37,W,Y,1,2994.981,255,94,68,66,29,141,126,-15.279,-28.041,-0.098,0.528,-20.709,0.52,0,0.552,117.113,581.065,-92.995,2991.835,0.787,-22.384,2995.248,6,35.842,0.059,-80.373,1,0,,3000.233,,,,,,,,,,,,,,,,,,,,,,,,,,,,,,3003.749,3,,,,,-0.039,-37.27,0.04,-17.526,-19.958,-47.702,-16.737,-62.411,20.512,-45.852,9.111,-66.726,40.915,-90.664,-4.471,-110.232,-40.815,-90.564,-0.305,-37.223,,"아침땅_",0.022,-17.55,,"즉석카레",-19.976,-47.698,,"_Gosomi",-16.717,-62.297,88,"-라후이-",20.731,-45.899,,"muyang_",9.12,-66.718,,"AI",40.9,-90.65,,"うよすま",-4.228,-110.289,,"AI",-40.8,-90.55,,3005.225,0.036,-38.758,,,,,,,3001.726,-0.488,-59.932,,,,,,,,,,,,,,,,,,,,,,,,,3004.075,-0.479,-57.234,,,,,,,,,,,,,,,,"",2,0,"AI",,,,65,""
116,,5,0,1,3,0,0,1,1,0,0,15,255,255,51,3020.598,"펜케이크",L,13,90,126,2.569,-1.091,-0.357,1.733,0.605,1.379,-36.39,29.549,90,10,0,2,344.97,361.933,6.155,0,0,2,3,R,"ByeolBam",175,90,0.5,3,37,W,Y,1,3021.516,174,201,140,96,48,145,118,-10.859,-18.204,0.577,0.539,-20.847,0.17,0,0.316,-489.398,-98.968,-332.709,3018.435,1.357,-23.216,3025.275,6,41.528,0.058,-123.577,1,0,,3027.234,3031.457,,,3026.76,3031.536,,,,,,,,,,,,,,,,,,,,,,,,,,,,,,,0.102,-37.291,0.035,-17.623,-20.159,-43.538,-14.525,-61.383,20.13,-47.288,8.699,-62.944,40.915,-90.664,-4.208,-114.398,-40.815,-90.564,-0.29,-37.294,,"아침땅_",0.026,-17.633,,"즉석카레",-19.199,-47.478,,"_Gosomi",-14.544,-61.359,89,"-라후이-",19.602,-46.903,,"muyang_",9.256,-62.798,,"AI",40.9,-90.65,,"うよすま",-3.76,-114.082,,"AI",-40.8,-90.55,,3036.74,0.054,-38.454,,,,,,,3033.194,3.471,-64.51,,,,,,,,,,,,,,,,,,,,,,,,,3035.65,0.66,-56.506,,,,,,,,,,,,,,,,"",2,0,"AI",3026.76,3031.536,,65,""
117,,5,0,1,3,0,0,1,0,1,1,255,13,15,52,3053.6,"펜케이크",L,27,95,140,0.714,0.382,-0.425,1.921,0.349,1.719,-36.39,30.85,92,8,0,2,-18.283,-114.33,-4.282,0,0,3,2,R,"레이나2",180.3,80.17,0.398,3,37,W,Y,1,3054.707,183,53,113,51,18,145,91,58.865,15.812,0.148,1.066,-19.971,-0.61,0,0.142,596.346,55.106,-36.539,3057.715,-15.241,-67.58,3057.928,3,-14.904,2.662,-66.493,0,0,,,,,,,,,,,,,3082.592,,3061.211,3,,452,0,,,,,,,,,,,,,,,,,,,-0.019,-37.287,0.012,-17.59,-20.187,-47.764,-15.051,-62.663,19.094,-41.222,11.301,-56.935,40.915,-90.664,-5.051,-115.36,-40.815,-90.564,-0.312,-37.486,,"아침땅_",0.011,-17.595,,"즉석카레",-20.172,-47.756,,"_Gosomi",-14.138,-62.989,87,"-라후이-",17.049,-44.952,,"muyang_",10.916,-57.641,,"AI",40.9,-90.65,,"うよすま",-5.011,-114.906,,"AI",-40.8,-90.55,,3064.185,0.07,-38.726,,,,,,,3061.224,-15.114,-66.846,,,,,,,,,,,,,,,,,,,,,,,,,3062.515,-14.086,-65.89,,,,,,,,,,,,,,,,"",1,0,"_Gosomi",3057.172,3057.593,,65,""
118,,5,0,1,3,0,0,2,0,1,1,255,13,15,53,3083.295,"펜케이크",L,27,97,140,0.781,0.485,-0.391,1.872,0.424,1.742,-36.39,37.154,92,8,0,0,-53.84,-138.55,-3.099,0,0,4,4,R,"yumi2012",174.1,85.003,0.5,,37,W,Y,0,,,,,,,,,,,,,,,,,,,,,,,,,,,,0,0,,,,,,,,,,,,,3098.722,3090.592,,,,,,,,,,,,,,,,,,,,,,,,0.147,-37.184,0.023,-17.556,-20.697,-48.85,-16.001,-62.148,19.469,-43.95,12.27,-64.547,40.922,-90.671,-5.575,-114.645,-40.822,-90.571,,,,"",,,,"",,,,"",,,,"",,,,"",,,,"",,,,"",,,,"",,,,3088.069,0.034,-37.412,,,,,,,,,,,,,,,,,,,,,,,,,,,,,,,,,,,,,,,,,,,,,,,,,,,,"",0,0,"",3086.303,3092.895,,0,""
119,,5,0,1,3,0,1,2,0,1,1,255,13,15,54,3100.567,"펜케이크",L,6,84,124,-0.826,-1.949,-0.414,1.544,0.191,0.664,-36.39,7.768,63,37,0,4,-396.477,187.399,-58.085,0,0,4,4,R,"yumi2012",174.1,85.003,0.5,,37,W,Y,1,,,,,,,,,,,,,,,,,,,,,,,,,,,,0,0,,,,,,,,,,,,,,,,,,,,,,,,,,,,,,,,,,,,,,-0.087,-37.15,-0.015,-17.571,-20.726,-48.76,-15.405,-62.424,19.153,-40.038,12.767,-64.467,40.915,-90.664,-6.73,-112.047,-40.815,-90.564,,,,"",,,,"",,,,"",,,,"",,,,"",,,,"",,,,"",,,,"",,,,3104.772,-0.072,-37.63,,,,,,,,,,,,,,,,,,,,,,,,,,,,,,,,,,,,,,,,,,,,,,,,,,,,"",0,0,"",3103.569,3103.036,,0,""
120,,5,0,1,3,0,2,2,0,1,1,255,13,15,55,3119.589,"펜케이크",L,0,75,126,-0.891,-0.034,-0.535,1.8,-0.372,1.569,-36.39,25.162,100,0,0,2,0,0,-9.178,0,0,4,4,R,"yumi2012",174.1,85.003,0.5,3,37,W,Y,1,3120.778,255,53,80,40,14,139,126,-11.133,12.978,-0.16,0.891,-20.074,0.41,0,0.452,353.442,260.031,409.222,3117.528,-1.11,-24.173,3119.248,3,-9.924,0.055,-61.24,0,0,,3126.586,,,,,,,3126.183,,3125.924,,3119.651,3119.702,3125.688,4,,147,1,,,,,,,,,,,,,,,,,,,-0.133,-37.109,-0.027,-17.593,-20.207,-48.357,-15.089,-63.399,19.306,-40.977,12.405,-64.331,40.915,-90.664,-5.796,-110.163,-40.815,-90.564,-0.421,-37.153,,"아침땅_",-0.048,-17.608,,"즉석카레",-20.209,-48.36,,"_Gosomi",-15.12,-63.341,89,"-라후이-",17.879,-44.596,,"muyang_",12.411,-64.336,,"AI",40.9,-90.65,,"うよすま",-5.632,-110.191,,"AI",-40.8,-90.55,,,,,,,,3125.02,-19.064,-40.174,3122.586,-10.249,-62.641,,,,,,,,,,,,,,,,,,,,,,,,,3123.984,-12.207,-56.661,,,,,,,,,,,,,,,,"",2,0,"_Gosomi",,3126.183,3125.924,5,""
121,SIDE,5,0,1,3,0,0,2,0,0,1,255,255,13,,3128.212,,,,,,,,,,,,,,,,,,,,,,,5,,,,,,,,,,,,,,,,,,,,,,,,,,,,,,,,,,,,,,,0,0,,,,,,,,,,,,,,,,,,,,,,,,,,,,,,,,,,,,,,,,,,,,,,,,,,,,,,,,,,,,,,,,,,,,,,,,,,,,,,,,,,,,,,,,,,,,,,,,,,,,,,,,,,,,,,,,,,,,,,,,,,,,,,,,,,,,,,,,,,,,,,,,,"",0,0,"",,,,0,""
122,,6,1,1,3,0,0,0,0,0,0,255,255,255,55,3198.019,"ddil_ddil69",R,33,51,107,0.704,-0.02,0.559,1.282,0.009,1.494,-36.69,40.698,0,53,47,0,144.474,-114.174,21.104,0,0,4,1,R,"아침땅_",190,94.936,0.502,,37,W,Y,0,,,,,,,,,,,,,,,,,,,,,,,,,,,,0,0,,,,,,,,,,,,,,,,,,,,,,,,,,,,,,,,,,,,,,0.201,-37.305,0.038,-17.256,-20.859,-46.749,-14.031,-63.323,23.395,-53.217,9.047,-64.515,40.915,-90.664,0,-109.85,-40.815,-90.564,,,,"",,,,"",,,,"",,,,"",,,,"",,,,"",,,,"",,,,"",,,,,,,,,,,,,,,,,,,,,,,,,,,,,,,,,,,,,,,,,,,,,,,,,,,,,,,,,,"",0,0,"",,,,0,""
123,,6,1,1,3,0,1,0,0,0,0,255,255,255,56,3214.837,"ddil_ddil69",R,3,68,109,-1.899,-0.191,0.61,1.266,0.078,1.517,-36.69,45.29,0,62,38,4,-486.604,0,20.906,0,0,4,1,R,"아침땅_",190,94.936,0.502,,37,W,Y,1,,,,,,,,,,,,,,,,,,,,,,,,,,,,0,0,,,,,,,,,,,,,,,,,,,,,,,,,,,,,,,,,,,,,,0.319,-37.387,0.024,-17.242,-20.871,-46.73,-14.201,-63.519,23.41,-53.252,9.027,-64.604,40.915,-90.664,0,-109.85,-40.815,-90.564,,,,"",,,,"",,,,"",,,,"",,,,"",,,,"",,,,"",,,,"",,,,,,,,,,,,,,,,,,,,,,,,,,,,,,,,,,,,,,,,,,,,,,,,,,,,,,,,,,"",0,0,"",,,,0,""
124,,6,1,1,3,0,2,0,0,0,0,255,255,255,57,3230.689,"ddil_ddil69",R,32,63,117,2.751,0.578,0.72,1.395,0.755,1.86,-36.69,48.612,0,100,0,2,250,-93.223,28.948,0,0,4,1,R,"아침땅_",190,94.936,0.502,3,36,W,Y,1,3231.816,107,64,64,38,17,134,80,-9.762,-2.022,0.528,1.176,-19.922,-1,0,0.333,378.38,-446.741,131.342,3228.555,0.774,-25.626,3229.795,0,0.671,0.273,-36.123,0,0,,,,,,,,,,,,,,,3236.069,4,,147,32,,,,,,,,,,,,,,,,,,,0.211,-37.226,0.011,-17.168,-20.888,-46.722,-13.71,-63.797,23.443,-53.278,8.653,-64.56,40.907,-90.657,0,-109.85,-40.807,-90.557,-0.134,-36.828,95,"Amellaid",0.008,-17.274,,"레이나2",-20.67,-46.63,,"ByeolBam",-13.708,-63.781,,"yumi2012",23.361,-53.209,,"CoalCat",8.68,-64.47,,"AI",40.9,-90.65,,"AI",0,-109.85,,"AI",-40.8,-90.55,,3233.071,0.239,-37.03,,,,3235.503,-19.383,-39.334,,,,,,,,,,,,,,,,,,,3234.399,-1.471,-37.857,,,,,,,,,,,,,,,,,,,,,,,,,"",2,0,"ddil_ddil69",,,,40,""
125,,6,1,1,3,0,0,1,0,0,0,255,255,255,58,3255.093,"ddil_ddil69",R,32,59,114,0.187,0.319,0.486,1.416,-0.33,1.93,-36.69,27.682,0,58,42,2,222.203,83.147,4.064,0,0,5,4,L,"-라후이-",190,87,0.498,3,37,W,Y,1,3256.077,224,41,88,56,34,145,130,-16.543,-22.951,0.031,1.112,-19.946,0.51,0,0.346,-548.172,-77.466,-231.314,3252.661,1.526,-23.472,3257.675,6,38.723,0.06,-111.168,1,32,,3261.996,3266.221,,,,,,,,,,,,3266.647,5,1,276,0,,,,,,,,,,,,,3266.093,3,,,,,0.216,-37.239,0.007,-17.427,-20.862,-46.714,-10.597,-65.557,23.722,-53.7,10.542,-64.188,40.915,-90.664,0,-109.85,-40.815,-90.564,0.161,-37.196,,"Amellaid",-0.002,-17.427,,"레이나2",-20.244,-47.024,,"ByeolBam",-10.586,-65.552,93,"yumi2012",23.722,-53.674,,"CoalCat",10.617,-64.111,,"AI",40.9,-90.65,,"AI",0,-109.85,,"AI",-40.8,-90.55,,3268.916,0.055,-38.466,,,,,,,3265.525,1.563,-61.672,,,,,,,,,,,,,,,,,,,,,,,,,3268.19,-2.91,-49.034,,,,,,,,,,,,,,,,"",2,0,"AI",3266.221,,,36,""
126,,6,1,1,3,0,0,2,0,0,0,255,255,255,59,3286.549,"ddil_ddil69",R,32,65,118,0.716,0.561,0.536,1.408,-0.102,1.903,-36.69,26.441,0,100,0,0,233.892,-67.808,21.396,0,0,6,0,L,"펜케이크",190,95.157,0.45,,37,W,Y,1,,,,,,,,,,,,,,,,,,,,,,,,,,,,0,0,,,,,,,,,,,,,,,,,,,,,,,,,,,,,,,,,,,,,,0.226,-37.274,0.006,-17.445,-20.674,-46.925,-11.463,-64.945,23.649,-52.344,11.347,-63.059,40.922,-90.671,0,-109.86,-40.822,-90.571,,,,"",,,,"",,,,"",,,,"",,,,"",,,,"",,,,"",,,,"",,,,3291.776,-0.44,-37.469,,,,,,,,,,,,,,,,,,,,,,,,,,,,,,,,,,,,,,,,,,,,,,,,,,,,"",0,0,"",,,,0,""
127,,6,1,1,3,0,1,2,0,0,0,255,255,255,60,3301.576,"ddil_ddil69",R,32,63,117,-3.042,0.948,0.215,1.494,-1.593,2.182,-36.69,6.111,0,79,21,1,151.479,-33.213,37.973,0,0,6,0,L,"펜케이크",190,95.157,0.45,,37,W,Y,0,,,,,,,,,,,,,,,,,,,,,,,,,,,,0,0,,,,,,,,,,,,,,,,,,,,,,,,,,,,,,,,,,,,,,0.291,-37.231,0.012,-17.473,-20.704,-46.871,-11.02,-65.053,23.431,-52.575,11.787,-63.816,40.907,-90.657,0,-109.85,-40.807,-90.557,,,,"",,,,"",,,,"",,,,"",,,,"",,,,"",,,,"",,,,"",,,,3306.91,-0.268,-37.357,,,,,,,,,,,,,,,,,,,,,,,,,,,,,,,,,,,,,,,,,,,,,,,,,,,,"",0,0,"",,,,0,""
128,,6,1,1,3,1,1,2,0,0,0,255,255,255,61,3318.552,"ddil_ddil69",R,2,75,114,-1.376,-0.299,0.591,1.181,0.157,1.168,-36.69,41.698,0,44,56,2,-427.6,-259.149,30.164,0,0,6,0,L,"펜케이크",190,95.157,0.45,3,37,W,Y,1,3319.84,242,70,142,138,74,145,87,-77.048,-38.036,-0.171,0.944,-21.275,-1,0,0.699,346.426,309.716,379.559,3316.261,-0.011,-21.48,3320.475,0,10.727,0.346,-35.842,1,0,,3325.689,,,,,,,,,,,,,,,,,,,,,,,,,,,,3346.717,2,,,,,,,0.336,-37.242,-0.001,-17.36,-20.67,-46.887,-11.016,-65.04,23.425,-52.588,11.793,-63.763,40.915,-90.664,0,-109.85,-40.815,-90.564,0.228,-37.22,108,"Amellaid",-0.012,-17.373,,"레이나2",-20.361,-46.882,81,"ByeolBam",-11.027,-65.048,,"yumi2012",23.387,-52.515,,"CoalCat",11.812,-63.7,,"AI",40.9,-90.65,,"AI",0,-109.84,,"AI",-40.8,-90.55,,3323.915,10.401,-36.326,,,,3326.115,-17.852,-39.733,,,,,,,,,,,,,,,,,,,3324.859,6.28,-36.112,,,,3329.539,-18.345,-41.698,,,,,,,,,,,,,,,,,,,"",2,0,"ddil_ddil69",,,,40,""
129,,6,1,1,3,0,0,2,1,0,0,0,255,255,62,3395.625,"ddil_ddil69",R,32,62,116,-0.342,0.715,0.444,1.397,-0.526,1.884,-36.69,30.945,0,93,7,2,208.064,-130.972,24.34,0,0,0,3,R,"_Gosomi",175.2,85.368,0.474,3,37,W,Y,1,3396.879,251,60,62,89,77,138,81,91.677,-85.794,-0.059,1.186,-20.715,-0.82,0,0.423,291.408,69.554,519.85,,,,,,,,,0,0,,,,,,,,,,,,3410.135,,,,,,,,,,,,,,,,,,,,,,,,,,0.214,-37.497,0.006,-17.387,-19.997,-41.951,-13.032,-62.977,23.868,-54.228,7.629,-62.742,40.907,-90.657,0,-109.85,-40.807,-90.557,0.037,-37.057,,"Amellaid",-0.077,-17.391,,"레이나2",-19.442,-45.675,,"ByeolBam",-13.04,-62.951,,"yumi2012",23.817,-54.164,,"CoalCat",7.694,-62.653,,"AI",40.9,-90.65,,"AI",0,-109.84,,"AI",-40.8,-90.55,,,,,,,,,,,,,,,,,,,,,,,,,,,,,,,,,,,,,,,,,,,,,,,,,,,,,,,,"",3,0,"",,,,0,""
130,,6,1,1,3,0,1,2,1,0,0,0,255,255,63,3413.653,"ddil_ddil69",R,32,62,116,1.652,-1.094,0.616,1.215,0.272,1.247,-36.69,25.608,0,59,41,1,250,200,43.634,0.296,-18.309,0,3,R,"_Gosomi",175.2,85.368,0.474,,37,W,Y,0,,,,,,,,,,,,,,,,,,,,,,,,,,,,0,0,,,,,,3415.911,,,,,,,,,,,,,,,,,,,,,,,,,,,,,,,,0.428,-37.21,0.012,-17.399,-20.937,-41.985,-8.727,-62.701,23.113,-53.993,5.727,-62.548,40.915,-90.664,0,-109.85,-40.815,-90.564,,,,"",,,,"",,,,"",,,,"",,,,"",,,,"",,,,"",,,,"",,,,,,,,,,,,,,,,,,,,,,,,,,,,,,,,,,,,,,,,,,,,,,,,,,,,,,,,,,"",0,0,"",3415.911,,,0,""
131,,6,1,1,3,1,1,2,0,1,0,255,0,255,64,3433.703,"ddil_ddil69",R,32,65,118,1.782,-0.951,0.63,1.203,0.336,1.205,-36.69,30.779,0,82,18,2,246.322,106.378,29.64,0,0,0,3,R,"_Gosomi",175.2,85.368,0.474,3,37,W,Y,1,3434.959,208,89,85,84,90,145,100,19.707,-7.693,0.327,0.604,-20.744,-0.04,0,0.389,369.451,426.863,203.211,3436.048,3.849,-109.847,3436.195,7,3.955,1.665,-107.181,0,0,,3440.582,,,,,,,,,,,3436.083,,3439.93,0,,456,0,,,,,,,,,,,,,,,,,,,0.307,-37.47,0.003,-17.454,-20.973,-45.845,-14.702,-62.878,21.626,-51.621,3.789,-61.509,40.915,-90.664,0,-109.85,-40.815,-90.564,0.136,-36.915,,"Amellaid",0.007,-17.494,,"레이나2",-20.469,-46.702,,"ByeolBam",-14.705,-62.883,,"yumi2012",21.616,-51.608,,"CoalCat",5.59,-61.268,,"AI",40.9,-90.65,,"AI",0,-109.84,,"AI",-40.8,-90.55,,,,,,,,,,,,,,,,,,,,,,,,,,,,,,,,,,,,,,,,,,,,,,,,,,,,,,,,"",1,0,"AI",3437.538,,,0,""
132,SIDE,6,1,1,3,0,0,2,0,1,0,255,0,255,,3442.853,,,,,,,,,,,,,,,,,,,,,,,1,,,,,,,,,,,,,,,,,,,,,,,,,,,,,,,,,,,,,,,0,0,,,,,,,,,,,,,,,,,,,,,,,,,,,,,,,,,,,,,,,,,,,,,,,,,,,,,,,,,,,,,,,,,,,,,,,,,,,,,,,,,,,,,,,,,,,,,,,,,,,,,,,,,,,,,,,,,,,,,,,,,,,,,,,,,,,,,,,,,,,,,,,,,"",0,0,"",,,,0,""
133,,6,0,1,3,0,0,0,0,0,0,255,255,255,56,3474.768,"펜케이크",L,26,93,140,1.759,-0.771,-0.286,1.652,0.784,1.052,-36.39,7.493,56,44,0,4,-19.646,-150,-33.277,-0.349,-21.535,5,0,R,"ddil_ddil69",175.8,89.974,0.401,,37,W,Y,1,,,,,,,,,,,,,,,,,,,,,,,,,,,,0,0,,,,,,,,,,,,,,,,,,,,,,,,,,,,,,,,,,,,,,-0.03,-37.134,0.005,-17.603,-20.253,-48.915,-13.866,-62.928,17.851,-44.24,13.154,-64.741,40.922,-90.671,-4.016,-115.397,-40.822,-90.571,,,,"",,,,"",,,,"",,,,"",,,,"",,,,"",,,,"",,,,"",,,,,,,,,,,,,,,,,,,,,,,,,,,,,,,,,,,,,,,,,,,,,,,,,,,,,,,,,,"",0,0,"",,,,0,""
134,,6,0,1,3,0,1,0,0,0,0,255,255,255,57,3498.545,"펜케이크",L,0,60,115,0.854,-1.163,-0.372,1.615,0.384,0.924,-36.39,11.299,50,50,0,4,0,0,-44.026,0,0,5,0,R,"ddil_ddil69",175.8,89.974,0.401,,37,W,Y,0,,,,,,,,,,,,,,,,,,,,,,,,,,,,0,0,,,,,3503.373,,,,,,,,,,,,,,,,,,,,,,,,,,,,,,,,,-0.008,-37.243,0.035,-17.62,-20.266,-48.534,-13.943,-62.887,18.159,-44.029,10.906,-62.546,40.915,-90.664,-4.5,-113.293,-40.815,-90.564,,,,"",,,,"",,,,"",,,,"",,,,"",,,,"",,,,"",,,,"",,,,,,,,,,,,,,,,,,,,,,,,,,,,,,,,,,,,,,,,,,,,,,,,,,,,,,,,,,"",0,0,"",,,,0,""
135,,6,0,1,3,0,2,0,0,0,0,255,255,255,58,3516.279,"펜케이크",L,14,75,113,-2.68,-1.492,-0.551,1.675,-0.447,1.133,-36.39,24.386,62,38,0,4,-401.149,298.462,-35.475,-0.638,-18.13,5,0,R,"ddil_ddil69",175.8,89.974,0.401,,37,W,Y,0,,,,,,,,,,,,,,,,,,,,,,,,,,,,0,0,,,,,,,,,,,,,,,,,,,,,,,,,,,,,,,,,,,,,,-0.072,-37.204,-0.001,-17.564,-20.094,-47.923,-13.818,-62.831,18.238,-44.146,10.891,-63.948,40.915,-90.664,-3.691,-109.029,-40.815,-90.564,,,,"",,,,"",,,,"",,,,"",,,,"",,,,"",,,,"",,,,"",,,,,,,,,,,,,,,,,,,,,,,,,,,,,,,,,,,,,,,,,,,,,,,,,,,,,,,,,,"",0,0,"",,,,0,""
136,,6,0,1,3,0,0,1,0,0,0,255,255,255,59,3551.385,"펜케이크",L,0,92,140,1.413,0.997,-0.417,2.053,0.629,2.222,-36.39,38.564,92,8,0,4,0,0,-3.396,0,0,0,1,L,"Amellaid",190,80,0.44,,37,W,Y,1,,,,,,,,,,,,,,,,,,,,,,,,,,,,0,0,,,,,,,,,,,,,,,,,,,,,,,,,,,,,,,,,,,,,,-0.11,-37.145,0.008,-17.578,-20.285,-47.958,-11.673,-64.524,18.086,-44.277,13.573,-64.798,40.93,-90.677,6.453,-118.549,-40.83,-90.577,,,,"",,,,"",,,,"",,,,"",,,,"",,,,"",,,,"",,,,"",,,,,,,,,,,,,,,,,,,,,,,,,,,,,,,,,,,,,,,,,,,,,,,,,,,,,,,,,,"",0,0,"",,,,0,""
137,,6,0,1,3,0,1,1,0,0,0,255,255,255,60,3564.343,"펜케이크",L,29,75,126,-0.435,-0.72,-0.543,1.625,-0.408,1.009,-36.39,19.283,56,44,0,2,168.231,-150,-49.475,0,0,0,1,L,"Amellaid",190,80,0.44,5,37,W,Y,1,3565.291,234,255,193,25,27,145,127,7.898,89.912,-0.116,0.805,-21.175,0.74,0,0.467,-415.733,107.534,419.05,3563.301,-27.613,-27.604,,,,,,0,0,,,,,,,,,,,,,,,,,,,,,,,,,,,,,,,,,,,,,,-0.146,-37.107,0.021,-17.556,-20.202,-47.76,-11.756,-64.559,18.171,-43.991,13.97,-64.164,40.907,-90.657,6.95,-117.998,-40.807,-90.557,-0.546,-37.007,,"아침땅_",0.019,-17.579,,"즉석카레",-20.192,-47.764,,"_Gosomi",-11.713,-64.497,,"-라후이-",18.209,-44.071,,"muyang_",13.984,-64.154,,"AI",40.9,-90.65,,"うよすま",6.909,-117.985,,"AI",-40.8,-90.55,,,,,,,,,,,,,,,,,,,,,,,,,,,,,,,,,,,,,,,,,,,,,,,,,,,,,,,,"",3,0,"",,,,0,""
138,,6,0,1,3,0,2,1,0,0,0,255,255,255,61,3586.057,"펜케이크",L,6,46,95,-1.292,-1.101,-0.415,1.546,0.184,0.755,-36.39,1.859,39,61,0,2,-335.013,-150,-20.712,0,0,0,1,L,"Amellaid",190,80,0.44,5,37,W,Y,1,3587.075,205,152,121,99,100,145,106,29.616,-16.853,-0.216,0.706,-21.431,-0.17,0,0.397,74.391,-306.667,-510.315,3587.941,33.238,-101.814,3588.195,6,32.178,2.002,-99.559,0,0,,3593.017,,,,,,,,,,,,,3592.002,0,,456,0,,,,,,,,,,,,,,,,,,,-0.201,-37.031,0.001,-17.594,-20.563,-47.791,-15.049,-62.48,18.758,-43.094,14.194,-63.906,40.9,-90.65,6.481,-117.874,-40.8,-90.55,-0.434,-37.4,,"아침땅_",0.011,-17.629,,"즉석카레",-20.561,-47.788,70,"_Gosomi",-15.05,-62.475,,"-라후이-",18.773,-43.089,,"muyang_",14.413,-63.543,,"AI",40.9,-90.65,,"うよすま",5.907,-117.84,,"AI",-40.8,-90.55,,3600.238,-0.312,-38.293,,,,3597.579,-12.09,-43.097,,,,,,,,,,,,,,,,,,,,,,,,,3599.412,-8.375,-43.345,,,,,,,,,,,,,,,,,,,"",1,0,"AI",,,,68,""
139,,6,0,1,3,0,0,2,0,0,0,255,255,255,62,3612.199,"펜케이크",L,26,94,140,1.416,-0.495,-0.328,1.687,0.59,1.171,-36.39,11.329,64,36,0,0,30.275,-150,-31.829,0,0,1,5,R,"CoalCat",174.6,83,0.397,,37,W,Y,1,,,,,,,,,,,,,,,,,,,,,,,,,,,,0,0,,,,,,,,,,,,,,,,,,,,,,,,,,,,,,,,,,,,,,-0.033,-37.168,0,-17.558,-21.254,-49.073,-17.019,-61.627,18.552,-43.307,10.984,-59.958,40.915,-90.664,-4.939,-111.749,-40.815,-90.564,,,,"",,,,"",,,,"",,,,"",,,,"",,,,"",,,,"",,,,"",,,,3616.187,-0.158,-37.679,,,,,,,,,,,,,,,,,,,,,,,,,,,,,,,,,,,,,,,,,,,,,,,,,,,,"",0,0,"",,,,0,""
140,,6,0,1,3,0,1,2,0,0,0,255,255,255,63,3626.924,"펜케이크",L,0,85,138,0.205,-1.074,-0.433,1.631,0.103,0.975,-36.39,14.948,62,38,0,4,0,0,-18.406,0,0,1,5,R,"CoalCat",174.6,83,0.397,,36,W,Y,1,,,,,,,,,,,,,,,,,,,,,,,,,,,,0,0,,,,,,,,,,,,,,,,,,,,,,,,,,,,,,,,,,,,,,-0.008,-37.378,0.01,-17.537,-21.057,-48.836,-16.358,-62.022,18.587,-43.278,11.048,-61.253,40.907,-90.657,-4.167,-112.759,-40.807,-90.557,,,,"",,,,"",,,,"",,,,"",,,,"",,,,"",,,,"",,,,"",,,,3630.952,0.043,-37.544,,,,,,,,,,,,,,,,,,,,,,,,,,,,,,,,,,,,,,,,,,,,,,,,,,,,"",0,0,"",,,,0,""
141,,6,0,1,3,0,2,2,0,0,0,255,255,255,64,3641.917,"펜케이크",L,10,75,116,0.91,-2.084,-0.408,1.652,0.407,0.908,-36.39,15.86,63,37,0,4,0,400,-1.934,0.214,-19.162,1,5,R,"CoalCat",174.6,83,0.397,,36,W,Y,1,,,,,,,,,,,,,,,,,,,,,,,,,,,,0,0,,,,,,,,,,,,,,,3647.541,1,,706,0,,,,,,,,,,,,,,,,,,,-0.064,-37.36,0.014,-17.512,-21.042,-48.99,-15.809,-62.364,18.572,-43.273,10.638,-60.329,40.907,-90.657,-3.597,-110.62,-40.807,-90.557,,,,"",,,,"",,,,"",,,,"",,,,"",,,,"",,,,"",,,,"",,,,,,,,,,,,,,,,,,,,,,,,,,,,,,,,,,,,,,,,,,,,,,,,,,,,,,,,,,"",0,0,"",,,,0,""
142,SIDE,6,0,1,3,0,0,2,0,0,0,255,255,255,,3651.953,,,,,,,,,,,,,,,,,,,,,,,2,,,,,,,,,,,,,,,,,,,,,,,,,,,,,,,,,,,,,,,0,0,,,,,,,,,,,,,,,,,,,,,,,,,,,,,,,,,,,,,,,,,,,,,,,,,,,,,,,,,,,,,,,,,,,,,,,,,,,,,,,,,,,,,,,,,,,,,,,,,,,,,,,,,,,,,,,,,,,,,,,,,,,,,,,,,,,,,,,,,,,,,,,,,"",0,0,"",,,,0,""
143,,7,1,1,3,0,0,0,0,0,0,255,255,255,65,3686.174,"ddil_ddil69",R,26,73,124,1.727,-0.878,0.573,1.939,0.591,0.91,-36.69,44.802,92,8,0,2,89.986,-150,-2.314,0,0,1,5,R,"muyang_",171.9,80,0.498,3,37,W,Y,1,3687.28,255,204,136,133,0,145,89,28.217,-7.713,0.322,0.682,-20.738,-0.58,0,0.281,-155.503,423.77,395.27,3687.941,1.396,-93.698,3688.261,7,1.476,1.124,-92.407,0,0,,,,,,,,,,,,,,,3692.222,1,,456,0,,,,,,,,,,,,,3696.945,3,,,,,0.075,-37.269,0.13,-17.579,-20.598,-46.916,-14.676,-63.57,22.953,-53.137,8.861,-63.764,40.937,-90.684,0,-109.88,-40.837,-90.584,0.216,-36.964,,"Amellaid",0.069,-17.662,,"레이나2",-20.391,-46.786,,"ByeolBam",-13.663,-63.792,92,"yumi2012",22.924,-53.084,,"CoalCat",8.928,-63.71,,"AI",40.9,-90.65,,"AI",0,-109.84,,"AI",-40.8,-90.55,,3698.215,0.141,-38.651,,,,,,,3695.678,0.079,-61.723,,,,,,,,,,,,,,,,,,,,,,,,,3697.084,-0.139,-57.611,,,,,,,,,,,,,,,,"",1,0,"AI",,,,36,""
144,,7,1,1,3,0,0,1,0,0,0,255,255,255,66,3713.117,"ddil_ddil69",R,26,92,140,-0.898,-0.666,0.353,1.916,-0.507,1.054,-36.69,29.577,96,4,0,0,75.992,-150,10.638,0,0,2,2,R,"즉석카레",174.9,92.596,0.402,,37,W,Y,1,,,,,,,,,,,,,,,,,,,,,,,,,,,,0,0,,,,,,,,,,,,,,,,,,,,,,,,,,,,,,,,,,,,,,-0.054,-37.199,0.035,-17.208,-20.925,-46.775,-13.675,-63.815,22.967,-54.496,7.959,-62.654,40.915,-90.664,0,-109.86,-40.815,-90.564,,,,"",,,,"",,,,"",,,,"",,,,"",,,,"",,,,"",,,,"",,,,3719.199,-0.201,-37.033,,,,,,,,,,,,,,,,,,,,,,,,,,,,,,,,,,,,,,,,,,,,,,,,,,,,"",0,0,"",,,,0,""
145,,7,1,1,3,0,1,1,0,0,0,255,255,255,67,3730.183,"ddil_ddil69",R,27,68,121,27.821,7.058,0.583,2.113,12.23,4.774,-36.69,104.9,98,2,0,1,78.01,-135.657,6.66,6.423,-5.357,2,2,R,"즉석카레",174.9,92.596,0.402,,37,W,Y,0,,,,,,,,,,,,,,,,,,,,,,,,,,,,0,0,,,,,,,,,,,,,,,,,,,,,,,,,,,,,,,,,,,,,,0.039,-37.101,0.019,-17.225,-21.282,-46.684,-14.203,-63.595,23.189,-54.381,7.88,-63.515,40.907,-90.657,0,-109.85,-40.807,-90.557,,,,"",,,,"",,,,"",,,,"",,,,"",,,,"",,,,"",,,,"",,,,,,,,,,,,,,,,,,,,,,,,,,,,,,,,,,,,,,,,,,,,,,,,,,,,,,,,,,"",0,0,"",,,,0,""
146,,7,1,1,3,1,1,1,0,0,0,255,255,255,68,3748.299,"ddil_ddil69",R,26,93,140,-1.224,-0.923,0.353,1.874,-0.508,0.907,-36.69,38.99,100,0,0,0,-26.453,-150,1.342,0,0,2,2,R,"즉석카레",174.9,92.596,0.402,,37,W,Y,1,,,,,,,,,,,,,,,,,,,,,,,,,,,,0,0,,,,,,,,,,,,,,,,,,,,,,,,,,,,,,,,,,,,,,-0.04,-37.268,0,-17.243,-21.236,-46.823,-14.24,-63.67,23.197,-54.637,8.285,-63.704,40.915,-90.664,0,-109.85,-40.815,-90.564,,,,"",,,,"",,,,"",,,,"",,,,"",,,,"",,,,"",,,,"",,,,,,,,,,,,,,,,,,,,,,,,,,,,,,,,,,,,,,,,,,,,,,,,,,,,,,,,,,"",0,0,"",,,,0,""
147,,7,1,1,3,1,2,1,0,0,0,255,255,255,69,3768.292,"ddil_ddil69",R,26,80,130,-0.95,-0.308,0.382,1.971,-0.372,1.248,-36.69,49.071,100,0,0,0,-35.596,-150,-10.292,0,0,2,2,R,"즉석카레",174.9,92.596,0.402,,37,W,Y,1,,,,,,,,,,,,,,,,,,,,,,,,,,,,0,0,,,,,,,,,,,,,,,3771.084,2,,578,0,,,,,,,,,,,,,,,,,,,-0.102,-37.126,0.005,-17.234,-21.286,-46.675,-13.63,-64.338,23.246,-54.623,8.3,-63.776,40.915,-90.664,0,-109.86,-40.815,-90.564,,,,"",,,,"",,,,"",,,,"",,,,"",,,,"",,,,"",,,,"",,,,,,,,,,,,,,,,,,,,,,,,,,,,,,,,,,,,,,,,,,,,,,,,,,,,,,,,,,"",0,0,"",,,,0,""
148,,7,1,1,3,0,0,2,0,0,0,255,255,255,70,3793.208,"ddil_ddil69",R,26,91,140,-0.82,-0.021,0.377,2.03,-0.179,1.429,-36.69,48.33,93,7,0,0,-138.087,-150,-6.929,0,0,3,7,R,"うよすま",175.4,85.375,0.502,,37,W,Y,1,,,,,,,,,,,,,,,,,,,,,,,,,,,,0,0,,,,,,,,,,,,,,,,,,,,,,,,,,,,,,,,,,,,,,-0.023,-37.311,-0.015,-17.219,-20.877,-46.952,-13.204,-64.359,22.764,-54.743,8.224,-62.684,40.915,-90.664,0,-109.86,-40.815,-90.564,,,,"",,,,"",,,,"",,,,"",,,,"",,,,"",,,,"",,,,"",,,,,,,,,,,,,,,,,,,,,,,,,,,,,,,,,,,,,,,,,,,,,,,,,,,,,,,,,,"",0,0,"",,,,0,""
149,,7,1,1,3,0,1,2,0,0,0,255,255,255,71,3812.178,"ddil_ddil69",R,26,87,140,-1.496,-0.967,0.296,1.901,-0.634,0.88,-36.69,41.522,94,6,0,4,-19.652,-150,-17.618,0,0,3,7,R,"うよすま",175.4,85.375,0.502,,37,W,Y,1,,,,,,,,,,,,,,,,,,,,,,,,,,,,0,0,,,,,,,,,,,,,,,,,,,,,,,,,,,,,,,,,,,,,,-0.183,-37.257,-0.028,-17.237,-20.944,-46.875,-13.735,-64.341,22.768,-54.752,8.262,-62.658,40.915,-90.664,0,-109.86,-40.815,-90.564,,,,"",,,,"",,,,"",,,,"",,,,"",,,,"",,,,"",,,,"",,,,,,,,,,,,,,,,,,,,,,,,,,,,,,,,,,,,,,,,,,,,,,,,,,,,,,,,,,"",0,0,"",,,,0,""
150,,7,1,1,3,0,2,2,0,0,0,255,255,255,72,3830.831,"ddil_ddil69",R,26,88,140,-1.582,-1.005,0.329,1.872,-0.536,0.86,-36.69,24.464,100,0,0,1,-119.442,-150,6.342,0,0,3,7,R,"うよすま",175.4,85.375,0.502,,37,W,Y,0,,,,,,,,,,,,,,,,,,,,,,,,,,,,0,0,,,,,,,,,,,,,,,,,,,,,,,,,,,,,,,,,,,,,,0.042,-37.319,-0.007,-17.275,-21.061,-46.762,-14.25,-64.234,22.774,-54.819,8.303,-62.639,40.915,-90.664,0,-109.85,-40.815,-90.564,,,,"",,,,"",,,,"",,,,"",,,,"",,,,"",,,,"",,,,"",,,,,,,,,,,,,,,,,,,,,,,,,,,,,,,,,,,,,,,,,,,,,,,,,,,,,,,,,,"",0,0,"",,,,0,""
151,,7,1,1,3,1,2,2,0,0,0,255,255,255,73,3849.271,"ddil_ddil69",R,26,89,140,-2.167,-0.083,0.295,2.013,-0.779,1.394,-36.69,35.115,84,16,0,4,-126.935,-150,-6.765,0,0,3,7,R,"うよすま",175.4,85.375,0.502,,37,W,Y,1,,,,,,,,,,,,,,,,,,,,,,,,,,,,0,0,,,,,,,,,,,,,,,3851.868,3,,578,0,,,,,,,,,,,,,,,,,,,-0.047,-37.305,0.027,-17.298,-20.704,-46.95,-14.395,-64.15,22.76,-54.819,8.068,-62.589,40.915,-90.664,0,-109.85,-40.815,-90.564,,,,"",,,,"",,,,"",,,,"",,,,"",,,,"",,,,"",,,,"",,,,,,,,,,,,,,,,,,,,,,,,,,,,,,,,,,,,,,,,,,,,,,,,,,,,,,,,,,"",0,0,"",,,,0,""
152,SIDE,7,1,1,3,0,0,2,0,0,0,255,255,255,,3853.745,,,,,,,,,,,,,,,,,,,,,,,4,,,,,,,,,,,,,,,,,,,,,,,,,,,,,,,,,,,,,,,0,0,,,,,,,,,,,,,,,,,,,,,,,,,,,,,,,,,,,,,,,,,,,,,,,,,,,,,,,,,,,,,,,,,,,,,,,,,,,,,,,,,,,,,,,,,,,,,,,,,,,,,,,,,,,,,,,,,,,,,,,,,,,,,,,,,,,,,,,,,,,,,,,,,"",0,0,"",,,,0,""
153,,7,0,1,3,0,0,0,0,0,0,255,255,255,65,3880.855,"-라후이-",R,26,83,134,0.532,0.763,0.192,1.923,0.242,1.888,-36.436,30.238,92,8,0,0,-11.432,-150,11.887,0,0,2,3,R,"ByeolBam",175,90,0.5,,37,W,Y,1,,,,,,,,,,,,,,,,,,,,,,,,,,,,0,0,,,,,,,,,,,,,,,,,,,,,,,,,,,,,,,,,,,,,,-0.057,-37.44,0.01,-17.551,-20.958,-48.645,-16.163,-61.557,22.912,-49.458,8.349,-49.842,40.915,-90.664,-2.756,-112.493,-40.815,-90.564,,,,"",,,,"",,,,"",,,,"",,,,"",,,,"",,,,"",,,,"",,,,,,,,,,,,,,,,,,,,,,,,,,,,,,,,,,,,,,,,,,,,,,,,,,,,,,,,,,"",0,0,"",,,,0,""
154,,7,0,1,3,0,1,0,0,0,0,255,255,255,66,3893.457,"-라후이-",R,26,85,138,1.06,0.819,0.195,1.902,0.447,1.927,-36.436,36.529,89,11,0,2,6.907,-150,5.435,0,0,2,3,R,"ByeolBam",175,90,0.5,3,37,W,Y,1,3894.389,230,84,105,88,32,145,81,39.162,-0.85,0.196,1.201,-20.369,-1,0,0.327,564.145,-101.269,-177.442,3895.395,3.273,-81.532,3896.715,7,3.69,0.747,-89.194,1,0,,3900.421,,,,,,,,,,,,,,,,,,,,,,,,,,,,,,,,,,,,-0.168,-37.371,0.001,-17.585,-21.221,-48.445,-14.658,-63.585,22.941,-49,8.361,-49.775,40.907,-90.657,-4.969,-115.674,-40.807,-90.557,0.013,-36.717,,"아침땅_",-0.003,-17.588,,"즉석카레",-21.072,-48.557,,"_Gosomi",-14.644,-63.549,,"펜케이크",22.942,-49.001,,"muyang_",8.351,-49.772,74,"AI",40.9,-90.65,,"うよすま",-5.023,-116.523,76,"AI",-40.8,-90.55,,3909.339,0.129,-39.385,,,,,,,,,,,,,3904.932,0.317,-60.17,,,,3901.078,3.462,-89.9,,,,,,,,,,,,,,,,,,,3908.087,-0.157,-57.973,,,,3903.925,0.643,-75.604,,,,"",2,0,"うよすま",,,,42,""
155,,7,0,1,3,0,0,0,1,0,0,13,255,255,67,3920.431,"-라후이-",R,10,69,111,0.465,-0.136,0.297,1.906,0.292,2.056,-36.436,29.532,100,0,0,2,-54.693,400,0.588,0,0,3,2,R,"레이나2",180.3,80.17,0.398,3,37,W,Y,1,3921.596,223,134,115,91,38,145,83,-0.14,-33.481,0.271,0.953,-21.18,1,0,0.175,-522.121,267.101,-126.675,3917.848,6.872,-31.373,3921.395,6,31.837,0.059,-75.598,1,0,,3927.007,,,,3926.367,,,,,,,,,,,,,,,,,,,,,,,,,,,,,,,,-0.028,-37.361,0.013,-17.615,-20.43,-44.657,-16.621,-61.788,23.018,-50.584,9.395,-60.494,40.908,-90.657,-5.159,-113.73,-40.808,-90.557,0.07,-36.657,,"아침땅_",0.013,-17.636,,"즉석카레",-20.296,-45.684,,"_Gosomi",-16.442,-61.829,85,"펜케이크",23.028,-50.592,,"muyang_",10.153,-59.79,,"AI",40.9,-90.65,,"うよすま",-5.201,-112.408,,"AI",-40.8,-90.55,,3933.58,0.053,-39.549,,,,,,,3928.804,0.6,-59.421,,,,,,,,,,,,,,,,,,,,,,,,,3932.513,-0.491,-57.6,,,,,,,,,,,,,,,,"",2,0,"AI",3926.367,,,33,""
156,,7,0,1,3,0,0,0,1,1,0,12,13,255,68,3945.511,"-라후이-",R,14,59,102,-0.855,0.201,-0.069,2.074,-1.06,2.235,-36.436,38.369,100,0,0,0,344.841,334.215,2.664,0,0,4,4,R,"yumi2012",174.1,85.003,0.5,,37,W,Y,0,,,,,,,,,,,,,,,,,,,,,,,,,,,,0,16,,,,,,,,,3949.317,,,3945.722,,,,,,,,,,,,,,,,,,,,,,,,,,-0.135,-37.28,0.013,-17.598,-20.669,-43.872,-16.53,-61.875,21.633,-46.494,0.482,-59.088,40.915,-90.664,-5.914,-111.8,-40.815,-90.564,,,,"",,,,"",,,,"",,,,"",,,,"",,,,"",,,,"",,,,"",,,,3956.594,-0.082,-37.122,,,,,,,,,,,,,,,,,,,,,,,,,,,,,,,,,,,,,,,,,,,,,,,,,,,,"",0,0,"",,3949.317,,0,""
157,,7,0,1,3,0,1,0,1,0,1,12,255,13,69,3964.657,"-라후이-",R,27,86,139,0.579,-0.04,0.229,1.839,0.279,1.439,-36.436,24.128,91,9,0,2,-24.954,-137.591,5.998,0,0,4,4,R,"yumi2012",174.1,85.003,0.5,3,37,W,Y,1,3965.757,218,20,45,30,8,127,88,0.461,17.124,0.098,0.848,-19.493,0,0,0.326,494.228,301.485,-157.626,3962.208,-5.658,-37.319,3963.568,3,-11.558,0.055,-54.391,1,0,,3971.229,,,,3970.914,,,,,3970.671,,,,,,,,,,,,,,,,,,,,,,,,,,,-0.081,-37.389,-0.007,-17.651,-20.278,-43.757,-14.521,-62.185,19.994,-41.801,7.73,-58.886,40.907,-90.657,-5,-111.628,-40.807,-90.557,0.088,-36.731,,"아침땅_",-0.061,-17.687,,"즉석카레",-19.535,-46.985,68,"_Gosomi",-12.967,-62.439,85,"펜케이크",19.596,-41.307,,"muyang_",8.026,-58.995,104,"AI",40.9,-90.65,,"うよすま",-3.802,-110.642,,"AI",-40.8,-90.55,,3980.29,-1.052,-38.859,,,,3971.887,-18.811,-40.233,3967.914,-11.984,-55.72,,,,3969.835,-1.21,-58.684,,,,,,,,,,,,,,,,3979.051,-17.955,-39.926,3969.244,-7.361,-54.977,,,,3970.806,-4.25,-56.108,,,,,,,,,,"5:+1",2,0,"_Gosomi",3970.914,,3970.671,39,""
158,,7,0,1,4,0,0,0,1,1,0,14,12,255,70,3993.169,"-라후이-",R,13,70,110,0.688,0.012,0.387,1.902,0.838,2.161,-36.436,26.036,100,0,0,2,-302.99,397.74,7.174,0,0,5,0,R,"ddil_ddil69",175.8,89.974,0.401,3,37,W,Y,1,3994.356,164,64,82,57,21,143,81,-15.206,62.467,0.173,1.096,-21.567,1,0,0.371,-24.298,-341.954,492.42,3990.288,-5.467,-24.563,,,,,,0,0,,,,,,,,,,,,3993.43,3994.208,,,,,,,,,,,,,,,,,,,,,,,,,0.06,-37.395,0.028,-17.646,-20.657,-41.941,-16.944,-62.244,20.748,-42.815,7.297,-59.799,40.915,-90.664,-6.126,-113.068,-40.815,-90.564,-0.079,-36.874,,"아침땅_",0.012,-17.653,,"즉석카레",-19.335,-45.554,,"_Gosomi",-16.463,-61.394,,"펜케이크",18.883,-46.132,,"muyang_",8.367,-60.472,,"AI",40.9,-90.65,,"うよすま",-5.576,-112.735,,"AI",-40.8,-90.55,,,,,,,,,,,,,,,,,,,,,,,,,,,,,,,,,,,,,,,,,,,,,,,,,,,,,,,,"",3,0,"",3997.768,,,0,""
159,,7,0,1,4,0,1,0,1,1,0,14,12,255,71,4008.724,"-라후이-",R,13,64,106,2.547,1.002,0.526,2.041,1.637,2.704,-36.436,47.265,97,3,0,4,-302.023,389.574,-2.843,0.235,-21.571,5,0,R,"ddil_ddil69",175.8,89.974,0.401,,37,W,Y,0,,,,,,,,,,,,,,,,,,,,,,,,,,,,0,0,,,,,,,,,,,,4009.382,4023.806,,,,,,,,,,,,,,,,,,,,,,,,,0.034,-37.361,-0.016,-17.583,-20.854,-43.75,-17.673,-60.793,20.037,-44.455,8.971,-60.169,40.907,-90.657,-8.001,-113.979,-40.807,-90.557,,,,"",,,,"",,,,"",,,,"",,,,"",,,,"",,,,"",,,,"",,,,,,,,,,,,,,,,,,,,,,,,,,,,,,,,,,,,,,,,,,,,,,,,,,,,,,,,,,"",0,0,"",,,,0,""
160,,7,0,1,4,0,2,0,1,1,0,14,12,255,72,4024.032,"-라후이-",R,14,74,113,-0.016,-0.779,-0.008,1.676,-0.638,1.609,-36.436,4.917,70,30,0,2,362.392,344.488,11.063,0,0,5,0,R,"ddil_ddil69",175.8,89.974,0.401,3,37,W,Y,1,4025.27,80,51,32,26,14,62,62,-47.136,-22.76,-0.004,0.699,-20.52,-0.27,0,0.286,-408.734,315.341,-305.772,4020.848,0.256,-21.144,4025.341,4,14.502,0.056,-43.929,1,0,,4030.584,,,,4030.244,,,4030.557,,,4024.266,,,,,,,,,,,,,,,,,,,,,,,,,,-0.056,-37.465,-0.018,-17.669,-20.607,-42.203,-14.645,-59.379,19.181,-40.222,9.489,-60.21,40.907,-90.657,-5.649,-113.933,-40.807,-90.557,-0.016,-36.691,,"아침땅_",-0.056,-17.692,,"즉석카레",-19.374,-46.59,,"_Gosomi",-13.149,-54.465,,"펜케이크",20.189,-43.703,69,"muyang_",9.952,-60.362,,"AI",40.9,-90.65,,"うよすま",-5.872,-113.88,,"AI",-40.8,-90.55,,4037.052,11.608,-36.486,,,,,,,,,,4029.818,15.098,-44.034,,,,,,,,,,,,,,,,,,,,,,,,,4036.466,16.669,-40.555,,,,,,,,,,,,,"",2,0,"펜케이크",4030.244,4030.557,,96,""
161,,7,0,1,4,0,0,0,1,1,1,10,14,12,73,4050.582,"-라후이-",R,10,75,116,0.446,-1.228,0.283,1.619,0.186,1.314,-36.436,14.399,57,43,0,1,0,400,-2.783,0.044,-17.349,0,1,L,"Amellaid",190,80,0.44,,37,W,Y,0,,,,,,,,,,,,,,,,,,,,,,,,,,,,0,0,,,,,,,,,,,,,4050.786,,,,,,,,,,,,,,,,,,,,,,,,,-0.001,-37.353,0.011,-17.648,-20.498,-41.279,-0.722,-60.738,19.503,-40.983,9.196,-58.872,40.915,-90.664,8,-119.348,-40.815,-90.564,,,,"",,,,"",,,,"",,,,"",,,,"",,,,"",,,,"",,,,"",,,,4054.887,-0.301,-37.371,,,,,,,,,,,,,,,,,,,,,,,,,,,,,,,,,,,,,,,,,,,,,,,,,,,,"",0,0,"",4053.233,4052.788,,0,""
162,,7,0,1,4,1,0,0,1,1,1,10,14,12,74,4062.054,"-라후이-",R,10,83,124,-0.457,-0.061,0.056,1.886,-0.26,1.99,-36.436,23.608,91,9,0,2,38.529,400,29.846,0,0,0,1,L,"Amellaid",190,80,0.44,5,37,W,Y,1,4062.922,255,255,154,0,0,143,132,-30,71.488,-0.082,1.054,-20.899,0.39,0,0.729,-340.736,-15.527,493.617,4058.408,-1.698,-21.44,,,,,,0,0,,,,,,,,,,,,4064.012,4062.221,4062.227,,,,,,,,,,,,,,,,,,,,,,,,-0.115,-37.433,0.018,-17.636,-20.762,-41.156,-2.648,-63.12,20.126,-42.261,12.1,-61.033,40.907,-90.657,9.24,-120.456,-40.807,-90.557,-0.115,-36.806,,"아침땅_",-0.004,-17.665,,"즉석카레",-19.21,-45.563,,"_Gosomi",-4.466,-62.314,,"펜케이크",19.96,-42.148,,"muyang_",12.856,-61.471,,"AI",40.9,-90.65,,"うよすま",9.291,-120.43,,"AI",-40.8,-90.55,,,,,,,,,,,,,,,,,,,,,,,,,,,,,,,,,,,,,,,,,,,,,,,,,,,,,,,,"",3,0,"",4062.11,4065.353,,0,""
163,,7,0,1,4,1,1,0,1,1,1,10,14,12,75,4118.256,"-라후이-",R,14,76,114,2.176,-0.921,0.186,1.616,0.259,1.419,-36.436,8.501,70,30,0,1,390.434,312.348,32.262,0,0,0,1,L,"Amellaid",190,80,0.44,,38,W,Y,0,,,,,,,,,,,,,,,,,,,,,,,,,,,,0,0,,,,,,,,,,,,4123.875,4128.441,4121.151,,,,,,,,,,,,,,,,,,,,,,,,-0.018,-37.267,0.011,-17.619,-20.342,-47.357,-8.973,-62.19,19.666,-40.667,10.996,-60.097,40.915,-90.664,6.141,-119.912,-40.815,-90.564,,,,"",,,,"",,,,"",,,,"",,,,"",,,,"",,,,"",,,,"",,,,,,,,,,,,,,,,,,,,,,,,,,,,,,,,,,,,,,,,,,,,,,,,,,,,,,,,,,"",0,0,"",4121.226,4120.813,,0,""
164,,7,0,1,4,2,1,0,1,1,1,10,14,12,76,4129.538,"-라후이-",R,14,71,111,1.643,-0.396,0.116,1.735,0.014,1.758,-36.436,11.196,55,45,0,4,390.434,312.348,19.977,0,0,0,1,L,"Amellaid",190,80,0.44,,38,W,Y,1,,,,,,,,,,,,,,,,,,,,,,,,,,,,0,0,,,,,,,,,,,,4144.654,4133.028,4129.783,,,,,,,,,,,,,,,,,,,,,,,,-0.003,-37.472,0.006,-17.643,-20.248,-40.143,-8.991,-62.232,20.082,-41.281,11.194,-60.79,40.907,-90.657,7.066,-120.196,-40.807,-90.557,,,,"",,,,"",,,,"",,,,"",,,,"",,,,"",,,,"",,,,"",,,,,,,,,,,,,,,,,,,,,,,,,,,,,,,,,,,,,,,,,,,,,,,,,,,,,,,,,,"",0,0,"",4132.916,4132.192,,0,""
165,,7,0,1,4,2,2,0,1,1,1,10,14,12,77,4147.952,"-라후이-",R,10,62,95,0.056,-0.902,0.271,1.97,0.017,1.674,-36.436,29.041,100,0,0,0,0,400,1.722,-0.039,-17.409,0,1,L,"Amellaid",190,80,0.44,,38,W,Y,1,,,,,,,,,,,,,,,,,,,,,,,,,,,,0,0,,,,,,,,,,,,4158.386,4150.685,4170.145,4150.663,0,,578,0,,,,,,,,,,,,,,,,,,,0.026,-37.506,-0.003,-17.66,-20.384,-44.522,-5.928,-62.136,19.952,-41.282,12.664,-60.39,40.907,-90.657,7.632,-119.277,-40.807,-90.557,,,,"",,,,"",,,,"",,,,"",,,,"",,,,"",,,,"",,,,"",,,,,,,,,,,,,,,,,,,,,,,,,,,,,,,,,,,,,,,,,,,,,,,,,,,,,,,,,,"",0,0,"",4150.439,4150.689,,0,""
166,,7,0,1,4,0,0,1,1,1,1,10,14,12,78,4170.476,"-라후이-",R,26,83,135,1.088,0.66,0.21,1.856,0.536,1.83,-36.436,24.589,94,6,0,2,-48.808,-150,7.522,0,0,1,5,R,"CoalCat",174.6,83,0.397,3,37,W,Y,1,4171.584,255,62,109,79,38,145,81,113.343,49.948,0.204,1.196,-21.132,-1,0,0.445,470.433,-13.437,372.173,,,,,,,,,0,0,,,,,,,,,,,,4171.903,4174.297,4177.616,,,,,,,,,,,,,,,,,,,,,,,,-0.075,-37.466,-0.007,-17.616,-20.137,-42.628,-15.75,-61.976,20.308,-41.869,11.106,-60.558,40.922,-90.67,-5.448,-110.457,-40.822,-90.57,0.307,-36.816,,"아침땅_",-0.034,-17.632,,"즉석카레",-19.427,-46.915,,"_Gosomi",-15.762,-61.912,,"펜케이크",18.968,-43.401,,"muyang_",11.397,-60.97,,"AI",40.9,-90.65,,"うよすま",-5.453,-110.465,,"AI",-40.8,-90.55,,,,,,,,,,,,,,,,,,,,,,,,,,,,,,,,,,,,,,,,,,,,,,,,,,,,,,,,"",3,0,"",4174.051,4173.934,,0,""
167,,7,0,1,4,0,1,1,1,1,1,10,14,12,79,4210.781,"-라후이-",R,10,81,121,-0.196,-0.694,0.159,1.919,-0.091,1.673,-36.436,25.309,83,15,2,2,0.545,400,21.095,0,0,1,5,R,"CoalCat",174.6,83,0.397,3,36,W,Y,1,4211.833,255,124,73,78,38,145,126,25.321,-33.635,-0.025,0.839,-21.337,0.68,0,0.464,412.525,116.173,419.913,4212.608,63.093,-122.512,,,,,,0,0,,4216.777,4221.248,4228.528,4236.447,4217.54,4226.522,4234.837,4220.459,4225.238,4219.62,4212.427,4210.952,,,,,,,,,,,,,,,,,,,,,,,,,-0.087,-37.516,-0.017,-17.595,-19.648,-39.97,-14.635,-62.955,20.131,-40.823,11.422,-62.93,40.922,-90.671,-5.446,-113.417,-40.822,-90.571,0.133,-37.174,,"아침땅_",-0.043,-17.631,,"즉석카레",-19.695,-44.544,,"_Gosomi",-14.41,-62.972,,"펜케이크",20.177,-42.667,,"muyang_",11.51,-62.589,,"AI",40.9,-90.65,,"うよすま",-5.458,-113.418,,"AI",-40.8,-90.55,,,,,,,,,,,,,,,,,,,,,,,,,,,,,,,,,,,,,,,,,,,,,,,,,,,,,,,,"",4,0,"",4217.54,4220.459,4219.62,0,""
168,,7,0,1,8,0,0,1,0,0,0,255,255,255,80,4261.595,"-라후이-",R,27,82,133,5.492,-0.175,0.24,1.972,0.371,2.037,-36.436,40.036,88,12,0,2,14.466,-137.029,11.766,0,0,2,3,R,"ByeolBam",175,90,0.5,3,37,W,Y,1,4262.479,250,83,128,67,25,145,87,27.862,37.112,0.114,1.293,-20.48,-0.71,0,0.369,432.099,403.928,-100.662,4262.515,-50.865,-76.418,4263.075,8,-49.891,1.074,-75.491,0,0,,4268.17,,,,,,,,,,,,,4267.65,2,,456,0,,,,,,,,,,,,,,,,,,,-0.06,-37.536,-0.002,-17.519,-20.824,-48.319,-14.423,-62.606,21.989,-47.554,7.434,-53.143,40.915,-90.664,-3.595,-112.386,-40.815,-90.564,0.052,-36.884,,"아침땅_",-0.003,-17.505,,"즉석카레",-20.679,-48.138,,"_Gosomi",-14.764,-61.848,,"펜케이크",21.949,-47.55,,"muyang_",9.601,-57.357,89,"AI",40.9,-90.65,,"うよすま",-3.595,-112.386,,"AI",-40.8,-90.55,,4274.595,-1.886,-42.15,,,,,,,,,,,,,4272.148,-0.856,-60.648,,,,,,,,,,,,,,,,,,,,,,,,,4273.539,-0.409,-58.561,,,,,,,,,,"",1,0,"AI",,,,34,""
169,,7,0,1,8,0,0,2,0,0,0,255,255,255,81,4284.876,"-라후이-",R,26,87,140,0.803,1.57,0.154,1.933,0.351,2.402,-36.436,38.301,88,12,0,1,-4.711,-150,8.667,0,0,3,2,R,"레이나2",180.3,80.17,0.398,,37,W,Y,0,,,,,,,,,,,,,,,,,,,,,,,,,,,,0,0,,,,,,,,,,,,,,,,,,,,,,,,,,,,,,,,,,,,,,-0.088,-37.344,0,-17.491,-20.61,-48.15,-17.514,-61.158,21.179,-46.837,7.899,-59.623,40.908,-90.657,-7.931,-116.02,-40.808,-90.557,,,,"",,,,"",,,,"",,,,"",,,,"",,,,"",,,,"",,,,"",,,,4289.419,0.017,-37.797,,,,,,,,,,,,,,,,,,,,,,,,,,,,,,,,,,,,,,,,,,,,,,,,,,,,"",0,0,"",,,,0,""
170,,7,0,1,8,1,0,2,0,0,0,255,255,255,82,4296.657,"-라후이-",R,26,94,140,0.142,-0.354,0.038,1.535,0.093,1.262,-36.436,7.363,62,38,0,2,-24.424,-150,11.77,0,0,3,2,R,"레이나2",180.3,80.17,0.398,3,37,W,Y,1,4297.774,162,64,105,67,26,145,99,46.11,24.87,0.025,0.829,-20.136,-0.19,0,0.095,579.497,149.851,41.565,4298.995,-36.235,-86.996,4299.354,8,-35.289,2.714,-85.273,0,0,,,,,,,,,,,,,,,4303.961,3,,456,0,,,,,,,,,,,,,,,,,,,-0.156,-37.232,0.001,-17.506,-20.748,-47.993,-17.122,-61.272,20.994,-47.232,12.431,-61.358,40.907,-90.657,-7.594,-113.862,-40.807,-90.557,-0.258,-36.608,,"아침땅_",-0.015,-17.506,,"즉석카레",-20.663,-47.874,,"_Gosomi",-17.018,-61.27,,"펜케이크",20.937,-47.196,,"muyang_",12.398,-61.373,,"AI",40.9,-90.65,,"うよすま",-7.541,-113.88,,"AI",-40.8,-90.55,,,,,,,,,,,,,,,,,,,,,,,,,,,,,,,,,,,,,,,,,,,,,,,,,,,,,,,,"",1,0,"AI",,,,0,""
171,SIDE,7,0,1,8,0,0,2,0,0,0,255,255,255,,4309.759,,,,,,,,,,,,,,,,,,,,,,,4,,,,,,,,,,,,,,,,,,,,,,,,,,,,,,,,,,,,,,,0,0,,,,,,,,,,,,,,,,,,,,,,,,,,,,,,,,,,,,,,,,,,,,,,,,,,,,,,,,,,,,,,,,,,,,,,,,,,,,,,,,,,,,,,,,,,,,,,,,,,,,,,,,,,,,,,,,,,,,,,,,,,,,,,,,,,,,,,,,,,,,,,,,,"",0,0,"",,,,0,""
172,,8,1,1,8,0,0,0,0,0,0,255,255,255,74,4369.174,"Amellaid",R,32,84,136,-0.497,-0.042,0.097,1.587,-0.478,1.45,-36.516,29.061,56,44,0,0,187.098,-150,11.276,0,0,4,1,R,"아침땅_",190,94.936,0.502,,36,W,Y,1,,,,,,,,,,,,,,,,,,,,,,,,,,,,0,0,,,,,,,,,,,,,,,,,,,,,,,,,,,,,,,,,,,,,,-0.287,-37.17,-0.055,-16.372,-20.861,-46.661,-14.57,-64.002,23.659,-53.097,8.651,-64.32,40.937,-90.684,0,-109.88,-40.837,-90.584,,,,"",,,,"",,,,"",,,,"",,,,"",,,,"",,,,"",,,,"",,,,,,,,,,,,,,,,,,,,,,,,,,,,,,,,,,,,,,,,,,,,,,,,,,,,,,,,,,"",0,0,"",,,,0,""
173,,8,1,1,8,0,1,0,0,0,0,255,255,255,75,4382.785,"Amellaid",R,32,84,137,-0.157,-0.795,0.261,1.501,0.282,1.17,-36.516,26.437,47,53,0,2,150.573,-150,1.166,0,0,4,1,R,"아침땅_",190,94.936,0.502,3,36,W,Y,1,4383.797,133,94,147,87,33,141,127,12.675,15.759,0.133,0.774,-20.401,0.68,0.095,0.364,-513.494,234.378,203.448,4381.102,-20.387,-84.967,4385.941,8,-31.675,0.057,-122.116,1,0,,4389.681,4394.429,,,,,,,,,,,,,,,,,,,,,,,,,,,,,,,,,,,-0.055,-37.233,-0.029,-17.561,-20.837,-46.719,-14.559,-64.071,22.366,-52.092,8.881,-64.233,40.915,-90.664,0,-109.85,-40.815,-90.564,-0.075,-36.942,,"ddil_ddil69",-0.048,-17.594,,"레이나2",-20.438,-46.738,,"ByeolBam",-14.571,-63.941,,"yumi2012",22.381,-52.072,,"CoalCat",8.917,-64.094,66,"AI",40.9,-90.65,,"AI",0,-109.84,,"AI",-40.8,-90.55,,4400.831,0.186,-38.732,,,,,,,,,,,,,4395.685,0.05,-59.697,,,,,,,,,,,,,,,,,,,,,,,,,4399.444,1.932,-57.953,,,,,,,,,,"",2,0,"AI",4394.429,,,34,""
174,,8,1,1,8,0,0,0,0,1,0,255,1,255,76,4413.079,"Amellaid",R,0,70,108,0.491,0.112,0.283,1.67,0.256,1.698,-36.516,40.267,59,41,0,2,-27.352,5.15,-0.729,0,0,5,0,L,"-라후이-",190,87,0.498,3,37,W,Y,1,4414.088,192,98,71,64,47,142,124,92.801,80.746,0.097,1.097,-20.846,0.72,0,0.494,276.356,-273.679,-456.867,,,,,,,,,0,0,,,,,,,,,,,,,4427.333,,,,,,,,,,,,,,,,,,,,,,,,,-0.298,-37.046,0.024,-17.761,-20.647,-47.078,-11.087,-64.975,23.364,-52.619,11.984,-61.835,40.915,-90.664,0,-109.859,-40.815,-90.564,-0.229,-37.157,,"ddil_ddil69",0.017,-17.942,,"레이나2",-20.313,-47.069,,"ByeolBam",-11.093,-64.993,,"yumi2012",23.327,-52.574,,"CoalCat",11.962,-61.566,,"AI",40.9,-90.65,,"AI",0,-109.84,,"AI",-40.8,-90.55,,,,,,,,,,,,,,,,,,,,,,,,,,,,,,,,,,,,,,,,,,,,,,,,,,,,,,,,"",3,0,"",4416.925,,,0,""
175,,8,1,1,8,0,1,0,0,1,0,255,1,255,77,4429.431,"Amellaid",R,10,74,105,-0.487,-0.839,0.166,1.607,-0.106,1.562,-36.516,23.995,58,42,0,0,-57.221,339.127,2.822,0,0,5,0,L,"-라후이-",190,87,0.498,,37,W,Y,1,,,,,,,,,,,,,,,,,,,,,,,,,,,,0,0,,,,,,,,,,,,,4445.08,,,,,,,,,,,,,,,,,,,,,,,,,-0.212,-37.181,0.021,-17.535,-20.842,-46.972,-9.357,-63.653,22.578,-51.372,12.341,-60.723,40.907,-90.657,0,-109.85,-40.807,-90.557,,,,"",,,,"",,,,"",,,,"",,,,"",,,,"",,,,"",,,,"",,,,,,,,,,,,,,,,,,,,,,,,,,,,,,,,,,,,,,,,,,,,,,,,,,,,,,,,,,"",0,0,"",4432.445,,,0,""
176,,8,1,1,8,0,2,0,0,1,0,255,1,255,78,4446.186,"Amellaid",R,5,64,102,3.045,1.045,0.58,1.888,1.503,2.28,-36.516,73.957,96,4,0,1,-96.028,0,-0.463,0.328,-8.887,5,0,L,"-라후이-",190,87,0.498,,37,W,Y,0,,,,,,,,,,,,,,,,,,,,,,,,,,,,0,0,,,,,,,,,,,,,4460.27,,,,,,,,,,,,,,,,,,,,,,,,,-0.069,-37.308,0.038,-17.83,-20.904,-47.502,-9.199,-63.889,22.744,-52.314,12.825,-60.669,40.907,-90.657,0,-109.85,-40.807,-90.557,,,,"",,,,"",,,,"",,,,"",,,,"",,,,"",,,,"",,,,"",,,,,,,,,,,,,,,,,,,,,,,,,,,,,,,,,,,,,,,,,,,,,,,,,,,,,,,,,,"",0,0,"",4449.025,,,0,""
177,,8,1,1,8,1,2,0,0,1,0,255,1,255,79,4461.077,"Amellaid",R,38,34,94,14.794,6.483,0.563,1.931,6.429,4.122,-36.516,101.438,95,5,0,1,0,0,0,5.225,-6.366,5,0,L,"-라후이-",190,87,0.498,,37,W,Y,0,,,,,,,,,,,,,,,,,,,,,,,,,,,,0,0,,,,,,,,,4466.991,,,,,,,,,,,,,,,,,,,,,,,,,,,,,-0.225,-37.025,0.021,-17.826,-20.814,-47.052,-8.636,-63.3,21.797,-51.846,11.912,-56.518,40.9,-90.65,0,-109.84,-40.8,-90.55,,,,"",,,,"",,,,"",,,,"",,,,"",,,,"",,,,"",,,,"",,,,,,,,,,,,,,,,,,,,,,,,,,,,,,,,,,,,,,,,,,,,,,,,,,,,,,,,,,"",0,0,"",,4466.991,,0,""
178,,8,1,1,8,2,2,0,0,0,1,255,255,1,80,4483.25,"Amellaid",R,26,83,135,-0.863,-0.032,0.088,1.589,-0.52,1.457,-36.516,29.063,58,42,0,0,100.296,-150,1.024,-0.171,-18.762,5,0,L,"-라후이-",190,87,0.498,,37,W,Y,1,,,,,,,,,,,,,,,,,,,,,,,,,,,,0,0,,,,,,,,,,,,,,4484.319,4491.093,5,,147,1,,,,,,,,,,,,,,,,,4486.592,1,-0.351,-37.174,0.075,-17.752,-20.37,-46.755,-11.123,-65.059,21.23,-48.98,11.13,-59.107,40.915,-90.664,0,-109.85,-40.815,-90.564,,,,"",,,,"",,,,"",,,,"",,,,"",,,,"",,,,"",,,,"",,,,,,,,,,,,,,,,,,,,,,,,,,,,,,,,,,,,,,,,,,,,,,,,,,,,,,,,,,"",0,0,"",,4485.456,,0,""
179,,8,1,1,8,0,0,1,0,0,1,255,255,1,81,4510.06,"Amellaid",R,38,33,94,20.936,6.949,0.5,1.856,9.114,4.495,-36.516,109.187,96,4,0,4,2.431,-0.887,0.345,7.913,-6.584,6,4,L,"펜케이크",190,95.157,0.45,,37,W,Y,1,,,,,,,,,,,,,,,,,,,,,,,,,,,,0,64,,,,,,,,,,,4516.584,,,4510.947,,,,,,,,,,,,,,,,,,,,,,,,-0.226,-36.996,0.032,-17.642,-20.519,-47.208,-7.796,-65.047,21.329,-48.636,12.477,-61.279,40.915,-90.664,0,-109.86,-40.815,-90.564,,,,"",,,,"",,,,"",,,,"",,,,"",,,,"",,,,"",,,,"",,,,,,,,,,,,,,,,,,,,,,,,,,,,,,,,,,,,,,,,,,,,,,,,,,,,,,,,,,"",0,0,"",,,4516.584,0,""
180,,8,1,2,8,0,1,1,0,0,0,255,255,255,82,4537.181,"Amellaid",R,26,80,130,-1.576,-0.599,0.016,1.477,-0.857,1.094,-36.516,17.08,50,50,0,1,115.5,-150,10.429,0,0,6,4,L,"펜케이크",190,95.157,0.45,,37,W,Y,0,,,,,,,,,,,,,,,,,,,,,,,,,,,,0,0,,,,,,,,,,,,,,,,,,,,,,,,,,,,,,,,,,,,,,-0.246,-37.125,0.04,-17.597,-20.612,-46.695,-10.185,-65.112,22.184,-50.425,10.336,-60.71,40.907,-90.657,0,-109.85,-40.807,-90.557,,,,"",,,,"",,,,"",,,,"",,,,"",,,,"",,,,"",,,,"",,,,,,,,,,,,,,,,,,,,,,,,,,,,,,,,,,,,,,,,,,,,,,,,,,,,,,,,,,"",0,0,"",,,,0,""
181,,8,1,2,8,1,1,1,0,0,0,255,255,255,83,4549.932,"Amellaid",R,26,77,128,1.048,1.001,0.257,1.786,0.265,2.093,-36.516,41.473,100,0,0,2,122.311,-150,-9.502,0,0,6,4,L,"펜케이크",190,95.157,0.45,3,37,W,Y,1,4551.158,231,76,184,41,3,145,112,21.573,-10.191,0.194,1.398,-20.323,0.1,0,0.627,364.654,455.764,-138.949,4551.115,8.934,-120.857,4551.288,7,8.975,1.92,-117.903,0,0,,4557.026,,,,,,,,,,,,,4556.294,6,,456,0,,,,,,,,,,,,,4562.009,3,,,,,-0.219,-37.245,0.097,-17.591,-20.49,-46.998,-9.846,-64.968,21.07,-48.918,10.977,-61.151,40.907,-90.657,0,-109.85,-40.807,-90.557,-0.188,-37.146,,"ddil_ddil69",0.418,-17.681,,"레이나2",-20.196,-46.984,,"ByeolBam",-9.834,-64.922,92,"yumi2012",21.077,-48.915,,"CoalCat",10.831,-60.106,,"AI",40.9,-90.65,,"AI",0,-109.84,,"AI",-40.8,-90.55,,4563.398,0.077,-38.346,,,,,,,4561.105,-0.012,-59.611,,,,,,,,,,,,,,,,,,,,,,,,,4562.386,-0.219,-55.909,,,,,,,,,,,,,,,,"",1,0,"AI",,,,36,""
182,,8,1,2,8,0,0,2,0,0,0,255,255,255,84,4575.538,"Amellaid",R,3,60,94,1.189,0.839,0.564,1.947,1.082,2.378,-36.516,64.202,98,2,0,0,-261.724,159.368,0.501,0,0,0,3,R,"_Gosomi",175.2,85.368,0.474,,37,W,Y,0,,,,,,,,,,,,,,,,,,,,,,,,,,,,0,0,,,,,,,,,,,,,,,,,,,,,,,,,,,,,,,,,,,,,,-0.101,-37.313,0.025,-17.711,-20.755,-46.953,-14.27,-64.22,23.406,-53.098,7.716,-64.245,40.915,-90.664,0,-109.86,-40.815,-90.564,,,,"",,,,"",,,,"",,,,"",,,,"",,,,"",,,,"",,,,"",,,,4580.705,-0.33,-37.78,,,,,,,,,,,,,,,,,,,,,,,,,,,,,,,,,,,,,,,,,,,,,,,,,,,,"",0,0,"",,,,0,""
183,,8,1,2,8,0,1,2,0,0,0,255,255,255,85,4590.462,"Amellaid",R,5,60,99,2.92,0.877,0.644,1.829,1.444,2.129,-36.516,69.28,97,3,0,1,-90.989,0,-0.321,0,0,0,3,R,"_Gosomi",175.2,85.368,0.474,,37,W,Y,0,,,,,,,,,,,,,,,,,,,,,,,,,,,,0,0,,,,,,,,,,,,,,,,,,,,,,,,,,,,,,,,,,,,,,-0.073,-37.142,-0.057,-17.8,-20.964,-46.865,-14.303,-64.111,23.363,-53.032,8.488,-63.748,40.915,-90.664,0,-109.85,-40.815,-90.564,,,,"",,,,"",,,,"",,,,"",,,,"",,,,"",,,,"",,,,"",,,,4596.145,-0.098,-37.894,,,,,,,,,,,,,,,,,,,,,,,,,,,,,,,,,,,,,,,,,,,,,,,,,,,,"",0,0,"",,,,0,""
184,,8,1,2,8,1,1,2,0,0,0,255,255,255,86,4604.696,"Amellaid",R,26,81,132,-1.422,-1.142,0.029,1.405,-0.793,0.793,-36.516,15.888,50,50,0,1,119.438,-150,5.885,-0.201,-17.863,0,3,R,"_Gosomi",175.2,85.368,0.474,,37,W,Y,0,,,,,,,,,,,,,,,,,,,,,,,,,,,,0,0,,,,,,,,,,,,,,,,,,,,,,,,,,,,,,,,,,,,,,-0.189,-37.098,0.034,-18.022,-20.985,-46.823,-14.313,-64.2,23.315,-53.093,8.5,-63.636,40.907,-90.657,0,-109.85,-40.807,-90.557,,,,"",,,,"",,,,"",,,,"",,,,"",,,,"",,,,"",,,,"",,,,4611.264,-0.283,-37.737,,,,,,,,,,,,,,,,,,,,,,,,,,,,,,,,,,,,,,,,,,,,,,,,,,,,"",0,0,"",,,,0,""
185,,8,1,2,8,2,1,2,0,0,0,255,255,255,87,4618.41,"Amellaid",R,27,81,132,1.425,0.394,0.301,1.659,0.471,1.685,-36.516,31.269,59,41,0,2,97.618,-145.038,-1.154,0,0,0,3,R,"_Gosomi",175.2,85.368,0.474,3,37,W,Y,1,4619.568,162,33,116,94,66,145,83,93.114,-52.373,0.266,1.042,-19.984,-0.94,0,0.372,516.362,83.106,-294.047,4620.741,-2.965,-9.254,4621.128,1,-2.846,2.709,-9.399,0,0,,,,,,,,,,,,,,,4626.019,0,,450,0,,,,,,,,,,,,,,,,,,,-0.155,-37.014,0.035,-17.511,-20.836,-46.88,-14.456,-63.877,23.417,-53.035,8.576,-63.661,40.907,-90.657,0,-109.85,-40.807,-90.557,-0.116,-37.331,,"ddil_ddil69",0.102,-17.49,,"레이나2",-20.56,-46.823,,"ByeolBam",-14.449,-63.866,,"yumi2012",23.34,-53.049,,"CoalCat",8.562,-63.518,,"AI",40.9,-90.65,,"AI",0,-109.84,,"AI",-40.8,-90.55,,,,,4626.034,-2.784,-9.164,,,,,,,,,,,,,,,,,,,,,,,,,,,,,,,,,,,,,,,,,,,,,,,,,"",1,1,"ddil_ddil69",,,,1,""
186,BK,8,1,2,8,0,0,2,0,0,0,255,255,255,,4624.968,,,,,,,,,,,,,,,,,,,,,,,0,,,,,,,,,,,,,,,,,,,,,,,,,,,,,,,,,,,,,,,0,0,,,,,,,,,,,,,,,,,,,,,,,,,,,,,,,,,,,,,,,,,,,,,,,,,,,,,,,,,,,,,,,,,,,,,,,,,,,,,,,,,,,,,,,,,,,,,,,,,,,,,,,,,,,,,,,,,,,,,,,,,,,,,,,,,,,,,,,,,,,,,,,,,"",0,0,"",,,,0,""
187,SIDE,8,1,2,8,0,0,2,0,0,0,255,255,255,,4630.92,,,,,,,,,,,,,,,,,,,,,,,1,,,,,,,,,,,,,,,,,,,,,,,,,,,,,,,,,,,,,,,0,0,,,,,,,,,,,,,,,,,,,,,,,,,,,,,,,,,,,,,,,,,,,,,,,,,,,,,,,,,,,,,,,,,,,,,,,,,,,,,,,,,,,,,,,,,,,,,,,,,,,,,,,,,,,,,,,,,,,,,,,,,,,,,,,,,,,,,,,,,,,,,,,,,"",0,0,"",,,,0,""
188,,8,0,2,8,0,0,0,0,0,0,255,255,255,83,4665.562,"-라후이-",R,13,71,112,-0.831,-0.806,0.18,1.73,-0.116,1.689,-36.436,19.361,100,0,0,2,-174.404,400,0.232,0,0,4,4,R,"yumi2012",174.1,85.003,0.5,3,37,W,Y,1,4666.747,241,176,74,79,44,145,81,19.706,61.497,-0.168,0.749,-20.935,1,0,0.689,-70.223,92.007,588.73,4663.021,-25.714,-34.499,,,,,,0,0,,,,,,,,,,,,,,,,,,,,,,,,,,,,,,,,,,,,,,-0.022,-37.327,0.009,-17.59,-20.797,-48.969,-17.037,-62.472,21.856,-46.708,13.352,-64.809,40.922,-90.671,-3.051,-112.23,-40.822,-90.571,-0.273,-36.716,,"아침땅_",-0.022,-17.586,,"즉석카레",-20.882,-48.333,,"_Gosomi",-17.086,-62.44,,"펜케이크",21.778,-46.893,,"muyang_",12.691,-65.282,,"AI",40.9,-90.65,,"うよすま",-4.864,-111.346,,"AI",-40.8,-90.55,,,,,,,,,,,,,,,,,,,,,,,,,,,,,,,,,,,,,,,,,,,,,,,,,,,,,,,,"",3,0,"",,,,0,""
189,,8,0,2,8,0,1,0,0,0,0,255,255,255,84,4682.606,"-라후이-",R,10,85,127,0.142,-0.781,0.191,1.941,0.056,1.595,-36.436,36.382,87,13,0,2,0,400,14.269,0,0,4,4,R,"yumi2012",174.1,85.003,0.5,3,37,W,Y,1,4683.769,255,93,111,61,32,145,120,-30,-37.493,0.023,0.64,-20.115,0.76,0,0.606,206.67,535.392,-175.05,4678.608,0.789,-21.118,4680.195,4,19.493,1.825,-45.741,1,0,,4689.098,,,,,,,,,,,,,,,,,,,,,,,,,,,,,,,,,,,,-0.06,-37.444,0,-17.568,-20.68,-47.886,-16.28,-61.076,22.004,-46.457,12.985,-64.246,40.915,-90.664,-6.474,-112.541,-40.815,-90.564,-0.436,-36.85,,"아침땅_",-0.051,-17.587,,"즉석카레",-20.797,-48.307,,"_Gosomi",-16.118,-61.083,88,"펜케이크",21.994,-46.721,86,"muyang_",13.008,-64.366,,"AI",40.9,-90.65,,"うよすま",-6.433,-112.571,,"AI",-40.8,-90.55,,4694.511,-0.056,-41.286,,,,,,,4688.747,-2.928,-59.839,4685.371,20.466,-46.812,,,,,,,,,,,,,,,,,,,,,,4693.515,-1.173,-58.143,4687.304,19.371,-48.023,,,,,,,,,,,,,"4:+1",2,0,"펜케이크",,,,97,""
190,,8,0,2,8,0,0,0,1,0,0,14,255,255,85,4714.983,"-라후이-",R,28,80,130,0.57,-0.814,0.21,1.793,0.287,1.042,-36.436,23.359,93,7,0,2,-31.053,-71.989,7.776,0,0,4,1,R,"ddil_ddil69",175.8,89.974,0.401,3,37,W,Y,1,4716.14,164,82,53,64,51,136,77,21.308,50.699,-0.126,0.748,-20.226,1,0,0.502,80.873,544.996,237.569,4713.195,-32.783,-43.062,,,,,,0,0,,4750.05,,,,,,,,,,4763.649,,,,,,,,,,,,,,,,,,,,,,,,,,-0.063,-37.27,-0.002,-17.56,-19.586,-40.43,-11.915,-59.693,22.662,-47.879,8.135,-60.436,40.922,-90.67,-5.521,-110.086,-40.822,-90.571,0.223,-36.614,,"아침땅_",-0.024,-17.577,,"즉석카레",-18.857,-44.235,,"_Gosomi",-11.813,-59.663,,"펜케이크",22.356,-48.181,,"muyang_",8.573,-60.134,,"AI",40.9,-90.65,,"うよすま",-5.42,-110.354,,"AI",-40.8,-90.55,,,,,,,,,,,,,,,,,,,,,,,,,,,,,,,,,,,,,,,,,,,,,,,,,,,,,,,,"",3,0,"",,,,0,""
191,,8,0,2,8,0,1,0,1,0,0,14,255,255,86,4770.944,"-라후이-",R,27,86,140,0.689,-0.114,0.197,1.758,0.338,1.408,-36.436,14.436,87,13,0,0,-33.36,-131.475,15.612,0,0,5,1,R,"ddil_ddil69",175.8,89.974,0.401,,42,W,Y,1,,,,,,,,,,,,,,,,,,,,,,,,,,,,0,0,,,,,,,,,,,,4783.945,,,,,,,,,,,,,,,,,,,,,,,,,,0.029,-37.474,0.007,-17.6,-20.742,-42.395,-16.196,-60.727,22.122,-47.282,10.254,-60.937,40.952,-90.698,-6.423,-111.623,-40.852,-90.598,,,,"",,,,"",,,,"",,,,"",,,,"",,,,"",,,,"",,,,"",,,,,,,,,,,,,,,,,,,,,,,,,,,,,,,,,,,,,,,,,,,,,,,,,,,,,,,,,,"",0,0,"",,,,0,""
192,,8,0,2,8,0,2,1,0,0,0,255,255,255,87,4815.631,"-라후이-",R,10,73,115,-0.575,-0.756,0.186,1.771,-0.255,1.68,-36.436,17.904,100,0,0,2,0,400,6.413,0,0,5,1,R,"ddil_ddil69",175.8,89.974,0.401,3,42,W,Y,1,4816.84,226,37,97,52,28,145,103,110.853,-21.695,-0.103,0.72,-20.593,0.91,0,0.568,308.998,220.022,464.877,,,,,,,,,0,0,,,,,,,,,,,,,,,,,,,,,,,,,,,,,,,,,,,,,,0.026,-37.256,-0.012,-17.534,-20.6,-47.852,-16.618,-60.734,23.585,-49.056,11.699,-62.303,40.922,-90.671,-4.98,-112.427,-40.822,-90.571,0.126,-36.859,,"아침땅_",-0.043,-17.536,,"즉석카레",-20.619,-47.859,,"_Gosomi",-16.579,-60.647,,"펜케이크",23.585,-49.056,,"muyang_",11.689,-62.308,,"AI",40.9,-90.65,,"うよすま",-4.957,-112.416,,"AI",-40.8,-90.55,,,,,,,,,,,,,,,,,,,,,,,,,,,,,,,,,,,,,,,,,,,,,,,,,,,,,,,,"",3,0,"",,,,0,""
193,,8,0,2,8,0,2,1,0,0,0,255,255,255,88,4832.878,"-라후이-",R,10,70,100,-0.891,-1.595,0.122,1.658,-0.391,1.318,-36.436,11.202,70,30,0,4,0,400,3.342,0,0,5,1,R,"ddil_ddil69",175.8,89.974,0.401,,42,W,Y,1,,,,,,,,,,,,,,,,,,,,,,,,,,,,0,32,,,,,,,,,,,,,,,4835.851,5,,578,0,,,,,,,,,,,,,,,,,4835.773,1,-0.049,-37.189,-0.004,-17.598,-20.567,-47.167,-17.71,-61.331,23.466,-48.836,12.611,-63.241,40.915,-90.664,-6.066,-112.431,-40.815,-90.564,,,,"",,,,"",,,,"",,,,"",,,,"",,,,"",,,,"",,,,"",,,,,,,,,,,,,,,,,,,,,,,,,,,,,,,,,,,,,,,,,,,,,,,,,,,,,,,,,,"",0,0,"",,,,0,""
194,,8,0,2,8,0,0,2,0,0,0,255,255,255,89,4852.721,"-라후이-",R,14,62,92,2.292,-1.17,0.247,1.838,0.29,1.433,-36.436,23.973,100,0,0,4,308.324,337.785,13.07,0.565,-17.817,0,0,L,"Amellaid",190,80,0.44,,37,W,Y,1,,,,,,,,,,,,,,,,,,,,,,,,,,,,0,0,,,,,,,,,,,,,,,,,,,,,,,,,,,,,,,,,,,,,,0.052,-37.391,0.007,-17.597,-20.938,-48.161,-16.064,-62.957,23.494,-48.791,14.119,-63.205,40.915,-90.664,6.959,-114.643,-40.815,-90.564,,,,"",,,,"",,,,"",,,,"",,,,"",,,,"",,,,"",,,,"",,,,,,,,,,,,,,,,,,,,,,,,,,,,,,,,,,,,,,,,,,,,,,,,,,,,,,,,,,"",0,0,"",,,,0,""
195,,8,0,2,8,0,1,2,0,0,0,255,255,255,90,4865.484,"-라후이-",R,10,60,93,0.666,-1.059,0.354,1.901,0.28,1.594,-36.436,30.152,100,0,0,2,0,400,-5.457,0,0,0,0,L,"Amellaid",190,80,0.44,3,37,W,Y,1,4866.525,255,112,108,74,42,145,129,-0.577,16.078,0.11,0.696,-20.934,0.28,0,0.54,238.691,-243.016,-493.933,4861.688,-5.046,-39.334,4862.795,3,-10.076,0.054,-59.239,0,0,,4871.981,,,,,,,,,,,,,4872.082,0,,147,1,,,,,,,,,,,4871.393,2,,,,,,,0.071,-37.404,0.017,-17.573,-21.06,-47.961,-15.597,-62.959,23.535,-48.73,14.263,-62.932,40.907,-90.657,5.648,-114.867,-40.808,-90.557,-0.248,-36.8,,"아침땅_",0.023,-17.635,,"즉석카레",-20.725,-48.149,,"_Gosomi",-15.158,-62.531,89,"펜케이크",23.474,-48.776,,"muyang_",14.326,-63.029,,"AI",40.9,-90.65,,"うよすま",5.682,-114.84,,"AI",-40.8,-90.55,,,,,,,,4870.958,-18.973,-39.385,4868.16,-10.744,-60.072,,,,,,,,,,,,,,,,,,,,,,,,,4869.89,-11.432,-56.495,,,,,,,,,,,,,,,,"",2,0,"_Gosomi",,,,5,""
196,SIDE,8,0,2,8,0,0,2,0,0,0,255,255,255,,4873.249,,,,,,,,,,,,,,,,,,,,,,,1,,,,,,,,,,,,,,,,,,,,,,,,,,,,,,,,,,,,,,,0,0,,,,,,,,,,,,,,,,,,,,,,,,,,,,,,,,,,,,,,,,,,,,,,,,,,,,,,,,,,,,,,,,,,,,,,,,,,,,,,,,,,,,,,,,,,,,,,,,,,,,,,,,,,,,,,,,,,,,,,,,,,,,,,,,,,,,,,,,,,,,,,,,,"",0,0,"",,,,0,""
197,,9,1,2,8,0,0,0,0,0,0,255,255,255,88,4908.74,"Amellaid",R,27,80,130,0.883,1.077,0.251,1.777,0.238,2.109,-36.516,41.206,97,3,0,2,95.625,-131.393,0.01,0,0,1,5,R,"muyang_",171.9,80,0.498,5,37,W,Y,1,4909.771,255,255,242,60,15,145,84,13.656,-73.709,0.164,1.26,-20.07,-0.97,0,0.241,-220.619,462.642,311.914,4907.195,50.243,-38.86,,,,,,0,0,,,,,,,,,,,,,,,,,,,,,,,,,,,,,,,,,,,,,,-0.271,-37.156,0.023,-17.734,-20.88,-47.065,-13.735,-64.379,23.068,-54.297,8.845,-64.331,40.907,-90.657,0,-109.84,-40.807,-90.557,-0.03,-37.235,,"ddil_ddil69",0.09,-17.77,,"레이나2",-20.69,-46.988,,"ByeolBam",-13.732,-64.333,,"yumi2012",22.887,-54.207,,"CoalCat",8.854,-64.204,,"AI",40.9,-90.65,,"AI",0,-109.84,,"AI",-40.8,-90.55,,,,,,,,,,,,,,,,,,,,,,,,,,,,,,,,,,,,,,,,,,,,,,,,,,,,,,,,"",3,0,"",,,,0,""
198,,9,1,2,8,0,1,0,0,0,0,255,255,255,89,4925.128,"Amellaid",R,26,73,124,0.984,1.733,0.28,1.863,0.373,2.417,-36.516,36.411,100,0,0,1,30.182,-150,-8.384,0,0,1,5,R,"muyang_",171.9,80,0.498,,37,W,Y,0,,,,,,,,,,,,,,,,,,,,,,,,,,,,0,0,,,,,,,,,,,,,,,,,,,,,,,,,,,,,,,,,,,,,,-0.197,-37.219,0.02,-17.75,-21.531,-47.829,-14.5,-64.381,23.487,-53.825,8.995,-63.86,40.907,-90.657,0,-109.85,-40.807,-90.557,,,,"",,,,"",,,,"",,,,"",,,,"",,,,"",,,,"",,,,"",,,,,,,,,,,,,,,,,,,,,,,,,,,,,,,,,,,,,,,,,,,,,,,,,,,,,,,,,,"",0,0,"",,,,0,""
199,,9,1,2,8,1,1,0,0,0,0,255,255,255,90,4940.953,"Amellaid",R,26,82,133,-2.181,1.077,0.225,1.542,0.115,1.266,-36.516,21.927,58,42,0,2,116.198,-150,-0.896,0,0,1,5,R,"muyang_",171.9,80,0.498,0,37,W,Y,1,4941.919,255,209,127,12,52,144,85,-18.067,-20.912,0.123,0.796,-20.043,-1,0,0.233,340.718,493.417,-21.23,4936.608,0.956,-22.249,4939.181,5,15.387,0.059,-58.82,0,0,,4947.351,,,,,,,,,,,,,4947.641,1,,147,2,,,,,,,,,,,,,,,,,,,-0.146,-37.183,-0.043,-17.618,-21.641,-47.819,-14.534,-64.294,23.505,-53.845,9.12,-64.108,40.915,-90.664,0,-109.85,-40.815,-90.564,0.028,-37.17,,"ddil_ddil69",-0.048,-17.828,,"레이나2",-21.347,-47.788,85,"ByeolBam",-14.54,-64.309,,"yumi2012",23.489,-53.761,,"CoalCat",9.146,-63.956,107,"AI",40.9,-90.65,,"AI",0,-109.84,,"AI",-40.8,-90.55,,4951.179,-1.128,-38.454,,,,4947.112,-17.799,-40.801,,,,,,,4944.643,15.375,-59.827,,,,,,,,,,,,,,,,4950.179,-17.938,-39.896,,,,,,,4945.548,11.255,-58.207,,,,,,,,,,"",2,0,"CoalCat",,,,11,""
200,,9,1,2,8,0,0,1,0,0,0,255,255,255,91,4966.61,"Amellaid",R,13,73,101,0.465,-0.547,0.444,1.763,0.756,1.918,-36.516,38.954,100,0,0,0,-279.213,396.897,-0.917,0.518,-19.435,2,2,R,"즉석카레",174.9,92.596,0.402,,37,W,Y,0,,,,,,,,,,,,,,,,,,,,,,,,,,,,0,0,,,,,,,,,,,,,,,,,,,,,,,,,,,,,,,,,,,,,,-0.114,-37.148,-0.034,-17.663,-20.659,-46.84,-13.87,-63.922,22.64,-53.968,10.17,-63.981,40.922,-90.67,0,-109.86,-40.822,-90.57,,,,"",,,,"",,,,"",,,,"",,,,"",,,,"",,,,"",,,,"",,,,4977.087,-0.223,-37.423,,,,,,,,,,,,,,,,,,,,,,,,,,,,,,,,,,,,,,,,,,,,,,,,,,,,"",0,0,"",,,,0,""
201,,9,1,2,8,0,1,1,0,0,0,255,255,255,92,4986.356,"Amellaid",R,4,71,106,1.648,0.758,0.536,1.82,1.042,2.052,-36.516,42.943,100,0,0,2,-177.31,0,1.278,0,0,2,2,R,"즉석카레",174.9,92.596,0.402,3,37,W,Y,1,4987.512,210,157,80,102,41,145,97,47.164,-5.749,0.346,1.447,-21.378,-0.18,0,0.174,-3.204,131.203,585.47,4987.662,0.36,-91.809,4987.808,7,0.311,2.384,-90.219,0,0,,4993.457,,,,,,,,,,,,,4993.329,2,,456,0,,,,,,,,,,,,,4997.809,3,,,,,-0.037,-37.214,0.018,-17.721,-20.721,-47.011,-13.895,-63.957,22.636,-53.959,10.177,-63.876,40.915,-90.664,0,-109.85,-40.815,-90.564,0.123,-37.255,,"ddil_ddil69",0.295,-17.773,,"레이나2",-20.51,-46.934,,"ByeolBam",-13.888,-63.932,73,"yumi2012",22.616,-53.876,,"CoalCat",10.17,-63.834,,"AI",40.9,-90.65,,"AI",0,-109.84,,"AI",-40.8,-90.55,,4999.517,0.431,-38.383,,,,,,,4996.711,0.078,-60.349,,,,,,,,,,,,,,,,,,,,,,,,,4998.159,0.126,-57.594,,,,,,,,,,,,,,,,"",1,0,"AI",,,,5,""
202,,9,1,2,8,0,0,2,0,0,0,255,255,255,93,5015.271,"Amellaid",R,27,72,124,0.206,0.708,0.18,1.714,-0.093,1.879,-36.516,34.533,59,41,0,2,114.44,-122.977,1.169,0,0,3,7,R,"うよすま",175.4,85.375,0.502,3,37,W,Y,1,5016.355,244,97,84,71,16,145,127,114.598,38.704,0.039,1.127,-19.707,0.57,0,0.444,565.783,-198.209,24.555,,,,,,,,,0,0,,,,,,,,,,,,,,,,,,,,,,,,,,,,,,,,,,,,,,-0.299,-37.143,0.009,-17.719,-20.871,-46.768,-13.601,-64.282,22.49,-54.768,7.767,-62.402,40.922,-90.67,0,-109.86,-40.822,-90.57,-0.206,-37.224,,"ddil_ddil69",-0.066,-17.689,,"레이나2",-20.692,-46.694,,"ByeolBam",-13.603,-64.272,,"yumi2012",22.522,-54.775,,"CoalCat",7.841,-62.265,,"AI",40.9,-90.65,,"AI",0,-109.84,,"AI",-40.8,-90.55,,,,,,,,,,,,,,,,,,,,,,,,,,,,,,,,,,,,,,,,,,,,,,,,,,,,,,,,"",3,0,"",,,,0,""
203,,9,1,2,8,0,1,2,0,0,0,255,255,255,94,5032.855,"Amellaid",R,33,76,127,0.182,-0.536,0.297,1.814,0.452,2.227,-36.516,46.554,100,0,0,2,128.797,-127.282,2.627,0,0,3,7,R,"うよすま",175.4,85.375,0.502,3,37,W,Y,1,5033.867,255,102,182,41,7,145,90,51.001,-24.334,0.353,1.559,-20.525,-0.57,0,0.488,574.262,110.255,134.413,5034.168,25.026,-76.984,5034.288,6,24.383,2.862,-75.362,0,0,,5039.658,,,,,,,,,,,,,5039.859,3,,456,0,,,,,,,,,,,,,,,,,,,-0.19,-37.226,0.02,-17.836,-20.581,-46.484,-13.203,-62.8,23.397,-53.894,8.311,-63.809,40.915,-90.664,0,-109.85,-40.815,-90.564,-0.766,-36.424,,"ddil_ddil69",0.066,-17.889,,"레이나2",-20.481,-46.301,,"ByeolBam",-12.71,-62.375,,"yumi2012",23.384,-53.886,,"CoalCat",8.344,-63.762,,"AI",40.9,-90.65,,"AI",0,-109.84,,"AI",-40.8,-90.55,,,,,,,,,,,,,,,,,5039.897,24.222,-75.343,,,,,,,,,,,,,,,,,,,,,,,,,,,,,,,,,,,,,"",1,0,"AI",,,,2,""
204,SIDE,9,1,2,8,0,0,2,0,0,0,255,255,255,,5041.424,,,,,,,,,,,,,,,,,,,,,,,4,,,,,,,,,,,,,,,,,,,,,,,,,,,,,,,,,,,,,,,0,0,,,,,,,,,,,,,,,,,,,,,,,,,,,,,,,,,,,,,,,,,,,,,,,,,,,,,,,,,,,,,,,,,,,,,,,,,,,,,,,,,,,,,,,,,,,,,,,,,,,,,,,,,,,,,,,,,,,,,,,,,,,,,,,,,,,,,,,,,,,,,,,,,"",0,0,"",,,,0,""
205,END,9,0,2,8,0,0,0,0,0,0,255,255,255,,5050.708,,,,,,,,,,,,,,,,,,,,,,,,,,,,,,,,,,,,,,,,,,,,,,,,,,,,,,,,,,,,,,,,,,,,,,,,,,,,,,,,,,,,,,,,,,,,,,,,,,,,,,,,,,,,,,,,,,,,,,,,,,,,,,,,,,,,,,,,,,,,,,,,,,,,,,,,,,,,,,,,,,,,,,,,,,,,,,,,,,,,,,,,,,,,,,,,,,,,,,,,,,,,,,,,,,,,,,,,"{""schemaVersion"":6,""gameTimeZeroUtc"":""2026-07-28T13:02:36.480Z"",""exportedAtUtc"":""2026-07-28T14:26:47.188Z"",""teamNameA"":""Red"",""teamNameB"":""Blue""}"
